source_ray_row,source_parent_row,target_parent_row,family,hour_0based,uid,value_hex,target_subset_row
4,4,4,aggregate_balance,4,ALL,0x1.2fffffffffebap+6,4
5,5,5,aggregate_balance,5,ALL,0x1.2fffffffffebap+6,5
6,6,6,aggregate_balance,6,ALL,0x1.2fffffffffebap+6,6
7,7,7,aggregate_balance,7,ALL,0x1.2fffffffffebap+6,7
8,8,8,aggregate_balance,8,ALL,0x1.2fffffffffebap+6,8
9,9,9,aggregate_balance,9,ALL,0x1.2fffffffffebap+6,9
10,10,10,aggregate_balance,10,ALL,0x1.2fffffffffebap+6,10
11,11,11,aggregate_balance,11,ALL,0x1.2fffffffffebap+6,11
12,12,12,aggregate_balance,12,ALL,0x1.2fffffffffebap+6,12
13,13,13,aggregate_balance,13,ALL,0x1.2fffffffffebap+6,13
14,14,14,aggregate_balance,14,ALL,0x1.2fffffffffebap+6,14
15,15,15,aggregate_balance,15,ALL,0x1.2fffffffffebap+6,15
16,16,16,aggregate_balance,16,ALL,0x1.2fffffffffebap+6,16
17,17,17,aggregate_balance,17,ALL,0x1.2fffffffffebap+6,17
18,18,18,aggregate_balance,18,ALL,0x1.2fffffffffebap+6,18
19,19,19,aggregate_balance,19,ALL,0x1.2fffffffffebap+6,19
20,20,20,aggregate_balance,20,ALL,0x1.2fffffffffebap+6,20
21,21,21,aggregate_balance,21,ALL,0x1.2fffffffffebap+6,21
22,22,22,aggregate_balance,22,ALL,0x1.2fffffffffebap+6,22
28,28,28,aggregate_balance,28,ALL,0x1.2fffffffffebap+6,28
29,29,29,aggregate_balance,29,ALL,0x1.2fffffffffebap+6,29
30,30,30,aggregate_balance,30,ALL,0x1.2fffffffffebap+6,30
40,40,40,aggregate_balance,40,ALL,0x1.2fffffffffebap+6,40
41,41,41,aggregate_balance,41,ALL,0x1.2fffffffffebap+6,41
42,42,42,aggregate_balance,42,ALL,0x1.2fffffffffebap+6,42
43,43,43,aggregate_balance,43,ALL,0x1.2fffffffffebap+6,43
44,44,44,aggregate_balance,44,ALL,0x1.2fffffffffebap+6,44
48,48,48,aggregate_balance,48,ALL,0x1.f77777777754ap+6,48
51,51,51,aggregate_balance,51,ALL,0x1.5bbbbbbbbba56p+6,51
52,52,52,aggregate_balance,52,ALL,0x1.56eeeeeeeed77p+6,52
54,54,54,aggregate_balance,54,ALL,0x1.2fffffffffebap+6,54
55,55,55,aggregate_balance,55,ALL,0x1.7dddddddddc34p+6,55
57,57,57,aggregate_balance,57,ALL,0x1.2fffffffffebap+6,57
58,58,58,aggregate_balance,58,ALL,0x1.82aaaaaaaa914p+6,58
60,60,60,aggregate_balance,60,ALL,0x1.2fffffffffebap+6,60
61,61,61,aggregate_balance,61,ALL,0x1.2fffffffffebap+6,61
64,64,64,aggregate_balance,64,ALL,0x1.2fffffffffebap+6,64
65,65,65,aggregate_balance,65,ALL,0x1.1199999999875p+7,65
66,66,66,aggregate_balance,66,ALL,0x1.2fffffffffebap+6,66
67,67,67,aggregate_balance,67,ALL,0x1.2fffffffffebap+6,67
68,68,68,aggregate_balance,68,ALL,0x1.2fffffffffebap+6,68
73,73,73,aggregate_balance,73,ALL,0x1.2fffffffffebap+6,73
74,74,74,aggregate_balance,74,ALL,0x1.7241a41a418b5p+6,74
77,77,77,aggregate_balance,77,ALL,0x1.0c24c24c24b06p+7,77
78,78,78,aggregate_balance,78,ALL,0x1.4b483483481e4p+5,78
87,87,87,aggregate_balance,87,ALL,0x1.ab4b4b4b4b2f0p+3,87
88,88,88,aggregate_balance,88,ALL,0x1.2fffffffffebap+6,88
89,89,89,aggregate_balance,89,ALL,0x1.a7ffffffffe39p+6,89
91,91,91,aggregate_balance,91,ALL,0x1.a7ffffffffe39p+6,91
92,92,92,aggregate_balance,92,ALL,0x1.2fffffffffebap+6,92
93,93,93,aggregate_balance,93,ALL,0x1.ffffffffffdbep-1,93
94,94,94,aggregate_balance,94,ALL,0x1.2fffffffffebap+6,94
95,95,95,aggregate_balance,95,ALL,0x1.2fffffffffebap+6,95
102,102,102,aggregate_balance,102,ALL,0x1.4bffffffffe9cp+7,102
104,104,104,aggregate_balance,104,ALL,0x1.2fffffffffebap+6,104
107,107,107,aggregate_balance,107,ALL,0x1.34ccccccccb7fp+6,107
111,111,111,aggregate_balance,111,ALL,-0x1.c000000000000p-47,111
112,112,112,aggregate_balance,112,ALL,0x1.2fffffffffebap+6,112
113,113,113,aggregate_balance,113,ALL,0x1.0fffffffffeddp+7,113
114,114,114,aggregate_balance,114,ALL,0x1.2fffffffffebap+6,114
115,115,115,aggregate_balance,115,ALL,0x1.2fffffffffeb9p+6,115
116,116,116,aggregate_balance,116,ALL,0x1.2fffffffffebap+6,116
117,117,117,aggregate_balance,117,ALL,0x1.2fffffffffebap+6,117
118,118,118,aggregate_balance,118,ALL,-0x1.0000000000000p-47,118
124,124,124,aggregate_balance,124,ALL,0x1.2fffffffffebap+6,124
125,125,125,aggregate_balance,125,ALL,0x1.2fffffffffebap+6,125
126,126,126,aggregate_balance,126,ALL,0x1.2fffffffffebap+6,126
136,136,136,aggregate_balance,136,ALL,0x1.2fffffffffebap+6,136
137,137,137,aggregate_balance,137,ALL,0x1.2fffffffffebap+6,137
138,138,138,aggregate_balance,138,ALL,0x1.2fffffffffebap+6,138
139,139,139,aggregate_balance,139,ALL,0x1.2fffffffffebap+6,139
148,148,148,aggregate_balance,148,ALL,0x1.2fffffffffebap+6,148
149,149,149,aggregate_balance,149,ALL,0x1.2fffffffffebap+6,149
150,150,150,aggregate_balance,150,ALL,0x1.2fffffffffebap+6,150
161,161,161,aggregate_balance,161,ALL,0x1.270987b574124p+6,161
162,162,162,aggregate_balance,162,ALL,-0x1.93a4678b83702p+1,162
163,163,163,aggregate_balance,163,ALL,-0x1.93a4678b83701p+1,163
164,164,164,aggregate_balance,164,ALL,0x1.2fffffffffebap+6,164
470,470,470,thermal_upper,51,101_CT_1,-0x1.5dddddddddce0p+3,370
476,476,476,thermal_upper,52,101_CT_1,-0x1.37777777775e8p+3,374
478,478,478,transition,52,101_CT_1,0x1.b555555555418p+7,376
494,494,494,thermal_upper,55,101_CT_1,-0x1.37777777775e8p+4,386
512,512,512,thermal_upper,58,101_CT_1,-0x1.4aaaaaaaaa968p+4,398
608,608,608,thermal_upper,74,101_CT_1,-0x1.09069069067ecp+4,490
1498,1498,1498,thermal_upper,55,101_CT_2,-0x1.37777777775e8p+4,1152
1516,1516,1516,thermal_upper,58,101_CT_2,-0x1.4aaaaaaaaa968p+4,1164
1523,1523,1523,thermal_lower,59,101_CT_2,-0x1.9d555555553c2p+5,1169
1524,1524,1524,transition,59,101_CT_2,0x1.9d555555553c2p+8,1170
1558,1558,1558,thermal_upper,65,101_CT_2,-0x1.e666666666460p+5,1202
1566,1566,1566,transition,66,101_CT_2,0x1.2fffffffffebcp+10,1210
1569,1569,1569,minimum_down,66,101_CT_2,-0x1.2fffffffffebcp+10,1213
1702,1702,1702,thermal_upper,89,101_CT_2,-0x1.dfffffffffdfcp+4,1346
1810,1810,1810,thermal_upper,107,101_CT_2,-0x1.3333333333140p+0,1454
1817,1817,1817,thermal_lower,108,101_CT_2,-0x1.7fffffffffd90p+1,1461
1818,1818,1818,transition,108,101_CT_2,0x1.7fffffffffd90p+4,1462
2449,2449,2449,thermal_lower,46,101_STEAM_3,-0x1.92a1907f6e3cdp+5,1883
2455,2455,2455,thermal_lower,47,101_STEAM_3,-0x1.2fffffffffebap+6,1887
2456,2456,2456,transition,47,101_STEAM_3,-0x1.7977777777590p+10,1888
2460,2460,2460,thermal_upper,48,101_STEAM_3,-0x1.8eeeeeeeeed20p+5,1890
2462,2462,2462,transition,48,101_STEAM_3,-0x1.d9bbbbbbbb996p+11,1892
2467,2467,2467,thermal_lower,49,101_STEAM_3,-0x1.2fffffffffebap+6,1895
2473,2473,2473,thermal_lower,50,101_STEAM_3,-0x1.2fffffffffebap+6,1899
2474,2474,2474,transition,50,101_STEAM_3,-0x1.0000000000000p-41,1900
2478,2478,2478,thermal_upper,51,101_STEAM_3,-0x1.5dddddddddce0p+3,1902
2480,2480,2480,transition,51,101_STEAM_3,-0x1.88aaaaaaaa927p+10,1904
2484,2484,2484,thermal_upper,52,101_STEAM_3,-0x1.37777777775e8p+3,1906
2486,2486,2486,transition,52,101_STEAM_3,-0x1.71ddddddddc04p+9,1908
2491,2491,2491,thermal_lower,53,101_STEAM_3,-0x1.2fffffffffeb6p+6,1911
2498,2498,2498,transition,54,101_STEAM_3,-0x1.71ddddddddc04p+10,1916
2502,2502,2502,thermal_upper,55,101_STEAM_3,-0x1.37777777775e8p+4,1918
2504,2504,2504,transition,55,101_STEAM_3,-0x1.71ddddddddc04p+10,1920
2509,2509,2509,thermal_lower,56,101_STEAM_3,-0x1.2fffffffffebap+6,1923
2516,2516,2516,transition,57,101_STEAM_3,-0x1.797777777758fp+10,1928
2520,2520,2520,thermal_upper,58,101_STEAM_3,-0x1.4aaaaaaaaa968p+4,1930
2522,2522,2522,transition,58,101_STEAM_3,-0x1.797777777758fp+10,1932
2527,2527,2527,thermal_lower,59,101_STEAM_3,-0x1.a2d82d82d8140p+5,1935
2528,2528,2528,transition,59,101_STEAM_3,0x1.e66666666739fp+5,1936
2540,2540,2540,transition,61,101_STEAM_3,-0x1.3000000000000p-40,1944
2545,2545,2545,thermal_lower,62,101_STEAM_3,-0x1.2fffffffffebap+6,1947
2546,2546,2546,transition,62,101_STEAM_3,0x1.c000000000000p-36,1948
2551,2551,2551,thermal_lower,63,101_STEAM_3,-0x1.2fffffffffebap+6,1951
2552,2552,2552,transition,63,101_STEAM_3,-0x1.2499999999864p+11,1952
2558,2558,2558,transition,64,101_STEAM_3,-0x1.20ccccccccb99p+12,1957
2562,2562,2562,thermal_upper,65,101_STEAM_3,-0x1.e666666666460p+5,1960
2564,2564,2564,transition,65,101_STEAM_3,-0x1.20ccccccccb99p+12,1962
2587,2587,2587,thermal_lower,69,101_STEAM_3,-0x1.2fffffffffebap+6,1983
2590,2590,2590,minimum_up,69,101_STEAM_3,-0x1.1cffffffffed0p+11,1986
2593,2593,2593,thermal_lower,70,101_STEAM_3,-0x1.2fffffffffebap+6,1989
2596,2596,2596,minimum_up,70,101_STEAM_3,-0x1.e66666666650cp+5,1992
2599,2599,2599,thermal_lower,71,101_STEAM_3,-0x1.2fffffffffebap+6,1995
2602,2602,2602,minimum_up,71,101_STEAM_3,-0x1.1cffffffffecep+11,1998
2605,2605,2605,thermal_lower,72,101_STEAM_3,-0x1.4fb2fb2fb2e4dp+5,2001
2612,2612,2612,transition,73,101_STEAM_3,-0x1.3ab7cb7cb7b68p+10,2008
2616,2616,2616,thermal_upper,74,101_STEAM_3,-0x1.09069069067ecp+4,2012
2618,2618,2618,transition,74,101_STEAM_3,-0x1.3ab7cb7cb7b68p+10,2014
2623,2623,2623,thermal_lower,75,101_STEAM_3,-0x1.2fffffffffebap+6,2019
2629,2629,2629,thermal_lower,76,101_STEAM_3,-0x1.2fffffffffebap+6,2025
2630,2630,2630,transition,76,101_STEAM_3,-0x1.0aae9ae9ae894p+11,2026
2634,2634,2634,thermal_upper,77,101_STEAM_3,-0x1.d093093092ea4p+5,2030
2636,2636,2636,transition,77,101_STEAM_3,-0x1.13d74d74d73b1p+12,2032
2653,2653,2653,thermal_lower,80,101_STEAM_3,-0x1.4fb2fb2fb2e4dp+5,2049
2656,2656,2656,minimum_up,80,101_STEAM_3,-0x1.3ab7cb7cb7b68p+10,2052
2665,2665,2665,thermal_lower,82,101_STEAM_3,-0x1.2fffffffffebap+6,2061
2668,2668,2668,minimum_up,82,101_STEAM_3,-0x1.1cffffffffecep+11,2064
2671,2671,2671,thermal_lower,83,101_STEAM_3,-0x1.d271f3ec0b6efp+4,2067
2674,2674,2674,minimum_up,83,101_STEAM_3,-0x1.b54ad4ad4ab80p+9,2070
2689,2689,2689,thermal_lower,86,101_STEAM_3,-0x1.ab4b4b4b4b2efp+3,2085
2695,2695,2695,thermal_lower,87,101_STEAM_3,-0x1.f52d2d2d2d0b8p+5,2091
2696,2696,2696,transition,87,101_STEAM_3,-0x1.90969696967c0p+8,2092
2702,2702,2702,transition,88,101_STEAM_3,-0x1.1cffffffffecep+11,2098
2706,2706,2706,thermal_upper,89,101_STEAM_3,-0x1.dfffffffffdfcp+4,2102
2708,2708,2708,transition,89,101_STEAM_3,-0x1.1cffffffffecep+11,2104
2713,2713,2713,thermal_lower,90,101_STEAM_3,-0x1.2fffffffffebap+6,2109
2718,2718,2718,thermal_upper,91,101_STEAM_3,-0x1.dfffffffffdfcp+4,2114
2720,2720,2720,transition,91,101_STEAM_3,-0x1.1cffffffffecep+11,2116
2731,2731,2731,thermal_lower,93,101_STEAM_3,-0x1.2bffffffffebep+6,2127
2734,2734,2734,minimum_up,93,101_STEAM_3,-0x1.1cffffffffecep+11,2130
2767,2767,2767,thermal_lower,99,101_STEAM_3,-0x1.2fffffffffebcp+6,2163
2773,2773,2773,thermal_lower,100,101_STEAM_3,-0x1.2fffffffffebap+6,2169
2774,2774,2774,transition,100,101_STEAM_3,-0x1.1cffffffffed0p+11,2170
2779,2779,2779,thermal_lower,101,101_STEAM_3,-0x1.2fffffffffebap+6,2175
2780,2780,2780,transition,101,101_STEAM_3,-0x1.1cffffffffecfp+12,2176
2784,2784,2784,thermal_upper,102,101_STEAM_3,-0x1.67ffffffffe7ep+6,2180
2786,2786,2786,transition,102,101_STEAM_3,-0x1.ab7fffffffe36p+12,2182
2791,2791,2791,thermal_lower,103,101_STEAM_3,-0x1.2fffffffffebap+6,2187
2794,2794,2794,minimum_up,103,101_STEAM_3,-0x1.1cffffffffecep+11,2190
2803,2803,2803,thermal_lower,105,101_STEAM_3,-0x1.2fffffffffebap+6,2199
2806,2806,2806,minimum_up,105,101_STEAM_3,-0x1.1cffffffffecep+11,2202
2809,2809,2809,thermal_lower,106,101_STEAM_3,-0x1.851eb851eb61ep+1,2205
2814,2814,2814,thermal_upper,107,101_STEAM_3,-0x1.3333333333140p+0,2210
2816,2816,2816,transition,107,101_STEAM_3,-0x1.6cccccccccabcp+6,2212
2821,2821,2821,thermal_lower,108,101_STEAM_3,-0x1.2fffffffffebap+6,2217
2822,2822,2822,transition,108,101_STEAM_3,-0x1.0000000000000p-40,2218
2827,2827,2827,thermal_lower,109,101_STEAM_3,-0x1.0000000000000p-45,2221
2833,2833,2833,thermal_lower,110,101_STEAM_3,-0x1.2fffffffffebcp+6,2225
2834,2834,2834,transition,110,101_STEAM_3,-0x1.e000000000000p-41,2226
2839,2839,2839,thermal_lower,111,101_STEAM_3,-0x1.2fffffffffebbp+6,2229
2840,2840,2840,transition,111,101_STEAM_3,-0x1.1cffffffffec9p+11,2230
2846,2846,2846,transition,112,101_STEAM_3,-0x1.1cffffffffed0p+12,2234
2850,2850,2850,thermal_upper,113,101_STEAM_3,-0x1.dfffffffffe00p+5,2236
2852,2852,2852,transition,113,101_STEAM_3,-0x1.1cffffffffed0p+12,2238
2863,2863,2863,thermal_lower,115,101_STEAM_3,-0x1.0000000000000p-46,2245
2881,2881,2881,thermal_lower,118,101_STEAM_3,-0x1.2fffffffffebap+6,2257
2887,2887,2887,thermal_lower,119,101_STEAM_3,-0x1.2fffffffffebep+6,2261
3453,3453,3453,thermal_lower,46,101_STEAM_4,-0x1.92a1907f6e3cdp+5,2639
3459,3459,3459,thermal_lower,47,101_STEAM_4,-0x1.2fffffffffebap+6,2643
3460,3460,3460,transition,47,101_STEAM_4,-0x1.7977777777590p+10,2644
3464,3464,3464,thermal_upper,48,101_STEAM_4,-0x1.8eeeeeeeeed20p+5,2646
3466,3466,3466,transition,48,101_STEAM_4,-0x1.d9bbbbbbbb996p+11,2648
3471,3471,3471,thermal_lower,49,101_STEAM_4,-0x1.2fffffffffeb4p+6,2651
3477,3477,3477,thermal_lower,50,101_STEAM_4,-0x1.2fffffffffebap+6,2655
3478,3478,3478,transition,50,101_STEAM_4,-0x1.0000000000000p-41,2656
3482,3482,3482,thermal_upper,51,101_STEAM_4,-0x1.5dddddddddce0p+3,2658
3484,3484,3484,transition,51,101_STEAM_4,-0x1.88aaaaaaaa930p+10,2660
3488,3488,3488,thermal_upper,52,101_STEAM_4,-0x1.37777777775e8p+3,2662
3490,3490,3490,transition,52,101_STEAM_4,-0x1.71ddddddddc04p+9,2664
3495,3495,3495,thermal_lower,53,101_STEAM_4,-0x1.2fffffffffebap+6,2667
3502,3502,3502,transition,54,101_STEAM_4,-0x1.1cffffffffecep+11,2672
3506,3506,3506,thermal_upper,55,101_STEAM_4,-0x1.37777777775e8p+4,2674
3508,3508,3508,transition,55,101_STEAM_4,-0x1.71ddddddddc04p+10,2676
3513,3513,3513,thermal_lower,56,101_STEAM_4,-0x1.2fffffffffeb6p+6,2679
3520,3520,3520,transition,57,101_STEAM_4,-0x1.7977777777604p+10,2684
3524,3524,3524,thermal_upper,58,101_STEAM_4,-0x1.4aaaaaaaaa968p+4,2686
3526,3526,3526,transition,58,101_STEAM_4,-0x1.7977777777604p+10,2688
3531,3531,3531,thermal_lower,59,101_STEAM_4,-0x1.a2d82d82d8145p+5,2691
3532,3532,3532,transition,59,101_STEAM_4,0x1.e666666666503p+5,2692
3544,3544,3544,transition,61,101_STEAM_4,-0x1.9219af2c0de74p-44,2700
3549,3549,3549,thermal_lower,62,101_STEAM_4,-0x1.2fffffffffebap+6,2703
3550,3550,3550,transition,62,101_STEAM_4,-0x1.0000000000000p-40,2704
3555,3555,3555,thermal_lower,63,101_STEAM_4,-0x1.2fffffffffebap+6,2707
3556,3556,3556,transition,63,101_STEAM_4,-0x1.2499999999864p+11,2708
3562,3562,3562,transition,64,101_STEAM_4,-0x1.20ccccccccb99p+12,2713
3566,3566,3566,thermal_upper,65,101_STEAM_4,-0x1.e666666666460p+5,2716
3568,3568,3568,transition,65,101_STEAM_4,-0x1.20ccccccccb99p+12,2718
3591,3591,3591,thermal_lower,69,101_STEAM_4,-0x1.2fffffffffebap+6,2739
3594,3594,3594,minimum_up,69,101_STEAM_4,-0x1.1cffffffffecep+11,2742
3597,3597,3597,thermal_lower,70,101_STEAM_4,-0x1.0369d0369cfd8p+1,2745
3600,3600,3600,minimum_up,70,101_STEAM_4,-0x1.e666666666580p+5,2748
3603,3603,3603,thermal_lower,71,101_STEAM_4,-0x1.2fffffffffebap+6,2751
3604,3604,3604,transition,71,101_STEAM_4,-0x1.a2ce6f3eee450p-42,2752
3606,3606,3606,minimum_up,71,101_STEAM_4,-0x1.1cffffffffecep+11,2754
3609,3609,3609,thermal_lower,72,101_STEAM_4,-0x1.2fffffffffebap+6,2757
3616,3616,3616,transition,73,101_STEAM_4,-0x1.1cffffffffecep+11,2764
3620,3620,3620,thermal_upper,74,101_STEAM_4,-0x1.09069069067ecp+4,2768
3622,3622,3622,transition,74,101_STEAM_4,-0x1.3ab7cb7cb7b68p+10,2770
3627,3627,3627,thermal_lower,75,101_STEAM_4,-0x1.2fffffffffebap+6,2775
3630,3630,3630,minimum_up,75,101_STEAM_4,-0x1.25165165163a0p+7,2778
3633,3633,3633,thermal_lower,76,101_STEAM_4,-0x1.2fffffffffebap+6,2781
3634,3634,3634,transition,76,101_STEAM_4,-0x1.0aae9ae9ae894p+11,2782
3638,3638,3638,thermal_upper,77,101_STEAM_4,-0x1.d093093092ea4p+5,2786
3640,3640,3640,transition,77,101_STEAM_4,-0x1.13d74d74d73b1p+12,2788
3657,3657,3657,thermal_lower,80,101_STEAM_4,-0x1.1c75fa92dc4e2p+6,2805
3660,3660,3660,minimum_up,80,101_STEAM_4,-0x1.0aae9ae9ae894p+11,2808
3669,3669,3669,thermal_lower,82,101_STEAM_4,-0x1.2fffffffffebap+6,2817
3672,3672,3672,minimum_up,82,101_STEAM_4,-0x1.1cffffffffecep+11,2820
3693,3693,3693,thermal_lower,86,101_STEAM_4,-0x1.ab4b4b4b4b2efp+3,2841
3699,3699,3699,thermal_lower,87,101_STEAM_4,-0x1.f52d2d2d2d0b8p+5,2847
3700,3700,3700,transition,87,101_STEAM_4,-0x1.90969696967c0p+8,2848
3706,3706,3706,transition,88,101_STEAM_4,-0x1.1cffffffffecep+11,2854
3710,3710,3710,thermal_upper,89,101_STEAM_4,-0x1.dfffffffffdfcp+4,2858
3712,3712,3712,transition,89,101_STEAM_4,-0x1.1cffffffffecep+11,2860
3717,3717,3717,thermal_lower,90,101_STEAM_4,-0x1.2fffffffffebap+6,2865
3722,3722,3722,thermal_upper,91,101_STEAM_4,-0x1.dfffffffffdfcp+4,2870
3724,3724,3724,transition,91,101_STEAM_4,-0x1.1cffffffffecep+11,2872
3735,3735,3735,thermal_lower,93,101_STEAM_4,-0x1.2bffffffffebep+6,2883
3738,3738,3738,minimum_up,93,101_STEAM_4,-0x1.1cffffffffecep+11,2886
3771,3771,3771,thermal_lower,99,101_STEAM_4,-0x1.2fffffffffebap+6,2919
3777,3777,3777,thermal_lower,100,101_STEAM_4,-0x1.2fffffffffebap+6,2925
3778,3778,3778,transition,100,101_STEAM_4,-0x1.1cffffffffecep+11,2926
3783,3783,3783,thermal_lower,101,101_STEAM_4,-0x1.2fffffffffebap+6,2931
3784,3784,3784,transition,101,101_STEAM_4,-0x1.1cffffffffecep+12,2932
3788,3788,3788,thermal_upper,102,101_STEAM_4,-0x1.67ffffffffe7dp+6,2936
3790,3790,3790,transition,102,101_STEAM_4,-0x1.ab7fffffffe35p+12,2938
3795,3795,3795,thermal_lower,103,101_STEAM_4,-0x1.2fffffffffebap+6,2943
3798,3798,3798,minimum_up,103,101_STEAM_4,-0x1.1cffffffffecep+11,2946
3807,3807,3807,thermal_lower,105,101_STEAM_4,-0x1.2fffffffffebap+6,2955
3810,3810,3810,minimum_up,105,101_STEAM_4,-0x1.1cffffffffecep+11,2958
3813,3813,3813,thermal_lower,106,101_STEAM_4,-0x1.851eb851eb5dap+1,2961
3818,3818,3818,thermal_upper,107,101_STEAM_4,-0x1.3333333333140p+0,2966
3820,3820,3820,transition,107,101_STEAM_4,-0x1.6ccccccccca7cp+6,2968
3825,3825,3825,thermal_lower,108,101_STEAM_4,-0x1.2fffffffffebap+6,2973
3837,3837,3837,thermal_lower,110,101_STEAM_4,-0x1.2fffffffffebbp+6,2981
3843,3843,3843,thermal_lower,111,101_STEAM_4,-0x1.2fffffffffebbp+6,2985
3844,3844,3844,transition,111,101_STEAM_4,-0x1.1cffffffffed0p+11,2986
3850,3850,3850,transition,112,101_STEAM_4,-0x1.1cffffffffecfp+12,2990
3854,3854,3854,thermal_upper,113,101_STEAM_4,-0x1.dfffffffffe00p+5,2992
3856,3856,3856,transition,113,101_STEAM_4,-0x1.1cffffffffed0p+12,2994
3867,3867,3867,thermal_lower,115,101_STEAM_4,-0x1.0000000000000p-46,3001
3885,3885,3885,thermal_lower,118,101_STEAM_4,-0x1.2fffffffffebbp+6,3013
3891,3891,3891,thermal_lower,119,101_STEAM_4,-0x1.2fffffffffebbp+6,3017
3897,3897,3897,thermal_lower,120,101_STEAM_4,-0x1.1111111111111p-45,3021
4468,4468,4468,thermal_upper,48,102_CT_1,-0x1.8eeeeeeeeed20p+5,3402
4486,4486,4486,thermal_upper,51,102_CT_1,-0x1.5dddddddddce0p+3,3414
4528,4528,4528,thermal_upper,58,102_CT_1,-0x1.4aaaaaaaaa968p+4,3442
4535,4535,4535,thermal_lower,59,102_CT_1,-0x1.9d555555553c2p+5,3447
4536,4536,4536,transition,59,102_CT_1,0x1.9d555555553c2p+8,3448
4570,4570,4570,thermal_upper,65,102_CT_1,-0x1.e666666666460p+5,3480
4578,4578,4578,transition,66,102_CT_1,0x1.2fffffffffebcp+10,3488
4581,4581,4581,minimum_down,66,102_CT_1,-0x1.2fffffffffebcp+10,3491
4714,4714,4714,thermal_upper,89,102_CT_1,-0x1.dfffffffffdfcp+4,3624
4822,4822,4822,thermal_upper,107,102_CT_1,-0x1.3333333333140p+0,3732
4829,4829,4829,thermal_lower,108,102_CT_1,-0x1.7fffffffffd90p+1,3739
4830,4830,4830,transition,108,102_CT_1,0x1.7fffffffffd90p+4,3740
5485,5485,5485,thermal_lower,50,102_CT_2,-0x1.2fffffffffebap+6,4177
5490,5490,5490,thermal_upper,51,102_CT_2,-0x1.5dddddddddce0p+3,4180
5492,5492,5492,transition,51,102_CT_2,-0x1.b555555555418p+7,4182
5514,5514,5514,thermal_upper,55,102_CT_2,-0x1.37777777775e8p+4,4196
5532,5532,5532,thermal_upper,58,102_CT_2,-0x1.4aaaaaaaaa968p+4,4208
5718,5718,5718,thermal_upper,89,102_CT_2,-0x1.dfffffffffdfcp+4,4390
5826,5826,5826,thermal_upper,107,102_CT_2,-0x1.3333333333140p+0,4498
5833,5833,5833,thermal_lower,108,102_CT_2,-0x1.7fffffffffd90p+1,4505
5834,5834,5834,transition,108,102_CT_2,0x1.7fffffffffd90p+4,4506
6465,6465,6465,thermal_lower,46,102_STEAM_3,-0x1.92a1907f6e3cdp+5,4927
6471,6471,6471,thermal_lower,47,102_STEAM_3,-0x1.2fffffffffebap+6,4931
6472,6472,6472,transition,47,102_STEAM_3,-0x1.7977777777590p+10,4932
6476,6476,6476,thermal_upper,48,102_STEAM_3,-0x1.8eeeeeeeeed20p+5,4934
6478,6478,6478,transition,48,102_STEAM_3,-0x1.d9bbbbbbbb996p+11,4936
6483,6483,6483,thermal_lower,49,102_STEAM_3,-0x1.2fffffffffebap+6,4939
6489,6489,6489,thermal_lower,50,102_STEAM_3,-0x1.2fffffffffebap+6,4943
6490,6490,6490,transition,50,102_STEAM_3,-0x1.0000000000000p-41,4944
6494,6494,6494,thermal_upper,51,102_STEAM_3,-0x1.5dddddddddce0p+3,4946
6496,6496,6496,transition,51,102_STEAM_3,-0x1.88aaaaaaaa927p+10,4948
6500,6500,6500,thermal_upper,52,102_STEAM_3,-0x1.37777777775e8p+3,4950
6502,6502,6502,transition,52,102_STEAM_3,-0x1.71ddddddddc04p+9,4952
6507,6507,6507,thermal_lower,53,102_STEAM_3,-0x1.2fffffffffeb6p+6,4955
6514,6514,6514,transition,54,102_STEAM_3,-0x1.71ddddddddc04p+10,4960
6518,6518,6518,thermal_upper,55,102_STEAM_3,-0x1.37777777775e8p+4,4962
6520,6520,6520,transition,55,102_STEAM_3,-0x1.71ddddddddc04p+10,4964
6525,6525,6525,thermal_lower,56,102_STEAM_3,-0x1.2fffffffffebap+6,4967
6532,6532,6532,transition,57,102_STEAM_3,-0x1.797777777758fp+10,4972
6536,6536,6536,thermal_upper,58,102_STEAM_3,-0x1.4aaaaaaaaa968p+4,4974
6538,6538,6538,transition,58,102_STEAM_3,-0x1.797777777758fp+10,4976
6543,6543,6543,thermal_lower,59,102_STEAM_3,-0x1.a2d82d82d8140p+5,4979
6544,6544,6544,transition,59,102_STEAM_3,0x1.e66666666739fp+5,4980
6555,6555,6555,thermal_lower,61,102_STEAM_3,-0x1.1800000000000p-45,4987
6556,6556,6556,transition,61,102_STEAM_3,0x1.d400000000000p-43,4988
6561,6561,6561,thermal_lower,62,102_STEAM_3,-0x1.2fffffffffebap+6,4991
6562,6562,6562,transition,62,102_STEAM_3,-0x1.e666666666580p+5,4992
6567,6567,6567,thermal_lower,63,102_STEAM_3,-0x1.2fffffffffebap+6,4995
6568,6568,6568,transition,63,102_STEAM_3,-0x1.2499999999864p+11,4996
6574,6574,6574,transition,64,102_STEAM_3,-0x1.20ccccccccb99p+12,5001
6578,6578,6578,thermal_upper,65,102_STEAM_3,-0x1.e666666666460p+5,5004
6580,6580,6580,transition,65,102_STEAM_3,-0x1.20ccccccccb99p+12,5006
6603,6603,6603,thermal_lower,69,102_STEAM_3,-0x1.0369d0369cf79p+1,5027
6606,6606,6606,minimum_up,69,102_STEAM_3,-0x1.e666666666503p+5,5030
6609,6609,6609,thermal_lower,70,102_STEAM_3,-0x1.2fffffffffebap+6,5033
6612,6612,6612,minimum_up,70,102_STEAM_3,-0x1.1cffffffffecep+11,5036
6615,6615,6615,thermal_lower,71,102_STEAM_3,-0x1.2fffffffffebcp+6,5039
6618,6618,6618,minimum_up,71,102_STEAM_3,-0x1.1cffffffffed0p+11,5042
6621,6621,6621,thermal_lower,72,102_STEAM_3,-0x1.2fffffffffebap+6,5045
6628,6628,6628,transition,73,102_STEAM_3,-0x1.3ab7cb7cb7b68p+10,5052
6632,6632,6632,thermal_upper,74,102_STEAM_3,-0x1.09069069067ecp+4,5056
6634,6634,6634,transition,74,102_STEAM_3,-0x1.3ab7cb7cb7b68p+10,5058
6639,6639,6639,thermal_lower,75,102_STEAM_3,-0x1.2fffffffffebap+6,5063
6642,6642,6642,minimum_up,75,102_STEAM_3,-0x1.25165165163c0p+7,5066
6645,6645,6645,thermal_lower,76,102_STEAM_3,-0x1.2fffffffffebap+6,5069
6646,6646,6646,transition,76,102_STEAM_3,-0x1.0aae9ae9ae892p+11,5070
6650,6650,6650,thermal_upper,77,102_STEAM_3,-0x1.d093093092ea1p+5,5074
6652,6652,6652,transition,77,102_STEAM_3,-0x1.13d74d74d73b0p+12,5076
6657,6657,6657,thermal_lower,78,102_STEAM_3,-0x1.14b7cb7cb7b8ep+5,5081
6660,6660,6660,minimum_up,78,102_STEAM_3,-0x1.036c4ec4ec3d5p+10,5084
6663,6663,6663,thermal_lower,79,102_STEAM_3,-0x1.3e724d8b3f0b8p+1,5087
6666,6666,6666,minimum_up,79,102_STEAM_3,-0x1.2a8b28b28b1acp+6,5090
6675,6675,6675,thermal_lower,81,102_STEAM_3,-0x1.2fffffffffebap+6,5099
6678,6678,6678,minimum_up,81,102_STEAM_3,-0x1.1cffffffffecep+11,5102
6687,6687,6687,thermal_lower,83,102_STEAM_3,-0x1.104d04d04cf26p+5,5111
6690,6690,6690,minimum_up,83,102_STEAM_3,-0x1.fe90690690468p+9,5114
6705,6705,6705,thermal_lower,86,102_STEAM_3,-0x1.ab4b4b4b4b2efp+3,5129
6711,6711,6711,thermal_lower,87,102_STEAM_3,-0x1.f52d2d2d2d0b8p+5,5135
6712,6712,6712,transition,87,102_STEAM_3,-0x1.90969696967c0p+8,5136
6718,6718,6718,transition,88,102_STEAM_3,-0x1.1cffffffffecep+11,5142
6722,6722,6722,thermal_upper,89,102_STEAM_3,-0x1.dfffffffffdfcp+4,5146
6724,6724,6724,transition,89,102_STEAM_3,-0x1.1cffffffffecep+11,5148
6729,6729,6729,thermal_lower,90,102_STEAM_3,-0x1.2fffffffffebap+6,5153
6734,6734,6734,thermal_upper,91,102_STEAM_3,-0x1.dfffffffffdfcp+4,5158
6736,6736,6736,transition,91,102_STEAM_3,-0x1.1cffffffffecep+11,5160
6747,6747,6747,thermal_lower,93,102_STEAM_3,-0x1.2bffffffffebdp+6,5171
6750,6750,6750,minimum_up,93,102_STEAM_3,-0x1.193fffffffed2p+11,5174
6762,6762,6762,minimum_up,95,102_STEAM_3,-0x1.dfffffffffdc9p+4,5186
6783,6783,6783,thermal_lower,99,102_STEAM_3,-0x1.2fffffffffebcp+6,5207
6789,6789,6789,thermal_lower,100,102_STEAM_3,-0x1.2fffffffffebap+6,5213
6790,6790,6790,transition,100,102_STEAM_3,-0x1.1cffffffffed0p+11,5214
6795,6795,6795,thermal_lower,101,102_STEAM_3,-0x1.2fffffffffebap+6,5219
6796,6796,6796,transition,101,102_STEAM_3,-0x1.1cffffffffecfp+12,5220
6800,6800,6800,thermal_upper,102,102_STEAM_3,-0x1.67ffffffffe7ep+6,5224
6802,6802,6802,transition,102,102_STEAM_3,-0x1.ab7fffffffe36p+12,5226
6807,6807,6807,thermal_lower,103,102_STEAM_3,-0x1.2fffffffffebap+6,5231
6810,6810,6810,minimum_up,103,102_STEAM_3,-0x1.1cffffffffecep+11,5234
6819,6819,6819,thermal_lower,105,102_STEAM_3,-0x1.2fffffffffebap+6,5243
6822,6822,6822,minimum_up,105,102_STEAM_3,-0x1.1cffffffffecep+11,5246
6825,6825,6825,thermal_lower,106,102_STEAM_3,-0x1.2fffffffffebap+6,5249
6828,6828,6828,minimum_up,106,102_STEAM_3,-0x1.119999999987ap+11,5252
6830,6830,6830,thermal_upper,107,102_STEAM_3,-0x1.3333333333140p+0,5254
6832,6832,6832,transition,107,102_STEAM_3,-0x1.6ccccccccca7cp+6,5256
6843,6843,6843,thermal_lower,109,102_STEAM_3,-0x1.851eb851eb600p+1,5265
6849,6849,6849,thermal_lower,110,102_STEAM_3,-0x1.2fffffffffebcp+6,5269
6850,6850,6850,transition,110,102_STEAM_3,0x1.0000000000000p-41,5270
6855,6855,6855,thermal_lower,111,102_STEAM_3,-0x1.2fffffffffebbp+6,5273
6856,6856,6856,transition,111,102_STEAM_3,-0x1.1cffffffffecfp+11,5274
6862,6862,6862,transition,112,102_STEAM_3,-0x1.1cffffffffed0p+12,5278
6866,6866,6866,thermal_upper,113,102_STEAM_3,-0x1.dfffffffffe00p+5,5280
6868,6868,6868,transition,113,102_STEAM_3,-0x1.1cffffffffed0p+12,5282
6879,6879,6879,thermal_lower,115,102_STEAM_3,-0x1.0000000000000p-46,5289
6897,6897,6897,thermal_lower,118,102_STEAM_3,-0x1.2fffffffffebcp+6,5301
6903,6903,6903,thermal_lower,119,102_STEAM_3,-0x1.2fffffffffebcp+6,5305
6904,6904,6904,transition,119,102_STEAM_3,-0x1.0000000000000p-43,5306
7469,7469,7469,thermal_lower,46,102_STEAM_4,-0x1.92a1907f6e3cdp+5,5683
7475,7475,7475,thermal_lower,47,102_STEAM_4,-0x1.2fffffffffebap+6,5687
7476,7476,7476,transition,47,102_STEAM_4,-0x1.7977777777590p+10,5688
7480,7480,7480,thermal_upper,48,102_STEAM_4,-0x1.8eeeeeeeeed20p+5,5690
7482,7482,7482,transition,48,102_STEAM_4,-0x1.d9bbbbbbbb996p+11,5692
7487,7487,7487,thermal_lower,49,102_STEAM_4,-0x1.2fffffffffeb4p+6,5695
7493,7493,7493,thermal_lower,50,102_STEAM_4,-0x1.2fffffffffebap+6,5699
7494,7494,7494,transition,50,102_STEAM_4,-0x1.0000000000000p-41,5700
7498,7498,7498,thermal_upper,51,102_STEAM_4,-0x1.5dddddddddce0p+3,5702
7500,7500,7500,transition,51,102_STEAM_4,-0x1.88aaaaaaaa930p+10,5704
7504,7504,7504,thermal_upper,52,102_STEAM_4,-0x1.37777777775e8p+3,5706
7506,7506,7506,transition,52,102_STEAM_4,-0x1.71ddddddddc04p+9,5708
7511,7511,7511,thermal_lower,53,102_STEAM_4,-0x1.2fffffffffebap+6,5711
7518,7518,7518,transition,54,102_STEAM_4,-0x1.1cffffffffecep+11,5716
7522,7522,7522,thermal_upper,55,102_STEAM_4,-0x1.37777777775e8p+4,5718
7524,7524,7524,transition,55,102_STEAM_4,-0x1.1cffffffffecep+11,5720
7529,7529,7529,thermal_lower,56,102_STEAM_4,-0x1.2fffffffffeb6p+6,5723
7536,7536,7536,transition,57,102_STEAM_4,-0x1.7977777777604p+10,5728
7540,7540,7540,thermal_upper,58,102_STEAM_4,-0x1.4aaaaaaaaa968p+4,5730
7542,7542,7542,transition,58,102_STEAM_4,-0x1.7977777777604p+10,5732
7547,7547,7547,thermal_lower,59,102_STEAM_4,-0x1.a2d82d82d8144p+5,5735
7548,7548,7548,transition,59,102_STEAM_4,0x1.e666666666503p+5,5736
7560,7560,7560,transition,61,102_STEAM_4,-0x1.9219af2c0de74p-44,5744
7565,7565,7565,thermal_lower,62,102_STEAM_4,-0x1.2fffffffffebap+6,5747
7566,7566,7566,transition,62,102_STEAM_4,-0x1.e666666666580p+5,5748
7571,7571,7571,thermal_lower,63,102_STEAM_4,-0x1.2fffffffffebap+6,5751
7572,7572,7572,transition,63,102_STEAM_4,-0x1.2499999999864p+11,5752
7578,7578,7578,transition,64,102_STEAM_4,-0x1.20ccccccccb99p+12,5757
7582,7582,7582,thermal_upper,65,102_STEAM_4,-0x1.e666666666460p+5,5760
7584,7584,7584,transition,65,102_STEAM_4,-0x1.20ccccccccb99p+12,5762
7607,7607,7607,thermal_lower,69,102_STEAM_4,-0x1.0369d0369cfbcp+1,5783
7610,7610,7610,minimum_up,69,102_STEAM_4,-0x1.e666666666580p+5,5786
7613,7613,7613,thermal_lower,70,102_STEAM_4,-0x1.2fffffffffebap+6,5789
7616,7616,7616,minimum_up,70,102_STEAM_4,-0x1.1cffffffffecep+11,5792
7619,7619,7619,thermal_lower,71,102_STEAM_4,-0x1.2fffffffffebap+6,5795
7622,7622,7622,minimum_up,71,102_STEAM_4,-0x1.1cffffffffecep+11,5798
7625,7625,7625,thermal_lower,72,102_STEAM_4,-0x1.4fb2fb2fb2e4dp+5,5801
7632,7632,7632,transition,73,102_STEAM_4,-0x1.3ab7cb7cb7b68p+10,5808
7636,7636,7636,thermal_upper,74,102_STEAM_4,-0x1.09069069067ecp+4,5812
7638,7638,7638,transition,74,102_STEAM_4,-0x1.3ab7cb7cb7b68p+10,5814
7643,7643,7643,thermal_lower,75,102_STEAM_4,-0x1.2fffffffffebap+6,5819
7646,7646,7646,minimum_up,75,102_STEAM_4,-0x1.25165165163a0p+7,5822
7649,7649,7649,thermal_lower,76,102_STEAM_4,-0x1.2fffffffffebap+6,5825
7650,7650,7650,transition,76,102_STEAM_4,-0x1.0aae9ae9ae894p+11,5826
7654,7654,7654,thermal_upper,77,102_STEAM_4,-0x1.d093093092ea4p+5,5830
7656,7656,7656,transition,77,102_STEAM_4,-0x1.13d74d74d73b1p+12,5832
7667,7667,7667,thermal_lower,79,102_STEAM_4,-0x1.289ef0556ba9ep+5,5843
7670,7670,7670,minimum_up,79,102_STEAM_4,-0x1.1615015014ef4p+10,5846
7685,7685,7685,thermal_lower,82,102_STEAM_4,-0x1.104d04d04cf26p+5,5861
7688,7688,7688,minimum_up,82,102_STEAM_4,-0x1.fe90690690468p+9,5864
7691,7691,7691,thermal_lower,83,102_STEAM_4,-0x1.2fffffffffebap+6,5867
7694,7694,7694,minimum_up,83,102_STEAM_4,-0x1.1cffffffffecep+11,5870
7709,7709,7709,thermal_lower,86,102_STEAM_4,-0x1.ab4b4b4b4b2efp+3,5885
7715,7715,7715,thermal_lower,87,102_STEAM_4,-0x1.f52d2d2d2d0b8p+5,5891
7716,7716,7716,transition,87,102_STEAM_4,-0x1.90969696967c0p+8,5892
7722,7722,7722,transition,88,102_STEAM_4,-0x1.1cffffffffecep+11,5898
7726,7726,7726,thermal_upper,89,102_STEAM_4,-0x1.dfffffffffdfcp+4,5902
7728,7728,7728,transition,89,102_STEAM_4,-0x1.1cffffffffecep+11,5904
7733,7733,7733,thermal_lower,90,102_STEAM_4,-0x1.2fffffffffebap+6,5909
7738,7738,7738,thermal_upper,91,102_STEAM_4,-0x1.dfffffffffdfcp+4,5914
7740,7740,7740,transition,91,102_STEAM_4,-0x1.1cffffffffecep+11,5916
7751,7751,7751,thermal_lower,93,102_STEAM_4,-0x1.2bffffffffebdp+6,5927
7754,7754,7754,minimum_up,93,102_STEAM_4,-0x1.193fffffffed1p+11,5930
7757,7757,7757,thermal_lower,94,102_STEAM_4,-0x1.3864d5d724f54p-47,5933
7760,7760,7760,minimum_up,94,102_STEAM_4,-0x1.24de8879b2a5fp-42,5936
7766,7766,7766,minimum_up,95,102_STEAM_4,-0x1.dfffffffffe07p+4,5942
7787,7787,7787,thermal_lower,99,102_STEAM_4,-0x1.2fffffffffebcp+6,5963
7793,7793,7793,thermal_lower,100,102_STEAM_4,-0x1.2fffffffffebap+6,5969
7794,7794,7794,transition,100,102_STEAM_4,-0x1.1cffffffffed0p+11,5970
7799,7799,7799,thermal_lower,101,102_STEAM_4,-0x1.2fffffffffebap+6,5975
7800,7800,7800,transition,101,102_STEAM_4,-0x1.1cffffffffecfp+12,5976
7804,7804,7804,thermal_upper,102,102_STEAM_4,-0x1.67ffffffffe7ep+6,5980
7806,7806,7806,transition,102,102_STEAM_4,-0x1.ab7fffffffe36p+12,5982
7811,7811,7811,thermal_lower,103,102_STEAM_4,-0x1.2fffffffffebcp+6,5987
7814,7814,7814,minimum_up,103,102_STEAM_4,-0x1.1cffffffffed0p+11,5990
7823,7823,7823,thermal_lower,105,102_STEAM_4,-0x1.2fffffffffebap+6,5999
7826,7826,7826,minimum_up,105,102_STEAM_4,-0x1.1cffffffffecep+11,6002
7829,7829,7829,thermal_lower,106,102_STEAM_4,-0x1.851eb851eb5dap+1,6005
7834,7834,7834,thermal_upper,107,102_STEAM_4,-0x1.3333333333140p+0,6010
7836,7836,7836,transition,107,102_STEAM_4,-0x1.6ccccccccca7cp+6,6012
7841,7841,7841,thermal_lower,108,102_STEAM_4,-0x1.2fffffffffebap+6,6017
7847,7847,7847,thermal_lower,109,102_STEAM_4,-0x1.8000000000000p-47,6021
7853,7853,7853,thermal_lower,110,102_STEAM_4,-0x1.2fffffffffebcp+6,6025
7854,7854,7854,transition,110,102_STEAM_4,-0x1.6800000000000p-42,6026
7859,7859,7859,thermal_lower,111,102_STEAM_4,-0x1.2fffffffffebbp+6,6029
7860,7860,7860,transition,111,102_STEAM_4,-0x1.1cffffffffed1p+11,6030
7866,7866,7866,transition,112,102_STEAM_4,-0x1.1cffffffffed0p+12,6034
7870,7870,7870,thermal_upper,113,102_STEAM_4,-0x1.dfffffffffe00p+5,6036
7872,7872,7872,transition,113,102_STEAM_4,-0x1.1cffffffffed0p+12,6038
7883,7883,7883,thermal_lower,115,102_STEAM_4,-0x1.0000000000000p-46,6045
7901,7901,7901,thermal_lower,118,102_STEAM_4,-0x1.2fffffffffebcp+6,6057
7907,7907,7907,thermal_lower,119,102_STEAM_4,-0x1.2fffffffffebcp+6,6061
8473,8473,8473,thermal_lower,46,107_CC_1,-0x1.c222222221fafp+4,6439
8479,8479,8479,thermal_lower,47,107_CC_1,-0x1.2fffffffffebap+6,6443
8480,8480,8480,transition,47,107_CC_1,-0x1.2aeaaaaaaa90ap+12,6444
8484,8484,8484,thermal_upper,48,107_CC_1,-0x1.8eeeeeeeeed20p+5,6446
8486,8486,8486,transition,48,107_CC_1,-0x1.149aaaaaaa96ap+14,6448
8491,8491,8491,thermal_lower,49,107_CC_1,-0x1.1f878787876d6p+5,6451
8497,8497,8497,thermal_lower,50,107_CC_1,-0x1.2fffffffffebap+6,6455
8502,8502,8502,thermal_upper,51,107_CC_1,-0x1.5dddddddddce0p+3,6458
8504,8504,8504,transition,51,107_CC_1,-0x1.ca8aaaaaaa8e6p+12,6460
8508,8508,8508,thermal_upper,52,107_CC_1,-0x1.37777777775e8p+3,6462
8510,8510,8510,transition,52,107_CC_1,-0x1.afeaaaaaaa881p+11,6464
8515,8515,8515,thermal_lower,53,107_CC_1,-0x1.2fffffffffebap+6,6467
8522,8522,8522,transition,54,107_CC_1,-0x1.afeaaaaaaa881p+12,6472
8526,8526,8526,thermal_upper,55,107_CC_1,-0x1.37777777775e8p+4,6474
8528,8528,8528,transition,55,107_CC_1,-0x1.afeaaaaaaa881p+12,6476
8533,8533,8533,thermal_lower,56,107_CC_1,-0x1.06bebebebeab3p+6,6479
8540,8540,8540,transition,57,107_CC_1,-0x1.ca8aaaaaaa8eep+12,6484
8544,8544,8544,thermal_upper,58,107_CC_1,-0x1.4aaaaaaaaa96ap+4,6486
8546,8546,8546,transition,58,107_CC_1,-0x1.ca8aaaaaaa8eep+12,6488
8551,8551,8551,thermal_lower,59,107_CC_1,-0x1.21f1f1f1f1e24p+4,6491
8569,8569,8569,thermal_lower,62,107_CC_1,-0x1.2fffffffffebap+6,6503
8575,8575,8575,thermal_lower,63,107_CC_1,-0x1.2fffffffffebap+6,6507
8576,8576,8576,transition,63,107_CC_1,-0x1.0ebfffffffedap+13,6508
8582,8582,8582,transition,64,107_CC_1,-0x1.513fffffffe94p+14,6512
8586,8586,8586,thermal_upper,65,107_CC_1,-0x1.e666666666460p+5,6515
8588,8588,8588,transition,65,107_CC_1,-0x1.513fffffffe94p+14,6517
8594,8594,8594,transition,66,107_CC_1,0x1.4000000000000p-36,6522
8600,8600,8600,transition,67,107_CC_1,0x1.4000000000000p-36,6527
8617,8617,8617,thermal_lower,70,107_CC_1,-0x1.97b7b7b7b79c1p+5,6544
8620,8620,8620,minimum_up,70,107_CC_1,-0x1.0ebfffffffedap+13,6547
8623,8623,8623,thermal_lower,71,107_CC_1,-0x1.2fffffffffebap+6,6550
8626,8626,8626,minimum_up,71,107_CC_1,-0x1.93bfffffffe4ep+13,6553
8629,8629,8629,thermal_lower,72,107_CC_1,-0x1.14b7cb7cb7b90p+5,6556
8636,8636,8636,transition,73,107_CC_1,-0x1.6f841a41a401bp+12,6563
8640,8640,8640,thermal_upper,74,107_CC_1,-0x1.09069069067ebp+4,6567
8642,8642,8642,transition,74,107_CC_1,-0x1.6f841a41a401bp+12,6569
8647,8647,8647,thermal_lower,75,107_CC_1,-0x1.6a23fc9a23e4dp+5,6574
8653,8653,8653,thermal_lower,76,107_CC_1,-0x1.2fffffffffebap+6,6580
8654,8654,8654,transition,76,107_CC_1,-0x1.e0f7cb7cb7abep+12,6581
8658,8658,8658,thermal_upper,77,107_CC_1,-0x1.d093093092ea4p+5,6585
8660,8660,8660,transition,77,107_CC_1,-0x1.421df2df2ddd7p+14,6587
8665,8665,8665,thermal_lower,78,107_CC_1,-0x1.14b7cb7cb7b90p+5,6592
8668,8668,8668,minimum_up,78,107_CC_1,-0x1.6f841a41a401bp+12,6595
8683,8683,8683,thermal_lower,81,107_CC_1,-0x1.55b0c475b0ac3p+3,6610
8686,8686,8686,minimum_up,81,107_CC_1,-0x1.c5cec4ec4ea4ap+10,6613
8701,8701,8701,thermal_lower,84,107_CC_1,-0x1.2fffffffffebdp+6,6628
8704,8704,8704,minimum_up,84,107_CC_1,-0x1.93bfffffffe53p+13,6631
8719,8719,8719,thermal_lower,87,107_CC_1,-0x1.f52d2d2d2d0b8p+5,6646
8726,8726,8726,transition,88,107_CC_1,-0x1.4ccfffffffe9ap+13,6653
8730,8730,8730,thermal_upper,89,107_CC_1,-0x1.dfffffffffdfcp+4,6657
8732,8732,8732,transition,89,107_CC_1,-0x1.4ccfffffffe9ap+13,6659
8737,8737,8737,thermal_lower,90,107_CC_1,-0x1.2fffffffffebap+6,6664
8740,8740,8740,minimum_up,90,107_CC_1,-0x1.1bbfffffffed4p+11,6667
8742,8742,8742,thermal_upper,91,107_CC_1,-0x1.dfffffffffdfcp+4,6669
8744,8744,8744,transition,91,107_CC_1,-0x1.4ccfffffffe9ap+13,6671
8755,8755,8755,thermal_lower,93,107_CC_1,-0x1.8a5a5a5a5a3fbp+5,6682
8758,8758,8758,minimum_up,93,107_CC_1,-0x1.05dfffffffee5p+13,6685
8773,8773,8773,thermal_lower,96,107_CC_1,-0x1.ab4b4b4b4b2f1p+3,6700
8776,8776,8776,minimum_up,96,107_CC_1,-0x1.1bbfffffffed4p+11,6703
8791,8791,8791,thermal_lower,99,107_CC_1,-0x1.1f87878787747p+5,6718
8797,8797,8797,thermal_lower,100,107_CC_1,-0x1.2fffffffffebap+6,6724
8798,8798,8798,transition,100,107_CC_1,-0x1.7ddfffffffe6ap+12,6725
8803,8803,8803,thermal_lower,101,107_CC_1,-0x1.2fffffffffebap+6,6730
8804,8804,8804,transition,101,107_CC_1,-0x1.2957ffffffec2p+14,6731
8808,8808,8808,thermal_upper,102,107_CC_1,-0x1.67ffffffffe7ep+6,6735
8810,8810,8810,transition,102,107_CC_1,-0x1.f337ffffffde9p+14,6737
8815,8815,8815,thermal_lower,103,107_CC_1,-0x1.2fffffffffebap+6,6742
8818,8818,8818,minimum_up,103,107_CC_1,-0x1.93bfffffffe4fp+13,6745
8827,8827,8827,thermal_lower,105,107_CC_1,-0x1.1f87878787747p+5,6754
8830,8830,8830,minimum_up,105,107_CC_1,-0x1.7ddfffffffe6ap+12,6757
8833,8833,8833,thermal_lower,106,107_CC_1,-0x1.40c0c0c0c0a03p+1,6760
8838,8838,8838,thermal_upper,107,107_CC_1,-0x1.3333333333140p+0,6765
8840,8840,8840,transition,107,107_CC_1,-0x1.a9ffffffffd4cp+8,6767
8845,8845,8845,thermal_lower,108,107_CC_1,-0x1.2fffffffffebap+6,6772
8857,8857,8857,thermal_lower,110,107_CC_1,-0x1.8a5a5a5a5a403p+5,6780
8863,8863,8863,thermal_lower,111,107_CC_1,-0x1.2fffffffffebbp+6,6784
8864,8864,8864,transition,111,107_CC_1,-0x1.05dfffffffeeap+13,6785
8870,8870,8870,transition,112,107_CC_1,-0x1.4ccfffffffe9dp+14,6789
8874,8874,8874,thermal_upper,113,107_CC_1,-0x1.dfffffffffe00p+5,6791
8876,8876,8876,transition,113,107_CC_1,-0x1.4ccfffffffe9dp+14,6793
8887,8887,8887,thermal_lower,115,107_CC_1,-0x1.0000000000000p-46,6800
8905,8905,8905,thermal_lower,118,107_CC_1,-0x1.2fffffffffebap+6,6812
8911,8911,8911,thermal_lower,119,107_CC_1,-0x1.8a5a5a5a5a403p+5,6816
9477,9477,9477,thermal_lower,46,113_CT_1,-0x1.855555555535dp+5,7194
9483,9483,9483,thermal_lower,47,113_CT_1,-0x1.2fffffffffebap+6,7198
9484,9484,9484,transition,47,113_CT_1,-0x1.0baaaaaaaa950p+10,7199
9488,9488,9488,thermal_upper,48,113_CT_1,-0x1.8eeeeeeeeed20p+5,7201
9490,9490,9490,transition,48,113_CT_1,-0x1.56d55555553c8p+11,7203
9495,9495,9495,thermal_lower,49,113_CT_1,-0x1.2fffffffffebap+6,7206
9501,9501,9501,thermal_lower,50,113_CT_1,-0x1.2fffffffffebap+6,7210
9506,9506,9506,thermal_upper,51,113_CT_1,-0x1.5dddddddddce0p+3,7213
9508,9508,9508,transition,51,113_CT_1,-0x1.2caaaaaaaa9d6p+9,7215
9512,9512,9512,thermal_upper,52,113_CT_1,-0x1.37777777775e8p+3,7217
9519,9519,9519,thermal_lower,53,113_CT_1,-0x1.2fffffffffebap+6,7222
9520,9520,9520,transition,53,113_CT_1,0x1.0baaaaaaaa954p+9,7223
9526,9526,9526,transition,54,113_CT_1,-0x1.0baaaaaaaa952p+9,7227
9530,9530,9530,thermal_upper,55,113_CT_1,-0x1.37777777775e8p+4,7229
9532,9532,9532,transition,55,113_CT_1,-0x1.0baaaaaaaa952p+9,7231
9537,9537,9537,thermal_lower,56,113_CT_1,-0x1.2fffffffffebap+6,7234
9544,9544,9544,transition,57,113_CT_1,-0x1.1c2aaaaaaa995p+10,7239
9548,9548,9548,thermal_upper,58,113_CT_1,-0x1.4aaaaaaaaa968p+4,7241
9550,9550,9550,transition,58,113_CT_1,-0x1.1c2aaaaaaa995p+10,7243
9555,9555,9555,thermal_lower,59,113_CT_1,-0x1.9d555555553c2p+5,7246
9590,9590,9590,thermal_upper,65,113_CT_1,-0x1.e666666666460p+5,7275
9633,9633,9633,thermal_lower,72,113_CT_1,-0x1.4b483483481e7p+5,7318
9640,9640,9640,transition,73,113_CT_1,-0x1.c78348348329ep+9,7325
9644,9644,9644,thermal_upper,74,113_CT_1,-0x1.09069069067ecp+4,7329
9646,9646,9646,transition,74,113_CT_1,-0x1.c78348348329ep+9,7331
9651,9651,9651,thermal_lower,75,113_CT_1,-0x1.2fffffffffebap+6,7336
9654,9654,9654,minimum_up,75,113_CT_1,-0x1.c78348348329ep+9,7339
9657,9657,9657,thermal_lower,76,113_CT_1,-0x1.2fffffffffebap+6,7342
9658,9658,9658,transition,76,113_CT_1,-0x1.7c7cb7cb7c9e8p+9,7343
9662,9662,9662,thermal_upper,77,113_CT_1,-0x1.d093093092ea4p+5,7347
9664,9664,9664,transition,77,113_CT_1,-0x1.301f2df2df19ap+11,7349
9669,9669,9669,thermal_lower,78,113_CT_1,-0x1.14b7cb7cb7b8fp+5,7354
9672,9672,9672,minimum_up,78,113_CT_1,-0x1.7c7cb7cb7c9e8p+9,7357
9675,9675,9675,thermal_lower,79,113_CT_1,-0x1.2fffffffffebap+6,7360
9678,9678,9678,minimum_up,79,113_CT_1,-0x1.a1ffffffffe40p+10,7363
9723,9723,9723,thermal_lower,87,113_CT_1,-0x1.f52d2d2d2d0b8p+5,7408
9730,9730,9730,transition,88,113_CT_1,-0x1.5fffffffffec0p+4,7415
9734,9734,9734,thermal_upper,89,113_CT_1,-0x1.dfffffffffdfcp+4,7419
9736,9736,9736,transition,89,113_CT_1,-0x1.5fffffffffec0p+4,7421
9741,9741,9741,thermal_lower,90,113_CT_1,-0x1.2fffffffffebap+6,7426
9742,9742,9742,transition,90,113_CT_1,0x1.96ffffffffe4ap+10,7427
9744,9744,9744,minimum_up,90,113_CT_1,-0x1.5fffffffffec0p+4,7429
9746,9746,9746,thermal_upper,91,113_CT_1,-0x1.dfffffffffdfcp+4,7431
9748,9748,9748,transition,91,113_CT_1,-0x1.5fffffffffec0p+4,7433
9751,9751,9751,minimum_down,91,113_CT_1,-0x1.96ffffffffe4ap+10,7436
9759,9759,9759,thermal_lower,93,113_CT_1,-0x1.ffffffffffe2fp-1,7444
9762,9762,9762,minimum_up,93,113_CT_1,-0x1.5fffffffffec0p+4,7447
9801,9801,9801,thermal_lower,100,113_CT_1,-0x1.2fffffffffebap+6,7486
9807,9807,9807,thermal_lower,101,113_CT_1,-0x1.2fffffffffebap+6,7492
9808,9808,9808,transition,101,113_CT_1,-0x1.a1ffffffffe40p+10,7493
9812,9812,9812,thermal_upper,102,113_CT_1,-0x1.e66666666645dp+5,7497
9814,9814,9814,transition,102,113_CT_1,-0x1.a1ffffffffe40p+11,7499
9819,9819,9819,thermal_lower,103,113_CT_1,-0x1.2fffffffffebap+6,7504
9822,9822,9822,minimum_up,103,113_CT_1,-0x1.a1ffffffffe40p+10,7507
9828,9828,9828,minimum_up,104,113_CT_1,-0x1.a1ffffffffe40p+10,7513
9837,9837,9837,thermal_lower,106,113_CT_1,-0x1.7fffffffffd90p+1,7522
9842,9842,9842,thermal_upper,107,113_CT_1,-0x1.3333333333140p+0,7527
9844,9844,9844,transition,107,113_CT_1,-0x1.07ffffffffe53p+6,7529
9849,9849,9849,thermal_lower,108,113_CT_1,-0x1.7fffffffffd90p+1,7534
10481,10481,10481,thermal_lower,46,113_CT_2,-0x1.855555555535dp+5,7956
10487,10487,10487,thermal_lower,47,113_CT_2,-0x1.2fffffffffebap+6,7960
10488,10488,10488,transition,47,113_CT_2,-0x1.0baaaaaaaa950p+10,7961
10492,10492,10492,thermal_upper,48,113_CT_2,-0x1.8eeeeeeeeed20p+5,7963
10494,10494,10494,transition,48,113_CT_2,-0x1.56d55555553c8p+11,7965
10499,10499,10499,thermal_lower,49,113_CT_2,-0x1.2fffffffffebap+6,7968
10505,10505,10505,thermal_lower,50,113_CT_2,-0x1.2fffffffffebap+6,7972
10510,10510,10510,thermal_upper,51,113_CT_2,-0x1.5dddddddddcdfp+3,7975
10512,10512,10512,transition,51,113_CT_2,-0x1.2caaaaaaaa9d1p+9,7977
10516,10516,10516,thermal_upper,52,113_CT_2,-0x1.37777777775e8p+3,7979
10523,10523,10523,thermal_lower,53,113_CT_2,-0x1.2fffffffffebap+6,7984
10524,10524,10524,transition,53,113_CT_2,0x1.0baaaaaaaa954p+9,7985
10530,10530,10530,transition,54,113_CT_2,-0x1.0baaaaaaaa95cp+9,7989
10534,10534,10534,thermal_upper,55,113_CT_2,-0x1.37777777775eap+4,7991
10536,10536,10536,transition,55,113_CT_2,-0x1.0baaaaaaaa95cp+9,7993
10541,10541,10541,thermal_lower,56,113_CT_2,-0x1.2fffffffffebdp+6,7996
10548,10548,10548,transition,57,113_CT_2,-0x1.1c2aaaaaaa995p+10,8001
10552,10552,10552,thermal_upper,58,113_CT_2,-0x1.4aaaaaaaaa968p+4,8003
10554,10554,10554,transition,58,113_CT_2,-0x1.1c2aaaaaaa995p+10,8005
10559,10559,10559,thermal_lower,59,113_CT_2,-0x1.9d555555553c2p+5,8008
10594,10594,10594,thermal_upper,65,113_CT_2,-0x1.e666666666460p+5,8037
10637,10637,10637,thermal_lower,72,113_CT_2,-0x1.b4834834832a3p+2,8080
10644,10644,10644,transition,73,113_CT_2,-0x1.2c1a41a41a2d0p+7,8087
10648,10648,10648,thermal_upper,74,113_CT_2,-0x1.09069069067eep+4,8091
10650,10650,10650,transition,74,113_CT_2,-0x1.2c1a41a41a2d0p+7,8093
10655,10655,10655,thermal_lower,75,113_CT_2,-0x1.2fffffffffebap+6,8098
10656,10656,10656,transition,75,113_CT_2,0x1.7c7cb7cb7c9edp+9,8099
10658,10658,10658,minimum_up,75,113_CT_2,-0x1.2c1a41a41a2d0p+7,8101
10661,10661,10661,thermal_lower,76,113_CT_2,-0x1.2fffffffffebap+6,8104
10662,10662,10662,transition,76,113_CT_2,-0x1.7c7cb7cb7c9e0p+9,8105
10666,10666,10666,thermal_upper,77,113_CT_2,-0x1.d093093092ea2p+5,8109
10668,10668,10668,transition,77,113_CT_2,-0x1.301f2df2df198p+11,8111
10671,10671,10671,minimum_down,77,113_CT_2,-0x1.7c7cb7cb7c9edp+9,8114
10673,10673,10673,thermal_lower,78,113_CT_2,-0x1.14b7cb7cb7b90p+5,8116
10676,10676,10676,minimum_up,78,113_CT_2,-0x1.7c7cb7cb7c9e6p+9,8119
10679,10679,10679,thermal_lower,79,113_CT_2,-0x1.2fffffffffeb8p+6,8122
10682,10682,10682,minimum_up,79,113_CT_2,-0x1.a1ffffffffe3dp+10,8125
10727,10727,10727,thermal_lower,87,113_CT_2,-0x1.ffffffffffe2fp-1,8170
10734,10734,10734,transition,88,113_CT_2,-0x1.5fffffffffec0p+4,8177
10738,10738,10738,thermal_upper,89,113_CT_2,-0x1.dfffffffffdfcp+4,8181
10740,10740,10740,transition,89,113_CT_2,-0x1.5fffffffffec0p+4,8183
10745,10745,10745,thermal_lower,90,113_CT_2,-0x1.2fffffffffebap+6,8188
10746,10746,10746,transition,90,113_CT_2,0x1.96ffffffffe4ap+10,8189
10748,10748,10748,minimum_up,90,113_CT_2,-0x1.5fffffffffec0p+4,8191
10750,10750,10750,thermal_upper,91,113_CT_2,-0x1.dfffffffffdfcp+4,8193
10752,10752,10752,transition,91,113_CT_2,-0x1.5fffffffffec0p+4,8195
10755,10755,10755,minimum_down,91,113_CT_2,-0x1.96ffffffffe4ap+10,8198
10763,10763,10763,thermal_lower,93,113_CT_2,-0x1.ffffffffffe2fp-1,8206
10766,10766,10766,minimum_up,93,113_CT_2,-0x1.5fffffffffec0p+4,8209
10805,10805,10805,thermal_lower,100,113_CT_2,-0x1.2fffffffffebap+6,8248
10811,10811,10811,thermal_lower,101,113_CT_2,-0x1.2fffffffffebap+6,8254
10812,10812,10812,transition,101,113_CT_2,-0x1.a1ffffffffe40p+10,8255
10816,10816,10816,thermal_upper,102,113_CT_2,-0x1.67ffffffffe7ep+6,8259
10818,10818,10818,transition,102,113_CT_2,-0x1.a1ffffffffe40p+11,8261
10823,10823,10823,thermal_lower,103,113_CT_2,-0x1.2fffffffffebap+6,8266
10826,10826,10826,minimum_up,103,113_CT_2,-0x1.a1ffffffffe40p+11,8269
10841,10841,10841,thermal_lower,106,113_CT_2,-0x1.7fffffffffd90p+1,8284
10846,10846,10846,thermal_upper,107,113_CT_2,-0x1.3333333333140p+0,8289
10848,10848,10848,transition,107,113_CT_2,-0x1.07ffffffffe53p+6,8291
10853,10853,10853,thermal_lower,108,113_CT_2,-0x1.7fffffffffd90p+1,8296
10871,10871,10871,thermal_lower,111,113_CT_2,-0x1.2fffffffffebbp+6,8308
10878,10878,10878,transition,112,113_CT_2,-0x1.a1ffffffffe41p+10,8313
10882,10882,10882,thermal_upper,113,113_CT_2,-0x1.dfffffffffe00p+5,8315
10884,10884,10884,transition,113,113_CT_2,-0x1.a1ffffffffe41p+10,8317
10895,10895,10895,thermal_lower,115,113_CT_2,-0x1.0000000000000p-46,8324
10902,10902,10902,transition,116,113_CT_2,-0x1.4000000000000p-42,8329
11485,11485,11485,thermal_lower,46,113_CT_3,-0x1.855555555535dp+5,8718
11491,11491,11491,thermal_lower,47,113_CT_3,-0x1.2fffffffffebap+6,8722
11492,11492,11492,transition,47,113_CT_3,-0x1.0baaaaaaaa950p+10,8723
11496,11496,11496,thermal_upper,48,113_CT_3,-0x1.8eeeeeeeeed20p+5,8725
11498,11498,11498,transition,48,113_CT_3,-0x1.56d55555553c8p+11,8727
11503,11503,11503,thermal_lower,49,113_CT_3,-0x1.2fffffffffebap+6,8730
11509,11509,11509,thermal_lower,50,113_CT_3,-0x1.2fffffffffeb7p+6,8734
11514,11514,11514,thermal_upper,51,113_CT_3,-0x1.5dddddddddce0p+3,8737
11516,11516,11516,transition,51,113_CT_3,-0x1.2caaaaaaaa9d0p+9,8739
11520,11520,11520,thermal_upper,52,113_CT_3,-0x1.37777777775e7p+3,8741
11527,11527,11527,thermal_lower,53,113_CT_3,-0x1.2fffffffffeb9p+6,8746
11528,11528,11528,transition,53,113_CT_3,0x1.0baaaaaaaa953p+9,8747
11534,11534,11534,transition,54,113_CT_3,-0x1.0baaaaaaaa953p+9,8751
11538,11538,11538,thermal_upper,55,113_CT_3,-0x1.37777777775e8p+4,8753
11540,11540,11540,transition,55,113_CT_3,-0x1.0baaaaaaaa953p+9,8755
11545,11545,11545,thermal_lower,56,113_CT_3,-0x1.2fffffffffebap+6,8758
11552,11552,11552,transition,57,113_CT_3,-0x1.1c2aaaaaaa995p+10,8763
11556,11556,11556,thermal_upper,58,113_CT_3,-0x1.4aaaaaaaaa968p+4,8765
11558,11558,11558,transition,58,113_CT_3,-0x1.1c2aaaaaaa995p+10,8767
11563,11563,11563,thermal_lower,59,113_CT_3,-0x1.9d555555553c2p+5,8770
11641,11641,11641,thermal_lower,72,113_CT_3,-0x1.4b483483481e7p+5,8842
11648,11648,11648,transition,73,113_CT_3,-0x1.c78348348329ep+9,8849
11652,11652,11652,thermal_upper,74,113_CT_3,-0x1.09069069067ecp+4,8853
11654,11654,11654,transition,74,113_CT_3,-0x1.c78348348329ep+9,8855
11659,11659,11659,thermal_lower,75,113_CT_3,-0x1.2fffffffffebap+6,8860
11662,11662,11662,minimum_up,75,113_CT_3,-0x1.c78348348329ep+9,8863
11665,11665,11665,thermal_lower,76,113_CT_3,-0x1.2fffffffffebap+6,8866
11666,11666,11666,transition,76,113_CT_3,-0x1.7c7cb7cb7c9e8p+9,8867
11670,11670,11670,thermal_upper,77,113_CT_3,-0x1.d093093092ea4p+5,8871
11672,11672,11672,transition,77,113_CT_3,-0x1.301f2df2df19ap+11,8873
11677,11677,11677,thermal_lower,78,113_CT_3,-0x1.14b7cb7cb7b90p+5,8878
11680,11680,11680,minimum_up,78,113_CT_3,-0x1.7c7cb7cb7c9e6p+9,8881
11683,11683,11683,thermal_lower,79,113_CT_3,-0x1.2fffffffffebap+6,8884
11686,11686,11686,minimum_up,79,113_CT_3,-0x1.a1ffffffffe41p+10,8887
11731,11731,11731,thermal_lower,87,113_CT_3,-0x1.f52d2d2d2d0b8p+5,8932
11738,11738,11738,transition,88,113_CT_3,-0x1.588f0f0f0ef7ep+10,8939
11742,11742,11742,thermal_upper,89,113_CT_3,-0x1.dfffffffffdfcp+4,8943
11744,11744,11744,transition,89,113_CT_3,-0x1.588f0f0f0ef7ep+10,8945
11749,11749,11749,thermal_lower,90,113_CT_3,-0x1.2fffffffffebap+6,8950
11752,11752,11752,minimum_up,90,113_CT_3,-0x1.588f0f0f0ef7ep+10,8953
11754,11754,11754,thermal_upper,91,113_CT_3,-0x1.dfffffffffdfcp+4,8955
11756,11756,11756,transition,91,113_CT_3,-0x1.9c7fffffffe45p+10,8957
11767,11767,11767,thermal_lower,93,113_CT_3,-0x1.2bffffffffebep+6,8968
11770,11770,11770,minimum_up,93,113_CT_3,-0x1.9c7fffffffe45p+10,8971
11809,11809,11809,thermal_lower,100,113_CT_3,-0x1.2fffffffffebap+6,9010
11815,11815,11815,thermal_lower,101,113_CT_3,-0x1.2fffffffffebap+6,9016
11816,11816,11816,transition,101,113_CT_3,-0x1.a1ffffffffe40p+10,9017
11820,11820,11820,thermal_upper,102,113_CT_3,-0x1.e66666666645dp+5,9021
11822,11822,11822,transition,102,113_CT_3,-0x1.a1ffffffffe40p+11,9023
11827,11827,11827,thermal_lower,103,113_CT_3,-0x1.2fffffffffebap+6,9028
11830,11830,11830,minimum_up,103,113_CT_3,-0x1.a1ffffffffe40p+11,9031
11845,11845,11845,thermal_lower,106,113_CT_3,-0x1.7fffffffffd90p+1,9046
11850,11850,11850,thermal_upper,107,113_CT_3,-0x1.3333333333140p+0,9051
11852,11852,11852,transition,107,113_CT_3,-0x1.07ffffffffe53p+6,9053
11857,11857,11857,thermal_lower,108,113_CT_3,-0x1.7fffffffffd90p+1,9058
12489,12489,12489,thermal_lower,46,113_CT_4,-0x1.855555555535dp+5,9480
12495,12495,12495,thermal_lower,47,113_CT_4,-0x1.2fffffffffebap+6,9484
12496,12496,12496,transition,47,113_CT_4,-0x1.0baaaaaaaa950p+10,9485
12500,12500,12500,thermal_upper,48,113_CT_4,-0x1.8eeeeeeeeed20p+5,9487
12502,12502,12502,transition,48,113_CT_4,-0x1.56d55555553c8p+11,9489
12507,12507,12507,thermal_lower,49,113_CT_4,-0x1.2fffffffffebap+6,9492
12513,12513,12513,thermal_lower,50,113_CT_4,-0x1.2fffffffffeb7p+6,9496
12518,12518,12518,thermal_upper,51,113_CT_4,-0x1.5dddddddddce0p+3,9499
12520,12520,12520,transition,51,113_CT_4,-0x1.2caaaaaaaa9d0p+9,9501
12524,12524,12524,thermal_upper,52,113_CT_4,-0x1.37777777775e7p+3,9503
12531,12531,12531,thermal_lower,53,113_CT_4,-0x1.2fffffffffeb6p+6,9508
12532,12532,12532,transition,53,113_CT_4,0x1.0baaaaaaaa953p+9,9509
12538,12538,12538,transition,54,113_CT_4,-0x1.0baaaaaaaa953p+9,9513
12542,12542,12542,thermal_upper,55,113_CT_4,-0x1.37777777775e8p+4,9515
12544,12544,12544,transition,55,113_CT_4,-0x1.0baaaaaaaa953p+9,9517
12549,12549,12549,thermal_lower,56,113_CT_4,-0x1.2fffffffffebap+6,9520
12556,12556,12556,transition,57,113_CT_4,-0x1.1c2aaaaaaa995p+10,9525
12560,12560,12560,thermal_upper,58,113_CT_4,-0x1.4aaaaaaaaa968p+4,9527
12562,12562,12562,transition,58,113_CT_4,-0x1.1c2aaaaaaa995p+10,9529
12567,12567,12567,thermal_lower,59,113_CT_4,-0x1.9d555555553c2p+5,9532
12645,12645,12645,thermal_lower,72,113_CT_4,-0x1.4b483483481e7p+5,9604
12652,12652,12652,transition,73,113_CT_4,-0x1.c78348348329ep+9,9611
12656,12656,12656,thermal_upper,74,113_CT_4,-0x1.09069069067ecp+4,9615
12658,12658,12658,transition,74,113_CT_4,-0x1.c78348348329ep+9,9617
12663,12663,12663,thermal_lower,75,113_CT_4,-0x1.2fffffffffebap+6,9622
12666,12666,12666,minimum_up,75,113_CT_4,-0x1.c78348348329ep+9,9625
12669,12669,12669,thermal_lower,76,113_CT_4,-0x1.2fffffffffebap+6,9628
12670,12670,12670,transition,76,113_CT_4,-0x1.7c7cb7cb7c9e8p+9,9629
12674,12674,12674,thermal_upper,77,113_CT_4,-0x1.d093093092ea4p+5,9633
12676,12676,12676,transition,77,113_CT_4,-0x1.301f2df2df19ap+11,9635
12681,12681,12681,thermal_lower,78,113_CT_4,-0x1.14b7cb7cb7b8fp+5,9640
12684,12684,12684,minimum_up,78,113_CT_4,-0x1.7c7cb7cb7c9e8p+9,9643
12687,12687,12687,thermal_lower,79,113_CT_4,-0x1.2fffffffffebap+6,9646
12690,12690,12690,minimum_up,79,113_CT_4,-0x1.a1ffffffffe40p+10,9649
12735,12735,12735,thermal_lower,87,113_CT_4,-0x1.f52d2d2d2d0b8p+5,9694
12742,12742,12742,transition,88,113_CT_4,-0x1.588f0f0f0ef7ep+10,9701
12746,12746,12746,thermal_upper,89,113_CT_4,-0x1.dfffffffffdfcp+4,9705
12748,12748,12748,transition,89,113_CT_4,-0x1.588f0f0f0ef7ep+10,9707
12753,12753,12753,thermal_lower,90,113_CT_4,-0x1.2fffffffffebap+6,9712
12754,12754,12754,transition,90,113_CT_4,0x1.0fc3c3c3c3b1ep+8,9713
12756,12756,12756,minimum_up,90,113_CT_4,-0x1.588f0f0f0ef7ep+10,9715
12758,12758,12758,thermal_upper,91,113_CT_4,-0x1.dfffffffffdfcp+4,9717
12760,12760,12760,transition,91,113_CT_4,-0x1.588f0f0f0ef7ep+10,9719
12763,12763,12763,minimum_down,91,113_CT_4,-0x1.0fc3c3c3c3b1ep+8,9722
12771,12771,12771,thermal_lower,93,113_CT_4,-0x1.f52d2d2d2d0b8p+5,9730
12774,12774,12774,minimum_up,93,113_CT_4,-0x1.588f0f0f0ef7ep+10,9733
12819,12819,12819,thermal_lower,101,113_CT_4,-0x1.2fffffffffebap+6,9778
12824,12824,12824,thermal_upper,102,113_CT_4,-0x1.67ffffffffe7ep+6,9783
12826,12826,12826,transition,102,113_CT_4,-0x1.a1ffffffffe40p+10,9785
12831,12831,12831,thermal_lower,103,113_CT_4,-0x1.2fffffffffebap+6,9790
12834,12834,12834,minimum_up,103,113_CT_4,-0x1.a1ffffffffe40p+10,9793
12849,12849,12849,thermal_lower,106,113_CT_4,-0x1.7fffffffffd90p+1,9808
12854,12854,12854,thermal_upper,107,113_CT_4,-0x1.3333333333140p+0,9813
12856,12856,12856,transition,107,113_CT_4,-0x1.07ffffffffe53p+6,9815
12861,12861,12861,thermal_lower,108,113_CT_4,-0x1.7fffffffffd90p+1,9820
12879,12879,12879,thermal_lower,111,113_CT_4,-0x1.2fffffffffebbp+6,9832
12886,12886,12886,transition,112,113_CT_4,-0x1.a1ffffffffe41p+10,9837
12890,12890,12890,thermal_upper,113,113_CT_4,-0x1.dfffffffffe00p+5,9839
12892,12892,12892,transition,113,113_CT_4,-0x1.a1ffffffffe41p+10,9841
12903,12903,12903,thermal_lower,115,113_CT_4,-0x1.0000000000000p-46,9848
12904,12904,12904,transition,115,113_CT_4,0x1.6000000000000p-42,9849
13528,13528,13528,thermal_upper,52,115_STEAM_1,-0x1.37777777775e8p+3,10265
13546,13546,13546,thermal_upper,55,115_STEAM_1,-0x1.37777777775e8p+4,10277
13678,13678,13678,thermal_upper,77,115_STEAM_1,-0x1.d093093092ea4p+5,10395
13733,13733,13733,thermal_lower,86,115_STEAM_1,-0x1.ffffffffffdf3p+1,10450
13740,13740,13740,transition,87,115_STEAM_1,-0x1.3fffffffffeb8p+4,10457
13744,13744,13744,thermal_upper,88,115_STEAM_1,-0x1.aaaaaaaaaa8f5p+0,10461
13746,13746,13746,transition,88,115_STEAM_1,-0x1.3fffffffffeb8p+4,10463
13750,13750,13750,thermal_upper,89,115_STEAM_1,-0x1.dfffffffffdfcp+4,10467
13757,13757,13757,thermal_lower,90,115_STEAM_1,-0x1.2fffffffffebap+6,10474
13758,13758,13758,transition,90,115_STEAM_1,0x1.67ffffffffe7dp+8,10475
13760,13760,13760,minimum_up,90,115_STEAM_1,-0x1.3fffffffffeb8p+4,10477
13762,13762,13762,thermal_upper,91,115_STEAM_1,-0x1.dfffffffffdfcp+4,10479
13767,13767,13767,minimum_down,91,115_STEAM_1,-0x1.67ffffffffe7dp+8,10484
13823,13823,13823,thermal_lower,101,115_STEAM_1,-0x1.2fffffffffebap+6,10540
13828,13828,13828,thermal_upper,102,115_STEAM_1,-0x1.faaaaaaaaa88ap+4,10545
13830,13830,13830,transition,102,115_STEAM_1,-0x1.7bffffffffe68p+8,10547
13835,13835,13835,thermal_lower,103,115_STEAM_1,-0x1.2fffffffffebap+6,10552
13840,13840,13840,thermal_upper,104,115_STEAM_1,-0x1.faaaaaaaaa88ap+4,10557
13842,13842,13842,transition,104,115_STEAM_1,-0x1.7bffffffffe68p+8,10559
13847,13847,13847,thermal_lower,105,115_STEAM_1,-0x1.2fffffffffebap+6,10564
13850,13850,13850,minimum_up,105,115_STEAM_1,-0x1.7bffffffffe68p+8,10567
13858,13858,13858,thermal_upper,107,115_STEAM_1,-0x1.3333333333140p+0,10575
13907,13907,13907,thermal_lower,115,115_STEAM_1,-0x1.0000000000000p-46,10610
14550,14550,14550,thermal_upper,55,115_STEAM_2,-0x1.37777777775e8p+4,11039
14568,14568,14568,thermal_upper,58,115_STEAM_2,-0x1.4aaaaaaaaa968p+4,11051
14610,14610,14610,thermal_upper,65,115_STEAM_2,-0x1.e666666666460p+5,11085
14737,14737,14737,thermal_lower,86,115_STEAM_2,-0x1.ffffffffffde7p+1,11212
14744,14744,14744,transition,87,115_STEAM_2,-0x1.3fffffffffeb0p+4,11219
14748,14748,14748,thermal_upper,88,115_STEAM_2,-0x1.aaaaaaaaaa8eap+0,11223
14750,14750,14750,transition,88,115_STEAM_2,-0x1.3fffffffffeb0p+4,11225
14754,14754,14754,thermal_upper,89,115_STEAM_2,-0x1.dfffffffffdfcp+4,11229
14761,14761,14761,thermal_lower,90,115_STEAM_2,-0x1.2fffffffffebap+6,11236
14762,14762,14762,transition,90,115_STEAM_2,0x1.67ffffffffe7dp+8,11237
14764,14764,14764,minimum_up,90,115_STEAM_2,-0x1.3fffffffffeb0p+4,11239
14766,14766,14766,thermal_upper,91,115_STEAM_2,-0x1.dfffffffffdfcp+4,11241
14771,14771,14771,minimum_down,91,115_STEAM_2,-0x1.67ffffffffe7dp+8,11246
14827,14827,14827,thermal_lower,101,115_STEAM_2,-0x1.2fffffffffebap+6,11302
14832,14832,14832,thermal_upper,102,115_STEAM_2,-0x1.faaaaaaaaa88ap+4,11307
14834,14834,14834,transition,102,115_STEAM_2,-0x1.7bffffffffe68p+8,11309
14839,14839,14839,thermal_lower,103,115_STEAM_2,-0x1.2fffffffffebap+6,11314
14844,14844,14844,thermal_upper,104,115_STEAM_2,-0x1.faaaaaaaaa88ap+4,11319
14846,14846,14846,transition,104,115_STEAM_2,-0x1.7bffffffffe68p+8,11321
14851,14851,14851,thermal_lower,105,115_STEAM_2,-0x1.2fffffffffebap+6,11326
14854,14854,14854,minimum_up,105,115_STEAM_2,-0x1.7bffffffffe68p+8,11329
14862,14862,14862,thermal_upper,107,115_STEAM_2,-0x1.3333333333140p+0,11337
15501,15501,15501,thermal_lower,46,115_STEAM_3,-0x1.855555555535fp+5,11766
15507,15507,15507,thermal_lower,47,115_STEAM_3,-0x1.2fffffffffebap+6,11770
15508,15508,15508,transition,47,115_STEAM_3,-0x1.792aaaaaaa8c4p+11,11771
15512,15512,15512,thermal_upper,48,115_STEAM_3,-0x1.8eeeeeeeeed21p+5,11773
15514,15514,15514,transition,48,115_STEAM_3,-0x1.e315555555326p+12,11775
15519,15519,15519,thermal_lower,49,115_STEAM_3,-0x1.23ffffffffe85p+6,11778
15525,15525,15525,thermal_lower,50,115_STEAM_3,-0x1.2fffffffffebap+6,11782
15526,15526,15526,transition,50,115_STEAM_3,0x1.0000000000000p-40,11783
15530,15530,15530,thermal_upper,51,115_STEAM_3,-0x1.5dddddddddce0p+3,11785
15532,15532,15532,transition,51,115_STEAM_3,-0x1.906aaaaaaa920p+11,11787
15536,15536,15536,thermal_upper,52,115_STEAM_3,-0x1.37777777775e8p+3,11789
15538,15538,15538,transition,52,115_STEAM_3,-0x1.792aaaaaaa8c8p+10,11791
15543,15543,15543,thermal_lower,53,115_STEAM_3,-0x1.2fffffffffebap+6,11794
15544,15544,15544,transition,53,115_STEAM_3,-0x1.0000000000000p-42,11795
15550,15550,15550,transition,54,115_STEAM_3,-0x1.792aaaaaaa8c6p+11,11799
15554,15554,15554,thermal_upper,55,115_STEAM_3,-0x1.37777777775e8p+4,11801
15556,15556,15556,transition,55,115_STEAM_3,-0x1.792aaaaaaa8c6p+11,11803
15561,15561,15561,thermal_lower,56,115_STEAM_3,-0x1.2fffffffffebap+6,11806
15562,15562,15562,transition,56,115_STEAM_3,0x1.0000000000000p-41,11807
15568,15568,15568,transition,57,115_STEAM_3,-0x1.906aaaaaaa92ap+11,11811
15572,15572,15572,thermal_upper,58,115_STEAM_3,-0x1.4aaaaaaaaa968p+4,11813
15574,15574,15574,transition,58,115_STEAM_3,-0x1.906aaaaaaa92ap+11,11815
15579,15579,15579,thermal_lower,59,115_STEAM_3,-0x1.9d555555553c2p+5,11818
15580,15580,15580,transition,59,115_STEAM_3,-0x1.8000000000000p-39,11819
15597,15597,15597,thermal_lower,62,115_STEAM_3,-0x1.2fffffffffebap+6,11830
15598,15598,15598,transition,62,115_STEAM_3,-0x1.8000000000000p-41,11831
15603,15603,15603,thermal_lower,63,115_STEAM_3,-0x1.2fffffffffebap+6,11834
15604,15604,15604,transition,63,115_STEAM_3,-0x1.267fffffffec5p+12,11835
15610,15610,15610,transition,64,115_STEAM_3,-0x1.267fffffffec4p+13,11839
15614,15614,15614,thermal_upper,65,115_STEAM_3,-0x1.e666666666460p+5,11841
15616,15616,15616,transition,65,115_STEAM_3,-0x1.267fffffffec4p+13,11843
15622,15622,15622,transition,66,115_STEAM_3,0x1.e000000000000p-38,11847
15628,15628,15628,transition,67,115_STEAM_3,0x1.e000000000000p-38,11851
15639,15639,15639,thermal_lower,69,115_STEAM_3,-0x1.8c6318c6318c6p-47,11862
15642,15642,15642,minimum_up,69,115_STEAM_3,-0x1.8000000000000p-41,11865
15645,15645,15645,thermal_lower,70,115_STEAM_3,-0x1.2fffffffffebap+6,11868
15648,15648,15648,minimum_up,70,115_STEAM_3,-0x1.267fffffffec4p+12,11871
15651,15651,15651,thermal_lower,71,115_STEAM_3,-0x1.2fffffffffebap+6,11874
15654,15654,15654,minimum_up,71,115_STEAM_3,-0x1.267fffffffec4p+12,11877
15657,15657,15657,thermal_lower,72,115_STEAM_3,-0x1.2fffffffffebap+6,11880
15664,15664,15664,transition,73,115_STEAM_3,-0x1.40edf2df2ddd8p+11,11887
15668,15668,15668,thermal_upper,74,115_STEAM_3,-0x1.09069069067ecp+4,11891
15670,15670,15670,transition,74,115_STEAM_3,-0x1.40edf2df2ddd8p+11,11893
15675,15675,15675,thermal_lower,75,115_STEAM_3,-0x1.14b7cb7cb7b92p+6,11898
15681,15681,15681,thermal_lower,76,115_STEAM_3,-0x1.2fffffffffebap+6,11904
15682,15682,15682,transition,76,115_STEAM_3,-0x1.0c120d20d1fb6p+12,11905
15686,15686,15686,thermal_upper,77,115_STEAM_3,-0x1.d093093092ea4p+5,11909
15688,15688,15688,transition,77,115_STEAM_3,-0x1.1949069068f3dp+13,11911
15699,15699,15699,thermal_lower,79,115_STEAM_3,-0x1.4b483483481e7p+5,11922
15702,15702,15702,minimum_up,79,115_STEAM_3,-0x1.40edf2df2ddd8p+11,11925
15711,15711,15711,thermal_lower,81,115_STEAM_3,-0x1.2fffffffffebap+6,11934
15714,15714,15714,minimum_up,81,115_STEAM_3,-0x1.267fffffffec4p+12,11937
15723,15723,15723,thermal_lower,83,115_STEAM_3,-0x1.bc4ec4ec4ea7cp+4,11946
15726,15726,15726,minimum_up,83,115_STEAM_3,-0x1.ae6c4ec4ec328p+10,11949
15741,15741,15741,thermal_lower,86,115_STEAM_3,-0x1.8b4b4b4b4b319p+3,11964
15747,15747,15747,thermal_lower,87,115_STEAM_3,-0x1.f52d2d2d2d0b8p+5,11970
15748,15748,15748,transition,87,115_STEAM_3,-0x1.7ef0f0f0f0d80p+9,11971
15754,15754,15754,transition,88,115_STEAM_3,-0x1.229fffffffec9p+12,11977
15758,15758,15758,thermal_upper,89,115_STEAM_3,-0x1.dfffffffffdfcp+4,11981
15760,15760,15760,transition,89,115_STEAM_3,-0x1.229fffffffec9p+12,11983
15765,15765,15765,thermal_lower,90,115_STEAM_3,-0x1.2fffffffffebap+6,11988
15766,15766,15766,transition,90,115_STEAM_3,-0x1.0000000000000p-40,11989
15768,15768,15768,minimum_up,90,115_STEAM_3,-0x1.efffffffffe94p+5,11991
15770,15770,15770,thermal_upper,91,115_STEAM_3,-0x1.dfffffffffdfcp+4,11993
15772,15772,15772,transition,91,115_STEAM_3,-0x1.229fffffffec8p+12,11995
15783,15783,15783,thermal_lower,93,115_STEAM_3,-0x1.27ffffffffebfp+6,12006
15786,15786,15786,minimum_up,93,115_STEAM_3,-0x1.1ebfffffffec9p+12,12009
15798,15798,15798,minimum_up,95,115_STEAM_3,-0x1.8000000000000p-39,12021
15802,15802,15802,transition,96,115_STEAM_3,0x1.8000000000000p-39,12025
15807,15807,15807,thermal_lower,97,115_STEAM_3,-0x1.fffffffffff79p-1,12030
15810,15810,15810,minimum_up,97,115_STEAM_3,-0x1.effffffffff7bp+5,12033
15819,15819,15819,thermal_lower,99,115_STEAM_3,-0x1.23ffffffffec6p+6,12042
15825,15825,15825,thermal_lower,100,115_STEAM_3,-0x1.2fffffffffebap+6,12048
15826,15826,15826,transition,100,115_STEAM_3,-0x1.1adfffffffed0p+12,12049
15831,15831,15831,thermal_lower,101,115_STEAM_3,-0x1.2fffffffffebap+6,12054
15832,15832,15832,transition,101,115_STEAM_3,-0x1.20afffffffecap+13,12055
15836,15836,15836,thermal_upper,102,115_STEAM_3,-0x1.67ffffffffe7ep+6,12059
15838,15838,15838,transition,102,115_STEAM_3,-0x1.b3efffffffe2cp+13,12061
15841,15841,15841,minimum_down,102,115_STEAM_3,-0x1.8000000000000p-39,12064
15855,15855,15855,thermal_lower,105,115_STEAM_3,-0x1.2fffffffffebap+6,12078
15858,15858,15858,minimum_up,105,115_STEAM_3,-0x1.267fffffffec4p+12,12081
15861,15861,15861,thermal_lower,106,115_STEAM_3,-0x1.2fffffffffebap+6,12084
15864,15864,15864,minimum_up,106,115_STEAM_3,-0x1.1adfffffffed0p+12,12087
15866,15866,15866,thermal_upper,107,115_STEAM_3,-0x1.3333333333157p+0,12089
15868,15868,15868,transition,107,115_STEAM_3,-0x1.73ffffffffe80p+7,12091
15874,15874,15874,transition,108,115_STEAM_3,-0x1.8000000000000p-38,12097
15879,15879,15879,thermal_lower,109,115_STEAM_3,-0x1.2fffffffffebap+6,12100
15885,15885,15885,thermal_lower,110,115_STEAM_3,-0x1.2fffffffffebap+6,12104
15886,15886,15886,transition,110,115_STEAM_3,0x1.e000000000000p-43,12105
15891,15891,15891,thermal_lower,111,115_STEAM_3,-0x1.2fffffffffebbp+6,12108
15892,15892,15892,transition,111,115_STEAM_3,-0x1.1ebfffffffed4p+12,12109
15898,15898,15898,transition,112,115_STEAM_3,-0x1.229fffffffeccp+13,12113
15902,15902,15902,thermal_upper,113,115_STEAM_3,-0x1.dfffffffffe00p+5,12115
15904,15904,15904,transition,113,115_STEAM_3,-0x1.229fffffffeccp+13,12117
15910,15910,15910,transition,114,115_STEAM_3,0x1.19d1745d1745ep-39,12121
15916,15916,15916,transition,115,115_STEAM_3,0x1.19d1745d1745ep-39,12125
15933,15933,15933,thermal_lower,118,115_STEAM_3,-0x1.2fffffffffebap+6,12136
15939,15939,15939,thermal_lower,119,115_STEAM_3,-0x1.27ffffffffecbp+6,12140
15940,15940,15940,transition,119,115_STEAM_3,-0x1.efffffffffc00p+6,12141
16505,16505,16505,thermal_lower,46,116_STEAM_1,-0x1.855555555535dp+5,12518
16511,16511,16511,thermal_lower,47,116_STEAM_1,-0x1.2fffffffffebap+6,12522
16512,16512,16512,transition,47,116_STEAM_1,-0x1.792aaaaaaa8c2p+11,12523
16516,16516,16516,thermal_upper,48,116_STEAM_1,-0x1.8eeeeeeeeed20p+5,12525
16518,16518,16518,transition,48,116_STEAM_1,-0x1.e315555555325p+12,12527
16523,16523,16523,thermal_lower,49,116_STEAM_1,-0x1.2fffffffffebap+6,12530
16529,16529,16529,thermal_lower,50,116_STEAM_1,-0x1.2fffffffffebap+6,12534
16530,16530,16530,transition,50,116_STEAM_1,0x1.0000000000000p-40,12535
16534,16534,16534,thermal_upper,51,116_STEAM_1,-0x1.5dddddddddce0p+3,12537
16536,16536,16536,transition,51,116_STEAM_1,-0x1.906aaaaaaa924p+11,12539
16540,16540,16540,thermal_upper,52,116_STEAM_1,-0x1.37777777775efp+3,12541
16542,16542,16542,transition,52,116_STEAM_1,-0x1.792aaaaaaa8d0p+10,12543
16547,16547,16547,thermal_lower,53,116_STEAM_1,-0x1.2fffffffffebap+6,12546
16554,16554,16554,transition,54,116_STEAM_1,-0x1.792aaaaaaa8c8p+11,12551
16558,16558,16558,thermal_upper,55,116_STEAM_1,-0x1.37777777775e8p+4,12553
16560,16560,16560,transition,55,116_STEAM_1,-0x1.792aaaaaaa8c8p+11,12555
16565,16565,16565,thermal_lower,56,116_STEAM_1,-0x1.2fffffffffebap+6,12558
16566,16566,16566,transition,56,116_STEAM_1,-0x1.0000000000000p-41,12559
16572,16572,16572,transition,57,116_STEAM_1,-0x1.906aaaaaaa925p+11,12563
16576,16576,16576,thermal_upper,58,116_STEAM_1,-0x1.4aaaaaaaaa968p+4,12565
16578,16578,16578,transition,58,116_STEAM_1,-0x1.906aaaaaaa925p+11,12567
16583,16583,16583,thermal_lower,59,116_STEAM_1,-0x1.9d555555553cep+5,12570
16584,16584,16584,transition,59,116_STEAM_1,-0x1.0000000000000p-41,12571
16590,16590,16590,transition,60,116_STEAM_1,-0x1.8000000000000p-38,12575
16596,16596,16596,transition,61,116_STEAM_1,-0x1.8000000000000p-38,12579
16601,16601,16601,thermal_lower,62,116_STEAM_1,-0x1.2fffffffffebap+6,12582
16602,16602,16602,transition,62,116_STEAM_1,-0x1.8000000000000p-38,12583
16607,16607,16607,thermal_lower,63,116_STEAM_1,-0x1.2fffffffffebap+6,12586
16608,16608,16608,transition,63,116_STEAM_1,-0x1.267fffffffecap+12,12587
16614,16614,16614,transition,64,116_STEAM_1,-0x1.267fffffffec6p+13,12591
16618,16618,16618,thermal_upper,65,116_STEAM_1,-0x1.e666666666460p+5,12593
16620,16620,16620,transition,65,116_STEAM_1,-0x1.267fffffffec6p+13,12595
16643,16643,16643,thermal_lower,69,116_STEAM_1,-0x1.2fffffffffebap+6,12614
16646,16646,16646,minimum_up,69,116_STEAM_1,-0x1.267fffffffec4p+12,12617
16649,16649,16649,thermal_lower,70,116_STEAM_1,-0x1.2fffffffffecep+6,12620
16652,16652,16652,minimum_up,70,116_STEAM_1,-0x1.267fffffffed8p+12,12623
16655,16655,16655,thermal_lower,71,116_STEAM_1,-0x1.2fffffffffebap+6,12626
16658,16658,16658,minimum_up,71,116_STEAM_1,-0x1.267fffffffec4p+12,12629
16661,16661,16661,thermal_lower,72,116_STEAM_1,-0x1.2fffffffffebap+6,12632
16668,16668,16668,transition,73,116_STEAM_1,-0x1.40edf2df2ddd8p+11,12639
16672,16672,16672,thermal_upper,74,116_STEAM_1,-0x1.09069069067ecp+4,12643
16674,16674,16674,transition,74,116_STEAM_1,-0x1.40edf2df2ddd8p+11,12645
16679,16679,16679,thermal_lower,75,116_STEAM_1,-0x1.2fffffffffebap+6,12650
16682,16682,16682,minimum_up,75,116_STEAM_1,-0x1.a6df2df2df0e0p+8,12653
16685,16685,16685,thermal_lower,76,116_STEAM_1,-0x1.2fffffffffebap+6,12656
16686,16686,16686,transition,76,116_STEAM_1,-0x1.0c120d20d1fb6p+12,12657
16690,16690,16690,thermal_upper,77,116_STEAM_1,-0x1.d093093092ea4p+5,12661
16692,16692,16692,transition,77,116_STEAM_1,-0x1.1949069068f3dp+13,12663
16697,16697,16697,thermal_lower,78,116_STEAM_1,-0x1.14b7cb7cb7b90p+5,12668
16700,16700,16700,minimum_up,78,116_STEAM_1,-0x1.0c120d20d1fb4p+11,12671
16709,16709,16709,thermal_lower,80,116_STEAM_1,-0x1.0842108421084p-44,12680
16712,16712,16712,minimum_up,80,116_STEAM_1,-0x1.0000000000000p-38,12683
16715,16715,16715,thermal_lower,81,116_STEAM_1,-0x1.14b7cb7cb7b8cp+5,12686
16718,16718,16718,minimum_up,81,116_STEAM_1,-0x1.0c120d20d1fb0p+11,12689
16733,16733,16733,thermal_lower,84,116_STEAM_1,-0x1.2fffffffffebap+6,12704
16736,16736,16736,minimum_up,84,116_STEAM_1,-0x1.267fffffffec4p+12,12707
16745,16745,16745,thermal_lower,86,116_STEAM_1,-0x1.8b4b4b4b4b319p+3,12716
16751,16751,16751,thermal_lower,87,116_STEAM_1,-0x1.f52d2d2d2d0b8p+5,12722
16752,16752,16752,transition,87,116_STEAM_1,-0x1.7ef0f0f0f0d80p+9,12723
16758,16758,16758,transition,88,116_STEAM_1,-0x1.229fffffffec9p+12,12729
16762,16762,16762,thermal_upper,89,116_STEAM_1,-0x1.dfffffffffdfcp+4,12733
16764,16764,16764,transition,89,116_STEAM_1,-0x1.229fffffffec9p+12,12735
16769,16769,16769,thermal_lower,90,116_STEAM_1,-0x1.2fffffffffebap+6,12740
16770,16770,16770,transition,90,116_STEAM_1,-0x1.0000000000000p-40,12741
16772,16772,16772,minimum_up,90,116_STEAM_1,-0x1.efffffffffe4bp+5,12743
16774,16774,16774,thermal_upper,91,116_STEAM_1,-0x1.dfffffffffdfcp+4,12745
16776,16776,16776,transition,91,116_STEAM_1,-0x1.229fffffffec8p+12,12747
16787,16787,16787,thermal_lower,93,116_STEAM_1,-0x1.27ffffffffec2p+6,12758
16790,16790,16790,minimum_up,93,116_STEAM_1,-0x1.1ebfffffffeccp+12,12761
16805,16805,16805,thermal_lower,96,116_STEAM_1,-0x1.ffffffffffe52p-1,12776
16808,16808,16808,minimum_up,96,116_STEAM_1,-0x1.efffffffffe66p+5,12779
16823,16823,16823,thermal_lower,99,116_STEAM_1,-0x1.23ffffffffec8p+6,12794
16829,16829,16829,thermal_lower,100,116_STEAM_1,-0x1.2fffffffffebap+6,12800
16830,16830,16830,transition,100,116_STEAM_1,-0x1.1adfffffffed2p+12,12801
16835,16835,16835,thermal_lower,101,116_STEAM_1,-0x1.2fffffffffebap+6,12806
16836,16836,16836,transition,101,116_STEAM_1,-0x1.20afffffffecbp+13,12807
16840,16840,16840,thermal_upper,102,116_STEAM_1,-0x1.67ffffffffe7ep+6,12811
16842,16842,16842,transition,102,116_STEAM_1,-0x1.b3efffffffe2dp+13,12813
16847,16847,16847,thermal_lower,103,116_STEAM_1,-0x1.23ffffffffec2p+6,12818
16854,16854,16854,transition,104,116_STEAM_1,-0x1.1adfffffffeccp+12,12825
16859,16859,16859,thermal_lower,105,116_STEAM_1,-0x1.2fffffffffebap+6,12830
16860,16860,16860,transition,105,116_STEAM_1,-0x1.1adfffffffeccp+12,12831
16862,16862,16862,minimum_up,105,116_STEAM_1,-0x1.20afffffffec8p+13,12833
16865,16865,16865,thermal_lower,106,116_STEAM_1,-0x1.8000000000624p+1,12836
16870,16870,16870,thermal_upper,107,116_STEAM_1,-0x1.3333333333140p+0,12841
16872,16872,16872,transition,107,116_STEAM_1,-0x1.74000000005f3p+7,12843
16878,16878,16878,transition,108,116_STEAM_1,-0x1.09d13d70a3a59p-34,12849
16883,16883,16883,thermal_lower,109,116_STEAM_1,-0x1.2fffffffffebap+6,12852
16889,16889,16889,thermal_lower,110,116_STEAM_1,-0x1.2fffffffffebap+6,12856
16895,16895,16895,thermal_lower,111,116_STEAM_1,-0x1.2fffffffffebbp+6,12860
16896,16896,16896,transition,111,116_STEAM_1,-0x1.267fffffffec4p+12,12861
16902,16902,16902,transition,112,116_STEAM_1,-0x1.267fffffffec4p+13,12865
16906,16906,16906,thermal_upper,113,116_STEAM_1,-0x1.e666666666458p+5,12867
16908,16908,16908,transition,113,116_STEAM_1,-0x1.267fffffffec4p+13,12869
16914,16914,16914,transition,114,116_STEAM_1,0x1.f000000000000p-41,12873
16919,16919,16919,thermal_lower,115,116_STEAM_1,-0x1.0000000000000p-46,12876
16920,16920,16920,transition,115,116_STEAM_1,0x1.f000000000000p-41,12877
16937,16937,16937,thermal_lower,118,116_STEAM_1,-0x1.2fffffffffebap+6,12888
16943,16943,16943,thermal_lower,119,116_STEAM_1,-0x1.2fffffffffebap+6,12892
17509,17509,17509,thermal_lower,46,118_CC_1,-0x1.c222222221fafp+4,13270
17515,17515,17515,thermal_lower,47,118_CC_1,-0x1.2fffffffffebap+6,13274
17516,17516,17516,transition,47,118_CC_1,-0x1.2aeaaaaaaa90ap+12,13275
17520,17520,17520,thermal_upper,48,118_CC_1,-0x1.8eeeeeeeeed20p+5,13277
17522,17522,17522,transition,48,118_CC_1,-0x1.149aaaaaaa96ap+14,13279
17527,17527,17527,thermal_lower,49,118_CC_1,-0x1.1f878787876d5p+5,13282
17533,17533,17533,thermal_lower,50,118_CC_1,-0x1.2fffffffffebap+6,13286
17534,17534,17534,transition,50,118_CC_1,-0x1.0000000000000p-39,13287
17538,17538,17538,thermal_upper,51,118_CC_1,-0x1.5dddddddddce0p+3,13289
17540,17540,17540,transition,51,118_CC_1,-0x1.ca8aaaaaaa8e6p+12,13291
17544,17544,17544,thermal_upper,52,118_CC_1,-0x1.37777777775e8p+3,13293
17546,17546,17546,transition,52,118_CC_1,-0x1.afeaaaaaaa881p+11,13295
17551,17551,17551,thermal_lower,53,118_CC_1,-0x1.2fffffffffebap+6,13298
17558,17558,17558,transition,54,118_CC_1,-0x1.afeaaaaaaa881p+12,13303
17562,17562,17562,thermal_upper,55,118_CC_1,-0x1.37777777775e8p+4,13305
17564,17564,17564,transition,55,118_CC_1,-0x1.afeaaaaaaa881p+12,13307
17569,17569,17569,thermal_lower,56,118_CC_1,-0x1.97b7b7b7b79c1p+5,13310
17576,17576,17576,transition,57,118_CC_1,-0x1.ca8aaaaaaa8ebp+12,13315
17580,17580,17580,thermal_upper,58,118_CC_1,-0x1.4aaaaaaaaa968p+4,13317
17582,17582,17582,transition,58,118_CC_1,-0x1.ca8aaaaaaa8ebp+12,13319
17587,17587,17587,thermal_lower,59,118_CC_1,-0x1.59414141412c3p+5,13322
17605,17605,17605,thermal_lower,62,118_CC_1,-0x1.97b7b7b7b79c2p+5,13334
17611,17611,17611,thermal_lower,63,118_CC_1,-0x1.2fffffffffebap+6,13338
17612,17612,17612,transition,63,118_CC_1,-0x1.0ebfffffffedbp+13,13339
17618,17618,17618,transition,64,118_CC_1,-0x1.513fffffffe95p+14,13343
17622,17622,17622,thermal_upper,65,118_CC_1,-0x1.e666666666460p+5,13346
17624,17624,17624,transition,65,118_CC_1,-0x1.513fffffffe95p+14,13348
17630,17630,17630,transition,66,118_CC_1,0x1.0000000000000p-36,13353
17636,17636,17636,transition,67,118_CC_1,0x1.0000000000000p-36,13358
17642,17642,17642,transition,68,118_CC_1,0x1.0000000000000p-36,13364
17647,17647,17647,thermal_lower,69,118_CC_1,-0x1.2fffffffffebap+6,13369
17650,17650,17650,minimum_up,69,118_CC_1,-0x1.93bfffffffe4fp+13,13372
17659,17659,17659,thermal_lower,71,118_CC_1,-0x1.2fffffffffebap+6,13381
17662,17662,17662,minimum_up,71,118_CC_1,-0x1.0ebfffffffedbp+13,13384
17665,17665,17665,thermal_lower,72,118_CC_1,-0x1.2fffffffffebap+6,13387
17672,17672,17672,transition,73,118_CC_1,-0x1.6f841a41a401cp+12,13394
17676,17676,17676,thermal_upper,74,118_CC_1,-0x1.09069069067ecp+4,13398
17678,17678,17678,transition,74,118_CC_1,-0x1.6f841a41a401cp+12,13400
17683,17683,17683,thermal_lower,75,118_CC_1,-0x1.6a23fc9a23e4dp+5,13405
17689,17689,17689,thermal_lower,76,118_CC_1,-0x1.2fffffffffebap+6,13411
17690,17690,17690,transition,76,118_CC_1,-0x1.e0f7cb7cb7abep+12,13412
17694,17694,17694,thermal_upper,77,118_CC_1,-0x1.d093093092ea4p+5,13416
17696,17696,17696,transition,77,118_CC_1,-0x1.421df2df2ddd7p+14,13418
17713,17713,17713,thermal_lower,80,118_CC_1,-0x1.6a23fc9a23e45p+5,13435
17716,17716,17716,minimum_up,80,118_CC_1,-0x1.6f841a41a401cp+12,13438
17719,17719,17719,thermal_lower,81,118_CC_1,-0x1.2fffffffffebep+6,13441
17720,17720,17720,transition,81,118_CC_1,-0x1.c5cec4ec4ea63p+10,13442
17722,17722,17722,minimum_up,81,118_CC_1,-0x1.cc79d89d89ba0p+13,13444
17749,17749,17749,thermal_lower,86,118_CC_1,-0x1.f52d2d2d2d0b8p+5,13471
17756,17756,17756,transition,87,118_CC_1,-0x1.4ccfffffffe9ap+13,13478
17762,17762,17762,transition,88,118_CC_1,-0x1.4ccfffffffe9ap+13,13484
17766,17766,17766,thermal_upper,89,118_CC_1,-0x1.dfffffffffdfcp+4,13488
17768,17768,17768,transition,89,118_CC_1,-0x1.4ccfffffffe9ap+13,13490
17773,17773,17773,thermal_lower,90,118_CC_1,-0x1.2fffffffffebap+6,13495
17776,17776,17776,minimum_up,90,118_CC_1,-0x1.1bbfffffffed4p+11,13498
17778,17778,17778,thermal_upper,91,118_CC_1,-0x1.dfffffffffdfcp+4,13500
17780,17780,17780,transition,91,118_CC_1,-0x1.4ccfffffffe9ap+13,13502
17791,17791,17791,thermal_lower,93,118_CC_1,-0x1.8a5a5a5a5a3fbp+5,13513
17794,17794,17794,minimum_up,93,118_CC_1,-0x1.05dfffffffee5p+13,13516
17809,17809,17809,thermal_lower,96,118_CC_1,-0x1.ab4b4b4b4b2f1p+3,13531
17812,17812,17812,minimum_up,96,118_CC_1,-0x1.1bbfffffffed4p+11,13534
17827,17827,17827,thermal_lower,99,118_CC_1,-0x1.1f87878787747p+5,13549
17833,17833,17833,thermal_lower,100,118_CC_1,-0x1.2fffffffffebap+6,13555
17834,17834,17834,transition,100,118_CC_1,-0x1.7ddfffffffe6ap+12,13556
17839,17839,17839,thermal_lower,101,118_CC_1,-0x1.2fffffffffebap+6,13561
17840,17840,17840,transition,101,118_CC_1,-0x1.2957ffffffec2p+14,13562
17844,17844,17844,thermal_upper,102,118_CC_1,-0x1.67ffffffffe7ep+6,13566
17846,17846,17846,transition,102,118_CC_1,-0x1.f337ffffffde9p+14,13568
17851,17851,17851,thermal_lower,103,118_CC_1,-0x1.2fffffffffebap+6,13573
17854,17854,17854,minimum_up,103,118_CC_1,-0x1.93bfffffffe4fp+13,13576
17863,17863,17863,thermal_lower,105,118_CC_1,-0x1.2fffffffffebap+6,13585
17866,17866,17866,minimum_up,105,118_CC_1,-0x1.93bfffffffe4fp+13,13588
17869,17869,17869,thermal_lower,106,118_CC_1,-0x1.40c0c0c0c0a03p+1,13591
17874,17874,17874,thermal_upper,107,118_CC_1,-0x1.3333333333140p+0,13596
17876,17876,17876,transition,107,118_CC_1,-0x1.a9ffffffffd4cp+8,13598
17887,17887,17887,thermal_lower,109,118_CC_1,-0x1.1f87878787745p+5,13607
17893,17893,17893,thermal_lower,110,118_CC_1,-0x1.8a5a5a5a5a401p+5,13611
17899,17899,17899,thermal_lower,111,118_CC_1,-0x1.2fffffffffebbp+6,13615
17900,17900,17900,transition,111,118_CC_1,-0x1.05dfffffffee9p+13,13616
17906,17906,17906,transition,112,118_CC_1,-0x1.4ccfffffffe9cp+14,13620
17910,17910,17910,thermal_upper,113,118_CC_1,-0x1.dfffffffffe01p+5,13622
17912,17912,17912,transition,113,118_CC_1,-0x1.4ccfffffffe9cp+14,13624
17918,17918,17918,transition,114,118_CC_1,0x1.6300000000000p-38,13628
17924,17924,17924,transition,115,118_CC_1,0x1.6300000000000p-38,13632
17941,17941,17941,thermal_lower,118,118_CC_1,-0x1.8a5a5a5a5a401p+5,13643
17947,17947,17947,thermal_lower,119,118_CC_1,-0x1.2fffffffffeb9p+6,13647
18513,18513,18513,thermal_lower,46,123_STEAM_2,-0x1.855555555535dp+5,14025
18519,18519,18519,thermal_lower,47,123_STEAM_2,-0x1.2fffffffffebap+6,14029
18520,18520,18520,transition,47,123_STEAM_2,-0x1.792aaaaaaa8c2p+11,14030
18524,18524,18524,thermal_upper,48,123_STEAM_2,-0x1.8eeeeeeeeed20p+5,14032
18526,18526,18526,transition,48,123_STEAM_2,-0x1.e315555555325p+12,14034
18531,18531,18531,thermal_lower,49,123_STEAM_2,-0x1.2fffffffffebap+6,14037
18537,18537,18537,thermal_lower,50,123_STEAM_2,-0x1.2fffffffffebap+6,14041
18542,18542,18542,thermal_upper,51,123_STEAM_2,-0x1.5dddddddddce0p+3,14044
18544,18544,18544,transition,51,123_STEAM_2,-0x1.906aaaaaaa920p+11,14046
18548,18548,18548,thermal_upper,52,123_STEAM_2,-0x1.37777777775e8p+3,14048
18550,18550,18550,transition,52,123_STEAM_2,-0x1.792aaaaaaa8c9p+10,14050
18555,18555,18555,thermal_lower,53,123_STEAM_2,-0x1.2fffffffffebap+6,14053
18562,18562,18562,transition,54,123_STEAM_2,-0x1.792aaaaaaa8c8p+11,14058
18566,18566,18566,thermal_upper,55,123_STEAM_2,-0x1.37777777775e9p+4,14060
18568,18568,18568,transition,55,123_STEAM_2,-0x1.792aaaaaaa8c8p+11,14062
18573,18573,18573,thermal_lower,56,123_STEAM_2,-0x1.2fffffffffebap+6,14065
18580,18580,18580,transition,57,123_STEAM_2,-0x1.906aaaaaaa929p+11,14070
18584,18584,18584,thermal_upper,58,123_STEAM_2,-0x1.4aaaaaaaaa968p+4,14072
18586,18586,18586,transition,58,123_STEAM_2,-0x1.906aaaaaaa929p+11,14074
18591,18591,18591,thermal_lower,59,123_STEAM_2,-0x1.9d555555553d0p+5,14077
18592,18592,18592,transition,59,123_STEAM_2,-0x1.4000000000000p-39,14078
18598,18598,18598,transition,60,123_STEAM_2,-0x1.a7aaaaaaaa99cp+10,14082
18604,18604,18604,transition,61,123_STEAM_2,-0x1.a7aaaaaaaa99cp+10,14086
18609,18609,18609,thermal_lower,62,123_STEAM_2,-0x1.2fffffffffebap+6,14089
18610,18610,18610,transition,62,123_STEAM_2,-0x1.a7aaaaaaaa99cp+10,14090
18615,18615,18615,thermal_lower,63,123_STEAM_2,-0x1.2fffffffffebap+6,14093
18616,18616,18616,transition,63,123_STEAM_2,-0x1.906aaaaaaa92bp+12,14094
18622,18622,18622,transition,64,123_STEAM_2,-0x1.267fffffffec7p+13,14098
18626,18626,18626,thermal_upper,65,123_STEAM_2,-0x1.e666666666460p+5,14100
18628,18628,18628,transition,65,123_STEAM_2,-0x1.267fffffffec7p+13,14102
18634,18634,18634,transition,66,123_STEAM_2,-0x1.0000000000000p-39,14106
18638,18638,18638,thermal_upper,67,123_STEAM_2,-0x1.a6d01a6d01a6dp-47,14108
18640,18640,18640,transition,67,123_STEAM_2,-0x1.0000000000000p-39,14110
18657,18657,18657,thermal_lower,70,123_STEAM_2,-0x1.2fffffffffec0p+6,14127
18660,18660,18660,minimum_up,70,123_STEAM_2,-0x1.267fffffffecap+12,14130
18663,18663,18663,thermal_lower,71,123_STEAM_2,-0x1.2fffffffffebap+6,14133
18666,18666,18666,minimum_up,71,123_STEAM_2,-0x1.267fffffffec4p+12,14136
18669,18669,18669,thermal_lower,72,123_STEAM_2,-0x1.4b483483481e7p+5,14139
18676,18676,18676,transition,73,123_STEAM_2,-0x1.40edf2df2ddd8p+11,14146
18680,18680,18680,thermal_upper,74,123_STEAM_2,-0x1.09069069067ecp+4,14150
18682,18682,18682,transition,74,123_STEAM_2,-0x1.40edf2df2ddd8p+11,14152
18687,18687,18687,thermal_lower,75,123_STEAM_2,-0x1.14b7cb7cb7b92p+6,14157
18693,18693,18693,thermal_lower,76,123_STEAM_2,-0x1.2fffffffffebap+6,14163
18694,18694,18694,transition,76,123_STEAM_2,-0x1.0c120d20d1fb6p+12,14164
18698,18698,18698,thermal_upper,77,123_STEAM_2,-0x1.d093093092ea4p+5,14168
18700,18700,18700,transition,77,123_STEAM_2,-0x1.1949069068f3dp+13,14170
18711,18711,18711,thermal_lower,79,123_STEAM_2,-0x1.2fffffffffebap+6,14181
18714,18714,18714,minimum_up,79,123_STEAM_2,-0x1.267fffffffec4p+12,14184
18741,18741,18741,thermal_lower,84,123_STEAM_2,-0x1.14b7cb7cb7b92p+6,14211
18744,18744,18744,minimum_up,84,123_STEAM_2,-0x1.0c120d20d1fb6p+12,14214
18753,18753,18753,thermal_lower,86,123_STEAM_2,-0x1.8b4b4b4b4b310p+3,14223
18759,18759,18759,thermal_lower,87,123_STEAM_2,-0x1.f52d2d2d2d0b8p+5,14229
18760,18760,18760,transition,87,123_STEAM_2,-0x1.7ef0f0f0f0d78p+9,14230
18766,18766,18766,transition,88,123_STEAM_2,-0x1.229fffffffec8p+12,14236
18770,18770,18770,thermal_upper,89,123_STEAM_2,-0x1.dfffffffffdfcp+4,14240
18772,18772,18772,transition,89,123_STEAM_2,-0x1.229fffffffec8p+12,14242
18777,18777,18777,thermal_lower,90,123_STEAM_2,-0x1.2fffffffffebap+6,14247
18780,18780,18780,minimum_up,90,123_STEAM_2,-0x1.efffffffffe00p+5,14250
18782,18782,18782,thermal_upper,91,123_STEAM_2,-0x1.dfffffffffdfcp+4,14252
18784,18784,18784,transition,91,123_STEAM_2,-0x1.229fffffffec8p+12,14254
18795,18795,18795,thermal_lower,93,123_STEAM_2,-0x1.27ffffffffec2p+6,14265
18798,18798,18798,minimum_up,93,123_STEAM_2,-0x1.1ebfffffffeccp+12,14268
18825,18825,18825,thermal_lower,98,123_STEAM_2,-0x1.ffffffffffdefp-1,14295
18828,18828,18828,minimum_up,98,123_STEAM_2,-0x1.efffffffffe00p+5,14298
18831,18831,18831,thermal_lower,99,123_STEAM_2,-0x1.23ffffffffec8p+6,14301
18837,18837,18837,thermal_lower,100,123_STEAM_2,-0x1.2fffffffffebap+6,14307
18838,18838,18838,transition,100,123_STEAM_2,-0x1.1adfffffffed2p+12,14308
18843,18843,18843,thermal_lower,101,123_STEAM_2,-0x1.2fffffffffebap+6,14313
18844,18844,18844,transition,101,123_STEAM_2,-0x1.20afffffffecbp+13,14314
18848,18848,18848,thermal_upper,102,123_STEAM_2,-0x1.67ffffffffe7ep+6,14318
18850,18850,18850,transition,102,123_STEAM_2,-0x1.b3efffffffe2dp+13,14320
18855,18855,18855,thermal_lower,103,123_STEAM_2,-0x1.2fffffffffebap+6,14325
18862,18862,18862,transition,104,123_STEAM_2,-0x1.267fffffffec4p+12,14332
18867,18867,18867,thermal_lower,105,123_STEAM_2,-0x1.2fffffffffebap+6,14337
18868,18868,18868,transition,105,123_STEAM_2,-0x1.267fffffffec4p+12,14338
18870,18870,18870,minimum_up,105,123_STEAM_2,-0x1.267fffffffec4p+13,14340
18873,18873,18873,thermal_lower,106,123_STEAM_2,-0x1.7fffffffffd90p+1,14343
18878,18878,18878,thermal_upper,107,123_STEAM_2,-0x1.3333333333140p+0,14348
18880,18880,18880,transition,107,123_STEAM_2,-0x1.73ffffffffda4p+7,14350
18891,18891,18891,thermal_lower,109,123_STEAM_2,-0x1.23ffffffffec8p+6,14359
18897,18897,18897,thermal_lower,110,123_STEAM_2,-0x1.27ffffffffec5p+6,14363
18903,18903,18903,thermal_lower,111,123_STEAM_2,-0x1.2fffffffffebbp+6,14367
18904,18904,18904,transition,111,123_STEAM_2,-0x1.1ebfffffffecfp+12,14368
18910,18910,18910,transition,112,123_STEAM_2,-0x1.229fffffffecap+13,14372
18914,18914,18914,thermal_upper,113,123_STEAM_2,-0x1.dfffffffffe00p+5,14374
18916,18916,18916,transition,113,123_STEAM_2,-0x1.229fffffffecap+13,14376
18945,18945,18945,thermal_lower,118,123_STEAM_2,-0x1.27ffffffffec5p+6,14395
18951,18951,18951,thermal_lower,119,123_STEAM_2,-0x1.2fffffffffebbp+6,14399
19517,19517,19517,thermal_lower,46,123_STEAM_3,-0x1.855555555535dp+5,14777
19523,19523,19523,thermal_lower,47,123_STEAM_3,-0x1.2fffffffffebap+6,14781
19524,19524,19524,transition,47,123_STEAM_3,-0x1.a9d555555532ep+12,14782
19528,19528,19528,thermal_upper,48,123_STEAM_3,-0x1.8eeeeeeeeed20p+5,14784
19530,19530,19530,transition,48,123_STEAM_3,-0x1.10b5555555419p+14,14786
19541,19541,19541,thermal_lower,50,123_STEAM_3,-0x1.2fffffffffebap+6,14793
19546,19546,19546,thermal_upper,51,123_STEAM_3,-0x1.5dddddddddce0p+3,14796
19548,19548,19548,transition,51,123_STEAM_3,-0x1.c415555555399p+12,14798
19552,19552,19552,thermal_upper,52,123_STEAM_3,-0x1.37777777775ecp+3,14800
19554,19554,19554,transition,52,123_STEAM_3,-0x1.a9d5555555338p+11,14802
19559,19559,19559,thermal_lower,53,123_STEAM_3,-0x1.2fffffffffebap+6,14805
19566,19566,19566,transition,54,123_STEAM_3,-0x1.a9d5555555333p+12,14810
19570,19570,19570,thermal_upper,55,123_STEAM_3,-0x1.37777777775e8p+4,14812
19572,19572,19572,transition,55,123_STEAM_3,-0x1.a9d5555555333p+12,14814
19577,19577,19577,thermal_lower,56,123_STEAM_3,-0x1.9d555555553c2p+5,14817
19584,19584,19584,transition,57,123_STEAM_3,-0x1.c41555555539cp+12,14822
19588,19588,19588,thermal_upper,58,123_STEAM_3,-0x1.4aaaaaaaaa968p+4,14824
19590,19590,19590,transition,58,123_STEAM_3,-0x1.c41555555539cp+12,14826
19613,19613,19613,thermal_lower,62,123_STEAM_3,-0x1.2fffffffffebap+6,14841
19619,19619,19619,thermal_lower,63,123_STEAM_3,-0x1.2fffffffffebap+6,14845
19620,19620,19620,transition,63,123_STEAM_3,-0x1.4c7fffffffea1p+13,14846
19626,19626,19626,transition,64,123_STEAM_3,-0x1.4c7fffffffe9ep+14,14850
19630,19630,19630,thermal_upper,65,123_STEAM_3,-0x1.e666666666460p+5,14852
19632,19632,19632,transition,65,123_STEAM_3,-0x1.4c7fffffffe9ep+14,14854
19667,19667,19667,thermal_lower,71,123_STEAM_3,-0x1.23ffffffffe8bp+6,14877
19673,19673,19673,thermal_lower,72,123_STEAM_3,-0x1.4b483483481e7p+5,14881
19680,19680,19680,transition,73,123_STEAM_3,-0x1.6a56f96f96e15p+12,14886
19684,19684,19684,thermal_upper,74,123_STEAM_3,-0x1.09069069067ecp+4,14888
19686,19686,19686,transition,74,123_STEAM_3,-0x1.6a56f96f96e15p+12,14890
19691,19691,19691,thermal_lower,75,123_STEAM_3,-0x1.14b7cb7cb7b93p+6,14893
19697,19697,19697,thermal_lower,76,123_STEAM_3,-0x1.2fffffffffebap+6,14897
19698,19698,19698,transition,76,123_STEAM_3,-0x1.2ea9069068f29p+13,14898
19702,19702,19702,thermal_upper,77,123_STEAM_3,-0x1.d093093092ea4p+5,14900
19704,19704,19704,transition,77,123_STEAM_3,-0x1.3d948348346e2p+14,14902
19709,19709,19709,thermal_lower,78,123_STEAM_3,-0x1.14b7cb7cb7b90p+5,14905
19751,19751,19751,thermal_lower,85,123_STEAM_3,-0x1.6348348348249p+5,14935
19754,19754,19754,minimum_up,85,123_STEAM_3,-0x1.8496f96f96e80p+12,14938
19757,19757,19757,thermal_lower,86,123_STEAM_3,-0x1.8b4b4b4b4b307p+3,14940
19763,19763,19763,thermal_lower,87,123_STEAM_3,-0x1.f52d2d2d2d0b8p+5,14945
19764,19764,19764,transition,87,123_STEAM_3,-0x1.b05a5a5a5a3d0p+10,14946
19770,19770,19770,transition,88,123_STEAM_3,-0x1.481fffffffe9fp+13,14951
19774,19774,19774,thermal_upper,89,123_STEAM_3,-0x1.dfffffffffdfcp+4,14954
19776,19776,19776,transition,89,123_STEAM_3,-0x1.481fffffffe9fp+13,14956
19781,19781,19781,thermal_lower,90,123_STEAM_3,-0x1.2bffffffffebdp+6,14960
19786,19786,19786,thermal_upper,91,123_STEAM_3,-0x1.dfffffffffdfcp+4,14964
19788,19788,19788,transition,91,123_STEAM_3,-0x1.481fffffffe9fp+13,14966
19799,19799,19799,thermal_lower,93,123_STEAM_3,-0x1.08b7cb7cb7b60p+6,14975
19802,19802,19802,minimum_up,93,123_STEAM_3,-0x1.2189069068ef1p+13,14978
19835,19835,19835,thermal_lower,99,123_STEAM_3,-0x1.23ffffffffec6p+6,15005
19841,19841,19841,thermal_lower,100,123_STEAM_3,-0x1.2fffffffffebap+6,15010
19842,19842,19842,transition,100,123_STEAM_3,-0x1.3f5fffffffea9p+13,15011
19847,19847,19847,thermal_lower,101,123_STEAM_3,-0x1.2fffffffffebap+6,15015
19848,19848,19848,transition,101,123_STEAM_3,-0x1.45efffffffea2p+14,15016
19852,19852,19852,thermal_upper,102,123_STEAM_3,-0x1.67ffffffffe7ep+6,15019
19854,19854,19854,transition,102,123_STEAM_3,-0x1.ec2fffffffdf0p+14,15021
19859,19859,19859,thermal_lower,103,123_STEAM_3,-0x1.2fffffffffebap+6,15025
19862,19862,19862,minimum_up,103,123_STEAM_3,-0x1.4c7fffffffe9bp+13,15028
19877,19877,19877,thermal_lower,106,123_STEAM_3,-0x1.7fffffffffd90p+1,15040
19882,19882,19882,thermal_upper,107,123_STEAM_3,-0x1.3333333333140p+0,15044
19884,19884,19884,transition,107,123_STEAM_3,-0x1.a3ffffffffd56p+8,15046
19889,19889,19889,thermal_lower,108,123_STEAM_3,-0x1.2fffffffffebap+6,15051
19901,19901,19901,thermal_lower,110,123_STEAM_3,-0x1.27ffffffffec4p+6,15059
19907,19907,19907,thermal_lower,111,123_STEAM_3,-0x1.2fffffffffebbp+6,15063
19908,19908,19908,transition,111,123_STEAM_3,-0x1.43bfffffffea7p+13,15064
19914,19914,19914,transition,112,123_STEAM_3,-0x1.481fffffffea2p+14,15068
19918,19918,19918,thermal_upper,113,123_STEAM_3,-0x1.dfffffffffe00p+5,15070
19920,19920,19920,transition,113,123_STEAM_3,-0x1.481fffffffea2p+14,15072
19931,19931,19931,thermal_lower,115,123_STEAM_3,-0x1.0000000000000p-46,15079
19979,19979,19979,thermal_lower,123,123_STEAM_3,-0x1.23ffffffffec5p+6,15111
20009,20009,20009,thermal_lower,128,123_STEAM_3,-0x1.2fffffffffebap+6,15131
20051,20051,20051,thermal_lower,135,123_STEAM_3,-0x1.00000000000a0p+0,15159
20057,20057,20057,thermal_lower,136,123_STEAM_3,-0x1.6000000000000p-47,15163
20521,20521,20521,thermal_lower,46,123_CT_1,-0x1.8555555555363p+5,15473
20527,20527,20527,thermal_lower,47,123_CT_1,-0x1.2fffffffffebap+6,15477
20528,20528,20528,transition,47,123_CT_1,-0x1.0baaaaaaaa954p+10,15478
20532,20532,20532,thermal_upper,48,123_CT_1,-0x1.8eeeeeeeeed21p+5,15480
20534,20534,20534,transition,48,123_CT_1,-0x1.56d55555553cap+11,15482
20539,20539,20539,thermal_lower,49,123_CT_1,-0x1.2fffffffffebap+6,15485
20540,20540,20540,transition,49,123_CT_1,-0x1.0000000000000p-40,15486
20545,20545,20545,thermal_lower,50,123_CT_1,-0x1.2fffffffffeb7p+6,15489
20546,20546,20546,transition,50,123_CT_1,-0x1.0000000000000p-40,15490
20550,20550,20550,thermal_upper,51,123_CT_1,-0x1.5dddddddddcdfp+3,15492
20552,20552,20552,transition,51,123_CT_1,-0x1.2caaaaaaaa9d8p+9,15494
20556,20556,20556,thermal_upper,52,123_CT_1,-0x1.37777777775e8p+3,15496
20563,20563,20563,thermal_lower,53,123_CT_1,-0x1.2fffffffffebap+6,15501
20564,20564,20564,transition,53,123_CT_1,0x1.0baaaaaaaa954p+9,15502
20570,20570,20570,transition,54,123_CT_1,-0x1.0baaaaaaaa954p+9,15506
20574,20574,20574,thermal_upper,55,123_CT_1,-0x1.37777777775e8p+4,15508
20576,20576,20576,transition,55,123_CT_1,-0x1.0baaaaaaaa954p+9,15510
20581,20581,20581,thermal_lower,56,123_CT_1,-0x1.2fffffffffeb8p+6,15513
20588,20588,20588,transition,57,123_CT_1,-0x1.1c2aaaaaaa995p+10,15518
20592,20592,20592,thermal_upper,58,123_CT_1,-0x1.4aaaaaaaaa968p+4,15520
20594,20594,20594,transition,58,123_CT_1,-0x1.1c2aaaaaaa995p+10,15522
20599,20599,20599,thermal_lower,59,123_CT_1,-0x1.9d555555553c2p+5,15525
20677,20677,20677,thermal_lower,72,123_CT_1,-0x1.4b483483481e7p+5,15597
20684,20684,20684,transition,73,123_CT_1,-0x1.c78348348329ep+9,15604
20688,20688,20688,thermal_upper,74,123_CT_1,-0x1.09069069067ecp+4,15608
20690,20690,20690,transition,74,123_CT_1,-0x1.c78348348329ep+9,15610
20695,20695,20695,thermal_lower,75,123_CT_1,-0x1.2fffffffffebap+6,15615
20698,20698,20698,minimum_up,75,123_CT_1,-0x1.c78348348329ep+9,15618
20701,20701,20701,thermal_lower,76,123_CT_1,-0x1.2fffffffffebap+6,15621
20702,20702,20702,transition,76,123_CT_1,-0x1.7c7cb7cb7c9e8p+9,15622
20706,20706,20706,thermal_upper,77,123_CT_1,-0x1.d093093092ea4p+5,15626
20708,20708,20708,transition,77,123_CT_1,-0x1.301f2df2df19ap+11,15628
20713,20713,20713,thermal_lower,78,123_CT_1,-0x1.14b7cb7cb7b90p+5,15633
20716,20716,20716,minimum_up,78,123_CT_1,-0x1.7c7cb7cb7c9e6p+9,15636
20719,20719,20719,thermal_lower,79,123_CT_1,-0x1.2fffffffffebap+6,15639
20722,20722,20722,minimum_up,79,123_CT_1,-0x1.a1ffffffffe40p+10,15642
20767,20767,20767,thermal_lower,87,123_CT_1,-0x1.ffffffffffe2fp-1,15687
20774,20774,20774,transition,88,123_CT_1,-0x1.5fffffffffec0p+4,15694
20778,20778,20778,thermal_upper,89,123_CT_1,-0x1.9999999999825p-2,15698
20780,20780,20780,transition,89,123_CT_1,-0x1.5fffffffffec0p+4,15700
20785,20785,20785,thermal_lower,90,123_CT_1,-0x1.2fffffffffebap+6,15705
20788,20788,20788,minimum_up,90,123_CT_1,-0x1.5fffffffffec0p+4,15708
20790,20790,20790,thermal_upper,91,123_CT_1,-0x1.dfffffffffdfcp+4,15710
20792,20792,20792,transition,91,123_CT_1,-0x1.9c7fffffffe45p+10,15712
20803,20803,20803,thermal_lower,93,123_CT_1,-0x1.2bffffffffebep+6,15723
20806,20806,20806,minimum_up,93,123_CT_1,-0x1.9c7fffffffe45p+10,15726
20851,20851,20851,thermal_lower,101,123_CT_1,-0x1.2fffffffffebap+6,15771
20856,20856,20856,thermal_upper,102,123_CT_1,-0x1.e66666666645dp+4,15776
20858,20858,20858,transition,102,123_CT_1,-0x1.a1ffffffffe40p+10,15778
20863,20863,20863,thermal_lower,103,123_CT_1,-0x1.2fffffffffebap+6,15783
20866,20866,20866,minimum_up,103,123_CT_1,-0x1.a1ffffffffe40p+10,15786
20881,20881,20881,thermal_lower,106,123_CT_1,-0x1.7fffffffffd90p+1,15801
20886,20886,20886,thermal_upper,107,123_CT_1,-0x1.3333333333140p+0,15806
20888,20888,20888,transition,107,123_CT_1,-0x1.07ffffffffe53p+6,15808
20893,20893,20893,thermal_lower,108,123_CT_1,-0x1.7fffffffffd90p+1,15813
20935,20935,20935,thermal_lower,115,123_CT_1,-0x1.d1745d1745d18p-47,15841
20942,20942,20942,transition,116,123_CT_1,-0x1.4000000000000p-42,15846
21525,21525,21525,thermal_lower,46,123_CT_4,-0x1.8555555555369p+5,16235
21531,21531,21531,thermal_lower,47,123_CT_4,-0x1.2fffffffffebap+6,16239
21532,21532,21532,transition,47,123_CT_4,-0x1.0baaaaaaaa958p+10,16240
21536,21536,21536,thermal_upper,48,123_CT_4,-0x1.8eeeeeeeeed20p+5,16242
21538,21538,21538,transition,48,123_CT_4,-0x1.56d55555553ccp+11,16244
21543,21543,21543,thermal_lower,49,123_CT_4,-0x1.2fffffffffebap+6,16247
21544,21544,21544,transition,49,123_CT_4,-0x1.0000000000000p-39,16248
21549,21549,21549,thermal_lower,50,123_CT_4,-0x1.2fffffffffebap+6,16251
21550,21550,21550,transition,50,123_CT_4,-0x1.0000000000000p-39,16252
21554,21554,21554,thermal_upper,51,123_CT_4,-0x1.5dddddddddce0p+3,16254
21556,21556,21556,transition,51,123_CT_4,-0x1.2caaaaaaaa9e0p+9,16256
21560,21560,21560,thermal_upper,52,123_CT_4,-0x1.37777777775e8p+3,16258
21567,21567,21567,thermal_lower,53,123_CT_4,-0x1.2fffffffffebap+6,16263
21568,21568,21568,transition,53,123_CT_4,0x1.0baaaaaaaa954p+9,16264
21574,21574,21574,transition,54,123_CT_4,-0x1.0baaaaaaaa94cp+9,16268
21578,21578,21578,thermal_upper,55,123_CT_4,-0x1.37777777775e8p+4,16270
21580,21580,21580,transition,55,123_CT_4,-0x1.0baaaaaaaa94cp+9,16272
21585,21585,21585,thermal_lower,56,123_CT_4,-0x1.2fffffffffeb6p+6,16275
21586,21586,21586,transition,56,123_CT_4,0x1.8000000000000p-41,16276
21592,21592,21592,transition,57,123_CT_4,-0x1.1c2aaaaaaa992p+10,16280
21596,21596,21596,thermal_upper,58,123_CT_4,-0x1.4aaaaaaaaa968p+4,16282
21598,21598,21598,transition,58,123_CT_4,-0x1.1c2aaaaaaa995p+10,16284
21603,21603,21603,thermal_lower,59,123_CT_4,-0x1.9d555555553bdp+5,16287
21638,21638,21638,thermal_upper,65,123_CT_4,-0x1.e666666666460p+5,16316
21646,21646,21646,transition,66,123_CT_4,0x1.a1ffffffffe42p+11,16324
21649,21649,21649,minimum_down,66,123_CT_4,-0x1.a1ffffffffe42p+11,16327
21681,21681,21681,thermal_lower,72,123_CT_4,-0x1.4b483483481e7p+5,16359
21688,21688,21688,transition,73,123_CT_4,-0x1.c78348348329ep+9,16366
21692,21692,21692,thermal_upper,74,123_CT_4,-0x1.09069069067ecp+4,16370
21694,21694,21694,transition,74,123_CT_4,-0x1.c78348348329ep+9,16372
21699,21699,21699,thermal_lower,75,123_CT_4,-0x1.2fffffffffebap+6,16377
21702,21702,21702,minimum_up,75,123_CT_4,-0x1.c78348348329ep+9,16380
21705,21705,21705,thermal_lower,76,123_CT_4,-0x1.2fffffffffebap+6,16383
21706,21706,21706,transition,76,123_CT_4,-0x1.7c7cb7cb7c9e2p+9,16384
21710,21710,21710,thermal_upper,77,123_CT_4,-0x1.61e31e31e3066p+5,16388
21712,21712,21712,transition,77,123_CT_4,-0x1.301f2df2df198p+11,16390
21717,21717,21717,thermal_lower,78,123_CT_4,-0x1.14b7cb7cb7b90p+5,16395
21720,21720,21720,minimum_up,78,123_CT_4,-0x1.7c7cb7cb7c9e6p+9,16398
21723,21723,21723,thermal_lower,79,123_CT_4,-0x1.2fffffffffeb8p+6,16401
21726,21726,21726,minimum_up,79,123_CT_4,-0x1.a1ffffffffe3dp+10,16404
21771,21771,21771,thermal_lower,87,123_CT_4,-0x1.f52d2d2d2d0b8p+5,16449
21778,21778,21778,transition,88,123_CT_4,-0x1.588f0f0f0ef7ep+10,16456
21782,21782,21782,thermal_upper,89,123_CT_4,-0x1.90f0f0f0f0d5fp+4,16460
21784,21784,21784,transition,89,123_CT_4,-0x1.588f0f0f0ef7ep+10,16462
21789,21789,21789,thermal_lower,90,123_CT_4,-0x1.2fffffffffebap+6,16467
21792,21792,21792,minimum_up,90,123_CT_4,-0x1.588f0f0f0ef7ep+10,16470
21794,21794,21794,thermal_upper,91,123_CT_4,-0x1.dfffffffffdfcp+4,16472
21796,21796,21796,transition,91,123_CT_4,-0x1.9c7fffffffe45p+10,16474
21807,21807,21807,thermal_lower,93,123_CT_4,-0x1.2bffffffffebep+6,16485
21810,21810,21810,minimum_up,93,123_CT_4,-0x1.9c7fffffffe45p+10,16488
21855,21855,21855,thermal_lower,101,123_CT_4,-0x1.2fffffffffebap+6,16533
21860,21860,21860,thermal_upper,102,123_CT_4,-0x1.e66666666645dp+4,16538
21862,21862,21862,transition,102,123_CT_4,-0x1.a1ffffffffe40p+10,16540
21867,21867,21867,thermal_lower,103,123_CT_4,-0x1.2fffffffffebap+6,16545
21870,21870,21870,minimum_up,103,123_CT_4,-0x1.a1ffffffffe40p+10,16548
21885,21885,21885,thermal_lower,106,123_CT_4,-0x1.7fffffffffd90p+1,16563
21890,21890,21890,thermal_upper,107,123_CT_4,-0x1.3333333333140p+0,16568
21892,21892,21892,transition,107,123_CT_4,-0x1.07ffffffffe53p+6,16570
21897,21897,21897,thermal_lower,108,123_CT_4,-0x1.7fffffffffd90p+1,16575
21915,21915,21915,thermal_lower,111,123_CT_4,-0x1.2fffffffffebbp+6,16587
21922,21922,21922,transition,112,123_CT_4,-0x1.a1ffffffffe41p+10,16592
21926,21926,21926,thermal_upper,113,123_CT_4,-0x1.dfffffffffe00p+5,16594
21928,21928,21928,transition,113,123_CT_4,-0x1.a1ffffffffe42p+10,16596
21934,21934,21934,transition,114,123_CT_4,0x1.96ffffffffe4ep+10,16600
21939,21939,21939,thermal_lower,115,123_CT_4,-0x1.0000000000000p-46,16603
21940,21940,21940,transition,115,123_CT_4,0x1.9c7fffffffe48p+11,16604
22529,22529,22529,thermal_lower,46,123_CT_5,-0x1.855555555535dp+5,16997
22535,22535,22535,thermal_lower,47,123_CT_5,-0x1.2fffffffffebap+6,17001
22536,22536,22536,transition,47,123_CT_5,-0x1.0baaaaaaaa950p+10,17002
22540,22540,22540,thermal_upper,48,123_CT_5,-0x1.8eeeeeeeeed20p+5,17004
22542,22542,22542,transition,48,123_CT_5,-0x1.56d55555553c8p+11,17006
22547,22547,22547,thermal_lower,49,123_CT_5,-0x1.2fffffffffebap+6,17009
22553,22553,22553,thermal_lower,50,123_CT_5,-0x1.2fffffffffebap+6,17013
22554,22554,22554,transition,50,123_CT_5,-0x1.0000000000000p-39,17014
22558,22558,22558,thermal_upper,51,123_CT_5,-0x1.5dddddddddce0p+3,17016
22560,22560,22560,transition,51,123_CT_5,-0x1.2caaaaaaaa9e0p+9,17018
22564,22564,22564,thermal_upper,52,123_CT_5,-0x1.37777777775e7p+3,17020
22571,22571,22571,thermal_lower,53,123_CT_5,-0x1.2fffffffffebap+6,17025
22572,22572,22572,transition,53,123_CT_5,0x1.0baaaaaaaa953p+9,17026
22578,22578,22578,transition,54,123_CT_5,-0x1.0baaaaaaaa953p+9,17030
22582,22582,22582,thermal_upper,55,123_CT_5,-0x1.37777777775e8p+4,17032
22584,22584,22584,transition,55,123_CT_5,-0x1.0baaaaaaaa953p+9,17034
22589,22589,22589,thermal_lower,56,123_CT_5,-0x1.2fffffffffebap+6,17037
22596,22596,22596,transition,57,123_CT_5,-0x1.1c2aaaaaaa995p+10,17042
22600,22600,22600,thermal_upper,58,123_CT_5,-0x1.4aaaaaaaaa968p+4,17044
22602,22602,22602,transition,58,123_CT_5,-0x1.1c2aaaaaaa995p+10,17046
22607,22607,22607,thermal_lower,59,123_CT_5,-0x1.9d555555553c2p+5,17049
22631,22631,22631,thermal_lower,63,123_CT_5,-0x1.2fffffffffebap+6,17067
22638,22638,22638,transition,64,123_CT_5,-0x1.a1ffffffffe40p+10,17074
22642,22642,22642,thermal_upper,65,123_CT_5,-0x1.e66666666645dp+4,17078
22644,22644,22644,transition,65,123_CT_5,-0x1.a1ffffffffe40p+10,17080
22652,22652,22652,minimum_up,66,123_CT_5,-0x1.a1ffffffffe40p+10,17088
22685,22685,22685,thermal_lower,72,123_CT_5,-0x1.4b483483481e7p+5,17121
22692,22692,22692,transition,73,123_CT_5,-0x1.c78348348329ep+9,17128
22696,22696,22696,thermal_upper,74,123_CT_5,-0x1.09069069067ecp+4,17132
22698,22698,22698,transition,74,123_CT_5,-0x1.c78348348329ep+9,17134
22703,22703,22703,thermal_lower,75,123_CT_5,-0x1.2fffffffffebap+6,17139
22706,22706,22706,minimum_up,75,123_CT_5,-0x1.c78348348329ep+9,17142
22709,22709,22709,thermal_lower,76,123_CT_5,-0x1.2fffffffffebap+6,17145
22710,22710,22710,transition,76,123_CT_5,-0x1.7c7cb7cb7c9e2p+9,17146
22714,22714,22714,thermal_upper,77,123_CT_5,-0x1.d093093092ea4p+5,17150
22716,22716,22716,transition,77,123_CT_5,-0x1.301f2df2df19ap+11,17152
22721,22721,22721,thermal_lower,78,123_CT_5,-0x1.14b7cb7cb7b90p+5,17157
22724,22724,22724,minimum_up,78,123_CT_5,-0x1.7c7cb7cb7c9e6p+9,17160
22727,22727,22727,thermal_lower,79,123_CT_5,-0x1.2fffffffffebap+6,17163
22730,22730,22730,minimum_up,79,123_CT_5,-0x1.a1ffffffffe40p+10,17166
22775,22775,22775,thermal_lower,87,123_CT_5,-0x1.f52d2d2d2d0b8p+5,17211
22782,22782,22782,transition,88,123_CT_5,-0x1.588f0f0f0ef7ep+10,17218
22786,22786,22786,thermal_upper,89,123_CT_5,-0x1.90f0f0f0f0d5fp+4,17222
22788,22788,22788,transition,89,123_CT_5,-0x1.588f0f0f0ef7ep+10,17224
22793,22793,22793,thermal_lower,90,123_CT_5,-0x1.2fffffffffebap+6,17229
22796,22796,22796,minimum_up,90,123_CT_5,-0x1.588f0f0f0ef7ep+10,17232
22798,22798,22798,thermal_upper,91,123_CT_5,-0x1.dfffffffffdfcp+4,17234
22800,22800,22800,transition,91,123_CT_5,-0x1.9c7fffffffe45p+10,17236
22811,22811,22811,thermal_lower,93,123_CT_5,-0x1.2bffffffffebep+6,17247
22814,22814,22814,minimum_up,93,123_CT_5,-0x1.9c7fffffffe45p+10,17250
22859,22859,22859,thermal_lower,101,123_CT_5,-0x1.2fffffffffebap+6,17295
22864,22864,22864,thermal_upper,102,123_CT_5,-0x1.e66666666645dp+4,17300
22866,22866,22866,transition,102,123_CT_5,-0x1.a1ffffffffe40p+10,17302
22871,22871,22871,thermal_lower,103,123_CT_5,-0x1.2fffffffffebap+6,17307
22874,22874,22874,minimum_up,103,123_CT_5,-0x1.a1ffffffffe40p+10,17310
22889,22889,22889,thermal_lower,106,123_CT_5,-0x1.7fffffffffd90p+1,17325
22894,22894,22894,thermal_upper,107,123_CT_5,-0x1.3333333333140p+0,17330
22896,22896,22896,transition,107,123_CT_5,-0x1.07ffffffffe53p+6,17332
22907,22907,22907,thermal_lower,109,123_CT_5,-0x1.7fffffffffd90p+1,17341
22919,22919,22919,thermal_lower,111,123_CT_5,-0x1.2fffffffffebbp+6,17349
22926,22926,22926,transition,112,123_CT_5,-0x1.a1ffffffffe41p+10,17354
22930,22930,22930,thermal_upper,113,123_CT_5,-0x1.dfffffffffe00p+5,17356
22932,22932,22932,transition,113,123_CT_5,-0x1.a1ffffffffe42p+10,17358
22943,22943,22943,thermal_lower,115,123_CT_5,-0x1.0000000000000p-46,17365
24264,24264,24264,fossil_energy_cap,-1,23_fossil_units,-0x1.2fffffffffebap+6,18272
34247,34247,34247,nodal_balance,161,101,-0x1.6210981c857b2p+2,28255
34248,34248,34248,nodal_balance,161,102,-0x1.56ca317ea5da5p+2,28256
34249,34249,34249,nodal_balance,161,103,-0x1.62797c82feba2p+3,28257
34250,34250,34250,nodal_balance,161,104,-0x1.36f8bf1f23f72p+2,28258
34251,34251,34251,nodal_balance,161,105,-0x1.178ead5123113p+2,28259
34252,34252,34252,nodal_balance,161,106,-0x1.d887498e3fac4p+1,28260
34253,34253,34253,nodal_balance,161,107,-0x1.e75605b0afd08p+1,28261
34254,34254,34254,nodal_balance,161,108,-0x1.e75605b0afd08p+1,28262
34255,34255,34255,nodal_balance,161,109,-0x1.1cea759e89390p+2,28263
34256,34256,34256,nodal_balance,161,110,-0x1.94d720244d2f0p+1,28264
34257,34257,34257,nodal_balance,161,111,-0x1.d89317d613bb5p+0,28265
34258,34258,34258,nodal_balance,161,112,-0x1.1eafd0dfe1f8ep+1,28266
34259,34259,34259,nodal_balance,161,113,-0x1.99e60a758862ep+0,28267
34260,34260,34260,nodal_balance,161,114,-0x1.2c3203c53cfd8p-3,28268
34261,34261,34261,nodal_balance,161,115,-0x1.653a1e7c04295p+4,28269
34262,34262,34262,nodal_balance,161,116,0x1.1ecf09517b2b2p+1,28270
34263,34263,34263,nodal_balance,161,117,-0x1.7d9fa4f8ab3fep+6,28271
34264,34264,34264,nodal_balance,161,118,-0x1.33a6aaf1d02ddp+6,28272
34265,34265,34265,nodal_balance,161,119,0x1.494c85f541905p+0,28273
34266,34266,34266,nodal_balance,161,120,0x1.d3645b0986593p-2,28274
34267,34267,34267,nodal_balance,161,121,-0x1.ddecaa2009830p+5,28275
34268,34268,34268,nodal_balance,161,122,-0x1.270987b574124p+6,28276
34270,34270,34270,nodal_balance,161,124,-0x1.210a0643878c2p+4,28278
34298,34298,34298,branch_flow,161,27,0x1.12b3c4c8ad31ap+7,28306
34309,34309,34309,nodal_balance,162,101,0x1.1d85a17007d68p+6,28317
34310,34310,34310,nodal_balance,162,102,0x1.1e3a07d9e5d0ap+6,28318
34311,34311,34311,nodal_balance,162,103,0x1.07577b617056bp+6,28319
34312,34312,34312,nodal_balance,162,104,0x1.20371effddeedp+6,28320
34313,34313,34313,nodal_balance,162,105,0x1.222dc01cbdfd2p+6,28321
34314,34314,34314,nodal_balance,162,106,0x1.24e270a55e30dp+6,28322
34315,34315,34315,nodal_balance,162,107,0x1.246bfac44aafap+6,28323
34316,34316,34316,nodal_balance,162,108,0x1.246bfac44aafap+6,28324
34317,34317,34317,nodal_balance,162,109,0x1.21d80397e79aap+6,28325
34318,34318,34318,nodal_balance,162,110,0x1.26fff1f0adc4bp+6,28326
34319,34319,34319,nodal_balance,162,111,0x1.2c445e9277df4p+6,28327
34320,34320,34320,nodal_balance,162,112,0x1.2ab12c6ad11e7p+6,28328
34321,34321,34321,nodal_balance,162,113,0x1.2d3f12c7fa0cdp+6,28329
34322,34322,34322,nodal_balance,162,114,0x1.331091efed8f8p+6,28330
34323,34323,34323,nodal_balance,162,115,0x1.b4b046a59e46cp+5,28331
34324,34324,34324,nodal_balance,162,116,0x1.3c9d233c5c072p+6,28332
34325,34325,34325,nodal_balance,162,117,-0x1.27e3e81b6c487p+4,28333
34327,34327,34327,nodal_balance,162,119,0x1.38cbdd09a5340p+6,28335
34328,34328,34328,nodal_balance,162,120,0x1.357a0f4cd9b43p+6,28336
34329,34329,34329,nodal_balance,162,121,0x1.12c157872db10p+4,28337
34330,34330,34330,nodal_balance,162,122,0x1.93a4678b83702p+1,28338
34331,34331,34331,nodal_balance,162,123,0x1.33a6aaf1d02dfp+6,28339
34332,34332,34332,nodal_balance,162,124,0x1.d6c852c1dc958p+5,28340
34360,34360,34360,branch_flow,162,27,0x1.12b3c4c8ad31cp+7,28368
34371,34371,34371,nodal_balance,163,101,0x1.1d85a17007d64p+6,28379
34372,34372,34372,nodal_balance,163,102,0x1.1e3a07d9e5d07p+6,28380
34373,34373,34373,nodal_balance,163,103,0x1.07577b6170569p+6,28381
34374,34374,34374,nodal_balance,163,104,0x1.20371effddee9p+6,28382
34375,34375,34375,nodal_balance,163,105,0x1.222dc01cbdfcap+6,28383
34376,34376,34376,nodal_balance,163,106,0x1.24e270a55e304p+6,28384
34377,34377,34377,nodal_balance,163,107,0x1.246bfac44aaf3p+6,28385
34378,34378,34378,nodal_balance,163,108,0x1.246bfac44aaf3p+6,28386
34379,34379,34379,nodal_balance,163,109,0x1.21d80397e79a6p+6,28387
34380,34380,34380,nodal_balance,163,110,0x1.26fff1f0adc40p+6,28388
34381,34381,34381,nodal_balance,163,111,0x1.2c445e9277defp+6,28389
34382,34382,34382,nodal_balance,163,112,0x1.2ab12c6ad11e6p+6,28390
34383,34383,34383,nodal_balance,163,113,0x1.2d3f12c7fa0d1p+6,28391
34384,34384,34384,nodal_balance,163,114,0x1.331091efed8f6p+6,28392
34385,34385,34385,nodal_balance,163,115,0x1.b4b046a59e46bp+5,28393
34386,34386,34386,nodal_balance,163,116,0x1.3c9d233c5c072p+6,28394
34387,34387,34387,nodal_balance,163,117,-0x1.27e3e81b6c486p+4,28395
34389,34389,34389,nodal_balance,163,119,0x1.38cbdd09a5342p+6,28397
34390,34390,34390,nodal_balance,163,120,0x1.357a0f4cd9b46p+6,28398
34391,34391,34391,nodal_balance,163,121,0x1.12c157872db0fp+4,28399
34392,34392,34392,nodal_balance,163,122,0x1.93a4678b83701p+1,28400
34393,34393,34393,nodal_balance,163,123,0x1.33a6aaf1d02e2p+6,28401
34394,34394,34394,nodal_balance,163,124,0x1.d6c852c1dc950p+5,28402
34422,34422,34422,branch_flow,163,27,0x1.12b3c4c8ad31bp+7,28430
