path,bytes,sha256
docs/research_next/COMMON_REFINEMENT_JOBS_PROTOCOL.md,8758,14f9a4f2fb11966eec851e1c69187945f2daa523f1d5fd1a5b389900ecdf7b1f
docs/research_next/COMMON_REFINEMENT_JOB_RECOVERY_PROPOSAL.md,5649,9bc441c87e014bafbd18e27de63e9017ca3d2519cf7de4b7037515b25d269781
results/research_next/common_refinement_batch/producer_output_inventory.csv,108205,8c0faa1048a6b5d232feb58a75d921fb287abc87c607d71f492d7824739b7f83
results/research_next/common_refinement_batch_independent_review/POSTRUN_FAILURE_REVIEW.md,3251,b37c5db851abe38b92f43563ee602839e281c4c43db31dea8d95ef99160ac358
results/research_next/common_refinement_batch_independent_review/postrun_failure_review.json,123449,fa336a6b919b50df691f4ec01b8ef70cadd63e7f800f0fb4b3298c783c642a0f
results/research_next/common_refinement_jobs/EXECUTION_RECEIPT.json,1040,f263f34af61e0df9ee390ebae03e022c503e61862f752090b6abbf36d79f727f
results/research_next/common_refinement_jobs/EXTERNAL_PROCESS_CLOSURE.json,573,c166cafda7d5f40b5a7b07eecfabb3d3b8e03b954d266d0fd9fd83083cf8ae64
results/research_next/common_refinement_jobs/EXTERNAL_TRANSPORT_CLOSURE.json,1960,3e5916f4daedb6468f068e0565ba1f674831485fd7e10ebd0387410ba95dddb5
results/research_next/common_refinement_jobs/FINAL_READOUT.md,2699,4efcf13a7ffe56c2e4185482782bbf28804b475e6e43109ab348d736dc7295fc
results/research_next/common_refinement_jobs/PARENT_SOURCE_REVIEW.md,1299,080c309c04a1d3f80b85c1cdd15ce14d470be7da3d5f97dbd9981e004eee2cfd
results/research_next/common_refinement_jobs/READOUT.md,3550,2e2e522d3a97f3f9eb3791cf7b76dbc1c5fef7249fb9475e2f36c2ce3823c9a6
results/research_next/common_refinement_jobs/ROOT_EXECUTION_GO.json,1827,da449965a1febf3bdeac8915c3355f7fd3a6ebc9c8cda864021432c74a69afc0
results/research_next/common_refinement_jobs/SOURCE_DIFF.diff,38788,f9bb269f95a2e44a7126c8daabc83bfd88b4fa603dadc8944a6571e8dca0d50e
results/research_next/common_refinement_jobs/SOURCE_READINESS.md,2721,8ad7ed36d439b87d3299e5e66f823c7e4b43310272157a35d9f4993b53e2c7c0
results/research_next/common_refinement_jobs/close_producer.py,6970,e21ef8ba623b565432164baae4ae096bb2881f92726d30f6add612c0cd84758b
results/research_next/common_refinement_jobs/prepared/anchor_certificate.json.gz,622888,427dba0e4a75fd7bce5dff278c958fb73dafa2fbf41cf0a1cdc3c08f391a178b
results/research_next/common_refinement_jobs/prepared/column_encoding.json.gz,169808,0c2b09814a24a09400ed3426d2e1b734ebe8e4b2f4dc1c35280b5eec1a644118
results/research_next/common_refinement_jobs/prepared/control_raw_solution.npz,215207,90c8b308a6ce8e7671adbe3059887d6ce27489fa3d68aa601c2474b32d2d462a
results/research_next/common_refinement_jobs/prepared/copy_provenance.json,462470,22381f3d2fbb31925ef0fa1724a9aabba4fed36b8057fafd0c6799053c841aaa
results/research_next/common_refinement_jobs/prepared/days_321/bounds.npz,52776,5a5f697b0be8cac253c9ca5c607586ab440fcd8276ede98648c6ce179bca1e6d
results/research_next/common_refinement_jobs/prepared/days_321/integrality.npz,282,7fae01f9639be86f0b91683b2d2a72f166c06593fb646001bc0417e97aaa712d
results/research_next/common_refinement_jobs/prepared/days_321/matrix.npz,199281,2f11940f72432a2a2e89e4a88115eba3cf24a8e82a8110e250c6191020c1f0bb
results/research_next/common_refinement_jobs/prepared/days_321/model_metadata.json,2474,1d8281f53cc1c08f73d1fdc8d66a7825d2f34377ba933c13d0e5e0be8b223fa4
results/research_next/common_refinement_jobs/prepared/days_321/native_inputs.npz,26526,65de9acfa3dc685ed9de1d3883fcca08addf2507d75632114984f269c7693622
results/research_next/common_refinement_jobs/prepared/days_321/native_spec.json,18523,9a2c78233792adb44a3a50ba7510769185457660551f92892941eeda1bacffd3
results/research_next/common_refinement_jobs/prepared/days_321/permutation.csv,1908,6d2136284699f1a6075a2497c9d071936ae63cfb89f5136c1e1af3fc7c3af275
results/research_next/common_refinement_jobs/prepared/days_321/row_metadata.csv.gz,147013,eb73c440b322d0218299b5811de3db39e8335eac7dd014247ab4224be92f1efe
results/research_next/common_refinement_jobs/prepared/days_321_cut.json,1634176,7fe192f2acd9ebd1e14eeecde3ece0e3d5d24ede8408e6047b1cb9dd597f30dd
results/research_next/common_refinement_jobs/prepared/endpoint_map.json.gz,1019970,64af797621e376b1885a9ab1971881decbf211ce3c6ec5889ef1896f8720641d
results/research_next/common_refinement_jobs/prepared/gen.csv,32451,988466f29132b73739de60c9204dd4a2a9ceb0adf572e5966c086611272f4068
results/research_next/common_refinement_jobs/prepared/identity/bounds.npz,52283,44ddedc6dd4b06028b9c7d10180cac4889dd51658a560d49f66ef8f3e31ab2d2
results/research_next/common_refinement_jobs/prepared/identity/integrality.npz,282,7fae01f9639be86f0b91683b2d2a72f166c06593fb646001bc0417e97aaa712d
results/research_next/common_refinement_jobs/prepared/identity/matrix.npz,199281,2f11940f72432a2a2e89e4a88115eba3cf24a8e82a8110e250c6191020c1f0bb
results/research_next/common_refinement_jobs/prepared/identity/model_metadata.json,2474,1d8281f53cc1c08f73d1fdc8d66a7825d2f34377ba933c13d0e5e0be8b223fa4
results/research_next/common_refinement_jobs/prepared/identity/native_inputs.npz,26497,5f917f58e4fd50ae1e0d9198fd84e81f57adb1f24b530d1ed5bb71d99714a960
results/research_next/common_refinement_jobs/prepared/identity/native_spec.json,18523,9a2c78233792adb44a3a50ba7510769185457660551f92892941eeda1bacffd3
results/research_next/common_refinement_jobs/prepared/identity/permutation.csv,2361,94352d5ec4282e9757c259bd336faae046eecbba3231b57b96e7a60257252580
results/research_next/common_refinement_jobs/prepared/identity/row_metadata.csv.gz,147013,e749fc61f6807729b78154a3cce4a3f9cfa345fd9da946745e74e101b295107a
results/research_next/common_refinement_jobs/prepared/identity_cut.json,1634164,8ba409f8702486dcdebc7611a98609696348c41d46af8fa38d7e77b5614621cb
results/research_next/common_refinement_jobs/prepared/inherited_fixed_schedule.json,686490,26362ddab6b43aaa3ce2b605997a0c3460d9615492c13e177f7822c508ebf14a
results/research_next/common_refinement_jobs/prepared/inherited_initial_duplicate_set.json,145391,eb8c0739d724515efdb7f69110cd9d8c9c777ac55e17ee870ff2085fdd4ee477
results/research_next/common_refinement_jobs/prepared/inherited_seed_completion.json,107,34f275ddb6808c7bfa886fcd2212aec82bf69e33620ce9dbf826b0cc874ff873
results/research_next/common_refinement_jobs/prepared/inherited_seed_index.json,244996,138fc2d5b3d3a1b4e2890c662d1f2e190cad5d86dc6fcd85288497f3535326c7
results/research_next/common_refinement_jobs/prepared/input_manifest.json,524799,4478c4637b2b81256cc31e9cdc2516b2112309c30096176d5df42ba205dd09a6
results/research_next/common_refinement_jobs/prepared/joint/bounds.npz,103580,a518cdf095baee03ea4480c15f80fe9e55aa9aff230e31987623e38b5a94c4cc
results/research_next/common_refinement_jobs/prepared/joint/column_maps.json,772421,ced46514e0a6525a21f24aab86dea4b6e3ce0f27440f6dee53a47093dbc0f4bb
results/research_next/common_refinement_jobs/prepared/joint/integrality.npz,291,047eaf6164b000c7cac99b630d0067a8e3936528d321877b83c2261fb8257be6
results/research_next/common_refinement_jobs/prepared/joint/matrix.npz,400050,1266104d52944d29d2ac2bfbd1ce89b12b1da4e58c0a2590b33a98e29eb66074
results/research_next/common_refinement_jobs/prepared/joint/row_origins.json,2613562,b2845b979bac228548d6b3557da24d3c6bfea500c4284299a97fe1a20dd253fe
results/research_next/common_refinement_jobs/prepared/master.json.gz,328558,c873e64e591a2362bf503fcfe25fb6af358e622b7e43e6902935ad13a94a25ab
results/research_next/common_refinement_jobs/prepared/phase_model.npz,709740,23c455179fa51153b921a101633193ccf25ed0559345ed7008c1fe0508e01b23
results/research_next/common_refinement_jobs/prepared/plan.json,1265,cb72afa71dd81f1586e09da45bdd562399316584b94a5e8e63dffc14192a327f
results/research_next/common_refinement_jobs/prepared/premises.json,3303559,712b21a575101a0394b55d8d55e00b5a68e2bb2c20e9b653425e86b1eef3a5f1
results/research_next/common_refinement_jobs/prepared/preparation_started.json,112,f40c0d5bbe0a5a5444a867d227b6b3f66e1969cbe0c587d52c98608b713a49f7
results/research_next/common_refinement_jobs/prepared/prepared_freeze.json,560,8053a3795c9ed14d53c84df5dddefa355fb29572be9ce213758bf75a3922347c
results/research_next/common_refinement_jobs/prepared/seeds/days_321_000_encoding.json.gz,1172,477cb001ab505bc58b20e4e700c112bbc9a9904733b573e899f0b410e6ba8de8
results/research_next/common_refinement_jobs/prepared/seeds/days_321_000_proof.json.gz,1561,dd2a6475a24eb0555571000558c5c953ee7b8f8c9f53996aeb401449e6980c8c
results/research_next/common_refinement_jobs/prepared/seeds/days_321_001_encoding.json.gz,1171,50f371115b7964904818119a4127105004834636c7242b9f743708c52a75cb1a
results/research_next/common_refinement_jobs/prepared/seeds/days_321_001_proof.json.gz,1564,637af6667e0fc5402a3f3e2f01a03ca4c4f2ad3424394c1ae518f01f3f1361ce
results/research_next/common_refinement_jobs/prepared/seeds/days_321_002_encoding.json.gz,1171,64a660d02580c0797b3acb3478d9413a332cea493a1980cdb858f273fac136eb
results/research_next/common_refinement_jobs/prepared/seeds/days_321_002_proof.json.gz,1576,bed90db9a3292ca5407d101041282a3559e7ef3b93c2e49f3d3a880a57257bbb
results/research_next/common_refinement_jobs/prepared/seeds/days_321_003_encoding.json.gz,1171,d5287a86db5bda90206665036e4f3a74b7296eecec280aef1cd10412eada63c4
results/research_next/common_refinement_jobs/prepared/seeds/days_321_003_proof.json.gz,1573,fff96d015981cc98b120698e4f3e5421b6eeb10d874c5c9a35256021d901c115
results/research_next/common_refinement_jobs/prepared/seeds/days_321_004_encoding.json.gz,1176,692129f1879c4b31689aa9f8aa406d53b1b141efabe0fd66f1447e4f0f2e0a2b
results/research_next/common_refinement_jobs/prepared/seeds/days_321_004_proof.json.gz,1621,50b32ebd17892a32106653d743105a5b4fc6dd8133384c9d26b64386f9fa6b1d
results/research_next/common_refinement_jobs/prepared/seeds/days_321_005_encoding.json.gz,1170,5f1c43a9b0b065a274cd972c61b54d2f0f4745038ee2b24cfa7ae91cbfdd8081
results/research_next/common_refinement_jobs/prepared/seeds/days_321_005_proof.json.gz,1610,6f0ec10d3f7300ce24d8ef35d018d21cff81e086d78477965e37eb20f93e48f8
results/research_next/common_refinement_jobs/prepared/seeds/days_321_006_encoding.json.gz,1169,d1c11fd0460d43417d482542a391f8286ae7e18ecfa16e07269ee96cbd9b4e49
results/research_next/common_refinement_jobs/prepared/seeds/days_321_006_proof.json.gz,1614,45554a3fcf066743016f1a92953eee34def2e73c6718ed46e5c85b28ffab6d71
results/research_next/common_refinement_jobs/prepared/seeds/days_321_007_encoding.json.gz,1174,5633f066f4e2293f66e6f0fae2d742390df909bbf14ceaae250eb12409e85155
results/research_next/common_refinement_jobs/prepared/seeds/days_321_007_proof.json.gz,1659,690a3f46030003b35db373acdf24d4ac56abbe9fd386a6cf7855579eccbc1bb2
results/research_next/common_refinement_jobs/prepared/seeds/days_321_008_encoding.json.gz,1170,52f55aed958374fde259fe87a8fd412325b56f20a5d7c812298116d08756bc39
results/research_next/common_refinement_jobs/prepared/seeds/days_321_008_proof.json.gz,1655,5d06753f00f282af404c90ff6b2b213b209349eab7c6effc5923292ebdcfeef2
results/research_next/common_refinement_jobs/prepared/seeds/days_321_009_encoding.json.gz,1172,43ea8c34cf89a17f2f8f12b192d17b6b34ba1468327b1eb926f68485d11e37ac
results/research_next/common_refinement_jobs/prepared/seeds/days_321_009_proof.json.gz,1660,b9317d6618975eff325181f937025a471ee6623c9e5f6864327b85382a283bb1
results/research_next/common_refinement_jobs/prepared/seeds/days_321_010_encoding.json.gz,1167,f3c28be5ee447e537333eff6e51f062dd57c3212ba309359d68c4be25c675baa
results/research_next/common_refinement_jobs/prepared/seeds/days_321_010_proof.json.gz,1655,5bd808b41a13dbaebc0c2003abae54bdce597cece0adfc73d8df48a241cb2bc0
results/research_next/common_refinement_jobs/prepared/seeds/days_321_011_encoding.json.gz,1171,6c348db771893f69b07f591ee2291fb9731aa911b883b1001433de2642b38f28
results/research_next/common_refinement_jobs/prepared/seeds/days_321_011_proof.json.gz,1652,d74a39ebb5d892d185dda5d878c49ffe29552f7ac47c55fb52fe69583d8b99c3
results/research_next/common_refinement_jobs/prepared/seeds/days_321_012_encoding.json.gz,1165,abaccfe54baddbe20a38ef9655a07ccb5900d9b04b08203477ad1eea2b4d5c05
results/research_next/common_refinement_jobs/prepared/seeds/days_321_012_proof.json.gz,1668,3f75dcec7e5df19234a5c95cacf542b6b1082c91484b08a7cb7b14ff89bb116f
results/research_next/common_refinement_jobs/prepared/seeds/days_321_013_encoding.json.gz,1168,4f0ce8b0737e0cec2813f2a88848ea927d04d2ef1a3ad9e267bf43200801a572
results/research_next/common_refinement_jobs/prepared/seeds/days_321_013_proof.json.gz,1653,101bad27316090b4bd08c65bc1339e1c425e8ec1d5ff96866aa1caa14ce43cac
results/research_next/common_refinement_jobs/prepared/seeds/days_321_014_encoding.json.gz,1170,3f6a697bad244bac5459554ca150c22aa828d50a1de9d3f1ba0bf4154a5b28c5
results/research_next/common_refinement_jobs/prepared/seeds/days_321_014_proof.json.gz,1647,6ae4a8b8cc8bc7fe1570bdd5c26172d880fff487b73fdf41a60667b140ddd879
results/research_next/common_refinement_jobs/prepared/seeds/days_321_015_encoding.json.gz,1168,67bd0c84ece8c0918eafdd1c7d85f60651da661dca7ee89a961eee52e8781393
results/research_next/common_refinement_jobs/prepared/seeds/days_321_015_proof.json.gz,1639,8f2c795b81d11396b42543840e2db2b0b60348c0fb6cac1ce8b8fb50ef197e40
results/research_next/common_refinement_jobs/prepared/seeds/days_321_016_encoding.json.gz,1171,72f3bfbe3c9684cfecdeb85877f176de0c44b5c03a2c17a99904193a386c6652
results/research_next/common_refinement_jobs/prepared/seeds/days_321_016_proof.json.gz,1598,b3ec793b1a98a510592afc6760a1e8fe39939bfd3f02e7306609448a51604fdf
results/research_next/common_refinement_jobs/prepared/seeds/days_321_017_encoding.json.gz,1168,8949a99ce58a3ece472b42a4968bf7c3218086c717d5ab3ca3613fc8ddd11e57
results/research_next/common_refinement_jobs/prepared/seeds/days_321_017_proof.json.gz,1611,94e84574b522801fe081fcbd214beb29a1926baef5a75625ab36cb0dafd7569c
results/research_next/common_refinement_jobs/prepared/seeds/days_321_018_encoding.json.gz,1171,34310af64bd32fcb655d8aaa362ec3aeb74382d6c12fee7388cd44c6ac13a205
results/research_next/common_refinement_jobs/prepared/seeds/days_321_018_proof.json.gz,1615,1a4e89f0ffae2d95980e77e45d8803fd53a5ca224f3a8317c30edecac65f3849
results/research_next/common_refinement_jobs/prepared/seeds/days_321_019_encoding.json.gz,1169,f3f5594a59a8c467d98be7735fbf605095379822cf497994de4916d9b845033e
results/research_next/common_refinement_jobs/prepared/seeds/days_321_019_proof.json.gz,1611,3c467ecbd05086ccfcda7a78f95a3aca2e9ce697e950a11aefa7c662eef8b55c
results/research_next/common_refinement_jobs/prepared/seeds/days_321_020_encoding.json.gz,1168,9b6f008df0867205250e6abcbc3136777a97af67ac06be8fb0c6885077a28360
results/research_next/common_refinement_jobs/prepared/seeds/days_321_020_proof.json.gz,1609,d9d0c102ccaf98d7165f00887572f8769e15401e36ebf0ee07e1a15e0ac1d7f9
results/research_next/common_refinement_jobs/prepared/seeds/days_321_021_encoding.json.gz,1169,6579032571a68025e6f79482474fa264017c4c7646eddb28759abe82750269ef
results/research_next/common_refinement_jobs/prepared/seeds/days_321_021_proof.json.gz,1606,7d0162ce6cd9f17140edda04fce7ba2af2feb8f60185ffb447832a719118fdf1
results/research_next/common_refinement_jobs/prepared/seeds/days_321_022_encoding.json.gz,1173,b8ae72f2fe96d3a73925d9e78511a5e7aae30591bf1da37f33fae23761feb581
results/research_next/common_refinement_jobs/prepared/seeds/days_321_022_proof.json.gz,1612,963bef20df6e2bcc56cf9513ddf2b23e2a1698776060a1320aaca54abbdac529
results/research_next/common_refinement_jobs/prepared/seeds/days_321_023_encoding.json.gz,1173,d57d8d52f59c750e179beadb41459b2012b88d32da0cefdd9d271907f536af2c
results/research_next/common_refinement_jobs/prepared/seeds/days_321_023_proof.json.gz,1570,f9d1fc3ec2a0875c94e18c68a3c4754f7eebdf224c7362af280f9f49d3592199
results/research_next/common_refinement_jobs/prepared/seeds/days_321_024_encoding.json.gz,1172,c024a66544ad2d3234194f57caf2853b49433868043a3d9da60fe157c19f214d
results/research_next/common_refinement_jobs/prepared/seeds/days_321_024_proof.json.gz,1562,85c832f34e57b56c926463be6506ce629ed1748bfd03440044ca3bf9af28878a
results/research_next/common_refinement_jobs/prepared/seeds/days_321_025_encoding.json.gz,1171,820f9c02d73fd4386a220698ed15e460321136787f8085b762f1933f265de3d4
results/research_next/common_refinement_jobs/prepared/seeds/days_321_025_proof.json.gz,1569,29b55651015b3a59205fee3986be163b90cb21cfab5c20c9ee072b938f5b24cb
results/research_next/common_refinement_jobs/prepared/seeds/days_321_026_encoding.json.gz,1174,6db2af2bf6ae07c72196da20a6241022bc962205a7025ded9a530b90f63dbf85
results/research_next/common_refinement_jobs/prepared/seeds/days_321_026_proof.json.gz,1576,d96ff656c7e12078bd00e65bbb33f2de95556139b0340e31ab6656d955138fb5
results/research_next/common_refinement_jobs/prepared/seeds/days_321_027_encoding.json.gz,1171,bce002858ab4cfa53bfc959e2df0a177d1c6600ec7e5e8ac53d8838d7251e10b
results/research_next/common_refinement_jobs/prepared/seeds/days_321_027_proof.json.gz,1574,4fb98e30265735334b733ec201219579b7d23a9f2d7a37bb747e2895cdc5a760
results/research_next/common_refinement_jobs/prepared/seeds/days_321_028_encoding.json.gz,1175,c0e1fccfb7b74666a0ff23fb6968dc3f45bbbe5b3816142f5424e28ed8b4893d
results/research_next/common_refinement_jobs/prepared/seeds/days_321_028_proof.json.gz,1605,9275e543266d26950df3a830977a0cb406b7d51cac8d5e66f6e34e8bfc7d3353
results/research_next/common_refinement_jobs/prepared/seeds/days_321_029_encoding.json.gz,1182,8d6a448594d96a03fed8a9d9bffd582a643e57dd9e679dc61048729c38019d7d
results/research_next/common_refinement_jobs/prepared/seeds/days_321_029_proof.json.gz,1613,f37bdd050e531187e852a8d453ccf8ea47b27a009471d603a731c95f77511cc6
results/research_next/common_refinement_jobs/prepared/seeds/days_321_030_encoding.json.gz,1169,001b734b8f7c65db74b3c87e9f3cea870c1111b1a02e3b8066a6a5143a1840ee
results/research_next/common_refinement_jobs/prepared/seeds/days_321_030_proof.json.gz,1607,86238a3bc8d34f4451333612022e56f61af41ea97877883715d412764e0f9690
results/research_next/common_refinement_jobs/prepared/seeds/days_321_031_encoding.json.gz,1174,6f8b8862608592c8a51b00adf2e87c332df81164161f27baba990db2b8725c74
results/research_next/common_refinement_jobs/prepared/seeds/days_321_031_proof.json.gz,1647,1d27f81f48940a71e7b31af2da8ee7c0d52378e57f6df256bd9ab7d2355e3683
results/research_next/common_refinement_jobs/prepared/seeds/days_321_032_encoding.json.gz,1178,6b6b504ed0da9bbdb8586408c022c4de103ebdaf77bc2ddfe156d23f0006a676
results/research_next/common_refinement_jobs/prepared/seeds/days_321_032_proof.json.gz,1616,6f740f01b8a0f09c2d5624ca71ddba87a896684cd68ad199c777afe5141134b0
results/research_next/common_refinement_jobs/prepared/seeds/days_321_033_encoding.json.gz,1184,31022db5e370cb8d691d2c16d822872a207ae555ba171eb2417ee56d52f95385
results/research_next/common_refinement_jobs/prepared/seeds/days_321_033_proof.json.gz,1619,74c4d7e7f0918d3d27aadeb1b82690dacf3983e442eec77f68bca8fed0db7358
results/research_next/common_refinement_jobs/prepared/seeds/days_321_034_encoding.json.gz,1181,2a88a01229f0458ee6bbb058b1fbf10fa62ac5033f6a058ee6fac8c0ff488370
results/research_next/common_refinement_jobs/prepared/seeds/days_321_034_proof.json.gz,1615,806d54feeaf819d63edb1d09b02ac96e7da608b9e704b0ff59b3164a4d25fc2a
results/research_next/common_refinement_jobs/prepared/seeds/days_321_035_encoding.json.gz,1179,1de2deb0bac49a2026f6c5a96303416f49711837c91ff6f8c4546381d27cdc87
results/research_next/common_refinement_jobs/prepared/seeds/days_321_035_proof.json.gz,1624,47b4210f4af742aa3c9f296a9573b6c0ce5dfa30a966d276f61272fc16f1e90e
results/research_next/common_refinement_jobs/prepared/seeds/days_321_036_encoding.json.gz,1178,85c2ef5bde16387c6a7dac8c2b6c79f92b67a1cbc2a96934ba88455a1b8c649f
results/research_next/common_refinement_jobs/prepared/seeds/days_321_036_proof.json.gz,1620,70c0e5c737203d23ff7adce4e1c3e1c1c76af2e641a2464978a1792e907883c6
results/research_next/common_refinement_jobs/prepared/seeds/days_321_037_encoding.json.gz,1178,da616d3e8228be7e19ecf3d253603a1c52f756db1d7b6be5f1448fd9ca0b7451
results/research_next/common_refinement_jobs/prepared/seeds/days_321_037_proof.json.gz,1624,f3d1239f053a999b378da3f117c7a2f3057f419dd44534ccb11e1f2e60c1c5f9
results/research_next/common_refinement_jobs/prepared/seeds/days_321_038_encoding.json.gz,1175,01baeb3d77c9951a55417af69de431cbb4059c082e77114326885cf0cf46ec9e
results/research_next/common_refinement_jobs/prepared/seeds/days_321_038_proof.json.gz,1599,fa40b7a4a59b3dab78800f2c2caef9339fe16739cdf127ffcfb849701743a01c
results/research_next/common_refinement_jobs/prepared/seeds/days_321_039_encoding.json.gz,1178,8a30a55db115f04fb37ccd206d5ceab37c8125b0f574cdf846ede60a520810a6
results/research_next/common_refinement_jobs/prepared/seeds/days_321_039_proof.json.gz,1613,3e56020691279967e0e6487c7f1153d718d9474802165cdb3873bc64f866ecaf
results/research_next/common_refinement_jobs/prepared/seeds/days_321_040_encoding.json.gz,1173,86b91a6c7de69e5ce955d2a610be9a29e611150905f1b896bcaffc866b6429fc
results/research_next/common_refinement_jobs/prepared/seeds/days_321_040_proof.json.gz,1612,5692bbd29d94ad5711b31982a89043969c5e1238f23230460666129beeb7bdb7
results/research_next/common_refinement_jobs/prepared/seeds/days_321_041_encoding.json.gz,1174,50f8a90ba0b647c3ecc0b6b2cc1e8cae874fb159d8b633b98edf861fa448ffb7
results/research_next/common_refinement_jobs/prepared/seeds/days_321_041_proof.json.gz,1612,a29923d3611d629682273b5a817a94d0cf8baa8012979533715f561dc3adcd86
results/research_next/common_refinement_jobs/prepared/seeds/days_321_042_encoding.json.gz,1171,2af393adaffd4a706330b6eff2fd9f4c6aa98ee0be3151214d93dc527c98799b
results/research_next/common_refinement_jobs/prepared/seeds/days_321_042_proof.json.gz,1617,e6936e62d8b39a1c460bf112d96c9121ded9ecffdb3d5861b3713899475bd0af
results/research_next/common_refinement_jobs/prepared/seeds/days_321_043_encoding.json.gz,1172,d64b892043fa878bd823f88b3b39982ac00dd8ddbb7e75271cfc9231bbc95659
results/research_next/common_refinement_jobs/prepared/seeds/days_321_043_proof.json.gz,1607,e7d119139fd53c5d58428c1c0ecbe9d2d975c451f607cfa05d5640b22fcc582a
results/research_next/common_refinement_jobs/prepared/seeds/days_321_044_encoding.json.gz,1178,34fcbdf9f7777b1ec2f230f5eea34966e96b498cf5b88aa1ae29df803f9ca398
results/research_next/common_refinement_jobs/prepared/seeds/days_321_044_proof.json.gz,1615,f850cccb377afbd5a57ea1c55c00e6bc992a40229a2fc5c5561ebd24de939916
results/research_next/common_refinement_jobs/prepared/seeds/days_321_045_encoding.json.gz,1174,5a7f189a9e6cbb270184cf5f2c320ed35c899c91d7598de36568411c6f4fce07
results/research_next/common_refinement_jobs/prepared/seeds/days_321_045_proof.json.gz,1575,04771ab45b371c4af3f8522d81b1c3354c91f8cc5d77761082892964fcb63051
results/research_next/common_refinement_jobs/prepared/seeds/days_321_046_encoding.json.gz,1175,e39de1bee01b3a0efe017b07243b11f2d05aa9d02803e7f0b4a20fb8decfb185
results/research_next/common_refinement_jobs/prepared/seeds/days_321_046_proof.json.gz,1575,27996dc82d38d271856ad8bdc64161a1841b07420cc7286e7ad2ca4dddbb7b72
results/research_next/common_refinement_jobs/prepared/seeds/days_321_047_encoding.json.gz,1175,5d2057a260ddafc9bbc7f1662f0e4f83833c044e8ddf513a598f9609f87a8143
results/research_next/common_refinement_jobs/prepared/seeds/days_321_047_proof.json.gz,1569,65b8491949e4fc735ef94b2b75a37d7b582088d3ccf626a448dc1c828cddefcf
results/research_next/common_refinement_jobs/prepared/seeds/days_321_048_encoding.json.gz,1170,0843ba97eaae37c94f291c27b1d600ce008af43a4f35adc94cfe4bae60378354
results/research_next/common_refinement_jobs/prepared/seeds/days_321_048_proof.json.gz,1568,6522033267295a0155b307b36a29c7d5f212ced4115f1c9ba70e481b5fdd6ce7
results/research_next/common_refinement_jobs/prepared/seeds/days_321_049_encoding.json.gz,1169,87d09e81c84e079b02eafa97dc1e0e5714cb85b65c214ae53f723ff3e000c564
results/research_next/common_refinement_jobs/prepared/seeds/days_321_049_proof.json.gz,1574,a820e9847db93e065e143508ef13e40756aa5032c5a14a051c7766e018dd48fd
results/research_next/common_refinement_jobs/prepared/seeds/days_321_050_encoding.json.gz,1170,89e0c7f3845418010e62b29e005ddb16a793813060f4f8c37f0f0a5aecc4234c
results/research_next/common_refinement_jobs/prepared/seeds/days_321_050_proof.json.gz,1572,260916b71e58a7a9e23798aaf9cfa37ced50e8d675408b67156468b36b731e24
results/research_next/common_refinement_jobs/prepared/seeds/days_321_051_encoding.json.gz,1173,0638dbda72e0319429f4073dd59c30e0ce7297d8efd843ed9d0e2af9a8ec1fbc
results/research_next/common_refinement_jobs/prepared/seeds/days_321_051_proof.json.gz,1573,7ddd44006d1ce4b03090e0ba5f9dff3809608b12a8ab33fe214d96b9e0e4defe
results/research_next/common_refinement_jobs/prepared/seeds/days_321_052_encoding.json.gz,1171,b59fb635cbb95235667f290f86b289dd6804f7d45d30c3d967dc676034dcdb09
results/research_next/common_refinement_jobs/prepared/seeds/days_321_052_proof.json.gz,1576,c2cfe579f966510acf4923444d6134ebab9e2d76f14ff4dcf04e7a769fa93d5c
results/research_next/common_refinement_jobs/prepared/seeds/days_321_053_encoding.json.gz,1172,dcf1374e52be70649d29a4841f3f3d26c91f5f72364c8b20b8312125d3635a93
results/research_next/common_refinement_jobs/prepared/seeds/days_321_053_proof.json.gz,1613,2c2d5c27fe9501bd9250b7a7eb3da117365da8e22a27caf250816dcc0a1e0aab
results/research_next/common_refinement_jobs/prepared/seeds/days_321_054_encoding.json.gz,1178,4e155d672fd6d248b588dea89e97b72fc97d4c79daaa9498d4862797f104170f
results/research_next/common_refinement_jobs/prepared/seeds/days_321_054_proof.json.gz,1615,13223121396b3e57607888ddb45fb799f926cb7d0471c98b6a6df86580d351cd
results/research_next/common_refinement_jobs/prepared/seeds/days_321_055_encoding.json.gz,1174,898c16af1008b7c60ee7b00e7057123709face0f1ca129920ad86df32fae8e54
results/research_next/common_refinement_jobs/prepared/seeds/days_321_055_proof.json.gz,1649,93f5164f8d31263ffcc807256d47fbf61382512ea024a4701141db9b908987be
results/research_next/common_refinement_jobs/prepared/seeds/days_321_056_encoding.json.gz,1176,7854d9da1a3e492e75a4f13e770037720f785fd20f46a53bcfa4282b2bbffa99
results/research_next/common_refinement_jobs/prepared/seeds/days_321_056_proof.json.gz,1619,503ad918c12e912461ff5a42c12db36a280b328723326a495016c263924b96bc
results/research_next/common_refinement_jobs/prepared/seeds/days_321_057_encoding.json.gz,1176,880c2637af11b78cc6d8141879b96f11ba7f19619aad4b390ec64005bfe0b3ad
results/research_next/common_refinement_jobs/prepared/seeds/days_321_057_proof.json.gz,1624,b0d11ada54270fdc6b6367189c7d8f56a72fca13a4eadd2408eb78ff6df3c15a
results/research_next/common_refinement_jobs/prepared/seeds/days_321_058_encoding.json.gz,1179,0f49485dcd44dccde1535e984536b1019ffba8ed461ac0faad2b321f16fd92a6
results/research_next/common_refinement_jobs/prepared/seeds/days_321_058_proof.json.gz,1630,afa646fa501412dbaf0c9716a0bf38d68c73c64a2592f05db3b16646aa1d74eb
results/research_next/common_refinement_jobs/prepared/seeds/days_321_059_encoding.json.gz,1181,8f730e6ad2e577ef10dab7fc40bf7a69975f2d276a4af43427a7869cf30e1ca2
results/research_next/common_refinement_jobs/prepared/seeds/days_321_059_proof.json.gz,1610,003e4dd9d4743bb07801abe73420243ab3c348366093afdc4b29df71f9c7993d
results/research_next/common_refinement_jobs/prepared/seeds/days_321_060_encoding.json.gz,1177,e62853a99cb0759be0e17f4b2d540eef6ec9984779a56d9d20994983357565a7
results/research_next/common_refinement_jobs/prepared/seeds/days_321_060_proof.json.gz,1623,912405ea68f78c3191d874b31bc49d7ec007dece5228ca85eac01ccc9378d7b8
results/research_next/common_refinement_jobs/prepared/seeds/days_321_061_encoding.json.gz,1178,bcc2de26f2dd8a38a0711624d8ccbf9651c4e4ebdd9b8b8c1947b54f581a8bd4
results/research_next/common_refinement_jobs/prepared/seeds/days_321_061_proof.json.gz,1627,5e15c3d70585017302e754d02dadcf81f5d3e2e6b46ce2d348f9f938a72aec34
results/research_next/common_refinement_jobs/prepared/seeds/days_321_062_encoding.json.gz,1177,e9c939021e634283700742d6b287ce81e457f7a725e4c2f529e75e6c53876afc
results/research_next/common_refinement_jobs/prepared/seeds/days_321_062_proof.json.gz,1620,997a3b9cd36c0f57d9e7b51e98b12ed5ed46ec29282b19531346a371c79859cd
results/research_next/common_refinement_jobs/prepared/seeds/days_321_063_encoding.json.gz,1174,6b4fb49160bcbab4a46d010f0f8187b65375324643ca86bc57e0685d07f759de
results/research_next/common_refinement_jobs/prepared/seeds/days_321_063_proof.json.gz,1656,59aa456f08de830190455b04039a5a73ae5bfb8840c41b8824e32e47f22316a0
results/research_next/common_refinement_jobs/prepared/seeds/days_321_064_encoding.json.gz,1171,5144295bf920c8a0f2532a56b569ab063270606318a916698c0cb889afa1fbad
results/research_next/common_refinement_jobs/prepared/seeds/days_321_064_proof.json.gz,1609,2ffaf3e19ede0308cf0880b1adac32fc300ad06aa732290675b3aae165559eb3
results/research_next/common_refinement_jobs/prepared/seeds/days_321_065_encoding.json.gz,1171,4a5adfcee56cf2ee0e7e00ab66487581e63e42b5a0254f3f277350eef8d563a3
results/research_next/common_refinement_jobs/prepared/seeds/days_321_065_proof.json.gz,1613,3fe03c192e4a2df9b4048a4452a3bfac72c359af16b11f5b2ad9f7a79ceb165a
results/research_next/common_refinement_jobs/prepared/seeds/days_321_066_encoding.json.gz,1176,ff773a258e27919a46f4a8ba2720836a4d9b8a547c97fd4eb81f48c9aac10e1a
results/research_next/common_refinement_jobs/prepared/seeds/days_321_066_proof.json.gz,1605,e51c7f07d0f71a1f66da710e41923b3079ec1010bcdd187ad1d8ce362592c64e
results/research_next/common_refinement_jobs/prepared/seeds/days_321_067_encoding.json.gz,1171,33c832b2143ed0277a153784a85f071e00becf9c791568f9acca684760f2f312
results/research_next/common_refinement_jobs/prepared/seeds/days_321_067_proof.json.gz,1612,7253da2e9dc3a6fba044386fa45172ea54434c7a29a906e0d14a69981464c47b
results/research_next/common_refinement_jobs/prepared/seeds/days_321_068_encoding.json.gz,1167,e25174ef949ebc331254fc60e70692c68a80f78539a632e8c0ddf18892604bad
results/research_next/common_refinement_jobs/prepared/seeds/days_321_068_proof.json.gz,1616,bb42d8970da96e46bb0ca53ad873e9fe256d578c7bb39999fa85b11723a79fd7
results/research_next/common_refinement_jobs/prepared/seeds/days_321_069_encoding.json.gz,1173,2376488c5dd3e9ed85100eab9b5ac8858dadf3594bf0a6ab0329f3f5c9f7b996
results/research_next/common_refinement_jobs/prepared/seeds/days_321_069_proof.json.gz,1618,a81977c1dbe8d3ad314cc41b1a449da5669ca7414a91067aecd660de4cdf3e7f
results/research_next/common_refinement_jobs/prepared/seeds/days_321_070_encoding.json.gz,1174,f3612d233ee947e00775d7678bdc333d60cb02bea318500915990f962c92c5bd
results/research_next/common_refinement_jobs/prepared/seeds/days_321_070_proof.json.gz,1624,68b970deeb65c51616d19babd9f54c473473adc5a480dd45fa3ee1c93e09f199
results/research_next/common_refinement_jobs/prepared/seeds/days_321_071_encoding.json.gz,1173,898be75b69ea59932faa89131cd8ee01d5a40d74423a740166ebe8604ddebbc5
results/research_next/common_refinement_jobs/prepared/seeds/days_321_071_proof.json.gz,1606,f682bb688fafcaad97b68cfeb177dec54377360e9576acb1827a90efa4cc70f2
results/research_next/common_refinement_jobs/prepared/seeds/days_321_072_encoding.json.gz,1168,cf9fe82645381c797abf6074daea4b286fccbc98a743290305a156af3fe04262
results/research_next/common_refinement_jobs/prepared/seeds/days_321_072_proof.json.gz,1615,f3c996fc994930a466d8f27e356a271f2e294aaf9a07054667d213b58e35a085
results/research_next/common_refinement_jobs/prepared/seeds/days_321_073_encoding.json.gz,1166,8c69ad8f765bd3d0601b9356e319d3271549d5ab988bf7dfddeb55a059d4aa50
results/research_next/common_refinement_jobs/prepared/seeds/days_321_073_proof.json.gz,1618,1afbed1c2b8b03603ec3d903ce5764b11e29dd9ae62fb150998662bd4e602054
results/research_next/common_refinement_jobs/prepared/seeds/days_321_074_encoding.json.gz,1171,0e6590c93ae8b0a83b3738382e507b194106ac2ccc20ad42532fc8b3e7fa9ea6
results/research_next/common_refinement_jobs/prepared/seeds/days_321_074_proof.json.gz,1613,ce1910de33778543acfbaddfc67e039b0b97aac8dbc4f2bcf50b9460d99f97b5
results/research_next/common_refinement_jobs/prepared/seeds/days_321_075_encoding.json.gz,1169,f6a8590cc32247206c44c39f4bf75061ba4dd2fca7475c22a908c82f44ed27ba
results/research_next/common_refinement_jobs/prepared/seeds/days_321_075_proof.json.gz,1619,9582dac18d426e090e9dc90bc50eecd71dead2b5049468637d6ce77bc4f55a55
results/research_next/common_refinement_jobs/prepared/seeds/days_321_076_encoding.json.gz,1171,271653930b291cd8461a44ec6088253ee3977cd5c061fac3cc23c3623eb6d7e7
results/research_next/common_refinement_jobs/prepared/seeds/days_321_076_proof.json.gz,1608,daea004d6d8a905810c60f63b198e513ee6d52e25d5290786a8853ac4ef1c2e1
results/research_next/common_refinement_jobs/prepared/seeds/days_321_077_encoding.json.gz,1171,66694dacb1f7bc0c0f1e3f5ed45090fe03c0198e8bb176f752957cc9c7500022
results/research_next/common_refinement_jobs/prepared/seeds/days_321_077_proof.json.gz,1610,f1f23890d3622381b44b0e6d47e430bbcb4365d0a4ee431d9cde327ec27f20d2
results/research_next/common_refinement_jobs/prepared/seeds/days_321_078_encoding.json.gz,1168,af7ce1394b07d0bcd575fbc8f77782b0abe0c0349b3e52d4b8175299db2cc8fd
results/research_next/common_refinement_jobs/prepared/seeds/days_321_078_proof.json.gz,1620,bf7a21ab881750d33d787e0e4e7a0421a3ae3a83e5d27715c6dc0d8be6c6ab4d
results/research_next/common_refinement_jobs/prepared/seeds/days_321_079_encoding.json.gz,1170,c73c0d257880d1b7b2c5b4850c87c9a6d8c4d54d2762411047865cd3ebc5bec3
results/research_next/common_refinement_jobs/prepared/seeds/days_321_079_proof.json.gz,1640,464ae763e40d125fb5827a558632a1c7c9d8736369ddd31946ff0e3babaa4014
results/research_next/common_refinement_jobs/prepared/seeds/days_321_080_encoding.json.gz,1169,6fb4ea59194800e515c823dbf5c6410a35fad65d9f6746e150d650cfbd881f72
results/research_next/common_refinement_jobs/prepared/seeds/days_321_080_proof.json.gz,1648,3bcbaf2f9a8da6a25ad3ebf3d6a6200bb450953441b097dc8de1045eb2d31bcd
results/research_next/common_refinement_jobs/prepared/seeds/days_321_081_encoding.json.gz,1170,56377b1c0907c701f7e6828a06cd73286f61741630d9e2377a33d80cfe539116
results/research_next/common_refinement_jobs/prepared/seeds/days_321_081_proof.json.gz,1649,614eccea5aa28377c6991464b64b1f3e4ee8f07e4a2d25a6d18f76888d5634f0
results/research_next/common_refinement_jobs/prepared/seeds/days_321_082_encoding.json.gz,1166,c20c7baccc6bd1cb0b9f422dcf43a62b5af43d21505fc14d539ae67500f13427
results/research_next/common_refinement_jobs/prepared/seeds/days_321_082_proof.json.gz,1658,dbf3b662bcbd0e7ec6c6e0d0ae37a06c7eede50c53d78d37d6267f330b84f91c
results/research_next/common_refinement_jobs/prepared/seeds/days_321_083_encoding.json.gz,1170,80a395148cabf7515bd53a5311ae42b684cfc19507d0c59990ed5d092719f6b2
results/research_next/common_refinement_jobs/prepared/seeds/days_321_083_proof.json.gz,1631,37864a3c3e430727d7629f65f0d756d25d8d38efe58fe795d1c1258b29c0963d
results/research_next/common_refinement_jobs/prepared/seeds/days_321_084_encoding.json.gz,1174,145f7459466b5c3b3b564439f1c5653e12a07bbbf7b10df2f83be02e8ae1eea4
results/research_next/common_refinement_jobs/prepared/seeds/days_321_084_proof.json.gz,1650,d13b4d9b43c32d6474ff34340d5bc49c51354fcf1f677e8416f22f8e76091417
results/research_next/common_refinement_jobs/prepared/seeds/days_321_085_encoding.json.gz,1171,11221a78cb9a758aace4a04f36015d5fd7c93d36e6c3b1e56a52fce957e80f0a
results/research_next/common_refinement_jobs/prepared/seeds/days_321_085_proof.json.gz,1668,bfe09aca27a5e7e2a93ee21f379a7775cb87db5fcfb4010d86dd84c9787f2475
results/research_next/common_refinement_jobs/prepared/seeds/days_321_086_encoding.json.gz,1171,6f09c96c36b5c35e584cd2e6c0b7ec0f1ec9d326eb4254a7c535c6d7c3d274c6
results/research_next/common_refinement_jobs/prepared/seeds/days_321_086_proof.json.gz,1669,572b574d5db76a9c027acf559ee59d4ff6dafcead57a14219ae58f99bde051ed
results/research_next/common_refinement_jobs/prepared/seeds/days_321_087_encoding.json.gz,1175,c268b8e0dad6a68dff41d71b5f56defd8ea7fa0116b2cc17ff89f33b43c17cd5
results/research_next/common_refinement_jobs/prepared/seeds/days_321_087_proof.json.gz,1648,3fb12e70f13f27d86e2ffda0c83fc91a3a25aa73ed4ec0a7fb821fc9725c4691
results/research_next/common_refinement_jobs/prepared/seeds/days_321_088_encoding.json.gz,1168,52b3eacb75ce1a0e862111ced6c2e6e415c6497967d74b16a2f044375ff3f763
results/research_next/common_refinement_jobs/prepared/seeds/days_321_088_proof.json.gz,1610,19129e2e927ee0ea007cdbb5f57940da689601b54e23f828481f253ec6cf9e81
results/research_next/common_refinement_jobs/prepared/seeds/days_321_089_encoding.json.gz,1172,4b4f6338a08ca81fd7c0a160861e28f13221a59ba0c2e0e2d44551cbe947af0a
results/research_next/common_refinement_jobs/prepared/seeds/days_321_089_proof.json.gz,1614,bf26382d24057aed2cd9410859232b78d041c9c8bbc052aeb69ff751d1781018
results/research_next/common_refinement_jobs/prepared/seeds/days_321_090_encoding.json.gz,1171,320e61143db2d96658304afe9e37383a22935ea2efae56d6cb473c1c973aaa72
results/research_next/common_refinement_jobs/prepared/seeds/days_321_090_proof.json.gz,1620,7da3782a253fe1c7a0d97330e74f605e34c6fb31fae80d3ffb8e58dd4bf3406d
results/research_next/common_refinement_jobs/prepared/seeds/days_321_091_encoding.json.gz,1172,679d77519aa97606b1068c391755642c0fba87676972f85f4788d3c70b99f1a9
results/research_next/common_refinement_jobs/prepared/seeds/days_321_091_proof.json.gz,1617,e5975f8b96e7225e8d49cfc0e081efd65f8b3d5a262e3e5024d585ebfca97ee0
results/research_next/common_refinement_jobs/prepared/seeds/days_321_092_encoding.json.gz,1175,daa807f1ae387408f2800f631f370bc6cb793880a843adf36188c70d2707f863
results/research_next/common_refinement_jobs/prepared/seeds/days_321_092_proof.json.gz,1625,d97eaed9dcbf22d9b86bb1476e24db540b3c3b3b5d1273da3917a924f9040f98
results/research_next/common_refinement_jobs/prepared/seeds/days_321_093_encoding.json.gz,1178,53ca7b6fc3f63a26142ed287788fd879a98aec9a741756c0992af8fd4714bbe6
results/research_next/common_refinement_jobs/prepared/seeds/days_321_093_proof.json.gz,1577,0c36bd2b00e6a3e5e36e1dabe82cebcd2ed036a3e8bc8ba4d92ff2425d3bed80
results/research_next/common_refinement_jobs/prepared/seeds/days_321_094_encoding.json.gz,1177,17a41f8c021c406153650ef75363ffe47530df6edccee8176f3617d1f03d781b
results/research_next/common_refinement_jobs/prepared/seeds/days_321_094_proof.json.gz,1580,727c572abd71a14f3ffbd53dc96d6448b7230c72aeee554fb5f1008629382f61
results/research_next/common_refinement_jobs/prepared/seeds/days_321_095_encoding.json.gz,1175,2e883f3c6e7d9286b58905e9b6b6351649eaf13ba9ab7d18e65bfffac104351d
results/research_next/common_refinement_jobs/prepared/seeds/days_321_095_proof.json.gz,1571,3d2ba53ad12dc442155b66dffbef7170e3e050cb0456085bca6fce03822fcb49
results/research_next/common_refinement_jobs/prepared/seeds/days_321_096_encoding.json.gz,1179,8b5ea1a82f48313c8831aea474b089b74d003c139fa20845d4f2d121919caedd
results/research_next/common_refinement_jobs/prepared/seeds/days_321_096_proof.json.gz,1570,664f61968bee60b4d5e1700ffc5bb84cdb2fe266b218f601259d3a2bf3deadaf
results/research_next/common_refinement_jobs/prepared/seeds/days_321_097_encoding.json.gz,1183,d14d275f0ebf62ca9308b9d16fb23caaf3c5c8b5fa604d49dd2b92897cc2aaff
results/research_next/common_refinement_jobs/prepared/seeds/days_321_097_proof.json.gz,1579,9276ac69eaf861618c5cb9d4f501b2ee396087452d0c8e063d4949a3c6048384
results/research_next/common_refinement_jobs/prepared/seeds/days_321_098_encoding.json.gz,1174,17365013a642eae49f5a9076a1c67e0fc96057733b80c73a01fb21f8d4ee8d30
results/research_next/common_refinement_jobs/prepared/seeds/days_321_098_proof.json.gz,1580,61bad017446456e8b8c963dfc899708b00f16ca574b705b77cf321e44bf19988
results/research_next/common_refinement_jobs/prepared/seeds/days_321_099_encoding.json.gz,1172,584443c9f55c6198d407a129941a637504458e32e10e78882b3cd03063df092a
results/research_next/common_refinement_jobs/prepared/seeds/days_321_099_proof.json.gz,1568,202d4879208f97a72d1cec450e0b45cfedfe1fee8ce92f195669ea0d8accba72
results/research_next/common_refinement_jobs/prepared/seeds/days_321_100_encoding.json.gz,1175,611509d1233cc5e29fb0f30c49af75299f9b2fbd0cf4ddc2ad0aaa5ef461adda
results/research_next/common_refinement_jobs/prepared/seeds/days_321_100_proof.json.gz,1569,296cc1ca91de22ba74077b20dc367d41ccb9008aa20acf827a7e9cc76d754f48
results/research_next/common_refinement_jobs/prepared/seeds/days_321_101_encoding.json.gz,1172,de457ae2c4c85b7c0648f780095f23c18f242c61e7402a376b3e9bdf854d05b2
results/research_next/common_refinement_jobs/prepared/seeds/days_321_101_proof.json.gz,1611,ff790f0882b607e50f13572d14f3ce8dce31ba9bb26aa16df8f1e624fe8b66fb
results/research_next/common_refinement_jobs/prepared/seeds/days_321_102_encoding.json.gz,1174,9de3513a01d8ba1b38ead06950a3bc11acdc89e6984fc3c84cea9dc383719024
results/research_next/common_refinement_jobs/prepared/seeds/days_321_102_proof.json.gz,1620,8d26dbdeba6aeed3cad085289f38dff19bf984df5753528548455136ece491e0
results/research_next/common_refinement_jobs/prepared/seeds/days_321_103_encoding.json.gz,1175,d84910adc05153c6a1cd54ebe43f37e4c86a846fabf8b87909c4292b6ce781bc
results/research_next/common_refinement_jobs/prepared/seeds/days_321_103_proof.json.gz,1657,46de652444644c0261093bba8ac904d8ced6246c4532b94d806bd05dced51671
results/research_next/common_refinement_jobs/prepared/seeds/days_321_104_encoding.json.gz,1180,03c41f93106e2b5c4a4407a0c421188342d8c63da94816da8aafa88d367d991f
results/research_next/common_refinement_jobs/prepared/seeds/days_321_104_proof.json.gz,1615,5fa90308ea681206fd919194e002de8f2bb429bd5ddcd8f1db9cc0ddfafaa8af
results/research_next/common_refinement_jobs/prepared/seeds/days_321_105_encoding.json.gz,1176,2cfee111d634bd918b7359ded0770c38b2ecfa0f6a8626a011e8402a02c5ef39
results/research_next/common_refinement_jobs/prepared/seeds/days_321_105_proof.json.gz,1612,4ae6305974bc8249464ffd3bbf072c5cc72f536fa2c95509b4caeb9d00e581e7
results/research_next/common_refinement_jobs/prepared/seeds/days_321_106_encoding.json.gz,1176,b455db701af4dd466e50d486d2079f3f486820f7d20932333b59a857ed22ad82
results/research_next/common_refinement_jobs/prepared/seeds/days_321_106_proof.json.gz,1631,3139004ce605aff6da56ff9b2c2dbd864490dadc3d93f8e2806a22c65fe5b1a4
results/research_next/common_refinement_jobs/prepared/seeds/days_321_107_encoding.json.gz,1174,51cca2c1d256a3b623522a9d27b8bc4ae38cc603bbae5f4ca3bec61c9461af59
results/research_next/common_refinement_jobs/prepared/seeds/days_321_107_proof.json.gz,1617,1eabb88b3fdea37ff7e6834aa27e330f9679ca33d7c33b06ac1f97b92630e5de
results/research_next/common_refinement_jobs/prepared/seeds/days_321_108_encoding.json.gz,1179,d25ed9c2007708d3ff4bcee166599e0a578a911036e714a39d7cb79a6c84ac6c
results/research_next/common_refinement_jobs/prepared/seeds/days_321_108_proof.json.gz,1622,c4d6c60dc80e80e8b9e3fc82c67b8cdfc1ae9ca0a42080c7d73a6827402a0021
results/research_next/common_refinement_jobs/prepared/seeds/days_321_109_encoding.json.gz,1177,5c6819b4e22b4a0c6f8182780aadd6caf42e81dab606466972c48feef7e22320
results/research_next/common_refinement_jobs/prepared/seeds/days_321_109_proof.json.gz,1621,42cff3040c86f19bce051171cc4747b8852ec254aec206d0d99b3d29e0a96d37
results/research_next/common_refinement_jobs/prepared/seeds/days_321_110_encoding.json.gz,1174,2206089b79c2392906a913c792eea086506ec00d7e2882568484518e3220bc99
results/research_next/common_refinement_jobs/prepared/seeds/days_321_110_proof.json.gz,1619,8334eb442b328ce89d2c262983d13440a6f43dcb540366ea3a4b051e5f9ade8a
results/research_next/common_refinement_jobs/prepared/seeds/days_321_111_encoding.json.gz,1175,6803038d21bf1d730f06c4cb0a288427f73717903cd108fbe7cd9d3b7692b1ab
results/research_next/common_refinement_jobs/prepared/seeds/days_321_111_proof.json.gz,1623,e9412f253fee1ba162d5eb688bae45c81111161fce9ad9a4035b692ee8119d4a
results/research_next/common_refinement_jobs/prepared/seeds/days_321_112_encoding.json.gz,1173,d992a7c1e1aedf728248132176678a85075d5138e53839ac7adaa6edfd2b332d
results/research_next/common_refinement_jobs/prepared/seeds/days_321_112_proof.json.gz,1617,fe10084305df83bad19413b57e7de41161de1e06a0e028b6c8107a7347ec1b8c
results/research_next/common_refinement_jobs/prepared/seeds/days_321_113_encoding.json.gz,1172,8aeb316b28c5ab918e3a89097c5cf37cd8cd953431680631afc55edc4c95f7ee
results/research_next/common_refinement_jobs/prepared/seeds/days_321_113_proof.json.gz,1609,45fe7ee14a966dde45c72e20337fe89ad9a841977af3c94bed147647ded88399
results/research_next/common_refinement_jobs/prepared/seeds/days_321_114_encoding.json.gz,1172,e35819f47e9d2f68bcd79f17add301b1b9f82e71d14c1e3303c3ddb60f3913d7
results/research_next/common_refinement_jobs/prepared/seeds/days_321_114_proof.json.gz,1616,6d276693868a8d2e3d4f455ac7637374ba6cabeefb161cc5b3b9e47fc14b08f8
results/research_next/common_refinement_jobs/prepared/seeds/days_321_115_encoding.json.gz,1174,a197fcdf460edead5455b15217e99bb0c4321acccf1200cf21539b271afb9655
results/research_next/common_refinement_jobs/prepared/seeds/days_321_115_proof.json.gz,1621,175f6a56ed48f2bf8a1a9c1d3b74d4825b4609d573df99c9e3d0c3ce45da7bee
results/research_next/common_refinement_jobs/prepared/seeds/days_321_116_encoding.json.gz,1165,a31eb6235c9fc436640aaed5f7f4e82c134a905e966e737e49453403965e0895
results/research_next/common_refinement_jobs/prepared/seeds/days_321_116_proof.json.gz,1611,d0a09d6d27f947d4abd29467c1ca1b70a460302b85ab6d48a3c28b8a2dcd812d
results/research_next/common_refinement_jobs/prepared/seeds/days_321_117_encoding.json.gz,1167,c6a009225a3e6c7c4d453524a27d6f71f9f16e4a2d5e158adfc7799ecf2ac264
results/research_next/common_refinement_jobs/prepared/seeds/days_321_117_proof.json.gz,1618,d400c013896886823bd3ebf135892c71f2ed3379e56246b7d0907d09810dad3f
results/research_next/common_refinement_jobs/prepared/seeds/days_321_118_encoding.json.gz,1167,95614e5fe25b1f49f9a8af79842c5376bf19d07f35797e549a964a06b7b75d46
results/research_next/common_refinement_jobs/prepared/seeds/days_321_118_proof.json.gz,1620,6769b918a2e81c564d05c6c2c0fe94c8f98c3f7190715119a1daede7a6109295
results/research_next/common_refinement_jobs/prepared/seeds/days_321_119_encoding.json.gz,1181,b122f990f89fb9579fe2bb63f66275663dbd838e52ff37073597904460106607
results/research_next/common_refinement_jobs/prepared/seeds/days_321_119_proof.json.gz,1618,f54ec69899c9f7c9eddf0437fad6fad25cce48ab4aa5dad625336c3c8a44bdb5
results/research_next/common_refinement_jobs/prepared/seeds/days_321_120_encoding.json.gz,1171,e41af13be5a4019e63c433a4a3759c3f3182a1392dcbd1d7e9548c3d9767f6d2
results/research_next/common_refinement_jobs/prepared/seeds/days_321_120_proof.json.gz,1585,230c4f631090f743f95a5b80a5a839cf070e9f1b6db18da092cc7257b08949fb
results/research_next/common_refinement_jobs/prepared/seeds/days_321_121_encoding.json.gz,1176,1812093fc2daf9f6d45dab20bc2132c59201e45730a10087bd4a705827dcd5ae
results/research_next/common_refinement_jobs/prepared/seeds/days_321_121_proof.json.gz,1581,e1bea15014b302a5d6f5fa7cc75e51f57cd65678230cc30c2f6d239c799efa2a
results/research_next/common_refinement_jobs/prepared/seeds/days_321_122_encoding.json.gz,1174,4c1dd5f4ec331247dfe75e9a21f98bd2f31fcf8f502ddcc3fabf00c112c0855a
results/research_next/common_refinement_jobs/prepared/seeds/days_321_122_proof.json.gz,1581,b26f5c255e6b764b2375b99b00c17711ce5d1c84c0862adc69b0bfd376ef3806
results/research_next/common_refinement_jobs/prepared/seeds/days_321_123_encoding.json.gz,1172,02fe2815f1bc7232c2c1fec8ad5e6ed1e0fccadfde98007c7b51516dc1e9b302
results/research_next/common_refinement_jobs/prepared/seeds/days_321_123_proof.json.gz,1575,004957b4a1254bc8daedc190514f69ea07f3531aee62337907d8f85fd6febda3
results/research_next/common_refinement_jobs/prepared/seeds/days_321_124_encoding.json.gz,1175,5f71d800b9c9d4debbfda2d0123a65765de123477e563b0d6271d06bfa770bca
results/research_next/common_refinement_jobs/prepared/seeds/days_321_124_proof.json.gz,1615,a38c43752631b812920fb046d3065f816da95889c48ac687ae6c8d3870c36fcf
results/research_next/common_refinement_jobs/prepared/seeds/days_321_125_encoding.json.gz,1172,6b6324326b39a09b47d72f81a7b3dcc6eb1e37ee36be8cc7a8ab7ca6ef94c472
results/research_next/common_refinement_jobs/prepared/seeds/days_321_125_proof.json.gz,1613,de5913433352e0c98c1063d8f75043b5c57e2556db14f3379e2a00789e9b4523
results/research_next/common_refinement_jobs/prepared/seeds/days_321_126_encoding.json.gz,1169,04f171c361938d319beb20d43302d6cad4c83914001e4824295a6fbe6fc696c6
results/research_next/common_refinement_jobs/prepared/seeds/days_321_126_proof.json.gz,1613,778a16d3ec9c5ee1cfc3db5b88dcebd0f156fa6c50ad2060b1848c0f17b75ca2
results/research_next/common_refinement_jobs/prepared/seeds/days_321_127_encoding.json.gz,1174,de275a8576c80c94760645c290c0364080b53c67c1faa85684ee312fba03f4b1
results/research_next/common_refinement_jobs/prepared/seeds/days_321_127_proof.json.gz,1656,c65fab9fdcd0a5bca4a3990ab219c3d4d2c9cbd1623b07db0ea7bc442d3ca5b7
results/research_next/common_refinement_jobs/prepared/seeds/days_321_128_encoding.json.gz,1175,ffa2c2a12a2958e4f5d0b0a15f802f12ee745ac14b2d153f939f2a1dfa99ee1d
results/research_next/common_refinement_jobs/prepared/seeds/days_321_128_proof.json.gz,1614,9fdda79c2ece334b0ccc0778f9c2d74fc1263684b512da3a0a319c81755e26fb
results/research_next/common_refinement_jobs/prepared/seeds/days_321_129_encoding.json.gz,1178,df326b4a9b3705393be5858fd78135115a5afde39bbf9792e98d1bef037551d3
results/research_next/common_refinement_jobs/prepared/seeds/days_321_129_proof.json.gz,1612,048b950d006260a547c7240b45b6a2dcce934f12791d510d7e4e4974fb2ed8e7
results/research_next/common_refinement_jobs/prepared/seeds/days_321_130_encoding.json.gz,1175,572d0e112f501ab1efe6ad0b2bbf919e38d7ee0c3d9b7242ed8bec321a6acbe9
results/research_next/common_refinement_jobs/prepared/seeds/days_321_130_proof.json.gz,1599,a532b19fc6f70669ad2ce70978d7b9b11a00c4e2a94323298a8a5b0af3241efa
results/research_next/common_refinement_jobs/prepared/seeds/days_321_131_encoding.json.gz,1178,87a3ade852e0178378f9915cb78c1c698ffde5c0c3c47e8cf1ca3a1cacbcc9e9
results/research_next/common_refinement_jobs/prepared/seeds/days_321_131_proof.json.gz,1630,13c28f30cbbc4d816f1de9c6f7691501da6e579b7a664aa030065ba268ce94a4
results/research_next/common_refinement_jobs/prepared/seeds/days_321_132_encoding.json.gz,1177,508afe4ca88f45ff24bdba045dfa02cf148ef9fa792aa54a2f934b7b4d9c817b
results/research_next/common_refinement_jobs/prepared/seeds/days_321_132_proof.json.gz,1627,8856c6024974a4cb43a80eb01ecdfe16e7f7d17f6c4e540c97f36a003678e480
results/research_next/common_refinement_jobs/prepared/seeds/days_321_133_encoding.json.gz,1177,101eb2db9737ae2512aceb5fe6c256715eb811c8910eb1bad64eb6f6bfda00ce
results/research_next/common_refinement_jobs/prepared/seeds/days_321_133_proof.json.gz,1627,337e8ac43575c3886d30214cc789196ed1f8369bd24a902993bf7c5b29b65e57
results/research_next/common_refinement_jobs/prepared/seeds/days_321_134_encoding.json.gz,1180,7b41069d218cc2380389a106fde24f943cacf2c90e13fe7b3030433134950525
results/research_next/common_refinement_jobs/prepared/seeds/days_321_134_proof.json.gz,1591,53d4366a7126e654be8722ddef20e376becc9803b59d0ea46b8d273fced09497
results/research_next/common_refinement_jobs/prepared/seeds/days_321_135_encoding.json.gz,1176,6555cc4bfd376ed5954fc9c0410d71bc97ff71604029d7749904ef886b01c38c
results/research_next/common_refinement_jobs/prepared/seeds/days_321_135_proof.json.gz,1612,6e9acab2e95ac525fa6eade9abad5859e15540c9c29fdc9393dacddb47ca4b7f
results/research_next/common_refinement_jobs/prepared/seeds/days_321_136_encoding.json.gz,1176,00a510f59eda0903619bc785576f43ca86e7fc2eba677c47bd9f76b696f51d4a
results/research_next/common_refinement_jobs/prepared/seeds/days_321_136_proof.json.gz,1578,b32ac6c1fbd4dabcde2ac7ba8bd7cac6a88b232fbccde517ff5410ff4824276f
results/research_next/common_refinement_jobs/prepared/seeds/days_321_137_encoding.json.gz,1175,d0627e9ee5be7907aa05fe5031f55bb069e03f0918374cef080b7c7b996659fa
results/research_next/common_refinement_jobs/prepared/seeds/days_321_137_proof.json.gz,1622,da1e65cf0c669904afe5d83bd4e4e586e3d07214f9b59ae90e492ba2abe5443f
results/research_next/common_refinement_jobs/prepared/seeds/days_321_138_encoding.json.gz,1175,5db56beb05bd11da8f33b33f02f4008760a38a15fd2c86ffebfbb7ecf4dc3942
results/research_next/common_refinement_jobs/prepared/seeds/days_321_138_proof.json.gz,1598,cef0588b807f18067c80c547b84cd40996a7a74bd78d61a05d76ab46ff493933
results/research_next/common_refinement_jobs/prepared/seeds/days_321_139_encoding.json.gz,1176,73292034ed3447ce9c1a2ed7d1ecb2c885eb0fa954c6a8af042ba979ca5515d8
results/research_next/common_refinement_jobs/prepared/seeds/days_321_139_proof.json.gz,1615,ba19ce705ba525da5584d7765ee42ede7575fa740c17e3b383fced4b573335a7
results/research_next/common_refinement_jobs/prepared/seeds/days_321_140_encoding.json.gz,1173,cf6312b76f4c3607c3bafbc42740436c8c2d0cfa750a8d236169142a14dd9d6f
results/research_next/common_refinement_jobs/prepared/seeds/days_321_140_proof.json.gz,1556,618190c95cfb3b59c9f768328084d52c66728ba3676be2adb514e2652c5860e2
results/research_next/common_refinement_jobs/prepared/seeds/days_321_141_encoding.json.gz,1173,17547dc289b17347dc7b3c35172f0959699edc6f7357086ae462433fa4e4a4e5
results/research_next/common_refinement_jobs/prepared/seeds/days_321_141_proof.json.gz,1584,59b424cb0c6a989ffde89077ffbd415ca559804f2e5f101ae03673ae1c691b89
results/research_next/common_refinement_jobs/prepared/seeds/days_321_142_encoding.json.gz,1175,cf7bdcaef47ede908f40790db6efdf9393d844648b918b2093a3463d3b0011b8
results/research_next/common_refinement_jobs/prepared/seeds/days_321_142_proof.json.gz,1561,2d19610e24bed7691e6037360d50f8243853d1dd23edae26e76aa8ec9e615593
results/research_next/common_refinement_jobs/prepared/seeds/days_321_143_encoding.json.gz,1176,602ca2b925f7a039c492f234104fa1385d1bb84347c5c74db26a82a7188027e8
results/research_next/common_refinement_jobs/prepared/seeds/days_321_143_proof.json.gz,1559,0cbad86e4ca75396d76647ae8f67f5406980489421820f87fd5ec0ddf304be28
results/research_next/common_refinement_jobs/prepared/seeds/days_321_144_encoding.json.gz,1177,a92365d233a417bc63e6935568a973f697723a01823996a4fb6b86c643612af4
results/research_next/common_refinement_jobs/prepared/seeds/days_321_144_proof.json.gz,1580,e6a9c25b408a5d1829747dd5e9aa5c9d4b2726e14d34e198278bdeee7defe04c
results/research_next/common_refinement_jobs/prepared/seeds/days_321_145_encoding.json.gz,1173,9d4a4e5a8902660d9b046b825bcda2e2053b7c8f20739b06c86788ce07115b66
results/research_next/common_refinement_jobs/prepared/seeds/days_321_145_proof.json.gz,1578,4f5c5c48f4bb12fe80230dcffe8c3b25e12885f1e8eb1e3ed160501df65dba4e
results/research_next/common_refinement_jobs/prepared/seeds/days_321_146_encoding.json.gz,1176,a55d079e031ad63503df688af0161b3502579568031453d82eb4741c71aa2dcd
results/research_next/common_refinement_jobs/prepared/seeds/days_321_146_proof.json.gz,1584,f33ef1be6842bbc770d2b2ef2fa6b713bcb50bc9077ee7a31e78458b1ef5439e
results/research_next/common_refinement_jobs/prepared/seeds/days_321_147_encoding.json.gz,1174,1e5bfbca8f04be66c7fe61c4c591189edeaf4a67a09b270a19e8317b748020b7
results/research_next/common_refinement_jobs/prepared/seeds/days_321_147_proof.json.gz,1586,ba0b60e2b9819888e253ef2f1d1ddc4865aee1762c9f89b9268995e2aa898845
results/research_next/common_refinement_jobs/prepared/seeds/days_321_148_encoding.json.gz,1171,e3d8e173b52bafa33835753defefd39d576cbea5158fa6ae485d51b528e6f776
results/research_next/common_refinement_jobs/prepared/seeds/days_321_148_proof.json.gz,1624,45f805d6a0cb173947c1b924c929de0577f125a4c939aaf02094fdaa73c9a91c
results/research_next/common_refinement_jobs/prepared/seeds/days_321_149_encoding.json.gz,1176,3e5894bea685431a5392caf0c40814041b7a85c17eba66ee068d4122636337a9
results/research_next/common_refinement_jobs/prepared/seeds/days_321_149_proof.json.gz,1621,f1ccbadda543c0a195581ca60a6e401e9360bfc44c6292ae7f8b72e0eb8ec399
results/research_next/common_refinement_jobs/prepared/seeds/days_321_150_encoding.json.gz,1172,a3b1cdc40972146780b02e8e2576bf233da2a88a91843f007c4fa9dbb23100c4
results/research_next/common_refinement_jobs/prepared/seeds/days_321_150_proof.json.gz,1612,e25a9c296ed52874143cca87acab3898d66ba516dce80e3990e1afd438dfb350
results/research_next/common_refinement_jobs/prepared/seeds/days_321_151_encoding.json.gz,1174,bee783674602e5690c0c80a1e1859b625829a273599df7fcadf13c67409f2ef9
results/research_next/common_refinement_jobs/prepared/seeds/days_321_151_proof.json.gz,1648,5fd0df96f4b4bfb543662de3cc2422c24c61d950842cc8a6bb8fe645a59af0a3
results/research_next/common_refinement_jobs/prepared/seeds/days_321_152_encoding.json.gz,1176,1b0e23ddf65bc4c6069df3a4e94cb67b428802898951f346f06f0487689283da
results/research_next/common_refinement_jobs/prepared/seeds/days_321_152_proof.json.gz,1626,08c588b9999565b52aa96a9760c1104107d16efc2df80bceee1688c0d47f5ae9
results/research_next/common_refinement_jobs/prepared/seeds/days_321_153_encoding.json.gz,1178,895f39ef2cb4a61aeb40fbc6759e0aa3876b6a8f8f6e75aef46114ebea194249
results/research_next/common_refinement_jobs/prepared/seeds/days_321_153_proof.json.gz,1615,d343d3a7718b576723c774361116e51029750e302c467fd76cee487655b7744a
results/research_next/common_refinement_jobs/prepared/seeds/days_321_154_encoding.json.gz,1181,afcba58410a9f5613fc560247131cc54daa0c69aef608699cfb8e1d37cd8bf99
results/research_next/common_refinement_jobs/prepared/seeds/days_321_154_proof.json.gz,1624,07962fbcbdbd4b464198b4a593f1217976bba23cbcdafea95e344485c2aad24d
results/research_next/common_refinement_jobs/prepared/seeds/days_321_155_encoding.json.gz,1179,64ab2950ebd734b157f1cc24a92c0ec3027564aec329521a62c9ba126222d1af
results/research_next/common_refinement_jobs/prepared/seeds/days_321_155_proof.json.gz,1616,f7e889f457f9279b80fbc3b9cab6bfd4fef458937d5b4e8e8a940a2373ea064e
results/research_next/common_refinement_jobs/prepared/seeds/days_321_156_encoding.json.gz,1179,0a8478e2f17d9c3b9d5a00ffad303a5839d96f28f75adc106eee2a319c1d5e8f
results/research_next/common_refinement_jobs/prepared/seeds/days_321_156_proof.json.gz,1593,e7fa50f8442be3dc4a6c46124dcfc1376ace665306721f9f1e8a94f9d00d1856
results/research_next/common_refinement_jobs/prepared/seeds/days_321_157_encoding.json.gz,1179,cf7dd72cec82f304f7bb7467c1a965ff63ca8fed7bd248d51886a8ea707ce90a
results/research_next/common_refinement_jobs/prepared/seeds/days_321_157_proof.json.gz,1605,3006186aed47ab96919650c3de645a28883406f0438bb0b628093b511b3f0863
results/research_next/common_refinement_jobs/prepared/seeds/days_321_158_encoding.json.gz,1179,64b020d815de7c01b0660b4c880b660b37be46d989c3d54c0c4e8342e944d42c
results/research_next/common_refinement_jobs/prepared/seeds/days_321_158_proof.json.gz,1632,07c0afade888c1e0997cc3a5cff9814ddd42c65a4d8944504299d0bc5135c140
results/research_next/common_refinement_jobs/prepared/seeds/days_321_159_encoding.json.gz,1178,550050f9eefc5b456f9713a165b2acdb5d3147a3d3b4bb5a56805094ece5afde
results/research_next/common_refinement_jobs/prepared/seeds/days_321_159_proof.json.gz,1620,4aa8cb278ae1846e32c11b65eba1b1c47790aa18d382f58a0fa94c566783ea50
results/research_next/common_refinement_jobs/prepared/seeds/days_321_160_encoding.json.gz,1174,82a0fc17f10cf2e17de0d0e294f8479b14ee5c4325c8b5bb02704ebb0b9b0578
results/research_next/common_refinement_jobs/prepared/seeds/days_321_160_proof.json.gz,1576,bb5a2585bafafc5cc6fca0a3e72a37adabb7f93c655287d3e9c48e9081cf5aef
results/research_next/common_refinement_jobs/prepared/seeds/days_321_161_encoding.json.gz,1172,36a69a3a1cce0bba6fc2151e757bf9c7ffcd02e03f0f655d48c1687de7b9a889
results/research_next/common_refinement_jobs/prepared/seeds/days_321_161_proof.json.gz,1634,7e41fe91b69b9756408d5b8cebe0c30650395b20df52547498f61f588d6f4cad
results/research_next/common_refinement_jobs/prepared/seeds/days_321_162_encoding.json.gz,1173,b277c95212af38822bcf58991ab5788212ea6cbce317f63b3f6e8a1d5c79fe04
results/research_next/common_refinement_jobs/prepared/seeds/days_321_162_proof.json.gz,1622,1a8043207df0d9da9150a51c80a526c4640d6febef15541375b20bc46c88f343
results/research_next/common_refinement_jobs/prepared/seeds/days_321_163_encoding.json.gz,1172,611022b1beb5a5f977083dc6e4ac4bda195ff0895b4d7ffb03a9ae7c348c2667
results/research_next/common_refinement_jobs/prepared/seeds/days_321_163_proof.json.gz,1631,387ad05b7a3285708e4486e0bcc09edb2fb7ea72e37c4299ea7cfb73b800982e
results/research_next/common_refinement_jobs/prepared/seeds/days_321_164_encoding.json.gz,1178,669339a8a4c096ff5311b3ca9770662b8c03af1b78c5ff0e8c1bde26f849e787
results/research_next/common_refinement_jobs/prepared/seeds/days_321_164_proof.json.gz,1619,044feefe6113d91e914da1aa4eab03adbc090774a7f1f50d3e833995ac07533e
results/research_next/common_refinement_jobs/prepared/seeds/days_321_165_encoding.json.gz,1171,c247be532ce39021ecf73d78ac2d4feff994fca937fb2cbab80fd27900e3159d
results/research_next/common_refinement_jobs/prepared/seeds/days_321_165_proof.json.gz,1583,01e403b4cb7c236bbcefd5863631674902d8f9bdf1e124b4eed584d0d71ac835
results/research_next/common_refinement_jobs/prepared/seeds/days_321_166_encoding.json.gz,1172,4e62b2ca5b5228c074322accceec6ba7425151cd78bbbd7dde6217478c7a01dd
results/research_next/common_refinement_jobs/prepared/seeds/days_321_166_proof.json.gz,1580,3a5faa6f4053fb4068ee0b498d24cecb1eb1545531b8c405834882aabbc86f0d
results/research_next/common_refinement_jobs/prepared/seeds/days_321_167_encoding.json.gz,1168,438b149b9b42a8c8575851d80c1f8fd6b12d2f96619d33c66445adcfc53d12d7
results/research_next/common_refinement_jobs/prepared/seeds/days_321_167_proof.json.gz,1575,9bd3d179ca713931b7be6bdfbc7a09d801013b7450d96b34cb9d774a273e07bb
results/research_next/common_refinement_jobs/prepared/seeds/identity_000_encoding.json.gz,1172,5c0616a1d59a8ca72dcece0e2e091a04aeeac9bbd19de6fb13948f012b68384e
results/research_next/common_refinement_jobs/prepared/seeds/identity_000_proof.json.gz,1537,d922b36d6e68cfe2ec4f07e8af7d6b2964ee9b24e643bc692e7abb17a5b0a903
results/research_next/common_refinement_jobs/prepared/seeds/identity_001_encoding.json.gz,1171,8cda8abc1c0eb0ed557f2e4ab52675d37ffc80963255a421e5a2b3e28df86aad
results/research_next/common_refinement_jobs/prepared/seeds/identity_001_proof.json.gz,1543,b333e4f033fc6f3b720101405b84bb8baba563299236101daf14fc73e7be417e
results/research_next/common_refinement_jobs/prepared/seeds/identity_002_encoding.json.gz,1171,1ca68ab12e2e85b3b2c01b029df66239f38e82055f98e30d79256091b3725a46
results/research_next/common_refinement_jobs/prepared/seeds/identity_002_proof.json.gz,1551,3d5825f2b4d9028a21ad8057170c9e6d94261297e0a63ba396cf16f3026a3ab5
results/research_next/common_refinement_jobs/prepared/seeds/identity_003_encoding.json.gz,1171,63e24defb267faca4d478c1d3ef15e8b573ff0daeed3f2e7f641cca48bfc7db5
results/research_next/common_refinement_jobs/prepared/seeds/identity_003_proof.json.gz,1549,957ffa704852239e4c908fd314640f604b9f42d4799c3578bd212295328367cc
results/research_next/common_refinement_jobs/prepared/seeds/identity_004_encoding.json.gz,1176,280a4248e5d0bea5322c98f737b9e394b7301d9b548da630a76847131648b37c
results/research_next/common_refinement_jobs/prepared/seeds/identity_004_proof.json.gz,1593,2b925dc7e609e9ee4e34cd39528e3da154e24909e5a3369e1f92327eb108fc73
results/research_next/common_refinement_jobs/prepared/seeds/identity_005_encoding.json.gz,1170,d11b02fe6f7bd3bb132a38cc478440f63aa6d41e2bc2a4e2c408801a954f481a
results/research_next/common_refinement_jobs/prepared/seeds/identity_005_proof.json.gz,1588,537a49ef026d6a40d52bec39db5b05d07aeecb9ac04e486cfeabbc005d5de746
results/research_next/common_refinement_jobs/prepared/seeds/identity_006_encoding.json.gz,1169,59e6ee3086cbd5fcf95cf45a4c112f11dd12e897d9435524ca2c792ad0a9b435
results/research_next/common_refinement_jobs/prepared/seeds/identity_006_proof.json.gz,1588,364245e8be3946f0c0eae3bddef41e7ca3fc3aec7160f677aa77dc0ab140321c
results/research_next/common_refinement_jobs/prepared/seeds/identity_007_encoding.json.gz,1174,2634a7928fc0497dddaed65836d8d0894c46a5fec7cdbce06bfb26642f018f61
results/research_next/common_refinement_jobs/prepared/seeds/identity_007_proof.json.gz,1632,a23a6311ea3cab4d342cf94a5757d941c70b0b7dfb286e171361103935f6317a
results/research_next/common_refinement_jobs/prepared/seeds/identity_008_encoding.json.gz,1170,9495d96df8b07a56f24d866f4ed0acdb458f141ccfb161e6c7eaa41560eb8839
results/research_next/common_refinement_jobs/prepared/seeds/identity_008_proof.json.gz,1629,7049b11ad39083c92762d120ac4eb9cfe8cb406d5497ea6d385c7a0b1ef22ac1
results/research_next/common_refinement_jobs/prepared/seeds/identity_009_encoding.json.gz,1172,5cc152eeb780cf4bbdb9731347a9d99f94b0157f22ac198b549c04bb4293cafe
results/research_next/common_refinement_jobs/prepared/seeds/identity_009_proof.json.gz,1631,47e4749554ba753ed9819d954f1b5661ceeb3278eeeef3f0d8d03d8fecbc9538
results/research_next/common_refinement_jobs/prepared/seeds/identity_010_encoding.json.gz,1167,a3225a95d32188610b7e4d2a5668b06afb964db672ba2373b0dbf44453b8fdf8
results/research_next/common_refinement_jobs/prepared/seeds/identity_010_proof.json.gz,1628,ee91974ff7e7325706f48185f7a1f5b15729e5a56bf26e24126dfb4b24aa8118
results/research_next/common_refinement_jobs/prepared/seeds/identity_011_encoding.json.gz,1171,c0ba1ecf3b4655d85bcb990692199aacebf2389239d548361687e6e89524d5c2
results/research_next/common_refinement_jobs/prepared/seeds/identity_011_proof.json.gz,1637,06648771202d40f7a3e50457f6728b57ef820ed2ffba64ca53d9560cb396e22d
results/research_next/common_refinement_jobs/prepared/seeds/identity_012_encoding.json.gz,1165,4859f0ff9b335c52a57d3e63b626ea46ca303f5412ccb1c6455b6804f4e06809
results/research_next/common_refinement_jobs/prepared/seeds/identity_012_proof.json.gz,1645,115f14aaaa0ca6452bcf42b674ca9020bc26c2d2af6ea616082acadd434ec69b
results/research_next/common_refinement_jobs/prepared/seeds/identity_013_encoding.json.gz,1168,30e8cd21991cbe00cd8744da2333f42fac27b80da45e27e21bb9e30df1de9ff3
results/research_next/common_refinement_jobs/prepared/seeds/identity_013_proof.json.gz,1635,38249989ee411900130dbe1ed570b52d95995641a30792bdf4f1633bf4f1123d
results/research_next/common_refinement_jobs/prepared/seeds/identity_014_encoding.json.gz,1170,e27b03a8bbcc3175998d0ebb2b1311017d34ff3b0936d1c77c4042ddc0d9d018
results/research_next/common_refinement_jobs/prepared/seeds/identity_014_proof.json.gz,1631,5cd43e9d65f9a9b8c792974463245ce7fd686acd00e92c4dc971a35b390581ba
results/research_next/common_refinement_jobs/prepared/seeds/identity_015_encoding.json.gz,1168,92ceab8d1ae704f30f893e8624ae25f6ece1ae5b65a854b0f05d34d45359aa05
results/research_next/common_refinement_jobs/prepared/seeds/identity_015_proof.json.gz,1619,7f0bd4deb91a797f1552093675217c975976270fec7d19fc5756f7ebc780d582
results/research_next/common_refinement_jobs/prepared/seeds/identity_016_encoding.json.gz,1171,219945120c8dc1fefcd1952ba8036c18937a819645fbe4229b40c089bf5cf25a
results/research_next/common_refinement_jobs/prepared/seeds/identity_016_proof.json.gz,1582,9cd2437d9ea0d16b2f3ffd62e330cbb2704e45081a2e82ea9b5bea67e5816ca5
results/research_next/common_refinement_jobs/prepared/seeds/identity_017_encoding.json.gz,1168,a7f5da1e9d54004fd11f00d73c374c9ddd28674c6fd2b9ce3253b0cc9f7661b0
results/research_next/common_refinement_jobs/prepared/seeds/identity_017_proof.json.gz,1585,bb90a8ee39778b8dfc525abee0cc901634d8ce93b38eebd0ab4d95490b2b556e
results/research_next/common_refinement_jobs/prepared/seeds/identity_018_encoding.json.gz,1171,3588458f71abb5406869e6d90225ba5268ccdfbfe4776958bd6b15fe67ac816f
results/research_next/common_refinement_jobs/prepared/seeds/identity_018_proof.json.gz,1583,20be806d24ad3e64919c6d1daa165aa64e291dca7b6a7c75229744157061f797
results/research_next/common_refinement_jobs/prepared/seeds/identity_019_encoding.json.gz,1169,b4baf5fbd70e5133c482ccc41d7a4c577237064fa13051bc58df940802075c92
results/research_next/common_refinement_jobs/prepared/seeds/identity_019_proof.json.gz,1597,4a74d226620642144af95045c09ef008d5731036fbf72e13e47a1d4bca9ef529
results/research_next/common_refinement_jobs/prepared/seeds/identity_020_encoding.json.gz,1168,4722e75ed0be813dc5f228e3dd983efde3deffa5f9de117faf215f9d2f55165a
results/research_next/common_refinement_jobs/prepared/seeds/identity_020_proof.json.gz,1582,a1438a39f9d767a18c12679fe7638ca0bad9285c154e4096026842dbe61d20c8
results/research_next/common_refinement_jobs/prepared/seeds/identity_021_encoding.json.gz,1169,2204df6a7dd2e457bc917b3409b822ddc20522da39b1abcaea1e65a89cd6bbde
results/research_next/common_refinement_jobs/prepared/seeds/identity_021_proof.json.gz,1598,c0c404c5ff798cfaa04cf95da07f3f04d3bc48595d63b2a8042c052ed71fa0ab
results/research_next/common_refinement_jobs/prepared/seeds/identity_022_encoding.json.gz,1173,c24865d2d5146c43f74ae204f2af658ccb9a8d15c68c240d58f72aabb0e3775d
results/research_next/common_refinement_jobs/prepared/seeds/identity_022_proof.json.gz,1597,579b1877279915dcd62802d25ac302393f76c55aeaf2ba7854926903d214f8c5
results/research_next/common_refinement_jobs/prepared/seeds/identity_023_encoding.json.gz,1173,2932a5608c60a8f456e258975902757e51e0dfdf34f21da0202a1c5fe4ecdf88
results/research_next/common_refinement_jobs/prepared/seeds/identity_023_proof.json.gz,1552,88adbe93d5c8e18dd90b2b5782f323011936b0cbf1e48d94f1cf1429bb8a742d
results/research_next/common_refinement_jobs/prepared/seeds/identity_024_encoding.json.gz,1172,369a39658ebae7e4bddfdc6d94b8a910478bd786243d08dadefa0e9930c86e0b
results/research_next/common_refinement_jobs/prepared/seeds/identity_024_proof.json.gz,1543,96a13aad71f3e2d49444a5e6718287818973b4b6ff9df5b3af610291067ba9b3
results/research_next/common_refinement_jobs/prepared/seeds/identity_025_encoding.json.gz,1171,89533aee76f6eb095f041db5e8d2b4a9ef4f0d8f1966a4dc76de032ff154495e
results/research_next/common_refinement_jobs/prepared/seeds/identity_025_proof.json.gz,1551,d5f7216d017f064698e8f11f8f4693bc98347fac96bf1bb67b2a2a3fb983b1ac
results/research_next/common_refinement_jobs/prepared/seeds/identity_026_encoding.json.gz,1174,24f9d8e995ba188157a64c5988134a836e7a945a55a3c9fe9c17cd33c2e05efa
results/research_next/common_refinement_jobs/prepared/seeds/identity_026_proof.json.gz,1545,9c95e7a97e772f44fb4161b03fdeea0b88518645019f2c5cc2c8894bc2a50c18
results/research_next/common_refinement_jobs/prepared/seeds/identity_027_encoding.json.gz,1171,31142090d4167b1abef1d81954371e9b78c39d82edbf520bf44ce73e79c2a572
results/research_next/common_refinement_jobs/prepared/seeds/identity_027_proof.json.gz,1546,3f06fefa92da2fbc393ea70e66b9911c220c7f3adfa282e432c34d7b763f750b
results/research_next/common_refinement_jobs/prepared/seeds/identity_028_encoding.json.gz,1175,8ce248a515470494fe90cdc2fe53477bb1d55399a80ab3d51e0d8f7536d469eb
results/research_next/common_refinement_jobs/prepared/seeds/identity_028_proof.json.gz,1578,c5abdfc9af786af88a7acea62aef9142fb07c382b8666741af17687a2a776c2e
results/research_next/common_refinement_jobs/prepared/seeds/identity_029_encoding.json.gz,1182,9f1c707225e3133871f1af088970ee18fda67f64d8677fca824c26604b51adb1
results/research_next/common_refinement_jobs/prepared/seeds/identity_029_proof.json.gz,1588,a587d9f8bc565a47bb2d182ddb698360a7d270d126439f2a1ad4ac87e86b7cfb
results/research_next/common_refinement_jobs/prepared/seeds/identity_030_encoding.json.gz,1169,7654d531875debdd39c1c943455f25eacb0375e1ae103d51831cd1beb06ccc05
results/research_next/common_refinement_jobs/prepared/seeds/identity_030_proof.json.gz,1587,20adb3beb845a688e652f1962f9cd13c0226ec8ae1524d81c6a3829ed9545281
results/research_next/common_refinement_jobs/prepared/seeds/identity_031_encoding.json.gz,1174,3ce891c5d40b35e6e410168d63b456d930a91d17c5285eddcf46a8ee5a10d0fa
results/research_next/common_refinement_jobs/prepared/seeds/identity_031_proof.json.gz,1620,9c032593013ef010579976ae2d43eb4b49b81891998e967f33949fae0f800e3d
results/research_next/common_refinement_jobs/prepared/seeds/identity_032_encoding.json.gz,1178,1d74020eb332b8125ce3886304a224c6b1874edf7fda4146ab6d9cd442974a7d
results/research_next/common_refinement_jobs/prepared/seeds/identity_032_proof.json.gz,1589,8a207667391e05929ac030fab1ba6e37661433e9a3ef82c867b912ce56941260
results/research_next/common_refinement_jobs/prepared/seeds/identity_033_encoding.json.gz,1184,e58e98895e2eecc3a43d1a7b395f94be43c252528201cd84bcabfe2b80b1ee6a
results/research_next/common_refinement_jobs/prepared/seeds/identity_033_proof.json.gz,1587,5489c63cae1c87374881c7ac58294bea4a38ab231449680d482e5ae11f4ee2f2
results/research_next/common_refinement_jobs/prepared/seeds/identity_034_encoding.json.gz,1181,14f7b14d6cd7b48b347c86904a9647761d1f3df984f75cd2e9d73844303d70f8
results/research_next/common_refinement_jobs/prepared/seeds/identity_034_proof.json.gz,1594,67640c570924da203620787783fa7ac2295b8c116d194fcbb79e550314c73bbb
results/research_next/common_refinement_jobs/prepared/seeds/identity_035_encoding.json.gz,1179,e7cd0479a2929aeecadac579eec667ba09e3487166ae7c9ae6d2b68d63c98b44
results/research_next/common_refinement_jobs/prepared/seeds/identity_035_proof.json.gz,1596,017ecda93eef68ab350d1a5fbd5a66e204c63bfd8f6da81719f92013c482a66b
results/research_next/common_refinement_jobs/prepared/seeds/identity_036_encoding.json.gz,1178,ee0664a55f5c57d72d58dfe5780c8c7d4df81b01b4caa4645d56b914eaf15a72
results/research_next/common_refinement_jobs/prepared/seeds/identity_036_proof.json.gz,1594,077c9b31248f66d994b205ae8314f11fe90b4dbccae682acb4ad3646157771ee
results/research_next/common_refinement_jobs/prepared/seeds/identity_037_encoding.json.gz,1178,6cfca8376b49a0db2dfc6d475ff6a1dcb3b83857b1ed4fac441b6175aab7bf79
results/research_next/common_refinement_jobs/prepared/seeds/identity_037_proof.json.gz,1600,f04717c7f68d484915d898498e7c4a0997953afe6e26b7cdfc7e6191f0c2797d
results/research_next/common_refinement_jobs/prepared/seeds/identity_038_encoding.json.gz,1175,587a4987eade78987a38069dc1f5f615e2312d1f9fea416adfed343f1de067db
results/research_next/common_refinement_jobs/prepared/seeds/identity_038_proof.json.gz,1569,b075940161464ceb61713b15c972e35416674213728373d6e081b0578230d7d9
results/research_next/common_refinement_jobs/prepared/seeds/identity_039_encoding.json.gz,1178,b950036d365ab0e237c94106dcf97ab5df464776a2267cd1a3bde14da6b23563
results/research_next/common_refinement_jobs/prepared/seeds/identity_039_proof.json.gz,1580,f425ec5764e813276610d25cb1394c10e9f06b7866c095599054fdfe9791ce0e
results/research_next/common_refinement_jobs/prepared/seeds/identity_040_encoding.json.gz,1173,d53321cef599ca47cec15793b1b7bfa3c7f15da3b59f9941bb0a67d8d2579859
results/research_next/common_refinement_jobs/prepared/seeds/identity_040_proof.json.gz,1579,00246a36ad5bd76160514829d93b0b6252a6e481724e74e4a7ee27edcd90391a
results/research_next/common_refinement_jobs/prepared/seeds/identity_041_encoding.json.gz,1174,bcced8f4be3465535cffe91c1610592965ac6179b35ee5cae258d480deef28fe
results/research_next/common_refinement_jobs/prepared/seeds/identity_041_proof.json.gz,1585,2877db78184f0fe539a02cc372ecdf5308f26af06c018b55696946050b0bf4a1
results/research_next/common_refinement_jobs/prepared/seeds/identity_042_encoding.json.gz,1171,cdc086ae02337a4bc36fa7176b6dd6f688553662cddd826710e7a02f55130690
results/research_next/common_refinement_jobs/prepared/seeds/identity_042_proof.json.gz,1584,dea525a3d60deff08df36588f2d79d9659d88ea1cd2678e2947cf8cb8e9c8d45
results/research_next/common_refinement_jobs/prepared/seeds/identity_043_encoding.json.gz,1172,fbc2bd08a9ec3bacffeabc309f01cd2de36577889081be09c9063b78f4f51eb7
results/research_next/common_refinement_jobs/prepared/seeds/identity_043_proof.json.gz,1585,411094188110df0c4da2182060495f6437da6590950adbba461c408a8a3dbe6f
results/research_next/common_refinement_jobs/prepared/seeds/identity_044_encoding.json.gz,1178,df01f6fa6756a3e4ebfe6d032e520628f3511470d2eab4c9f64b55636d68cf8d
results/research_next/common_refinement_jobs/prepared/seeds/identity_044_proof.json.gz,1587,dd03fd1eddea21c11dd0d541bdf60a859c828e4bc98da14279d98f56ae163e47
results/research_next/common_refinement_jobs/prepared/seeds/identity_045_encoding.json.gz,1174,b4f22ffec7281974cbbe921b7c64f5fc046bb004d00f81036ec6e2edb903af25
results/research_next/common_refinement_jobs/prepared/seeds/identity_045_proof.json.gz,1541,78415d2d2dda4966bce7a00368f2648da56d5aa4afd52b3dff01afb11bbfab24
results/research_next/common_refinement_jobs/prepared/seeds/identity_046_encoding.json.gz,1175,1bb7af5cdd411534bd596791e1f865dd9aa7903ed7f459b7ef9dc7e0fe74b475
results/research_next/common_refinement_jobs/prepared/seeds/identity_046_proof.json.gz,1544,81dc06e4ade99e98d7494d111c1cdd52d070dbdf79507aac05e413742989f566
results/research_next/common_refinement_jobs/prepared/seeds/identity_047_encoding.json.gz,1175,edccb3680ef4e2dffb73f310daaa1ef32f5174c43a3f1334227a7d1677f1654f
results/research_next/common_refinement_jobs/prepared/seeds/identity_047_proof.json.gz,1542,aaaa3c8df3cf6fa722b846abf8a2984a55c5d6d3eaf826a6f9fa9140e3a5976d
results/research_next/common_refinement_jobs/prepared/seeds/identity_048_encoding.json.gz,1177,de9a266ffc5b3a292f686653a3359775f1c584eec61301f23593a0d432c5ea09
results/research_next/common_refinement_jobs/prepared/seeds/identity_048_proof.json.gz,1537,24bd28e69b4bab81741ce61d2f76ef04081a3b9627ecf6bd8dd4c05ac2741158
results/research_next/common_refinement_jobs/prepared/seeds/identity_049_encoding.json.gz,1182,35927f81f155744fedd987986126e07b95250ddd134e9761c0c8e8e1e89fcefa
results/research_next/common_refinement_jobs/prepared/seeds/identity_049_proof.json.gz,1547,b021739fc7e38c7822fb7b889402c4f40b5c78925970781fb830e45835cd7f12
results/research_next/common_refinement_jobs/prepared/seeds/identity_050_encoding.json.gz,1173,5a934b5f897b086628290f03bcb2e2c5db7638cdf00dd5dde3c690c89c0ae7bb
results/research_next/common_refinement_jobs/prepared/seeds/identity_050_proof.json.gz,1544,1ac12bef64007d1ee0d070a85a74c7da34ed0d89a57a21750adc509340d36755
results/research_next/common_refinement_jobs/prepared/seeds/identity_051_encoding.json.gz,1169,59b162e012c30856ba8df187a655e30308c7d277a919f4811862bf6f5f33d8e9
results/research_next/common_refinement_jobs/prepared/seeds/identity_051_proof.json.gz,1535,43452c302989a5e4b6a4e809dab238963fa27410737f3bc8783de680bda224ab
results/research_next/common_refinement_jobs/prepared/seeds/identity_052_encoding.json.gz,1175,583ad2f5e1d49912d744b22eab63819e78a62c47ade3a0e71368b82c02e2036e
results/research_next/common_refinement_jobs/prepared/seeds/identity_052_proof.json.gz,1544,2dc07fd2d7079f85c42738f9bbf16ee379d99912dfe4a2f4699677671564a612
results/research_next/common_refinement_jobs/prepared/seeds/identity_053_encoding.json.gz,1172,e8a5119ce0dc50d953245814cadbd61e8bafb339437876b52f46ab9e09d01e4d
results/research_next/common_refinement_jobs/prepared/seeds/identity_053_proof.json.gz,1587,7c9d226879f101d024d7b128134a975451f7e541bd7435c602b3cc30626c53d2
results/research_next/common_refinement_jobs/prepared/seeds/identity_054_encoding.json.gz,1176,ccf857331f35769694df5e13cb67960e2d97cd6be153f9aae210deaf55427249
results/research_next/common_refinement_jobs/prepared/seeds/identity_054_proof.json.gz,1586,d27a0b109524f743be0248e7ad193d30cacb1d02d3585fc2250379118e59b61d
results/research_next/common_refinement_jobs/prepared/seeds/identity_055_encoding.json.gz,1174,f41432eac425349ddf85225ed734264bfca36cce5dbd48789d86813536d9690b
results/research_next/common_refinement_jobs/prepared/seeds/identity_055_proof.json.gz,1625,77754c447ff3265b2218d85cb0e64a0d64d2056ff25e301da3d2b9100d3566a9
results/research_next/common_refinement_jobs/prepared/seeds/identity_056_encoding.json.gz,1176,32d6644b424b3e0935791c83e5caf7e620708881dcd9441be7933435d8caa148
results/research_next/common_refinement_jobs/prepared/seeds/identity_056_proof.json.gz,1581,f69f8dac0522159a95949f9473156a7bf41494188ef84de5289b2da9c8ca3d17
results/research_next/common_refinement_jobs/prepared/seeds/identity_057_encoding.json.gz,1177,243c0e46a9e45535a21079496eaf2065e9e0d97dd8b3ea0e24df41af9af62b9f
results/research_next/common_refinement_jobs/prepared/seeds/identity_057_proof.json.gz,1588,7b5f3e5c5f9b2584b92ad41e1ee40ba1ad7317a394d4781fd058397609437d1a
results/research_next/common_refinement_jobs/prepared/seeds/identity_058_encoding.json.gz,1176,967f193cc724c61a24f7bf83e08c4d02c571bcbf70a7e05e158e0e8bd6f5ed94
results/research_next/common_refinement_jobs/prepared/seeds/identity_058_proof.json.gz,1598,81d21ec99fefdc4d177eb7080da059788cb16c398d50c1ec966e705cc4dcca16
results/research_next/common_refinement_jobs/prepared/seeds/identity_059_encoding.json.gz,1176,c40f172a543101249282c2b3da37c44122a02f49827f076f21421137075ccb23
results/research_next/common_refinement_jobs/prepared/seeds/identity_059_proof.json.gz,1584,48dccbbda5a8060e7e568581816d8ebbfc10a5de6e9e00c32719d49a11241bff
results/research_next/common_refinement_jobs/prepared/seeds/identity_060_encoding.json.gz,1177,7b3101ee71cad4dbb95b94bffaf463f71e6ef73e97db873ac20b58bcd5fdeab0
results/research_next/common_refinement_jobs/prepared/seeds/identity_060_proof.json.gz,1596,576012dd1e58d86c1a964a7eba73ea8f9de7a14739369b727657acd32e581827
results/research_next/common_refinement_jobs/prepared/seeds/identity_061_encoding.json.gz,1175,c4146a2bf3db6baa7cb803e17414ffe8f6500d03ee4646bd22cbb0df35e283c6
results/research_next/common_refinement_jobs/prepared/seeds/identity_061_proof.json.gz,1594,b84bc8f743d58c93a1e04f106c28a52d2df7c2514680414e1e62260488612d77
results/research_next/common_refinement_jobs/prepared/seeds/identity_062_encoding.json.gz,1176,c6bd8a1fb4659f307d3c1698b59e3ae76c5e5f6557c30011d63d204e81a98c2b
results/research_next/common_refinement_jobs/prepared/seeds/identity_062_proof.json.gz,1592,e6f98dc0041c466e1f0a893fadf9167aae4f3b51484d411cff94434057d51dbf
results/research_next/common_refinement_jobs/prepared/seeds/identity_063_encoding.json.gz,1176,80d34ce14694dd6d62a53d80908eaa72f9c2324c4db96fd7e5896f184e4e4617
results/research_next/common_refinement_jobs/prepared/seeds/identity_063_proof.json.gz,1606,5f3b07a1d41f0b03e75fedafe829ff34692e8890fe601f4efdceceb6fca256aa
results/research_next/common_refinement_jobs/prepared/seeds/identity_064_encoding.json.gz,1172,305226644162a5fb935422bd68797a83eefcc4845773777eb3a74f3078a4e0f6
results/research_next/common_refinement_jobs/prepared/seeds/identity_064_proof.json.gz,1583,3152398662f88be66a1866495cbb0dbcab926748c9d041c6d53d199a0d9181d9
results/research_next/common_refinement_jobs/prepared/seeds/identity_065_encoding.json.gz,1170,a87e1765a9682551747c9f3c58eff3f4595e98c06e38369d6dd3624cea5679c2
results/research_next/common_refinement_jobs/prepared/seeds/identity_065_proof.json.gz,1584,d0375c3c1fc0072babbd292bb20687f32db8f41f5714bcad4780e7b79ed76e87
results/research_next/common_refinement_jobs/prepared/seeds/identity_066_encoding.json.gz,1172,858360d2554e90b28d402d4146e5e90310c6fd7a2dc9e8d9a0fec2f97f6edbe2
results/research_next/common_refinement_jobs/prepared/seeds/identity_066_proof.json.gz,1585,2289348168af1087bd1c708eab8e79898cfb302efad18b8272f212b3585daf2f
results/research_next/common_refinement_jobs/prepared/seeds/identity_067_encoding.json.gz,1175,160b58ff14f5c722f28c9aaa4a1f2e35603000c8edfbcc9e9310771bb0f5cb16
results/research_next/common_refinement_jobs/prepared/seeds/identity_067_proof.json.gz,1593,7e169945f5656c821af6b720f608f512cf24a4470456d231d40e7222c2378724
results/research_next/common_refinement_jobs/prepared/seeds/identity_068_encoding.json.gz,1166,37385994a8603ccba480def589dd9a352fb981227c3023f97f2d8eb881a5cde5
results/research_next/common_refinement_jobs/prepared/seeds/identity_068_proof.json.gz,1586,53bc6cc4e229e19c805696e9a10615194050df5a43cf50880bf171668deeb669
results/research_next/common_refinement_jobs/prepared/seeds/identity_069_encoding.json.gz,1169,32240166f43c84b2eacd053209244a9eb4727f6d8f958fdf73caf0b735e2d9e0
results/research_next/common_refinement_jobs/prepared/seeds/identity_069_proof.json.gz,1587,df384e85322304eb5c396f699cd8948f4d44621cce5df113733b7bf38228b851
results/research_next/common_refinement_jobs/prepared/seeds/identity_070_encoding.json.gz,1170,8c7672e1f86be8fd9f05145d5bd6a30c2c8a411347a5fe709021485429efda87
results/research_next/common_refinement_jobs/prepared/seeds/identity_070_proof.json.gz,1582,dd511e1b5b95324552df73e40b65910f0411e5a020a4a9d9050d63dfcf72bfde
results/research_next/common_refinement_jobs/prepared/seeds/identity_071_encoding.json.gz,1179,d8792d30abc69ee50a88e02a28515c0667d7277b5874c4496da78590dbc296a2
results/research_next/common_refinement_jobs/prepared/seeds/identity_071_proof.json.gz,1594,78aba2fd0ea6fdf8994388a9fa58b190771057e11ae1cc26324d5c24518bd18e
results/research_next/common_refinement_jobs/prepared/seeds/identity_072_encoding.json.gz,1168,3e483761834d8afb5dd59598e681dc1e3115f1a7ca99bc8170c59ac97c5c6d06
results/research_next/common_refinement_jobs/prepared/seeds/identity_072_proof.json.gz,1590,a07707d2e9e11df070d9bb26cb60219e14cf5aa9679bb5ec21393edebff149f9
results/research_next/common_refinement_jobs/prepared/seeds/identity_073_encoding.json.gz,1166,34b8bf4c4c64a05662f6cc2f0ba453eea045e78642e3649f9e10589b5d85636c
results/research_next/common_refinement_jobs/prepared/seeds/identity_073_proof.json.gz,1589,38798d260cf60690df0765e375f62974a3a832ba8f1785b403cc5fb44a22e08a
results/research_next/common_refinement_jobs/prepared/seeds/identity_074_encoding.json.gz,1171,26e65460141aa306c49b1031d92176d869235137e6b848a873e7aad209f3048d
results/research_next/common_refinement_jobs/prepared/seeds/identity_074_proof.json.gz,1589,460f0cf4c9043ffd47d0d7c99b85dfd557660f8211685885b0623336743f27d3
results/research_next/common_refinement_jobs/prepared/seeds/identity_075_encoding.json.gz,1169,19c8fb9c571498623b575041d78c4381d5b27a845353191a08d6a7e10d000cfb
results/research_next/common_refinement_jobs/prepared/seeds/identity_075_proof.json.gz,1589,279468523654cd9ce31aa059a0a43d91818533b1dbf0be94a839f40d5328e872
results/research_next/common_refinement_jobs/prepared/seeds/identity_076_encoding.json.gz,1171,d49e49cbc30e29d83a5a20f323fd097f177466d537712341b73940ea7696f9f7
results/research_next/common_refinement_jobs/prepared/seeds/identity_076_proof.json.gz,1581,73d8c9b6bfcbecbe5eeec47e71e5cd1f04fb468bbc6ef0d128b77544e4c4cbe2
results/research_next/common_refinement_jobs/prepared/seeds/identity_077_encoding.json.gz,1171,303f1eed82db8e150562e98f3cb5f87926d9c5c622572bff04ceccdceaed44bf
results/research_next/common_refinement_jobs/prepared/seeds/identity_077_proof.json.gz,1590,007a0136f5aa8a3d28bb5a1715560a997ac41ce38293562679e346f14de791e2
results/research_next/common_refinement_jobs/prepared/seeds/identity_078_encoding.json.gz,1168,6f9368437d7a122bd67a7cfa196bfa0c87452ac7b4ef7a2bd51aa7002e141aa9
results/research_next/common_refinement_jobs/prepared/seeds/identity_078_proof.json.gz,1586,0169947f32aa534e2432c79d5d8400b85e945442e1d26266fcee86b00c09280d
results/research_next/common_refinement_jobs/prepared/seeds/identity_079_encoding.json.gz,1170,c87f67cac91731ef6113c0c20df16f7e99d9a4c996f11ddd6d7f26ea04eeb14e
results/research_next/common_refinement_jobs/prepared/seeds/identity_079_proof.json.gz,1622,3d85d8d512364cfbee828b831674da3b00887fd8dbe068a71414ccb12a50bd30
results/research_next/common_refinement_jobs/prepared/seeds/identity_080_encoding.json.gz,1169,fbca6dfe760168ec04a7e5845dc47249929f42e6c037dd956784f88ef704dfc8
results/research_next/common_refinement_jobs/prepared/seeds/identity_080_proof.json.gz,1626,44b95be84b3b23ff75c19660a71f1a68fb271db85f7b547c4bbfc69c5113f31e
results/research_next/common_refinement_jobs/prepared/seeds/identity_081_encoding.json.gz,1170,1dad9d26a6c10a1dcde3c314f4826b524e7d8ba4008553b8d0d81be90a203f16
results/research_next/common_refinement_jobs/prepared/seeds/identity_081_proof.json.gz,1625,1bb4a761fa95347d75b5c3a02bb11ac7a9dadef293acc3ce407c88e5667331fd
results/research_next/common_refinement_jobs/prepared/seeds/identity_082_encoding.json.gz,1166,a653fe71273e5083c18e2ac8d84168969f04638c73680fc74f90c93c402678c3
results/research_next/common_refinement_jobs/prepared/seeds/identity_082_proof.json.gz,1636,f5c12a9b742ef618b12b5aca2541732b612c4c598f514c1dce94222c97efd994
results/research_next/common_refinement_jobs/prepared/seeds/identity_083_encoding.json.gz,1170,3ccff7759dc49a932abd5e5420df0f94d814ee383cae6884f2d497d17975c4f4
results/research_next/common_refinement_jobs/prepared/seeds/identity_083_proof.json.gz,1606,0d75f3627227db3d4ddde25018b90c88fb40dc1d7514c546241cd04995183b65
results/research_next/common_refinement_jobs/prepared/seeds/identity_084_encoding.json.gz,1174,8952a930a2aee66f0e01f2b061cc79ec0f9af6acd8f5c261903b9c872694bf2a
results/research_next/common_refinement_jobs/prepared/seeds/identity_084_proof.json.gz,1629,c438a991ab44e295af4e53daaf3d1b8d2df5a5f952e42218a3cfde95df03d30d
results/research_next/common_refinement_jobs/prepared/seeds/identity_085_encoding.json.gz,1171,1abfad83821719b7626bea355da831991b6d08c7b9efd2d5237663df7a86998b
results/research_next/common_refinement_jobs/prepared/seeds/identity_085_proof.json.gz,1645,5ab99c394948c30fe3585551572dba6626cdf245056cd7f747cf1e47e3d0dbe4
results/research_next/common_refinement_jobs/prepared/seeds/identity_086_encoding.json.gz,1171,2b355d5e6ca77ffcb5eb0ce7d2ae85a2702897201011b6e4530b3cb1c551adf7
results/research_next/common_refinement_jobs/prepared/seeds/identity_086_proof.json.gz,1639,a54524f340d13c5a73e369d6628802b11dc54a90cb6ca5ccbb1d4dfc0c5d123b
results/research_next/common_refinement_jobs/prepared/seeds/identity_087_encoding.json.gz,1175,42b8180c6e404aafca226007d37bb66e9256b81a16d3def1a3a0319ab076648c
results/research_next/common_refinement_jobs/prepared/seeds/identity_087_proof.json.gz,1625,b58c7ec48ccd0e382719ceb7db2cc88b216c2b5b3054480e32132fec1f580d44
results/research_next/common_refinement_jobs/prepared/seeds/identity_088_encoding.json.gz,1168,bde77c2223376ebb6a7f4a8ec73479643ee981d568ba0f74b867ed6fe1121eee
results/research_next/common_refinement_jobs/prepared/seeds/identity_088_proof.json.gz,1585,41d3b31976a19b34900e996d4c10404be01b18f54ee3fee613f02182aca4578b
results/research_next/common_refinement_jobs/prepared/seeds/identity_089_encoding.json.gz,1172,0c2c7ec040807787728761108722fd39d2f34646f7e0b92cfdb98e357c473a38
results/research_next/common_refinement_jobs/prepared/seeds/identity_089_proof.json.gz,1594,79c4a5a94ffd18a96df75bf01111b21492888c01332dcef07b8b674ece882c29
results/research_next/common_refinement_jobs/prepared/seeds/identity_090_encoding.json.gz,1171,846a148eed30e5632c99b0119da6b18e580a5386a81650910cb98c1d6fce45ad
results/research_next/common_refinement_jobs/prepared/seeds/identity_090_proof.json.gz,1591,c9f13f49611222aad8d6ba6c6b47b315d717b0ff9c833d5803fbb16c700d9fa5
results/research_next/common_refinement_jobs/prepared/seeds/identity_091_encoding.json.gz,1172,ef7fdd00ff4a726679ec68297f44aa6d7d68e1166f2e613f15028842882adfa3
results/research_next/common_refinement_jobs/prepared/seeds/identity_091_proof.json.gz,1588,9699bf2e6ce9ab4af56d0a3fc410c6a96b605cc30a9e0b271ea3f182f5876ce8
results/research_next/common_refinement_jobs/prepared/seeds/identity_092_encoding.json.gz,1175,f02410336b0dad03612fd3b6b80b6dc54a7fe271bd00e5e0afc1e0dc29acd072
results/research_next/common_refinement_jobs/prepared/seeds/identity_092_proof.json.gz,1595,2bf2d9866342e6c2e55a6c80cc5bae19be2c97123f68eb31e9b3e05f15fcc795
results/research_next/common_refinement_jobs/prepared/seeds/identity_093_encoding.json.gz,1178,287f5f69e772966ea14b50114cd252783d3eaee83df0b569775e642626ddba6b
results/research_next/common_refinement_jobs/prepared/seeds/identity_093_proof.json.gz,1551,deac40fd497f94711f81663b0fead53337ec25b4bc993afd4da7cad3b78112bd
results/research_next/common_refinement_jobs/prepared/seeds/identity_094_encoding.json.gz,1177,97abe93a5e1f50fb586aa825e255d574a86315269b62fb26a700a403d324defc
results/research_next/common_refinement_jobs/prepared/seeds/identity_094_proof.json.gz,1554,ce4c8eccc9d3b6d315f3e73f699daa10fd20a8a74c0c83c8a35d9fc1e972e044
results/research_next/common_refinement_jobs/prepared/seeds/identity_095_encoding.json.gz,1175,23cf11e4e12165396e2572e8c7a2c9f10447cba691345dd4bfffd0b0a1ff7f27
results/research_next/common_refinement_jobs/prepared/seeds/identity_095_proof.json.gz,1547,157fb3ca403239c5c64ad336b9823b0196677ca1cd8a1e556ad6e5870c16f4fb
results/research_next/common_refinement_jobs/prepared/seeds/identity_096_encoding.json.gz,1171,9ec63a5d36da2f25082905270202cc01a4a5f34c315404654dbfb3afa544e667
results/research_next/common_refinement_jobs/prepared/seeds/identity_096_proof.json.gz,1540,2eb5bbbf6e11fc09a155a8d27d2189d89bf34bc09cf29ffeac9276ec6b2704cf
results/research_next/common_refinement_jobs/prepared/seeds/identity_097_encoding.json.gz,1170,6df948f2d068d9651eb95a28d4e3e999e0d1dc8a1fdf83d2283b0af1452362b3
results/research_next/common_refinement_jobs/prepared/seeds/identity_097_proof.json.gz,1548,4a552f5e6522d19830423d05bcbd378243a1083e58da84d7b476bdad1b991331
results/research_next/common_refinement_jobs/prepared/seeds/identity_098_encoding.json.gz,1172,dd7403f94058851d8fadd501ea1129303d4e05e06ae5e86e631a079065a93b89
results/research_next/common_refinement_jobs/prepared/seeds/identity_098_proof.json.gz,1552,30f66016b94e826c442798d9babbf52d35c523b75fdb74731c72edafffd57397
results/research_next/common_refinement_jobs/prepared/seeds/identity_099_encoding.json.gz,1177,4dc45d61e9f608d59eb18497851814234d94f23e99bb28a9f2a5b3b6d7a2b664
results/research_next/common_refinement_jobs/prepared/seeds/identity_099_proof.json.gz,1555,f5853ccf01c3eceae644cc1b024ba703f64c8ce42b8b1a7d2f6fd414f88e2083
results/research_next/common_refinement_jobs/prepared/seeds/identity_100_encoding.json.gz,1172,4a7f6d3f07b1076d13a4fab2a347edcd115f3e192510aaf702fcc66f9c64d1ba
results/research_next/common_refinement_jobs/prepared/seeds/identity_100_proof.json.gz,1554,b29953f81e206aaeb2645823086a6f7d1615a76a5fc00307447a5e82fb298c8f
results/research_next/common_refinement_jobs/prepared/seeds/identity_101_encoding.json.gz,1171,7d8e3a857e77b2ab1b901c198f2c4776a2351881c9e31f13f80ffcbaf8422515
results/research_next/common_refinement_jobs/prepared/seeds/identity_101_proof.json.gz,1593,f2af635bc50c01befaf911e0bae0b463f68b45d1df6afb5f4f9df350325dd88b
results/research_next/common_refinement_jobs/prepared/seeds/identity_102_encoding.json.gz,1175,6c36c099aeaa96868117f2cbfbdbc38f8736d1dab4b41163ee173e205bcdbdc8
results/research_next/common_refinement_jobs/prepared/seeds/identity_102_proof.json.gz,1594,6ba7caf18a49fff9a57b8a646495d7118c27d6a9d1e60f27d46eee77a4ddcd7f
results/research_next/common_refinement_jobs/prepared/seeds/identity_103_encoding.json.gz,1176,04f7206d8850132a28222fff78784dd12212ab4cd88fdda3e86d06e253c3d2e1
results/research_next/common_refinement_jobs/prepared/seeds/identity_103_proof.json.gz,1628,bcda819c1b06365d3d23d74461444e7410067c1ca05e3937f8c03668c9a70066
results/research_next/common_refinement_jobs/prepared/seeds/identity_104_encoding.json.gz,1179,66fff34727e407e280aa04e4ccce0b07550e4772612dccd1a056ece6618edccd
results/research_next/common_refinement_jobs/prepared/seeds/identity_104_proof.json.gz,1601,1da1835375a375cf5f88b5600eb2449d89182494bfaceca5a18494361ef33026
results/research_next/common_refinement_jobs/prepared/seeds/identity_105_encoding.json.gz,1175,c8382658f60ed285702cc22b47b125327339aa16e93828649e2de658bc9783b6
results/research_next/common_refinement_jobs/prepared/seeds/identity_105_proof.json.gz,1604,012af0a6b2b7846d83461b0a16fb49848dc25f3141322b2d1aad46e96de34522
results/research_next/common_refinement_jobs/prepared/seeds/identity_106_encoding.json.gz,1179,04ce78121b2656c3773d0fcb8e9475d07841a0bfe6edebf00e98a5690909f98e
results/research_next/common_refinement_jobs/prepared/seeds/identity_106_proof.json.gz,1599,0d4ea818c7584921b224daf1582860de695ff633222be7eb88db90a01a135db1
results/research_next/common_refinement_jobs/prepared/seeds/identity_107_encoding.json.gz,1178,f02d122eb995054201f0e93e4f99e9859c8b441e8a87e099a2532cff1d7fb314
results/research_next/common_refinement_jobs/prepared/seeds/identity_107_proof.json.gz,1591,7f0344c664a32a6217660f34567001f93dd8b7fe3a9cb9cfb9b02b568e55a607
results/research_next/common_refinement_jobs/prepared/seeds/identity_108_encoding.json.gz,1179,6ffb7a6f272562ff429f9517f2c0c0201b99fad64c160c79f9b4207f1f8ffe71
results/research_next/common_refinement_jobs/prepared/seeds/identity_108_proof.json.gz,1601,f0d6ae5dea8cc8ce384916ca819c686767b5a8a8ab6c2da463219156432ec08e
results/research_next/common_refinement_jobs/prepared/seeds/identity_109_encoding.json.gz,1180,4b61b9282df421e08fc32be57590bbdb05572ee1974a964d50561ae398964219
results/research_next/common_refinement_jobs/prepared/seeds/identity_109_proof.json.gz,1602,5cd380683af080d94314513aebb17ad1d6b457a6416e8df9c0465839e5ae55b5
results/research_next/common_refinement_jobs/prepared/seeds/identity_110_encoding.json.gz,1174,079e6a598bb27631f529dc15a8d83df0162981f40cbb52f8ee524587aab2420f
results/research_next/common_refinement_jobs/prepared/seeds/identity_110_proof.json.gz,1597,2b25d590b823dc4b31b71a693a1f6c4bd7e574a9d9f2a917a4c8b4539f5f8f7f
results/research_next/common_refinement_jobs/prepared/seeds/identity_111_encoding.json.gz,1175,a09145a18ea426accd16599b9c4f78482ebb547f93b394985a1bc5d5e6ef6a1e
results/research_next/common_refinement_jobs/prepared/seeds/identity_111_proof.json.gz,1636,f95ff18644f2badd7408be54f27872841a9255354087ed3625514efcc7bdbc34
results/research_next/common_refinement_jobs/prepared/seeds/identity_112_encoding.json.gz,1171,2667a808995090d9ce39ee5bd77685957fa56a4228493fdca32a74e3fd755617
results/research_next/common_refinement_jobs/prepared/seeds/identity_112_proof.json.gz,1589,81c72d6dfd07c49c3a7eb8fae3d2882e58611434e3af31804bdf534926ff6f11
results/research_next/common_refinement_jobs/prepared/seeds/identity_113_encoding.json.gz,1175,d4794b637de5793066b34db854930aa8e395f80340ecfbb37aadc3e17a69adad
results/research_next/common_refinement_jobs/prepared/seeds/identity_113_proof.json.gz,1590,752a85522a8b611ce3ff3045e644fe8c31e21534c45ae178fe8db893ff8bc03c
results/research_next/common_refinement_jobs/prepared/seeds/identity_114_encoding.json.gz,1177,f0b64ddc0a2f440d822f26682ad48141af95cc4d4f21acf52c880b3bab4a8573
results/research_next/common_refinement_jobs/prepared/seeds/identity_114_proof.json.gz,1588,ec2a2afc6b7e081d6528c8631efbc212cfcc1bda22b5367cf91b212e8e8ef9cd
results/research_next/common_refinement_jobs/prepared/seeds/identity_115_encoding.json.gz,1171,5d0bbbcbcaa235ebba6b4e992b18a66ad8a069c3b0ace7def3d95bf502b4dfb0
results/research_next/common_refinement_jobs/prepared/seeds/identity_115_proof.json.gz,1589,074f0fd78f2fdca4605764c7f2e29bd07b47fbb76107614fc6a1e9023f72445d
results/research_next/common_refinement_jobs/prepared/seeds/identity_116_encoding.json.gz,1169,0167c3e693c2ce44dcae9075b8b0e05118a273737b732111e818ae28cee87fd2
results/research_next/common_refinement_jobs/prepared/seeds/identity_116_proof.json.gz,1595,0dc4cf00d499356eec3d5cbe3c870c134e7a34fb7671563efa5b6da646225794
results/research_next/common_refinement_jobs/prepared/seeds/identity_117_encoding.json.gz,1171,6904984fd68ab935d745ac4a55e859f191842c559a24004edd9e197301efb3ed
results/research_next/common_refinement_jobs/prepared/seeds/identity_117_proof.json.gz,1599,8c480d7316f6c0d14e2d359c43d24b5c38af4946a7faa8cf60c134a55f55508c
results/research_next/common_refinement_jobs/prepared/seeds/identity_118_encoding.json.gz,1171,ea4a239b3f81c6fc39fb158a88b61618048bf8018c51ecf5ae1613de23d73b21
results/research_next/common_refinement_jobs/prepared/seeds/identity_118_proof.json.gz,1595,28516a363dd7ca8e2a396af86e53d97cb9cbc5f17e37a081f3aa34afe65d957b
results/research_next/common_refinement_jobs/prepared/seeds/identity_119_encoding.json.gz,1175,facb0f20ce94b58489a01e84c5fb6907ec8b44de59b2975d1491c4ad149f7382
results/research_next/common_refinement_jobs/prepared/seeds/identity_119_proof.json.gz,1591,196355c7ec0846ec071fb55149ff43db0ec276bba1d36a51abb8b77958264f17
results/research_next/common_refinement_jobs/prepared/seeds/identity_120_encoding.json.gz,1171,bb34ba111c4f470894cc83c3c8e11dccfb16d9d659b63ed391e02286f37d3755
results/research_next/common_refinement_jobs/prepared/seeds/identity_120_proof.json.gz,1550,f321f75ef5eb8c6ef8894f00194b75ce1d75feab307ad51e4e410b2a855e35e8
results/research_next/common_refinement_jobs/prepared/seeds/identity_121_encoding.json.gz,1176,755de87933bff7b5877249b715e330259fb14871bfb190b029089610b1010d7c
results/research_next/common_refinement_jobs/prepared/seeds/identity_121_proof.json.gz,1557,a9263f242d4178a68c7571ddcd6286bb098d35fc714254507ad4d0f77f355323
results/research_next/common_refinement_jobs/prepared/seeds/identity_122_encoding.json.gz,1174,33bd5ce06d33b572b4106629ac26a7522d706b7d30315ceec4f4a86f22fb36f6
results/research_next/common_refinement_jobs/prepared/seeds/identity_122_proof.json.gz,1554,763d13c379f3094a45ff0cc8899cf18ead87ac21ce4086c12bba3d7cfc266063
results/research_next/common_refinement_jobs/prepared/seeds/identity_123_encoding.json.gz,1172,3e97675253fb66be4f0d622e1e9ddd5ef5eea082ee02cf900b86780005d779ae
results/research_next/common_refinement_jobs/prepared/seeds/identity_123_proof.json.gz,1552,604e0b434d0f7004541121067d1b6b2c7f15bf1fcdb640b41aa6f82e23c5a44e
results/research_next/common_refinement_jobs/prepared/seeds/identity_124_encoding.json.gz,1175,540d76b5e34fe02545d34508b6834a55f9188ce5e4de8eba4db0ca59aaccb348
results/research_next/common_refinement_jobs/prepared/seeds/identity_124_proof.json.gz,1591,84de8fefeb45418df98c0b03b5ce533e44ee27cebcc217578ca8b325a526fd0f
results/research_next/common_refinement_jobs/prepared/seeds/identity_125_encoding.json.gz,1172,45dad75574d8afab0c1b4960b5515077cb99717e8565a18c29e574825486fbd4
results/research_next/common_refinement_jobs/prepared/seeds/identity_125_proof.json.gz,1589,8b9bdca210ed3a05a71eeef9a7d41a53099eec1d61802e438237313072164e24
results/research_next/common_refinement_jobs/prepared/seeds/identity_126_encoding.json.gz,1169,dc3bd82d7491b1eedcb7002f36edc8d132e30a60bc6ce2b8226ea4f1d25ecaf6
results/research_next/common_refinement_jobs/prepared/seeds/identity_126_proof.json.gz,1584,a402146ebeed11b032cc880b058d17e2574a6a7d191c7b590078fa778b45e300
results/research_next/common_refinement_jobs/prepared/seeds/identity_127_encoding.json.gz,1174,baaeb7f00c46d6694732d8e2ec5a03959d840b3ed8d25b3733d506238215704b
results/research_next/common_refinement_jobs/prepared/seeds/identity_127_proof.json.gz,1631,f54341a16bb391bde7a67a9b0a8b647315a3bba0d53d319cafa0c04f40ee5e56
results/research_next/common_refinement_jobs/prepared/seeds/identity_128_encoding.json.gz,1175,f8fefc9371a038325eea101acc536b5a9f591f3da5bfdf2ea29ccadde05fbc6f
results/research_next/common_refinement_jobs/prepared/seeds/identity_128_proof.json.gz,1587,e7ebbc10269d493d4ebabd905d330591732a49de7da6f24feeaf464bf7605fa4
results/research_next/common_refinement_jobs/prepared/seeds/identity_129_encoding.json.gz,1178,eace8792e57a269b83dafa2e3ee7363052faa1be5d615788b1c33ba777c6fe80
results/research_next/common_refinement_jobs/prepared/seeds/identity_129_proof.json.gz,1588,155facb8ed0200ed46774229ea326f2f2db78d884599a30385d90d412087ecb1
results/research_next/common_refinement_jobs/prepared/seeds/identity_130_encoding.json.gz,1175,91531bc8a7cd6058414a4da85dcc45353d93ccba7876bb7dae9df37bafaa4ec5
results/research_next/common_refinement_jobs/prepared/seeds/identity_130_proof.json.gz,1580,41986e1b4fb4f3d92b223eb76ed07f89d190c60b25cfa7655d5ed576d5d495bb
results/research_next/common_refinement_jobs/prepared/seeds/identity_131_encoding.json.gz,1178,21cd5221f48eb546c9ba5b5f9cf40a0a4ae352597a7d56b1e0cc0bd923dc3ba1
results/research_next/common_refinement_jobs/prepared/seeds/identity_131_proof.json.gz,1608,3c64a160b610b358cfd900ab78556f59152a29d43bbae8cbbd1a84c838130791
results/research_next/common_refinement_jobs/prepared/seeds/identity_132_encoding.json.gz,1177,58b2682738a2d1c9c7360c86a277597c8f51e2f8e5fa200b501cf7474a925fd8
results/research_next/common_refinement_jobs/prepared/seeds/identity_132_proof.json.gz,1607,507b2d7d99404695ed08ca76205768d421d2c20411896ec0ecced7e910f27da7
results/research_next/common_refinement_jobs/prepared/seeds/identity_133_encoding.json.gz,1177,696a4cdef6690f24403888b2f0060ac314baef849db198b679f929dbd6664ec4
results/research_next/common_refinement_jobs/prepared/seeds/identity_133_proof.json.gz,1605,c1785a38da1e51f40e3e57b658af741b9ea7e522baf3af0431082f46d417617c
results/research_next/common_refinement_jobs/prepared/seeds/identity_134_encoding.json.gz,1180,001e6b89c542e5759483725b3ca225418ccf2bf394df63fe8c215cf8d20d32ed
results/research_next/common_refinement_jobs/prepared/seeds/identity_134_proof.json.gz,1570,7351f18f01c083c6c68bc394b8aa2e301714f5a7f36cd2681d7ea4915375ad6d
results/research_next/common_refinement_jobs/prepared/seeds/identity_135_encoding.json.gz,1176,b0155b5af1d4b269ede37719321e7efa587f7598ddc56195220594a89ac3261e
results/research_next/common_refinement_jobs/prepared/seeds/identity_135_proof.json.gz,1591,73aa040c69385d6c254ef03635491ea38b8b4ce9cb1559623327ca09beb9c262
results/research_next/common_refinement_jobs/prepared/seeds/identity_136_encoding.json.gz,1176,9092929468288d5ea0b7526fc2072960db9ff31a6dc44d121d1bd98262125f63
results/research_next/common_refinement_jobs/prepared/seeds/identity_136_proof.json.gz,1555,5f07f514fb57ed25e0e2c735cef8ba898a57cd9cdc1869b311c6685a53b5cc1d
results/research_next/common_refinement_jobs/prepared/seeds/identity_137_encoding.json.gz,1175,e7d614f797354235cff6b44b3a268dcc9c1ad807c0feb527b9fd190827faf9f5
results/research_next/common_refinement_jobs/prepared/seeds/identity_137_proof.json.gz,1601,71e5f8ab85d738d6205a19a54adb9c8fff4f9c9290354945fe1b43b68d361c0f
results/research_next/common_refinement_jobs/prepared/seeds/identity_138_encoding.json.gz,1175,943fb4d0f5834074fec66d08219abf57ac0a12b0a63e4622d0089539c7e49427
results/research_next/common_refinement_jobs/prepared/seeds/identity_138_proof.json.gz,1574,807ad6cd9826b250a7c6a2aa13ac6da49fbcdd513661191aafd9a1b1c8622302
results/research_next/common_refinement_jobs/prepared/seeds/identity_139_encoding.json.gz,1176,b219b0c709c51ac8407ee882638f73752d039014bd62e8df99dd0ad005076ccf
results/research_next/common_refinement_jobs/prepared/seeds/identity_139_proof.json.gz,1598,865b723ee42a634b53f1b9766cdf222e4362c1003e0d6b5cfe5b82913f57c1d9
results/research_next/common_refinement_jobs/prepared/seeds/identity_140_encoding.json.gz,1173,7eb2004f00db29c2beee4484b0874165532915985b9ec2c1327e5bcb1a72cc26
results/research_next/common_refinement_jobs/prepared/seeds/identity_140_proof.json.gz,1523,4fcc92ae4073d2c66b0bd0db1a718e6ce298c96d6e8c689b616371a3619e5dd6
results/research_next/common_refinement_jobs/prepared/seeds/identity_141_encoding.json.gz,1173,44755b639bba18878e3b96be020e2c33bd76e76c9c11bff553cfad3b3d48e5ac
results/research_next/common_refinement_jobs/prepared/seeds/identity_141_proof.json.gz,1559,b64069a49d6f12ec6ed89741bd83fe03a2accab6372d8c6288b5ab67ac3a5297
results/research_next/common_refinement_jobs/prepared/seeds/identity_142_encoding.json.gz,1175,6bf5044e5fca897e06eaa99b5133c0ccc1edf14922bcd117857cadf8b0088646
results/research_next/common_refinement_jobs/prepared/seeds/identity_142_proof.json.gz,1540,ea1502866eb009ce696a9d69f8247d3e84b7755fec9b9c52eee5e0919fd0d8a0
results/research_next/common_refinement_jobs/prepared/seeds/identity_143_encoding.json.gz,1176,d2df52d6d9fe8e563713cde21b882533472247e56ef08af0f59e12a2a727ce6d
results/research_next/common_refinement_jobs/prepared/seeds/identity_143_proof.json.gz,1539,f764a4b5ab7cf8d0f2a831e6f595ba61c55115bbaa873d7ef6de84df5709753c
results/research_next/common_refinement_jobs/prepared/seeds/identity_144_encoding.json.gz,1177,23a22009bfd2c6eb77eab1aa155a264f26ab545f5ccb24a6bf2f15bd996f3c6c
results/research_next/common_refinement_jobs/prepared/seeds/identity_144_proof.json.gz,1554,c4293f5ed6646246ef5c454562b192d7d7c68e814090c8f9031193ae381f9950
results/research_next/common_refinement_jobs/prepared/seeds/identity_145_encoding.json.gz,1173,faaefcee256350c3de787416e2789bcd64c6efc60727f6b949da7055d0762012
results/research_next/common_refinement_jobs/prepared/seeds/identity_145_proof.json.gz,1556,4d41309c5225e83004389e95cc557f0016669960ac072249c81d27b3a03b4065
results/research_next/common_refinement_jobs/prepared/seeds/identity_146_encoding.json.gz,1176,3f9d3958dfe8f51a5606e60278bbbf1260b8b40366ab8673813b46a19285554b
results/research_next/common_refinement_jobs/prepared/seeds/identity_146_proof.json.gz,1559,a7ffcf2c57073f654c9565bd0014690b77d68787eb63ff11a267a771a8515dd1
results/research_next/common_refinement_jobs/prepared/seeds/identity_147_encoding.json.gz,1174,d1febd314bf3b13256e9bad8d88abd4a5c8d5faf745132e150827069231d5f13
results/research_next/common_refinement_jobs/prepared/seeds/identity_147_proof.json.gz,1558,706d3e970c4df7916d9c3dbadcfcfbd832338e5dc95140435a60693db41ab5f4
results/research_next/common_refinement_jobs/prepared/seeds/identity_148_encoding.json.gz,1171,4162a412719e6b730e9f8d04a5de9fc537a5a2c18586060e812ba908ee5420ad
results/research_next/common_refinement_jobs/prepared/seeds/identity_148_proof.json.gz,1589,8d004410840527132757db0ac512b4e821d6a264bc09c40cea4bbf198c8ec3c9
results/research_next/common_refinement_jobs/prepared/seeds/identity_149_encoding.json.gz,1176,3a61baac135a24a58fedeccf5f0ed40de3a763eac725790bff5d0c794da486d6
results/research_next/common_refinement_jobs/prepared/seeds/identity_149_proof.json.gz,1597,8973326e1433152d0343f2cd1658b8a399786849632cb4069945058806f27b7d
results/research_next/common_refinement_jobs/prepared/seeds/identity_150_encoding.json.gz,1172,453860ab19eaabc72fb2fb09ca4f0d3de33ccf53c89aeb7bbeb0f9f30fc38f28
results/research_next/common_refinement_jobs/prepared/seeds/identity_150_proof.json.gz,1594,28db195073e4acb98ce4001ad97ab1d9931b5937ae26eae18e7fe4e9b9d77f06
results/research_next/common_refinement_jobs/prepared/seeds/identity_151_encoding.json.gz,1174,1865cd13da1f7f33719c2e6ae4ff94cd4134157f8867a7e077f319bcec70cc4c
results/research_next/common_refinement_jobs/prepared/seeds/identity_151_proof.json.gz,1629,025a766a4a43cec581fc208c3b8af56393d1324bd857fe9a9f1797484355cf8d
results/research_next/common_refinement_jobs/prepared/seeds/identity_152_encoding.json.gz,1176,de49ffe55e2747117f30f1f474c61c7f916130951f9a15a153b1bb44e446a128
results/research_next/common_refinement_jobs/prepared/seeds/identity_152_proof.json.gz,1599,b828beae63ea98f9459707f42cca193862a2c1263e49f65a1bec1d2475c04854
results/research_next/common_refinement_jobs/prepared/seeds/identity_153_encoding.json.gz,1178,69e0aad26cc0f5b4d2ce7379aaa472b083e15fa718853780bfb62dfb66909186
results/research_next/common_refinement_jobs/prepared/seeds/identity_153_proof.json.gz,1592,42dee9e5f99dfb8e5324b7b055d496ab2fae7636fd8655cfaba91e252d1a0c34
results/research_next/common_refinement_jobs/prepared/seeds/identity_154_encoding.json.gz,1181,a1a5d10894b79568e723aa5a9769e01fd79f2be518a5afa0bee49fbbca9b47cc
results/research_next/common_refinement_jobs/prepared/seeds/identity_154_proof.json.gz,1604,9748dc11321643a6f606c82a71141a16569f53f30aba2c6b2794339727b48686
results/research_next/common_refinement_jobs/prepared/seeds/identity_155_encoding.json.gz,1179,0d76c14f64d419115e3c6da08e0e8c99164d8482b2e5bbb00ecb5866c91f1327
results/research_next/common_refinement_jobs/prepared/seeds/identity_155_proof.json.gz,1594,9551ca856cf8f2c6e066b51ba0899ba2905e0399b74c24bb21b508a6fe76a967
results/research_next/common_refinement_jobs/prepared/seeds/identity_156_encoding.json.gz,1179,a99c58c6ab96b29d77f3d2a38439cc4496f01c79decfa64bfd0b21c3be2235b1
results/research_next/common_refinement_jobs/prepared/seeds/identity_156_proof.json.gz,1570,c07518c8276dc921ec783776423dee0ff48a131e94562133f5764efb23de1364
results/research_next/common_refinement_jobs/prepared/seeds/identity_157_encoding.json.gz,1179,fcced8f549d3e57173da2de62ca23b854ca10dc938225034fbcb57e017a7a96b
results/research_next/common_refinement_jobs/prepared/seeds/identity_157_proof.json.gz,1584,1dc266316ec4f2e207fbbbbad4b45c17dc9c40c7719957f8bef0c34fb98df561
results/research_next/common_refinement_jobs/prepared/seeds/identity_158_encoding.json.gz,1179,6dd0065620af9f48f8d765525b9ef47ca40d06e31e8beef65f0c6b7c501b40a4
results/research_next/common_refinement_jobs/prepared/seeds/identity_158_proof.json.gz,1603,225fc602b4ecabad5b47a46b103aab3909791bf7612230f07ebe576888a76706
results/research_next/common_refinement_jobs/prepared/seeds/identity_159_encoding.json.gz,1178,74457fe44e61c8c36ea83c5597cc2dcae2cf037e05c69dd1d0f24e1f201d4bd3
results/research_next/common_refinement_jobs/prepared/seeds/identity_159_proof.json.gz,1596,7a2fac0f21cea7a1df2523196160e75ed9f8189331de89ff462785a849b3605f
results/research_next/common_refinement_jobs/prepared/seeds/identity_160_encoding.json.gz,1174,4640228c176bf5c411d2bc949c68b6f6fec0497b8d1a759631d012da169c6e00
results/research_next/common_refinement_jobs/prepared/seeds/identity_160_proof.json.gz,1551,d3d63672b1be0e52f6535775b319b7b5b3fef73ede10ce595098efa41a6b511b
results/research_next/common_refinement_jobs/prepared/seeds/identity_161_encoding.json.gz,1172,04784792d46992d8a0895d850906939cfe74d80640ad98889375e4a8415815b2
results/research_next/common_refinement_jobs/prepared/seeds/identity_161_proof.json.gz,1613,99d18f99be2bae8cd0de1d52094d04db5d58f878f4ec4a71c623a75180806beb
results/research_next/common_refinement_jobs/prepared/seeds/identity_162_encoding.json.gz,1173,28706b5dc4cc48b888966c27b7c9a896fcec3ef7e0c4c66eca6c7f6345b24347
results/research_next/common_refinement_jobs/prepared/seeds/identity_162_proof.json.gz,1594,93985ba71b5e65de556f73d3c6201dea6928fd3669cbd6ec2a8ea0e689648493
results/research_next/common_refinement_jobs/prepared/seeds/identity_163_encoding.json.gz,1172,973584b1a0e486da8eef1342d9fdb9828677aa372fe4a0b5687f3c34424122cf
results/research_next/common_refinement_jobs/prepared/seeds/identity_163_proof.json.gz,1612,5ee12de886c14a3e1668f1308e97eef589e136027b84483aa648e4f6034df15a
results/research_next/common_refinement_jobs/prepared/seeds/identity_164_encoding.json.gz,1178,0f6bd588972e1d7cee242b43fcca57b07290a05fff958315794d796192b3e6a4
results/research_next/common_refinement_jobs/prepared/seeds/identity_164_proof.json.gz,1599,ec2011a9b1d183d11f6dff93667272612688449f078f2e7ca015ccc06c86b3f0
results/research_next/common_refinement_jobs/prepared/seeds/identity_165_encoding.json.gz,1171,e5eaf2ea459cb2d81e120e9562682107765f2cc7159ad1aa3735866e457e4d7c
results/research_next/common_refinement_jobs/prepared/seeds/identity_165_proof.json.gz,1558,f9a3159ef7fcb9fa32f3335778d2e47fed8301e3158eac3b225bd1adeccc4585
results/research_next/common_refinement_jobs/prepared/seeds/identity_166_encoding.json.gz,1172,d3ab42161ba5906c4ca38500b0bcd78327ec29529b738a67fa5fafdf6710f1f8
results/research_next/common_refinement_jobs/prepared/seeds/identity_166_proof.json.gz,1555,91ec2645bb951b3c98e6112f0c6fd0b7b41f5cb264fd42593da353d2e6aed239
results/research_next/common_refinement_jobs/prepared/seeds/identity_167_encoding.json.gz,1168,8e73c5bbe7451d9f4ae0328a5c720f29a213a8b47c3c8c1bdd21e45f4fcb6457
results/research_next/common_refinement_jobs/prepared/seeds/identity_167_proof.json.gz,1559,91495c9eb550fde2d88bcc22b9fc19a34efade486f433fc4a02b2fed17283f81
results/research_next/common_refinement_jobs/prepared/symbolic_seed_maps.json,1696926,001aacc4bbe5bea9b7f3ad6d94e0154f52d3efbf4315753bfea838b46205538e
results/research_next/common_refinement_jobs/producer_output_inventory.csv,5719,d34511df7670d47c044166e5de09522958e4fdde38e56672e13b6150e654f95c
results/research_next/common_refinement_jobs/run01/completion.json,1738,5a81d136951fabdfaaa43e3134f801f8a5dfa13c365a20a1ec27fb7ce2526022
results/research_next/common_refinement_jobs/run01/execution_started.json,352,2b9c6620feae931208469e7d2d298a8ddacefcf6b27abab7fe768e06922c3549
results/research_next/common_refinement_jobs/run01/final_transport_pins.json,1455,a2686133d95d7e75083aa5b378fcd1cbdea8a6bf3f6839656476eb5966a1630b
results/research_next/common_refinement_jobs/run01/initial_duplicate_set.json,145391,eb8c0739d724515efdb7f69110cd9d8c9c777ac55e17ee870ff2085fdd4ee477
results/research_next/common_refinement_jobs/run01/private_logs.json,626,1cb97f03cdad16b132e91e2a7693f23f8368fc7d97d837dd149e99658b31c29c
results/research_next/common_refinement_jobs/run01/producer_files.json,9308,23b00a510fafb06c63ad6595ca341ceeeb1f063c80f22d552f5d6dcb0ffed4b1
results/research_next/common_refinement_jobs/run01/result.json,1820,b006041b75ec5fb71e33e51116431546dcea5b0218c0c177bfc77236415e82b1
results/research_next/common_refinement_jobs/run01/round_01/master/actual_cut_transport.json.gz,72858,d1be906dc1bbc67dc6268e86c2257cb69dc144fd521f83b4d73f8e458efef4f1
results/research_next/common_refinement_jobs/run01/round_01/master/all_handles_captured.json,533,57cc0c23f6d118a11e4ac912c2f90e1033d46a3f22e27dcdd031af5731a5f87c
results/research_next/common_refinement_jobs/run01/round_01/master/captured_process_1.json,194,f50e3f22185a3271d5bcbd3dee03f06235e1ff53343605561c524aa244815bd3
results/research_next/common_refinement_jobs/run01/round_01/master/captured_process_2.json,199,b44d29c168cf635df0f9d22051136e0f69c2c078c3a088df5d24c9fcd0d56976
results/research_next/common_refinement_jobs/run01/round_01/master/completion.json,607,22e6d85d597be3c1a40d859708dddf18b858350d8693607df4a46ceb0522f59d
results/research_next/common_refinement_jobs/run01/round_01/master/dynamic_model_binding.json,491,36858ee554551d312e7837214538e32efc72c70fe8235a1781ac226eed915c14
results/research_next/common_refinement_jobs/run01/round_01/master/final_transport_pins.json,1455,a2686133d95d7e75083aa5b378fcd1cbdea8a6bf3f6839656476eb5966a1630b
results/research_next/common_refinement_jobs/run01/round_01/master/job_assignment_attempt_1.json,523,5af1a0e9f23fd61879d0fef7b8bd2081baca72d36dbae2a6d63934e24bd0cb42
results/research_next/common_refinement_jobs/run01/round_01/master/job_assignment_attempt_2.json,528,d740e5e5fe4a95943e8d82ed3bc0e66e70f218ecbdac0c8eec27f6f9de0a4149
results/research_next/common_refinement_jobs/run01/round_01/master/job_assignment_result_1.json,741,224d84fe8e8e646fccb46135a35f272fc616f9be8ef0b3f4ffded2edc0ebd4a7
results/research_next/common_refinement_jobs/run01/round_01/master/job_assignment_result_2.json,746,c1b9e8c6d080ebb2250abe05e8198ac622d5dd36398a91704e0709070ede2480
results/research_next/common_refinement_jobs/run01/round_01/master/master_backend_readback.json.gz,307453,ddb561ca2ad9fabebd2c28f0b595c7d92eab80e3d5993cd3b2804f00c0f203cc
results/research_next/common_refinement_jobs/run01/round_01/master/master_parameters.json,284546,b2a12a5b93864635d66e81a8b97f1b5df0a03f57064929573bcc74e2cd7bdadd
results/research_next/common_refinement_jobs/run01/round_01/master/optimizer_attempt.json,191,8dfab59a025bcb461fa8411fd52ffaace63fa60a004b6cdd48f3f93985d2103e
results/research_next/common_refinement_jobs/run01/round_01/master/optimizer_returned.json,207,5ee183accd29f5168144825f45611f8009c610b01257ea81fce563b838e977f9
results/research_next/common_refinement_jobs/run01/round_01/master/owned_cleanup.json,735,2edbeb0664b4047e5b617223c5c0314f1c103ce521f270e2a9ca91d02c87a952
results/research_next/common_refinement_jobs/run01/round_01/master/owned_process_chain.json,744,f4213057801bf1c57ed30965fcb831c841abd727aa08afa7a5403587529ff4be
results/research_next/common_refinement_jobs/run01/round_01/master/request.json,448582,95f987838ffeddb9d2721e1db0f89ffdf9971c77412f9e3bd0987e5d103015f0
results/research_next/common_refinement_jobs/run01/round_01/master/result.json,394,a7ff9f262010d115a04dcd242738208e842160afc9f533473b6a2c407a019354
results/research_next/common_refinement_jobs/run01/round_01/master/worker_closed.json,992,f8719ab1b2244a9257dd1535e75a49befc28de45fc4c3476fe3e19981469cd35
results/research_next/common_refinement_jobs/run01/round_01/master/worker_go.json,173,702347c5c69235b8043e11c5be179db6b1c7db10a959f09076756b0370c285fd
results/research_next/common_refinement_jobs/run01/round_01/master/worker_launch_attempt.json,933,06269a26eb4e3b67d08c4d329b9e0cba108692739461e91b6a1c3359f56b8425
results/research_next/common_refinement_jobs/run01/round_01/master/worker_ready.json,271,05a414954b45b49e93ff677a839947b42144f51cd058f51a96d3ec1f327201d8
results/research_next/common_refinement_jobs/run01/round_01/search_master.json.gz,403172,aeb5355c65972f45d9433c42c7e0fde45003c5f22d33c7ea2c10ec5dd27f9b0a
results/research_next/common_refinement_jobs/run01/seeds/inherited_completion.json,399,acd1af6371e16dd28ee801e3948aa5e3e06f380fd1f658d64149b8fd5593ecd2
results/research_next/common_refinement_jobs/synthetic_tests.json,783,640fe2d798f996b00a806a4e9a2dae552166379da62a5f8a41d95ab66645e1c8
results/research_next/common_refinement_jobs_independent_review/POSTRUN_TRANSPORT_REVIEW.md,4112,a7660c28f941d2fcf1a98d7a627f71b8024c0fb88c97da21e51edaddd9306551
results/research_next/common_refinement_jobs_independent_review/ROOT_POSTRUN_REVIEW_GO.json,862,5ee30d5e11865f32cee70c97ffbd577d32aef246c0f69aede1a9574aa126a1aa
results/research_next/common_refinement_jobs_independent_review/SOURCE_PREPARED_REVIEW.md,4805,3cfe8442a12cc19b1e4634581d8b8f27e73333844ea698d4765fada88ae43792
results/research_next/common_refinement_jobs_independent_review/postrun_transport_review.json,4952,31e7395f94f9950f8047fddbdf5b5da1122ad834d03c2fb2bc2bad4c03ad857f
results/research_next/common_refinement_jobs_independent_review/postrun_transport_review.py,33453,b356d583f7ea16600d4bc5bfe64bbacf77a893360cf2fe30e63d590341341f8e
results/research_next/common_refinement_jobs_independent_review/prepared_review.json,2152,dac27b1878a0f79e5f5c49270a02a785e0d335f9761a76af88d22618be193f9d
results/research_next/common_refinement_jobs_independent_review/prepared_review.py,12883,50f1d0baf9b628a84eec0ab58866bee18f590fe88b24fa8dc1936ef28bd47a36
results/research_next/common_refinement_jobs_independent_review/prepared_review_attempt01.py,12877,131d8d42ade1fb907e2b517d4a66ad56230385e63ca8bf95bb6f00348a510f1c
results/research_next/common_refinement_jobs_independent_review/prepared_review_attempt01_failure.json,509,3cf1c5d1412a664d515805a6d7307c61eb5217055cd6c1490ecf192e8524c37f
results/research_next/common_refinement_jobs_math_review/FINAL_READOUT.md,2842,244036c1149de3f710b017e82150255f056e19e26ccad9f94f87db0e5781aefa
results/research_next/common_refinement_jobs_math_review/INVENTED_CONTROLS.json,911,2bd6194c9d92c6fd416eff669a16adefa34c8789dc5ee7115d74591acad710c8
results/research_next/common_refinement_jobs_math_review/ROOT_REVIEW_GO.json,836,babcd2b84bfd51e5bb13b663de52133b6781f27915d0a692ec74868fa112a24b
results/research_next/common_refinement_jobs_math_review/SOURCE_READINESS.md,5524,8f41bf40f2c762b8c55422ca1575fedccc311b69cd1cd228ca0a9020e5f3e7f3
results/research_next/common_refinement_jobs_math_review/SOURCE_REVIEW.md,5645,ec97f8f7888d7fca1bcb020fbae3e0c7246297687900165ef1f4ef31de92493b
results/research_next/common_refinement_jobs_math_review/final_artifact_inventory.csv,1179,c35a7274f3a60aa379a4c5ec12b1d29b9dd35dd993e12f2a454a44f8b83752d3
results/research_next/common_refinement_jobs_math_review/review01/review.json,2076,581d7df4955ca04c25a47a71da045c651d8990bbac75ae2e5d150deccf99961c
results/research_next/common_refinement_jobs_math_review/review01/started.json,500,0a1ad9b81c982491f283f9151dbbbba3bcc8eac4eea7150d099773aa0e5a0010
results/research_next/common_refinement_math_review/FINAL_READOUT.md,3648,cd830f84f39f4b0ddfdd4569a3691136550535abd0f5dfba0ec68d679dd91b9c
results/research_next/common_refinement_math_review/review01/review.json,174799,205b8118a0a01d5cb63a1435b5b8dbdc0089ca1aad7e2cbb153b9117ac63738a
results/research_next/windows_ownership_probe/INDEPENDENT_REVIEW.md,3996,652189c7f64d073e7c1f0a630394278aa9915bc46fbcee976d48585ba383c60a
src/researchnext_common_refinement_jobs.py,58449,fa1548f4d7765ac84e2f74a06df2fde640c713b85a1c27bdc29c99f3bb1b2973
src/researchnext_common_refinement_jobs_math_review.py,44429,26f703af2e31761f45cdb3bc1609f49fddb731669c3e05f2d53ee18aa751a163
