row,family,hour_0based,uid,original_row,dwell_support_first_hour,dwell_support_last_hour
314,minimum_up,36,101_CT_1,384,36,36
315,minimum_down,36,101_CT_1,385,36,36
320,minimum_up,37,101_CT_1,390,37,37
321,minimum_down,37,101_CT_1,391,37,37
326,minimum_up,38,101_CT_1,396,38,38
327,minimum_down,38,101_CT_1,397,38,38
332,minimum_up,39,101_CT_1,402,39,39
333,minimum_down,39,101_CT_1,403,39,39
338,minimum_up,40,101_CT_1,408,40,40
339,minimum_down,40,101_CT_1,409,40,40
344,minimum_up,41,101_CT_1,414,41,41
345,minimum_down,41,101_CT_1,415,41,41
350,minimum_up,42,101_CT_1,420,42,42
351,minimum_down,42,101_CT_1,421,42,42
356,minimum_up,43,101_CT_1,426,43,43
357,minimum_down,43,101_CT_1,427,43,43
362,minimum_up,44,101_CT_1,432,44,44
363,minimum_down,44,101_CT_1,433,44,44
368,minimum_up,45,101_CT_1,438,45,45
369,minimum_down,45,101_CT_1,439,45,45
374,minimum_up,46,101_CT_1,444,46,46
375,minimum_down,46,101_CT_1,445,46,46
380,minimum_up,47,101_CT_1,450,47,47
381,minimum_down,47,101_CT_1,451,47,47
386,minimum_up,48,101_CT_1,456,48,48
387,minimum_down,48,101_CT_1,457,48,48
392,minimum_up,49,101_CT_1,462,49,49
393,minimum_down,49,101_CT_1,463,49,49
398,minimum_up,50,101_CT_1,468,50,50
399,minimum_down,50,101_CT_1,469,50,50
404,minimum_up,51,101_CT_1,474,51,51
405,minimum_down,51,101_CT_1,475,51,51
410,minimum_up,52,101_CT_1,480,52,52
411,minimum_down,52,101_CT_1,481,52,52
416,minimum_up,53,101_CT_1,486,53,53
417,minimum_down,53,101_CT_1,487,53,53
422,minimum_up,54,101_CT_1,492,54,54
423,minimum_down,54,101_CT_1,493,54,54
428,minimum_up,55,101_CT_1,498,55,55
429,minimum_down,55,101_CT_1,499,55,55
434,minimum_up,56,101_CT_1,504,56,56
435,minimum_down,56,101_CT_1,505,56,56
440,minimum_up,57,101_CT_1,510,57,57
441,minimum_down,57,101_CT_1,511,57,57
446,minimum_up,58,101_CT_1,516,58,58
447,minimum_down,58,101_CT_1,517,58,58
452,minimum_up,59,101_CT_1,522,59,59
453,minimum_down,59,101_CT_1,523,59,59
458,minimum_up,60,101_CT_1,528,60,60
459,minimum_down,60,101_CT_1,529,60,60
464,minimum_up,61,101_CT_1,534,61,61
465,minimum_down,61,101_CT_1,535,61,61
470,minimum_up,62,101_CT_1,540,62,62
471,minimum_down,62,101_CT_1,541,62,62
476,minimum_up,63,101_CT_1,546,63,63
477,minimum_down,63,101_CT_1,547,63,63
482,minimum_up,64,101_CT_1,552,64,64
483,minimum_down,64,101_CT_1,553,64,64
488,minimum_up,65,101_CT_1,558,65,65
489,minimum_down,65,101_CT_1,559,65,65
494,minimum_up,66,101_CT_1,564,66,66
495,minimum_down,66,101_CT_1,565,66,66
500,minimum_up,67,101_CT_1,570,67,67
501,minimum_down,67,101_CT_1,571,67,67
506,minimum_up,68,101_CT_1,576,68,68
507,minimum_down,68,101_CT_1,577,68,68
512,minimum_up,69,101_CT_1,582,69,69
513,minimum_down,69,101_CT_1,583,69,69
518,minimum_up,70,101_CT_1,588,70,70
519,minimum_down,70,101_CT_1,589,70,70
524,minimum_up,71,101_CT_1,594,71,71
525,minimum_down,71,101_CT_1,595,71,71
530,minimum_up,72,101_CT_1,600,72,72
531,minimum_down,72,101_CT_1,601,72,72
536,minimum_up,73,101_CT_1,606,73,73
537,minimum_down,73,101_CT_1,607,73,73
542,minimum_up,74,101_CT_1,612,74,74
543,minimum_down,74,101_CT_1,613,74,74
548,minimum_up,75,101_CT_1,618,75,75
549,minimum_down,75,101_CT_1,619,75,75
554,minimum_up,76,101_CT_1,624,76,76
555,minimum_down,76,101_CT_1,625,76,76
560,minimum_up,77,101_CT_1,630,77,77
561,minimum_down,77,101_CT_1,631,77,77
566,minimum_up,78,101_CT_1,636,78,78
567,minimum_down,78,101_CT_1,637,78,78
572,minimum_up,79,101_CT_1,642,79,79
573,minimum_down,79,101_CT_1,643,79,79
578,minimum_up,80,101_CT_1,648,80,80
579,minimum_down,80,101_CT_1,649,80,80
584,minimum_up,81,101_CT_1,654,81,81
585,minimum_down,81,101_CT_1,655,81,81
590,minimum_up,82,101_CT_1,660,82,82
591,minimum_down,82,101_CT_1,661,82,82
596,minimum_up,83,101_CT_1,666,83,83
597,minimum_down,83,101_CT_1,667,83,83
602,minimum_up,84,101_CT_1,672,84,84
603,minimum_down,84,101_CT_1,673,84,84
608,minimum_up,85,101_CT_1,678,85,85
609,minimum_down,85,101_CT_1,679,85,85
614,minimum_up,86,101_CT_1,684,86,86
615,minimum_down,86,101_CT_1,685,86,86
620,minimum_up,87,101_CT_1,690,87,87
621,minimum_down,87,101_CT_1,691,87,87
626,minimum_up,88,101_CT_1,696,88,88
627,minimum_down,88,101_CT_1,697,88,88
632,minimum_up,89,101_CT_1,702,89,89
633,minimum_down,89,101_CT_1,703,89,89
638,minimum_up,90,101_CT_1,708,90,90
639,minimum_down,90,101_CT_1,709,90,90
644,minimum_up,91,101_CT_1,714,91,91
645,minimum_down,91,101_CT_1,715,91,91
650,minimum_up,92,101_CT_1,720,92,92
651,minimum_down,92,101_CT_1,721,92,92
656,minimum_up,93,101_CT_1,726,93,93
657,minimum_down,93,101_CT_1,727,93,93
662,minimum_up,94,101_CT_1,732,94,94
663,minimum_down,94,101_CT_1,733,94,94
668,minimum_up,95,101_CT_1,738,95,95
669,minimum_down,95,101_CT_1,739,95,95
674,minimum_up,96,101_CT_1,744,96,96
675,minimum_down,96,101_CT_1,745,96,96
680,minimum_up,97,101_CT_1,750,97,97
681,minimum_down,97,101_CT_1,751,97,97
686,minimum_up,98,101_CT_1,756,98,98
687,minimum_down,98,101_CT_1,757,98,98
692,minimum_up,99,101_CT_1,762,99,99
693,minimum_down,99,101_CT_1,763,99,99
698,minimum_up,100,101_CT_1,768,100,100
699,minimum_down,100,101_CT_1,769,100,100
704,minimum_up,101,101_CT_1,774,101,101
705,minimum_down,101,101_CT_1,775,101,101
710,minimum_up,102,101_CT_1,780,102,102
711,minimum_down,102,101_CT_1,781,102,102
716,minimum_up,103,101_CT_1,786,103,103
717,minimum_down,103,101_CT_1,787,103,103
722,minimum_up,104,101_CT_1,792,104,104
723,minimum_down,104,101_CT_1,793,104,104
728,minimum_up,105,101_CT_1,798,105,105
729,minimum_down,105,101_CT_1,799,105,105
734,minimum_up,106,101_CT_1,804,106,106
735,minimum_down,106,101_CT_1,805,106,106
740,minimum_up,107,101_CT_1,810,107,107
741,minimum_down,107,101_CT_1,811,107,107
746,minimum_up,108,101_CT_1,816,108,108
747,minimum_down,108,101_CT_1,817,108,108
752,minimum_up,109,101_CT_1,822,109,109
753,minimum_down,109,101_CT_1,823,109,109
758,minimum_up,110,101_CT_1,828,110,110
759,minimum_down,110,101_CT_1,829,110,110
764,minimum_up,111,101_CT_1,834,111,111
765,minimum_down,111,101_CT_1,835,111,111
770,minimum_up,112,101_CT_1,840,112,112
771,minimum_down,112,101_CT_1,841,112,112
776,minimum_up,113,101_CT_1,846,113,113
777,minimum_down,113,101_CT_1,847,113,113
782,minimum_up,114,101_CT_1,852,114,114
783,minimum_down,114,101_CT_1,853,114,114
788,minimum_up,115,101_CT_1,858,115,115
789,minimum_down,115,101_CT_1,859,115,115
794,minimum_up,116,101_CT_1,864,116,116
795,minimum_down,116,101_CT_1,865,116,116
800,minimum_up,117,101_CT_1,870,117,117
801,minimum_down,117,101_CT_1,871,117,117
806,minimum_up,118,101_CT_1,876,118,118
807,minimum_down,118,101_CT_1,877,118,118
812,minimum_up,119,101_CT_1,882,119,119
813,minimum_down,119,101_CT_1,883,119,119
818,minimum_up,120,101_CT_1,888,120,120
819,minimum_down,120,101_CT_1,889,120,120
824,minimum_up,121,101_CT_1,894,121,121
825,minimum_down,121,101_CT_1,895,121,121
830,minimum_up,122,101_CT_1,900,122,122
831,minimum_down,122,101_CT_1,901,122,122
836,minimum_up,123,101_CT_1,906,123,123
837,minimum_down,123,101_CT_1,907,123,123
842,minimum_up,124,101_CT_1,912,124,124
843,minimum_down,124,101_CT_1,913,124,124
848,minimum_up,125,101_CT_1,918,125,125
849,minimum_down,125,101_CT_1,919,125,125
854,minimum_up,126,101_CT_1,924,126,126
855,minimum_down,126,101_CT_1,925,126,126
860,minimum_up,127,101_CT_1,930,127,127
861,minimum_down,127,101_CT_1,931,127,127
866,minimum_up,128,101_CT_1,936,128,128
867,minimum_down,128,101_CT_1,937,128,128
872,minimum_up,129,101_CT_1,942,129,129
873,minimum_down,129,101_CT_1,943,129,129
878,minimum_up,130,101_CT_1,948,130,130
879,minimum_down,130,101_CT_1,949,130,130
884,minimum_up,131,101_CT_1,954,131,131
885,minimum_down,131,101_CT_1,955,131,131
1176,minimum_up,36,101_CT_2,1388,36,36
1177,minimum_down,36,101_CT_2,1389,36,36
1182,minimum_up,37,101_CT_2,1394,37,37
1183,minimum_down,37,101_CT_2,1395,37,37
1188,minimum_up,38,101_CT_2,1400,38,38
1189,minimum_down,38,101_CT_2,1401,38,38
1194,minimum_up,39,101_CT_2,1406,39,39
1195,minimum_down,39,101_CT_2,1407,39,39
1200,minimum_up,40,101_CT_2,1412,40,40
1201,minimum_down,40,101_CT_2,1413,40,40
1206,minimum_up,41,101_CT_2,1418,41,41
1207,minimum_down,41,101_CT_2,1419,41,41
1212,minimum_up,42,101_CT_2,1424,42,42
1213,minimum_down,42,101_CT_2,1425,42,42
1218,minimum_up,43,101_CT_2,1430,43,43
1219,minimum_down,43,101_CT_2,1431,43,43
1224,minimum_up,44,101_CT_2,1436,44,44
1225,minimum_down,44,101_CT_2,1437,44,44
1230,minimum_up,45,101_CT_2,1442,45,45
1231,minimum_down,45,101_CT_2,1443,45,45
1236,minimum_up,46,101_CT_2,1448,46,46
1237,minimum_down,46,101_CT_2,1449,46,46
1242,minimum_up,47,101_CT_2,1454,47,47
1243,minimum_down,47,101_CT_2,1455,47,47
1248,minimum_up,48,101_CT_2,1460,48,48
1249,minimum_down,48,101_CT_2,1461,48,48
1254,minimum_up,49,101_CT_2,1466,49,49
1255,minimum_down,49,101_CT_2,1467,49,49
1260,minimum_up,50,101_CT_2,1472,50,50
1261,minimum_down,50,101_CT_2,1473,50,50
1266,minimum_up,51,101_CT_2,1478,51,51
1267,minimum_down,51,101_CT_2,1479,51,51
1272,minimum_up,52,101_CT_2,1484,52,52
1273,minimum_down,52,101_CT_2,1485,52,52
1278,minimum_up,53,101_CT_2,1490,53,53
1279,minimum_down,53,101_CT_2,1491,53,53
1284,minimum_up,54,101_CT_2,1496,54,54
1285,minimum_down,54,101_CT_2,1497,54,54
1290,minimum_up,55,101_CT_2,1502,55,55
1291,minimum_down,55,101_CT_2,1503,55,55
1296,minimum_up,56,101_CT_2,1508,56,56
1297,minimum_down,56,101_CT_2,1509,56,56
1302,minimum_up,57,101_CT_2,1514,57,57
1303,minimum_down,57,101_CT_2,1515,57,57
1308,minimum_up,58,101_CT_2,1520,58,58
1309,minimum_down,58,101_CT_2,1521,58,58
1314,minimum_up,59,101_CT_2,1526,59,59
1315,minimum_down,59,101_CT_2,1527,59,59
1320,minimum_up,60,101_CT_2,1532,60,60
1321,minimum_down,60,101_CT_2,1533,60,60
1326,minimum_up,61,101_CT_2,1538,61,61
1327,minimum_down,61,101_CT_2,1539,61,61
1332,minimum_up,62,101_CT_2,1544,62,62
1333,minimum_down,62,101_CT_2,1545,62,62
1338,minimum_up,63,101_CT_2,1550,63,63
1339,minimum_down,63,101_CT_2,1551,63,63
1344,minimum_up,64,101_CT_2,1556,64,64
1345,minimum_down,64,101_CT_2,1557,64,64
1350,minimum_up,65,101_CT_2,1562,65,65
1351,minimum_down,65,101_CT_2,1563,65,65
1356,minimum_up,66,101_CT_2,1568,66,66
1357,minimum_down,66,101_CT_2,1569,66,66
1362,minimum_up,67,101_CT_2,1574,67,67
1363,minimum_down,67,101_CT_2,1575,67,67
1368,minimum_up,68,101_CT_2,1580,68,68
1369,minimum_down,68,101_CT_2,1581,68,68
1374,minimum_up,69,101_CT_2,1586,69,69
1375,minimum_down,69,101_CT_2,1587,69,69
1380,minimum_up,70,101_CT_2,1592,70,70
1381,minimum_down,70,101_CT_2,1593,70,70
1386,minimum_up,71,101_CT_2,1598,71,71
1387,minimum_down,71,101_CT_2,1599,71,71
1392,minimum_up,72,101_CT_2,1604,72,72
1393,minimum_down,72,101_CT_2,1605,72,72
1398,minimum_up,73,101_CT_2,1610,73,73
1399,minimum_down,73,101_CT_2,1611,73,73
1404,minimum_up,74,101_CT_2,1616,74,74
1405,minimum_down,74,101_CT_2,1617,74,74
1410,minimum_up,75,101_CT_2,1622,75,75
1411,minimum_down,75,101_CT_2,1623,75,75
1416,minimum_up,76,101_CT_2,1628,76,76
1417,minimum_down,76,101_CT_2,1629,76,76
1422,minimum_up,77,101_CT_2,1634,77,77
1423,minimum_down,77,101_CT_2,1635,77,77
1428,minimum_up,78,101_CT_2,1640,78,78
1429,minimum_down,78,101_CT_2,1641,78,78
1434,minimum_up,79,101_CT_2,1646,79,79
1435,minimum_down,79,101_CT_2,1647,79,79
1440,minimum_up,80,101_CT_2,1652,80,80
1441,minimum_down,80,101_CT_2,1653,80,80
1446,minimum_up,81,101_CT_2,1658,81,81
1447,minimum_down,81,101_CT_2,1659,81,81
1452,minimum_up,82,101_CT_2,1664,82,82
1453,minimum_down,82,101_CT_2,1665,82,82
1458,minimum_up,83,101_CT_2,1670,83,83
1459,minimum_down,83,101_CT_2,1671,83,83
1464,minimum_up,84,101_CT_2,1676,84,84
1465,minimum_down,84,101_CT_2,1677,84,84
1470,minimum_up,85,101_CT_2,1682,85,85
1471,minimum_down,85,101_CT_2,1683,85,85
1476,minimum_up,86,101_CT_2,1688,86,86
1477,minimum_down,86,101_CT_2,1689,86,86
1482,minimum_up,87,101_CT_2,1694,87,87
1483,minimum_down,87,101_CT_2,1695,87,87
1488,minimum_up,88,101_CT_2,1700,88,88
1489,minimum_down,88,101_CT_2,1701,88,88
1494,minimum_up,89,101_CT_2,1706,89,89
1495,minimum_down,89,101_CT_2,1707,89,89
1500,minimum_up,90,101_CT_2,1712,90,90
1501,minimum_down,90,101_CT_2,1713,90,90
1506,minimum_up,91,101_CT_2,1718,91,91
1507,minimum_down,91,101_CT_2,1719,91,91
1512,minimum_up,92,101_CT_2,1724,92,92
1513,minimum_down,92,101_CT_2,1725,92,92
1518,minimum_up,93,101_CT_2,1730,93,93
1519,minimum_down,93,101_CT_2,1731,93,93
1524,minimum_up,94,101_CT_2,1736,94,94
1525,minimum_down,94,101_CT_2,1737,94,94
1530,minimum_up,95,101_CT_2,1742,95,95
1531,minimum_down,95,101_CT_2,1743,95,95
1536,minimum_up,96,101_CT_2,1748,96,96
1537,minimum_down,96,101_CT_2,1749,96,96
1542,minimum_up,97,101_CT_2,1754,97,97
1543,minimum_down,97,101_CT_2,1755,97,97
1548,minimum_up,98,101_CT_2,1760,98,98
1549,minimum_down,98,101_CT_2,1761,98,98
1554,minimum_up,99,101_CT_2,1766,99,99
1555,minimum_down,99,101_CT_2,1767,99,99
1560,minimum_up,100,101_CT_2,1772,100,100
1561,minimum_down,100,101_CT_2,1773,100,100
1566,minimum_up,101,101_CT_2,1778,101,101
1567,minimum_down,101,101_CT_2,1779,101,101
1572,minimum_up,102,101_CT_2,1784,102,102
1573,minimum_down,102,101_CT_2,1785,102,102
1578,minimum_up,103,101_CT_2,1790,103,103
1579,minimum_down,103,101_CT_2,1791,103,103
1584,minimum_up,104,101_CT_2,1796,104,104
1585,minimum_down,104,101_CT_2,1797,104,104
1590,minimum_up,105,101_CT_2,1802,105,105
1591,minimum_down,105,101_CT_2,1803,105,105
1596,minimum_up,106,101_CT_2,1808,106,106
1597,minimum_down,106,101_CT_2,1809,106,106
1602,minimum_up,107,101_CT_2,1814,107,107
1603,minimum_down,107,101_CT_2,1815,107,107
1608,minimum_up,108,101_CT_2,1820,108,108
1609,minimum_down,108,101_CT_2,1821,108,108
1614,minimum_up,109,101_CT_2,1826,109,109
1615,minimum_down,109,101_CT_2,1827,109,109
1620,minimum_up,110,101_CT_2,1832,110,110
1621,minimum_down,110,101_CT_2,1833,110,110
1626,minimum_up,111,101_CT_2,1838,111,111
1627,minimum_down,111,101_CT_2,1839,111,111
1632,minimum_up,112,101_CT_2,1844,112,112
1633,minimum_down,112,101_CT_2,1845,112,112
1638,minimum_up,113,101_CT_2,1850,113,113
1639,minimum_down,113,101_CT_2,1851,113,113
1644,minimum_up,114,101_CT_2,1856,114,114
1645,minimum_down,114,101_CT_2,1857,114,114
1650,minimum_up,115,101_CT_2,1862,115,115
1651,minimum_down,115,101_CT_2,1863,115,115
1656,minimum_up,116,101_CT_2,1868,116,116
1657,minimum_down,116,101_CT_2,1869,116,116
1662,minimum_up,117,101_CT_2,1874,117,117
1663,minimum_down,117,101_CT_2,1875,117,117
1668,minimum_up,118,101_CT_2,1880,118,118
1669,minimum_down,118,101_CT_2,1881,118,118
1674,minimum_up,119,101_CT_2,1886,119,119
1675,minimum_down,119,101_CT_2,1887,119,119
1680,minimum_up,120,101_CT_2,1892,120,120
1681,minimum_down,120,101_CT_2,1893,120,120
1686,minimum_up,121,101_CT_2,1898,121,121
1687,minimum_down,121,101_CT_2,1899,121,121
1692,minimum_up,122,101_CT_2,1904,122,122
1693,minimum_down,122,101_CT_2,1905,122,122
1698,minimum_up,123,101_CT_2,1910,123,123
1699,minimum_down,123,101_CT_2,1911,123,123
1704,minimum_up,124,101_CT_2,1916,124,124
1705,minimum_down,124,101_CT_2,1917,124,124
1710,minimum_up,125,101_CT_2,1922,125,125
1711,minimum_down,125,101_CT_2,1923,125,125
1716,minimum_up,126,101_CT_2,1928,126,126
1717,minimum_down,126,101_CT_2,1929,126,126
1722,minimum_up,127,101_CT_2,1934,127,127
1723,minimum_down,127,101_CT_2,1935,127,127
1728,minimum_up,128,101_CT_2,1940,128,128
1729,minimum_down,128,101_CT_2,1941,128,128
1734,minimum_up,129,101_CT_2,1946,129,129
1735,minimum_down,129,101_CT_2,1947,129,129
1740,minimum_up,130,101_CT_2,1952,130,130
1741,minimum_down,130,101_CT_2,1953,130,130
1746,minimum_up,131,101_CT_2,1958,131,131
1747,minimum_down,131,101_CT_2,1959,131,131
2050,minimum_down,39,101_STEAM_3,2411,36,39
2055,minimum_down,40,101_STEAM_3,2417,37,40
2060,minimum_down,41,101_STEAM_3,2423,38,41
2065,minimum_down,42,101_STEAM_3,2429,39,42
2070,minimum_up,43,101_STEAM_3,2434,36,43
2071,minimum_down,43,101_STEAM_3,2435,40,43
2076,minimum_up,44,101_STEAM_3,2440,37,44
2077,minimum_down,44,101_STEAM_3,2441,41,44
2082,minimum_up,45,101_STEAM_3,2446,38,45
2083,minimum_down,45,101_STEAM_3,2447,42,45
2088,minimum_up,46,101_STEAM_3,2452,39,46
2089,minimum_down,46,101_STEAM_3,2453,43,46
2094,minimum_up,47,101_STEAM_3,2458,40,47
2095,minimum_down,47,101_STEAM_3,2459,44,47
2100,minimum_up,48,101_STEAM_3,2464,41,48
2101,minimum_down,48,101_STEAM_3,2465,45,48
2106,minimum_up,49,101_STEAM_3,2470,42,49
2107,minimum_down,49,101_STEAM_3,2471,46,49
2112,minimum_up,50,101_STEAM_3,2476,43,50
2113,minimum_down,50,101_STEAM_3,2477,47,50
2118,minimum_up,51,101_STEAM_3,2482,44,51
2119,minimum_down,51,101_STEAM_3,2483,48,51
2124,minimum_up,52,101_STEAM_3,2488,45,52
2125,minimum_down,52,101_STEAM_3,2489,49,52
2130,minimum_up,53,101_STEAM_3,2494,46,53
2131,minimum_down,53,101_STEAM_3,2495,50,53
2136,minimum_up,54,101_STEAM_3,2500,47,54
2137,minimum_down,54,101_STEAM_3,2501,51,54
2142,minimum_up,55,101_STEAM_3,2506,48,55
2143,minimum_down,55,101_STEAM_3,2507,52,55
2148,minimum_up,56,101_STEAM_3,2512,49,56
2149,minimum_down,56,101_STEAM_3,2513,53,56
2154,minimum_up,57,101_STEAM_3,2518,50,57
2155,minimum_down,57,101_STEAM_3,2519,54,57
2160,minimum_up,58,101_STEAM_3,2524,51,58
2161,minimum_down,58,101_STEAM_3,2525,55,58
2166,minimum_up,59,101_STEAM_3,2530,52,59
2167,minimum_down,59,101_STEAM_3,2531,56,59
2172,minimum_up,60,101_STEAM_3,2536,53,60
2173,minimum_down,60,101_STEAM_3,2537,57,60
2178,minimum_up,61,101_STEAM_3,2542,54,61
2179,minimum_down,61,101_STEAM_3,2543,58,61
2184,minimum_up,62,101_STEAM_3,2548,55,62
2185,minimum_down,62,101_STEAM_3,2549,59,62
2190,minimum_up,63,101_STEAM_3,2554,56,63
2191,minimum_down,63,101_STEAM_3,2555,60,63
2196,minimum_up,64,101_STEAM_3,2560,57,64
2197,minimum_down,64,101_STEAM_3,2561,61,64
2202,minimum_up,65,101_STEAM_3,2566,58,65
2203,minimum_down,65,101_STEAM_3,2567,62,65
2208,minimum_up,66,101_STEAM_3,2572,59,66
2209,minimum_down,66,101_STEAM_3,2573,63,66
2214,minimum_up,67,101_STEAM_3,2578,60,67
2215,minimum_down,67,101_STEAM_3,2579,64,67
2220,minimum_up,68,101_STEAM_3,2584,61,68
2221,minimum_down,68,101_STEAM_3,2585,65,68
2226,minimum_up,69,101_STEAM_3,2590,62,69
2227,minimum_down,69,101_STEAM_3,2591,66,69
2232,minimum_up,70,101_STEAM_3,2596,63,70
2233,minimum_down,70,101_STEAM_3,2597,67,70
2238,minimum_up,71,101_STEAM_3,2602,64,71
2239,minimum_down,71,101_STEAM_3,2603,68,71
2244,minimum_up,72,101_STEAM_3,2608,65,72
2245,minimum_down,72,101_STEAM_3,2609,69,72
2250,minimum_up,73,101_STEAM_3,2614,66,73
2251,minimum_down,73,101_STEAM_3,2615,70,73
2256,minimum_up,74,101_STEAM_3,2620,67,74
2257,minimum_down,74,101_STEAM_3,2621,71,74
2262,minimum_up,75,101_STEAM_3,2626,68,75
2263,minimum_down,75,101_STEAM_3,2627,72,75
2268,minimum_up,76,101_STEAM_3,2632,69,76
2269,minimum_down,76,101_STEAM_3,2633,73,76
2274,minimum_up,77,101_STEAM_3,2638,70,77
2275,minimum_down,77,101_STEAM_3,2639,74,77
2280,minimum_up,78,101_STEAM_3,2644,71,78
2281,minimum_down,78,101_STEAM_3,2645,75,78
2286,minimum_up,79,101_STEAM_3,2650,72,79
2287,minimum_down,79,101_STEAM_3,2651,76,79
2292,minimum_up,80,101_STEAM_3,2656,73,80
2293,minimum_down,80,101_STEAM_3,2657,77,80
2298,minimum_up,81,101_STEAM_3,2662,74,81
2299,minimum_down,81,101_STEAM_3,2663,78,81
2304,minimum_up,82,101_STEAM_3,2668,75,82
2305,minimum_down,82,101_STEAM_3,2669,79,82
2310,minimum_up,83,101_STEAM_3,2674,76,83
2311,minimum_down,83,101_STEAM_3,2675,80,83
2316,minimum_up,84,101_STEAM_3,2680,77,84
2317,minimum_down,84,101_STEAM_3,2681,81,84
2322,minimum_up,85,101_STEAM_3,2686,78,85
2323,minimum_down,85,101_STEAM_3,2687,82,85
2328,minimum_up,86,101_STEAM_3,2692,79,86
2329,minimum_down,86,101_STEAM_3,2693,83,86
2334,minimum_up,87,101_STEAM_3,2698,80,87
2335,minimum_down,87,101_STEAM_3,2699,84,87
2340,minimum_up,88,101_STEAM_3,2704,81,88
2341,minimum_down,88,101_STEAM_3,2705,85,88
2346,minimum_up,89,101_STEAM_3,2710,82,89
2347,minimum_down,89,101_STEAM_3,2711,86,89
2352,minimum_up,90,101_STEAM_3,2716,83,90
2353,minimum_down,90,101_STEAM_3,2717,87,90
2358,minimum_up,91,101_STEAM_3,2722,84,91
2359,minimum_down,91,101_STEAM_3,2723,88,91
2364,minimum_up,92,101_STEAM_3,2728,85,92
2365,minimum_down,92,101_STEAM_3,2729,89,92
2370,minimum_up,93,101_STEAM_3,2734,86,93
2371,minimum_down,93,101_STEAM_3,2735,90,93
2376,minimum_up,94,101_STEAM_3,2740,87,94
2377,minimum_down,94,101_STEAM_3,2741,91,94
2382,minimum_up,95,101_STEAM_3,2746,88,95
2383,minimum_down,95,101_STEAM_3,2747,92,95
2388,minimum_up,96,101_STEAM_3,2752,89,96
2389,minimum_down,96,101_STEAM_3,2753,93,96
2394,minimum_up,97,101_STEAM_3,2758,90,97
2395,minimum_down,97,101_STEAM_3,2759,94,97
2400,minimum_up,98,101_STEAM_3,2764,91,98
2401,minimum_down,98,101_STEAM_3,2765,95,98
2406,minimum_up,99,101_STEAM_3,2770,92,99
2407,minimum_down,99,101_STEAM_3,2771,96,99
2412,minimum_up,100,101_STEAM_3,2776,93,100
2413,minimum_down,100,101_STEAM_3,2777,97,100
2418,minimum_up,101,101_STEAM_3,2782,94,101
2419,minimum_down,101,101_STEAM_3,2783,98,101
2424,minimum_up,102,101_STEAM_3,2788,95,102
2425,minimum_down,102,101_STEAM_3,2789,99,102
2430,minimum_up,103,101_STEAM_3,2794,96,103
2431,minimum_down,103,101_STEAM_3,2795,100,103
2436,minimum_up,104,101_STEAM_3,2800,97,104
2437,minimum_down,104,101_STEAM_3,2801,101,104
2442,minimum_up,105,101_STEAM_3,2806,98,105
2443,minimum_down,105,101_STEAM_3,2807,102,105
2448,minimum_up,106,101_STEAM_3,2812,99,106
2449,minimum_down,106,101_STEAM_3,2813,103,106
2454,minimum_up,107,101_STEAM_3,2818,100,107
2455,minimum_down,107,101_STEAM_3,2819,104,107
2460,minimum_up,108,101_STEAM_3,2824,101,108
2461,minimum_down,108,101_STEAM_3,2825,105,108
2466,minimum_up,109,101_STEAM_3,2830,102,109
2467,minimum_down,109,101_STEAM_3,2831,106,109
2472,minimum_up,110,101_STEAM_3,2836,103,110
2473,minimum_down,110,101_STEAM_3,2837,107,110
2478,minimum_up,111,101_STEAM_3,2842,104,111
2479,minimum_down,111,101_STEAM_3,2843,108,111
2484,minimum_up,112,101_STEAM_3,2848,105,112
2485,minimum_down,112,101_STEAM_3,2849,109,112
2490,minimum_up,113,101_STEAM_3,2854,106,113
2491,minimum_down,113,101_STEAM_3,2855,110,113
2496,minimum_up,114,101_STEAM_3,2860,107,114
2497,minimum_down,114,101_STEAM_3,2861,111,114
2502,minimum_up,115,101_STEAM_3,2866,108,115
2503,minimum_down,115,101_STEAM_3,2867,112,115
2508,minimum_up,116,101_STEAM_3,2872,109,116
2509,minimum_down,116,101_STEAM_3,2873,113,116
2514,minimum_up,117,101_STEAM_3,2878,110,117
2515,minimum_down,117,101_STEAM_3,2879,114,117
2520,minimum_up,118,101_STEAM_3,2884,111,118
2521,minimum_down,118,101_STEAM_3,2885,115,118
2526,minimum_up,119,101_STEAM_3,2890,112,119
2527,minimum_down,119,101_STEAM_3,2891,116,119
2532,minimum_up,120,101_STEAM_3,2896,113,120
2533,minimum_down,120,101_STEAM_3,2897,117,120
2538,minimum_up,121,101_STEAM_3,2902,114,121
2539,minimum_down,121,101_STEAM_3,2903,118,121
2544,minimum_up,122,101_STEAM_3,2908,115,122
2545,minimum_down,122,101_STEAM_3,2909,119,122
2550,minimum_up,123,101_STEAM_3,2914,116,123
2551,minimum_down,123,101_STEAM_3,2915,120,123
2556,minimum_up,124,101_STEAM_3,2920,117,124
2557,minimum_down,124,101_STEAM_3,2921,121,124
2562,minimum_up,125,101_STEAM_3,2926,118,125
2563,minimum_down,125,101_STEAM_3,2927,122,125
2568,minimum_up,126,101_STEAM_3,2932,119,126
2569,minimum_down,126,101_STEAM_3,2933,123,126
2574,minimum_up,127,101_STEAM_3,2938,120,127
2575,minimum_down,127,101_STEAM_3,2939,124,127
2580,minimum_up,128,101_STEAM_3,2944,121,128
2581,minimum_down,128,101_STEAM_3,2945,125,128
2586,minimum_up,129,101_STEAM_3,2950,122,129
2587,minimum_down,129,101_STEAM_3,2951,126,129
2592,minimum_up,130,101_STEAM_3,2956,123,130
2593,minimum_down,130,101_STEAM_3,2957,127,130
2598,minimum_up,131,101_STEAM_3,2962,124,131
2599,minimum_down,131,101_STEAM_3,2963,128,131
2902,minimum_down,39,101_STEAM_4,3415,36,39
2907,minimum_down,40,101_STEAM_4,3421,37,40
2912,minimum_down,41,101_STEAM_4,3427,38,41
2917,minimum_down,42,101_STEAM_4,3433,39,42
2922,minimum_up,43,101_STEAM_4,3438,36,43
2923,minimum_down,43,101_STEAM_4,3439,40,43
2928,minimum_up,44,101_STEAM_4,3444,37,44
2929,minimum_down,44,101_STEAM_4,3445,41,44
2934,minimum_up,45,101_STEAM_4,3450,38,45
2935,minimum_down,45,101_STEAM_4,3451,42,45
2940,minimum_up,46,101_STEAM_4,3456,39,46
2941,minimum_down,46,101_STEAM_4,3457,43,46
2946,minimum_up,47,101_STEAM_4,3462,40,47
2947,minimum_down,47,101_STEAM_4,3463,44,47
2952,minimum_up,48,101_STEAM_4,3468,41,48
2953,minimum_down,48,101_STEAM_4,3469,45,48
2958,minimum_up,49,101_STEAM_4,3474,42,49
2959,minimum_down,49,101_STEAM_4,3475,46,49
2964,minimum_up,50,101_STEAM_4,3480,43,50
2965,minimum_down,50,101_STEAM_4,3481,47,50
2970,minimum_up,51,101_STEAM_4,3486,44,51
2971,minimum_down,51,101_STEAM_4,3487,48,51
2976,minimum_up,52,101_STEAM_4,3492,45,52
2977,minimum_down,52,101_STEAM_4,3493,49,52
2982,minimum_up,53,101_STEAM_4,3498,46,53
2983,minimum_down,53,101_STEAM_4,3499,50,53
2988,minimum_up,54,101_STEAM_4,3504,47,54
2989,minimum_down,54,101_STEAM_4,3505,51,54
2994,minimum_up,55,101_STEAM_4,3510,48,55
2995,minimum_down,55,101_STEAM_4,3511,52,55
3000,minimum_up,56,101_STEAM_4,3516,49,56
3001,minimum_down,56,101_STEAM_4,3517,53,56
3006,minimum_up,57,101_STEAM_4,3522,50,57
3007,minimum_down,57,101_STEAM_4,3523,54,57
3012,minimum_up,58,101_STEAM_4,3528,51,58
3013,minimum_down,58,101_STEAM_4,3529,55,58
3018,minimum_up,59,101_STEAM_4,3534,52,59
3019,minimum_down,59,101_STEAM_4,3535,56,59
3024,minimum_up,60,101_STEAM_4,3540,53,60
3025,minimum_down,60,101_STEAM_4,3541,57,60
3030,minimum_up,61,101_STEAM_4,3546,54,61
3031,minimum_down,61,101_STEAM_4,3547,58,61
3036,minimum_up,62,101_STEAM_4,3552,55,62
3037,minimum_down,62,101_STEAM_4,3553,59,62
3042,minimum_up,63,101_STEAM_4,3558,56,63
3043,minimum_down,63,101_STEAM_4,3559,60,63
3048,minimum_up,64,101_STEAM_4,3564,57,64
3049,minimum_down,64,101_STEAM_4,3565,61,64
3054,minimum_up,65,101_STEAM_4,3570,58,65
3055,minimum_down,65,101_STEAM_4,3571,62,65
3060,minimum_up,66,101_STEAM_4,3576,59,66
3061,minimum_down,66,101_STEAM_4,3577,63,66
3066,minimum_up,67,101_STEAM_4,3582,60,67
3067,minimum_down,67,101_STEAM_4,3583,64,67
3072,minimum_up,68,101_STEAM_4,3588,61,68
3073,minimum_down,68,101_STEAM_4,3589,65,68
3078,minimum_up,69,101_STEAM_4,3594,62,69
3079,minimum_down,69,101_STEAM_4,3595,66,69
3084,minimum_up,70,101_STEAM_4,3600,63,70
3085,minimum_down,70,101_STEAM_4,3601,67,70
3090,minimum_up,71,101_STEAM_4,3606,64,71
3091,minimum_down,71,101_STEAM_4,3607,68,71
3096,minimum_up,72,101_STEAM_4,3612,65,72
3097,minimum_down,72,101_STEAM_4,3613,69,72
3102,minimum_up,73,101_STEAM_4,3618,66,73
3103,minimum_down,73,101_STEAM_4,3619,70,73
3108,minimum_up,74,101_STEAM_4,3624,67,74
3109,minimum_down,74,101_STEAM_4,3625,71,74
3114,minimum_up,75,101_STEAM_4,3630,68,75
3115,minimum_down,75,101_STEAM_4,3631,72,75
3120,minimum_up,76,101_STEAM_4,3636,69,76
3121,minimum_down,76,101_STEAM_4,3637,73,76
3126,minimum_up,77,101_STEAM_4,3642,70,77
3127,minimum_down,77,101_STEAM_4,3643,74,77
3132,minimum_up,78,101_STEAM_4,3648,71,78
3133,minimum_down,78,101_STEAM_4,3649,75,78
3138,minimum_up,79,101_STEAM_4,3654,72,79
3139,minimum_down,79,101_STEAM_4,3655,76,79
3144,minimum_up,80,101_STEAM_4,3660,73,80
3145,minimum_down,80,101_STEAM_4,3661,77,80
3150,minimum_up,81,101_STEAM_4,3666,74,81
3151,minimum_down,81,101_STEAM_4,3667,78,81
3156,minimum_up,82,101_STEAM_4,3672,75,82
3157,minimum_down,82,101_STEAM_4,3673,79,82
3162,minimum_up,83,101_STEAM_4,3678,76,83
3163,minimum_down,83,101_STEAM_4,3679,80,83
3168,minimum_up,84,101_STEAM_4,3684,77,84
3169,minimum_down,84,101_STEAM_4,3685,81,84
3174,minimum_up,85,101_STEAM_4,3690,78,85
3175,minimum_down,85,101_STEAM_4,3691,82,85
3180,minimum_up,86,101_STEAM_4,3696,79,86
3181,minimum_down,86,101_STEAM_4,3697,83,86
3186,minimum_up,87,101_STEAM_4,3702,80,87
3187,minimum_down,87,101_STEAM_4,3703,84,87
3192,minimum_up,88,101_STEAM_4,3708,81,88
3193,minimum_down,88,101_STEAM_4,3709,85,88
3198,minimum_up,89,101_STEAM_4,3714,82,89
3199,minimum_down,89,101_STEAM_4,3715,86,89
3204,minimum_up,90,101_STEAM_4,3720,83,90
3205,minimum_down,90,101_STEAM_4,3721,87,90
3210,minimum_up,91,101_STEAM_4,3726,84,91
3211,minimum_down,91,101_STEAM_4,3727,88,91
3216,minimum_up,92,101_STEAM_4,3732,85,92
3217,minimum_down,92,101_STEAM_4,3733,89,92
3222,minimum_up,93,101_STEAM_4,3738,86,93
3223,minimum_down,93,101_STEAM_4,3739,90,93
3228,minimum_up,94,101_STEAM_4,3744,87,94
3229,minimum_down,94,101_STEAM_4,3745,91,94
3234,minimum_up,95,101_STEAM_4,3750,88,95
3235,minimum_down,95,101_STEAM_4,3751,92,95
3240,minimum_up,96,101_STEAM_4,3756,89,96
3241,minimum_down,96,101_STEAM_4,3757,93,96
3246,minimum_up,97,101_STEAM_4,3762,90,97
3247,minimum_down,97,101_STEAM_4,3763,94,97
3252,minimum_up,98,101_STEAM_4,3768,91,98
3253,minimum_down,98,101_STEAM_4,3769,95,98
3258,minimum_up,99,101_STEAM_4,3774,92,99
3259,minimum_down,99,101_STEAM_4,3775,96,99
3264,minimum_up,100,101_STEAM_4,3780,93,100
3265,minimum_down,100,101_STEAM_4,3781,97,100
3270,minimum_up,101,101_STEAM_4,3786,94,101
3271,minimum_down,101,101_STEAM_4,3787,98,101
3276,minimum_up,102,101_STEAM_4,3792,95,102
3277,minimum_down,102,101_STEAM_4,3793,99,102
3282,minimum_up,103,101_STEAM_4,3798,96,103
3283,minimum_down,103,101_STEAM_4,3799,100,103
3288,minimum_up,104,101_STEAM_4,3804,97,104
3289,minimum_down,104,101_STEAM_4,3805,101,104
3294,minimum_up,105,101_STEAM_4,3810,98,105
3295,minimum_down,105,101_STEAM_4,3811,102,105
3300,minimum_up,106,101_STEAM_4,3816,99,106
3301,minimum_down,106,101_STEAM_4,3817,103,106
3306,minimum_up,107,101_STEAM_4,3822,100,107
3307,minimum_down,107,101_STEAM_4,3823,104,107
3312,minimum_up,108,101_STEAM_4,3828,101,108
3313,minimum_down,108,101_STEAM_4,3829,105,108
3318,minimum_up,109,101_STEAM_4,3834,102,109
3319,minimum_down,109,101_STEAM_4,3835,106,109
3324,minimum_up,110,101_STEAM_4,3840,103,110
3325,minimum_down,110,101_STEAM_4,3841,107,110
3330,minimum_up,111,101_STEAM_4,3846,104,111
3331,minimum_down,111,101_STEAM_4,3847,108,111
3336,minimum_up,112,101_STEAM_4,3852,105,112
3337,minimum_down,112,101_STEAM_4,3853,109,112
3342,minimum_up,113,101_STEAM_4,3858,106,113
3343,minimum_down,113,101_STEAM_4,3859,110,113
3348,minimum_up,114,101_STEAM_4,3864,107,114
3349,minimum_down,114,101_STEAM_4,3865,111,114
3354,minimum_up,115,101_STEAM_4,3870,108,115
3355,minimum_down,115,101_STEAM_4,3871,112,115
3360,minimum_up,116,101_STEAM_4,3876,109,116
3361,minimum_down,116,101_STEAM_4,3877,113,116
3366,minimum_up,117,101_STEAM_4,3882,110,117
3367,minimum_down,117,101_STEAM_4,3883,114,117
3372,minimum_up,118,101_STEAM_4,3888,111,118
3373,minimum_down,118,101_STEAM_4,3889,115,118
3378,minimum_up,119,101_STEAM_4,3894,112,119
3379,minimum_down,119,101_STEAM_4,3895,116,119
3384,minimum_up,120,101_STEAM_4,3900,113,120
3385,minimum_down,120,101_STEAM_4,3901,117,120
3390,minimum_up,121,101_STEAM_4,3906,114,121
3391,minimum_down,121,101_STEAM_4,3907,118,121
3396,minimum_up,122,101_STEAM_4,3912,115,122
3397,minimum_down,122,101_STEAM_4,3913,119,122
3402,minimum_up,123,101_STEAM_4,3918,116,123
3403,minimum_down,123,101_STEAM_4,3919,120,123
3408,minimum_up,124,101_STEAM_4,3924,117,124
3409,minimum_down,124,101_STEAM_4,3925,121,124
3414,minimum_up,125,101_STEAM_4,3930,118,125
3415,minimum_down,125,101_STEAM_4,3931,122,125
3420,minimum_up,126,101_STEAM_4,3936,119,126
3421,minimum_down,126,101_STEAM_4,3937,123,126
3426,minimum_up,127,101_STEAM_4,3942,120,127
3427,minimum_down,127,101_STEAM_4,3943,124,127
3432,minimum_up,128,101_STEAM_4,3948,121,128
3433,minimum_down,128,101_STEAM_4,3949,125,128
3438,minimum_up,129,101_STEAM_4,3954,122,129
3439,minimum_down,129,101_STEAM_4,3955,126,129
3444,minimum_up,130,101_STEAM_4,3960,123,130
3445,minimum_down,130,101_STEAM_4,3961,127,130
3450,minimum_up,131,101_STEAM_4,3966,124,131
3451,minimum_down,131,101_STEAM_4,3967,128,131
3742,minimum_up,36,102_CT_1,4400,36,36
3743,minimum_down,36,102_CT_1,4401,36,36
3748,minimum_up,37,102_CT_1,4406,37,37
3749,minimum_down,37,102_CT_1,4407,37,37
3754,minimum_up,38,102_CT_1,4412,38,38
3755,minimum_down,38,102_CT_1,4413,38,38
3760,minimum_up,39,102_CT_1,4418,39,39
3761,minimum_down,39,102_CT_1,4419,39,39
3766,minimum_up,40,102_CT_1,4424,40,40
3767,minimum_down,40,102_CT_1,4425,40,40
3772,minimum_up,41,102_CT_1,4430,41,41
3773,minimum_down,41,102_CT_1,4431,41,41
3778,minimum_up,42,102_CT_1,4436,42,42
3779,minimum_down,42,102_CT_1,4437,42,42
3784,minimum_up,43,102_CT_1,4442,43,43
3785,minimum_down,43,102_CT_1,4443,43,43
3790,minimum_up,44,102_CT_1,4448,44,44
3791,minimum_down,44,102_CT_1,4449,44,44
3796,minimum_up,45,102_CT_1,4454,45,45
3797,minimum_down,45,102_CT_1,4455,45,45
3802,minimum_up,46,102_CT_1,4460,46,46
3803,minimum_down,46,102_CT_1,4461,46,46
3808,minimum_up,47,102_CT_1,4466,47,47
3809,minimum_down,47,102_CT_1,4467,47,47
3814,minimum_up,48,102_CT_1,4472,48,48
3815,minimum_down,48,102_CT_1,4473,48,48
3820,minimum_up,49,102_CT_1,4478,49,49
3821,minimum_down,49,102_CT_1,4479,49,49
3826,minimum_up,50,102_CT_1,4484,50,50
3827,minimum_down,50,102_CT_1,4485,50,50
3832,minimum_up,51,102_CT_1,4490,51,51
3833,minimum_down,51,102_CT_1,4491,51,51
3838,minimum_up,52,102_CT_1,4496,52,52
3839,minimum_down,52,102_CT_1,4497,52,52
3844,minimum_up,53,102_CT_1,4502,53,53
3845,minimum_down,53,102_CT_1,4503,53,53
3850,minimum_up,54,102_CT_1,4508,54,54
3851,minimum_down,54,102_CT_1,4509,54,54
3856,minimum_up,55,102_CT_1,4514,55,55
3857,minimum_down,55,102_CT_1,4515,55,55
3862,minimum_up,56,102_CT_1,4520,56,56
3863,minimum_down,56,102_CT_1,4521,56,56
3868,minimum_up,57,102_CT_1,4526,57,57
3869,minimum_down,57,102_CT_1,4527,57,57
3874,minimum_up,58,102_CT_1,4532,58,58
3875,minimum_down,58,102_CT_1,4533,58,58
3880,minimum_up,59,102_CT_1,4538,59,59
3881,minimum_down,59,102_CT_1,4539,59,59
3886,minimum_up,60,102_CT_1,4544,60,60
3887,minimum_down,60,102_CT_1,4545,60,60
3892,minimum_up,61,102_CT_1,4550,61,61
3893,minimum_down,61,102_CT_1,4551,61,61
3898,minimum_up,62,102_CT_1,4556,62,62
3899,minimum_down,62,102_CT_1,4557,62,62
3904,minimum_up,63,102_CT_1,4562,63,63
3905,minimum_down,63,102_CT_1,4563,63,63
3910,minimum_up,64,102_CT_1,4568,64,64
3911,minimum_down,64,102_CT_1,4569,64,64
3916,minimum_up,65,102_CT_1,4574,65,65
3917,minimum_down,65,102_CT_1,4575,65,65
3922,minimum_up,66,102_CT_1,4580,66,66
3923,minimum_down,66,102_CT_1,4581,66,66
3928,minimum_up,67,102_CT_1,4586,67,67
3929,minimum_down,67,102_CT_1,4587,67,67
3934,minimum_up,68,102_CT_1,4592,68,68
3935,minimum_down,68,102_CT_1,4593,68,68
3940,minimum_up,69,102_CT_1,4598,69,69
3941,minimum_down,69,102_CT_1,4599,69,69
3946,minimum_up,70,102_CT_1,4604,70,70
3947,minimum_down,70,102_CT_1,4605,70,70
3952,minimum_up,71,102_CT_1,4610,71,71
3953,minimum_down,71,102_CT_1,4611,71,71
3958,minimum_up,72,102_CT_1,4616,72,72
3959,minimum_down,72,102_CT_1,4617,72,72
3964,minimum_up,73,102_CT_1,4622,73,73
3965,minimum_down,73,102_CT_1,4623,73,73
3970,minimum_up,74,102_CT_1,4628,74,74
3971,minimum_down,74,102_CT_1,4629,74,74
3976,minimum_up,75,102_CT_1,4634,75,75
3977,minimum_down,75,102_CT_1,4635,75,75
3982,minimum_up,76,102_CT_1,4640,76,76
3983,minimum_down,76,102_CT_1,4641,76,76
3988,minimum_up,77,102_CT_1,4646,77,77
3989,minimum_down,77,102_CT_1,4647,77,77
3994,minimum_up,78,102_CT_1,4652,78,78
3995,minimum_down,78,102_CT_1,4653,78,78
4000,minimum_up,79,102_CT_1,4658,79,79
4001,minimum_down,79,102_CT_1,4659,79,79
4006,minimum_up,80,102_CT_1,4664,80,80
4007,minimum_down,80,102_CT_1,4665,80,80
4012,minimum_up,81,102_CT_1,4670,81,81
4013,minimum_down,81,102_CT_1,4671,81,81
4018,minimum_up,82,102_CT_1,4676,82,82
4019,minimum_down,82,102_CT_1,4677,82,82
4024,minimum_up,83,102_CT_1,4682,83,83
4025,minimum_down,83,102_CT_1,4683,83,83
4030,minimum_up,84,102_CT_1,4688,84,84
4031,minimum_down,84,102_CT_1,4689,84,84
4036,minimum_up,85,102_CT_1,4694,85,85
4037,minimum_down,85,102_CT_1,4695,85,85
4042,minimum_up,86,102_CT_1,4700,86,86
4043,minimum_down,86,102_CT_1,4701,86,86
4048,minimum_up,87,102_CT_1,4706,87,87
4049,minimum_down,87,102_CT_1,4707,87,87
4054,minimum_up,88,102_CT_1,4712,88,88
4055,minimum_down,88,102_CT_1,4713,88,88
4060,minimum_up,89,102_CT_1,4718,89,89
4061,minimum_down,89,102_CT_1,4719,89,89
4066,minimum_up,90,102_CT_1,4724,90,90
4067,minimum_down,90,102_CT_1,4725,90,90
4072,minimum_up,91,102_CT_1,4730,91,91
4073,minimum_down,91,102_CT_1,4731,91,91
4078,minimum_up,92,102_CT_1,4736,92,92
4079,minimum_down,92,102_CT_1,4737,92,92
4084,minimum_up,93,102_CT_1,4742,93,93
4085,minimum_down,93,102_CT_1,4743,93,93
4090,minimum_up,94,102_CT_1,4748,94,94
4091,minimum_down,94,102_CT_1,4749,94,94
4096,minimum_up,95,102_CT_1,4754,95,95
4097,minimum_down,95,102_CT_1,4755,95,95
4102,minimum_up,96,102_CT_1,4760,96,96
4103,minimum_down,96,102_CT_1,4761,96,96
4108,minimum_up,97,102_CT_1,4766,97,97
4109,minimum_down,97,102_CT_1,4767,97,97
4114,minimum_up,98,102_CT_1,4772,98,98
4115,minimum_down,98,102_CT_1,4773,98,98
4120,minimum_up,99,102_CT_1,4778,99,99
4121,minimum_down,99,102_CT_1,4779,99,99
4126,minimum_up,100,102_CT_1,4784,100,100
4127,minimum_down,100,102_CT_1,4785,100,100
4132,minimum_up,101,102_CT_1,4790,101,101
4133,minimum_down,101,102_CT_1,4791,101,101
4138,minimum_up,102,102_CT_1,4796,102,102
4139,minimum_down,102,102_CT_1,4797,102,102
4144,minimum_up,103,102_CT_1,4802,103,103
4145,minimum_down,103,102_CT_1,4803,103,103
4150,minimum_up,104,102_CT_1,4808,104,104
4151,minimum_down,104,102_CT_1,4809,104,104
4156,minimum_up,105,102_CT_1,4814,105,105
4157,minimum_down,105,102_CT_1,4815,105,105
4162,minimum_up,106,102_CT_1,4820,106,106
4163,minimum_down,106,102_CT_1,4821,106,106
4168,minimum_up,107,102_CT_1,4826,107,107
4169,minimum_down,107,102_CT_1,4827,107,107
4174,minimum_up,108,102_CT_1,4832,108,108
4175,minimum_down,108,102_CT_1,4833,108,108
4180,minimum_up,109,102_CT_1,4838,109,109
4181,minimum_down,109,102_CT_1,4839,109,109
4186,minimum_up,110,102_CT_1,4844,110,110
4187,minimum_down,110,102_CT_1,4845,110,110
4192,minimum_up,111,102_CT_1,4850,111,111
4193,minimum_down,111,102_CT_1,4851,111,111
4198,minimum_up,112,102_CT_1,4856,112,112
4199,minimum_down,112,102_CT_1,4857,112,112
4204,minimum_up,113,102_CT_1,4862,113,113
4205,minimum_down,113,102_CT_1,4863,113,113
4210,minimum_up,114,102_CT_1,4868,114,114
4211,minimum_down,114,102_CT_1,4869,114,114
4216,minimum_up,115,102_CT_1,4874,115,115
4217,minimum_down,115,102_CT_1,4875,115,115
4222,minimum_up,116,102_CT_1,4880,116,116
4223,minimum_down,116,102_CT_1,4881,116,116
4228,minimum_up,117,102_CT_1,4886,117,117
4229,minimum_down,117,102_CT_1,4887,117,117
4234,minimum_up,118,102_CT_1,4892,118,118
4235,minimum_down,118,102_CT_1,4893,118,118
4240,minimum_up,119,102_CT_1,4898,119,119
4241,minimum_down,119,102_CT_1,4899,119,119
4246,minimum_up,120,102_CT_1,4904,120,120
4247,minimum_down,120,102_CT_1,4905,120,120
4252,minimum_up,121,102_CT_1,4910,121,121
4253,minimum_down,121,102_CT_1,4911,121,121
4258,minimum_up,122,102_CT_1,4916,122,122
4259,minimum_down,122,102_CT_1,4917,122,122
4264,minimum_up,123,102_CT_1,4922,123,123
4265,minimum_down,123,102_CT_1,4923,123,123
4270,minimum_up,124,102_CT_1,4928,124,124
4271,minimum_down,124,102_CT_1,4929,124,124
4276,minimum_up,125,102_CT_1,4934,125,125
4277,minimum_down,125,102_CT_1,4935,125,125
4282,minimum_up,126,102_CT_1,4940,126,126
4283,minimum_down,126,102_CT_1,4941,126,126
4288,minimum_up,127,102_CT_1,4946,127,127
4289,minimum_down,127,102_CT_1,4947,127,127
4294,minimum_up,128,102_CT_1,4952,128,128
4295,minimum_down,128,102_CT_1,4953,128,128
4300,minimum_up,129,102_CT_1,4958,129,129
4301,minimum_down,129,102_CT_1,4959,129,129
4306,minimum_up,130,102_CT_1,4964,130,130
4307,minimum_down,130,102_CT_1,4965,130,130
4312,minimum_up,131,102_CT_1,4970,131,131
4313,minimum_down,131,102_CT_1,4971,131,131
4604,minimum_up,36,102_CT_2,5404,36,36
4605,minimum_down,36,102_CT_2,5405,36,36
4610,minimum_up,37,102_CT_2,5410,37,37
4611,minimum_down,37,102_CT_2,5411,37,37
4616,minimum_up,38,102_CT_2,5416,38,38
4617,minimum_down,38,102_CT_2,5417,38,38
4622,minimum_up,39,102_CT_2,5422,39,39
4623,minimum_down,39,102_CT_2,5423,39,39
4628,minimum_up,40,102_CT_2,5428,40,40
4629,minimum_down,40,102_CT_2,5429,40,40
4634,minimum_up,41,102_CT_2,5434,41,41
4635,minimum_down,41,102_CT_2,5435,41,41
4640,minimum_up,42,102_CT_2,5440,42,42
4641,minimum_down,42,102_CT_2,5441,42,42
4646,minimum_up,43,102_CT_2,5446,43,43
4647,minimum_down,43,102_CT_2,5447,43,43
4652,minimum_up,44,102_CT_2,5452,44,44
4653,minimum_down,44,102_CT_2,5453,44,44
4658,minimum_up,45,102_CT_2,5458,45,45
4659,minimum_down,45,102_CT_2,5459,45,45
4664,minimum_up,46,102_CT_2,5464,46,46
4665,minimum_down,46,102_CT_2,5465,46,46
4670,minimum_up,47,102_CT_2,5470,47,47
4671,minimum_down,47,102_CT_2,5471,47,47
4676,minimum_up,48,102_CT_2,5476,48,48
4677,minimum_down,48,102_CT_2,5477,48,48
4682,minimum_up,49,102_CT_2,5482,49,49
4683,minimum_down,49,102_CT_2,5483,49,49
4688,minimum_up,50,102_CT_2,5488,50,50
4689,minimum_down,50,102_CT_2,5489,50,50
4694,minimum_up,51,102_CT_2,5494,51,51
4695,minimum_down,51,102_CT_2,5495,51,51
4700,minimum_up,52,102_CT_2,5500,52,52
4701,minimum_down,52,102_CT_2,5501,52,52
4706,minimum_up,53,102_CT_2,5506,53,53
4707,minimum_down,53,102_CT_2,5507,53,53
4712,minimum_up,54,102_CT_2,5512,54,54
4713,minimum_down,54,102_CT_2,5513,54,54
4718,minimum_up,55,102_CT_2,5518,55,55
4719,minimum_down,55,102_CT_2,5519,55,55
4724,minimum_up,56,102_CT_2,5524,56,56
4725,minimum_down,56,102_CT_2,5525,56,56
4730,minimum_up,57,102_CT_2,5530,57,57
4731,minimum_down,57,102_CT_2,5531,57,57
4736,minimum_up,58,102_CT_2,5536,58,58
4737,minimum_down,58,102_CT_2,5537,58,58
4742,minimum_up,59,102_CT_2,5542,59,59
4743,minimum_down,59,102_CT_2,5543,59,59
4748,minimum_up,60,102_CT_2,5548,60,60
4749,minimum_down,60,102_CT_2,5549,60,60
4754,minimum_up,61,102_CT_2,5554,61,61
4755,minimum_down,61,102_CT_2,5555,61,61
4760,minimum_up,62,102_CT_2,5560,62,62
4761,minimum_down,62,102_CT_2,5561,62,62
4766,minimum_up,63,102_CT_2,5566,63,63
4767,minimum_down,63,102_CT_2,5567,63,63
4772,minimum_up,64,102_CT_2,5572,64,64
4773,minimum_down,64,102_CT_2,5573,64,64
4778,minimum_up,65,102_CT_2,5578,65,65
4779,minimum_down,65,102_CT_2,5579,65,65
4784,minimum_up,66,102_CT_2,5584,66,66
4785,minimum_down,66,102_CT_2,5585,66,66
4790,minimum_up,67,102_CT_2,5590,67,67
4791,minimum_down,67,102_CT_2,5591,67,67
4796,minimum_up,68,102_CT_2,5596,68,68
4797,minimum_down,68,102_CT_2,5597,68,68
4802,minimum_up,69,102_CT_2,5602,69,69
4803,minimum_down,69,102_CT_2,5603,69,69
4808,minimum_up,70,102_CT_2,5608,70,70
4809,minimum_down,70,102_CT_2,5609,70,70
4814,minimum_up,71,102_CT_2,5614,71,71
4815,minimum_down,71,102_CT_2,5615,71,71
4820,minimum_up,72,102_CT_2,5620,72,72
4821,minimum_down,72,102_CT_2,5621,72,72
4826,minimum_up,73,102_CT_2,5626,73,73
4827,minimum_down,73,102_CT_2,5627,73,73
4832,minimum_up,74,102_CT_2,5632,74,74
4833,minimum_down,74,102_CT_2,5633,74,74
4838,minimum_up,75,102_CT_2,5638,75,75
4839,minimum_down,75,102_CT_2,5639,75,75
4844,minimum_up,76,102_CT_2,5644,76,76
4845,minimum_down,76,102_CT_2,5645,76,76
4850,minimum_up,77,102_CT_2,5650,77,77
4851,minimum_down,77,102_CT_2,5651,77,77
4856,minimum_up,78,102_CT_2,5656,78,78
4857,minimum_down,78,102_CT_2,5657,78,78
4862,minimum_up,79,102_CT_2,5662,79,79
4863,minimum_down,79,102_CT_2,5663,79,79
4868,minimum_up,80,102_CT_2,5668,80,80
4869,minimum_down,80,102_CT_2,5669,80,80
4874,minimum_up,81,102_CT_2,5674,81,81
4875,minimum_down,81,102_CT_2,5675,81,81
4880,minimum_up,82,102_CT_2,5680,82,82
4881,minimum_down,82,102_CT_2,5681,82,82
4886,minimum_up,83,102_CT_2,5686,83,83
4887,minimum_down,83,102_CT_2,5687,83,83
4892,minimum_up,84,102_CT_2,5692,84,84
4893,minimum_down,84,102_CT_2,5693,84,84
4898,minimum_up,85,102_CT_2,5698,85,85
4899,minimum_down,85,102_CT_2,5699,85,85
4904,minimum_up,86,102_CT_2,5704,86,86
4905,minimum_down,86,102_CT_2,5705,86,86
4910,minimum_up,87,102_CT_2,5710,87,87
4911,minimum_down,87,102_CT_2,5711,87,87
4916,minimum_up,88,102_CT_2,5716,88,88
4917,minimum_down,88,102_CT_2,5717,88,88
4922,minimum_up,89,102_CT_2,5722,89,89
4923,minimum_down,89,102_CT_2,5723,89,89
4928,minimum_up,90,102_CT_2,5728,90,90
4929,minimum_down,90,102_CT_2,5729,90,90
4934,minimum_up,91,102_CT_2,5734,91,91
4935,minimum_down,91,102_CT_2,5735,91,91
4940,minimum_up,92,102_CT_2,5740,92,92
4941,minimum_down,92,102_CT_2,5741,92,92
4946,minimum_up,93,102_CT_2,5746,93,93
4947,minimum_down,93,102_CT_2,5747,93,93
4952,minimum_up,94,102_CT_2,5752,94,94
4953,minimum_down,94,102_CT_2,5753,94,94
4958,minimum_up,95,102_CT_2,5758,95,95
4959,minimum_down,95,102_CT_2,5759,95,95
4964,minimum_up,96,102_CT_2,5764,96,96
4965,minimum_down,96,102_CT_2,5765,96,96
4970,minimum_up,97,102_CT_2,5770,97,97
4971,minimum_down,97,102_CT_2,5771,97,97
4976,minimum_up,98,102_CT_2,5776,98,98
4977,minimum_down,98,102_CT_2,5777,98,98
4982,minimum_up,99,102_CT_2,5782,99,99
4983,minimum_down,99,102_CT_2,5783,99,99
4988,minimum_up,100,102_CT_2,5788,100,100
4989,minimum_down,100,102_CT_2,5789,100,100
4994,minimum_up,101,102_CT_2,5794,101,101
4995,minimum_down,101,102_CT_2,5795,101,101
5000,minimum_up,102,102_CT_2,5800,102,102
5001,minimum_down,102,102_CT_2,5801,102,102
5006,minimum_up,103,102_CT_2,5806,103,103
5007,minimum_down,103,102_CT_2,5807,103,103
5012,minimum_up,104,102_CT_2,5812,104,104
5013,minimum_down,104,102_CT_2,5813,104,104
5018,minimum_up,105,102_CT_2,5818,105,105
5019,minimum_down,105,102_CT_2,5819,105,105
5024,minimum_up,106,102_CT_2,5824,106,106
5025,minimum_down,106,102_CT_2,5825,106,106
5030,minimum_up,107,102_CT_2,5830,107,107
5031,minimum_down,107,102_CT_2,5831,107,107
5036,minimum_up,108,102_CT_2,5836,108,108
5037,minimum_down,108,102_CT_2,5837,108,108
5042,minimum_up,109,102_CT_2,5842,109,109
5043,minimum_down,109,102_CT_2,5843,109,109
5048,minimum_up,110,102_CT_2,5848,110,110
5049,minimum_down,110,102_CT_2,5849,110,110
5054,minimum_up,111,102_CT_2,5854,111,111
5055,minimum_down,111,102_CT_2,5855,111,111
5060,minimum_up,112,102_CT_2,5860,112,112
5061,minimum_down,112,102_CT_2,5861,112,112
5066,minimum_up,113,102_CT_2,5866,113,113
5067,minimum_down,113,102_CT_2,5867,113,113
5072,minimum_up,114,102_CT_2,5872,114,114
5073,minimum_down,114,102_CT_2,5873,114,114
5078,minimum_up,115,102_CT_2,5878,115,115
5079,minimum_down,115,102_CT_2,5879,115,115
5084,minimum_up,116,102_CT_2,5884,116,116
5085,minimum_down,116,102_CT_2,5885,116,116
5090,minimum_up,117,102_CT_2,5890,117,117
5091,minimum_down,117,102_CT_2,5891,117,117
5096,minimum_up,118,102_CT_2,5896,118,118
5097,minimum_down,118,102_CT_2,5897,118,118
5102,minimum_up,119,102_CT_2,5902,119,119
5103,minimum_down,119,102_CT_2,5903,119,119
5108,minimum_up,120,102_CT_2,5908,120,120
5109,minimum_down,120,102_CT_2,5909,120,120
5114,minimum_up,121,102_CT_2,5914,121,121
5115,minimum_down,121,102_CT_2,5915,121,121
5120,minimum_up,122,102_CT_2,5920,122,122
5121,minimum_down,122,102_CT_2,5921,122,122
5126,minimum_up,123,102_CT_2,5926,123,123
5127,minimum_down,123,102_CT_2,5927,123,123
5132,minimum_up,124,102_CT_2,5932,124,124
5133,minimum_down,124,102_CT_2,5933,124,124
5138,minimum_up,125,102_CT_2,5938,125,125
5139,minimum_down,125,102_CT_2,5939,125,125
5144,minimum_up,126,102_CT_2,5944,126,126
5145,minimum_down,126,102_CT_2,5945,126,126
5150,minimum_up,127,102_CT_2,5950,127,127
5151,minimum_down,127,102_CT_2,5951,127,127
5156,minimum_up,128,102_CT_2,5956,128,128
5157,minimum_down,128,102_CT_2,5957,128,128
5162,minimum_up,129,102_CT_2,5962,129,129
5163,minimum_down,129,102_CT_2,5963,129,129
5168,minimum_up,130,102_CT_2,5968,130,130
5169,minimum_down,130,102_CT_2,5969,130,130
5174,minimum_up,131,102_CT_2,5974,131,131
5175,minimum_down,131,102_CT_2,5975,131,131
5478,minimum_down,39,102_STEAM_3,6427,36,39
5483,minimum_down,40,102_STEAM_3,6433,37,40
5488,minimum_down,41,102_STEAM_3,6439,38,41
5493,minimum_down,42,102_STEAM_3,6445,39,42
5498,minimum_up,43,102_STEAM_3,6450,36,43
5499,minimum_down,43,102_STEAM_3,6451,40,43
5504,minimum_up,44,102_STEAM_3,6456,37,44
5505,minimum_down,44,102_STEAM_3,6457,41,44
5510,minimum_up,45,102_STEAM_3,6462,38,45
5511,minimum_down,45,102_STEAM_3,6463,42,45
5516,minimum_up,46,102_STEAM_3,6468,39,46
5517,minimum_down,46,102_STEAM_3,6469,43,46
5522,minimum_up,47,102_STEAM_3,6474,40,47
5523,minimum_down,47,102_STEAM_3,6475,44,47
5528,minimum_up,48,102_STEAM_3,6480,41,48
5529,minimum_down,48,102_STEAM_3,6481,45,48
5534,minimum_up,49,102_STEAM_3,6486,42,49
5535,minimum_down,49,102_STEAM_3,6487,46,49
5540,minimum_up,50,102_STEAM_3,6492,43,50
5541,minimum_down,50,102_STEAM_3,6493,47,50
5546,minimum_up,51,102_STEAM_3,6498,44,51
5547,minimum_down,51,102_STEAM_3,6499,48,51
5552,minimum_up,52,102_STEAM_3,6504,45,52
5553,minimum_down,52,102_STEAM_3,6505,49,52
5558,minimum_up,53,102_STEAM_3,6510,46,53
5559,minimum_down,53,102_STEAM_3,6511,50,53
5564,minimum_up,54,102_STEAM_3,6516,47,54
5565,minimum_down,54,102_STEAM_3,6517,51,54
5570,minimum_up,55,102_STEAM_3,6522,48,55
5571,minimum_down,55,102_STEAM_3,6523,52,55
5576,minimum_up,56,102_STEAM_3,6528,49,56
5577,minimum_down,56,102_STEAM_3,6529,53,56
5582,minimum_up,57,102_STEAM_3,6534,50,57
5583,minimum_down,57,102_STEAM_3,6535,54,57
5588,minimum_up,58,102_STEAM_3,6540,51,58
5589,minimum_down,58,102_STEAM_3,6541,55,58
5594,minimum_up,59,102_STEAM_3,6546,52,59
5595,minimum_down,59,102_STEAM_3,6547,56,59
5600,minimum_up,60,102_STEAM_3,6552,53,60
5601,minimum_down,60,102_STEAM_3,6553,57,60
5606,minimum_up,61,102_STEAM_3,6558,54,61
5607,minimum_down,61,102_STEAM_3,6559,58,61
5612,minimum_up,62,102_STEAM_3,6564,55,62
5613,minimum_down,62,102_STEAM_3,6565,59,62
5618,minimum_up,63,102_STEAM_3,6570,56,63
5619,minimum_down,63,102_STEAM_3,6571,60,63
5624,minimum_up,64,102_STEAM_3,6576,57,64
5625,minimum_down,64,102_STEAM_3,6577,61,64
5630,minimum_up,65,102_STEAM_3,6582,58,65
5631,minimum_down,65,102_STEAM_3,6583,62,65
5636,minimum_up,66,102_STEAM_3,6588,59,66
5637,minimum_down,66,102_STEAM_3,6589,63,66
5642,minimum_up,67,102_STEAM_3,6594,60,67
5643,minimum_down,67,102_STEAM_3,6595,64,67
5648,minimum_up,68,102_STEAM_3,6600,61,68
5649,minimum_down,68,102_STEAM_3,6601,65,68
5654,minimum_up,69,102_STEAM_3,6606,62,69
5655,minimum_down,69,102_STEAM_3,6607,66,69
5660,minimum_up,70,102_STEAM_3,6612,63,70
5661,minimum_down,70,102_STEAM_3,6613,67,70
5666,minimum_up,71,102_STEAM_3,6618,64,71
5667,minimum_down,71,102_STEAM_3,6619,68,71
5672,minimum_up,72,102_STEAM_3,6624,65,72
5673,minimum_down,72,102_STEAM_3,6625,69,72
5678,minimum_up,73,102_STEAM_3,6630,66,73
5679,minimum_down,73,102_STEAM_3,6631,70,73
5684,minimum_up,74,102_STEAM_3,6636,67,74
5685,minimum_down,74,102_STEAM_3,6637,71,74
5690,minimum_up,75,102_STEAM_3,6642,68,75
5691,minimum_down,75,102_STEAM_3,6643,72,75
5696,minimum_up,76,102_STEAM_3,6648,69,76
5697,minimum_down,76,102_STEAM_3,6649,73,76
5702,minimum_up,77,102_STEAM_3,6654,70,77
5703,minimum_down,77,102_STEAM_3,6655,74,77
5708,minimum_up,78,102_STEAM_3,6660,71,78
5709,minimum_down,78,102_STEAM_3,6661,75,78
5714,minimum_up,79,102_STEAM_3,6666,72,79
5715,minimum_down,79,102_STEAM_3,6667,76,79
5720,minimum_up,80,102_STEAM_3,6672,73,80
5721,minimum_down,80,102_STEAM_3,6673,77,80
5726,minimum_up,81,102_STEAM_3,6678,74,81
5727,minimum_down,81,102_STEAM_3,6679,78,81
5732,minimum_up,82,102_STEAM_3,6684,75,82
5733,minimum_down,82,102_STEAM_3,6685,79,82
5738,minimum_up,83,102_STEAM_3,6690,76,83
5739,minimum_down,83,102_STEAM_3,6691,80,83
5744,minimum_up,84,102_STEAM_3,6696,77,84
5745,minimum_down,84,102_STEAM_3,6697,81,84
5750,minimum_up,85,102_STEAM_3,6702,78,85
5751,minimum_down,85,102_STEAM_3,6703,82,85
5756,minimum_up,86,102_STEAM_3,6708,79,86
5757,minimum_down,86,102_STEAM_3,6709,83,86
5762,minimum_up,87,102_STEAM_3,6714,80,87
5763,minimum_down,87,102_STEAM_3,6715,84,87
5768,minimum_up,88,102_STEAM_3,6720,81,88
5769,minimum_down,88,102_STEAM_3,6721,85,88
5774,minimum_up,89,102_STEAM_3,6726,82,89
5775,minimum_down,89,102_STEAM_3,6727,86,89
5780,minimum_up,90,102_STEAM_3,6732,83,90
5781,minimum_down,90,102_STEAM_3,6733,87,90
5786,minimum_up,91,102_STEAM_3,6738,84,91
5787,minimum_down,91,102_STEAM_3,6739,88,91
5792,minimum_up,92,102_STEAM_3,6744,85,92
5793,minimum_down,92,102_STEAM_3,6745,89,92
5798,minimum_up,93,102_STEAM_3,6750,86,93
5799,minimum_down,93,102_STEAM_3,6751,90,93
5804,minimum_up,94,102_STEAM_3,6756,87,94
5805,minimum_down,94,102_STEAM_3,6757,91,94
5810,minimum_up,95,102_STEAM_3,6762,88,95
5811,minimum_down,95,102_STEAM_3,6763,92,95
5816,minimum_up,96,102_STEAM_3,6768,89,96
5817,minimum_down,96,102_STEAM_3,6769,93,96
5822,minimum_up,97,102_STEAM_3,6774,90,97
5823,minimum_down,97,102_STEAM_3,6775,94,97
5828,minimum_up,98,102_STEAM_3,6780,91,98
5829,minimum_down,98,102_STEAM_3,6781,95,98
5834,minimum_up,99,102_STEAM_3,6786,92,99
5835,minimum_down,99,102_STEAM_3,6787,96,99
5840,minimum_up,100,102_STEAM_3,6792,93,100
5841,minimum_down,100,102_STEAM_3,6793,97,100
5846,minimum_up,101,102_STEAM_3,6798,94,101
5847,minimum_down,101,102_STEAM_3,6799,98,101
5852,minimum_up,102,102_STEAM_3,6804,95,102
5853,minimum_down,102,102_STEAM_3,6805,99,102
5858,minimum_up,103,102_STEAM_3,6810,96,103
5859,minimum_down,103,102_STEAM_3,6811,100,103
5864,minimum_up,104,102_STEAM_3,6816,97,104
5865,minimum_down,104,102_STEAM_3,6817,101,104
5870,minimum_up,105,102_STEAM_3,6822,98,105
5871,minimum_down,105,102_STEAM_3,6823,102,105
5876,minimum_up,106,102_STEAM_3,6828,99,106
5877,minimum_down,106,102_STEAM_3,6829,103,106
5882,minimum_up,107,102_STEAM_3,6834,100,107
5883,minimum_down,107,102_STEAM_3,6835,104,107
5888,minimum_up,108,102_STEAM_3,6840,101,108
5889,minimum_down,108,102_STEAM_3,6841,105,108
5894,minimum_up,109,102_STEAM_3,6846,102,109
5895,minimum_down,109,102_STEAM_3,6847,106,109
5900,minimum_up,110,102_STEAM_3,6852,103,110
5901,minimum_down,110,102_STEAM_3,6853,107,110
5906,minimum_up,111,102_STEAM_3,6858,104,111
5907,minimum_down,111,102_STEAM_3,6859,108,111
5912,minimum_up,112,102_STEAM_3,6864,105,112
5913,minimum_down,112,102_STEAM_3,6865,109,112
5918,minimum_up,113,102_STEAM_3,6870,106,113
5919,minimum_down,113,102_STEAM_3,6871,110,113
5924,minimum_up,114,102_STEAM_3,6876,107,114
5925,minimum_down,114,102_STEAM_3,6877,111,114
5930,minimum_up,115,102_STEAM_3,6882,108,115
5931,minimum_down,115,102_STEAM_3,6883,112,115
5936,minimum_up,116,102_STEAM_3,6888,109,116
5937,minimum_down,116,102_STEAM_3,6889,113,116
5942,minimum_up,117,102_STEAM_3,6894,110,117
5943,minimum_down,117,102_STEAM_3,6895,114,117
5948,minimum_up,118,102_STEAM_3,6900,111,118
5949,minimum_down,118,102_STEAM_3,6901,115,118
5954,minimum_up,119,102_STEAM_3,6906,112,119
5955,minimum_down,119,102_STEAM_3,6907,116,119
5960,minimum_up,120,102_STEAM_3,6912,113,120
5961,minimum_down,120,102_STEAM_3,6913,117,120
5966,minimum_up,121,102_STEAM_3,6918,114,121
5967,minimum_down,121,102_STEAM_3,6919,118,121
5972,minimum_up,122,102_STEAM_3,6924,115,122
5973,minimum_down,122,102_STEAM_3,6925,119,122
5978,minimum_up,123,102_STEAM_3,6930,116,123
5979,minimum_down,123,102_STEAM_3,6931,120,123
5984,minimum_up,124,102_STEAM_3,6936,117,124
5985,minimum_down,124,102_STEAM_3,6937,121,124
5990,minimum_up,125,102_STEAM_3,6942,118,125
5991,minimum_down,125,102_STEAM_3,6943,122,125
5996,minimum_up,126,102_STEAM_3,6948,119,126
5997,minimum_down,126,102_STEAM_3,6949,123,126
6002,minimum_up,127,102_STEAM_3,6954,120,127
6003,minimum_down,127,102_STEAM_3,6955,124,127
6008,minimum_up,128,102_STEAM_3,6960,121,128
6009,minimum_down,128,102_STEAM_3,6961,125,128
6014,minimum_up,129,102_STEAM_3,6966,122,129
6015,minimum_down,129,102_STEAM_3,6967,126,129
6020,minimum_up,130,102_STEAM_3,6972,123,130
6021,minimum_down,130,102_STEAM_3,6973,127,130
6026,minimum_up,131,102_STEAM_3,6978,124,131
6027,minimum_down,131,102_STEAM_3,6979,128,131
6330,minimum_down,39,102_STEAM_4,7431,36,39
6335,minimum_down,40,102_STEAM_4,7437,37,40
6340,minimum_down,41,102_STEAM_4,7443,38,41
6345,minimum_down,42,102_STEAM_4,7449,39,42
6350,minimum_up,43,102_STEAM_4,7454,36,43
6351,minimum_down,43,102_STEAM_4,7455,40,43
6356,minimum_up,44,102_STEAM_4,7460,37,44
6357,minimum_down,44,102_STEAM_4,7461,41,44
6362,minimum_up,45,102_STEAM_4,7466,38,45
6363,minimum_down,45,102_STEAM_4,7467,42,45
6368,minimum_up,46,102_STEAM_4,7472,39,46
6369,minimum_down,46,102_STEAM_4,7473,43,46
6374,minimum_up,47,102_STEAM_4,7478,40,47
6375,minimum_down,47,102_STEAM_4,7479,44,47
6380,minimum_up,48,102_STEAM_4,7484,41,48
6381,minimum_down,48,102_STEAM_4,7485,45,48
6386,minimum_up,49,102_STEAM_4,7490,42,49
6387,minimum_down,49,102_STEAM_4,7491,46,49
6392,minimum_up,50,102_STEAM_4,7496,43,50
6393,minimum_down,50,102_STEAM_4,7497,47,50
6398,minimum_up,51,102_STEAM_4,7502,44,51
6399,minimum_down,51,102_STEAM_4,7503,48,51
6404,minimum_up,52,102_STEAM_4,7508,45,52
6405,minimum_down,52,102_STEAM_4,7509,49,52
6410,minimum_up,53,102_STEAM_4,7514,46,53
6411,minimum_down,53,102_STEAM_4,7515,50,53
6416,minimum_up,54,102_STEAM_4,7520,47,54
6417,minimum_down,54,102_STEAM_4,7521,51,54
6422,minimum_up,55,102_STEAM_4,7526,48,55
6423,minimum_down,55,102_STEAM_4,7527,52,55
6428,minimum_up,56,102_STEAM_4,7532,49,56
6429,minimum_down,56,102_STEAM_4,7533,53,56
6434,minimum_up,57,102_STEAM_4,7538,50,57
6435,minimum_down,57,102_STEAM_4,7539,54,57
6440,minimum_up,58,102_STEAM_4,7544,51,58
6441,minimum_down,58,102_STEAM_4,7545,55,58
6446,minimum_up,59,102_STEAM_4,7550,52,59
6447,minimum_down,59,102_STEAM_4,7551,56,59
6452,minimum_up,60,102_STEAM_4,7556,53,60
6453,minimum_down,60,102_STEAM_4,7557,57,60
6458,minimum_up,61,102_STEAM_4,7562,54,61
6459,minimum_down,61,102_STEAM_4,7563,58,61
6464,minimum_up,62,102_STEAM_4,7568,55,62
6465,minimum_down,62,102_STEAM_4,7569,59,62
6470,minimum_up,63,102_STEAM_4,7574,56,63
6471,minimum_down,63,102_STEAM_4,7575,60,63
6476,minimum_up,64,102_STEAM_4,7580,57,64
6477,minimum_down,64,102_STEAM_4,7581,61,64
6482,minimum_up,65,102_STEAM_4,7586,58,65
6483,minimum_down,65,102_STEAM_4,7587,62,65
6488,minimum_up,66,102_STEAM_4,7592,59,66
6489,minimum_down,66,102_STEAM_4,7593,63,66
6494,minimum_up,67,102_STEAM_4,7598,60,67
6495,minimum_down,67,102_STEAM_4,7599,64,67
6500,minimum_up,68,102_STEAM_4,7604,61,68
6501,minimum_down,68,102_STEAM_4,7605,65,68
6506,minimum_up,69,102_STEAM_4,7610,62,69
6507,minimum_down,69,102_STEAM_4,7611,66,69
6512,minimum_up,70,102_STEAM_4,7616,63,70
6513,minimum_down,70,102_STEAM_4,7617,67,70
6518,minimum_up,71,102_STEAM_4,7622,64,71
6519,minimum_down,71,102_STEAM_4,7623,68,71
6524,minimum_up,72,102_STEAM_4,7628,65,72
6525,minimum_down,72,102_STEAM_4,7629,69,72
6530,minimum_up,73,102_STEAM_4,7634,66,73
6531,minimum_down,73,102_STEAM_4,7635,70,73
6536,minimum_up,74,102_STEAM_4,7640,67,74
6537,minimum_down,74,102_STEAM_4,7641,71,74
6542,minimum_up,75,102_STEAM_4,7646,68,75
6543,minimum_down,75,102_STEAM_4,7647,72,75
6548,minimum_up,76,102_STEAM_4,7652,69,76
6549,minimum_down,76,102_STEAM_4,7653,73,76
6554,minimum_up,77,102_STEAM_4,7658,70,77
6555,minimum_down,77,102_STEAM_4,7659,74,77
6560,minimum_up,78,102_STEAM_4,7664,71,78
6561,minimum_down,78,102_STEAM_4,7665,75,78
6566,minimum_up,79,102_STEAM_4,7670,72,79
6567,minimum_down,79,102_STEAM_4,7671,76,79
6572,minimum_up,80,102_STEAM_4,7676,73,80
6573,minimum_down,80,102_STEAM_4,7677,77,80
6578,minimum_up,81,102_STEAM_4,7682,74,81
6579,minimum_down,81,102_STEAM_4,7683,78,81
6584,minimum_up,82,102_STEAM_4,7688,75,82
6585,minimum_down,82,102_STEAM_4,7689,79,82
6590,minimum_up,83,102_STEAM_4,7694,76,83
6591,minimum_down,83,102_STEAM_4,7695,80,83
6596,minimum_up,84,102_STEAM_4,7700,77,84
6597,minimum_down,84,102_STEAM_4,7701,81,84
6602,minimum_up,85,102_STEAM_4,7706,78,85
6603,minimum_down,85,102_STEAM_4,7707,82,85
6608,minimum_up,86,102_STEAM_4,7712,79,86
6609,minimum_down,86,102_STEAM_4,7713,83,86
6614,minimum_up,87,102_STEAM_4,7718,80,87
6615,minimum_down,87,102_STEAM_4,7719,84,87
6620,minimum_up,88,102_STEAM_4,7724,81,88
6621,minimum_down,88,102_STEAM_4,7725,85,88
6626,minimum_up,89,102_STEAM_4,7730,82,89
6627,minimum_down,89,102_STEAM_4,7731,86,89
6632,minimum_up,90,102_STEAM_4,7736,83,90
6633,minimum_down,90,102_STEAM_4,7737,87,90
6638,minimum_up,91,102_STEAM_4,7742,84,91
6639,minimum_down,91,102_STEAM_4,7743,88,91
6644,minimum_up,92,102_STEAM_4,7748,85,92
6645,minimum_down,92,102_STEAM_4,7749,89,92
6650,minimum_up,93,102_STEAM_4,7754,86,93
6651,minimum_down,93,102_STEAM_4,7755,90,93
6656,minimum_up,94,102_STEAM_4,7760,87,94
6657,minimum_down,94,102_STEAM_4,7761,91,94
6662,minimum_up,95,102_STEAM_4,7766,88,95
6663,minimum_down,95,102_STEAM_4,7767,92,95
6668,minimum_up,96,102_STEAM_4,7772,89,96
6669,minimum_down,96,102_STEAM_4,7773,93,96
6674,minimum_up,97,102_STEAM_4,7778,90,97
6675,minimum_down,97,102_STEAM_4,7779,94,97
6680,minimum_up,98,102_STEAM_4,7784,91,98
6681,minimum_down,98,102_STEAM_4,7785,95,98
6686,minimum_up,99,102_STEAM_4,7790,92,99
6687,minimum_down,99,102_STEAM_4,7791,96,99
6692,minimum_up,100,102_STEAM_4,7796,93,100
6693,minimum_down,100,102_STEAM_4,7797,97,100
6698,minimum_up,101,102_STEAM_4,7802,94,101
6699,minimum_down,101,102_STEAM_4,7803,98,101
6704,minimum_up,102,102_STEAM_4,7808,95,102
6705,minimum_down,102,102_STEAM_4,7809,99,102
6710,minimum_up,103,102_STEAM_4,7814,96,103
6711,minimum_down,103,102_STEAM_4,7815,100,103
6716,minimum_up,104,102_STEAM_4,7820,97,104
6717,minimum_down,104,102_STEAM_4,7821,101,104
6722,minimum_up,105,102_STEAM_4,7826,98,105
6723,minimum_down,105,102_STEAM_4,7827,102,105
6728,minimum_up,106,102_STEAM_4,7832,99,106
6729,minimum_down,106,102_STEAM_4,7833,103,106
6734,minimum_up,107,102_STEAM_4,7838,100,107
6735,minimum_down,107,102_STEAM_4,7839,104,107
6740,minimum_up,108,102_STEAM_4,7844,101,108
6741,minimum_down,108,102_STEAM_4,7845,105,108
6746,minimum_up,109,102_STEAM_4,7850,102,109
6747,minimum_down,109,102_STEAM_4,7851,106,109
6752,minimum_up,110,102_STEAM_4,7856,103,110
6753,minimum_down,110,102_STEAM_4,7857,107,110
6758,minimum_up,111,102_STEAM_4,7862,104,111
6759,minimum_down,111,102_STEAM_4,7863,108,111
6764,minimum_up,112,102_STEAM_4,7868,105,112
6765,minimum_down,112,102_STEAM_4,7869,109,112
6770,minimum_up,113,102_STEAM_4,7874,106,113
6771,minimum_down,113,102_STEAM_4,7875,110,113
6776,minimum_up,114,102_STEAM_4,7880,107,114
6777,minimum_down,114,102_STEAM_4,7881,111,114
6782,minimum_up,115,102_STEAM_4,7886,108,115
6783,minimum_down,115,102_STEAM_4,7887,112,115
6788,minimum_up,116,102_STEAM_4,7892,109,116
6789,minimum_down,116,102_STEAM_4,7893,113,116
6794,minimum_up,117,102_STEAM_4,7898,110,117
6795,minimum_down,117,102_STEAM_4,7899,114,117
6800,minimum_up,118,102_STEAM_4,7904,111,118
6801,minimum_down,118,102_STEAM_4,7905,115,118
6806,minimum_up,119,102_STEAM_4,7910,112,119
6807,minimum_down,119,102_STEAM_4,7911,116,119
6812,minimum_up,120,102_STEAM_4,7916,113,120
6813,minimum_down,120,102_STEAM_4,7917,117,120
6818,minimum_up,121,102_STEAM_4,7922,114,121
6819,minimum_down,121,102_STEAM_4,7923,118,121
6824,minimum_up,122,102_STEAM_4,7928,115,122
6825,minimum_down,122,102_STEAM_4,7929,119,122
6830,minimum_up,123,102_STEAM_4,7934,116,123
6831,minimum_down,123,102_STEAM_4,7935,120,123
6836,minimum_up,124,102_STEAM_4,7940,117,124
6837,minimum_down,124,102_STEAM_4,7941,121,124
6842,minimum_up,125,102_STEAM_4,7946,118,125
6843,minimum_down,125,102_STEAM_4,7947,122,125
6848,minimum_up,126,102_STEAM_4,7952,119,126
6849,minimum_down,126,102_STEAM_4,7953,123,126
6854,minimum_up,127,102_STEAM_4,7958,120,127
6855,minimum_down,127,102_STEAM_4,7959,124,127
6860,minimum_up,128,102_STEAM_4,7964,121,128
6861,minimum_down,128,102_STEAM_4,7965,125,128
6866,minimum_up,129,102_STEAM_4,7970,122,129
6867,minimum_down,129,102_STEAM_4,7971,126,129
6872,minimum_up,130,102_STEAM_4,7976,123,130
6873,minimum_down,130,102_STEAM_4,7977,127,130
6878,minimum_up,131,102_STEAM_4,7982,124,131
6879,minimum_down,131,102_STEAM_4,7983,128,131
7186,minimum_down,40,107_CC_1,8441,36,40
7191,minimum_down,41,107_CC_1,8447,37,41
7196,minimum_down,42,107_CC_1,8453,38,42
7201,minimum_up,43,107_CC_1,8458,36,43
7202,minimum_down,43,107_CC_1,8459,39,43
7207,minimum_up,44,107_CC_1,8464,37,44
7208,minimum_down,44,107_CC_1,8465,40,44
7213,minimum_up,45,107_CC_1,8470,38,45
7214,minimum_down,45,107_CC_1,8471,41,45
7219,minimum_up,46,107_CC_1,8476,39,46
7220,minimum_down,46,107_CC_1,8477,42,46
7225,minimum_up,47,107_CC_1,8482,40,47
7226,minimum_down,47,107_CC_1,8483,43,47
7231,minimum_up,48,107_CC_1,8488,41,48
7232,minimum_down,48,107_CC_1,8489,44,48
7237,minimum_up,49,107_CC_1,8494,42,49
7238,minimum_down,49,107_CC_1,8495,45,49
7243,minimum_up,50,107_CC_1,8500,43,50
7244,minimum_down,50,107_CC_1,8501,46,50
7249,minimum_up,51,107_CC_1,8506,44,51
7250,minimum_down,51,107_CC_1,8507,47,51
7255,minimum_up,52,107_CC_1,8512,45,52
7256,minimum_down,52,107_CC_1,8513,48,52
7261,minimum_up,53,107_CC_1,8518,46,53
7262,minimum_down,53,107_CC_1,8519,49,53
7267,minimum_up,54,107_CC_1,8524,47,54
7268,minimum_down,54,107_CC_1,8525,50,54
7273,minimum_up,55,107_CC_1,8530,48,55
7274,minimum_down,55,107_CC_1,8531,51,55
7279,minimum_up,56,107_CC_1,8536,49,56
7280,minimum_down,56,107_CC_1,8537,52,56
7285,minimum_up,57,107_CC_1,8542,50,57
7286,minimum_down,57,107_CC_1,8543,53,57
7291,minimum_up,58,107_CC_1,8548,51,58
7292,minimum_down,58,107_CC_1,8549,54,58
7297,minimum_up,59,107_CC_1,8554,52,59
7298,minimum_down,59,107_CC_1,8555,55,59
7303,minimum_up,60,107_CC_1,8560,53,60
7304,minimum_down,60,107_CC_1,8561,56,60
7309,minimum_up,61,107_CC_1,8566,54,61
7310,minimum_down,61,107_CC_1,8567,57,61
7315,minimum_up,62,107_CC_1,8572,55,62
7316,minimum_down,62,107_CC_1,8573,58,62
7321,minimum_up,63,107_CC_1,8578,56,63
7322,minimum_down,63,107_CC_1,8579,59,63
7327,minimum_up,64,107_CC_1,8584,57,64
7328,minimum_down,64,107_CC_1,8585,60,64
7333,minimum_up,65,107_CC_1,8590,58,65
7334,minimum_down,65,107_CC_1,8591,61,65
7339,minimum_up,66,107_CC_1,8596,59,66
7340,minimum_down,66,107_CC_1,8597,62,66
7345,minimum_up,67,107_CC_1,8602,60,67
7346,minimum_down,67,107_CC_1,8603,63,67
7351,minimum_up,68,107_CC_1,8608,61,68
7352,minimum_down,68,107_CC_1,8609,64,68
7357,minimum_up,69,107_CC_1,8614,62,69
7358,minimum_down,69,107_CC_1,8615,65,69
7363,minimum_up,70,107_CC_1,8620,63,70
7364,minimum_down,70,107_CC_1,8621,66,70
7369,minimum_up,71,107_CC_1,8626,64,71
7370,minimum_down,71,107_CC_1,8627,67,71
7375,minimum_up,72,107_CC_1,8632,65,72
7376,minimum_down,72,107_CC_1,8633,68,72
7381,minimum_up,73,107_CC_1,8638,66,73
7382,minimum_down,73,107_CC_1,8639,69,73
7387,minimum_up,74,107_CC_1,8644,67,74
7388,minimum_down,74,107_CC_1,8645,70,74
7393,minimum_up,75,107_CC_1,8650,68,75
7394,minimum_down,75,107_CC_1,8651,71,75
7399,minimum_up,76,107_CC_1,8656,69,76
7400,minimum_down,76,107_CC_1,8657,72,76
7405,minimum_up,77,107_CC_1,8662,70,77
7406,minimum_down,77,107_CC_1,8663,73,77
7411,minimum_up,78,107_CC_1,8668,71,78
7412,minimum_down,78,107_CC_1,8669,74,78
7417,minimum_up,79,107_CC_1,8674,72,79
7418,minimum_down,79,107_CC_1,8675,75,79
7423,minimum_up,80,107_CC_1,8680,73,80
7424,minimum_down,80,107_CC_1,8681,76,80
7429,minimum_up,81,107_CC_1,8686,74,81
7430,minimum_down,81,107_CC_1,8687,77,81
7435,minimum_up,82,107_CC_1,8692,75,82
7436,minimum_down,82,107_CC_1,8693,78,82
7441,minimum_up,83,107_CC_1,8698,76,83
7442,minimum_down,83,107_CC_1,8699,79,83
7447,minimum_up,84,107_CC_1,8704,77,84
7448,minimum_down,84,107_CC_1,8705,80,84
7453,minimum_up,85,107_CC_1,8710,78,85
7454,minimum_down,85,107_CC_1,8711,81,85
7459,minimum_up,86,107_CC_1,8716,79,86
7460,minimum_down,86,107_CC_1,8717,82,86
7465,minimum_up,87,107_CC_1,8722,80,87
7466,minimum_down,87,107_CC_1,8723,83,87
7471,minimum_up,88,107_CC_1,8728,81,88
7472,minimum_down,88,107_CC_1,8729,84,88
7477,minimum_up,89,107_CC_1,8734,82,89
7478,minimum_down,89,107_CC_1,8735,85,89
7483,minimum_up,90,107_CC_1,8740,83,90
7484,minimum_down,90,107_CC_1,8741,86,90
7489,minimum_up,91,107_CC_1,8746,84,91
7490,minimum_down,91,107_CC_1,8747,87,91
7495,minimum_up,92,107_CC_1,8752,85,92
7496,minimum_down,92,107_CC_1,8753,88,92
7501,minimum_up,93,107_CC_1,8758,86,93
7502,minimum_down,93,107_CC_1,8759,89,93
7507,minimum_up,94,107_CC_1,8764,87,94
7508,minimum_down,94,107_CC_1,8765,90,94
7513,minimum_up,95,107_CC_1,8770,88,95
7514,minimum_down,95,107_CC_1,8771,91,95
7519,minimum_up,96,107_CC_1,8776,89,96
7520,minimum_down,96,107_CC_1,8777,92,96
7525,minimum_up,97,107_CC_1,8782,90,97
7526,minimum_down,97,107_CC_1,8783,93,97
7531,minimum_up,98,107_CC_1,8788,91,98
7532,minimum_down,98,107_CC_1,8789,94,98
7537,minimum_up,99,107_CC_1,8794,92,99
7538,minimum_down,99,107_CC_1,8795,95,99
7543,minimum_up,100,107_CC_1,8800,93,100
7544,minimum_down,100,107_CC_1,8801,96,100
7549,minimum_up,101,107_CC_1,8806,94,101
7550,minimum_down,101,107_CC_1,8807,97,101
7555,minimum_up,102,107_CC_1,8812,95,102
7556,minimum_down,102,107_CC_1,8813,98,102
7561,minimum_up,103,107_CC_1,8818,96,103
7562,minimum_down,103,107_CC_1,8819,99,103
7567,minimum_up,104,107_CC_1,8824,97,104
7568,minimum_down,104,107_CC_1,8825,100,104
7573,minimum_up,105,107_CC_1,8830,98,105
7574,minimum_down,105,107_CC_1,8831,101,105
7579,minimum_up,106,107_CC_1,8836,99,106
7580,minimum_down,106,107_CC_1,8837,102,106
7585,minimum_up,107,107_CC_1,8842,100,107
7586,minimum_down,107,107_CC_1,8843,103,107
7591,minimum_up,108,107_CC_1,8848,101,108
7592,minimum_down,108,107_CC_1,8849,104,108
7597,minimum_up,109,107_CC_1,8854,102,109
7598,minimum_down,109,107_CC_1,8855,105,109
7603,minimum_up,110,107_CC_1,8860,103,110
7604,minimum_down,110,107_CC_1,8861,106,110
7609,minimum_up,111,107_CC_1,8866,104,111
7610,minimum_down,111,107_CC_1,8867,107,111
7615,minimum_up,112,107_CC_1,8872,105,112
7616,minimum_down,112,107_CC_1,8873,108,112
7621,minimum_up,113,107_CC_1,8878,106,113
7622,minimum_down,113,107_CC_1,8879,109,113
7627,minimum_up,114,107_CC_1,8884,107,114
7628,minimum_down,114,107_CC_1,8885,110,114
7633,minimum_up,115,107_CC_1,8890,108,115
7634,minimum_down,115,107_CC_1,8891,111,115
7639,minimum_up,116,107_CC_1,8896,109,116
7640,minimum_down,116,107_CC_1,8897,112,116
7645,minimum_up,117,107_CC_1,8902,110,117
7646,minimum_down,117,107_CC_1,8903,113,117
7651,minimum_up,118,107_CC_1,8908,111,118
7652,minimum_down,118,107_CC_1,8909,114,118
7657,minimum_up,119,107_CC_1,8914,112,119
7658,minimum_down,119,107_CC_1,8915,115,119
7663,minimum_up,120,107_CC_1,8920,113,120
7664,minimum_down,120,107_CC_1,8921,116,120
7669,minimum_up,121,107_CC_1,8926,114,121
7670,minimum_down,121,107_CC_1,8927,117,121
7675,minimum_up,122,107_CC_1,8932,115,122
7676,minimum_down,122,107_CC_1,8933,118,122
7681,minimum_up,123,107_CC_1,8938,116,123
7682,minimum_down,123,107_CC_1,8939,119,123
7687,minimum_up,124,107_CC_1,8944,117,124
7688,minimum_down,124,107_CC_1,8945,120,124
7693,minimum_up,125,107_CC_1,8950,118,125
7694,minimum_down,125,107_CC_1,8951,121,125
7699,minimum_up,126,107_CC_1,8956,119,126
7700,minimum_down,126,107_CC_1,8957,122,126
7705,minimum_up,127,107_CC_1,8962,120,127
7706,minimum_down,127,107_CC_1,8963,123,127
7711,minimum_up,128,107_CC_1,8968,121,128
7712,minimum_down,128,107_CC_1,8969,124,128
7717,minimum_up,129,107_CC_1,8974,122,129
7718,minimum_down,129,107_CC_1,8975,125,129
7723,minimum_up,130,107_CC_1,8980,123,130
7724,minimum_down,130,107_CC_1,8981,126,130
7729,minimum_up,131,107_CC_1,8986,124,131
7730,minimum_down,131,107_CC_1,8987,127,131
8029,minimum_up,38,113_CT_1,9432,36,38
8030,minimum_down,38,113_CT_1,9433,36,38
8035,minimum_up,39,113_CT_1,9438,37,39
8036,minimum_down,39,113_CT_1,9439,37,39
8041,minimum_up,40,113_CT_1,9444,38,40
8042,minimum_down,40,113_CT_1,9445,38,40
8047,minimum_up,41,113_CT_1,9450,39,41
8048,minimum_down,41,113_CT_1,9451,39,41
8053,minimum_up,42,113_CT_1,9456,40,42
8054,minimum_down,42,113_CT_1,9457,40,42
8059,minimum_up,43,113_CT_1,9462,41,43
8060,minimum_down,43,113_CT_1,9463,41,43
8065,minimum_up,44,113_CT_1,9468,42,44
8066,minimum_down,44,113_CT_1,9469,42,44
8071,minimum_up,45,113_CT_1,9474,43,45
8072,minimum_down,45,113_CT_1,9475,43,45
8077,minimum_up,46,113_CT_1,9480,44,46
8078,minimum_down,46,113_CT_1,9481,44,46
8083,minimum_up,47,113_CT_1,9486,45,47
8084,minimum_down,47,113_CT_1,9487,45,47
8089,minimum_up,48,113_CT_1,9492,46,48
8090,minimum_down,48,113_CT_1,9493,46,48
8095,minimum_up,49,113_CT_1,9498,47,49
8096,minimum_down,49,113_CT_1,9499,47,49
8101,minimum_up,50,113_CT_1,9504,48,50
8102,minimum_down,50,113_CT_1,9505,48,50
8107,minimum_up,51,113_CT_1,9510,49,51
8108,minimum_down,51,113_CT_1,9511,49,51
8113,minimum_up,52,113_CT_1,9516,50,52
8114,minimum_down,52,113_CT_1,9517,50,52
8119,minimum_up,53,113_CT_1,9522,51,53
8120,minimum_down,53,113_CT_1,9523,51,53
8125,minimum_up,54,113_CT_1,9528,52,54
8126,minimum_down,54,113_CT_1,9529,52,54
8131,minimum_up,55,113_CT_1,9534,53,55
8132,minimum_down,55,113_CT_1,9535,53,55
8137,minimum_up,56,113_CT_1,9540,54,56
8138,minimum_down,56,113_CT_1,9541,54,56
8143,minimum_up,57,113_CT_1,9546,55,57
8144,minimum_down,57,113_CT_1,9547,55,57
8149,minimum_up,58,113_CT_1,9552,56,58
8150,minimum_down,58,113_CT_1,9553,56,58
8155,minimum_up,59,113_CT_1,9558,57,59
8156,minimum_down,59,113_CT_1,9559,57,59
8161,minimum_up,60,113_CT_1,9564,58,60
8162,minimum_down,60,113_CT_1,9565,58,60
8167,minimum_up,61,113_CT_1,9570,59,61
8168,minimum_down,61,113_CT_1,9571,59,61
8173,minimum_up,62,113_CT_1,9576,60,62
8174,minimum_down,62,113_CT_1,9577,60,62
8179,minimum_up,63,113_CT_1,9582,61,63
8180,minimum_down,63,113_CT_1,9583,61,63
8185,minimum_up,64,113_CT_1,9588,62,64
8186,minimum_down,64,113_CT_1,9589,62,64
8191,minimum_up,65,113_CT_1,9594,63,65
8192,minimum_down,65,113_CT_1,9595,63,65
8197,minimum_up,66,113_CT_1,9600,64,66
8198,minimum_down,66,113_CT_1,9601,64,66
8203,minimum_up,67,113_CT_1,9606,65,67
8204,minimum_down,67,113_CT_1,9607,65,67
8209,minimum_up,68,113_CT_1,9612,66,68
8210,minimum_down,68,113_CT_1,9613,66,68
8215,minimum_up,69,113_CT_1,9618,67,69
8216,minimum_down,69,113_CT_1,9619,67,69
8221,minimum_up,70,113_CT_1,9624,68,70
8222,minimum_down,70,113_CT_1,9625,68,70
8227,minimum_up,71,113_CT_1,9630,69,71
8228,minimum_down,71,113_CT_1,9631,69,71
8233,minimum_up,72,113_CT_1,9636,70,72
8234,minimum_down,72,113_CT_1,9637,70,72
8239,minimum_up,73,113_CT_1,9642,71,73
8240,minimum_down,73,113_CT_1,9643,71,73
8245,minimum_up,74,113_CT_1,9648,72,74
8246,minimum_down,74,113_CT_1,9649,72,74
8251,minimum_up,75,113_CT_1,9654,73,75
8252,minimum_down,75,113_CT_1,9655,73,75
8257,minimum_up,76,113_CT_1,9660,74,76
8258,minimum_down,76,113_CT_1,9661,74,76
8263,minimum_up,77,113_CT_1,9666,75,77
8264,minimum_down,77,113_CT_1,9667,75,77
8269,minimum_up,78,113_CT_1,9672,76,78
8270,minimum_down,78,113_CT_1,9673,76,78
8275,minimum_up,79,113_CT_1,9678,77,79
8276,minimum_down,79,113_CT_1,9679,77,79
8281,minimum_up,80,113_CT_1,9684,78,80
8282,minimum_down,80,113_CT_1,9685,78,80
8287,minimum_up,81,113_CT_1,9690,79,81
8288,minimum_down,81,113_CT_1,9691,79,81
8293,minimum_up,82,113_CT_1,9696,80,82
8294,minimum_down,82,113_CT_1,9697,80,82
8299,minimum_up,83,113_CT_1,9702,81,83
8300,minimum_down,83,113_CT_1,9703,81,83
8305,minimum_up,84,113_CT_1,9708,82,84
8306,minimum_down,84,113_CT_1,9709,82,84
8311,minimum_up,85,113_CT_1,9714,83,85
8312,minimum_down,85,113_CT_1,9715,83,85
8317,minimum_up,86,113_CT_1,9720,84,86
8318,minimum_down,86,113_CT_1,9721,84,86
8323,minimum_up,87,113_CT_1,9726,85,87
8324,minimum_down,87,113_CT_1,9727,85,87
8329,minimum_up,88,113_CT_1,9732,86,88
8330,minimum_down,88,113_CT_1,9733,86,88
8335,minimum_up,89,113_CT_1,9738,87,89
8336,minimum_down,89,113_CT_1,9739,87,89
8341,minimum_up,90,113_CT_1,9744,88,90
8342,minimum_down,90,113_CT_1,9745,88,90
8347,minimum_up,91,113_CT_1,9750,89,91
8348,minimum_down,91,113_CT_1,9751,89,91
8353,minimum_up,92,113_CT_1,9756,90,92
8354,minimum_down,92,113_CT_1,9757,90,92
8359,minimum_up,93,113_CT_1,9762,91,93
8360,minimum_down,93,113_CT_1,9763,91,93
8365,minimum_up,94,113_CT_1,9768,92,94
8366,minimum_down,94,113_CT_1,9769,92,94
8371,minimum_up,95,113_CT_1,9774,93,95
8372,minimum_down,95,113_CT_1,9775,93,95
8377,minimum_up,96,113_CT_1,9780,94,96
8378,minimum_down,96,113_CT_1,9781,94,96
8383,minimum_up,97,113_CT_1,9786,95,97
8384,minimum_down,97,113_CT_1,9787,95,97
8389,minimum_up,98,113_CT_1,9792,96,98
8390,minimum_down,98,113_CT_1,9793,96,98
8395,minimum_up,99,113_CT_1,9798,97,99
8396,minimum_down,99,113_CT_1,9799,97,99
8401,minimum_up,100,113_CT_1,9804,98,100
8402,minimum_down,100,113_CT_1,9805,98,100
8407,minimum_up,101,113_CT_1,9810,99,101
8408,minimum_down,101,113_CT_1,9811,99,101
8413,minimum_up,102,113_CT_1,9816,100,102
8414,minimum_down,102,113_CT_1,9817,100,102
8419,minimum_up,103,113_CT_1,9822,101,103
8420,minimum_down,103,113_CT_1,9823,101,103
8425,minimum_up,104,113_CT_1,9828,102,104
8426,minimum_down,104,113_CT_1,9829,102,104
8431,minimum_up,105,113_CT_1,9834,103,105
8432,minimum_down,105,113_CT_1,9835,103,105
8437,minimum_up,106,113_CT_1,9840,104,106
8438,minimum_down,106,113_CT_1,9841,104,106
8443,minimum_up,107,113_CT_1,9846,105,107
8444,minimum_down,107,113_CT_1,9847,105,107
8449,minimum_up,108,113_CT_1,9852,106,108
8450,minimum_down,108,113_CT_1,9853,106,108
8455,minimum_up,109,113_CT_1,9858,107,109
8456,minimum_down,109,113_CT_1,9859,107,109
8461,minimum_up,110,113_CT_1,9864,108,110
8462,minimum_down,110,113_CT_1,9865,108,110
8467,minimum_up,111,113_CT_1,9870,109,111
8468,minimum_down,111,113_CT_1,9871,109,111
8473,minimum_up,112,113_CT_1,9876,110,112
8474,minimum_down,112,113_CT_1,9877,110,112
8479,minimum_up,113,113_CT_1,9882,111,113
8480,minimum_down,113,113_CT_1,9883,111,113
8485,minimum_up,114,113_CT_1,9888,112,114
8486,minimum_down,114,113_CT_1,9889,112,114
8491,minimum_up,115,113_CT_1,9894,113,115
8492,minimum_down,115,113_CT_1,9895,113,115
8497,minimum_up,116,113_CT_1,9900,114,116
8498,minimum_down,116,113_CT_1,9901,114,116
8503,minimum_up,117,113_CT_1,9906,115,117
8504,minimum_down,117,113_CT_1,9907,115,117
8509,minimum_up,118,113_CT_1,9912,116,118
8510,minimum_down,118,113_CT_1,9913,116,118
8515,minimum_up,119,113_CT_1,9918,117,119
8516,minimum_down,119,113_CT_1,9919,117,119
8521,minimum_up,120,113_CT_1,9924,118,120
8522,minimum_down,120,113_CT_1,9925,118,120
8527,minimum_up,121,113_CT_1,9930,119,121
8528,minimum_down,121,113_CT_1,9931,119,121
8533,minimum_up,122,113_CT_1,9936,120,122
8534,minimum_down,122,113_CT_1,9937,120,122
8539,minimum_up,123,113_CT_1,9942,121,123
8540,minimum_down,123,113_CT_1,9943,121,123
8545,minimum_up,124,113_CT_1,9948,122,124
8546,minimum_down,124,113_CT_1,9949,122,124
8551,minimum_up,125,113_CT_1,9954,123,125
8552,minimum_down,125,113_CT_1,9955,123,125
8557,minimum_up,126,113_CT_1,9960,124,126
8558,minimum_down,126,113_CT_1,9961,124,126
8563,minimum_up,127,113_CT_1,9966,125,127
8564,minimum_down,127,113_CT_1,9967,125,127
8569,minimum_up,128,113_CT_1,9972,126,128
8570,minimum_down,128,113_CT_1,9973,126,128
8575,minimum_up,129,113_CT_1,9978,127,129
8576,minimum_down,129,113_CT_1,9979,127,129
8581,minimum_up,130,113_CT_1,9984,128,130
8582,minimum_down,130,113_CT_1,9985,128,130
8587,minimum_up,131,113_CT_1,9990,129,131
8588,minimum_down,131,113_CT_1,9991,129,131
8887,minimum_up,38,113_CT_2,10436,36,38
8888,minimum_down,38,113_CT_2,10437,36,38
8893,minimum_up,39,113_CT_2,10442,37,39
8894,minimum_down,39,113_CT_2,10443,37,39
8899,minimum_up,40,113_CT_2,10448,38,40
8900,minimum_down,40,113_CT_2,10449,38,40
8905,minimum_up,41,113_CT_2,10454,39,41
8906,minimum_down,41,113_CT_2,10455,39,41
8911,minimum_up,42,113_CT_2,10460,40,42
8912,minimum_down,42,113_CT_2,10461,40,42
8917,minimum_up,43,113_CT_2,10466,41,43
8918,minimum_down,43,113_CT_2,10467,41,43
8923,minimum_up,44,113_CT_2,10472,42,44
8924,minimum_down,44,113_CT_2,10473,42,44
8929,minimum_up,45,113_CT_2,10478,43,45
8930,minimum_down,45,113_CT_2,10479,43,45
8935,minimum_up,46,113_CT_2,10484,44,46
8936,minimum_down,46,113_CT_2,10485,44,46
8941,minimum_up,47,113_CT_2,10490,45,47
8942,minimum_down,47,113_CT_2,10491,45,47
8947,minimum_up,48,113_CT_2,10496,46,48
8948,minimum_down,48,113_CT_2,10497,46,48
8953,minimum_up,49,113_CT_2,10502,47,49
8954,minimum_down,49,113_CT_2,10503,47,49
8959,minimum_up,50,113_CT_2,10508,48,50
8960,minimum_down,50,113_CT_2,10509,48,50
8965,minimum_up,51,113_CT_2,10514,49,51
8966,minimum_down,51,113_CT_2,10515,49,51
8971,minimum_up,52,113_CT_2,10520,50,52
8972,minimum_down,52,113_CT_2,10521,50,52
8977,minimum_up,53,113_CT_2,10526,51,53
8978,minimum_down,53,113_CT_2,10527,51,53
8983,minimum_up,54,113_CT_2,10532,52,54
8984,minimum_down,54,113_CT_2,10533,52,54
8989,minimum_up,55,113_CT_2,10538,53,55
8990,minimum_down,55,113_CT_2,10539,53,55
8995,minimum_up,56,113_CT_2,10544,54,56
8996,minimum_down,56,113_CT_2,10545,54,56
9001,minimum_up,57,113_CT_2,10550,55,57
9002,minimum_down,57,113_CT_2,10551,55,57
9007,minimum_up,58,113_CT_2,10556,56,58
9008,minimum_down,58,113_CT_2,10557,56,58
9013,minimum_up,59,113_CT_2,10562,57,59
9014,minimum_down,59,113_CT_2,10563,57,59
9019,minimum_up,60,113_CT_2,10568,58,60
9020,minimum_down,60,113_CT_2,10569,58,60
9025,minimum_up,61,113_CT_2,10574,59,61
9026,minimum_down,61,113_CT_2,10575,59,61
9031,minimum_up,62,113_CT_2,10580,60,62
9032,minimum_down,62,113_CT_2,10581,60,62
9037,minimum_up,63,113_CT_2,10586,61,63
9038,minimum_down,63,113_CT_2,10587,61,63
9043,minimum_up,64,113_CT_2,10592,62,64
9044,minimum_down,64,113_CT_2,10593,62,64
9049,minimum_up,65,113_CT_2,10598,63,65
9050,minimum_down,65,113_CT_2,10599,63,65
9055,minimum_up,66,113_CT_2,10604,64,66
9056,minimum_down,66,113_CT_2,10605,64,66
9061,minimum_up,67,113_CT_2,10610,65,67
9062,minimum_down,67,113_CT_2,10611,65,67
9067,minimum_up,68,113_CT_2,10616,66,68
9068,minimum_down,68,113_CT_2,10617,66,68
9073,minimum_up,69,113_CT_2,10622,67,69
9074,minimum_down,69,113_CT_2,10623,67,69
9079,minimum_up,70,113_CT_2,10628,68,70
9080,minimum_down,70,113_CT_2,10629,68,70
9085,minimum_up,71,113_CT_2,10634,69,71
9086,minimum_down,71,113_CT_2,10635,69,71
9091,minimum_up,72,113_CT_2,10640,70,72
9092,minimum_down,72,113_CT_2,10641,70,72
9097,minimum_up,73,113_CT_2,10646,71,73
9098,minimum_down,73,113_CT_2,10647,71,73
9103,minimum_up,74,113_CT_2,10652,72,74
9104,minimum_down,74,113_CT_2,10653,72,74
9109,minimum_up,75,113_CT_2,10658,73,75
9110,minimum_down,75,113_CT_2,10659,73,75
9115,minimum_up,76,113_CT_2,10664,74,76
9116,minimum_down,76,113_CT_2,10665,74,76
9121,minimum_up,77,113_CT_2,10670,75,77
9122,minimum_down,77,113_CT_2,10671,75,77
9127,minimum_up,78,113_CT_2,10676,76,78
9128,minimum_down,78,113_CT_2,10677,76,78
9133,minimum_up,79,113_CT_2,10682,77,79
9134,minimum_down,79,113_CT_2,10683,77,79
9139,minimum_up,80,113_CT_2,10688,78,80
9140,minimum_down,80,113_CT_2,10689,78,80
9145,minimum_up,81,113_CT_2,10694,79,81
9146,minimum_down,81,113_CT_2,10695,79,81
9151,minimum_up,82,113_CT_2,10700,80,82
9152,minimum_down,82,113_CT_2,10701,80,82
9157,minimum_up,83,113_CT_2,10706,81,83
9158,minimum_down,83,113_CT_2,10707,81,83
9163,minimum_up,84,113_CT_2,10712,82,84
9164,minimum_down,84,113_CT_2,10713,82,84
9169,minimum_up,85,113_CT_2,10718,83,85
9170,minimum_down,85,113_CT_2,10719,83,85
9175,minimum_up,86,113_CT_2,10724,84,86
9176,minimum_down,86,113_CT_2,10725,84,86
9181,minimum_up,87,113_CT_2,10730,85,87
9182,minimum_down,87,113_CT_2,10731,85,87
9187,minimum_up,88,113_CT_2,10736,86,88
9188,minimum_down,88,113_CT_2,10737,86,88
9193,minimum_up,89,113_CT_2,10742,87,89
9194,minimum_down,89,113_CT_2,10743,87,89
9199,minimum_up,90,113_CT_2,10748,88,90
9200,minimum_down,90,113_CT_2,10749,88,90
9205,minimum_up,91,113_CT_2,10754,89,91
9206,minimum_down,91,113_CT_2,10755,89,91
9211,minimum_up,92,113_CT_2,10760,90,92
9212,minimum_down,92,113_CT_2,10761,90,92
9217,minimum_up,93,113_CT_2,10766,91,93
9218,minimum_down,93,113_CT_2,10767,91,93
9223,minimum_up,94,113_CT_2,10772,92,94
9224,minimum_down,94,113_CT_2,10773,92,94
9229,minimum_up,95,113_CT_2,10778,93,95
9230,minimum_down,95,113_CT_2,10779,93,95
9235,minimum_up,96,113_CT_2,10784,94,96
9236,minimum_down,96,113_CT_2,10785,94,96
9241,minimum_up,97,113_CT_2,10790,95,97
9242,minimum_down,97,113_CT_2,10791,95,97
9247,minimum_up,98,113_CT_2,10796,96,98
9248,minimum_down,98,113_CT_2,10797,96,98
9253,minimum_up,99,113_CT_2,10802,97,99
9254,minimum_down,99,113_CT_2,10803,97,99
9259,minimum_up,100,113_CT_2,10808,98,100
9260,minimum_down,100,113_CT_2,10809,98,100
9265,minimum_up,101,113_CT_2,10814,99,101
9266,minimum_down,101,113_CT_2,10815,99,101
9271,minimum_up,102,113_CT_2,10820,100,102
9272,minimum_down,102,113_CT_2,10821,100,102
9277,minimum_up,103,113_CT_2,10826,101,103
9278,minimum_down,103,113_CT_2,10827,101,103
9283,minimum_up,104,113_CT_2,10832,102,104
9284,minimum_down,104,113_CT_2,10833,102,104
9289,minimum_up,105,113_CT_2,10838,103,105
9290,minimum_down,105,113_CT_2,10839,103,105
9295,minimum_up,106,113_CT_2,10844,104,106
9296,minimum_down,106,113_CT_2,10845,104,106
9301,minimum_up,107,113_CT_2,10850,105,107
9302,minimum_down,107,113_CT_2,10851,105,107
9307,minimum_up,108,113_CT_2,10856,106,108
9308,minimum_down,108,113_CT_2,10857,106,108
9313,minimum_up,109,113_CT_2,10862,107,109
9314,minimum_down,109,113_CT_2,10863,107,109
9319,minimum_up,110,113_CT_2,10868,108,110
9320,minimum_down,110,113_CT_2,10869,108,110
9325,minimum_up,111,113_CT_2,10874,109,111
9326,minimum_down,111,113_CT_2,10875,109,111
9331,minimum_up,112,113_CT_2,10880,110,112
9332,minimum_down,112,113_CT_2,10881,110,112
9337,minimum_up,113,113_CT_2,10886,111,113
9338,minimum_down,113,113_CT_2,10887,111,113
9343,minimum_up,114,113_CT_2,10892,112,114
9344,minimum_down,114,113_CT_2,10893,112,114
9349,minimum_up,115,113_CT_2,10898,113,115
9350,minimum_down,115,113_CT_2,10899,113,115
9355,minimum_up,116,113_CT_2,10904,114,116
9356,minimum_down,116,113_CT_2,10905,114,116
9361,minimum_up,117,113_CT_2,10910,115,117
9362,minimum_down,117,113_CT_2,10911,115,117
9367,minimum_up,118,113_CT_2,10916,116,118
9368,minimum_down,118,113_CT_2,10917,116,118
9373,minimum_up,119,113_CT_2,10922,117,119
9374,minimum_down,119,113_CT_2,10923,117,119
9379,minimum_up,120,113_CT_2,10928,118,120
9380,minimum_down,120,113_CT_2,10929,118,120
9385,minimum_up,121,113_CT_2,10934,119,121
9386,minimum_down,121,113_CT_2,10935,119,121
9391,minimum_up,122,113_CT_2,10940,120,122
9392,minimum_down,122,113_CT_2,10941,120,122
9397,minimum_up,123,113_CT_2,10946,121,123
9398,minimum_down,123,113_CT_2,10947,121,123
9403,minimum_up,124,113_CT_2,10952,122,124
9404,minimum_down,124,113_CT_2,10953,122,124
9409,minimum_up,125,113_CT_2,10958,123,125
9410,minimum_down,125,113_CT_2,10959,123,125
9415,minimum_up,126,113_CT_2,10964,124,126
9416,minimum_down,126,113_CT_2,10965,124,126
9421,minimum_up,127,113_CT_2,10970,125,127
9422,minimum_down,127,113_CT_2,10971,125,127
9427,minimum_up,128,113_CT_2,10976,126,128
9428,minimum_down,128,113_CT_2,10977,126,128
9433,minimum_up,129,113_CT_2,10982,127,129
9434,minimum_down,129,113_CT_2,10983,127,129
9439,minimum_up,130,113_CT_2,10988,128,130
9440,minimum_down,130,113_CT_2,10989,128,130
9445,minimum_up,131,113_CT_2,10994,129,131
9446,minimum_down,131,113_CT_2,10995,129,131
9745,minimum_up,38,113_CT_3,11440,36,38
9746,minimum_down,38,113_CT_3,11441,36,38
9751,minimum_up,39,113_CT_3,11446,37,39
9752,minimum_down,39,113_CT_3,11447,37,39
9757,minimum_up,40,113_CT_3,11452,38,40
9758,minimum_down,40,113_CT_3,11453,38,40
9763,minimum_up,41,113_CT_3,11458,39,41
9764,minimum_down,41,113_CT_3,11459,39,41
9769,minimum_up,42,113_CT_3,11464,40,42
9770,minimum_down,42,113_CT_3,11465,40,42
9775,minimum_up,43,113_CT_3,11470,41,43
9776,minimum_down,43,113_CT_3,11471,41,43
9781,minimum_up,44,113_CT_3,11476,42,44
9782,minimum_down,44,113_CT_3,11477,42,44
9787,minimum_up,45,113_CT_3,11482,43,45
9788,minimum_down,45,113_CT_3,11483,43,45
9793,minimum_up,46,113_CT_3,11488,44,46
9794,minimum_down,46,113_CT_3,11489,44,46
9799,minimum_up,47,113_CT_3,11494,45,47
9800,minimum_down,47,113_CT_3,11495,45,47
9805,minimum_up,48,113_CT_3,11500,46,48
9806,minimum_down,48,113_CT_3,11501,46,48
9811,minimum_up,49,113_CT_3,11506,47,49
9812,minimum_down,49,113_CT_3,11507,47,49
9817,minimum_up,50,113_CT_3,11512,48,50
9818,minimum_down,50,113_CT_3,11513,48,50
9823,minimum_up,51,113_CT_3,11518,49,51
9824,minimum_down,51,113_CT_3,11519,49,51
9829,minimum_up,52,113_CT_3,11524,50,52
9830,minimum_down,52,113_CT_3,11525,50,52
9835,minimum_up,53,113_CT_3,11530,51,53
9836,minimum_down,53,113_CT_3,11531,51,53
9841,minimum_up,54,113_CT_3,11536,52,54
9842,minimum_down,54,113_CT_3,11537,52,54
9847,minimum_up,55,113_CT_3,11542,53,55
9848,minimum_down,55,113_CT_3,11543,53,55
9853,minimum_up,56,113_CT_3,11548,54,56
9854,minimum_down,56,113_CT_3,11549,54,56
9859,minimum_up,57,113_CT_3,11554,55,57
9860,minimum_down,57,113_CT_3,11555,55,57
9865,minimum_up,58,113_CT_3,11560,56,58
9866,minimum_down,58,113_CT_3,11561,56,58
9871,minimum_up,59,113_CT_3,11566,57,59
9872,minimum_down,59,113_CT_3,11567,57,59
9877,minimum_up,60,113_CT_3,11572,58,60
9878,minimum_down,60,113_CT_3,11573,58,60
9883,minimum_up,61,113_CT_3,11578,59,61
9884,minimum_down,61,113_CT_3,11579,59,61
9889,minimum_up,62,113_CT_3,11584,60,62
9890,minimum_down,62,113_CT_3,11585,60,62
9895,minimum_up,63,113_CT_3,11590,61,63
9896,minimum_down,63,113_CT_3,11591,61,63
9901,minimum_up,64,113_CT_3,11596,62,64
9902,minimum_down,64,113_CT_3,11597,62,64
9907,minimum_up,65,113_CT_3,11602,63,65
9908,minimum_down,65,113_CT_3,11603,63,65
9913,minimum_up,66,113_CT_3,11608,64,66
9914,minimum_down,66,113_CT_3,11609,64,66
9919,minimum_up,67,113_CT_3,11614,65,67
9920,minimum_down,67,113_CT_3,11615,65,67
9925,minimum_up,68,113_CT_3,11620,66,68
9926,minimum_down,68,113_CT_3,11621,66,68
9931,minimum_up,69,113_CT_3,11626,67,69
9932,minimum_down,69,113_CT_3,11627,67,69
9937,minimum_up,70,113_CT_3,11632,68,70
9938,minimum_down,70,113_CT_3,11633,68,70
9943,minimum_up,71,113_CT_3,11638,69,71
9944,minimum_down,71,113_CT_3,11639,69,71
9949,minimum_up,72,113_CT_3,11644,70,72
9950,minimum_down,72,113_CT_3,11645,70,72
9955,minimum_up,73,113_CT_3,11650,71,73
9956,minimum_down,73,113_CT_3,11651,71,73
9961,minimum_up,74,113_CT_3,11656,72,74
9962,minimum_down,74,113_CT_3,11657,72,74
9967,minimum_up,75,113_CT_3,11662,73,75
9968,minimum_down,75,113_CT_3,11663,73,75
9973,minimum_up,76,113_CT_3,11668,74,76
9974,minimum_down,76,113_CT_3,11669,74,76
9979,minimum_up,77,113_CT_3,11674,75,77
9980,minimum_down,77,113_CT_3,11675,75,77
9985,minimum_up,78,113_CT_3,11680,76,78
9986,minimum_down,78,113_CT_3,11681,76,78
9991,minimum_up,79,113_CT_3,11686,77,79
9992,minimum_down,79,113_CT_3,11687,77,79
9997,minimum_up,80,113_CT_3,11692,78,80
9998,minimum_down,80,113_CT_3,11693,78,80
10003,minimum_up,81,113_CT_3,11698,79,81
10004,minimum_down,81,113_CT_3,11699,79,81
10009,minimum_up,82,113_CT_3,11704,80,82
10010,minimum_down,82,113_CT_3,11705,80,82
10015,minimum_up,83,113_CT_3,11710,81,83
10016,minimum_down,83,113_CT_3,11711,81,83
10021,minimum_up,84,113_CT_3,11716,82,84
10022,minimum_down,84,113_CT_3,11717,82,84
10027,minimum_up,85,113_CT_3,11722,83,85
10028,minimum_down,85,113_CT_3,11723,83,85
10033,minimum_up,86,113_CT_3,11728,84,86
10034,minimum_down,86,113_CT_3,11729,84,86
10039,minimum_up,87,113_CT_3,11734,85,87
10040,minimum_down,87,113_CT_3,11735,85,87
10045,minimum_up,88,113_CT_3,11740,86,88
10046,minimum_down,88,113_CT_3,11741,86,88
10051,minimum_up,89,113_CT_3,11746,87,89
10052,minimum_down,89,113_CT_3,11747,87,89
10057,minimum_up,90,113_CT_3,11752,88,90
10058,minimum_down,90,113_CT_3,11753,88,90
10063,minimum_up,91,113_CT_3,11758,89,91
10064,minimum_down,91,113_CT_3,11759,89,91
10069,minimum_up,92,113_CT_3,11764,90,92
10070,minimum_down,92,113_CT_3,11765,90,92
10075,minimum_up,93,113_CT_3,11770,91,93
10076,minimum_down,93,113_CT_3,11771,91,93
10081,minimum_up,94,113_CT_3,11776,92,94
10082,minimum_down,94,113_CT_3,11777,92,94
10087,minimum_up,95,113_CT_3,11782,93,95
10088,minimum_down,95,113_CT_3,11783,93,95
10093,minimum_up,96,113_CT_3,11788,94,96
10094,minimum_down,96,113_CT_3,11789,94,96
10099,minimum_up,97,113_CT_3,11794,95,97
10100,minimum_down,97,113_CT_3,11795,95,97
10105,minimum_up,98,113_CT_3,11800,96,98
10106,minimum_down,98,113_CT_3,11801,96,98
10111,minimum_up,99,113_CT_3,11806,97,99
10112,minimum_down,99,113_CT_3,11807,97,99
10117,minimum_up,100,113_CT_3,11812,98,100
10118,minimum_down,100,113_CT_3,11813,98,100
10123,minimum_up,101,113_CT_3,11818,99,101
10124,minimum_down,101,113_CT_3,11819,99,101
10129,minimum_up,102,113_CT_3,11824,100,102
10130,minimum_down,102,113_CT_3,11825,100,102
10135,minimum_up,103,113_CT_3,11830,101,103
10136,minimum_down,103,113_CT_3,11831,101,103
10141,minimum_up,104,113_CT_3,11836,102,104
10142,minimum_down,104,113_CT_3,11837,102,104
10147,minimum_up,105,113_CT_3,11842,103,105
10148,minimum_down,105,113_CT_3,11843,103,105
10153,minimum_up,106,113_CT_3,11848,104,106
10154,minimum_down,106,113_CT_3,11849,104,106
10159,minimum_up,107,113_CT_3,11854,105,107
10160,minimum_down,107,113_CT_3,11855,105,107
10165,minimum_up,108,113_CT_3,11860,106,108
10166,minimum_down,108,113_CT_3,11861,106,108
10171,minimum_up,109,113_CT_3,11866,107,109
10172,minimum_down,109,113_CT_3,11867,107,109
10177,minimum_up,110,113_CT_3,11872,108,110
10178,minimum_down,110,113_CT_3,11873,108,110
10183,minimum_up,111,113_CT_3,11878,109,111
10184,minimum_down,111,113_CT_3,11879,109,111
10189,minimum_up,112,113_CT_3,11884,110,112
10190,minimum_down,112,113_CT_3,11885,110,112
10195,minimum_up,113,113_CT_3,11890,111,113
10196,minimum_down,113,113_CT_3,11891,111,113
10201,minimum_up,114,113_CT_3,11896,112,114
10202,minimum_down,114,113_CT_3,11897,112,114
10207,minimum_up,115,113_CT_3,11902,113,115
10208,minimum_down,115,113_CT_3,11903,113,115
10213,minimum_up,116,113_CT_3,11908,114,116
10214,minimum_down,116,113_CT_3,11909,114,116
10219,minimum_up,117,113_CT_3,11914,115,117
10220,minimum_down,117,113_CT_3,11915,115,117
10225,minimum_up,118,113_CT_3,11920,116,118
10226,minimum_down,118,113_CT_3,11921,116,118
10231,minimum_up,119,113_CT_3,11926,117,119
10232,minimum_down,119,113_CT_3,11927,117,119
10237,minimum_up,120,113_CT_3,11932,118,120
10238,minimum_down,120,113_CT_3,11933,118,120
10243,minimum_up,121,113_CT_3,11938,119,121
10244,minimum_down,121,113_CT_3,11939,119,121
10249,minimum_up,122,113_CT_3,11944,120,122
10250,minimum_down,122,113_CT_3,11945,120,122
10255,minimum_up,123,113_CT_3,11950,121,123
10256,minimum_down,123,113_CT_3,11951,121,123
10261,minimum_up,124,113_CT_3,11956,122,124
10262,minimum_down,124,113_CT_3,11957,122,124
10267,minimum_up,125,113_CT_3,11962,123,125
10268,minimum_down,125,113_CT_3,11963,123,125
10273,minimum_up,126,113_CT_3,11968,124,126
10274,minimum_down,126,113_CT_3,11969,124,126
10279,minimum_up,127,113_CT_3,11974,125,127
10280,minimum_down,127,113_CT_3,11975,125,127
10285,minimum_up,128,113_CT_3,11980,126,128
10286,minimum_down,128,113_CT_3,11981,126,128
10291,minimum_up,129,113_CT_3,11986,127,129
10292,minimum_down,129,113_CT_3,11987,127,129
10297,minimum_up,130,113_CT_3,11992,128,130
10298,minimum_down,130,113_CT_3,11993,128,130
10303,minimum_up,131,113_CT_3,11998,129,131
10304,minimum_down,131,113_CT_3,11999,129,131
10603,minimum_up,38,113_CT_4,12444,36,38
10604,minimum_down,38,113_CT_4,12445,36,38
10609,minimum_up,39,113_CT_4,12450,37,39
10610,minimum_down,39,113_CT_4,12451,37,39
10615,minimum_up,40,113_CT_4,12456,38,40
10616,minimum_down,40,113_CT_4,12457,38,40
10621,minimum_up,41,113_CT_4,12462,39,41
10622,minimum_down,41,113_CT_4,12463,39,41
10627,minimum_up,42,113_CT_4,12468,40,42
10628,minimum_down,42,113_CT_4,12469,40,42
10633,minimum_up,43,113_CT_4,12474,41,43
10634,minimum_down,43,113_CT_4,12475,41,43
10639,minimum_up,44,113_CT_4,12480,42,44
10640,minimum_down,44,113_CT_4,12481,42,44
10645,minimum_up,45,113_CT_4,12486,43,45
10646,minimum_down,45,113_CT_4,12487,43,45
10651,minimum_up,46,113_CT_4,12492,44,46
10652,minimum_down,46,113_CT_4,12493,44,46
10657,minimum_up,47,113_CT_4,12498,45,47
10658,minimum_down,47,113_CT_4,12499,45,47
10663,minimum_up,48,113_CT_4,12504,46,48
10664,minimum_down,48,113_CT_4,12505,46,48
10669,minimum_up,49,113_CT_4,12510,47,49
10670,minimum_down,49,113_CT_4,12511,47,49
10675,minimum_up,50,113_CT_4,12516,48,50
10676,minimum_down,50,113_CT_4,12517,48,50
10681,minimum_up,51,113_CT_4,12522,49,51
10682,minimum_down,51,113_CT_4,12523,49,51
10687,minimum_up,52,113_CT_4,12528,50,52
10688,minimum_down,52,113_CT_4,12529,50,52
10693,minimum_up,53,113_CT_4,12534,51,53
10694,minimum_down,53,113_CT_4,12535,51,53
10699,minimum_up,54,113_CT_4,12540,52,54
10700,minimum_down,54,113_CT_4,12541,52,54
10705,minimum_up,55,113_CT_4,12546,53,55
10706,minimum_down,55,113_CT_4,12547,53,55
10711,minimum_up,56,113_CT_4,12552,54,56
10712,minimum_down,56,113_CT_4,12553,54,56
10717,minimum_up,57,113_CT_4,12558,55,57
10718,minimum_down,57,113_CT_4,12559,55,57
10723,minimum_up,58,113_CT_4,12564,56,58
10724,minimum_down,58,113_CT_4,12565,56,58
10729,minimum_up,59,113_CT_4,12570,57,59
10730,minimum_down,59,113_CT_4,12571,57,59
10735,minimum_up,60,113_CT_4,12576,58,60
10736,minimum_down,60,113_CT_4,12577,58,60
10741,minimum_up,61,113_CT_4,12582,59,61
10742,minimum_down,61,113_CT_4,12583,59,61
10747,minimum_up,62,113_CT_4,12588,60,62
10748,minimum_down,62,113_CT_4,12589,60,62
10753,minimum_up,63,113_CT_4,12594,61,63
10754,minimum_down,63,113_CT_4,12595,61,63
10759,minimum_up,64,113_CT_4,12600,62,64
10760,minimum_down,64,113_CT_4,12601,62,64
10765,minimum_up,65,113_CT_4,12606,63,65
10766,minimum_down,65,113_CT_4,12607,63,65
10771,minimum_up,66,113_CT_4,12612,64,66
10772,minimum_down,66,113_CT_4,12613,64,66
10777,minimum_up,67,113_CT_4,12618,65,67
10778,minimum_down,67,113_CT_4,12619,65,67
10783,minimum_up,68,113_CT_4,12624,66,68
10784,minimum_down,68,113_CT_4,12625,66,68
10789,minimum_up,69,113_CT_4,12630,67,69
10790,minimum_down,69,113_CT_4,12631,67,69
10795,minimum_up,70,113_CT_4,12636,68,70
10796,minimum_down,70,113_CT_4,12637,68,70
10801,minimum_up,71,113_CT_4,12642,69,71
10802,minimum_down,71,113_CT_4,12643,69,71
10807,minimum_up,72,113_CT_4,12648,70,72
10808,minimum_down,72,113_CT_4,12649,70,72
10813,minimum_up,73,113_CT_4,12654,71,73
10814,minimum_down,73,113_CT_4,12655,71,73
10819,minimum_up,74,113_CT_4,12660,72,74
10820,minimum_down,74,113_CT_4,12661,72,74
10825,minimum_up,75,113_CT_4,12666,73,75
10826,minimum_down,75,113_CT_4,12667,73,75
10831,minimum_up,76,113_CT_4,12672,74,76
10832,minimum_down,76,113_CT_4,12673,74,76
10837,minimum_up,77,113_CT_4,12678,75,77
10838,minimum_down,77,113_CT_4,12679,75,77
10843,minimum_up,78,113_CT_4,12684,76,78
10844,minimum_down,78,113_CT_4,12685,76,78
10849,minimum_up,79,113_CT_4,12690,77,79
10850,minimum_down,79,113_CT_4,12691,77,79
10855,minimum_up,80,113_CT_4,12696,78,80
10856,minimum_down,80,113_CT_4,12697,78,80
10861,minimum_up,81,113_CT_4,12702,79,81
10862,minimum_down,81,113_CT_4,12703,79,81
10867,minimum_up,82,113_CT_4,12708,80,82
10868,minimum_down,82,113_CT_4,12709,80,82
10873,minimum_up,83,113_CT_4,12714,81,83
10874,minimum_down,83,113_CT_4,12715,81,83
10879,minimum_up,84,113_CT_4,12720,82,84
10880,minimum_down,84,113_CT_4,12721,82,84
10885,minimum_up,85,113_CT_4,12726,83,85
10886,minimum_down,85,113_CT_4,12727,83,85
10891,minimum_up,86,113_CT_4,12732,84,86
10892,minimum_down,86,113_CT_4,12733,84,86
10897,minimum_up,87,113_CT_4,12738,85,87
10898,minimum_down,87,113_CT_4,12739,85,87
10903,minimum_up,88,113_CT_4,12744,86,88
10904,minimum_down,88,113_CT_4,12745,86,88
10909,minimum_up,89,113_CT_4,12750,87,89
10910,minimum_down,89,113_CT_4,12751,87,89
10915,minimum_up,90,113_CT_4,12756,88,90
10916,minimum_down,90,113_CT_4,12757,88,90
10921,minimum_up,91,113_CT_4,12762,89,91
10922,minimum_down,91,113_CT_4,12763,89,91
10927,minimum_up,92,113_CT_4,12768,90,92
10928,minimum_down,92,113_CT_4,12769,90,92
10933,minimum_up,93,113_CT_4,12774,91,93
10934,minimum_down,93,113_CT_4,12775,91,93
10939,minimum_up,94,113_CT_4,12780,92,94
10940,minimum_down,94,113_CT_4,12781,92,94
10945,minimum_up,95,113_CT_4,12786,93,95
10946,minimum_down,95,113_CT_4,12787,93,95
10951,minimum_up,96,113_CT_4,12792,94,96
10952,minimum_down,96,113_CT_4,12793,94,96
10957,minimum_up,97,113_CT_4,12798,95,97
10958,minimum_down,97,113_CT_4,12799,95,97
10963,minimum_up,98,113_CT_4,12804,96,98
10964,minimum_down,98,113_CT_4,12805,96,98
10969,minimum_up,99,113_CT_4,12810,97,99
10970,minimum_down,99,113_CT_4,12811,97,99
10975,minimum_up,100,113_CT_4,12816,98,100
10976,minimum_down,100,113_CT_4,12817,98,100
10981,minimum_up,101,113_CT_4,12822,99,101
10982,minimum_down,101,113_CT_4,12823,99,101
10987,minimum_up,102,113_CT_4,12828,100,102
10988,minimum_down,102,113_CT_4,12829,100,102
10993,minimum_up,103,113_CT_4,12834,101,103
10994,minimum_down,103,113_CT_4,12835,101,103
10999,minimum_up,104,113_CT_4,12840,102,104
11000,minimum_down,104,113_CT_4,12841,102,104
11005,minimum_up,105,113_CT_4,12846,103,105
11006,minimum_down,105,113_CT_4,12847,103,105
11011,minimum_up,106,113_CT_4,12852,104,106
11012,minimum_down,106,113_CT_4,12853,104,106
11017,minimum_up,107,113_CT_4,12858,105,107
11018,minimum_down,107,113_CT_4,12859,105,107
11023,minimum_up,108,113_CT_4,12864,106,108
11024,minimum_down,108,113_CT_4,12865,106,108
11029,minimum_up,109,113_CT_4,12870,107,109
11030,minimum_down,109,113_CT_4,12871,107,109
11035,minimum_up,110,113_CT_4,12876,108,110
11036,minimum_down,110,113_CT_4,12877,108,110
11041,minimum_up,111,113_CT_4,12882,109,111
11042,minimum_down,111,113_CT_4,12883,109,111
11047,minimum_up,112,113_CT_4,12888,110,112
11048,minimum_down,112,113_CT_4,12889,110,112
11053,minimum_up,113,113_CT_4,12894,111,113
11054,minimum_down,113,113_CT_4,12895,111,113
11059,minimum_up,114,113_CT_4,12900,112,114
11060,minimum_down,114,113_CT_4,12901,112,114
11065,minimum_up,115,113_CT_4,12906,113,115
11066,minimum_down,115,113_CT_4,12907,113,115
11071,minimum_up,116,113_CT_4,12912,114,116
11072,minimum_down,116,113_CT_4,12913,114,116
11077,minimum_up,117,113_CT_4,12918,115,117
11078,minimum_down,117,113_CT_4,12919,115,117
11083,minimum_up,118,113_CT_4,12924,116,118
11084,minimum_down,118,113_CT_4,12925,116,118
11089,minimum_up,119,113_CT_4,12930,117,119
11090,minimum_down,119,113_CT_4,12931,117,119
11095,minimum_up,120,113_CT_4,12936,118,120
11096,minimum_down,120,113_CT_4,12937,118,120
11101,minimum_up,121,113_CT_4,12942,119,121
11102,minimum_down,121,113_CT_4,12943,119,121
11107,minimum_up,122,113_CT_4,12948,120,122
11108,minimum_down,122,113_CT_4,12949,120,122
11113,minimum_up,123,113_CT_4,12954,121,123
11114,minimum_down,123,113_CT_4,12955,121,123
11119,minimum_up,124,113_CT_4,12960,122,124
11120,minimum_down,124,113_CT_4,12961,122,124
11125,minimum_up,125,113_CT_4,12966,123,125
11126,minimum_down,125,113_CT_4,12967,123,125
11131,minimum_up,126,113_CT_4,12972,124,126
11132,minimum_down,126,113_CT_4,12973,124,126
11137,minimum_up,127,113_CT_4,12978,125,127
11138,minimum_down,127,113_CT_4,12979,125,127
11143,minimum_up,128,113_CT_4,12984,126,128
11144,minimum_down,128,113_CT_4,12985,126,128
11149,minimum_up,129,113_CT_4,12990,127,129
11150,minimum_down,129,113_CT_4,12991,127,129
11155,minimum_up,130,113_CT_4,12996,128,130
11156,minimum_down,130,113_CT_4,12997,128,130
11161,minimum_up,131,113_CT_4,13002,129,131
11162,minimum_down,131,113_CT_4,13003,129,131
11457,minimum_down,37,115_STEAM_1,13443,36,37
11462,minimum_down,38,115_STEAM_1,13449,37,38
11467,minimum_up,39,115_STEAM_1,13454,36,39
11468,minimum_down,39,115_STEAM_1,13455,38,39
11473,minimum_up,40,115_STEAM_1,13460,37,40
11474,minimum_down,40,115_STEAM_1,13461,39,40
11479,minimum_up,41,115_STEAM_1,13466,38,41
11480,minimum_down,41,115_STEAM_1,13467,40,41
11485,minimum_up,42,115_STEAM_1,13472,39,42
11486,minimum_down,42,115_STEAM_1,13473,41,42
11491,minimum_up,43,115_STEAM_1,13478,40,43
11492,minimum_down,43,115_STEAM_1,13479,42,43
11497,minimum_up,44,115_STEAM_1,13484,41,44
11498,minimum_down,44,115_STEAM_1,13485,43,44
11503,minimum_up,45,115_STEAM_1,13490,42,45
11504,minimum_down,45,115_STEAM_1,13491,44,45
11509,minimum_up,46,115_STEAM_1,13496,43,46
11510,minimum_down,46,115_STEAM_1,13497,45,46
11515,minimum_up,47,115_STEAM_1,13502,44,47
11516,minimum_down,47,115_STEAM_1,13503,46,47
11521,minimum_up,48,115_STEAM_1,13508,45,48
11522,minimum_down,48,115_STEAM_1,13509,47,48
11527,minimum_up,49,115_STEAM_1,13514,46,49
11528,minimum_down,49,115_STEAM_1,13515,48,49
11533,minimum_up,50,115_STEAM_1,13520,47,50
11534,minimum_down,50,115_STEAM_1,13521,49,50
11539,minimum_up,51,115_STEAM_1,13526,48,51
11540,minimum_down,51,115_STEAM_1,13527,50,51
11545,minimum_up,52,115_STEAM_1,13532,49,52
11546,minimum_down,52,115_STEAM_1,13533,51,52
11551,minimum_up,53,115_STEAM_1,13538,50,53
11552,minimum_down,53,115_STEAM_1,13539,52,53
11557,minimum_up,54,115_STEAM_1,13544,51,54
11558,minimum_down,54,115_STEAM_1,13545,53,54
11563,minimum_up,55,115_STEAM_1,13550,52,55
11564,minimum_down,55,115_STEAM_1,13551,54,55
11569,minimum_up,56,115_STEAM_1,13556,53,56
11570,minimum_down,56,115_STEAM_1,13557,55,56
11575,minimum_up,57,115_STEAM_1,13562,54,57
11576,minimum_down,57,115_STEAM_1,13563,56,57
11581,minimum_up,58,115_STEAM_1,13568,55,58
11582,minimum_down,58,115_STEAM_1,13569,57,58
11587,minimum_up,59,115_STEAM_1,13574,56,59
11588,minimum_down,59,115_STEAM_1,13575,58,59
11593,minimum_up,60,115_STEAM_1,13580,57,60
11594,minimum_down,60,115_STEAM_1,13581,59,60
11599,minimum_up,61,115_STEAM_1,13586,58,61
11600,minimum_down,61,115_STEAM_1,13587,60,61
11605,minimum_up,62,115_STEAM_1,13592,59,62
11606,minimum_down,62,115_STEAM_1,13593,61,62
11611,minimum_up,63,115_STEAM_1,13598,60,63
11612,minimum_down,63,115_STEAM_1,13599,62,63
11617,minimum_up,64,115_STEAM_1,13604,61,64
11618,minimum_down,64,115_STEAM_1,13605,63,64
11623,minimum_up,65,115_STEAM_1,13610,62,65
11624,minimum_down,65,115_STEAM_1,13611,64,65
11629,minimum_up,66,115_STEAM_1,13616,63,66
11630,minimum_down,66,115_STEAM_1,13617,65,66
11635,minimum_up,67,115_STEAM_1,13622,64,67
11636,minimum_down,67,115_STEAM_1,13623,66,67
11641,minimum_up,68,115_STEAM_1,13628,65,68
11642,minimum_down,68,115_STEAM_1,13629,67,68
11647,minimum_up,69,115_STEAM_1,13634,66,69
11648,minimum_down,69,115_STEAM_1,13635,68,69
11653,minimum_up,70,115_STEAM_1,13640,67,70
11654,minimum_down,70,115_STEAM_1,13641,69,70
11659,minimum_up,71,115_STEAM_1,13646,68,71
11660,minimum_down,71,115_STEAM_1,13647,70,71
11665,minimum_up,72,115_STEAM_1,13652,69,72
11666,minimum_down,72,115_STEAM_1,13653,71,72
11671,minimum_up,73,115_STEAM_1,13658,70,73
11672,minimum_down,73,115_STEAM_1,13659,72,73
11677,minimum_up,74,115_STEAM_1,13664,71,74
11678,minimum_down,74,115_STEAM_1,13665,73,74
11683,minimum_up,75,115_STEAM_1,13670,72,75
11684,minimum_down,75,115_STEAM_1,13671,74,75
11689,minimum_up,76,115_STEAM_1,13676,73,76
11690,minimum_down,76,115_STEAM_1,13677,75,76
11695,minimum_up,77,115_STEAM_1,13682,74,77
11696,minimum_down,77,115_STEAM_1,13683,76,77
11701,minimum_up,78,115_STEAM_1,13688,75,78
11702,minimum_down,78,115_STEAM_1,13689,77,78
11707,minimum_up,79,115_STEAM_1,13694,76,79
11708,minimum_down,79,115_STEAM_1,13695,78,79
11713,minimum_up,80,115_STEAM_1,13700,77,80
11714,minimum_down,80,115_STEAM_1,13701,79,80
11719,minimum_up,81,115_STEAM_1,13706,78,81
11720,minimum_down,81,115_STEAM_1,13707,80,81
11725,minimum_up,82,115_STEAM_1,13712,79,82
11726,minimum_down,82,115_STEAM_1,13713,81,82
11731,minimum_up,83,115_STEAM_1,13718,80,83
11732,minimum_down,83,115_STEAM_1,13719,82,83
11737,minimum_up,84,115_STEAM_1,13724,81,84
11738,minimum_down,84,115_STEAM_1,13725,83,84
11743,minimum_up,85,115_STEAM_1,13730,82,85
11744,minimum_down,85,115_STEAM_1,13731,84,85
11749,minimum_up,86,115_STEAM_1,13736,83,86
11750,minimum_down,86,115_STEAM_1,13737,85,86
11755,minimum_up,87,115_STEAM_1,13742,84,87
11756,minimum_down,87,115_STEAM_1,13743,86,87
11761,minimum_up,88,115_STEAM_1,13748,85,88
11762,minimum_down,88,115_STEAM_1,13749,87,88
11767,minimum_up,89,115_STEAM_1,13754,86,89
11768,minimum_down,89,115_STEAM_1,13755,88,89
11773,minimum_up,90,115_STEAM_1,13760,87,90
11774,minimum_down,90,115_STEAM_1,13761,89,90
11779,minimum_up,91,115_STEAM_1,13766,88,91
11780,minimum_down,91,115_STEAM_1,13767,90,91
11785,minimum_up,92,115_STEAM_1,13772,89,92
11786,minimum_down,92,115_STEAM_1,13773,91,92
11791,minimum_up,93,115_STEAM_1,13778,90,93
11792,minimum_down,93,115_STEAM_1,13779,92,93
11797,minimum_up,94,115_STEAM_1,13784,91,94
11798,minimum_down,94,115_STEAM_1,13785,93,94
11803,minimum_up,95,115_STEAM_1,13790,92,95
11804,minimum_down,95,115_STEAM_1,13791,94,95
11809,minimum_up,96,115_STEAM_1,13796,93,96
11810,minimum_down,96,115_STEAM_1,13797,95,96
11815,minimum_up,97,115_STEAM_1,13802,94,97
11816,minimum_down,97,115_STEAM_1,13803,96,97
11821,minimum_up,98,115_STEAM_1,13808,95,98
11822,minimum_down,98,115_STEAM_1,13809,97,98
11827,minimum_up,99,115_STEAM_1,13814,96,99
11828,minimum_down,99,115_STEAM_1,13815,98,99
11833,minimum_up,100,115_STEAM_1,13820,97,100
11834,minimum_down,100,115_STEAM_1,13821,99,100
11839,minimum_up,101,115_STEAM_1,13826,98,101
11840,minimum_down,101,115_STEAM_1,13827,100,101
11845,minimum_up,102,115_STEAM_1,13832,99,102
11846,minimum_down,102,115_STEAM_1,13833,101,102
11851,minimum_up,103,115_STEAM_1,13838,100,103
11852,minimum_down,103,115_STEAM_1,13839,102,103
11857,minimum_up,104,115_STEAM_1,13844,101,104
11858,minimum_down,104,115_STEAM_1,13845,103,104
11863,minimum_up,105,115_STEAM_1,13850,102,105
11864,minimum_down,105,115_STEAM_1,13851,104,105
11869,minimum_up,106,115_STEAM_1,13856,103,106
11870,minimum_down,106,115_STEAM_1,13857,105,106
11875,minimum_up,107,115_STEAM_1,13862,104,107
11876,minimum_down,107,115_STEAM_1,13863,106,107
11881,minimum_up,108,115_STEAM_1,13868,105,108
11882,minimum_down,108,115_STEAM_1,13869,107,108
11887,minimum_up,109,115_STEAM_1,13874,106,109
11888,minimum_down,109,115_STEAM_1,13875,108,109
11893,minimum_up,110,115_STEAM_1,13880,107,110
11894,minimum_down,110,115_STEAM_1,13881,109,110
11899,minimum_up,111,115_STEAM_1,13886,108,111
11900,minimum_down,111,115_STEAM_1,13887,110,111
11905,minimum_up,112,115_STEAM_1,13892,109,112
11906,minimum_down,112,115_STEAM_1,13893,111,112
11911,minimum_up,113,115_STEAM_1,13898,110,113
11912,minimum_down,113,115_STEAM_1,13899,112,113
11917,minimum_up,114,115_STEAM_1,13904,111,114
11918,minimum_down,114,115_STEAM_1,13905,113,114
11923,minimum_up,115,115_STEAM_1,13910,112,115
11924,minimum_down,115,115_STEAM_1,13911,114,115
11929,minimum_up,116,115_STEAM_1,13916,113,116
11930,minimum_down,116,115_STEAM_1,13917,115,116
11935,minimum_up,117,115_STEAM_1,13922,114,117
11936,minimum_down,117,115_STEAM_1,13923,116,117
11941,minimum_up,118,115_STEAM_1,13928,115,118
11942,minimum_down,118,115_STEAM_1,13929,117,118
11947,minimum_up,119,115_STEAM_1,13934,116,119
11948,minimum_down,119,115_STEAM_1,13935,118,119
11953,minimum_up,120,115_STEAM_1,13940,117,120
11954,minimum_down,120,115_STEAM_1,13941,119,120
11959,minimum_up,121,115_STEAM_1,13946,118,121
11960,minimum_down,121,115_STEAM_1,13947,120,121
11965,minimum_up,122,115_STEAM_1,13952,119,122
11966,minimum_down,122,115_STEAM_1,13953,121,122
11971,minimum_up,123,115_STEAM_1,13958,120,123
11972,minimum_down,123,115_STEAM_1,13959,122,123
11977,minimum_up,124,115_STEAM_1,13964,121,124
11978,minimum_down,124,115_STEAM_1,13965,123,124
11983,minimum_up,125,115_STEAM_1,13970,122,125
11984,minimum_down,125,115_STEAM_1,13971,124,125
11989,minimum_up,126,115_STEAM_1,13976,123,126
11990,minimum_down,126,115_STEAM_1,13977,125,126
11995,minimum_up,127,115_STEAM_1,13982,124,127
11996,minimum_down,127,115_STEAM_1,13983,126,127
12001,minimum_up,128,115_STEAM_1,13988,125,128
12002,minimum_down,128,115_STEAM_1,13989,127,128
12007,minimum_up,129,115_STEAM_1,13994,126,129
12008,minimum_down,129,115_STEAM_1,13995,128,129
12013,minimum_up,130,115_STEAM_1,14000,127,130
12014,minimum_down,130,115_STEAM_1,14001,129,130
12019,minimum_up,131,115_STEAM_1,14006,128,131
12020,minimum_down,131,115_STEAM_1,14007,130,131
12315,minimum_down,37,115_STEAM_2,14447,36,37
12320,minimum_down,38,115_STEAM_2,14453,37,38
12325,minimum_up,39,115_STEAM_2,14458,36,39
12326,minimum_down,39,115_STEAM_2,14459,38,39
12331,minimum_up,40,115_STEAM_2,14464,37,40
12332,minimum_down,40,115_STEAM_2,14465,39,40
12337,minimum_up,41,115_STEAM_2,14470,38,41
12338,minimum_down,41,115_STEAM_2,14471,40,41
12343,minimum_up,42,115_STEAM_2,14476,39,42
12344,minimum_down,42,115_STEAM_2,14477,41,42
12349,minimum_up,43,115_STEAM_2,14482,40,43
12350,minimum_down,43,115_STEAM_2,14483,42,43
12355,minimum_up,44,115_STEAM_2,14488,41,44
12356,minimum_down,44,115_STEAM_2,14489,43,44
12361,minimum_up,45,115_STEAM_2,14494,42,45
12362,minimum_down,45,115_STEAM_2,14495,44,45
12367,minimum_up,46,115_STEAM_2,14500,43,46
12368,minimum_down,46,115_STEAM_2,14501,45,46
12373,minimum_up,47,115_STEAM_2,14506,44,47
12374,minimum_down,47,115_STEAM_2,14507,46,47
12379,minimum_up,48,115_STEAM_2,14512,45,48
12380,minimum_down,48,115_STEAM_2,14513,47,48
12385,minimum_up,49,115_STEAM_2,14518,46,49
12386,minimum_down,49,115_STEAM_2,14519,48,49
12391,minimum_up,50,115_STEAM_2,14524,47,50
12392,minimum_down,50,115_STEAM_2,14525,49,50
12397,minimum_up,51,115_STEAM_2,14530,48,51
12398,minimum_down,51,115_STEAM_2,14531,50,51
12403,minimum_up,52,115_STEAM_2,14536,49,52
12404,minimum_down,52,115_STEAM_2,14537,51,52
12409,minimum_up,53,115_STEAM_2,14542,50,53
12410,minimum_down,53,115_STEAM_2,14543,52,53
12415,minimum_up,54,115_STEAM_2,14548,51,54
12416,minimum_down,54,115_STEAM_2,14549,53,54
12421,minimum_up,55,115_STEAM_2,14554,52,55
12422,minimum_down,55,115_STEAM_2,14555,54,55
12427,minimum_up,56,115_STEAM_2,14560,53,56
12428,minimum_down,56,115_STEAM_2,14561,55,56
12433,minimum_up,57,115_STEAM_2,14566,54,57
12434,minimum_down,57,115_STEAM_2,14567,56,57
12439,minimum_up,58,115_STEAM_2,14572,55,58
12440,minimum_down,58,115_STEAM_2,14573,57,58
12445,minimum_up,59,115_STEAM_2,14578,56,59
12446,minimum_down,59,115_STEAM_2,14579,58,59
12451,minimum_up,60,115_STEAM_2,14584,57,60
12452,minimum_down,60,115_STEAM_2,14585,59,60
12457,minimum_up,61,115_STEAM_2,14590,58,61
12458,minimum_down,61,115_STEAM_2,14591,60,61
12463,minimum_up,62,115_STEAM_2,14596,59,62
12464,minimum_down,62,115_STEAM_2,14597,61,62
12469,minimum_up,63,115_STEAM_2,14602,60,63
12470,minimum_down,63,115_STEAM_2,14603,62,63
12475,minimum_up,64,115_STEAM_2,14608,61,64
12476,minimum_down,64,115_STEAM_2,14609,63,64
12481,minimum_up,65,115_STEAM_2,14614,62,65
12482,minimum_down,65,115_STEAM_2,14615,64,65
12487,minimum_up,66,115_STEAM_2,14620,63,66
12488,minimum_down,66,115_STEAM_2,14621,65,66
12493,minimum_up,67,115_STEAM_2,14626,64,67
12494,minimum_down,67,115_STEAM_2,14627,66,67
12499,minimum_up,68,115_STEAM_2,14632,65,68
12500,minimum_down,68,115_STEAM_2,14633,67,68
12505,minimum_up,69,115_STEAM_2,14638,66,69
12506,minimum_down,69,115_STEAM_2,14639,68,69
12511,minimum_up,70,115_STEAM_2,14644,67,70
12512,minimum_down,70,115_STEAM_2,14645,69,70
12517,minimum_up,71,115_STEAM_2,14650,68,71
12518,minimum_down,71,115_STEAM_2,14651,70,71
12523,minimum_up,72,115_STEAM_2,14656,69,72
12524,minimum_down,72,115_STEAM_2,14657,71,72
12529,minimum_up,73,115_STEAM_2,14662,70,73
12530,minimum_down,73,115_STEAM_2,14663,72,73
12535,minimum_up,74,115_STEAM_2,14668,71,74
12536,minimum_down,74,115_STEAM_2,14669,73,74
12541,minimum_up,75,115_STEAM_2,14674,72,75
12542,minimum_down,75,115_STEAM_2,14675,74,75
12547,minimum_up,76,115_STEAM_2,14680,73,76
12548,minimum_down,76,115_STEAM_2,14681,75,76
12553,minimum_up,77,115_STEAM_2,14686,74,77
12554,minimum_down,77,115_STEAM_2,14687,76,77
12559,minimum_up,78,115_STEAM_2,14692,75,78
12560,minimum_down,78,115_STEAM_2,14693,77,78
12565,minimum_up,79,115_STEAM_2,14698,76,79
12566,minimum_down,79,115_STEAM_2,14699,78,79
12571,minimum_up,80,115_STEAM_2,14704,77,80
12572,minimum_down,80,115_STEAM_2,14705,79,80
12577,minimum_up,81,115_STEAM_2,14710,78,81
12578,minimum_down,81,115_STEAM_2,14711,80,81
12583,minimum_up,82,115_STEAM_2,14716,79,82
12584,minimum_down,82,115_STEAM_2,14717,81,82
12589,minimum_up,83,115_STEAM_2,14722,80,83
12590,minimum_down,83,115_STEAM_2,14723,82,83
12595,minimum_up,84,115_STEAM_2,14728,81,84
12596,minimum_down,84,115_STEAM_2,14729,83,84
12601,minimum_up,85,115_STEAM_2,14734,82,85
12602,minimum_down,85,115_STEAM_2,14735,84,85
12607,minimum_up,86,115_STEAM_2,14740,83,86
12608,minimum_down,86,115_STEAM_2,14741,85,86
12613,minimum_up,87,115_STEAM_2,14746,84,87
12614,minimum_down,87,115_STEAM_2,14747,86,87
12619,minimum_up,88,115_STEAM_2,14752,85,88
12620,minimum_down,88,115_STEAM_2,14753,87,88
12625,minimum_up,89,115_STEAM_2,14758,86,89
12626,minimum_down,89,115_STEAM_2,14759,88,89
12631,minimum_up,90,115_STEAM_2,14764,87,90
12632,minimum_down,90,115_STEAM_2,14765,89,90
12637,minimum_up,91,115_STEAM_2,14770,88,91
12638,minimum_down,91,115_STEAM_2,14771,90,91
12643,minimum_up,92,115_STEAM_2,14776,89,92
12644,minimum_down,92,115_STEAM_2,14777,91,92
12649,minimum_up,93,115_STEAM_2,14782,90,93
12650,minimum_down,93,115_STEAM_2,14783,92,93
12655,minimum_up,94,115_STEAM_2,14788,91,94
12656,minimum_down,94,115_STEAM_2,14789,93,94
12661,minimum_up,95,115_STEAM_2,14794,92,95
12662,minimum_down,95,115_STEAM_2,14795,94,95
12667,minimum_up,96,115_STEAM_2,14800,93,96
12668,minimum_down,96,115_STEAM_2,14801,95,96
12673,minimum_up,97,115_STEAM_2,14806,94,97
12674,minimum_down,97,115_STEAM_2,14807,96,97
12679,minimum_up,98,115_STEAM_2,14812,95,98
12680,minimum_down,98,115_STEAM_2,14813,97,98
12685,minimum_up,99,115_STEAM_2,14818,96,99
12686,minimum_down,99,115_STEAM_2,14819,98,99
12691,minimum_up,100,115_STEAM_2,14824,97,100
12692,minimum_down,100,115_STEAM_2,14825,99,100
12697,minimum_up,101,115_STEAM_2,14830,98,101
12698,minimum_down,101,115_STEAM_2,14831,100,101
12703,minimum_up,102,115_STEAM_2,14836,99,102
12704,minimum_down,102,115_STEAM_2,14837,101,102
12709,minimum_up,103,115_STEAM_2,14842,100,103
12710,minimum_down,103,115_STEAM_2,14843,102,103
12715,minimum_up,104,115_STEAM_2,14848,101,104
12716,minimum_down,104,115_STEAM_2,14849,103,104
12721,minimum_up,105,115_STEAM_2,14854,102,105
12722,minimum_down,105,115_STEAM_2,14855,104,105
12727,minimum_up,106,115_STEAM_2,14860,103,106
12728,minimum_down,106,115_STEAM_2,14861,105,106
12733,minimum_up,107,115_STEAM_2,14866,104,107
12734,minimum_down,107,115_STEAM_2,14867,106,107
12739,minimum_up,108,115_STEAM_2,14872,105,108
12740,minimum_down,108,115_STEAM_2,14873,107,108
12745,minimum_up,109,115_STEAM_2,14878,106,109
12746,minimum_down,109,115_STEAM_2,14879,108,109
12751,minimum_up,110,115_STEAM_2,14884,107,110
12752,minimum_down,110,115_STEAM_2,14885,109,110
12757,minimum_up,111,115_STEAM_2,14890,108,111
12758,minimum_down,111,115_STEAM_2,14891,110,111
12763,minimum_up,112,115_STEAM_2,14896,109,112
12764,minimum_down,112,115_STEAM_2,14897,111,112
12769,minimum_up,113,115_STEAM_2,14902,110,113
12770,minimum_down,113,115_STEAM_2,14903,112,113
12775,minimum_up,114,115_STEAM_2,14908,111,114
12776,minimum_down,114,115_STEAM_2,14909,113,114
12781,minimum_up,115,115_STEAM_2,14914,112,115
12782,minimum_down,115,115_STEAM_2,14915,114,115
12787,minimum_up,116,115_STEAM_2,14920,113,116
12788,minimum_down,116,115_STEAM_2,14921,115,116
12793,minimum_up,117,115_STEAM_2,14926,114,117
12794,minimum_down,117,115_STEAM_2,14927,116,117
12799,minimum_up,118,115_STEAM_2,14932,115,118
12800,minimum_down,118,115_STEAM_2,14933,117,118
12805,minimum_up,119,115_STEAM_2,14938,116,119
12806,minimum_down,119,115_STEAM_2,14939,118,119
12811,minimum_up,120,115_STEAM_2,14944,117,120
12812,minimum_down,120,115_STEAM_2,14945,119,120
12817,minimum_up,121,115_STEAM_2,14950,118,121
12818,minimum_down,121,115_STEAM_2,14951,120,121
12823,minimum_up,122,115_STEAM_2,14956,119,122
12824,minimum_down,122,115_STEAM_2,14957,121,122
12829,minimum_up,123,115_STEAM_2,14962,120,123
12830,minimum_down,123,115_STEAM_2,14963,122,123
12835,minimum_up,124,115_STEAM_2,14968,121,124
12836,minimum_down,124,115_STEAM_2,14969,123,124
12841,minimum_up,125,115_STEAM_2,14974,122,125
12842,minimum_down,125,115_STEAM_2,14975,124,125
12847,minimum_up,126,115_STEAM_2,14980,123,126
12848,minimum_down,126,115_STEAM_2,14981,125,126
12853,minimum_up,127,115_STEAM_2,14986,124,127
12854,minimum_down,127,115_STEAM_2,14987,126,127
12859,minimum_up,128,115_STEAM_2,14992,125,128
12860,minimum_down,128,115_STEAM_2,14993,127,128
12865,minimum_up,129,115_STEAM_2,14998,126,129
12866,minimum_down,129,115_STEAM_2,14999,128,129
12871,minimum_up,130,115_STEAM_2,15004,127,130
12872,minimum_down,130,115_STEAM_2,15005,129,130
12877,minimum_up,131,115_STEAM_2,15010,128,131
12878,minimum_down,131,115_STEAM_2,15011,130,131
13197,minimum_up,43,115_STEAM_3,15486,36,43
13198,minimum_down,43,115_STEAM_3,15487,36,43
13203,minimum_up,44,115_STEAM_3,15492,37,44
13204,minimum_down,44,115_STEAM_3,15493,37,44
13209,minimum_up,45,115_STEAM_3,15498,38,45
13210,minimum_down,45,115_STEAM_3,15499,38,45
13215,minimum_up,46,115_STEAM_3,15504,39,46
13216,minimum_down,46,115_STEAM_3,15505,39,46
13221,minimum_up,47,115_STEAM_3,15510,40,47
13222,minimum_down,47,115_STEAM_3,15511,40,47
13227,minimum_up,48,115_STEAM_3,15516,41,48
13228,minimum_down,48,115_STEAM_3,15517,41,48
13233,minimum_up,49,115_STEAM_3,15522,42,49
13234,minimum_down,49,115_STEAM_3,15523,42,49
13239,minimum_up,50,115_STEAM_3,15528,43,50
13240,minimum_down,50,115_STEAM_3,15529,43,50
13245,minimum_up,51,115_STEAM_3,15534,44,51
13246,minimum_down,51,115_STEAM_3,15535,44,51
13251,minimum_up,52,115_STEAM_3,15540,45,52
13252,minimum_down,52,115_STEAM_3,15541,45,52
13257,minimum_up,53,115_STEAM_3,15546,46,53
13258,minimum_down,53,115_STEAM_3,15547,46,53
13263,minimum_up,54,115_STEAM_3,15552,47,54
13264,minimum_down,54,115_STEAM_3,15553,47,54
13269,minimum_up,55,115_STEAM_3,15558,48,55
13270,minimum_down,55,115_STEAM_3,15559,48,55
13275,minimum_up,56,115_STEAM_3,15564,49,56
13276,minimum_down,56,115_STEAM_3,15565,49,56
13281,minimum_up,57,115_STEAM_3,15570,50,57
13282,minimum_down,57,115_STEAM_3,15571,50,57
13287,minimum_up,58,115_STEAM_3,15576,51,58
13288,minimum_down,58,115_STEAM_3,15577,51,58
13293,minimum_up,59,115_STEAM_3,15582,52,59
13294,minimum_down,59,115_STEAM_3,15583,52,59
13299,minimum_up,60,115_STEAM_3,15588,53,60
13300,minimum_down,60,115_STEAM_3,15589,53,60
13305,minimum_up,61,115_STEAM_3,15594,54,61
13306,minimum_down,61,115_STEAM_3,15595,54,61
13311,minimum_up,62,115_STEAM_3,15600,55,62
13312,minimum_down,62,115_STEAM_3,15601,55,62
13317,minimum_up,63,115_STEAM_3,15606,56,63
13318,minimum_down,63,115_STEAM_3,15607,56,63
13323,minimum_up,64,115_STEAM_3,15612,57,64
13324,minimum_down,64,115_STEAM_3,15613,57,64
13329,minimum_up,65,115_STEAM_3,15618,58,65
13330,minimum_down,65,115_STEAM_3,15619,58,65
13335,minimum_up,66,115_STEAM_3,15624,59,66
13336,minimum_down,66,115_STEAM_3,15625,59,66
13341,minimum_up,67,115_STEAM_3,15630,60,67
13342,minimum_down,67,115_STEAM_3,15631,60,67
13347,minimum_up,68,115_STEAM_3,15636,61,68
13348,minimum_down,68,115_STEAM_3,15637,61,68
13353,minimum_up,69,115_STEAM_3,15642,62,69
13354,minimum_down,69,115_STEAM_3,15643,62,69
13359,minimum_up,70,115_STEAM_3,15648,63,70
13360,minimum_down,70,115_STEAM_3,15649,63,70
13365,minimum_up,71,115_STEAM_3,15654,64,71
13366,minimum_down,71,115_STEAM_3,15655,64,71
13371,minimum_up,72,115_STEAM_3,15660,65,72
13372,minimum_down,72,115_STEAM_3,15661,65,72
13377,minimum_up,73,115_STEAM_3,15666,66,73
13378,minimum_down,73,115_STEAM_3,15667,66,73
13383,minimum_up,74,115_STEAM_3,15672,67,74
13384,minimum_down,74,115_STEAM_3,15673,67,74
13389,minimum_up,75,115_STEAM_3,15678,68,75
13390,minimum_down,75,115_STEAM_3,15679,68,75
13395,minimum_up,76,115_STEAM_3,15684,69,76
13396,minimum_down,76,115_STEAM_3,15685,69,76
13401,minimum_up,77,115_STEAM_3,15690,70,77
13402,minimum_down,77,115_STEAM_3,15691,70,77
13407,minimum_up,78,115_STEAM_3,15696,71,78
13408,minimum_down,78,115_STEAM_3,15697,71,78
13413,minimum_up,79,115_STEAM_3,15702,72,79
13414,minimum_down,79,115_STEAM_3,15703,72,79
13419,minimum_up,80,115_STEAM_3,15708,73,80
13420,minimum_down,80,115_STEAM_3,15709,73,80
13425,minimum_up,81,115_STEAM_3,15714,74,81
13426,minimum_down,81,115_STEAM_3,15715,74,81
13431,minimum_up,82,115_STEAM_3,15720,75,82
13432,minimum_down,82,115_STEAM_3,15721,75,82
13437,minimum_up,83,115_STEAM_3,15726,76,83
13438,minimum_down,83,115_STEAM_3,15727,76,83
13443,minimum_up,84,115_STEAM_3,15732,77,84
13444,minimum_down,84,115_STEAM_3,15733,77,84
13449,minimum_up,85,115_STEAM_3,15738,78,85
13450,minimum_down,85,115_STEAM_3,15739,78,85
13455,minimum_up,86,115_STEAM_3,15744,79,86
13456,minimum_down,86,115_STEAM_3,15745,79,86
13461,minimum_up,87,115_STEAM_3,15750,80,87
13462,minimum_down,87,115_STEAM_3,15751,80,87
13467,minimum_up,88,115_STEAM_3,15756,81,88
13468,minimum_down,88,115_STEAM_3,15757,81,88
13473,minimum_up,89,115_STEAM_3,15762,82,89
13474,minimum_down,89,115_STEAM_3,15763,82,89
13479,minimum_up,90,115_STEAM_3,15768,83,90
13480,minimum_down,90,115_STEAM_3,15769,83,90
13485,minimum_up,91,115_STEAM_3,15774,84,91
13486,minimum_down,91,115_STEAM_3,15775,84,91
13491,minimum_up,92,115_STEAM_3,15780,85,92
13492,minimum_down,92,115_STEAM_3,15781,85,92
13497,minimum_up,93,115_STEAM_3,15786,86,93
13498,minimum_down,93,115_STEAM_3,15787,86,93
13503,minimum_up,94,115_STEAM_3,15792,87,94
13504,minimum_down,94,115_STEAM_3,15793,87,94
13509,minimum_up,95,115_STEAM_3,15798,88,95
13510,minimum_down,95,115_STEAM_3,15799,88,95
13515,minimum_up,96,115_STEAM_3,15804,89,96
13516,minimum_down,96,115_STEAM_3,15805,89,96
13521,minimum_up,97,115_STEAM_3,15810,90,97
13522,minimum_down,97,115_STEAM_3,15811,90,97
13527,minimum_up,98,115_STEAM_3,15816,91,98
13528,minimum_down,98,115_STEAM_3,15817,91,98
13533,minimum_up,99,115_STEAM_3,15822,92,99
13534,minimum_down,99,115_STEAM_3,15823,92,99
13539,minimum_up,100,115_STEAM_3,15828,93,100
13540,minimum_down,100,115_STEAM_3,15829,93,100
13545,minimum_up,101,115_STEAM_3,15834,94,101
13546,minimum_down,101,115_STEAM_3,15835,94,101
13551,minimum_up,102,115_STEAM_3,15840,95,102
13552,minimum_down,102,115_STEAM_3,15841,95,102
13557,minimum_up,103,115_STEAM_3,15846,96,103
13558,minimum_down,103,115_STEAM_3,15847,96,103
13563,minimum_up,104,115_STEAM_3,15852,97,104
13564,minimum_down,104,115_STEAM_3,15853,97,104
13569,minimum_up,105,115_STEAM_3,15858,98,105
13570,minimum_down,105,115_STEAM_3,15859,98,105
13575,minimum_up,106,115_STEAM_3,15864,99,106
13576,minimum_down,106,115_STEAM_3,15865,99,106
13581,minimum_up,107,115_STEAM_3,15870,100,107
13582,minimum_down,107,115_STEAM_3,15871,100,107
13587,minimum_up,108,115_STEAM_3,15876,101,108
13588,minimum_down,108,115_STEAM_3,15877,101,108
13593,minimum_up,109,115_STEAM_3,15882,102,109
13594,minimum_down,109,115_STEAM_3,15883,102,109
13599,minimum_up,110,115_STEAM_3,15888,103,110
13600,minimum_down,110,115_STEAM_3,15889,103,110
13605,minimum_up,111,115_STEAM_3,15894,104,111
13606,minimum_down,111,115_STEAM_3,15895,104,111
13611,minimum_up,112,115_STEAM_3,15900,105,112
13612,minimum_down,112,115_STEAM_3,15901,105,112
13617,minimum_up,113,115_STEAM_3,15906,106,113
13618,minimum_down,113,115_STEAM_3,15907,106,113
13623,minimum_up,114,115_STEAM_3,15912,107,114
13624,minimum_down,114,115_STEAM_3,15913,107,114
13629,minimum_up,115,115_STEAM_3,15918,108,115
13630,minimum_down,115,115_STEAM_3,15919,108,115
13635,minimum_up,116,115_STEAM_3,15924,109,116
13636,minimum_down,116,115_STEAM_3,15925,109,116
13641,minimum_up,117,115_STEAM_3,15930,110,117
13642,minimum_down,117,115_STEAM_3,15931,110,117
13647,minimum_up,118,115_STEAM_3,15936,111,118
13648,minimum_down,118,115_STEAM_3,15937,111,118
13653,minimum_up,119,115_STEAM_3,15942,112,119
13654,minimum_down,119,115_STEAM_3,15943,112,119
13659,minimum_up,120,115_STEAM_3,15948,113,120
13660,minimum_down,120,115_STEAM_3,15949,113,120
13665,minimum_up,121,115_STEAM_3,15954,114,121
13666,minimum_down,121,115_STEAM_3,15955,114,121
13671,minimum_up,122,115_STEAM_3,15960,115,122
13672,minimum_down,122,115_STEAM_3,15961,115,122
13677,minimum_up,123,115_STEAM_3,15966,116,123
13678,minimum_down,123,115_STEAM_3,15967,116,123
13683,minimum_up,124,115_STEAM_3,15972,117,124
13684,minimum_down,124,115_STEAM_3,15973,117,124
13689,minimum_up,125,115_STEAM_3,15978,118,125
13690,minimum_down,125,115_STEAM_3,15979,118,125
13695,minimum_up,126,115_STEAM_3,15984,119,126
13696,minimum_down,126,115_STEAM_3,15985,119,126
13701,minimum_up,127,115_STEAM_3,15990,120,127
13702,minimum_down,127,115_STEAM_3,15991,120,127
13707,minimum_up,128,115_STEAM_3,15996,121,128
13708,minimum_down,128,115_STEAM_3,15997,121,128
13713,minimum_up,129,115_STEAM_3,16002,122,129
13714,minimum_down,129,115_STEAM_3,16003,122,129
13719,minimum_up,130,115_STEAM_3,16008,123,130
13720,minimum_down,130,115_STEAM_3,16009,123,130
13725,minimum_up,131,115_STEAM_3,16014,124,131
13726,minimum_down,131,115_STEAM_3,16015,124,131
14045,minimum_up,43,116_STEAM_1,16490,36,43
14046,minimum_down,43,116_STEAM_1,16491,36,43
14051,minimum_up,44,116_STEAM_1,16496,37,44
14052,minimum_down,44,116_STEAM_1,16497,37,44
14057,minimum_up,45,116_STEAM_1,16502,38,45
14058,minimum_down,45,116_STEAM_1,16503,38,45
14063,minimum_up,46,116_STEAM_1,16508,39,46
14064,minimum_down,46,116_STEAM_1,16509,39,46
14069,minimum_up,47,116_STEAM_1,16514,40,47
14070,minimum_down,47,116_STEAM_1,16515,40,47
14075,minimum_up,48,116_STEAM_1,16520,41,48
14076,minimum_down,48,116_STEAM_1,16521,41,48
14081,minimum_up,49,116_STEAM_1,16526,42,49
14082,minimum_down,49,116_STEAM_1,16527,42,49
14087,minimum_up,50,116_STEAM_1,16532,43,50
14088,minimum_down,50,116_STEAM_1,16533,43,50
14093,minimum_up,51,116_STEAM_1,16538,44,51
14094,minimum_down,51,116_STEAM_1,16539,44,51
14099,minimum_up,52,116_STEAM_1,16544,45,52
14100,minimum_down,52,116_STEAM_1,16545,45,52
14105,minimum_up,53,116_STEAM_1,16550,46,53
14106,minimum_down,53,116_STEAM_1,16551,46,53
14111,minimum_up,54,116_STEAM_1,16556,47,54
14112,minimum_down,54,116_STEAM_1,16557,47,54
14117,minimum_up,55,116_STEAM_1,16562,48,55
14118,minimum_down,55,116_STEAM_1,16563,48,55
14123,minimum_up,56,116_STEAM_1,16568,49,56
14124,minimum_down,56,116_STEAM_1,16569,49,56
14129,minimum_up,57,116_STEAM_1,16574,50,57
14130,minimum_down,57,116_STEAM_1,16575,50,57
14135,minimum_up,58,116_STEAM_1,16580,51,58
14136,minimum_down,58,116_STEAM_1,16581,51,58
14141,minimum_up,59,116_STEAM_1,16586,52,59
14142,minimum_down,59,116_STEAM_1,16587,52,59
14147,minimum_up,60,116_STEAM_1,16592,53,60
14148,minimum_down,60,116_STEAM_1,16593,53,60
14153,minimum_up,61,116_STEAM_1,16598,54,61
14154,minimum_down,61,116_STEAM_1,16599,54,61
14159,minimum_up,62,116_STEAM_1,16604,55,62
14160,minimum_down,62,116_STEAM_1,16605,55,62
14165,minimum_up,63,116_STEAM_1,16610,56,63
14166,minimum_down,63,116_STEAM_1,16611,56,63
14171,minimum_up,64,116_STEAM_1,16616,57,64
14172,minimum_down,64,116_STEAM_1,16617,57,64
14177,minimum_up,65,116_STEAM_1,16622,58,65
14178,minimum_down,65,116_STEAM_1,16623,58,65
14183,minimum_up,66,116_STEAM_1,16628,59,66
14184,minimum_down,66,116_STEAM_1,16629,59,66
14189,minimum_up,67,116_STEAM_1,16634,60,67
14190,minimum_down,67,116_STEAM_1,16635,60,67
14195,minimum_up,68,116_STEAM_1,16640,61,68
14196,minimum_down,68,116_STEAM_1,16641,61,68
14201,minimum_up,69,116_STEAM_1,16646,62,69
14202,minimum_down,69,116_STEAM_1,16647,62,69
14207,minimum_up,70,116_STEAM_1,16652,63,70
14208,minimum_down,70,116_STEAM_1,16653,63,70
14213,minimum_up,71,116_STEAM_1,16658,64,71
14214,minimum_down,71,116_STEAM_1,16659,64,71
14219,minimum_up,72,116_STEAM_1,16664,65,72
14220,minimum_down,72,116_STEAM_1,16665,65,72
14225,minimum_up,73,116_STEAM_1,16670,66,73
14226,minimum_down,73,116_STEAM_1,16671,66,73
14231,minimum_up,74,116_STEAM_1,16676,67,74
14232,minimum_down,74,116_STEAM_1,16677,67,74
14237,minimum_up,75,116_STEAM_1,16682,68,75
14238,minimum_down,75,116_STEAM_1,16683,68,75
14243,minimum_up,76,116_STEAM_1,16688,69,76
14244,minimum_down,76,116_STEAM_1,16689,69,76
14249,minimum_up,77,116_STEAM_1,16694,70,77
14250,minimum_down,77,116_STEAM_1,16695,70,77
14255,minimum_up,78,116_STEAM_1,16700,71,78
14256,minimum_down,78,116_STEAM_1,16701,71,78
14261,minimum_up,79,116_STEAM_1,16706,72,79
14262,minimum_down,79,116_STEAM_1,16707,72,79
14267,minimum_up,80,116_STEAM_1,16712,73,80
14268,minimum_down,80,116_STEAM_1,16713,73,80
14273,minimum_up,81,116_STEAM_1,16718,74,81
14274,minimum_down,81,116_STEAM_1,16719,74,81
14279,minimum_up,82,116_STEAM_1,16724,75,82
14280,minimum_down,82,116_STEAM_1,16725,75,82
14285,minimum_up,83,116_STEAM_1,16730,76,83
14286,minimum_down,83,116_STEAM_1,16731,76,83
14291,minimum_up,84,116_STEAM_1,16736,77,84
14292,minimum_down,84,116_STEAM_1,16737,77,84
14297,minimum_up,85,116_STEAM_1,16742,78,85
14298,minimum_down,85,116_STEAM_1,16743,78,85
14303,minimum_up,86,116_STEAM_1,16748,79,86
14304,minimum_down,86,116_STEAM_1,16749,79,86
14309,minimum_up,87,116_STEAM_1,16754,80,87
14310,minimum_down,87,116_STEAM_1,16755,80,87
14315,minimum_up,88,116_STEAM_1,16760,81,88
14316,minimum_down,88,116_STEAM_1,16761,81,88
14321,minimum_up,89,116_STEAM_1,16766,82,89
14322,minimum_down,89,116_STEAM_1,16767,82,89
14327,minimum_up,90,116_STEAM_1,16772,83,90
14328,minimum_down,90,116_STEAM_1,16773,83,90
14333,minimum_up,91,116_STEAM_1,16778,84,91
14334,minimum_down,91,116_STEAM_1,16779,84,91
14339,minimum_up,92,116_STEAM_1,16784,85,92
14340,minimum_down,92,116_STEAM_1,16785,85,92
14345,minimum_up,93,116_STEAM_1,16790,86,93
14346,minimum_down,93,116_STEAM_1,16791,86,93
14351,minimum_up,94,116_STEAM_1,16796,87,94
14352,minimum_down,94,116_STEAM_1,16797,87,94
14357,minimum_up,95,116_STEAM_1,16802,88,95
14358,minimum_down,95,116_STEAM_1,16803,88,95
14363,minimum_up,96,116_STEAM_1,16808,89,96
14364,minimum_down,96,116_STEAM_1,16809,89,96
14369,minimum_up,97,116_STEAM_1,16814,90,97
14370,minimum_down,97,116_STEAM_1,16815,90,97
14375,minimum_up,98,116_STEAM_1,16820,91,98
14376,minimum_down,98,116_STEAM_1,16821,91,98
14381,minimum_up,99,116_STEAM_1,16826,92,99
14382,minimum_down,99,116_STEAM_1,16827,92,99
14387,minimum_up,100,116_STEAM_1,16832,93,100
14388,minimum_down,100,116_STEAM_1,16833,93,100
14393,minimum_up,101,116_STEAM_1,16838,94,101
14394,minimum_down,101,116_STEAM_1,16839,94,101
14399,minimum_up,102,116_STEAM_1,16844,95,102
14400,minimum_down,102,116_STEAM_1,16845,95,102
14405,minimum_up,103,116_STEAM_1,16850,96,103
14406,minimum_down,103,116_STEAM_1,16851,96,103
14411,minimum_up,104,116_STEAM_1,16856,97,104
14412,minimum_down,104,116_STEAM_1,16857,97,104
14417,minimum_up,105,116_STEAM_1,16862,98,105
14418,minimum_down,105,116_STEAM_1,16863,98,105
14423,minimum_up,106,116_STEAM_1,16868,99,106
14424,minimum_down,106,116_STEAM_1,16869,99,106
14429,minimum_up,107,116_STEAM_1,16874,100,107
14430,minimum_down,107,116_STEAM_1,16875,100,107
14435,minimum_up,108,116_STEAM_1,16880,101,108
14436,minimum_down,108,116_STEAM_1,16881,101,108
14441,minimum_up,109,116_STEAM_1,16886,102,109
14442,minimum_down,109,116_STEAM_1,16887,102,109
14447,minimum_up,110,116_STEAM_1,16892,103,110
14448,minimum_down,110,116_STEAM_1,16893,103,110
14453,minimum_up,111,116_STEAM_1,16898,104,111
14454,minimum_down,111,116_STEAM_1,16899,104,111
14459,minimum_up,112,116_STEAM_1,16904,105,112
14460,minimum_down,112,116_STEAM_1,16905,105,112
14465,minimum_up,113,116_STEAM_1,16910,106,113
14466,minimum_down,113,116_STEAM_1,16911,106,113
14471,minimum_up,114,116_STEAM_1,16916,107,114
14472,minimum_down,114,116_STEAM_1,16917,107,114
14477,minimum_up,115,116_STEAM_1,16922,108,115
14478,minimum_down,115,116_STEAM_1,16923,108,115
14483,minimum_up,116,116_STEAM_1,16928,109,116
14484,minimum_down,116,116_STEAM_1,16929,109,116
14489,minimum_up,117,116_STEAM_1,16934,110,117
14490,minimum_down,117,116_STEAM_1,16935,110,117
14495,minimum_up,118,116_STEAM_1,16940,111,118
14496,minimum_down,118,116_STEAM_1,16941,111,118
14501,minimum_up,119,116_STEAM_1,16946,112,119
14502,minimum_down,119,116_STEAM_1,16947,112,119
14507,minimum_up,120,116_STEAM_1,16952,113,120
14508,minimum_down,120,116_STEAM_1,16953,113,120
14513,minimum_up,121,116_STEAM_1,16958,114,121
14514,minimum_down,121,116_STEAM_1,16959,114,121
14519,minimum_up,122,116_STEAM_1,16964,115,122
14520,minimum_down,122,116_STEAM_1,16965,115,122
14525,minimum_up,123,116_STEAM_1,16970,116,123
14526,minimum_down,123,116_STEAM_1,16971,116,123
14531,minimum_up,124,116_STEAM_1,16976,117,124
14532,minimum_down,124,116_STEAM_1,16977,117,124
14537,minimum_up,125,116_STEAM_1,16982,118,125
14538,minimum_down,125,116_STEAM_1,16983,118,125
14543,minimum_up,126,116_STEAM_1,16988,119,126
14544,minimum_down,126,116_STEAM_1,16989,119,126
14549,minimum_up,127,116_STEAM_1,16994,120,127
14550,minimum_down,127,116_STEAM_1,16995,120,127
14555,minimum_up,128,116_STEAM_1,17000,121,128
14556,minimum_down,128,116_STEAM_1,17001,121,128
14561,minimum_up,129,116_STEAM_1,17006,122,129
14562,minimum_down,129,116_STEAM_1,17007,122,129
14567,minimum_up,130,116_STEAM_1,17012,123,130
14568,minimum_down,130,116_STEAM_1,17013,123,130
14573,minimum_up,131,116_STEAM_1,17018,124,131
14574,minimum_down,131,116_STEAM_1,17019,124,131
14881,minimum_down,40,118_CC_1,17477,36,40
14886,minimum_down,41,118_CC_1,17483,37,41
14891,minimum_down,42,118_CC_1,17489,38,42
14896,minimum_up,43,118_CC_1,17494,36,43
14897,minimum_down,43,118_CC_1,17495,39,43
14902,minimum_up,44,118_CC_1,17500,37,44
14903,minimum_down,44,118_CC_1,17501,40,44
14908,minimum_up,45,118_CC_1,17506,38,45
14909,minimum_down,45,118_CC_1,17507,41,45
14914,minimum_up,46,118_CC_1,17512,39,46
14915,minimum_down,46,118_CC_1,17513,42,46
14920,minimum_up,47,118_CC_1,17518,40,47
14921,minimum_down,47,118_CC_1,17519,43,47
14926,minimum_up,48,118_CC_1,17524,41,48
14927,minimum_down,48,118_CC_1,17525,44,48
14932,minimum_up,49,118_CC_1,17530,42,49
14933,minimum_down,49,118_CC_1,17531,45,49
14938,minimum_up,50,118_CC_1,17536,43,50
14939,minimum_down,50,118_CC_1,17537,46,50
14944,minimum_up,51,118_CC_1,17542,44,51
14945,minimum_down,51,118_CC_1,17543,47,51
14950,minimum_up,52,118_CC_1,17548,45,52
14951,minimum_down,52,118_CC_1,17549,48,52
14956,minimum_up,53,118_CC_1,17554,46,53
14957,minimum_down,53,118_CC_1,17555,49,53
14962,minimum_up,54,118_CC_1,17560,47,54
14963,minimum_down,54,118_CC_1,17561,50,54
14968,minimum_up,55,118_CC_1,17566,48,55
14969,minimum_down,55,118_CC_1,17567,51,55
14974,minimum_up,56,118_CC_1,17572,49,56
14975,minimum_down,56,118_CC_1,17573,52,56
14980,minimum_up,57,118_CC_1,17578,50,57
14981,minimum_down,57,118_CC_1,17579,53,57
14986,minimum_up,58,118_CC_1,17584,51,58
14987,minimum_down,58,118_CC_1,17585,54,58
14992,minimum_up,59,118_CC_1,17590,52,59
14993,minimum_down,59,118_CC_1,17591,55,59
14998,minimum_up,60,118_CC_1,17596,53,60
14999,minimum_down,60,118_CC_1,17597,56,60
15004,minimum_up,61,118_CC_1,17602,54,61
15005,minimum_down,61,118_CC_1,17603,57,61
15010,minimum_up,62,118_CC_1,17608,55,62
15011,minimum_down,62,118_CC_1,17609,58,62
15016,minimum_up,63,118_CC_1,17614,56,63
15017,minimum_down,63,118_CC_1,17615,59,63
15022,minimum_up,64,118_CC_1,17620,57,64
15023,minimum_down,64,118_CC_1,17621,60,64
15028,minimum_up,65,118_CC_1,17626,58,65
15029,minimum_down,65,118_CC_1,17627,61,65
15034,minimum_up,66,118_CC_1,17632,59,66
15035,minimum_down,66,118_CC_1,17633,62,66
15040,minimum_up,67,118_CC_1,17638,60,67
15041,minimum_down,67,118_CC_1,17639,63,67
15046,minimum_up,68,118_CC_1,17644,61,68
15047,minimum_down,68,118_CC_1,17645,64,68
15052,minimum_up,69,118_CC_1,17650,62,69
15053,minimum_down,69,118_CC_1,17651,65,69
15058,minimum_up,70,118_CC_1,17656,63,70
15059,minimum_down,70,118_CC_1,17657,66,70
15064,minimum_up,71,118_CC_1,17662,64,71
15065,minimum_down,71,118_CC_1,17663,67,71
15070,minimum_up,72,118_CC_1,17668,65,72
15071,minimum_down,72,118_CC_1,17669,68,72
15076,minimum_up,73,118_CC_1,17674,66,73
15077,minimum_down,73,118_CC_1,17675,69,73
15082,minimum_up,74,118_CC_1,17680,67,74
15083,minimum_down,74,118_CC_1,17681,70,74
15088,minimum_up,75,118_CC_1,17686,68,75
15089,minimum_down,75,118_CC_1,17687,71,75
15094,minimum_up,76,118_CC_1,17692,69,76
15095,minimum_down,76,118_CC_1,17693,72,76
15100,minimum_up,77,118_CC_1,17698,70,77
15101,minimum_down,77,118_CC_1,17699,73,77
15106,minimum_up,78,118_CC_1,17704,71,78
15107,minimum_down,78,118_CC_1,17705,74,78
15112,minimum_up,79,118_CC_1,17710,72,79
15113,minimum_down,79,118_CC_1,17711,75,79
15118,minimum_up,80,118_CC_1,17716,73,80
15119,minimum_down,80,118_CC_1,17717,76,80
15124,minimum_up,81,118_CC_1,17722,74,81
15125,minimum_down,81,118_CC_1,17723,77,81
15130,minimum_up,82,118_CC_1,17728,75,82
15131,minimum_down,82,118_CC_1,17729,78,82
15136,minimum_up,83,118_CC_1,17734,76,83
15137,minimum_down,83,118_CC_1,17735,79,83
15142,minimum_up,84,118_CC_1,17740,77,84
15143,minimum_down,84,118_CC_1,17741,80,84
15148,minimum_up,85,118_CC_1,17746,78,85
15149,minimum_down,85,118_CC_1,17747,81,85
15154,minimum_up,86,118_CC_1,17752,79,86
15155,minimum_down,86,118_CC_1,17753,82,86
15160,minimum_up,87,118_CC_1,17758,80,87
15161,minimum_down,87,118_CC_1,17759,83,87
15166,minimum_up,88,118_CC_1,17764,81,88
15167,minimum_down,88,118_CC_1,17765,84,88
15172,minimum_up,89,118_CC_1,17770,82,89
15173,minimum_down,89,118_CC_1,17771,85,89
15178,minimum_up,90,118_CC_1,17776,83,90
15179,minimum_down,90,118_CC_1,17777,86,90
15184,minimum_up,91,118_CC_1,17782,84,91
15185,minimum_down,91,118_CC_1,17783,87,91
15190,minimum_up,92,118_CC_1,17788,85,92
15191,minimum_down,92,118_CC_1,17789,88,92
15196,minimum_up,93,118_CC_1,17794,86,93
15197,minimum_down,93,118_CC_1,17795,89,93
15202,minimum_up,94,118_CC_1,17800,87,94
15203,minimum_down,94,118_CC_1,17801,90,94
15208,minimum_up,95,118_CC_1,17806,88,95
15209,minimum_down,95,118_CC_1,17807,91,95
15214,minimum_up,96,118_CC_1,17812,89,96
15215,minimum_down,96,118_CC_1,17813,92,96
15220,minimum_up,97,118_CC_1,17818,90,97
15221,minimum_down,97,118_CC_1,17819,93,97
15226,minimum_up,98,118_CC_1,17824,91,98
15227,minimum_down,98,118_CC_1,17825,94,98
15232,minimum_up,99,118_CC_1,17830,92,99
15233,minimum_down,99,118_CC_1,17831,95,99
15238,minimum_up,100,118_CC_1,17836,93,100
15239,minimum_down,100,118_CC_1,17837,96,100
15244,minimum_up,101,118_CC_1,17842,94,101
15245,minimum_down,101,118_CC_1,17843,97,101
15250,minimum_up,102,118_CC_1,17848,95,102
15251,minimum_down,102,118_CC_1,17849,98,102
15256,minimum_up,103,118_CC_1,17854,96,103
15257,minimum_down,103,118_CC_1,17855,99,103
15262,minimum_up,104,118_CC_1,17860,97,104
15263,minimum_down,104,118_CC_1,17861,100,104
15268,minimum_up,105,118_CC_1,17866,98,105
15269,minimum_down,105,118_CC_1,17867,101,105
15274,minimum_up,106,118_CC_1,17872,99,106
15275,minimum_down,106,118_CC_1,17873,102,106
15280,minimum_up,107,118_CC_1,17878,100,107
15281,minimum_down,107,118_CC_1,17879,103,107
15286,minimum_up,108,118_CC_1,17884,101,108
15287,minimum_down,108,118_CC_1,17885,104,108
15292,minimum_up,109,118_CC_1,17890,102,109
15293,minimum_down,109,118_CC_1,17891,105,109
15298,minimum_up,110,118_CC_1,17896,103,110
15299,minimum_down,110,118_CC_1,17897,106,110
15304,minimum_up,111,118_CC_1,17902,104,111
15305,minimum_down,111,118_CC_1,17903,107,111
15310,minimum_up,112,118_CC_1,17908,105,112
15311,minimum_down,112,118_CC_1,17909,108,112
15316,minimum_up,113,118_CC_1,17914,106,113
15317,minimum_down,113,118_CC_1,17915,109,113
15322,minimum_up,114,118_CC_1,17920,107,114
15323,minimum_down,114,118_CC_1,17921,110,114
15328,minimum_up,115,118_CC_1,17926,108,115
15329,minimum_down,115,118_CC_1,17927,111,115
15334,minimum_up,116,118_CC_1,17932,109,116
15335,minimum_down,116,118_CC_1,17933,112,116
15340,minimum_up,117,118_CC_1,17938,110,117
15341,minimum_down,117,118_CC_1,17939,113,117
15346,minimum_up,118,118_CC_1,17944,111,118
15347,minimum_down,118,118_CC_1,17945,114,118
15352,minimum_up,119,118_CC_1,17950,112,119
15353,minimum_down,119,118_CC_1,17951,115,119
15358,minimum_up,120,118_CC_1,17956,113,120
15359,minimum_down,120,118_CC_1,17957,116,120
15364,minimum_up,121,118_CC_1,17962,114,121
15365,minimum_down,121,118_CC_1,17963,117,121
15370,minimum_up,122,118_CC_1,17968,115,122
15371,minimum_down,122,118_CC_1,17969,118,122
15376,minimum_up,123,118_CC_1,17974,116,123
15377,minimum_down,123,118_CC_1,17975,119,123
15382,minimum_up,124,118_CC_1,17980,117,124
15383,minimum_down,124,118_CC_1,17981,120,124
15388,minimum_up,125,118_CC_1,17986,118,125
15389,minimum_down,125,118_CC_1,17987,121,125
15394,minimum_up,126,118_CC_1,17992,119,126
15395,minimum_down,126,118_CC_1,17993,122,126
15400,minimum_up,127,118_CC_1,17998,120,127
15401,minimum_down,127,118_CC_1,17999,123,127
15406,minimum_up,128,118_CC_1,18004,121,128
15407,minimum_down,128,118_CC_1,18005,124,128
15412,minimum_up,129,118_CC_1,18010,122,129
15413,minimum_down,129,118_CC_1,18011,125,129
15418,minimum_up,130,118_CC_1,18016,123,130
15419,minimum_down,130,118_CC_1,18017,126,130
15424,minimum_up,131,118_CC_1,18022,124,131
15425,minimum_down,131,118_CC_1,18023,127,131
15744,minimum_up,43,123_STEAM_2,18498,36,43
15745,minimum_down,43,123_STEAM_2,18499,36,43
15750,minimum_up,44,123_STEAM_2,18504,37,44
15751,minimum_down,44,123_STEAM_2,18505,37,44
15756,minimum_up,45,123_STEAM_2,18510,38,45
15757,minimum_down,45,123_STEAM_2,18511,38,45
15762,minimum_up,46,123_STEAM_2,18516,39,46
15763,minimum_down,46,123_STEAM_2,18517,39,46
15768,minimum_up,47,123_STEAM_2,18522,40,47
15769,minimum_down,47,123_STEAM_2,18523,40,47
15774,minimum_up,48,123_STEAM_2,18528,41,48
15775,minimum_down,48,123_STEAM_2,18529,41,48
15780,minimum_up,49,123_STEAM_2,18534,42,49
15781,minimum_down,49,123_STEAM_2,18535,42,49
15786,minimum_up,50,123_STEAM_2,18540,43,50
15787,minimum_down,50,123_STEAM_2,18541,43,50
15792,minimum_up,51,123_STEAM_2,18546,44,51
15793,minimum_down,51,123_STEAM_2,18547,44,51
15798,minimum_up,52,123_STEAM_2,18552,45,52
15799,minimum_down,52,123_STEAM_2,18553,45,52
15804,minimum_up,53,123_STEAM_2,18558,46,53
15805,minimum_down,53,123_STEAM_2,18559,46,53
15810,minimum_up,54,123_STEAM_2,18564,47,54
15811,minimum_down,54,123_STEAM_2,18565,47,54
15816,minimum_up,55,123_STEAM_2,18570,48,55
15817,minimum_down,55,123_STEAM_2,18571,48,55
15822,minimum_up,56,123_STEAM_2,18576,49,56
15823,minimum_down,56,123_STEAM_2,18577,49,56
15828,minimum_up,57,123_STEAM_2,18582,50,57
15829,minimum_down,57,123_STEAM_2,18583,50,57
15834,minimum_up,58,123_STEAM_2,18588,51,58
15835,minimum_down,58,123_STEAM_2,18589,51,58
15840,minimum_up,59,123_STEAM_2,18594,52,59
15841,minimum_down,59,123_STEAM_2,18595,52,59
15846,minimum_up,60,123_STEAM_2,18600,53,60
15847,minimum_down,60,123_STEAM_2,18601,53,60
15852,minimum_up,61,123_STEAM_2,18606,54,61
15853,minimum_down,61,123_STEAM_2,18607,54,61
15858,minimum_up,62,123_STEAM_2,18612,55,62
15859,minimum_down,62,123_STEAM_2,18613,55,62
15864,minimum_up,63,123_STEAM_2,18618,56,63
15865,minimum_down,63,123_STEAM_2,18619,56,63
15870,minimum_up,64,123_STEAM_2,18624,57,64
15871,minimum_down,64,123_STEAM_2,18625,57,64
15876,minimum_up,65,123_STEAM_2,18630,58,65
15877,minimum_down,65,123_STEAM_2,18631,58,65
15882,minimum_up,66,123_STEAM_2,18636,59,66
15883,minimum_down,66,123_STEAM_2,18637,59,66
15888,minimum_up,67,123_STEAM_2,18642,60,67
15889,minimum_down,67,123_STEAM_2,18643,60,67
15894,minimum_up,68,123_STEAM_2,18648,61,68
15895,minimum_down,68,123_STEAM_2,18649,61,68
15900,minimum_up,69,123_STEAM_2,18654,62,69
15901,minimum_down,69,123_STEAM_2,18655,62,69
15906,minimum_up,70,123_STEAM_2,18660,63,70
15907,minimum_down,70,123_STEAM_2,18661,63,70
15912,minimum_up,71,123_STEAM_2,18666,64,71
15913,minimum_down,71,123_STEAM_2,18667,64,71
15918,minimum_up,72,123_STEAM_2,18672,65,72
15919,minimum_down,72,123_STEAM_2,18673,65,72
15924,minimum_up,73,123_STEAM_2,18678,66,73
15925,minimum_down,73,123_STEAM_2,18679,66,73
15930,minimum_up,74,123_STEAM_2,18684,67,74
15931,minimum_down,74,123_STEAM_2,18685,67,74
15936,minimum_up,75,123_STEAM_2,18690,68,75
15937,minimum_down,75,123_STEAM_2,18691,68,75
15942,minimum_up,76,123_STEAM_2,18696,69,76
15943,minimum_down,76,123_STEAM_2,18697,69,76
15948,minimum_up,77,123_STEAM_2,18702,70,77
15949,minimum_down,77,123_STEAM_2,18703,70,77
15954,minimum_up,78,123_STEAM_2,18708,71,78
15955,minimum_down,78,123_STEAM_2,18709,71,78
15960,minimum_up,79,123_STEAM_2,18714,72,79
15961,minimum_down,79,123_STEAM_2,18715,72,79
15966,minimum_up,80,123_STEAM_2,18720,73,80
15967,minimum_down,80,123_STEAM_2,18721,73,80
15972,minimum_up,81,123_STEAM_2,18726,74,81
15973,minimum_down,81,123_STEAM_2,18727,74,81
15978,minimum_up,82,123_STEAM_2,18732,75,82
15979,minimum_down,82,123_STEAM_2,18733,75,82
15984,minimum_up,83,123_STEAM_2,18738,76,83
15985,minimum_down,83,123_STEAM_2,18739,76,83
15990,minimum_up,84,123_STEAM_2,18744,77,84
15991,minimum_down,84,123_STEAM_2,18745,77,84
15996,minimum_up,85,123_STEAM_2,18750,78,85
15997,minimum_down,85,123_STEAM_2,18751,78,85
16002,minimum_up,86,123_STEAM_2,18756,79,86
16003,minimum_down,86,123_STEAM_2,18757,79,86
16008,minimum_up,87,123_STEAM_2,18762,80,87
16009,minimum_down,87,123_STEAM_2,18763,80,87
16014,minimum_up,88,123_STEAM_2,18768,81,88
16015,minimum_down,88,123_STEAM_2,18769,81,88
16020,minimum_up,89,123_STEAM_2,18774,82,89
16021,minimum_down,89,123_STEAM_2,18775,82,89
16026,minimum_up,90,123_STEAM_2,18780,83,90
16027,minimum_down,90,123_STEAM_2,18781,83,90
16032,minimum_up,91,123_STEAM_2,18786,84,91
16033,minimum_down,91,123_STEAM_2,18787,84,91
16038,minimum_up,92,123_STEAM_2,18792,85,92
16039,minimum_down,92,123_STEAM_2,18793,85,92
16044,minimum_up,93,123_STEAM_2,18798,86,93
16045,minimum_down,93,123_STEAM_2,18799,86,93
16050,minimum_up,94,123_STEAM_2,18804,87,94
16051,minimum_down,94,123_STEAM_2,18805,87,94
16056,minimum_up,95,123_STEAM_2,18810,88,95
16057,minimum_down,95,123_STEAM_2,18811,88,95
16062,minimum_up,96,123_STEAM_2,18816,89,96
16063,minimum_down,96,123_STEAM_2,18817,89,96
16068,minimum_up,97,123_STEAM_2,18822,90,97
16069,minimum_down,97,123_STEAM_2,18823,90,97
16074,minimum_up,98,123_STEAM_2,18828,91,98
16075,minimum_down,98,123_STEAM_2,18829,91,98
16080,minimum_up,99,123_STEAM_2,18834,92,99
16081,minimum_down,99,123_STEAM_2,18835,92,99
16086,minimum_up,100,123_STEAM_2,18840,93,100
16087,minimum_down,100,123_STEAM_2,18841,93,100
16092,minimum_up,101,123_STEAM_2,18846,94,101
16093,minimum_down,101,123_STEAM_2,18847,94,101
16098,minimum_up,102,123_STEAM_2,18852,95,102
16099,minimum_down,102,123_STEAM_2,18853,95,102
16104,minimum_up,103,123_STEAM_2,18858,96,103
16105,minimum_down,103,123_STEAM_2,18859,96,103
16110,minimum_up,104,123_STEAM_2,18864,97,104
16111,minimum_down,104,123_STEAM_2,18865,97,104
16116,minimum_up,105,123_STEAM_2,18870,98,105
16117,minimum_down,105,123_STEAM_2,18871,98,105
16122,minimum_up,106,123_STEAM_2,18876,99,106
16123,minimum_down,106,123_STEAM_2,18877,99,106
16128,minimum_up,107,123_STEAM_2,18882,100,107
16129,minimum_down,107,123_STEAM_2,18883,100,107
16134,minimum_up,108,123_STEAM_2,18888,101,108
16135,minimum_down,108,123_STEAM_2,18889,101,108
16140,minimum_up,109,123_STEAM_2,18894,102,109
16141,minimum_down,109,123_STEAM_2,18895,102,109
16146,minimum_up,110,123_STEAM_2,18900,103,110
16147,minimum_down,110,123_STEAM_2,18901,103,110
16152,minimum_up,111,123_STEAM_2,18906,104,111
16153,minimum_down,111,123_STEAM_2,18907,104,111
16158,minimum_up,112,123_STEAM_2,18912,105,112
16159,minimum_down,112,123_STEAM_2,18913,105,112
16164,minimum_up,113,123_STEAM_2,18918,106,113
16165,minimum_down,113,123_STEAM_2,18919,106,113
16170,minimum_up,114,123_STEAM_2,18924,107,114
16171,minimum_down,114,123_STEAM_2,18925,107,114
16176,minimum_up,115,123_STEAM_2,18930,108,115
16177,minimum_down,115,123_STEAM_2,18931,108,115
16182,minimum_up,116,123_STEAM_2,18936,109,116
16183,minimum_down,116,123_STEAM_2,18937,109,116
16188,minimum_up,117,123_STEAM_2,18942,110,117
16189,minimum_down,117,123_STEAM_2,18943,110,117
16194,minimum_up,118,123_STEAM_2,18948,111,118
16195,minimum_down,118,123_STEAM_2,18949,111,118
16200,minimum_up,119,123_STEAM_2,18954,112,119
16201,minimum_down,119,123_STEAM_2,18955,112,119
16206,minimum_up,120,123_STEAM_2,18960,113,120
16207,minimum_down,120,123_STEAM_2,18961,113,120
16212,minimum_up,121,123_STEAM_2,18966,114,121
16213,minimum_down,121,123_STEAM_2,18967,114,121
16218,minimum_up,122,123_STEAM_2,18972,115,122
16219,minimum_down,122,123_STEAM_2,18973,115,122
16224,minimum_up,123,123_STEAM_2,18978,116,123
16225,minimum_down,123,123_STEAM_2,18979,116,123
16230,minimum_up,124,123_STEAM_2,18984,117,124
16231,minimum_down,124,123_STEAM_2,18985,117,124
16236,minimum_up,125,123_STEAM_2,18990,118,125
16237,minimum_down,125,123_STEAM_2,18991,118,125
16242,minimum_up,126,123_STEAM_2,18996,119,126
16243,minimum_down,126,123_STEAM_2,18997,119,126
16248,minimum_up,127,123_STEAM_2,19002,120,127
16249,minimum_down,127,123_STEAM_2,19003,120,127
16254,minimum_up,128,123_STEAM_2,19008,121,128
16255,minimum_down,128,123_STEAM_2,19009,121,128
16260,minimum_up,129,123_STEAM_2,19014,122,129
16261,minimum_down,129,123_STEAM_2,19015,122,129
16266,minimum_up,130,123_STEAM_2,19020,123,130
16267,minimum_down,130,123_STEAM_2,19021,123,130
16272,minimum_up,131,123_STEAM_2,19026,124,131
16273,minimum_down,131,123_STEAM_2,19027,124,131
16656,minimum_up,59,123_STEAM_3,19598,36,59
16661,minimum_up,60,123_STEAM_3,19604,37,60
16666,minimum_up,61,123_STEAM_3,19610,38,61
16671,minimum_up,62,123_STEAM_3,19616,39,62
16676,minimum_up,63,123_STEAM_3,19622,40,63
16681,minimum_up,64,123_STEAM_3,19628,41,64
16686,minimum_up,65,123_STEAM_3,19634,42,65
16691,minimum_up,66,123_STEAM_3,19640,43,66
16696,minimum_up,67,123_STEAM_3,19646,44,67
16701,minimum_up,68,123_STEAM_3,19652,45,68
16706,minimum_up,69,123_STEAM_3,19658,46,69
16711,minimum_up,70,123_STEAM_3,19664,47,70
16716,minimum_up,71,123_STEAM_3,19670,48,71
16721,minimum_up,72,123_STEAM_3,19676,49,72
16726,minimum_up,73,123_STEAM_3,19682,50,73
16731,minimum_up,74,123_STEAM_3,19688,51,74
16736,minimum_up,75,123_STEAM_3,19694,52,75
16741,minimum_up,76,123_STEAM_3,19700,53,76
16746,minimum_up,77,123_STEAM_3,19706,54,77
16751,minimum_up,78,123_STEAM_3,19712,55,78
16756,minimum_up,79,123_STEAM_3,19718,56,79
16761,minimum_up,80,123_STEAM_3,19724,57,80
16766,minimum_up,81,123_STEAM_3,19730,58,81
16771,minimum_up,82,123_STEAM_3,19736,59,82
16776,minimum_up,83,123_STEAM_3,19742,60,83
16777,minimum_down,83,123_STEAM_3,19743,36,83
16782,minimum_up,84,123_STEAM_3,19748,61,84
16783,minimum_down,84,123_STEAM_3,19749,37,84
16788,minimum_up,85,123_STEAM_3,19754,62,85
16789,minimum_down,85,123_STEAM_3,19755,38,85
16794,minimum_up,86,123_STEAM_3,19760,63,86
16795,minimum_down,86,123_STEAM_3,19761,39,86
16800,minimum_up,87,123_STEAM_3,19766,64,87
16801,minimum_down,87,123_STEAM_3,19767,40,87
16806,minimum_up,88,123_STEAM_3,19772,65,88
16807,minimum_down,88,123_STEAM_3,19773,41,88
16812,minimum_up,89,123_STEAM_3,19778,66,89
16813,minimum_down,89,123_STEAM_3,19779,42,89
16818,minimum_up,90,123_STEAM_3,19784,67,90
16819,minimum_down,90,123_STEAM_3,19785,43,90
16824,minimum_up,91,123_STEAM_3,19790,68,91
16825,minimum_down,91,123_STEAM_3,19791,44,91
16830,minimum_up,92,123_STEAM_3,19796,69,92
16831,minimum_down,92,123_STEAM_3,19797,45,92
16836,minimum_up,93,123_STEAM_3,19802,70,93
16837,minimum_down,93,123_STEAM_3,19803,46,93
16842,minimum_up,94,123_STEAM_3,19808,71,94
16843,minimum_down,94,123_STEAM_3,19809,47,94
16848,minimum_up,95,123_STEAM_3,19814,72,95
16849,minimum_down,95,123_STEAM_3,19815,48,95
16854,minimum_up,96,123_STEAM_3,19820,73,96
16855,minimum_down,96,123_STEAM_3,19821,49,96
16860,minimum_up,97,123_STEAM_3,19826,74,97
16861,minimum_down,97,123_STEAM_3,19827,50,97
16866,minimum_up,98,123_STEAM_3,19832,75,98
16867,minimum_down,98,123_STEAM_3,19833,51,98
16872,minimum_up,99,123_STEAM_3,19838,76,99
16873,minimum_down,99,123_STEAM_3,19839,52,99
16878,minimum_up,100,123_STEAM_3,19844,77,100
16879,minimum_down,100,123_STEAM_3,19845,53,100
16884,minimum_up,101,123_STEAM_3,19850,78,101
16885,minimum_down,101,123_STEAM_3,19851,54,101
16890,minimum_up,102,123_STEAM_3,19856,79,102
16891,minimum_down,102,123_STEAM_3,19857,55,102
16896,minimum_up,103,123_STEAM_3,19862,80,103
16897,minimum_down,103,123_STEAM_3,19863,56,103
16902,minimum_up,104,123_STEAM_3,19868,81,104
16903,minimum_down,104,123_STEAM_3,19869,57,104
16908,minimum_up,105,123_STEAM_3,19874,82,105
16909,minimum_down,105,123_STEAM_3,19875,58,105
16914,minimum_up,106,123_STEAM_3,19880,83,106
16915,minimum_down,106,123_STEAM_3,19881,59,106
16920,minimum_up,107,123_STEAM_3,19886,84,107
16921,minimum_down,107,123_STEAM_3,19887,60,107
16926,minimum_up,108,123_STEAM_3,19892,85,108
16927,minimum_down,108,123_STEAM_3,19893,61,108
16932,minimum_up,109,123_STEAM_3,19898,86,109
16933,minimum_down,109,123_STEAM_3,19899,62,109
16938,minimum_up,110,123_STEAM_3,19904,87,110
16939,minimum_down,110,123_STEAM_3,19905,63,110
16944,minimum_up,111,123_STEAM_3,19910,88,111
16945,minimum_down,111,123_STEAM_3,19911,64,111
16950,minimum_up,112,123_STEAM_3,19916,89,112
16951,minimum_down,112,123_STEAM_3,19917,65,112
16956,minimum_up,113,123_STEAM_3,19922,90,113
16957,minimum_down,113,123_STEAM_3,19923,66,113
16962,minimum_up,114,123_STEAM_3,19928,91,114
16963,minimum_down,114,123_STEAM_3,19929,67,114
16968,minimum_up,115,123_STEAM_3,19934,92,115
16969,minimum_down,115,123_STEAM_3,19935,68,115
16974,minimum_up,116,123_STEAM_3,19940,93,116
16975,minimum_down,116,123_STEAM_3,19941,69,116
16980,minimum_up,117,123_STEAM_3,19946,94,117
16981,minimum_down,117,123_STEAM_3,19947,70,117
16986,minimum_up,118,123_STEAM_3,19952,95,118
16987,minimum_down,118,123_STEAM_3,19953,71,118
16992,minimum_up,119,123_STEAM_3,19958,96,119
16993,minimum_down,119,123_STEAM_3,19959,72,119
16998,minimum_up,120,123_STEAM_3,19964,97,120
16999,minimum_down,120,123_STEAM_3,19965,73,120
17004,minimum_up,121,123_STEAM_3,19970,98,121
17005,minimum_down,121,123_STEAM_3,19971,74,121
17010,minimum_up,122,123_STEAM_3,19976,99,122
17011,minimum_down,122,123_STEAM_3,19977,75,122
17016,minimum_up,123,123_STEAM_3,19982,100,123
17017,minimum_down,123,123_STEAM_3,19983,76,123
17022,minimum_up,124,123_STEAM_3,19988,101,124
17023,minimum_down,124,123_STEAM_3,19989,77,124
17028,minimum_up,125,123_STEAM_3,19994,102,125
17029,minimum_down,125,123_STEAM_3,19995,78,125
17034,minimum_up,126,123_STEAM_3,20000,103,126
17035,minimum_down,126,123_STEAM_3,20001,79,126
17040,minimum_up,127,123_STEAM_3,20006,104,127
17041,minimum_down,127,123_STEAM_3,20007,80,127
17046,minimum_up,128,123_STEAM_3,20012,105,128
17047,minimum_down,128,123_STEAM_3,20013,81,128
17052,minimum_up,129,123_STEAM_3,20018,106,129
17053,minimum_down,129,123_STEAM_3,20019,82,129
17058,minimum_up,130,123_STEAM_3,20024,107,130
17059,minimum_down,130,123_STEAM_3,20025,83,130
17064,minimum_up,131,123_STEAM_3,20030,108,131
17065,minimum_down,131,123_STEAM_3,20031,84,131
17364,minimum_up,38,123_CT_1,20476,36,38
17365,minimum_down,38,123_CT_1,20477,36,38
17370,minimum_up,39,123_CT_1,20482,37,39
17371,minimum_down,39,123_CT_1,20483,37,39
17376,minimum_up,40,123_CT_1,20488,38,40
17377,minimum_down,40,123_CT_1,20489,38,40
17382,minimum_up,41,123_CT_1,20494,39,41
17383,minimum_down,41,123_CT_1,20495,39,41
17388,minimum_up,42,123_CT_1,20500,40,42
17389,minimum_down,42,123_CT_1,20501,40,42
17394,minimum_up,43,123_CT_1,20506,41,43
17395,minimum_down,43,123_CT_1,20507,41,43
17400,minimum_up,44,123_CT_1,20512,42,44
17401,minimum_down,44,123_CT_1,20513,42,44
17406,minimum_up,45,123_CT_1,20518,43,45
17407,minimum_down,45,123_CT_1,20519,43,45
17412,minimum_up,46,123_CT_1,20524,44,46
17413,minimum_down,46,123_CT_1,20525,44,46
17418,minimum_up,47,123_CT_1,20530,45,47
17419,minimum_down,47,123_CT_1,20531,45,47
17424,minimum_up,48,123_CT_1,20536,46,48
17425,minimum_down,48,123_CT_1,20537,46,48
17430,minimum_up,49,123_CT_1,20542,47,49
17431,minimum_down,49,123_CT_1,20543,47,49
17436,minimum_up,50,123_CT_1,20548,48,50
17437,minimum_down,50,123_CT_1,20549,48,50
17442,minimum_up,51,123_CT_1,20554,49,51
17443,minimum_down,51,123_CT_1,20555,49,51
17448,minimum_up,52,123_CT_1,20560,50,52
17449,minimum_down,52,123_CT_1,20561,50,52
17454,minimum_up,53,123_CT_1,20566,51,53
17455,minimum_down,53,123_CT_1,20567,51,53
17460,minimum_up,54,123_CT_1,20572,52,54
17461,minimum_down,54,123_CT_1,20573,52,54
17466,minimum_up,55,123_CT_1,20578,53,55
17467,minimum_down,55,123_CT_1,20579,53,55
17472,minimum_up,56,123_CT_1,20584,54,56
17473,minimum_down,56,123_CT_1,20585,54,56
17478,minimum_up,57,123_CT_1,20590,55,57
17479,minimum_down,57,123_CT_1,20591,55,57
17484,minimum_up,58,123_CT_1,20596,56,58
17485,minimum_down,58,123_CT_1,20597,56,58
17490,minimum_up,59,123_CT_1,20602,57,59
17491,minimum_down,59,123_CT_1,20603,57,59
17496,minimum_up,60,123_CT_1,20608,58,60
17497,minimum_down,60,123_CT_1,20609,58,60
17502,minimum_up,61,123_CT_1,20614,59,61
17503,minimum_down,61,123_CT_1,20615,59,61
17508,minimum_up,62,123_CT_1,20620,60,62
17509,minimum_down,62,123_CT_1,20621,60,62
17514,minimum_up,63,123_CT_1,20626,61,63
17515,minimum_down,63,123_CT_1,20627,61,63
17520,minimum_up,64,123_CT_1,20632,62,64
17521,minimum_down,64,123_CT_1,20633,62,64
17526,minimum_up,65,123_CT_1,20638,63,65
17527,minimum_down,65,123_CT_1,20639,63,65
17532,minimum_up,66,123_CT_1,20644,64,66
17533,minimum_down,66,123_CT_1,20645,64,66
17538,minimum_up,67,123_CT_1,20650,65,67
17539,minimum_down,67,123_CT_1,20651,65,67
17544,minimum_up,68,123_CT_1,20656,66,68
17545,minimum_down,68,123_CT_1,20657,66,68
17550,minimum_up,69,123_CT_1,20662,67,69
17551,minimum_down,69,123_CT_1,20663,67,69
17556,minimum_up,70,123_CT_1,20668,68,70
17557,minimum_down,70,123_CT_1,20669,68,70
17562,minimum_up,71,123_CT_1,20674,69,71
17563,minimum_down,71,123_CT_1,20675,69,71
17568,minimum_up,72,123_CT_1,20680,70,72
17569,minimum_down,72,123_CT_1,20681,70,72
17574,minimum_up,73,123_CT_1,20686,71,73
17575,minimum_down,73,123_CT_1,20687,71,73
17580,minimum_up,74,123_CT_1,20692,72,74
17581,minimum_down,74,123_CT_1,20693,72,74
17586,minimum_up,75,123_CT_1,20698,73,75
17587,minimum_down,75,123_CT_1,20699,73,75
17592,minimum_up,76,123_CT_1,20704,74,76
17593,minimum_down,76,123_CT_1,20705,74,76
17598,minimum_up,77,123_CT_1,20710,75,77
17599,minimum_down,77,123_CT_1,20711,75,77
17604,minimum_up,78,123_CT_1,20716,76,78
17605,minimum_down,78,123_CT_1,20717,76,78
17610,minimum_up,79,123_CT_1,20722,77,79
17611,minimum_down,79,123_CT_1,20723,77,79
17616,minimum_up,80,123_CT_1,20728,78,80
17617,minimum_down,80,123_CT_1,20729,78,80
17622,minimum_up,81,123_CT_1,20734,79,81
17623,minimum_down,81,123_CT_1,20735,79,81
17628,minimum_up,82,123_CT_1,20740,80,82
17629,minimum_down,82,123_CT_1,20741,80,82
17634,minimum_up,83,123_CT_1,20746,81,83
17635,minimum_down,83,123_CT_1,20747,81,83
17640,minimum_up,84,123_CT_1,20752,82,84
17641,minimum_down,84,123_CT_1,20753,82,84
17646,minimum_up,85,123_CT_1,20758,83,85
17647,minimum_down,85,123_CT_1,20759,83,85
17652,minimum_up,86,123_CT_1,20764,84,86
17653,minimum_down,86,123_CT_1,20765,84,86
17658,minimum_up,87,123_CT_1,20770,85,87
17659,minimum_down,87,123_CT_1,20771,85,87
17664,minimum_up,88,123_CT_1,20776,86,88
17665,minimum_down,88,123_CT_1,20777,86,88
17670,minimum_up,89,123_CT_1,20782,87,89
17671,minimum_down,89,123_CT_1,20783,87,89
17676,minimum_up,90,123_CT_1,20788,88,90
17677,minimum_down,90,123_CT_1,20789,88,90
17682,minimum_up,91,123_CT_1,20794,89,91
17683,minimum_down,91,123_CT_1,20795,89,91
17688,minimum_up,92,123_CT_1,20800,90,92
17689,minimum_down,92,123_CT_1,20801,90,92
17694,minimum_up,93,123_CT_1,20806,91,93
17695,minimum_down,93,123_CT_1,20807,91,93
17700,minimum_up,94,123_CT_1,20812,92,94
17701,minimum_down,94,123_CT_1,20813,92,94
17706,minimum_up,95,123_CT_1,20818,93,95
17707,minimum_down,95,123_CT_1,20819,93,95
17712,minimum_up,96,123_CT_1,20824,94,96
17713,minimum_down,96,123_CT_1,20825,94,96
17718,minimum_up,97,123_CT_1,20830,95,97
17719,minimum_down,97,123_CT_1,20831,95,97
17724,minimum_up,98,123_CT_1,20836,96,98
17725,minimum_down,98,123_CT_1,20837,96,98
17730,minimum_up,99,123_CT_1,20842,97,99
17731,minimum_down,99,123_CT_1,20843,97,99
17736,minimum_up,100,123_CT_1,20848,98,100
17737,minimum_down,100,123_CT_1,20849,98,100
17742,minimum_up,101,123_CT_1,20854,99,101
17743,minimum_down,101,123_CT_1,20855,99,101
17748,minimum_up,102,123_CT_1,20860,100,102
17749,minimum_down,102,123_CT_1,20861,100,102
17754,minimum_up,103,123_CT_1,20866,101,103
17755,minimum_down,103,123_CT_1,20867,101,103
17760,minimum_up,104,123_CT_1,20872,102,104
17761,minimum_down,104,123_CT_1,20873,102,104
17766,minimum_up,105,123_CT_1,20878,103,105
17767,minimum_down,105,123_CT_1,20879,103,105
17772,minimum_up,106,123_CT_1,20884,104,106
17773,minimum_down,106,123_CT_1,20885,104,106
17778,minimum_up,107,123_CT_1,20890,105,107
17779,minimum_down,107,123_CT_1,20891,105,107
17784,minimum_up,108,123_CT_1,20896,106,108
17785,minimum_down,108,123_CT_1,20897,106,108
17790,minimum_up,109,123_CT_1,20902,107,109
17791,minimum_down,109,123_CT_1,20903,107,109
17796,minimum_up,110,123_CT_1,20908,108,110
17797,minimum_down,110,123_CT_1,20909,108,110
17802,minimum_up,111,123_CT_1,20914,109,111
17803,minimum_down,111,123_CT_1,20915,109,111
17808,minimum_up,112,123_CT_1,20920,110,112
17809,minimum_down,112,123_CT_1,20921,110,112
17814,minimum_up,113,123_CT_1,20926,111,113
17815,minimum_down,113,123_CT_1,20927,111,113
17820,minimum_up,114,123_CT_1,20932,112,114
17821,minimum_down,114,123_CT_1,20933,112,114
17826,minimum_up,115,123_CT_1,20938,113,115
17827,minimum_down,115,123_CT_1,20939,113,115
17832,minimum_up,116,123_CT_1,20944,114,116
17833,minimum_down,116,123_CT_1,20945,114,116
17838,minimum_up,117,123_CT_1,20950,115,117
17839,minimum_down,117,123_CT_1,20951,115,117
17844,minimum_up,118,123_CT_1,20956,116,118
17845,minimum_down,118,123_CT_1,20957,116,118
17850,minimum_up,119,123_CT_1,20962,117,119
17851,minimum_down,119,123_CT_1,20963,117,119
17856,minimum_up,120,123_CT_1,20968,118,120
17857,minimum_down,120,123_CT_1,20969,118,120
17862,minimum_up,121,123_CT_1,20974,119,121
17863,minimum_down,121,123_CT_1,20975,119,121
17868,minimum_up,122,123_CT_1,20980,120,122
17869,minimum_down,122,123_CT_1,20981,120,122
17874,minimum_up,123,123_CT_1,20986,121,123
17875,minimum_down,123,123_CT_1,20987,121,123
17880,minimum_up,124,123_CT_1,20992,122,124
17881,minimum_down,124,123_CT_1,20993,122,124
17886,minimum_up,125,123_CT_1,20998,123,125
17887,minimum_down,125,123_CT_1,20999,123,125
17892,minimum_up,126,123_CT_1,21004,124,126
17893,minimum_down,126,123_CT_1,21005,124,126
17898,minimum_up,127,123_CT_1,21010,125,127
17899,minimum_down,127,123_CT_1,21011,125,127
17904,minimum_up,128,123_CT_1,21016,126,128
17905,minimum_down,128,123_CT_1,21017,126,128
17910,minimum_up,129,123_CT_1,21022,127,129
17911,minimum_down,129,123_CT_1,21023,127,129
17916,minimum_up,130,123_CT_1,21028,128,130
17917,minimum_down,130,123_CT_1,21029,128,130
17922,minimum_up,131,123_CT_1,21034,129,131
17923,minimum_down,131,123_CT_1,21035,129,131
18222,minimum_up,38,123_CT_4,21480,36,38
18223,minimum_down,38,123_CT_4,21481,36,38
18228,minimum_up,39,123_CT_4,21486,37,39
18229,minimum_down,39,123_CT_4,21487,37,39
18234,minimum_up,40,123_CT_4,21492,38,40
18235,minimum_down,40,123_CT_4,21493,38,40
18240,minimum_up,41,123_CT_4,21498,39,41
18241,minimum_down,41,123_CT_4,21499,39,41
18246,minimum_up,42,123_CT_4,21504,40,42
18247,minimum_down,42,123_CT_4,21505,40,42
18252,minimum_up,43,123_CT_4,21510,41,43
18253,minimum_down,43,123_CT_4,21511,41,43
18258,minimum_up,44,123_CT_4,21516,42,44
18259,minimum_down,44,123_CT_4,21517,42,44
18264,minimum_up,45,123_CT_4,21522,43,45
18265,minimum_down,45,123_CT_4,21523,43,45
18270,minimum_up,46,123_CT_4,21528,44,46
18271,minimum_down,46,123_CT_4,21529,44,46
18276,minimum_up,47,123_CT_4,21534,45,47
18277,minimum_down,47,123_CT_4,21535,45,47
18282,minimum_up,48,123_CT_4,21540,46,48
18283,minimum_down,48,123_CT_4,21541,46,48
18288,minimum_up,49,123_CT_4,21546,47,49
18289,minimum_down,49,123_CT_4,21547,47,49
18294,minimum_up,50,123_CT_4,21552,48,50
18295,minimum_down,50,123_CT_4,21553,48,50
18300,minimum_up,51,123_CT_4,21558,49,51
18301,minimum_down,51,123_CT_4,21559,49,51
18306,minimum_up,52,123_CT_4,21564,50,52
18307,minimum_down,52,123_CT_4,21565,50,52
18312,minimum_up,53,123_CT_4,21570,51,53
18313,minimum_down,53,123_CT_4,21571,51,53
18318,minimum_up,54,123_CT_4,21576,52,54
18319,minimum_down,54,123_CT_4,21577,52,54
18324,minimum_up,55,123_CT_4,21582,53,55
18325,minimum_down,55,123_CT_4,21583,53,55
18330,minimum_up,56,123_CT_4,21588,54,56
18331,minimum_down,56,123_CT_4,21589,54,56
18336,minimum_up,57,123_CT_4,21594,55,57
18337,minimum_down,57,123_CT_4,21595,55,57
18342,minimum_up,58,123_CT_4,21600,56,58
18343,minimum_down,58,123_CT_4,21601,56,58
18348,minimum_up,59,123_CT_4,21606,57,59
18349,minimum_down,59,123_CT_4,21607,57,59
18354,minimum_up,60,123_CT_4,21612,58,60
18355,minimum_down,60,123_CT_4,21613,58,60
18360,minimum_up,61,123_CT_4,21618,59,61
18361,minimum_down,61,123_CT_4,21619,59,61
18366,minimum_up,62,123_CT_4,21624,60,62
18367,minimum_down,62,123_CT_4,21625,60,62
18372,minimum_up,63,123_CT_4,21630,61,63
18373,minimum_down,63,123_CT_4,21631,61,63
18378,minimum_up,64,123_CT_4,21636,62,64
18379,minimum_down,64,123_CT_4,21637,62,64
18384,minimum_up,65,123_CT_4,21642,63,65
18385,minimum_down,65,123_CT_4,21643,63,65
18390,minimum_up,66,123_CT_4,21648,64,66
18391,minimum_down,66,123_CT_4,21649,64,66
18396,minimum_up,67,123_CT_4,21654,65,67
18397,minimum_down,67,123_CT_4,21655,65,67
18402,minimum_up,68,123_CT_4,21660,66,68
18403,minimum_down,68,123_CT_4,21661,66,68
18408,minimum_up,69,123_CT_4,21666,67,69
18409,minimum_down,69,123_CT_4,21667,67,69
18414,minimum_up,70,123_CT_4,21672,68,70
18415,minimum_down,70,123_CT_4,21673,68,70
18420,minimum_up,71,123_CT_4,21678,69,71
18421,minimum_down,71,123_CT_4,21679,69,71
18426,minimum_up,72,123_CT_4,21684,70,72
18427,minimum_down,72,123_CT_4,21685,70,72
18432,minimum_up,73,123_CT_4,21690,71,73
18433,minimum_down,73,123_CT_4,21691,71,73
18438,minimum_up,74,123_CT_4,21696,72,74
18439,minimum_down,74,123_CT_4,21697,72,74
18444,minimum_up,75,123_CT_4,21702,73,75
18445,minimum_down,75,123_CT_4,21703,73,75
18450,minimum_up,76,123_CT_4,21708,74,76
18451,minimum_down,76,123_CT_4,21709,74,76
18456,minimum_up,77,123_CT_4,21714,75,77
18457,minimum_down,77,123_CT_4,21715,75,77
18462,minimum_up,78,123_CT_4,21720,76,78
18463,minimum_down,78,123_CT_4,21721,76,78
18468,minimum_up,79,123_CT_4,21726,77,79
18469,minimum_down,79,123_CT_4,21727,77,79
18474,minimum_up,80,123_CT_4,21732,78,80
18475,minimum_down,80,123_CT_4,21733,78,80
18480,minimum_up,81,123_CT_4,21738,79,81
18481,minimum_down,81,123_CT_4,21739,79,81
18486,minimum_up,82,123_CT_4,21744,80,82
18487,minimum_down,82,123_CT_4,21745,80,82
18492,minimum_up,83,123_CT_4,21750,81,83
18493,minimum_down,83,123_CT_4,21751,81,83
18498,minimum_up,84,123_CT_4,21756,82,84
18499,minimum_down,84,123_CT_4,21757,82,84
18504,minimum_up,85,123_CT_4,21762,83,85
18505,minimum_down,85,123_CT_4,21763,83,85
18510,minimum_up,86,123_CT_4,21768,84,86
18511,minimum_down,86,123_CT_4,21769,84,86
18516,minimum_up,87,123_CT_4,21774,85,87
18517,minimum_down,87,123_CT_4,21775,85,87
18522,minimum_up,88,123_CT_4,21780,86,88
18523,minimum_down,88,123_CT_4,21781,86,88
18528,minimum_up,89,123_CT_4,21786,87,89
18529,minimum_down,89,123_CT_4,21787,87,89
18534,minimum_up,90,123_CT_4,21792,88,90
18535,minimum_down,90,123_CT_4,21793,88,90
18540,minimum_up,91,123_CT_4,21798,89,91
18541,minimum_down,91,123_CT_4,21799,89,91
18546,minimum_up,92,123_CT_4,21804,90,92
18547,minimum_down,92,123_CT_4,21805,90,92
18552,minimum_up,93,123_CT_4,21810,91,93
18553,minimum_down,93,123_CT_4,21811,91,93
18558,minimum_up,94,123_CT_4,21816,92,94
18559,minimum_down,94,123_CT_4,21817,92,94
18564,minimum_up,95,123_CT_4,21822,93,95
18565,minimum_down,95,123_CT_4,21823,93,95
18570,minimum_up,96,123_CT_4,21828,94,96
18571,minimum_down,96,123_CT_4,21829,94,96
18576,minimum_up,97,123_CT_4,21834,95,97
18577,minimum_down,97,123_CT_4,21835,95,97
18582,minimum_up,98,123_CT_4,21840,96,98
18583,minimum_down,98,123_CT_4,21841,96,98
18588,minimum_up,99,123_CT_4,21846,97,99
18589,minimum_down,99,123_CT_4,21847,97,99
18594,minimum_up,100,123_CT_4,21852,98,100
18595,minimum_down,100,123_CT_4,21853,98,100
18600,minimum_up,101,123_CT_4,21858,99,101
18601,minimum_down,101,123_CT_4,21859,99,101
18606,minimum_up,102,123_CT_4,21864,100,102
18607,minimum_down,102,123_CT_4,21865,100,102
18612,minimum_up,103,123_CT_4,21870,101,103
18613,minimum_down,103,123_CT_4,21871,101,103
18618,minimum_up,104,123_CT_4,21876,102,104
18619,minimum_down,104,123_CT_4,21877,102,104
18624,minimum_up,105,123_CT_4,21882,103,105
18625,minimum_down,105,123_CT_4,21883,103,105
18630,minimum_up,106,123_CT_4,21888,104,106
18631,minimum_down,106,123_CT_4,21889,104,106
18636,minimum_up,107,123_CT_4,21894,105,107
18637,minimum_down,107,123_CT_4,21895,105,107
18642,minimum_up,108,123_CT_4,21900,106,108
18643,minimum_down,108,123_CT_4,21901,106,108
18648,minimum_up,109,123_CT_4,21906,107,109
18649,minimum_down,109,123_CT_4,21907,107,109
18654,minimum_up,110,123_CT_4,21912,108,110
18655,minimum_down,110,123_CT_4,21913,108,110
18660,minimum_up,111,123_CT_4,21918,109,111
18661,minimum_down,111,123_CT_4,21919,109,111
18666,minimum_up,112,123_CT_4,21924,110,112
18667,minimum_down,112,123_CT_4,21925,110,112
18672,minimum_up,113,123_CT_4,21930,111,113
18673,minimum_down,113,123_CT_4,21931,111,113
18678,minimum_up,114,123_CT_4,21936,112,114
18679,minimum_down,114,123_CT_4,21937,112,114
18684,minimum_up,115,123_CT_4,21942,113,115
18685,minimum_down,115,123_CT_4,21943,113,115
18690,minimum_up,116,123_CT_4,21948,114,116
18691,minimum_down,116,123_CT_4,21949,114,116
18696,minimum_up,117,123_CT_4,21954,115,117
18697,minimum_down,117,123_CT_4,21955,115,117
18702,minimum_up,118,123_CT_4,21960,116,118
18703,minimum_down,118,123_CT_4,21961,116,118
18708,minimum_up,119,123_CT_4,21966,117,119
18709,minimum_down,119,123_CT_4,21967,117,119
18714,minimum_up,120,123_CT_4,21972,118,120
18715,minimum_down,120,123_CT_4,21973,118,120
18720,minimum_up,121,123_CT_4,21978,119,121
18721,minimum_down,121,123_CT_4,21979,119,121
18726,minimum_up,122,123_CT_4,21984,120,122
18727,minimum_down,122,123_CT_4,21985,120,122
18732,minimum_up,123,123_CT_4,21990,121,123
18733,minimum_down,123,123_CT_4,21991,121,123
18738,minimum_up,124,123_CT_4,21996,122,124
18739,minimum_down,124,123_CT_4,21997,122,124
18744,minimum_up,125,123_CT_4,22002,123,125
18745,minimum_down,125,123_CT_4,22003,123,125
18750,minimum_up,126,123_CT_4,22008,124,126
18751,minimum_down,126,123_CT_4,22009,124,126
18756,minimum_up,127,123_CT_4,22014,125,127
18757,minimum_down,127,123_CT_4,22015,125,127
18762,minimum_up,128,123_CT_4,22020,126,128
18763,minimum_down,128,123_CT_4,22021,126,128
18768,minimum_up,129,123_CT_4,22026,127,129
18769,minimum_down,129,123_CT_4,22027,127,129
18774,minimum_up,130,123_CT_4,22032,128,130
18775,minimum_down,130,123_CT_4,22033,128,130
18780,minimum_up,131,123_CT_4,22038,129,131
18781,minimum_down,131,123_CT_4,22039,129,131
19080,minimum_up,38,123_CT_5,22484,36,38
19081,minimum_down,38,123_CT_5,22485,36,38
19086,minimum_up,39,123_CT_5,22490,37,39
19087,minimum_down,39,123_CT_5,22491,37,39
19092,minimum_up,40,123_CT_5,22496,38,40
19093,minimum_down,40,123_CT_5,22497,38,40
19098,minimum_up,41,123_CT_5,22502,39,41
19099,minimum_down,41,123_CT_5,22503,39,41
19104,minimum_up,42,123_CT_5,22508,40,42
19105,minimum_down,42,123_CT_5,22509,40,42
19110,minimum_up,43,123_CT_5,22514,41,43
19111,minimum_down,43,123_CT_5,22515,41,43
19116,minimum_up,44,123_CT_5,22520,42,44
19117,minimum_down,44,123_CT_5,22521,42,44
19122,minimum_up,45,123_CT_5,22526,43,45
19123,minimum_down,45,123_CT_5,22527,43,45
19128,minimum_up,46,123_CT_5,22532,44,46
19129,minimum_down,46,123_CT_5,22533,44,46
19134,minimum_up,47,123_CT_5,22538,45,47
19135,minimum_down,47,123_CT_5,22539,45,47
19140,minimum_up,48,123_CT_5,22544,46,48
19141,minimum_down,48,123_CT_5,22545,46,48
19146,minimum_up,49,123_CT_5,22550,47,49
19147,minimum_down,49,123_CT_5,22551,47,49
19152,minimum_up,50,123_CT_5,22556,48,50
19153,minimum_down,50,123_CT_5,22557,48,50
19158,minimum_up,51,123_CT_5,22562,49,51
19159,minimum_down,51,123_CT_5,22563,49,51
19164,minimum_up,52,123_CT_5,22568,50,52
19165,minimum_down,52,123_CT_5,22569,50,52
19170,minimum_up,53,123_CT_5,22574,51,53
19171,minimum_down,53,123_CT_5,22575,51,53
19176,minimum_up,54,123_CT_5,22580,52,54
19177,minimum_down,54,123_CT_5,22581,52,54
19182,minimum_up,55,123_CT_5,22586,53,55
19183,minimum_down,55,123_CT_5,22587,53,55
19188,minimum_up,56,123_CT_5,22592,54,56
19189,minimum_down,56,123_CT_5,22593,54,56
19194,minimum_up,57,123_CT_5,22598,55,57
19195,minimum_down,57,123_CT_5,22599,55,57
19200,minimum_up,58,123_CT_5,22604,56,58
19201,minimum_down,58,123_CT_5,22605,56,58
19206,minimum_up,59,123_CT_5,22610,57,59
19207,minimum_down,59,123_CT_5,22611,57,59
19212,minimum_up,60,123_CT_5,22616,58,60
19213,minimum_down,60,123_CT_5,22617,58,60
19218,minimum_up,61,123_CT_5,22622,59,61
19219,minimum_down,61,123_CT_5,22623,59,61
19224,minimum_up,62,123_CT_5,22628,60,62
19225,minimum_down,62,123_CT_5,22629,60,62
19230,minimum_up,63,123_CT_5,22634,61,63
19231,minimum_down,63,123_CT_5,22635,61,63
19236,minimum_up,64,123_CT_5,22640,62,64
19237,minimum_down,64,123_CT_5,22641,62,64
19242,minimum_up,65,123_CT_5,22646,63,65
19243,minimum_down,65,123_CT_5,22647,63,65
19248,minimum_up,66,123_CT_5,22652,64,66
19249,minimum_down,66,123_CT_5,22653,64,66
19254,minimum_up,67,123_CT_5,22658,65,67
19255,minimum_down,67,123_CT_5,22659,65,67
19260,minimum_up,68,123_CT_5,22664,66,68
19261,minimum_down,68,123_CT_5,22665,66,68
19266,minimum_up,69,123_CT_5,22670,67,69
19267,minimum_down,69,123_CT_5,22671,67,69
19272,minimum_up,70,123_CT_5,22676,68,70
19273,minimum_down,70,123_CT_5,22677,68,70
19278,minimum_up,71,123_CT_5,22682,69,71
19279,minimum_down,71,123_CT_5,22683,69,71
19284,minimum_up,72,123_CT_5,22688,70,72
19285,minimum_down,72,123_CT_5,22689,70,72
19290,minimum_up,73,123_CT_5,22694,71,73
19291,minimum_down,73,123_CT_5,22695,71,73
19296,minimum_up,74,123_CT_5,22700,72,74
19297,minimum_down,74,123_CT_5,22701,72,74
19302,minimum_up,75,123_CT_5,22706,73,75
19303,minimum_down,75,123_CT_5,22707,73,75
19308,minimum_up,76,123_CT_5,22712,74,76
19309,minimum_down,76,123_CT_5,22713,74,76
19314,minimum_up,77,123_CT_5,22718,75,77
19315,minimum_down,77,123_CT_5,22719,75,77
19320,minimum_up,78,123_CT_5,22724,76,78
19321,minimum_down,78,123_CT_5,22725,76,78
19326,minimum_up,79,123_CT_5,22730,77,79
19327,minimum_down,79,123_CT_5,22731,77,79
19332,minimum_up,80,123_CT_5,22736,78,80
19333,minimum_down,80,123_CT_5,22737,78,80
19338,minimum_up,81,123_CT_5,22742,79,81
19339,minimum_down,81,123_CT_5,22743,79,81
19344,minimum_up,82,123_CT_5,22748,80,82
19345,minimum_down,82,123_CT_5,22749,80,82
19350,minimum_up,83,123_CT_5,22754,81,83
19351,minimum_down,83,123_CT_5,22755,81,83
19356,minimum_up,84,123_CT_5,22760,82,84
19357,minimum_down,84,123_CT_5,22761,82,84
19362,minimum_up,85,123_CT_5,22766,83,85
19363,minimum_down,85,123_CT_5,22767,83,85
19368,minimum_up,86,123_CT_5,22772,84,86
19369,minimum_down,86,123_CT_5,22773,84,86
19374,minimum_up,87,123_CT_5,22778,85,87
19375,minimum_down,87,123_CT_5,22779,85,87
19380,minimum_up,88,123_CT_5,22784,86,88
19381,minimum_down,88,123_CT_5,22785,86,88
19386,minimum_up,89,123_CT_5,22790,87,89
19387,minimum_down,89,123_CT_5,22791,87,89
19392,minimum_up,90,123_CT_5,22796,88,90
19393,minimum_down,90,123_CT_5,22797,88,90
19398,minimum_up,91,123_CT_5,22802,89,91
19399,minimum_down,91,123_CT_5,22803,89,91
19404,minimum_up,92,123_CT_5,22808,90,92
19405,minimum_down,92,123_CT_5,22809,90,92
19410,minimum_up,93,123_CT_5,22814,91,93
19411,minimum_down,93,123_CT_5,22815,91,93
19416,minimum_up,94,123_CT_5,22820,92,94
19417,minimum_down,94,123_CT_5,22821,92,94
19422,minimum_up,95,123_CT_5,22826,93,95
19423,minimum_down,95,123_CT_5,22827,93,95
19428,minimum_up,96,123_CT_5,22832,94,96
19429,minimum_down,96,123_CT_5,22833,94,96
19434,minimum_up,97,123_CT_5,22838,95,97
19435,minimum_down,97,123_CT_5,22839,95,97
19440,minimum_up,98,123_CT_5,22844,96,98
19441,minimum_down,98,123_CT_5,22845,96,98
19446,minimum_up,99,123_CT_5,22850,97,99
19447,minimum_down,99,123_CT_5,22851,97,99
19452,minimum_up,100,123_CT_5,22856,98,100
19453,minimum_down,100,123_CT_5,22857,98,100
19458,minimum_up,101,123_CT_5,22862,99,101
19459,minimum_down,101,123_CT_5,22863,99,101
19464,minimum_up,102,123_CT_5,22868,100,102
19465,minimum_down,102,123_CT_5,22869,100,102
19470,minimum_up,103,123_CT_5,22874,101,103
19471,minimum_down,103,123_CT_5,22875,101,103
19476,minimum_up,104,123_CT_5,22880,102,104
19477,minimum_down,104,123_CT_5,22881,102,104
19482,minimum_up,105,123_CT_5,22886,103,105
19483,minimum_down,105,123_CT_5,22887,103,105
19488,minimum_up,106,123_CT_5,22892,104,106
19489,minimum_down,106,123_CT_5,22893,104,106
19494,minimum_up,107,123_CT_5,22898,105,107
19495,minimum_down,107,123_CT_5,22899,105,107
19500,minimum_up,108,123_CT_5,22904,106,108
19501,minimum_down,108,123_CT_5,22905,106,108
19506,minimum_up,109,123_CT_5,22910,107,109
19507,minimum_down,109,123_CT_5,22911,107,109
19512,minimum_up,110,123_CT_5,22916,108,110
19513,minimum_down,110,123_CT_5,22917,108,110
19518,minimum_up,111,123_CT_5,22922,109,111
19519,minimum_down,111,123_CT_5,22923,109,111
19524,minimum_up,112,123_CT_5,22928,110,112
19525,minimum_down,112,123_CT_5,22929,110,112
19530,minimum_up,113,123_CT_5,22934,111,113
19531,minimum_down,113,123_CT_5,22935,111,113
19536,minimum_up,114,123_CT_5,22940,112,114
19537,minimum_down,114,123_CT_5,22941,112,114
19542,minimum_up,115,123_CT_5,22946,113,115
19543,minimum_down,115,123_CT_5,22947,113,115
19548,minimum_up,116,123_CT_5,22952,114,116
19549,minimum_down,116,123_CT_5,22953,114,116
19554,minimum_up,117,123_CT_5,22958,115,117
19555,minimum_down,117,123_CT_5,22959,115,117
19560,minimum_up,118,123_CT_5,22964,116,118
19561,minimum_down,118,123_CT_5,22965,116,118
19566,minimum_up,119,123_CT_5,22970,117,119
19567,minimum_down,119,123_CT_5,22971,117,119
19572,minimum_up,120,123_CT_5,22976,118,120
19573,minimum_down,120,123_CT_5,22977,118,120
19578,minimum_up,121,123_CT_5,22982,119,121
19579,minimum_down,121,123_CT_5,22983,119,121
19584,minimum_up,122,123_CT_5,22988,120,122
19585,minimum_down,122,123_CT_5,22989,120,122
19590,minimum_up,123,123_CT_5,22994,121,123
19591,minimum_down,123,123_CT_5,22995,121,123
19596,minimum_up,124,123_CT_5,23000,122,124
19597,minimum_down,124,123_CT_5,23001,122,124
19602,minimum_up,125,123_CT_5,23006,123,125
19603,minimum_down,125,123_CT_5,23007,123,125
19608,minimum_up,126,123_CT_5,23012,124,126
19609,minimum_down,126,123_CT_5,23013,124,126
19614,minimum_up,127,123_CT_5,23018,125,127
19615,minimum_down,127,123_CT_5,23019,125,127
19620,minimum_up,128,123_CT_5,23024,126,128
19621,minimum_down,128,123_CT_5,23025,126,128
19626,minimum_up,129,123_CT_5,23030,127,129
19627,minimum_down,129,123_CT_5,23031,127,129
19632,minimum_up,130,123_CT_5,23036,128,130
19633,minimum_down,130,123_CT_5,23037,128,130
19638,minimum_up,131,123_CT_5,23042,129,131
19639,minimum_down,131,123_CT_5,23043,129,131
20022,minimum_up,59,121_NUCLEAR_1,23614,36,59
20027,minimum_up,60,121_NUCLEAR_1,23620,37,60
20032,minimum_up,61,121_NUCLEAR_1,23626,38,61
20037,minimum_up,62,121_NUCLEAR_1,23632,39,62
20042,minimum_up,63,121_NUCLEAR_1,23638,40,63
20047,minimum_up,64,121_NUCLEAR_1,23644,41,64
20052,minimum_up,65,121_NUCLEAR_1,23650,42,65
20057,minimum_up,66,121_NUCLEAR_1,23656,43,66
20062,minimum_up,67,121_NUCLEAR_1,23662,44,67
20067,minimum_up,68,121_NUCLEAR_1,23668,45,68
20072,minimum_up,69,121_NUCLEAR_1,23674,46,69
20077,minimum_up,70,121_NUCLEAR_1,23680,47,70
20082,minimum_up,71,121_NUCLEAR_1,23686,48,71
20087,minimum_up,72,121_NUCLEAR_1,23692,49,72
20092,minimum_up,73,121_NUCLEAR_1,23698,50,73
20097,minimum_up,74,121_NUCLEAR_1,23704,51,74
20102,minimum_up,75,121_NUCLEAR_1,23710,52,75
20107,minimum_up,76,121_NUCLEAR_1,23716,53,76
20112,minimum_up,77,121_NUCLEAR_1,23722,54,77
20117,minimum_up,78,121_NUCLEAR_1,23728,55,78
20122,minimum_up,79,121_NUCLEAR_1,23734,56,79
20127,minimum_up,80,121_NUCLEAR_1,23740,57,80
20132,minimum_up,81,121_NUCLEAR_1,23746,58,81
20137,minimum_up,82,121_NUCLEAR_1,23752,59,82
20142,minimum_up,83,121_NUCLEAR_1,23758,60,83
20143,minimum_down,83,121_NUCLEAR_1,23759,36,83
20148,minimum_up,84,121_NUCLEAR_1,23764,61,84
20149,minimum_down,84,121_NUCLEAR_1,23765,37,84
20154,minimum_up,85,121_NUCLEAR_1,23770,62,85
20155,minimum_down,85,121_NUCLEAR_1,23771,38,85
20160,minimum_up,86,121_NUCLEAR_1,23776,63,86
20161,minimum_down,86,121_NUCLEAR_1,23777,39,86
20166,minimum_up,87,121_NUCLEAR_1,23782,64,87
20167,minimum_down,87,121_NUCLEAR_1,23783,40,87
20172,minimum_up,88,121_NUCLEAR_1,23788,65,88
20173,minimum_down,88,121_NUCLEAR_1,23789,41,88
20178,minimum_up,89,121_NUCLEAR_1,23794,66,89
20179,minimum_down,89,121_NUCLEAR_1,23795,42,89
20184,minimum_up,90,121_NUCLEAR_1,23800,67,90
20185,minimum_down,90,121_NUCLEAR_1,23801,43,90
20190,minimum_up,91,121_NUCLEAR_1,23806,68,91
20191,minimum_down,91,121_NUCLEAR_1,23807,44,91
20196,minimum_up,92,121_NUCLEAR_1,23812,69,92
20197,minimum_down,92,121_NUCLEAR_1,23813,45,92
20202,minimum_up,93,121_NUCLEAR_1,23818,70,93
20203,minimum_down,93,121_NUCLEAR_1,23819,46,93
20208,minimum_up,94,121_NUCLEAR_1,23824,71,94
20209,minimum_down,94,121_NUCLEAR_1,23825,47,94
20214,minimum_up,95,121_NUCLEAR_1,23830,72,95
20215,minimum_down,95,121_NUCLEAR_1,23831,48,95
20220,minimum_up,96,121_NUCLEAR_1,23836,73,96
20221,minimum_down,96,121_NUCLEAR_1,23837,49,96
20226,minimum_up,97,121_NUCLEAR_1,23842,74,97
20227,minimum_down,97,121_NUCLEAR_1,23843,50,97
20232,minimum_up,98,121_NUCLEAR_1,23848,75,98
20233,minimum_down,98,121_NUCLEAR_1,23849,51,98
20238,minimum_up,99,121_NUCLEAR_1,23854,76,99
20239,minimum_down,99,121_NUCLEAR_1,23855,52,99
20244,minimum_up,100,121_NUCLEAR_1,23860,77,100
20245,minimum_down,100,121_NUCLEAR_1,23861,53,100
20250,minimum_up,101,121_NUCLEAR_1,23866,78,101
20251,minimum_down,101,121_NUCLEAR_1,23867,54,101
20256,minimum_up,102,121_NUCLEAR_1,23872,79,102
20257,minimum_down,102,121_NUCLEAR_1,23873,55,102
20262,minimum_up,103,121_NUCLEAR_1,23878,80,103
20263,minimum_down,103,121_NUCLEAR_1,23879,56,103
20268,minimum_up,104,121_NUCLEAR_1,23884,81,104
20269,minimum_down,104,121_NUCLEAR_1,23885,57,104
20274,minimum_up,105,121_NUCLEAR_1,23890,82,105
20275,minimum_down,105,121_NUCLEAR_1,23891,58,105
20280,minimum_up,106,121_NUCLEAR_1,23896,83,106
20281,minimum_down,106,121_NUCLEAR_1,23897,59,106
20286,minimum_up,107,121_NUCLEAR_1,23902,84,107
20287,minimum_down,107,121_NUCLEAR_1,23903,60,107
20292,minimum_up,108,121_NUCLEAR_1,23908,85,108
20293,minimum_down,108,121_NUCLEAR_1,23909,61,108
20298,minimum_up,109,121_NUCLEAR_1,23914,86,109
20299,minimum_down,109,121_NUCLEAR_1,23915,62,109
20304,minimum_up,110,121_NUCLEAR_1,23920,87,110
20305,minimum_down,110,121_NUCLEAR_1,23921,63,110
20310,minimum_up,111,121_NUCLEAR_1,23926,88,111
20311,minimum_down,111,121_NUCLEAR_1,23927,64,111
20316,minimum_up,112,121_NUCLEAR_1,23932,89,112
20317,minimum_down,112,121_NUCLEAR_1,23933,65,112
20322,minimum_up,113,121_NUCLEAR_1,23938,90,113
20323,minimum_down,113,121_NUCLEAR_1,23939,66,113
20328,minimum_up,114,121_NUCLEAR_1,23944,91,114
20329,minimum_down,114,121_NUCLEAR_1,23945,67,114
20334,minimum_up,115,121_NUCLEAR_1,23950,92,115
20335,minimum_down,115,121_NUCLEAR_1,23951,68,115
20340,minimum_up,116,121_NUCLEAR_1,23956,93,116
20341,minimum_down,116,121_NUCLEAR_1,23957,69,116
20346,minimum_up,117,121_NUCLEAR_1,23962,94,117
20347,minimum_down,117,121_NUCLEAR_1,23963,70,117
20352,minimum_up,118,121_NUCLEAR_1,23968,95,118
20353,minimum_down,118,121_NUCLEAR_1,23969,71,118
20358,minimum_up,119,121_NUCLEAR_1,23974,96,119
20359,minimum_down,119,121_NUCLEAR_1,23975,72,119
20364,minimum_up,120,121_NUCLEAR_1,23980,97,120
20365,minimum_down,120,121_NUCLEAR_1,23981,73,120
20370,minimum_up,121,121_NUCLEAR_1,23986,98,121
20371,minimum_down,121,121_NUCLEAR_1,23987,74,121
20376,minimum_up,122,121_NUCLEAR_1,23992,99,122
20377,minimum_down,122,121_NUCLEAR_1,23993,75,122
20382,minimum_up,123,121_NUCLEAR_1,23998,100,123
20383,minimum_down,123,121_NUCLEAR_1,23999,76,123
20388,minimum_up,124,121_NUCLEAR_1,24004,101,124
20389,minimum_down,124,121_NUCLEAR_1,24005,77,124
20394,minimum_up,125,121_NUCLEAR_1,24010,102,125
20395,minimum_down,125,121_NUCLEAR_1,24011,78,125
20400,minimum_up,126,121_NUCLEAR_1,24016,103,126
20401,minimum_down,126,121_NUCLEAR_1,24017,79,126
20406,minimum_up,127,121_NUCLEAR_1,24022,104,127
20407,minimum_down,127,121_NUCLEAR_1,24023,80,127
20412,minimum_up,128,121_NUCLEAR_1,24028,105,128
20413,minimum_down,128,121_NUCLEAR_1,24029,81,128
20418,minimum_up,129,121_NUCLEAR_1,24034,106,129
20419,minimum_down,129,121_NUCLEAR_1,24035,82,129
20424,minimum_up,130,121_NUCLEAR_1,24040,107,130
20425,minimum_down,130,121_NUCLEAR_1,24041,83,130
20430,minimum_up,131,121_NUCLEAR_1,24046,108,131
20431,minimum_down,131,121_NUCLEAR_1,24047,84,131
