path,bytes,sha256
docs/research8h/KGRAM_INDEPENDENT_REVIEW.md,8284,9f498f1cbb9397554adab81dcd72a3a30ceac1eb8c06bc3a5e8b5107341ff3db
docs/research8h/KGRAM_PRIOR_ART.md,15021,db9690ab2e5f9db0f2230d3f843feb07a6f4600289284444fbe8bb1087fb0838
docs/research8h/LITERATURE_CERTIFICATES.md,22700,d2ecc4792ea503c337d0937dbad9962e1b6b6408f01ecabcf328e354e04b0e5c
docs/research8h/LOCALITY_PROTOCOL.md,4753,aef9bcab5a150085297e03a3c23ed41092e6e35e58e7520d7dace56293beb8b8
docs/research8h/MARKOV_MIP_PROTOCOL.md,2833,9ec41a22d72290c50b23e3ff8f1790d893d51982462c1682b5bc0a736c38f2ee
docs/research8h/MARKOV_TWINS_PROTOCOL.md,3058,32672778c2e728f804a6ce83d5ffeb184a3a09520d4d539907e5f47a9f7362fc
docs/research8h/MARKOV_TWINS_REVIEW.md,5323,e6310c1aef98883079a0b4a5f1250c33306e9bbf70e9e6ae506004603ef08d8a
docs/research8h/NOVELTY_DECISION.md,18259,5e67fbf25656a705234cc8506f5a9f682362343c2cf60cf5a625b3d4e135c8ad
docs/research8h/RESEARCH_STATUS_AR.md,4956,23d5282467f2d81ba31df067643903fe0fe1d136c569f31e90787bb31709835c
docs/research8h/SERVICE_CAP_PROTOCOL.md,2263,847e0aa44d4b6464f71f81f68131d6281103eeead4da19fd14b088342df4a41f
docs/research8h/SERVICE_CAP_REVIEW.md,5295,fee9ece9504a642430cadde82869e3b1dbad42b4ea0395e09f5be567d5dbc65d
docs/research8h/SPARSE_FARKAS_PROTOCOL.md,3954,153e0a45577ef893d5154839d5a8760ab225ee432b52834765ec3da3e3248f54
docs/research8h/TRANSFER_PROTOCOL.md,5814,4284f5ee16ae0ac5a2cbad0db7bfecaf3062c5453aec866d4bb173866b6a4d32
results/research8h/kgram_check/base_source_snapshot.py,13225,ef4f865dd358f88875b7312b68b758f9c2016d56e4dfb13a066b654a120fae9c
results/research8h/kgram_check/block_formula_checks.json,2810,29561e9703fc47441f7b7f87ed2cc5854ff2cab6893dbf98d58381be7563c160
results/research8h/kgram_check/dispatchable/example_k3_r1_a_half.json,3001,a008ed091fc8e0b8810dd65b9a3d06be90e638e977a721376ce83968117e6af3
results/research8h/kgram_check/dispatchable/exhaustive_examples.json,2590,f7a09832adccd48455c3c5cf8bd0e177233dc55ac99fe76bf8909040a9cf51ec
results/research8h/kgram_check/dispatchable/parameter_checks.json,110637,c1f88cb5d6fa6faed9a5d3a3b473f1d00b14c4449dbeaa9bf53c1d815708ef7b
results/research8h/kgram_check/dispatchable/pre_run_freeze.json,672,d64d800ff5b8f0df1214893472406d25ec460d32e8b003a4c1539ffaf914731a
results/research8h/kgram_check/dispatchable/summary.json,518,ed394d2948bb5a5dd6362bd2e99cc97c045d9001b6c89573bd7c73c1aef3f626
results/research8h/kgram_check/example_k3_r1.json,2736,b6a0cb03fde7ef7d239f69a22c90aae7903375a9582c3fc2edb35c1f81dabce5
results/research8h/kgram_check/exhaustive_examples.json,2414,e9d17b0b78b672f3762fc3f303c3836669f15a2b57edb3759ecd3c4e8f22f97e
results/research8h/kgram_check/pre_run_freeze.json,423,9a5be7e8db3e82db5bfb28467281536c278f5c74cd53c840a75337196728cfb2
results/research8h/kgram_check/safe_family_checks.json,26125,3a9bf349502803054cd47e4177117826ffb3cf048f116072b65b551abf85257c
results/research8h/kgram_check/sharpness_checks.json,1002,33fc0333a9b30b377a5032370365d7db34eb5c0da13549ce0f910034b65baf60
results/research8h/kgram_check/summary.json,652,02f92cab96630f894bba717dcb984e0dbeb2225499cf8a28f4584ed32c554184
results/research8h/kgram_check/tighter_parameter_checks.json,53136,ba8794c8103d2383ca66e14eb38d8ec7442b75aa3b7706c7eec94778bf18ab97
results/research8h/literature_certificates.csv,13033,ddcb4b0572096ffaeb22067327e65a3826787b013556101028532d5133291b58
results/research8h/locality/INDEPENDENT_REVIEW.md,2060,58ce7dcf9bf7745f7b0d1f16de73d57737bb1c85f73068eccfcc0f8850dcbb19
results/research8h/locality/READOUT.md,6534,233de6589d2e9eaf4d11234ba8a69a108c6fb9f960f310803f9c07b95c52fc1a
results/research8h/locality/archive_replay.json,7151,75625038004a505eba2e24975bc111c56373a34942b1584e975235819e9bb68b
results/research8h/locality/completion.json,199,46d2f39afc77927f5eb53fc3106d095b3a95b455a359ab212dba896a0ad9ee24
results/research8h/locality/input_manifest.csv,4035,cb71026195751853b8ac9ead2405954c8fb903c5ba47d3aa5e836863d01304c1
results/research8h/locality/positive_controls.json,3874,9335379c962ec547643aa7a2f4be7fe2c0528f3bffa73032b219c5b9363bdadc
results/research8h/locality/pre_run_freeze.json,763,e7241398ff6e36a495aa6befa90b723acecd17cf029ecd43efdea9b6a17299d8
results/research8h/locality/summary.csv,2985,1d82c5a38c13a87952ba743b4f603772aae41753c60165109c437736198cc247
results/research8h/locality/summary.json,56653,a9eb4cf0b974b8e5bac97abf34c1a98e3b0ee3df4f6636767f355de48d88243c
results/research8h/locality/width_000/bounds.npz,9977,0a257da355ac452401f2220eccc62d02bd5bac172e815e2ed5e2117090554adb
results/research8h/locality/width_000/continuous_solution.npz,13357,e42ba94bd38b6df113160183a11767e31898df8915e1e5982840e9621cbe56c8
results/research8h/locality/width_000/matrix.npz,93556,85165a75fd81b8574d9dad8858a65b7eed7304b1bd20498e4e762aaed6aa857c
results/research8h/locality/width_000/result.json,1364,cd3979ee67fb1022277d0e8783f9539f3ab06579f1a991034e724f6ffd927758
results/research8h/locality/width_000/retained_dwell_rows.csv,2,7eb70257593da06f682a3ddda54a9d260d4fc514f645237f5ca74b08f8da61a6
results/research8h/locality/width_000/row_metadata.csv.gz,101810,1db0e6df8ca3111b97315d82692c75a509b33a4db07e4c02868795405ce7f038
results/research8h/locality/width_000/solver.log,688,17b9dd70affe68259f44bd18890cafc1b0cc020a72248038831454ab52975307
results/research8h/locality/width_008/bounds.npz,10198,5dbabb5a23965b0923cb316634dd7721d2d1915400fee637675d4f5b8af6382f
results/research8h/locality/width_008/continuous_solution.npz,13784,39367f27b644529ccc9c84092f11a2481931391d60638b99201ac88bd79d726b
results/research8h/locality/width_008/matrix.npz,97105,27a85595ca7f2d24844dffb3e8769f581307c1aefa25608bb72498648f84df00
results/research8h/locality/width_008/result.json,1400,72f28f357bd47ab76ca279785835bf29d0d4f32a682d865d0cfd417b9920577e
results/research8h/locality/width_008/retained_dwell_rows.csv,9104,7feb89f080d0ffe75754e5079fff3b82533650000b35f25a6650b44b74f2f29f
results/research8h/locality/width_008/row_metadata.csv.gz,110263,1f2f3bdf2582f849483c348b8a21aba40949bb085878f6dd8eafcd1ef3a42811
results/research8h/locality/width_008/solver.log,688,8424d5b6df84febd9102903781ec8e21ad49fde451ab252ec80469910e7fa626
results/research8h/locality/width_016/bounds.npz,10246,2182c8d87fd9e4c3662075a1e60e4a2e40ef7f0c9b0ef110d191728fd24edede
results/research8h/locality/width_016/continuous_solution.npz,13461,33fd4cde4718bc536bad1e449c30e247f2831f535d7025c5805a083b5bb633d0
results/research8h/locality/width_016/matrix.npz,99389,cc00f30befd60ecf927714b4cac6a778f8470875b965964572699ddb69df68f2
results/research8h/locality/width_016/result.json,1403,232d401f81f475a3214c343227933477201db99d94bd6cc8bbc53792403890a6
results/research8h/locality/width_016/retained_dwell_rows.csv,24256,18719a83b38e85e01076e25cfc6858a6ca2b312c09474714ccc69bfb6476eed4
results/research8h/locality/width_016/row_metadata.csv.gz,113837,6562c9bcdcbc899cbd017bd8bd1e009eb8aa7699a9a6c7a2bf03a2be50c54066
results/research8h/locality/width_016/solver.log,688,3746c8fbfadf124f219d52e838cf6aefd8da7e2bc33444426596439add61fc9c
results/research8h/locality/width_024/bounds.npz,10264,b224a6121a68f30ee480331bcfdd4b2eee41e26f4c4a8becbda478ea95401965
results/research8h/locality/width_024/continuous_solution.npz,13579,5590cccd4315445fdb821f4a60924d3865bc4a779ea116dbd4b09f6dfad102ee
results/research8h/locality/width_024/matrix.npz,101512,7e40f41e195136c636b558c6c0e5d258702b2b4eb17293099586b440e1feb040
results/research8h/locality/width_024/result.json,1401,d6391fc76d4a39b0e3752c14c0cb7aef720d3d3c8a0942ceaeb294961ef88931
results/research8h/locality/width_024/retained_dwell_rows.csv,39500,13caa0c6e64ff2529ff1e7ddb86d80a93addcd88e9e0881cd154fc305a5fae24
results/research8h/locality/width_024/row_metadata.csv.gz,117106,7a9d7e777c8df4cbc3c1f9950ab269741a3c6bd7ad0b99af5aee6a91acb8ec6e
results/research8h/locality/width_024/solver.log,688,8be67bb6f0380fcee3879335de382afe43bb62d66bb5a8700eb7c07c5db7d004
results/research8h/locality/width_048/bounds.npz,10407,1885e9d5a72d5af4f69f0eded1224aa81d5be19b1f0dcd20b627661aaa91b77f
results/research8h/locality/width_048/certificate_dwell_rows.csv,3244,23585e1228157150c3d07b43c117f329d1c574bbad9943c57a287873efdcdba4
results/research8h/locality/width_048/dual_certificate.json,47417,16bd17ce9fd892051fec12facd7638b4f954f09d19afd97326757385b3ea2cf7
results/research8h/locality/width_048/dwell_support_by_unit.csv,637,a34094414f583ffd3ee64b9ce50b6fc9c433586dc089e8b02a61d81201b8ab7f
results/research8h/locality/width_048/matrix.npz,109352,bf7905b7d669b83c36191900631c68a053204a85981099102b5d2a0a7f02957b
results/research8h/locality/width_048/raw_solver_ray.npz,2828,e18e97d6d9d01bac40bf1cfbdf063fd8f86ccb49ed96e58395e98bc1d35db62e
results/research8h/locality/width_048/result.json,8606,1d214c4513c780c4a83ef8f8406d7a0945500a70a8645870f0dc74624ccac92b
results/research8h/locality/width_048/retained_dwell_rows.csv,88304,514f0d073e8c6f65488aba6bb5d0857562470c710885768fd767c1946c7ca44e
results/research8h/locality/width_048/row_metadata.csv.gz,125292,8b530de8474c9641bf75d143964597b3dd1aef711b36d3d3537a5f25c2def3a1
results/research8h/locality/width_048/solver.log,725,fa842501b8cafff03037302e1b0f184e1a3ceddace06668f8403bf837bbc697a
results/research8h/locality/width_048/sparse_multipliers.csv,33797,9558a31d129f6842c9cb4bf6f840d916b4f317e8dcd4e964d2502c196b71ed5e
results/research8h/locality/width_072/bounds.npz,10453,ff78d06cf0c9836c381332b07d3577b129fd81254abd790e36ee8df841003047
results/research8h/locality/width_072/certificate_dwell_rows.csv,3572,19ed101562f893a3bf531ffa228bb081ee66c706ffa1d63a6cd378ebefb5bc81
results/research8h/locality/width_072/dual_certificate.json,56826,590b4a6e9a9f96f8a811c00fba954d67633ab26e39f6c509542bed5db085537c
results/research8h/locality/width_072/matrix.npz,116801,6ae3c9cba7d675d464bbdc0114003bc22a6d8503188262f99cbc93d8bf5c16fc
results/research8h/locality/width_072/raw_solver_ray.npz,3427,36fa8e0213a729318358b1ba9b6a9afcfff784e4990c2f8d9835ba3f06f5563e
results/research8h/locality/width_072/result.json,9315,cc80cfb166f2504fe1e518e4923778f6a4c463d72f9fd3f7c980562fa3850dd0
results/research8h/locality/width_072/retained_dwell_rows.csv,140168,56180b34ad7d6b82561cf635b8fe34d4e4b789a654a176d4e3c8cbad00e0b8c0
results/research8h/locality/width_072/row_metadata.csv.gz,132826,7cb95e8062cbfe1ae45592bbf55620ac42babbc16d424b8329265552bb9f6db0
results/research8h/locality/width_072/solver.log,725,5b0de470e4ccafef7c1215300cee802cec98089efe8871d2faadde283544d362
results/research8h/locality/width_072/sparse_multipliers.csv,40284,38d54184892beb9d2b1b86045a8b199c41cfbb59acccc99526cc1bd9857fec4d
results/research8h/locality/width_096/bounds.npz,10596,9638c8039abf03346346a138d54553004b5eff483c7be14daa22029ab898e8ea
results/research8h/locality/width_096/certificate_dwell_rows.csv,2697,6ab446d89c0e2a4289c33faff651b7fdc3dae12d159022d58b9c0856eb45a864
results/research8h/locality/width_096/dual_certificate.json,45429,d33e4dc1ea9b19f75ba4cd5cf841feef52f1e86834a007666f0da443290193dd
results/research8h/locality/width_096/matrix.npz,123477,17341333a25398a83ffdb27287ee20f0a5c14d3a712c1198d368c96ae0329504
results/research8h/locality/width_096/raw_solver_ray.npz,2184,8dd7988e5b5b40caf02da9e6f287bae83240ae0ac09b457ca2383b200657e01f
results/research8h/locality/width_096/result.json,8924,9c783371d189a865079575254979f43f1b6465cbc9dba6b8edae61beaa2c17c0
results/research8h/locality/width_096/retained_dwell_rows.csv,192032,6e82c1c54afcdc78223d4f75f1b5fa21dc9ddc435af93dcad8df8557bd7c93d4
results/research8h/locality/width_096/row_metadata.csv.gz,142749,860628f56a9ffd1da8953e3081a562cdb7423b2e70052a44cab8fc0a3ce015cf
results/research8h/locality/width_096/solver.log,725,c611edccf466dc722bbb1c4efb85582ecf40d8ca0380d92bb76139b61ad9394d
results/research8h/locality/width_096/sparse_multipliers.csv,31870,9892438eb5bd56e050d4b4a120710c6fa82b91910b5551cfd7f916d4975b2ce3
results/research8h/locality/width_120/bounds.npz,10614,fa1ba9e78f0ac9c8082ecf89be63ecd7607b91d236b7d070dadcc9605eacdc4f
results/research8h/locality/width_120/certificate_dwell_rows.csv,4191,bd0fde8929b01796a63dceec0a227ed2de985081340e6269a338cbd69629cf2f
results/research8h/locality/width_120/dual_certificate.json,70123,26fdfb026a81d16f1917c18c5682073495aec5ba5e3cf9a5824299784217ef06
results/research8h/locality/width_120/matrix.npz,129596,c2f16bd0279a313a11710e0f5635c3ead945b87d63ca3191c26c9b8989d0f97c
results/research8h/locality/width_120/raw_solver_ray.npz,3507,784574cb7b2e438699089349242d53a73b20cf1bba7dd3996eab1412d91eaf04
results/research8h/locality/width_120/result.json,9569,c9e585d031a87e55b71b0c923e25ea0837156e0a302ea4a648bd69607f4efc2e
results/research8h/locality/width_120/retained_dwell_rows.csv,243974,f99e1c63466ff743de2a9720c96558885ea537312d9ebceed9a6341446644315
results/research8h/locality/width_120/row_metadata.csv.gz,152564,8f600e4dfe548b2b327ce12d6c1ff3b8df875711a329a2e3694e189d4063f94c
results/research8h/locality/width_120/solver.log,725,f99d98754e5e034f93da178043bdb1ae42b5ba2d174220cb9cebae75ec6da1d9
results/research8h/locality/width_120/sparse_multipliers.csv,50309,4ee3bef0d6a77f725ba0bc492e1252149a23643bd4cb7d25a6c7de6893603969
results/research8h/locality/width_168/bounds.npz,10532,a06a4faeb9573ee0499706eeeb3fc3620651a18ea3f2d4c1f0f9422c923bf1e8
results/research8h/locality/width_168/certificate_dwell_rows.csv,4256,abbba9ece8f634a20f850c6f6877f2ce2768783fc8ea78c02eee0a713d30df28
results/research8h/locality/width_168/dual_certificate.json,79158,844e4085f18ff593ce1b26446449bed90fe99dd510b3177d9b71464b65598eec
results/research8h/locality/width_168/matrix.npz,143874,6af039900e02e8d16a419686a8e11a4f33515092d0647af4677bbabda4b8754f
results/research8h/locality/width_168/raw_solver_ray.npz,5791,a99ab8453889f95ca0581f0d25c193fbaab21a9d34c13703bf25958d6e3b1e0c
results/research8h/locality/width_168/result.json,10357,ebf606ae73cd2992d65edb99953a0410b2e3ba06543e6d3aa2d3b96ea731d405
results/research8h/locality/width_168/retained_dwell_rows.csv,357312,2989da980916e78cb9d793c01fcafba76b12d62e81652dd8d0d5174e05dba1dc
results/research8h/locality/width_168/row_metadata.csv.gz,171788,2b1aa3749f9fe97ad818ea7fc2074dbc8aca03785d38c9b8dbc4756d59d78830
results/research8h/locality/width_168/solver.log,726,88c472df7c6441c3893bbd06de0118b558fc3a4e6d04acaff9ccb46cbbdf5c8d
results/research8h/locality/width_168/sparse_multipliers.csv,57354,8451f02cb6815ac1cbcb9f42d7be0e1354ad1e80584166ce2b3dc0217b60cac4
results/research8h/markov_mip/READOUT.md,2051,e29afb8794e988b956be9c21c53947e0a7411112664dae3359b75263ff6dea73
results/research8h/markov_mip/baseline_witness_checks.json,1247,c892e48765f7486b2fc356dfb64a574f8558f35c20f43b5cf35ec8e2825a19d4
results/research8h/markov_mip/input_manifest.csv,6769,bc7ada6209d0cf990573b619b6cef0bbfe3bf8e98237fdc4396c5e5763857c8d
results/research8h/markov_mip/pre_run_freeze.json,499,ddeefa18c672c5cfcd042991b2017a4c03062d8b3c01f02e13ce5b3c448859bb
results/research8h/markov_mip/seed_260926100/month_07_minud.log,2520,7c4e38bbaa427d5bf2ac8daeb0e55b0f5774662f4c59e8caf707e98d154cf511
results/research8h/markov_mip/seed_260926100/paired_input_links.json,686,2904a0b8c18bc5b511bb1b5bbb9f9bb25b0d7720794a17124e4bdda95054855c
results/research8h/markov_mip/seed_260926100/result.json,470,2a621af90ed82d8d63c6d18d406d39f92fc150d09c715cc467051358b870f8d4
results/research8h/markov_mip/seed_260926101/month_07_minud.log,2274,1b60f12c76aa1d1d4f8bf61c2593b613d990a39b859533421fbb2dc2751a5d29
results/research8h/markov_mip/seed_260926101/paired_input_links.json,686,b1d86ef6231a31149cfc56762fdbc4d8c4aeae0c8b969a35eb07c85933dbb25d
results/research8h/markov_mip/seed_260926101/result.json,458,9c8d4ef04dc7fe85b89f9cd936161ac29bb30861e9007eb72faf2b5e292eb57c
results/research8h/markov_mip/seed_260926102/month_07_minud.log,2643,cc01e2d817eb00ffbcdc6968ce1a5b2bf80e75054e4c36543aac9fab927664be
results/research8h/markov_mip/seed_260926102/paired_input_links.json,686,74d4294483486f21b5baff8193416340f835711bde684e8b29eb6c72b20402e8
results/research8h/markov_mip/seed_260926102/result.json,470,93895d09446514e0d905758a2d84d0317016ec468912d672ff028909ed732130
results/research8h/markov_mip/seed_260926103/month_07_minud.log,2520,28deeacc822950fa11262cef195fe4396527376e046b1c0b0705c5321a20786d
results/research8h/markov_mip/seed_260926103/paired_input_links.json,686,2a1c9e41c73396c94aa51cdf99288ed72d1a9338e9666629a750e39bc253c0cd
results/research8h/markov_mip/seed_260926103/result.json,469,01305dcfcfc5e279270bd58330ff54ef2922ceac63f99c7bad7b0570183154a0
results/research8h/markov_mip/summary.csv,1001,ddcdd2220d36ff48dbddca81368a8d5c370e839ad07eaa348079b87a190e0545
results/research8h/markov_mip/summary.json,1996,fe722d6b531ebea2df203099a1eac6bd4bf58f516fb8f03c2b2c19ada5012a2a
results/research8h/markov_twins/input_manifest.csv,3605,3a95246b55b34f889d0e923595158c4e2afb683e935500ea4209fa960de62da2
results/research8h/markov_twins/overview.json,259,3ee0e1cecdb4694735680022e77b787603b943e9997ce15001d427ad1de396cd
results/research8h/markov_twins/positive_control.json,1051,c304596fa587015d4ee261104d0db956111600abf1d65368fde59c98000eacdf
results/research8h/markov_twins/pre_run_freeze.json,645,ad4bdb10a7823e2e13695be03905d9fd58ba02daf7257182e918fd7e87e8cec1
results/research8h/markov_twins/seed_260926100/bounds.npz,10511,c70a0e84bf5af57db2f38448620d1313fb71355f8a10708be1bfa19a26cfaefb
results/research8h/markov_twins/seed_260926100/continuous_solution.npz,13067,f0b52d6c5157ba5f67140a2ee706dbdd4f380818fdf8238fb11a09d99af1b150
results/research8h/markov_twins/seed_260926100/lp_result.json,766,84575db4be541078fbcb9a14f5c5970dea583ff88c30312ff39a81ecf033ca54
results/research8h/markov_twins/seed_260926100/matrix.npz,143874,6af039900e02e8d16a419686a8e11a4f33515092d0647af4677bbabda4b8754f
results/research8h/markov_twins/seed_260926100/model_metadata.json,1528,e11ab418c93341678181b5d27eafc0c893770b120f39a5a88f7deca73ddc6341
results/research8h/markov_twins/seed_260926100/permutation.csv,2636,fd65de711f79b3b1162997d1a8276f13c9ddfc12bc18ff9f65f7f6c77ac47727
results/research8h/markov_twins/seed_260926100/preservation_and_witness.json,1879,85f3f4562528832404b26a393eca2e968c6045c96c18b6518ae1fb7e78798ed8
results/research8h/markov_twins/seed_260926100/solver.log,762,51e95300fa860c5e75d041fb44e9476aacbfc9edef796883d6ae40bb32315f6b
results/research8h/markov_twins/seed_260926101/bounds.npz,10535,076e0b91903d21ab5e825ae900aa0914c8abeef151999e455145a563053a1691
results/research8h/markov_twins/seed_260926101/continuous_solution.npz,13234,b03d3957ef5c2f1319be2d0a3a3fea444f2b1341b9fd5ddd73767a0b8d0fc09b
results/research8h/markov_twins/seed_260926101/lp_result.json,746,64be734e603aee77d3826012d6abd5e330bd48c4820e856eb3224d47799f1f37
results/research8h/markov_twins/seed_260926101/matrix.npz,143874,6af039900e02e8d16a419686a8e11a4f33515092d0647af4677bbabda4b8754f
results/research8h/markov_twins/seed_260926101/model_metadata.json,1528,e11ab418c93341678181b5d27eafc0c893770b120f39a5a88f7deca73ddc6341
results/research8h/markov_twins/seed_260926101/permutation.csv,2636,3942730aa60582f30ef257af54cec498f3a204965889e36cc4fdd54e939ceb26
results/research8h/markov_twins/seed_260926101/preservation_and_witness.json,1879,85f3f4562528832404b26a393eca2e968c6045c96c18b6518ae1fb7e78798ed8
results/research8h/markov_twins/seed_260926101/solver.log,763,9115403d8fa5b620d2959599c89874ba826469865f3a5cce2d7b17c31e6dc179
results/research8h/markov_twins/seed_260926102/bounds.npz,10489,340fa55a57ccd4e88c9561cdbccc42be134b4b2d38dc3ae868fd3e69662d08e5
results/research8h/markov_twins/seed_260926102/continuous_solution.npz,12908,b53493a010fd05fef3e65e24fb3d6d5c6a9896125553e81c3e12f8d87fa81cee
results/research8h/markov_twins/seed_260926102/lp_result.json,744,8f390da7734c4ded0098cd216c381f3b32449503e8f06eb23153a617ebaedc13
results/research8h/markov_twins/seed_260926102/matrix.npz,143874,6af039900e02e8d16a419686a8e11a4f33515092d0647af4677bbabda4b8754f
results/research8h/markov_twins/seed_260926102/model_metadata.json,1528,e11ab418c93341678181b5d27eafc0c893770b120f39a5a88f7deca73ddc6341
results/research8h/markov_twins/seed_260926102/permutation.csv,2636,1d4ae2b7c2786fbbda007bc3b0130b51f9c5775f6e5683629968118bdabf1f37
results/research8h/markov_twins/seed_260926102/preservation_and_witness.json,1879,21cb0478cafe8960573562500764bd093229d2cb7f60cbd486f82ea0b0b54106
results/research8h/markov_twins/seed_260926102/solver.log,763,02ae560640c0d8363d04335506cad7ab2db2928e22905c228cebc02a49317507
results/research8h/markov_twins/seed_260926103/bounds.npz,10511,330b8aaf2a93bf2b65530b6557bef7e1d0adad4b894296f1f82037960818bcc6
results/research8h/markov_twins/seed_260926103/continuous_solution.npz,13132,52dbca9b4deb6bb87ab80189a07f3b6a52b184c7276c74f34fe8f0ecf925f282
results/research8h/markov_twins/seed_260926103/lp_result.json,765,0829b3dcf77803a6de0dbd2150330588ee6c8ab4d0f29c4614bb542258cf6a62
results/research8h/markov_twins/seed_260926103/matrix.npz,143874,6af039900e02e8d16a419686a8e11a4f33515092d0647af4677bbabda4b8754f
results/research8h/markov_twins/seed_260926103/model_metadata.json,1528,e11ab418c93341678181b5d27eafc0c893770b120f39a5a88f7deca73ddc6341
results/research8h/markov_twins/seed_260926103/permutation.csv,2636,c9219754a9d79690a5045604ef65d2ab6953b46bcde68d4e4344ba586f85d4bd
results/research8h/markov_twins/seed_260926103/preservation_and_witness.json,1879,85f3f4562528832404b26a393eca2e968c6045c96c18b6518ae1fb7e78798ed8
results/research8h/markov_twins/seed_260926103/solver.log,763,067a2a77847f81f8dc9bbd40bf2ecee7ba292669b0a44fe13f146061e27eb8ad
results/research8h/markov_twins/seed_260926104/bounds.npz,10509,56828dc78d803cf6b69af401f8930bd28b7724c11c59cb9776766bf5ad8973c9
results/research8h/markov_twins/seed_260926104/continuous_solution.npz,13433,16cab19a496a1fda9ac7a7124c1b6c40afef332091eac701323410ea026b509e
results/research8h/markov_twins/seed_260926104/lp_result.json,765,0f542516b2c18007e1caadaaafd62fa35a7616552e41b1bfc4f82507b88a5607
results/research8h/markov_twins/seed_260926104/matrix.npz,143874,6af039900e02e8d16a419686a8e11a4f33515092d0647af4677bbabda4b8754f
results/research8h/markov_twins/seed_260926104/model_metadata.json,1528,e11ab418c93341678181b5d27eafc0c893770b120f39a5a88f7deca73ddc6341
results/research8h/markov_twins/seed_260926104/permutation.csv,2636,d3b64b06c2bea941a8ab3634b71267ea71e9944145eab0f7dcf86a74fdfd8a98
results/research8h/markov_twins/seed_260926104/preservation_and_witness.json,1879,a24efdd84ad5eddeca0a5e03899f4fda95dce8db4e7cd9135bf86adbac07ee21
results/research8h/markov_twins/seed_260926104/solver.log,760,ca355136d1454b8e10ac7defa5d1fca8e587f410d2909ceafb2ba2cdd68fe288
results/research8h/markov_twins/seed_260926105/bounds.npz,10489,2620046b5fbe1d599c5fd25b816de49a49e2981fae1675c2f584fe789e2fdaf8
results/research8h/markov_twins/seed_260926105/continuous_solution.npz,13167,ae8d36ec8333d513dd403596e8e76c748ba98b050ecbc55b207372c46ff67467
results/research8h/markov_twins/seed_260926105/lp_result.json,746,3545672e9e2fc9af564accfc81249f39ef8b804ef778dee79c4cb912db92fff1
results/research8h/markov_twins/seed_260926105/matrix.npz,143874,6af039900e02e8d16a419686a8e11a4f33515092d0647af4677bbabda4b8754f
results/research8h/markov_twins/seed_260926105/model_metadata.json,1528,e11ab418c93341678181b5d27eafc0c893770b120f39a5a88f7deca73ddc6341
results/research8h/markov_twins/seed_260926105/permutation.csv,2636,886170f65b26d8a0ae70174e73e3f5977042f0fad89194b7d7c03cb26232d2ad
results/research8h/markov_twins/seed_260926105/preservation_and_witness.json,1879,9b46d45af2afaa4af4c5a0d1bd1ffc6e4f287499055a2f55e9afffde8972429e
results/research8h/markov_twins/seed_260926105/solver.log,689,585dd8dc106719d5caf7b300056049785dfb4079a64447b77563fe6761970286
results/research8h/markov_twins/seed_260926106/bounds.npz,10512,809e35466cec25bdd8d1921a5a90d147401c3d357b26b9e2f11b70b4046794a8
results/research8h/markov_twins/seed_260926106/continuous_solution.npz,13627,2ff2006c8e44b0e66d694602b4dd625dee543eb5386bbdce6796d48cb84f3341
results/research8h/markov_twins/seed_260926106/lp_result.json,763,0b6a2090722e2ef7b7d53b77e54891a38712646c2b570eccb36f126f1b73efa0
results/research8h/markov_twins/seed_260926106/matrix.npz,143874,6af039900e02e8d16a419686a8e11a4f33515092d0647af4677bbabda4b8754f
results/research8h/markov_twins/seed_260926106/model_metadata.json,1528,e11ab418c93341678181b5d27eafc0c893770b120f39a5a88f7deca73ddc6341
results/research8h/markov_twins/seed_260926106/permutation.csv,2636,5983b09a8e19c43707fa1576c71c5ae29310ea7ae25a177cb5c0e926e83e8e1b
results/research8h/markov_twins/seed_260926106/preservation_and_witness.json,1880,fcd8be8c1aafbb33b0234d69c9fcaab762e743c2aab48dd3c7b81645695d7d04
results/research8h/markov_twins/seed_260926106/solver.log,689,ffd11d8d82fcfea8d24c11ec09864e2f0d35b9efed53ddca28a7106f4545810f
results/research8h/markov_twins/seed_260926107/bounds.npz,10530,d35a0290887723107a1db0a459fc7cfc407b5b2c6bb2c823280b0982bc0e394c
results/research8h/markov_twins/seed_260926107/continuous_solution.npz,13523,97f9dbc6af2292af6eb16bba82a84d738974fd83ba640f1845fa6d6a870128d1
results/research8h/markov_twins/seed_260926107/lp_result.json,764,26160f92bbec397c7454d6e03137d2808af56a60b6832729d76db3b366ad9675
results/research8h/markov_twins/seed_260926107/matrix.npz,143874,6af039900e02e8d16a419686a8e11a4f33515092d0647af4677bbabda4b8754f
results/research8h/markov_twins/seed_260926107/model_metadata.json,1528,e11ab418c93341678181b5d27eafc0c893770b120f39a5a88f7deca73ddc6341
results/research8h/markov_twins/seed_260926107/permutation.csv,2636,a6913e8bb59fa602371c3e35774a3dc01151cc01c9fb248a4b1660a6848ec751
results/research8h/markov_twins/seed_260926107/preservation_and_witness.json,1879,a34e96a589356e69ae3b03a50366538f611b3705aa82018152480d3610c946f1
results/research8h/markov_twins/seed_260926107/solver.log,763,494e6954693f37e20f8419e5bd48471afe1ba929222c7b56ff6e5b902b953b52
results/research8h/markov_twins/seed_260926108/bounds.npz,10510,743901a41ce36b69018e5711a08aab8e63015883c52c826be8fbd742e260b68a
results/research8h/markov_twins/seed_260926108/continuous_solution.npz,13202,55b3e4b760b320287eb84197fc33531e5700258d225c51ceaf25e808156f69d2
results/research8h/markov_twins/seed_260926108/lp_result.json,764,2087f418230d2dc78f1d43ff9052e39a2b90343b1a7b59aa06b184662ad637dd
results/research8h/markov_twins/seed_260926108/matrix.npz,143874,6af039900e02e8d16a419686a8e11a4f33515092d0647af4677bbabda4b8754f
results/research8h/markov_twins/seed_260926108/model_metadata.json,1528,e11ab418c93341678181b5d27eafc0c893770b120f39a5a88f7deca73ddc6341
results/research8h/markov_twins/seed_260926108/permutation.csv,2636,8dfe970b5182c303e9bd6241cf94bc56c34ae44a9f7409941a4268826f476561
results/research8h/markov_twins/seed_260926108/preservation_and_witness.json,1879,21cb0478cafe8960573562500764bd093229d2cb7f60cbd486f82ea0b0b54106
results/research8h/markov_twins/seed_260926108/solver.log,762,737287a2b2ff3907762c68d2b067803c8c4133f8b1c238f5c000bd4b0a65fcd5
results/research8h/markov_twins/seed_260926109/bounds.npz,10501,ef126721def9731092ec17ba55735767d3fc21b48eed6ee105443efe6174f673
results/research8h/markov_twins/seed_260926109/continuous_solution.npz,13039,719664c397ec7205e64ccb9330085046542b5619c334eacd6190983633b18eb8
results/research8h/markov_twins/seed_260926109/lp_result.json,746,52271ed048cae326f5fc6ada8bb494d75493f797393617ee353cdf7125005c61
results/research8h/markov_twins/seed_260926109/matrix.npz,143874,6af039900e02e8d16a419686a8e11a4f33515092d0647af4677bbabda4b8754f
results/research8h/markov_twins/seed_260926109/model_metadata.json,1528,e11ab418c93341678181b5d27eafc0c893770b120f39a5a88f7deca73ddc6341
results/research8h/markov_twins/seed_260926109/permutation.csv,2636,0111159de50337671f76a4d6eb3b69a48304e22e1021bd86f381eb31e5ee7ad6
results/research8h/markov_twins/seed_260926109/preservation_and_witness.json,1879,21cb0478cafe8960573562500764bd093229d2cb7f60cbd486f82ea0b0b54106
results/research8h/markov_twins/seed_260926109/solver.log,764,f4a1b60b6973d02b353371c80daeb2c0d97a6334ae1cd8a0fc62e19de0f644df
results/research8h/markov_twins/seed_260926110/bounds.npz,10515,0e92b8b3983c606181035c5358ccd574c08e64d0c560491a6c27d4264d1c398a
results/research8h/markov_twins/seed_260926110/continuous_solution.npz,12956,e22156032c4aebe99816211651e0e7bc18e8329ef6366142e3192809af3f254e
results/research8h/markov_twins/seed_260926110/lp_result.json,746,b318b78a22448cad1c48e0a453399d583434ab6380837ff6fa2474aff1820ca0
results/research8h/markov_twins/seed_260926110/matrix.npz,143874,6af039900e02e8d16a419686a8e11a4f33515092d0647af4677bbabda4b8754f
results/research8h/markov_twins/seed_260926110/model_metadata.json,1528,e11ab418c93341678181b5d27eafc0c893770b120f39a5a88f7deca73ddc6341
results/research8h/markov_twins/seed_260926110/permutation.csv,2636,fcfab4b6ec9aacbbd32c2141ca85b47fde995e4a0322eb912a3805ed25004ed7
results/research8h/markov_twins/seed_260926110/preservation_and_witness.json,1879,a24efdd84ad5eddeca0a5e03899f4fda95dce8db4e7cd9135bf86adbac07ee21
results/research8h/markov_twins/seed_260926110/solver.log,689,0c423a3e8e67b13b985bb73409011106300089db0d0d45658427fb231edd1978
results/research8h/markov_twins/seed_260926111/bounds.npz,10548,3c053df785c0e86261a1618f18c32d4ac2759b5ccb01e5580b8c76cb31e78d88
results/research8h/markov_twins/seed_260926111/continuous_solution.npz,13022,077b6d860a72d16903b102c99584634b262b6fc9c4bde474dc635c784992282a
results/research8h/markov_twins/seed_260926111/lp_result.json,746,ec5a9bd0fc4ba6e286e9ee46b210882ab15a9cbe74ccb5ba20b595f3a72a2038
results/research8h/markov_twins/seed_260926111/matrix.npz,143874,6af039900e02e8d16a419686a8e11a4f33515092d0647af4677bbabda4b8754f
results/research8h/markov_twins/seed_260926111/model_metadata.json,1528,e11ab418c93341678181b5d27eafc0c893770b120f39a5a88f7deca73ddc6341
results/research8h/markov_twins/seed_260926111/permutation.csv,2636,ef278c51a93c9caac9d7548efc197b9957c30aa733b09c96da491bd10c31cd51
results/research8h/markov_twins/seed_260926111/preservation_and_witness.json,1879,a34e96a589356e69ae3b03a50366538f611b3705aa82018152480d3610c946f1
results/research8h/markov_twins/seed_260926111/solver.log,763,c136f2fed5834d3211244e95efdaca5b59c60c2658a49431df4480359da36d3f
results/research8h/markov_twins/seed_260926112/bounds.npz,10509,ab556b50344bdcc00828e68bbb192112dc28cbef6dd390842bfe4cd63fb7b8fe
results/research8h/markov_twins/seed_260926112/continuous_solution.npz,13171,e137fdfc46a739a15b55984abc35bcfb5c5400a4e9abf19948dd448b2334fe26
results/research8h/markov_twins/seed_260926112/lp_result.json,747,6f27963a7ff87761ba622cc25b85e562edfda1a3ee231e507c08a3e5d706ac63
results/research8h/markov_twins/seed_260926112/matrix.npz,143874,6af039900e02e8d16a419686a8e11a4f33515092d0647af4677bbabda4b8754f
results/research8h/markov_twins/seed_260926112/model_metadata.json,1528,e11ab418c93341678181b5d27eafc0c893770b120f39a5a88f7deca73ddc6341
results/research8h/markov_twins/seed_260926112/permutation.csv,2636,d133f146883ab54f4780a0f4e6885d496db02be197224d3000beccdfdbaf6482
results/research8h/markov_twins/seed_260926112/preservation_and_witness.json,1879,a24efdd84ad5eddeca0a5e03899f4fda95dce8db4e7cd9135bf86adbac07ee21
results/research8h/markov_twins/seed_260926112/solver.log,689,09950cc105ef94f0114ca4737ca863330aaa1913131107d5a1f4d5b4fb45bbec
results/research8h/markov_twins/seed_260926113/bounds.npz,10494,ff5e1b530914f973c7a83d160e8cf3b575b450d7cf2e8454a83241415ed368c6
results/research8h/markov_twins/seed_260926113/continuous_solution.npz,13176,001eeb6826cb7c60edce9114f9948e3b7d79bbbc9a2d5e5d3d371a796d57f708
results/research8h/markov_twins/seed_260926113/lp_result.json,762,8495bacc649dfcfc8ea8f4c3b6162ec8cc572391d12e770e7446822e8a312b49
results/research8h/markov_twins/seed_260926113/matrix.npz,143874,6af039900e02e8d16a419686a8e11a4f33515092d0647af4677bbabda4b8754f
results/research8h/markov_twins/seed_260926113/model_metadata.json,1528,e11ab418c93341678181b5d27eafc0c893770b120f39a5a88f7deca73ddc6341
results/research8h/markov_twins/seed_260926113/permutation.csv,2636,a3ccecc7beeb20850a7637e5305c8366153710cdf1061f4ad2ddb9a8d495e1c6
results/research8h/markov_twins/seed_260926113/preservation_and_witness.json,1880,155f46cc5c60678fdcb47b2bff81a1fce68cb2a3c95f5cc8814cce0f216a0d11
results/research8h/markov_twins/seed_260926113/solver.log,763,10671679ac25f40dfd63505bbbdcd5f937516b53fb4c94a13b6c494a34a77bc5
results/research8h/markov_twins/seed_260926114/bounds.npz,10497,6550a0c66247d01a4a92721ae0b4ddf88052a33c76d9f16ee933e6ae33f74f65
results/research8h/markov_twins/seed_260926114/continuous_solution.npz,13392,c44b75ebce32a12f693fee210b796ad7d5aafb8103be535246e1cd37199510c4
results/research8h/markov_twins/seed_260926114/lp_result.json,745,27aeebad908fc17bf40ded3b37d639e7a041b9aca0389ead7e2223d28404c275
results/research8h/markov_twins/seed_260926114/matrix.npz,143874,6af039900e02e8d16a419686a8e11a4f33515092d0647af4677bbabda4b8754f
results/research8h/markov_twins/seed_260926114/model_metadata.json,1528,e11ab418c93341678181b5d27eafc0c893770b120f39a5a88f7deca73ddc6341
results/research8h/markov_twins/seed_260926114/permutation.csv,2636,2fedfd6ba65bc723c1fff8aa6cb770dbca04bef611982aa32e7b52a9def51ecf
results/research8h/markov_twins/seed_260926114/preservation_and_witness.json,1879,21cb0478cafe8960573562500764bd093229d2cb7f60cbd486f82ea0b0b54106
results/research8h/markov_twins/seed_260926114/solver.log,689,880a941017421e6a5d3a838153035e1799257c35499ec9731dd44d82c500af6b
results/research8h/markov_twins/seed_260926115/bounds.npz,10512,dc498944c401a295232b39d8b9427935e40eea2a66dd558ddfef80a1b37357f2
results/research8h/markov_twins/seed_260926115/continuous_solution.npz,13513,3736f9d9172d6ba276219ef9547902f431435eefc2d0594339203cd87df080ae
results/research8h/markov_twins/seed_260926115/lp_result.json,745,87c0adcf4cea300f42b356bd82f47e5bdbe9a7ec96d04287807e54df7b16a290
results/research8h/markov_twins/seed_260926115/matrix.npz,143874,6af039900e02e8d16a419686a8e11a4f33515092d0647af4677bbabda4b8754f
results/research8h/markov_twins/seed_260926115/model_metadata.json,1528,e11ab418c93341678181b5d27eafc0c893770b120f39a5a88f7deca73ddc6341
results/research8h/markov_twins/seed_260926115/permutation.csv,2636,e189082b320a463d0b7c80206a62b6f49477f862f9165fd654f3050ae57cf0e0
results/research8h/markov_twins/seed_260926115/preservation_and_witness.json,1880,155f46cc5c60678fdcb47b2bff81a1fce68cb2a3c95f5cc8814cce0f216a0d11
results/research8h/markov_twins/seed_260926115/solver.log,762,a5eca31cbe4898d73c6a522b0edb28df772b256905b7f643146da1e31d6020ed
results/research8h/markov_twins/state_dictionary.csv,1408,04c69e28936e3b77b78ff3f43a2f03beeb2747dc8fc9be4999f7c2385a45db00
results/research8h/markov_twins/summary.csv,1863,3670ea94210fa023bd2af352e9f9a42e9e105c1ea68ddc1ef941dc98f229a2b7
results/research8h/markov_twins/summary.json,7368,2e77fe87aaa7bcec7409f70e2650c5586fa2afcb67ab6e470caf516278bca35c
results/research8h/markov_twins/unchanged_global_transition_counts.csv,812,f9e2e96ed531d760533cda1280e421429d4ac064035f3140ee00bffd26658ce2
results/research8h/service_cap/identity/bounds.npz,9936,f2f3488e66eb438b2485315742738f6fc987fee0b507b1a211ad90ab58c6aaba
results/research8h/service_cap/identity/continuous_solution.npz,14329,b411c8e8f1d068fcb36a40efd422e182483745b5f1cb7e196833d4912aa19dd5
results/research8h/service_cap/identity/matrix.npz,137842,9828e246c515939605cd053d16db50a0c0847a17e79eee4ec5e364ab04f243e3
results/research8h/service_cap/identity/model_metadata.json,2041,21f7a2eacca5509524ad2568d98dd775fafe3468ce9b75b80dea5a28fdbc664b
results/research8h/service_cap/identity/result.json,757,6b4dc5961c3b4eba26747f2d669d74d25f3afd82d53e1903f351474e39a8ea59
results/research8h/service_cap/identity/row_metadata.csv.gz,90401,816684b29620e8b28a6565b3bba3e7441df55fdd55466cc31a66b1bd00113c8c
results/research8h/service_cap/identity/solver.log,689,02fe91612891051ad8c57de0b02b471ba0ede9be7ff8428f4d2037da0041cdcb
results/research8h/service_cap/identity_witness_check.json,203,34f1fa2c7d4368053143f3a2be3cecca6c9825bbc7ac103a8ba84df784b394d6
results/research8h/service_cap/independent_review.json,6368,7766bedbfc9e9bc9f8aa7bd28c06b3be6180f855d83fd539ff0bb6a28b47ca44
results/research8h/service_cap/pre_run_freeze.json,5144,5e77b731b3637ac3f12f8c1b50efd6bc921fd8f59f06049e634719882f78fc19
results/research8h/service_cap/seed_26092600/bounds.npz,9993,634f68afcda2eb9a973d0f4cefe109cb83163f97fa7e88fc5cd4a348ba95bfc7
results/research8h/service_cap/seed_26092600/continuous_solution.npz,14337,fbff042b16b4489a1fb7dc752b28c15ee828c28f97025b7cae7ee325e58d53af
results/research8h/service_cap/seed_26092600/matrix.npz,137842,9828e246c515939605cd053d16db50a0c0847a17e79eee4ec5e364ab04f243e3
results/research8h/service_cap/seed_26092600/model_metadata.json,2041,21f7a2eacca5509524ad2568d98dd775fafe3468ce9b75b80dea5a28fdbc664b
results/research8h/service_cap/seed_26092600/result.json,764,b3338a083ba5c3fdf0aab09fca2137acdc9b5da0d303d74614471e8e306749e2
results/research8h/service_cap/seed_26092600/row_metadata.csv.gz,90401,2a157578b095505b2077b69bb47a2eaa4f023b1010128561480f66bf385a7a0e
results/research8h/service_cap/seed_26092600/solver.log,763,13449692d1bf5a9f26185315e4712ade2ac72c68172551df4752b8f9a0f7e131
results/research8h/service_cap/seed_26092601/bounds.npz,10019,98a7f8db0585522c5e5bbee50dc097512fd0d866e2a36cd8311d081bf342d8b4
results/research8h/service_cap/seed_26092601/continuous_solution.npz,14419,5cdce03d0a112e643621d29ae6373dc9cff0469a280716cc998eccb3e769d3bf
results/research8h/service_cap/seed_26092601/matrix.npz,137842,9828e246c515939605cd053d16db50a0c0847a17e79eee4ec5e364ab04f243e3
results/research8h/service_cap/seed_26092601/model_metadata.json,2041,21f7a2eacca5509524ad2568d98dd775fafe3468ce9b75b80dea5a28fdbc664b
results/research8h/service_cap/seed_26092601/result.json,764,90064a07c162a09b169c772d69fd5e78c6884693d0e2d55e683a413fc3467e30
results/research8h/service_cap/seed_26092601/row_metadata.csv.gz,90401,92d5dde9fb35ff19e69aec75ba6e0096ce7725efd59c2212d2a76b65519108ac
results/research8h/service_cap/seed_26092601/solver.log,689,6adcc54c7798c0c2f3e5c9704d7043bd998641c07cc5175d22c24332997c963a
results/research8h/service_cap/seed_26092602/bounds.npz,9983,e496d4e23772139d33e1c81d2e590683279efe7678f226432dd58ba97ace16cc
results/research8h/service_cap/seed_26092602/continuous_solution.npz,14403,46a838997575bc65711c832b2fc2de03b9e1f5044a0e6f771a387f330686e123
results/research8h/service_cap/seed_26092602/matrix.npz,137842,9828e246c515939605cd053d16db50a0c0847a17e79eee4ec5e364ab04f243e3
results/research8h/service_cap/seed_26092602/model_metadata.json,2041,21f7a2eacca5509524ad2568d98dd775fafe3468ce9b75b80dea5a28fdbc664b
results/research8h/service_cap/seed_26092602/result.json,764,3234fe316276fabf5d6b86a75f1f8b07a7ea9c1697dada7ab6dbab3e03ff7d75
results/research8h/service_cap/seed_26092602/row_metadata.csv.gz,90401,54d22bb830acf7122c8aaeddb67f700d15fb8d80cbe3ad927cd5e0b2d3318558
results/research8h/service_cap/seed_26092602/solver.log,689,606e9040465314e0004429b6d01b3ec07c83bf6b314359c3cb8b41617449bacb
results/research8h/service_cap/seed_26092603/bounds.npz,10025,73024724df2263f485580b84cec59786974e2f70955d41e316c937e8e040abfa
results/research8h/service_cap/seed_26092603/continuous_solution.npz,13725,05d15bdc04a6929806d691444c60d61157a6e3b4782a86c57ad6bb41b962578b
results/research8h/service_cap/seed_26092603/matrix.npz,137842,9828e246c515939605cd053d16db50a0c0847a17e79eee4ec5e364ab04f243e3
results/research8h/service_cap/seed_26092603/model_metadata.json,2041,21f7a2eacca5509524ad2568d98dd775fafe3468ce9b75b80dea5a28fdbc664b
results/research8h/service_cap/seed_26092603/result.json,765,d5ddf204b0e2bc0a21c955a7ba1dc814412c10ff83144db3633e5d6630564358
results/research8h/service_cap/seed_26092603/row_metadata.csv.gz,90401,79bad61aa687cbc8ec9ec3a744a79e43b31e6cc5de35c37962634cfa12707445
results/research8h/service_cap/seed_26092603/solver.log,689,b989c186497c28a85b5e048888cdf3f2a4aaa8129e5acaba3117a936b32efe00
results/research8h/service_cap/summary.csv,1280,a1f0141af8e68d546eb68edfb52b8c2cce466f1d188178bd95b6bd38f530fc20
results/research8h/service_cap/summary.json,4054,8f3e906cd1dc59aa6052882103bea5562628048e76d43a9b87fb6317a45464ed
results/research8h/sparse_farkas/READOUT.md,2602,82a6efbe274b9fbc378f76dc8754a6329dadbf99ae617d456a519e97aba4028b
results/research8h/sparse_farkas/frozen_design.json,4742,b6f4fea6a7dbd17ae651c2fe1a684eb39f57fa1069782b45d495414e462cd2b3
results/research8h/sparse_farkas/seed_26092600/attempt_000/candidate_checks.json,17545,be46a00b4d0eda1df97b712a0b20803e998292525ea558a43f7014b627b604b4
results/research8h/sparse_farkas/seed_26092600/attempt_000/certificate.json,46317,46df7a7062655344f3ae23bc44e111d9f3ede3ace0234a7d0a9d579376e8fd21
results/research8h/sparse_farkas/seed_26092600/attempt_000/raw_ray.npz,2110,7ce793ca3c56770a692fdec3284c1cfc6d299f444b1fcc0399fff54270631f55
results/research8h/sparse_farkas/seed_26092600/attempt_000/result.json,6315,e9a8b3b2e944fc11666fa80b00f03c15476c9e2ac153b3231859ced3219559f8
results/research8h/sparse_farkas/seed_26092600/attempt_001/continuous_vector.npz,23373,66c83aff49bdc007aaadfc0d688dc600ab61e88e6767d32dba73fbf8e3ccf23d
results/research8h/sparse_farkas/seed_26092600/attempt_001/result.json,2218,f104e93ca4325536504a2f9d24c90389682093b86078329f0ed7cbd7c6f1d06b
results/research8h/sparse_farkas/seed_26092600/attempt_002/candidate_checks.json,17362,741a72100632f9b0830658759a22021a856e276a12aba792ce43824d2212b85e
results/research8h/sparse_farkas/seed_26092600/attempt_002/certificate.json,41357,7ae9d3a4bf28622de943afcd9be319ad67022b7a811ee5c417bd7bf88d20e9a3
results/research8h/sparse_farkas/seed_26092600/attempt_002/raw_ray.npz,1650,20f6e37dd6623283c4ca79fb7d058bfee2dd95b403ae55d123405564b551e143
results/research8h/sparse_farkas/seed_26092600/attempt_002/result.json,5009,ff87a2cbd7ac2e546bb667fc8e38227388c7a2e74d11d55607a53906be2fd29e
results/research8h/sparse_farkas/seed_26092600/attempt_003/candidate_checks.json,12143,1cd32d3c51133f3eb988744487d3d0bd8a4c17d1c81f27cdacf26a18bc32699d
results/research8h/sparse_farkas/seed_26092600/attempt_003/certificate.json,27403,e62f1aeb12ef8dd789c9e74536a575ef804f8f06650b6b18ccdb794723cc5cc6
results/research8h/sparse_farkas/seed_26092600/attempt_003/raw_ray.npz,901,3d4c9236876883fe9714c274c575f449a531e434e145e6d2d6d74ca68c1bd82e
results/research8h/sparse_farkas/seed_26092600/attempt_003/result.json,3598,ea2b5e68c421b9533d2a66c60ac64660e7173de425d3946de521f2a921bf7320
results/research8h/sparse_farkas/seed_26092600/attempt_004/continuous_vector.npz,23274,68ff35f2bed8ff88995284dbc544cf8b9ec6a84682d4ea14db650b4ab8aa02ef
results/research8h/sparse_farkas/seed_26092600/attempt_004/result.json,1235,d24dd2ca66d408653a84e9da939942e7962d5f44b35a0d653b39e44a2543a208
results/research8h/sparse_farkas/seed_26092600/attempt_005/continuous_vector.npz,23041,f9a667a3d2497bccd4dbeee1a14537b1e6ad88455cb9852d4be775debe44085c
results/research8h/sparse_farkas/seed_26092600/attempt_005/result.json,1236,96499539d67fce3264cfd2408a85d83b8764f18ee30d0a8595d1876044740139
results/research8h/sparse_farkas/seed_26092600/attempt_006/continuous_vector.npz,22943,43235e14714e3bf53a9103a657ee1e2fa611db7bf59720b838229862f0c8ef8f
results/research8h/sparse_farkas/seed_26092600/attempt_006/result.json,1242,71d80158c357122b409c75a931713d9edd7bf2d889fb775e7ab4a4843c89aa65
results/research8h/sparse_farkas/seed_26092600/attempt_007/continuous_vector.npz,22895,0d7724384556e3b5b5c94fa30823ff1a45764f2df9feda9da65f4b1c1684700f
results/research8h/sparse_farkas/seed_26092600/attempt_007/result.json,1238,1c83da51d5ce76abda202a49085370dad1bbe708835f6c7306739b95b7c1aca9
results/research8h/sparse_farkas/seed_26092600/attempt_008/candidate_checks.json,11731,c42723dee3c322a796bc92fa75abb6d578755429f8a2d686837a169ffcbebd50
results/research8h/sparse_farkas/seed_26092600/attempt_008/certificate.json,24976,5b59d77bd90c9719ace564804f2f6c65c54b0ee1bd106fe84330b00627094c4b
results/research8h/sparse_farkas/seed_26092600/attempt_008/raw_ray.npz,787,9b27d7359a0119a6c3130599b9c484f51d72fc8c404f0d2d1dad1891e43b9213
results/research8h/sparse_farkas/seed_26092600/attempt_008/result.json,2841,a6c76acd977efe779fa840a6ae7ae823b01bd01c38384c135999da35b4f607e3
results/research8h/sparse_farkas/seed_26092600/attempt_009/continuous_vector.npz,22871,305c910b890b68fbe14ba6460c731bddae382bdd2262247f66a584f5e9e2f4a3
results/research8h/sparse_farkas/seed_26092600/attempt_009/result.json,1144,823882a6912c801c031470a46a99308a8f98ab88f737659b34dea83f285f0585
results/research8h/sparse_farkas/seed_26092600/attempt_010/continuous_vector.npz,23063,68b8c54e1f92ecb783c9de512073000ec8725fd6e9c848a698b38030ac93c73d
results/research8h/sparse_farkas/seed_26092600/attempt_010/result.json,1145,cd8229a6ab482d57be5972d691a4fe10ee9c5a60018a55925db267cc93e5421f
results/research8h/sparse_farkas/seed_26092600/attempt_011/continuous_vector.npz,23157,c931059a41d4cbd97d6ae480da7b951d47d3c1ecd9ce43f4ee332817c2e642b1
results/research8h/sparse_farkas/seed_26092600/attempt_011/result.json,1145,fbb0e6fb2a525892e7387abbdf78bb8934ce856e98737117e353a3c6489f4d5e
results/research8h/sparse_farkas/seed_26092600/attempt_012/continuous_vector.npz,23004,ddfd843d5d50696e68b25e5cc3684411d833ac46b9fda1f771a3e60b30b47379
results/research8h/sparse_farkas/seed_26092600/attempt_012/result.json,1164,0df34864a00018c3a02904af17236d6c9d931c60a1aa6fbe88d2ddf6dedde8a0
results/research8h/sparse_farkas/seed_26092600/attempt_013/continuous_vector.npz,22908,a472427e31690cae843586b2a7e5d9abb0b6969f7ce1f6e2174d6f0367cf3294
results/research8h/sparse_farkas/seed_26092600/attempt_013/result.json,1144,262796e5abc34000eb89cf405a98a4b2bcb3381ba670546c6ae835a1e6f5c5f0
results/research8h/sparse_farkas/seed_26092600/attempt_014/continuous_vector.npz,22848,03fc167b0c38b73c02e5b85310639c88d41ff54f1190b090411ef71d9efef1ff
results/research8h/sparse_farkas/seed_26092600/attempt_014/result.json,1143,d29722de99881d00b0dbf2a4192946d18a26c6d8b603595e02147959f149dd81
results/research8h/sparse_farkas/seed_26092600/attempt_015/continuous_vector.npz,23114,37bfdb1670ade9480465f5818995ef4cee96067a711fa2fc4d2998d5ee9985e6
results/research8h/sparse_farkas/seed_26092600/attempt_015/result.json,1146,0a14d91b30a7575b4498bfa363c46babf8811fa59576d7d5c8b525c948bab61c
results/research8h/sparse_farkas/seed_26092600/attempt_016/continuous_vector.npz,23263,cafdadd7bbb15384d01f52bf98df3e425c4f39d8a00db26e8bf2e1fcd9377fb1
results/research8h/sparse_farkas/seed_26092600/attempt_016/result.json,1146,cff886c7a90d73b19f741127e331ade9e8024d027fefedfc1d94affe53a2be0d
results/research8h/sparse_farkas/seed_26092600/attempt_017/continuous_vector.npz,23122,1b5143c0d680abd7914c60175fbbdec847d8f23d1d623e4de2bfc47735fc0229
results/research8h/sparse_farkas/seed_26092600/attempt_017/result.json,1162,c05f0f7952fe00702258fef5c6c9a98a1f27c14f17747d8f33aa27147da55a8f
results/research8h/sparse_farkas/seed_26092600/attempt_018/candidate_checks.json,11588,dad70ce76193b16b5e77f2ead27952f15922ecde7aa13bc3bdef6b0a62f8c779
results/research8h/sparse_farkas/seed_26092600/attempt_018/certificate.json,24689,077b7daf1372a681ecc33dc304a789863413848a9bb354e07cec473dfc3ec8f3
results/research8h/sparse_farkas/seed_26092600/attempt_018/raw_ray.npz,802,e0fe13682809c13f7093c115e7d886ab3a0373e4d025e9ffb1f704917b684b06
results/research8h/sparse_farkas/seed_26092600/attempt_018/result.json,2739,ee7cba8b025b5db4f86760ae40b3745c7c6feacc87dcc9f0151c3433fcd06f02
results/research8h/sparse_farkas/seed_26092600/attempt_019/continuous_vector.npz,23041,5239992ab8e8801cf715fef5daca78968a241fd19728a6b7dd67c01a37441472
results/research8h/sparse_farkas/seed_26092600/attempt_019/result.json,1123,e6d58c010df130a7704f23c9a1e986f0b87a243f2ebbcd6be3392246c0084986
results/research8h/sparse_farkas/seed_26092600/attempt_020/continuous_vector.npz,23051,e483c677e7bae75b3cfc149130a0a3729f8fdf93a92784f62f005a9d59c66ce8
results/research8h/sparse_farkas/seed_26092600/attempt_020/result.json,1141,19d56b37b5931245d04d0192a8e6af24e4a1d81ccb2c706aa58770ce1a2e4403
results/research8h/sparse_farkas/seed_26092600/attempt_021/continuous_vector.npz,23000,f2a6c68f75fdc9c1e9a7ba0ddbd9d02367ebde8b2c03defecd47137c6df29806
results/research8h/sparse_farkas/seed_26092600/attempt_021/result.json,1121,fc2e3449b790977eb342924fd2d8143c0dde32f1c5a0cea2e9c75f19aea5d558
results/research8h/sparse_farkas/seed_26092600/attempt_022/continuous_vector.npz,23051,de9fbe2d2652d1d40ad8d9eab56a21bb7517e65b04487a6b261f6556a037d9c6
results/research8h/sparse_farkas/seed_26092600/attempt_022/result.json,1141,eb9dbfa1a2989e5f26e5b8f0d67f2c6207faf8fa5bc7bd74389c0d3bcde2a2f5
results/research8h/sparse_farkas/seed_26092600/attempt_023/continuous_vector.npz,22973,0758adb3489619e6eccf1043f4c1953dc14d5076fc0c2651f3f37b65080210af
results/research8h/sparse_farkas/seed_26092600/attempt_023/result.json,1120,4606c890aa0d73a8616ce0f6e2039a856858d286c74ee6e3ffe6c94f352a7181
results/research8h/sparse_farkas/seed_26092600/attempt_024/continuous_vector.npz,23024,4db55714ad0ebc4fd4c13c59503b03aed1575d4aa6f900018acbd18c68e54bbd
results/research8h/sparse_farkas/seed_26092600/attempt_024/result.json,1121,681752e2e68e0c92eac2f47cb9ad5fe7d51128cc8498c9ce177ef6036f501085
results/research8h/sparse_farkas/seed_26092600/attempt_025/continuous_vector.npz,23142,3fc4b23fd4d8c0b3f000af820bb859ecbc924ff25341a482ea298211952f53bd
results/research8h/sparse_farkas/seed_26092600/attempt_025/result.json,1121,6ea3fafea06b59a9d62ea3e324dc480513f5dc19e991315153a67435c0c30b8d
results/research8h/sparse_farkas/seed_26092600/attempt_026/continuous_vector.npz,23152,e7e83780493c9b357c040151f8d5cd3b821e6d90423851297f3693337a60c182
results/research8h/sparse_farkas/seed_26092600/attempt_026/result.json,1122,ac4d0dd415e65b09df7c3ad9f184c5872f5176161a52935bb564e7e35ea49bb6
results/research8h/sparse_farkas/seed_26092600/attempt_027/continuous_vector.npz,23121,636b37d10c265bd01a358bf63f164de872669a1e6a76f3d56facc0f044af1658
results/research8h/sparse_farkas/seed_26092600/attempt_027/result.json,1122,7e02684939d62a8606f9d4d991693d775a20ed0535f468fa51de1ad9a8f21211
results/research8h/sparse_farkas/seed_26092600/attempt_028/continuous_vector.npz,23031,0c5688b1ef45ce83715318db53b6f8809160121f3e489decf9c31651147b3174
results/research8h/sparse_farkas/seed_26092600/attempt_028/result.json,1122,6c156f53aa77d6640788481d30b46ec5baf06969c8bb46d1ac9293225f166a2a
results/research8h/sparse_farkas/seed_26092600/attempt_029/continuous_vector.npz,23128,5f7a8c632108bd7b672ae38cd108de0c9c3e7f9979a0f73335097f471b2457cc
results/research8h/sparse_farkas/seed_26092600/attempt_029/result.json,1107,a7950371d51dc3b8e298210eade49ab908b89b0d5c354adcf10a454ce78be148
results/research8h/sparse_farkas/seed_26092600/attempt_030/continuous_vector.npz,23051,e51264748a14dd5463dd0d8766d280db1f87812b91ed44c08ba03e8fd3e7d6d2
results/research8h/sparse_farkas/seed_26092600/attempt_030/result.json,1122,65f7a8ba91bfe2d1d02b9f7640dfb098bc65e8663a366f4bcd8213d250517148
results/research8h/sparse_farkas/seed_26092600/attempt_031/continuous_vector.npz,23039,82d72b55561b383d8cbd1e531c714b20e0118e88008a330cab1c7ff518681677
results/research8h/sparse_farkas/seed_26092600/attempt_031/result.json,1141,52822def6a4b28ef21677940a8e92c845e9b4558c430e4f1c35637e68f50ecb2
results/research8h/sparse_farkas/seed_26092600/attempt_032/continuous_vector.npz,22992,1a11c4dffacb2d0690df2237076b588235ba70db2289323d86edd3e87454f60a
results/research8h/sparse_farkas/seed_26092600/attempt_032/result.json,1121,c3ae092aa41a2336cf70d21933e4201c4f2747be2d633b6e2da551d1ee805b57
results/research8h/sparse_farkas/seed_26092600/attempt_033/continuous_vector.npz,23108,67b119d222251212ef24b475c2ddb217021a983b616c92c2b613d3d94e38fddb
results/research8h/sparse_farkas/seed_26092600/attempt_033/result.json,1139,39bc6088a3260439a6325e896b257e143bd61cdf5705bec34c5b2a74a3b3dd75
results/research8h/sparse_farkas/seed_26092600/attempt_034/continuous_vector.npz,23053,23d671762707042038a0f17e67325a6bde00a2cc2db857af88c70a70424a8dfd
results/research8h/sparse_farkas/seed_26092600/attempt_034/result.json,1124,63170381e093211ddf32271d280192b6ede909b6dc1c7c32e331f6ca3f6bbd7d
results/research8h/sparse_farkas/seed_26092600/attempt_035/continuous_vector.npz,23119,bb189a330efd9eba2d8391752f4970c9f4619bacc9a87492f5becd258950b453
results/research8h/sparse_farkas/seed_26092600/attempt_035/result.json,1121,7c685f19b40cabfb37abf89c78cd601efa1e05ab7d521bd6772a36a7759903b8
results/research8h/sparse_farkas/seed_26092600/attempt_036/continuous_vector.npz,23121,af4f7a033729ace96d0c51c07e9a31c0a888b327b307d4fa83a37a19cd68d1b9
results/research8h/sparse_farkas/seed_26092600/attempt_036/result.json,1143,8b022629f14169b712aa3a0f088ba467b33e527b2789621037748b9284e378cc
results/research8h/sparse_farkas/seed_26092600/attempt_037/continuous_vector.npz,23177,df7cef6fd00dc141c2a870882d14c0528fbb467f208f6f16ed10454d11fe01bf
results/research8h/sparse_farkas/seed_26092600/attempt_037/result.json,1141,8193ba925ec8ed093918f25c8fd052cb114ad5e8936c8ab6aeb8bdc88ba83969
results/research8h/sparse_farkas/seed_26092600/attempt_038/continuous_vector.npz,23094,3a091df6bed40c24d6b4f6e61a0a8592f574e098f53eacf9f48e735e207d408b
results/research8h/sparse_farkas/seed_26092600/attempt_038/result.json,1123,e50e3b7d4a2e5d83350d36f8572ba7e1fdf0315b8e371a447ae71301ea46e642
results/research8h/sparse_farkas/seed_26092600/attempt_039/continuous_vector.npz,23197,1a337a25ebcb86157e248d299d4d95046823ee513b34ca34e48928f813bd4c7e
results/research8h/sparse_farkas/seed_26092600/attempt_039/result.json,1123,3454f1c1fddee14d1b815f2825efbb49d74c784e930f2968cf90474a2c20c864
results/research8h/sparse_farkas/seed_26092600/attempt_history.json,69656,5c9e8641edb6d31bc988cfe3a316c8c86ace2d73f2d9981fbc60e77ea65f05e9
results/research8h/sparse_farkas/seed_26092600/certificate.json,21309,ed74fb967529d1086e8262c843bafd4ae9fa818909b856844b0a7b41e38b6353
results/research8h/sparse_farkas/seed_26092600/exact_variable_bound_support.json,1406822,4c97ddc1235599923ff6d96fdbb182ac5c3432e0922efd53d7f1f62953c9db70
results/research8h/sparse_farkas/seed_26092600/initial_pruning_attempts.json,48862,d98c52e34d8d3752cd3e842763a1ba1ee241766dfcf8552dd4a989c57dc886b7
results/research8h/sparse_farkas/seed_26092600/result.json,7929,a806ad1f47f19e558415b60dcccb054d3d0489ed9421b32b699acfb9dc05b74e
results/research8h/sparse_farkas/seed_26092601/attempt_000/candidate_checks.json,15266,1a9ba78a44a667b9f5f0cd5bcaca21899defc22320961ce23b15e829d287488b
results/research8h/sparse_farkas/seed_26092601/attempt_000/certificate.json,40296,356514f37c5cef0d4351b8dcc11b9a6fd4bca809464175e58f875da0961ec835
results/research8h/sparse_farkas/seed_26092601/attempt_000/raw_ray.npz,1726,7454da580590fc4c5ffa4a57997162282aca4a1f570e695efb4b4bb421ec4310
results/research8h/sparse_farkas/seed_26092601/attempt_000/result.json,5275,71a34d4e656c4232fe0cbd2e284b50f2857a206afabd9ee682844046b3ec7148
results/research8h/sparse_farkas/seed_26092601/attempt_001/continuous_vector.npz,23105,5103c79b58d0bc77143ebaebedbcebdae9d58b18c46f30e06a6d3d733520443a
results/research8h/sparse_farkas/seed_26092601/attempt_001/result.json,1938,ba0a640614095740d803b225c8641f494a42c97d1ca2670066329e070e18803a
results/research8h/sparse_farkas/seed_26092601/attempt_002/candidate_checks.json,13057,a23aed0492f5e341e3dbbe646609d042d4858ff6bd95210552143b0e9d8f0a2a
results/research8h/sparse_farkas/seed_26092601/attempt_002/certificate.json,30974,cd0acb58bff921ba8127b446bf9c8c7b076b42c65bcf703dd78a606741d9769f
results/research8h/sparse_farkas/seed_26092601/attempt_002/raw_ray.npz,1063,3b9e453fe46cb7780d038aa9c8e51e452f1f5c87bc4812ff2ad91117352a21a3
results/research8h/sparse_farkas/seed_26092601/attempt_002/result.json,3929,74bc30552ed16cfa05229593cc3e343a8a25d750f06be836596566c344334c7e
results/research8h/sparse_farkas/seed_26092601/attempt_003/continuous_vector.npz,23084,11a261593c8a7df4d493e1330a045a052538fc2024561aba48fac548e7e9277c
results/research8h/sparse_farkas/seed_26092601/attempt_003/result.json,1475,8d2958ff0597908cd2d092c5e1e78f5cdeb2ab6a0c4681cbee4abb1e8488133b
results/research8h/sparse_farkas/seed_26092601/attempt_004/continuous_vector.npz,22905,87b996931e9428f397ff50f35b4cafcb0bd4c6d23d4295a5f0955e79c607337e
results/research8h/sparse_farkas/seed_26092601/attempt_004/result.json,1456,f410ae0df87d1253d0404dd4353f6ca547a2a5a181a64dc56d37717b318f5028
results/research8h/sparse_farkas/seed_26092601/attempt_005/continuous_vector.npz,22830,a7822d8b0a5d7e730254f4dc7bdb5c37fa0ad4a2d51831cef94cd96bfdc26aa9
results/research8h/sparse_farkas/seed_26092601/attempt_005/result.json,1442,942930582190ae46fd0659ea137f5a9a639bd3425cf7f62be6b6264d5fdaa3b9
results/research8h/sparse_farkas/seed_26092601/attempt_006/candidate_checks.json,11620,12ffaf14c6ac03c9af3ca68749ee72d986faf60ca663af486bbe9c6a62b72795
results/research8h/sparse_farkas/seed_26092601/attempt_006/certificate.json,25519,4c3f0201392271fa9a512ddd9728ada5cc311357e0e8826b96796c67e8440bf7
results/research8h/sparse_farkas/seed_26092601/attempt_006/raw_ray.npz,857,89596b7b1ea3cbf12e7950754501be4fe97f44997938b25920f9a3bc2e428595
results/research8h/sparse_farkas/seed_26092601/attempt_006/result.json,3021,3776c1bd88ca92f1e588218a8df2c52e9819390c0981f3e1d5cc49f4efba4ab9
results/research8h/sparse_farkas/seed_26092601/attempt_007/continuous_vector.npz,22973,cc651bb3baa2613459a5cfeb3be815289f025acf84eb8df789c7ac3cb305adf1
results/research8h/sparse_farkas/seed_26092601/attempt_007/result.json,1225,6fdd2d5f36d41e032551cc0d7d5cd298e36cbc9d128660921dca80a6a2c4d2d1
results/research8h/sparse_farkas/seed_26092601/attempt_008/continuous_vector.npz,23109,25924250f6f38d1081efb35690f1657df3c49bffc2e144ab0757f8803e1883fd
results/research8h/sparse_farkas/seed_26092601/attempt_008/result.json,1226,4331b849c8a402a770f909975c249a33789138fc1721dd2a1c875355e8c92d57
results/research8h/sparse_farkas/seed_26092601/attempt_009/continuous_vector.npz,22977,e4743508061726f61fa29db7bcf174a62529605767ce438e17e3df9a729d643a
results/research8h/sparse_farkas/seed_26092601/attempt_009/result.json,1224,d8e8e428422387a35421147a9612acfb99b2ca4cf3bad0e151a1ebdc2ff2cf31
results/research8h/sparse_farkas/seed_26092601/attempt_010/continuous_vector.npz,23009,2c7c246b18d25a70a8c43b4adfd0b006f2c2d15f11b66e8ed398eccab2bf5bef
results/research8h/sparse_farkas/seed_26092601/attempt_010/result.json,1224,a7314e3cc5293b4c508b8b16c1b32aa2befa1f618dc58ec82c1411fc99af7eb6
results/research8h/sparse_farkas/seed_26092601/attempt_011/continuous_vector.npz,22969,b8281aacad015708a4e3b1ae7e83f91b233c97d6d8fc1381f9e0b48126fe9ef3
results/research8h/sparse_farkas/seed_26092601/attempt_011/result.json,1227,7d664068a2733ca8c67e30206cd13fc9ed0368ecc0771809093c4825bf0dbf12
results/research8h/sparse_farkas/seed_26092601/attempt_012/continuous_vector.npz,22852,ed9203fea487def1e42115d7291f4e7f07c959a74d11237ef1150a4da2124646
results/research8h/sparse_farkas/seed_26092601/attempt_012/result.json,1227,e9f5c756706e1959d92bd4875c280ac43c92e7c1429daef6ae3a4d9eb0cf4b60
results/research8h/sparse_farkas/seed_26092601/attempt_013/continuous_vector.npz,22849,e5023315167b56f9c7bbcbc8ac4c031654e8de092e009cb22e36f6441cefda3f
results/research8h/sparse_farkas/seed_26092601/attempt_013/result.json,1225,d057bf384034978d7cc77a88ff74a10de5d11bf6e7ea9099bc4964c5239c1b28
results/research8h/sparse_farkas/seed_26092601/attempt_014/continuous_vector.npz,22865,ba3078f035a50179372bbf1a4b7a38d56daa39640e19167770b35ba4c429a732
results/research8h/sparse_farkas/seed_26092601/attempt_014/result.json,1225,d40e0a2ea0b5783a1ca01bd4813c22d16cc38b36176d5d429e55a173dbc82c18
results/research8h/sparse_farkas/seed_26092601/attempt_015/continuous_vector.npz,22789,495376ee714f14cdea1e5363019eb2d9bb971ca9aa951359f7ee67273504161b
results/research8h/sparse_farkas/seed_26092601/attempt_015/result.json,1225,c5dee362635fa11ceca82b2987366c98f38002f40133024741a4ce7d99f1b745
results/research8h/sparse_farkas/seed_26092601/attempt_016/continuous_vector.npz,22893,22b2e702be5039427ac03f2b9dd73dada35271049cd8780a26a55cedcc56eb3f
results/research8h/sparse_farkas/seed_26092601/attempt_016/result.json,1225,d4f2ebb6ad025bc0496a08ce3e443ad7604a56d2c92563713128f8b4250f04e0
results/research8h/sparse_farkas/seed_26092601/attempt_017/continuous_vector.npz,22985,0c2968c491c230618cb2e40136916b13fb632798ddfe68892da7e729672be760
results/research8h/sparse_farkas/seed_26092601/attempt_017/result.json,1231,8dd2d9869cb8dac25685c45f597ec20794fe60df8f0d71f8a5974499dee4fcf6
results/research8h/sparse_farkas/seed_26092601/attempt_018/continuous_vector.npz,22947,5b96aa7f43b80b78c55bd7fbbaccaa32d84a945250ad8aaa7ab082b71365873d
results/research8h/sparse_farkas/seed_26092601/attempt_018/result.json,1231,b88aa50985dc6a6bc4cf205082aaa0e158ddf559d2922b27cd8c78384a030f5f
results/research8h/sparse_farkas/seed_26092601/attempt_019/continuous_vector.npz,22815,42011b3eb56592c93c6f8a19cec22b52d27feec09ea33d6a554c758c3aff109a
results/research8h/sparse_farkas/seed_26092601/attempt_019/result.json,1244,8714de25072f266a291f36be1ca9af9d906caab55fdb0c304792169477ef918c
results/research8h/sparse_farkas/seed_26092601/attempt_020/continuous_vector.npz,22896,daa63cf075c1b5b9eae2ffbea3681295978b66c0163a238d9e880ed05d8c3aaf
results/research8h/sparse_farkas/seed_26092601/attempt_020/result.json,1244,1606344088a6188f7b4c32a059926266aa8bf314d984fcfaaa9bd6bd8d06bed7
results/research8h/sparse_farkas/seed_26092601/attempt_021/continuous_vector.npz,22900,3e497f028fc286c487ba978ed4f6f473399d2629eca5ab3ab3f1dd2bcb01619d
results/research8h/sparse_farkas/seed_26092601/attempt_021/result.json,1227,74b67a31aa7a8714567cea58b0b6e6fb82d45b0ab90a68bce04dc1d5cb91dfba
results/research8h/sparse_farkas/seed_26092601/attempt_022/continuous_vector.npz,22905,24b1df20dce05d10e64543a41147e0f3d26c161a92092114897bdf5a288fe7e1
results/research8h/sparse_farkas/seed_26092601/attempt_022/result.json,1245,b11545a19b0c81b09773ef7a8ead76f1509d4aaff83a767aad494eafa8b816c6
results/research8h/sparse_farkas/seed_26092601/attempt_023/continuous_vector.npz,22956,13e5b33976d0ecb302bbea1e6cb31b60aef0f2e2b0b59c63d3560c82aab71f40
results/research8h/sparse_farkas/seed_26092601/attempt_023/result.json,1227,de4aee592b2e7fcf76f8e1469ab13be2ce394bb02d5662726f7643e107cf53c0
results/research8h/sparse_farkas/seed_26092601/attempt_024/continuous_vector.npz,22905,bb11c06e81974ab844218fe0632e6d1abe392b4c9192792eb8c6a0701d9dff2d
results/research8h/sparse_farkas/seed_26092601/attempt_024/result.json,1226,a40069694e2041e8eaa3a4778c5d84a0b29fba5331b06e1574ff52bfc5658803
results/research8h/sparse_farkas/seed_26092601/attempt_025/continuous_vector.npz,22978,c5e06c760958b6fc669d0f86ab48e0d5b463b57fb6d25206aef9b4ce5f8351e5
results/research8h/sparse_farkas/seed_26092601/attempt_025/result.json,1244,6f000580af68633e337ec31a1b0ff5f0e4bfd575e8270ea163610c78c57e9a46
results/research8h/sparse_farkas/seed_26092601/attempt_026/continuous_vector.npz,22888,306b903eecf731c53697184a016a5dc3b9718cae4393e7acde7755efe87f1d2b
results/research8h/sparse_farkas/seed_26092601/attempt_026/result.json,1211,4501052f7535aaa267696611eb7e945e58eff82f74b69d7f2342c014674d09ec
results/research8h/sparse_farkas/seed_26092601/attempt_027/continuous_vector.npz,22880,32ff92de3fd571f70ba1b64f704a9132ad867bc0eda8cf15b404b878c66d0c55
results/research8h/sparse_farkas/seed_26092601/attempt_027/result.json,1226,8b5a168f6218e2457250c819b04a681a3817b3364ca9250517def6f6826dd77c
results/research8h/sparse_farkas/seed_26092601/attempt_028/continuous_vector.npz,22973,543e16aaf862b4dfd5c23cf280c5e721dabde59956ad252cbb13993f4835e9b4
results/research8h/sparse_farkas/seed_26092601/attempt_028/result.json,1245,c26ff83197589abfc7b6263d35af3ca33ab97ccf2fcb155af69d16f7a4cc34bb
results/research8h/sparse_farkas/seed_26092601/attempt_029/continuous_vector.npz,22984,d3fa4798c792a7fb84f1a88a605e1c22246b863c631e6686f2ba911d72b57fe7
results/research8h/sparse_farkas/seed_26092601/attempt_029/result.json,1245,5009960ee3f5619d8cf4a22602ac287b73d8281caf729120197b5400a13ee67c
results/research8h/sparse_farkas/seed_26092601/attempt_030/continuous_vector.npz,22801,383cccef85238307cfcd25d4406e321a919682aa4df7a33b9d886c525441dba7
results/research8h/sparse_farkas/seed_26092601/attempt_030/result.json,1225,6fb66f80d89b95d1b8aa065408a0e3228389663bf02323415890ae0d81eea5d0
results/research8h/sparse_farkas/seed_26092601/attempt_031/continuous_vector.npz,22881,8ef4cb371ec019cd9ede051345208ec100f84d69f35f3dfca3b3bd334896c189
results/research8h/sparse_farkas/seed_26092601/attempt_031/result.json,1246,286aed27685110d98f1af1258e9d8d3abc0f41b3d5e75dc608b515211ad0d5a6
results/research8h/sparse_farkas/seed_26092601/attempt_032/continuous_vector.npz,22932,61c7d8736ce3ab91e6c9563a13ad18cd1f5792b30329926bc6e03c408dfd5e66
results/research8h/sparse_farkas/seed_26092601/attempt_032/result.json,1246,a09aa907aa7462802bbbbd255bde3837fdbb7c09ca3b6888c38d29bbb41e798a
results/research8h/sparse_farkas/seed_26092601/attempt_033/continuous_vector.npz,22866,141b004451183bc6416be56b9a49e10c0cd9f6cd58038bca2833c281c7bf34be
results/research8h/sparse_farkas/seed_26092601/attempt_033/result.json,1226,02d4cc74e93e3f412b3d67602e1e3941f36fa6718b8d89b3060435570a4b3bbc
results/research8h/sparse_farkas/seed_26092601/attempt_034/continuous_vector.npz,22830,92232ee68eb83c1e54fb16c00c99f97aec0af44f90dfef9520ba0e6666ece0f3
results/research8h/sparse_farkas/seed_26092601/attempt_034/result.json,1227,6b65847d631b9a5634e9e6cd1525f2b52783f70c3f3f93b49ddb27557cc49122
results/research8h/sparse_farkas/seed_26092601/attempt_035/continuous_vector.npz,22875,6fbfdaef60cf097fc95311217bd0690a914c5a4f2c40320a252a1cc7fc53021b
results/research8h/sparse_farkas/seed_26092601/attempt_035/result.json,1226,a595d729ed460f3d240e0ee8add8dd3891e4a88e2789cb96cdd1982161b80ef0
results/research8h/sparse_farkas/seed_26092601/attempt_036/continuous_vector.npz,22764,30ce78935c3ec67a28b65a4207371ba34a291d04294f803cca3935ec817801a9
results/research8h/sparse_farkas/seed_26092601/attempt_036/result.json,1225,ad6f374358744939efce7e92aa38d8c4ea03ee94dc345cdd3b548e11d999f2c2
results/research8h/sparse_farkas/seed_26092601/attempt_037/continuous_vector.npz,22887,7140c38de67df9ed953d6344e48f4e7eebb7bdbc067ec4fa5f2a09bf0f8a8945
results/research8h/sparse_farkas/seed_26092601/attempt_037/result.json,1227,3dc42a03b40b8904363699eb48732ae7a17d3341e32eaef031992cf37840a61c
results/research8h/sparse_farkas/seed_26092601/attempt_038/continuous_vector.npz,22852,ed9203fea487def1e42115d7291f4e7f07c959a74d11237ef1150a4da2124646
results/research8h/sparse_farkas/seed_26092601/attempt_038/result.json,1227,3e129a40b032ffc2de64e9f7e5b1b39d02108afcb376991d5f6d7b4bd4318b15
results/research8h/sparse_farkas/seed_26092601/attempt_history.json,65496,1cd4542ff801fbccaf6b48ae808ff0225ef676002034efd591aef2d784e4be3c
results/research8h/sparse_farkas/seed_26092601/certificate.json,22182,1f15532898baccf584f4c7b814d7abb92904d776ba4fc39a7b9babce3551086d
results/research8h/sparse_farkas/seed_26092601/exact_variable_bound_support.json,1407390,f3bb1eac3ff20dbd7b0cc406421e96c5ce8a3eef5bf1aacf02d51af3d066156d
results/research8h/sparse_farkas/seed_26092601/initial_pruning_attempts.json,42270,960c8a9b0b0a55898ec2bc51ded4c4a3bc2398dc15be7c6182f1d7b27a63b2c9
results/research8h/sparse_farkas/seed_26092601/result.json,6461,f2d8425102fa27f49762702bbb4ef62aa5078c653d25a6dc94e87237d55b067b
results/research8h/sparse_farkas/seed_26092602/attempt_000/candidate_checks.json,19180,1fd96d018e3a7bcc6bc406d910228b1028bc7b6ad000984e1b386e87bf0201e7
results/research8h/sparse_farkas/seed_26092602/attempt_000/certificate.json,53464,61a2c93b490e5549b2136983970e3a66546db0ba9a073558761da52b8789fd88
results/research8h/sparse_farkas/seed_26092602/attempt_000/raw_ray.npz,3349,76042754e558c0e75ddbc20d945820df923f4e2adbf2377dc34bddeb69240b69
results/research8h/sparse_farkas/seed_26092602/attempt_000/result.json,7753,23dc7adf2ba1d12f7f6c3d5747df9f7c3bdae8745cefa7a08052cd7f80bd39cc
results/research8h/sparse_farkas/seed_26092602/attempt_001/candidate_checks.json,17540,0c799cf6a9cdf6f47956b37a11dc80d0b5c179a7ce1d7f06da4b36fc871f881d
results/research8h/sparse_farkas/seed_26092602/attempt_001/certificate.json,45066,7a8188f9a29ad98428468e2b17e4d6e2da53e6f69f3e665d4428879eb9e65a4e
results/research8h/sparse_farkas/seed_26092602/attempt_001/raw_ray.npz,1896,43eb985e9debb044840a853af9a275ec5c95fc40777fc0eacad100d6399217b7
results/research8h/sparse_farkas/seed_26092602/attempt_001/result.json,5422,0577274312335fb56df16fd5e38b2e4944a8db4fb14c30657cf4e1a79c95bea7
results/research8h/sparse_farkas/seed_26092602/attempt_002/continuous_vector.npz,23338,66275a0bf0b2bcfc9ad124f8bf8e58f14b9ee6087ba1eb6baa818913ef7fd7f9
results/research8h/sparse_farkas/seed_26092602/attempt_002/result.json,2325,e9094dd7eebdac85f92ecce5aea45b8f5d1cd6b47b4e0a5faeb51e7523947f8b
results/research8h/sparse_farkas/seed_26092602/attempt_003/candidate_checks.json,13655,82480cab6cbcba3864312160a2a57ecbefcbc9125a4a65d9e9d69e95e33aa81d
results/research8h/sparse_farkas/seed_26092602/attempt_003/certificate.json,31247,4e1dad74c31f7d87cfecd3311816f6e72db4c02270877e4853bab402e7c5779b
results/research8h/sparse_farkas/seed_26092602/attempt_003/raw_ray.npz,967,3fd5c7b846755c59d72785e6dc773befa33a987bd0b3250283aada3df73d00ea
results/research8h/sparse_farkas/seed_26092602/attempt_003/result.json,4358,c4036cbbf8046d2cc5757d4a8610dda4febdc3e05943bce1d69137afd64a8275
results/research8h/sparse_farkas/seed_26092602/attempt_004/continuous_vector.npz,23185,62672f164fcb2011ff961ad9d4c0e02b5d5a8760fc41857cb436fa658b5a163f
results/research8h/sparse_farkas/seed_26092602/attempt_004/result.json,1605,aeb38260851a16850fe6b7a336105037222db7c480c751ba59fc5833e8315ee9
results/research8h/sparse_farkas/seed_26092602/attempt_005/continuous_vector.npz,22960,dcb89ab14cd7ab03ef0a0e7b3b41ee3e28ef8a1b3f7f6a798f483f1ababdfa59
results/research8h/sparse_farkas/seed_26092602/attempt_005/result.json,1606,14de9ff058025352277c6c34664bee00b5c3b8dcd729694b99ecfd97444b17f0
results/research8h/sparse_farkas/seed_26092602/attempt_006/continuous_vector.npz,23003,07eefd842e88434487fc478d3a96e9fcf9891815d98f2e74c8129ffda6f371c6
results/research8h/sparse_farkas/seed_26092602/attempt_006/result.json,1610,1e9250bbecd6fd5942d26ca737aa49ddd7ea2eef5ca6374fc2df9f996d5a2a79
results/research8h/sparse_farkas/seed_26092602/attempt_007/continuous_vector.npz,23204,5f98c23095ee64d7508047947bae48d8d8cc011294fe405b241193d3af208c4b
results/research8h/sparse_farkas/seed_26092602/attempt_007/result.json,1590,28df46bf93e6b8efe3e9c0bd35d24819ac4720d4421471164f25f9f86476515f
results/research8h/sparse_farkas/seed_26092602/attempt_008/candidate_checks.json,13366,3db83077eedaf92b39b7a6068cc13e93f2ebf171dd9cca3667582e8479ae3433
results/research8h/sparse_farkas/seed_26092602/attempt_008/certificate.json,30439,9666908db4d319f48e57e6e77785192481989014fce07bba58666a774ee8cbc5
results/research8h/sparse_farkas/seed_26092602/attempt_008/raw_ray.npz,1025,a2027f746f6227ad97f7e18f8f83591d080c4438c764f9c438dbbcdf14bf78e2
results/research8h/sparse_farkas/seed_26092602/attempt_008/result.json,3576,85e2ad885cc170c6bacbf562e76d169820d6633e58466141b3022f7d163633e3
results/research8h/sparse_farkas/seed_26092602/attempt_009/candidate_checks.json,12694,20b1a6d8d4173968fbba04bb56309e6786417f800935092aaff2974a70c56186
results/research8h/sparse_farkas/seed_26092602/attempt_009/certificate.json,27640,9df3a9b5826172a5fe72dbddfd2b097cf4cef58cbe03210dcc1fb2f82e2f67e9
results/research8h/sparse_farkas/seed_26092602/attempt_009/raw_ray.npz,1023,ea36d0dd3873c8a3a81825d73115479598f54a728f989d1d18f86551eb05335a
results/research8h/sparse_farkas/seed_26092602/attempt_009/result.json,3341,74d3cbb191b3292576703b3f354aabc6ab013435d18733505b18fb90e9cfcb32
results/research8h/sparse_farkas/seed_26092602/attempt_010/continuous_vector.npz,22960,dcb89ab14cd7ab03ef0a0e7b3b41ee3e28ef8a1b3f7f6a798f483f1ababdfa59
results/research8h/sparse_farkas/seed_26092602/attempt_010/result.json,1407,40d08cdc760fb6d92e91b3b03a7ac5675081eb2f68ebed25c195beee6740cf5f
results/research8h/sparse_farkas/seed_26092602/attempt_011/continuous_vector.npz,23012,f657039e1a84b60abc6b666abb4f41257ce8ef709a60e00f36420923aa15d505
results/research8h/sparse_farkas/seed_26092602/attempt_011/result.json,1438,9b1fcc1950bfc48b5cae2c68f098aa477bdb0a596967897b8f2dbb8abc86de29
results/research8h/sparse_farkas/seed_26092602/attempt_012/continuous_vector.npz,22927,c958c584d3f6bc47c5ae14f851c95709f2d832bd740ecad4a67f9171e36ecab6
results/research8h/sparse_farkas/seed_26092602/attempt_012/result.json,1420,8c32b9490f57e8818983d9ddcf556a853f391bc7fd26be416a55579d7ed51bc1
results/research8h/sparse_farkas/seed_26092602/attempt_013/continuous_vector.npz,23038,5076c877220b7bb9123c04803a1cd93ccde1341f7dac3f12056208db184a7407
results/research8h/sparse_farkas/seed_26092602/attempt_013/result.json,1422,1ce39c05811ee050c8e1037deb7afa22f1c92fd6782c81c26265f2097e01505f
results/research8h/sparse_farkas/seed_26092602/attempt_014/continuous_vector.npz,22935,1092ccfe6dd1ed44c9e747709095a955dfc85c32202708841760c3b2d532a718
results/research8h/sparse_farkas/seed_26092602/attempt_014/result.json,1421,8219dbcacbb1dd7cfedca555758e0c5fef5f098f813123d372a549d5f49c8d59
results/research8h/sparse_farkas/seed_26092602/attempt_015/continuous_vector.npz,22984,2a81c5c0110b4cddac380ce0441ded32e156e5258449ce4634e629ec8df9eb4e
results/research8h/sparse_farkas/seed_26092602/attempt_015/result.json,1421,7e412a4145f6764d1682aae3976798576a2b29d5b68ce92b0226dc79d2c88369
results/research8h/sparse_farkas/seed_26092602/attempt_016/continuous_vector.npz,23208,dc8cec2e956b3a8a32c1af00c60c8e09abdb9f533e63c55ffcc791033b5ec229
results/research8h/sparse_farkas/seed_26092602/attempt_016/result.json,1439,6c14f8c5ce2320d762cd447231fea714a462da50dad478b6b6e1c243ba423e29
results/research8h/sparse_farkas/seed_26092602/attempt_017/continuous_vector.npz,22977,e7273e98fdc8ce61f1b0f8d5e472f7edf0031df6f5be5e47b41087e8c7c41ae0
results/research8h/sparse_farkas/seed_26092602/attempt_017/result.json,1439,fb46cfd19b87118862cdf78d9b53793c1dee8cf4708ebf9032c3490b1f16c67b
results/research8h/sparse_farkas/seed_26092602/attempt_018/continuous_vector.npz,23072,2969322a994cbaa23709dad9a23e6f976c79bc9be16ae87929d7505a19b5ff20
results/research8h/sparse_farkas/seed_26092602/attempt_018/result.json,1425,59ba55694dc290073a8dc27021a113c3ac3b66fea656bdc7fea63e15d4d4a87c
results/research8h/sparse_farkas/seed_26092602/attempt_019/continuous_vector.npz,22990,e22934e3ba4b3f8f64a23639a03d9a4e07bce67d09a9a5beef34a6cf3b8ec7a3
results/research8h/sparse_farkas/seed_26092602/attempt_019/result.json,1420,5b76fb7565e8288640d3822d7e600384bd8b69ee8ce0a33c6d42f3df88e3be89
results/research8h/sparse_farkas/seed_26092602/attempt_020/continuous_vector.npz,22955,45080ed4532c361efc428b3a74ef6e76d7a5d437f5a1f4892d7ab9c0e12114cd
results/research8h/sparse_farkas/seed_26092602/attempt_020/result.json,1421,54aad1f07e43ff545f7b9c0e08f9d7359320280a80b2c8bf3f237c8b7a824c4a
results/research8h/sparse_farkas/seed_26092602/attempt_021/continuous_vector.npz,22995,b40848045ab337f8fb78ef44ce79dd0327f78c6c2d4c1a0b9ddcd9e0466bf1af
results/research8h/sparse_farkas/seed_26092602/attempt_021/result.json,1421,828929023bc06f6fc27c3b2564e99ae3cb553f95ec2ace291f5c32bb3bbf0554
results/research8h/sparse_farkas/seed_26092602/attempt_022/continuous_vector.npz,23029,7b0cfcea289ee51526974c5163ad46c8fcbb8e9a8464ebd23dc0e8a402e39c8c
results/research8h/sparse_farkas/seed_26092602/attempt_022/result.json,1437,8b62d9ffe11021d6ecfffb37702280f8205e4a28ea35b161384634437268e9f0
results/research8h/sparse_farkas/seed_26092602/attempt_023/continuous_vector.npz,22974,9bd75c411cad5e3a081bca2f6c481b9e439882f09a92de2b133e553dddf775a4
results/research8h/sparse_farkas/seed_26092602/attempt_023/result.json,1418,dbd59ab4fd7e0c5b97ad254f9a03562bfe95df509eb711fd2f5a7248c0c1499b
results/research8h/sparse_farkas/seed_26092602/attempt_024/continuous_vector.npz,23030,34b132e0999258d682093f3967561942f93efea1cefe95aed15804a622aa562b
results/research8h/sparse_farkas/seed_26092602/attempt_024/result.json,1440,c9bb502bd79f8eeea08f7beedacc556673a422cc23d3327c7def69270ae797f2
results/research8h/sparse_farkas/seed_26092602/attempt_025/continuous_vector.npz,23080,496224b1e16a6b4ce27c292ab6e5dcacc3389dd86a78b27bf6c93fc175033587
results/research8h/sparse_farkas/seed_26092602/attempt_025/result.json,1440,5125bb32d174a9fe6782887d8928da1c5cc77b68e83b1a2081dda5dc95128ba4
results/research8h/sparse_farkas/seed_26092602/attempt_026/continuous_vector.npz,23050,16c679081ba60911d03897bf5f9577a9b456eaeeb3a3757364e1b3059aff862b
results/research8h/sparse_farkas/seed_26092602/attempt_026/result.json,1420,a71dcc6a42506404c14070e9d88cd0c2bf3407479701e4835d896927fc0262fe
results/research8h/sparse_farkas/seed_26092602/attempt_027/continuous_vector.npz,23007,6e274f7fe6d85c9eda043e6a18387af0eec386e15fde7ba14683a9ba90ba70c8
results/research8h/sparse_farkas/seed_26092602/attempt_027/result.json,1419,b38f8da211273ebeb4f9862a54a43ed569bcb2a093752a37b4d2afb4cb78e86f
results/research8h/sparse_farkas/seed_26092602/attempt_028/candidate_checks.json,12767,10c9bef703a81d2de00abf718c2da41a8a4d376e9c999467ac4f62b64ac49f51
results/research8h/sparse_farkas/seed_26092602/attempt_028/certificate.json,28371,b2cc5fde9a2ee6883300257ad669a7e239382fbf3bb3e548cd0b52fab3b483c6
results/research8h/sparse_farkas/seed_26092602/attempt_028/raw_ray.npz,966,882b79c4023d7dd3c5fd368ce6a3e8af0bde0d4937bb45933d14eb0ba5a8897f
results/research8h/sparse_farkas/seed_26092602/attempt_028/result.json,3217,4c68951a773e6b4af414eb13339dc1dcf78b3e7f7487cde5bb95692f82fde676
results/research8h/sparse_farkas/seed_26092602/attempt_029/continuous_vector.npz,23056,cc4071882c2a9ded697b923e8e98806b23d8e661d5f98ef3e7d1df8611478c0d
results/research8h/sparse_farkas/seed_26092602/attempt_029/result.json,1416,77cf7c72cc72581f3147c1ff59169a462c55a9889d501c1a158a9cc0b1954a3e
results/research8h/sparse_farkas/seed_26092602/attempt_030/continuous_vector.npz,22990,b2ef8c80834d9d1b02796b17aadca8df0ecbc88cc3a51ad858168ac1700d488a
results/research8h/sparse_farkas/seed_26092602/attempt_030/result.json,1415,562092b634c29f01690df1f79e95934738538081097710baf9ad54f46070089c
results/research8h/sparse_farkas/seed_26092602/attempt_031/continuous_vector.npz,22953,c2604f0f094ec65472d0b85f2a405b7d414b4a15f4faa70967b7da2879422440
results/research8h/sparse_farkas/seed_26092602/attempt_031/result.json,1398,4c7c9cd571305a3f7737e08a24ee99fd01c8dc2ee8a0e74e3f9b41ee85204eb5
results/research8h/sparse_farkas/seed_26092602/attempt_032/continuous_vector.npz,23037,4b9c057e1942fab4ae36d58bd7393d1a2cd69b55b6b5cd23477a7f05d99d8915
results/research8h/sparse_farkas/seed_26092602/attempt_032/result.json,1402,e91a3a2ef40a45f518abdba8a879fe661185e69726830fb06759b628cc8a1d16
results/research8h/sparse_farkas/seed_26092602/attempt_033/continuous_vector.npz,22960,b97ff13a884c6cfe0a4365592f7b4d3db99e0d55ed0ef54db9d5272951d2ef41
results/research8h/sparse_farkas/seed_26092602/attempt_033/result.json,1383,7fd7a345e12b96e2d1ffe89cf8a9a483b5d1e4419113fd11d57c295262435ae8
results/research8h/sparse_farkas/seed_26092602/attempt_034/continuous_vector.npz,22935,15159cff56b3667d6d5ae44d01521809d43fc7c44973280193d35c8290e34d34
results/research8h/sparse_farkas/seed_26092602/attempt_034/result.json,1397,a43d0668714027561c0d1d3d2d528ee030a55cebdb4193dece13a1cbe8e9774c
results/research8h/sparse_farkas/seed_26092602/attempt_035/continuous_vector.npz,23022,0dda08b32506aa91fa0959bbbdf892527cd5a23f182fe284eb210e0b1b2e71b5
results/research8h/sparse_farkas/seed_26092602/attempt_035/result.json,1397,2881ea44659171e0ac89283e15a47075ab99449b3d3a255e6f493c8328e6350c
results/research8h/sparse_farkas/seed_26092602/attempt_036/continuous_vector.npz,23013,16fb21363d5e76d554f0fd22db02a5baffb64e6d7576f170f684f3b77418c275
results/research8h/sparse_farkas/seed_26092602/attempt_036/result.json,1398,8cd01f01b4d4fb6a3f5981f7c310138e0bac5a08d26d14901c1bc268b02fcf35
results/research8h/sparse_farkas/seed_26092602/attempt_037/continuous_vector.npz,23006,a4c262f012fae9b42383a06794eb96e47e94c40a1cf8036b03e86791ec8bf22e
results/research8h/sparse_farkas/seed_26092602/attempt_037/result.json,1416,0df430af7c97ced664a69a85c380031130cf3e95caebb3b6b3b5cf2d081700ea
results/research8h/sparse_farkas/seed_26092602/attempt_038/continuous_vector.npz,23031,264b2cf53e2cb6a7bbc48a2c17cda8f615f4b3456ede34f74b5219c0a05f39af
results/research8h/sparse_farkas/seed_26092602/attempt_038/result.json,1401,fd2c94e7e9550a85e502e0877111af760045c9703eb21766d207a652afac6f49
results/research8h/sparse_farkas/seed_26092602/attempt_039/continuous_vector.npz,23029,06cc575af4981b0fcb1122d5bfc64d1b8e64ab226c64ca423651a43784d5ba58
results/research8h/sparse_farkas/seed_26092602/attempt_039/result.json,1414,d4dfb0c68e8796e1a5a3a54e3ae3570a1e12d190fe4cc187c5d6795f000c99c3
results/research8h/sparse_farkas/seed_26092602/attempt_040/continuous_vector.npz,23029,8792275423ed830acf97f17a2053e1dd3fba61f5adc292385cee42d36063e57e
results/research8h/sparse_farkas/seed_26092602/attempt_040/result.json,1415,4238c57d69b4ac778e9299b5e140417b0780f3ed69afb56343cf039ebfbef3c3
results/research8h/sparse_farkas/seed_26092602/attempt_041/continuous_vector.npz,22941,52b8465fb2abc334a9f4f7e251bef5b86aa820882d1225d9014ec82b569501da
results/research8h/sparse_farkas/seed_26092602/attempt_041/result.json,1397,bbb0e1545098995a9d3ca6acaa4962f428895e02df759af2558f5b417e44f0cf
results/research8h/sparse_farkas/seed_26092602/attempt_042/continuous_vector.npz,23030,b9199a1f37bd2669afbd8dd5605593b245064a35a1aa01f6cb5dc41eef79d502
results/research8h/sparse_farkas/seed_26092602/attempt_042/result.json,1398,797a15ad3cd59354808a03a4cdc4c68fa77d2cdc048a9dc7ac0207633f22ca2a
results/research8h/sparse_farkas/seed_26092602/attempt_043/continuous_vector.npz,23051,debe61a84f4059cf5bc1a4dba283a08f38d2c48f6d464e4047ffa1a303c10ca2
results/research8h/sparse_farkas/seed_26092602/attempt_043/result.json,1417,4f85433eeeb7de7f81d4d9a8c2a3cb04980d85811ec9a1def078307f25dc5fd6
results/research8h/sparse_farkas/seed_26092602/attempt_044/continuous_vector.npz,22916,cd33fe90078ea0dd9f57abb5664ae23b93e739f539c558e0f28a76ea7d7c1de5
results/research8h/sparse_farkas/seed_26092602/attempt_044/result.json,1417,3170b10e9af4ff76e20b4633f535f4f550ccbff6a2f2ef44f3d1fc0871f1444d
results/research8h/sparse_farkas/seed_26092602/attempt_045/continuous_vector.npz,22985,81faea19e2bad4bf2c85e13ad2d03e977d0d39517c86323d6a3280e980acd327
results/research8h/sparse_farkas/seed_26092602/attempt_045/result.json,1399,5ae84b8c44bf5ba4d88b080693e18bd870c247828c392062c04d815095cd74e8
results/research8h/sparse_farkas/seed_26092602/attempt_046/continuous_vector.npz,23023,a310f736f07abbae2587f39e66d0f82ae5cf6bd402dfe8256a55849ccd8e4581
results/research8h/sparse_farkas/seed_26092602/attempt_046/result.json,1399,7f0b3dbb5bf9ee0004ccec427b62ddc78799ffb47164820b4d8b991dae8dad95
results/research8h/sparse_farkas/seed_26092602/attempt_047/continuous_vector.npz,23061,b41422bcda0b9fc6ec1d9242c86437b23773fdfec94258157109a1df4cf4cd87
results/research8h/sparse_farkas/seed_26092602/attempt_047/result.json,1398,3a57cd219b434b7ec836aa15f51464b75848df6aeb61260c69504000e08a31ca
results/research8h/sparse_farkas/seed_26092602/attempt_048/continuous_vector.npz,23042,2044c1388857df4fc534af8271bcdb43c6ce57e078d7f9599efa24bb997960d3
results/research8h/sparse_farkas/seed_26092602/attempt_048/result.json,1399,bc654fd0b83f947db228efcd1e90d357e93cf9f6ddcf7143904bac87a5c2d177
results/research8h/sparse_farkas/seed_26092602/attempt_049/continuous_vector.npz,22928,4e57c7ec8984bd3e705804e5361658d609233ee9cee6f037d21b56e7f3efce68
results/research8h/sparse_farkas/seed_26092602/attempt_049/result.json,1398,8498348a558d4e5f14ed5c7be6607389cac45eaaae636861fed3a31cbf7fe858
results/research8h/sparse_farkas/seed_26092602/attempt_050/continuous_vector.npz,23047,251e3468f8512b3377057c029c5b99fec51de9fd4d8b4ab8650c461eae5dfe71
results/research8h/sparse_farkas/seed_26092602/attempt_050/result.json,1419,ab996664354a7f5a82d8d4b66c9ce566fee3aa02ab154263e1307a9d10e747e3
results/research8h/sparse_farkas/seed_26092602/attempt_051/continuous_vector.npz,22963,ceb35654b9f1db0ca99fd99250b9852ff35fea10d924873e8c55c4c716a36a58
results/research8h/sparse_farkas/seed_26092602/attempt_051/result.json,1384,3b6b9a2405e17d23e2af18358ca7adfe42c3535a383b434ab62a5d38286e4af1
results/research8h/sparse_farkas/seed_26092602/attempt_052/continuous_vector.npz,23004,53972b3e7567537b40e76a8477238f6107a961f2ed5ffda75d0e1f3d35f6fd22
results/research8h/sparse_farkas/seed_26092602/attempt_052/result.json,1399,5e474612f6fd5b84370500c828a31ffbf6dfdcccdea8c82a030be2c27c948cac
results/research8h/sparse_farkas/seed_26092602/attempt_history.json,108819,8b5b76fdbe2f4f844a1bae20fe535bd9a2341341ee0b33bb94d63171e7ce9ee1
results/research8h/sparse_farkas/seed_26092602/certificate.json,24725,53aa9f641d8af88a401b58a99403c06f046ecf64e45c1c127c50b945fa50a25f
results/research8h/sparse_farkas/seed_26092602/exact_variable_bound_support.json,1406739,7f399b940b4151f58af7e4874cbdfaea2de930e98648d8b99bda84d3162845a2
results/research8h/sparse_farkas/seed_26092602/initial_pruning_attempts.json,51744,3ccaaabad2b557c39f9ad999ba55caa2739013fd8205474edcba502ab13dedba
results/research8h/sparse_farkas/seed_26092602/result.json,7988,78783a36941f05687e530e048e3703ac8a70906c72c77e63584e3905ace09d93
results/research8h/sparse_farkas/seed_26092603/attempt_000/candidate_checks.json,15214,3fd1c22c129e13968bf6cc072b494339ddfdc589ea417ac3b51016f0eed0d6e3
results/research8h/sparse_farkas/seed_26092603/attempt_000/certificate.json,44376,3a91a652aafe9f0ffcd29e06983ca5f242abbce9b255256cd627de425644e623
results/research8h/sparse_farkas/seed_26092603/attempt_000/raw_ray.npz,1724,f3b2cba0736ef152574d3a89bff856edbaecc819ad40277c880cc3ddaef3e6f5
results/research8h/sparse_farkas/seed_26092603/attempt_000/result.json,6043,6f789a0591f10dfdc27d3d3da08ad4ff93b10dcd659c055ca44036961cb22acc
results/research8h/sparse_farkas/seed_26092603/attempt_001/candidate_checks.json,14951,eec2fe9af2d1dff339ac88cdca726f80c91150605c3a826af48fdfa195b942c2
results/research8h/sparse_farkas/seed_26092603/attempt_001/certificate.json,46078,d59799eec40d44f10b2a069d712fe75e183fc49c411cd0dfdb57870179a5f646
results/research8h/sparse_farkas/seed_26092603/attempt_001/raw_ray.npz,1543,fd7d8a7ee930e995d6aa741357db8c38e39f8ab278fc7e3e97c26468ee054b2a
results/research8h/sparse_farkas/seed_26092603/attempt_001/result.json,4403,c1865d2454dfa0bf334941426597609f2e61c942fa18ead1e65e7f67ce82a06e
results/research8h/sparse_farkas/seed_26092603/attempt_002/continuous_vector.npz,23245,21207a28338b227973623af591070a954c0888fb640853782382b48a7467e88c
results/research8h/sparse_farkas/seed_26092603/attempt_002/result.json,1898,493c6ed3d43cd1b6ea8df285d5600b4208ac0284d4a45be57ee1f8201983f880
results/research8h/sparse_farkas/seed_26092603/attempt_003/candidate_checks.json,12979,8d2deeae2ad39700cb4d5fb91d27949c22830e6b3eea648ae14a46c8693fa0f3
results/research8h/sparse_farkas/seed_26092603/attempt_003/certificate.json,29794,3604cb0ad9eb0df74464d66e8ce6edecb6989bc49d8c5bb41aee32c110511a6d
results/research8h/sparse_farkas/seed_26092603/attempt_003/raw_ray.npz,897,2b2dacd0323b345c339e1b27ee3ac66f0bb964cc7224befaa990aa11714e1aba
results/research8h/sparse_farkas/seed_26092603/attempt_003/result.json,3850,69f4ddf0a8b667c096290bca5f4bd078c3f4f2da00310365be5254c7b7308f51
results/research8h/sparse_farkas/seed_26092603/attempt_004/continuous_vector.npz,23135,70c9ad30750c4fa0e3d4ed1dd5b555c39ad5e70ba66621437ffef238e47cad51
results/research8h/sparse_farkas/seed_26092603/attempt_004/result.json,1316,c1bdf6b9b94b21ee16c3e42fd4ea410798532a195ac0a15ed06770124905b6dd
results/research8h/sparse_farkas/seed_26092603/attempt_005/continuous_vector.npz,23129,82adcd97e47959917578dfb8d0b5323024a7cf9435e1448848513226bb5f2148
results/research8h/sparse_farkas/seed_26092603/attempt_005/result.json,1301,969d2492ceadf70551d7c5efc89cc68d98b9313847683c230347b879ceea83f6
results/research8h/sparse_farkas/seed_26092603/attempt_006/continuous_vector.npz,23084,b1dfd8580ea31bb586596d667af895f914720aec5d015f8410c73a8519fbd86e
results/research8h/sparse_farkas/seed_26092603/attempt_006/result.json,1317,2da60daa5539f3236bc489d13571f46d4b3617525cc0718518a57b54639fdfe0
results/research8h/sparse_farkas/seed_26092603/attempt_007/continuous_vector.npz,22949,7cf735c7b421e3c96b869666eebdd0595ccf79f5d9815613aabebccebf0b76ba
results/research8h/sparse_farkas/seed_26092603/attempt_007/result.json,1323,9ad2beeda2420c4f0a32c7c020859c4d4de0c12d209d0dded08c87af4b5386a2
results/research8h/sparse_farkas/seed_26092603/attempt_008/candidate_checks.json,12448,3952dca45ff459b886d14faab9a26031f4b2ac226341dc5f1627ecaed234897c
results/research8h/sparse_farkas/seed_26092603/attempt_008/certificate.json,28129,59f8ba509d70a82d6a839f2e659d7b4fe5629d4bf24df404eec454981f5e7894
results/research8h/sparse_farkas/seed_26092603/attempt_008/raw_ray.npz,882,9d1796768d1d73b8bd756c43b8e348d189760c069e893dd03d5ba8e4730c4943
results/research8h/sparse_farkas/seed_26092603/attempt_008/result.json,3117,82f6a2251a97a8ca7b5a5cbb4f1a7b9531b0bc270da46023ac4254ca0b97cd69
results/research8h/sparse_farkas/seed_26092603/attempt_009/candidate_checks.json,12267,a87d00aeefe8beb47660e06856f23299dd300e40152093615c605c2269534075
results/research8h/sparse_farkas/seed_26092603/attempt_009/certificate.json,27723,795424435b502048a817cd4a3a33eb314bc482fad6c67eab572a6a6af0fa3786
results/research8h/sparse_farkas/seed_26092603/attempt_009/raw_ray.npz,884,e399bc435c3c4bc19f573169b3251bc45d3473e8d66950baf34b125f6906881c
results/research8h/sparse_farkas/seed_26092603/attempt_009/result.json,3012,b9da347f2960e185f605879baf735365726b5acc0174027a7f2b3832ade96d59
results/research8h/sparse_farkas/seed_26092603/attempt_010/continuous_vector.npz,23003,c4bc5763a7e6172db92b33e9ea79b6308c4d90a096192200c84617aca5074bf5
results/research8h/sparse_farkas/seed_26092603/attempt_010/result.json,1202,95c840cc7c353b413db2c568b5185b78d1a66b9479601cbf9a7af6115d68821a
results/research8h/sparse_farkas/seed_26092603/attempt_011/continuous_vector.npz,23100,818bb1b99448d9ce177c726eb3b47f57916ce56f3b2e8e306d86119fa116a1a8
results/research8h/sparse_farkas/seed_26092603/attempt_011/result.json,1202,04143a991e46c8064b6c9e4d3afdee15a454c943e1259dd1cab1c1819d0a1ad2
results/research8h/sparse_farkas/seed_26092603/attempt_012/continuous_vector.npz,23176,87fa9a21cea64d2585c8c403cc868c08b07ddb542ddfc260cb1f6f6f07b9a2dc
results/research8h/sparse_farkas/seed_26092603/attempt_012/result.json,1187,a8043a0743fd25d5d2df9c753657c0b68af07cb6b04f34197fa4e14c6d9019e5
results/research8h/sparse_farkas/seed_26092603/attempt_013/continuous_vector.npz,22977,fd30deb35697adbde5bfba30f51c297e1488780c72df06a6bc17715a96a1a953
results/research8h/sparse_farkas/seed_26092603/attempt_013/result.json,1202,4c9a4dd57b885fcc93e0c201dbb251e9a0a0ff84ca588611fc927eb8f019c8aa
results/research8h/sparse_farkas/seed_26092603/attempt_014/continuous_vector.npz,22994,e94e31d6e1d87e8968ceaccb1514d93e67836e32956288ab62cd5615dfb2b885
results/research8h/sparse_farkas/seed_26092603/attempt_014/result.json,1201,e8ad3875dd651784e8753ee331f59f8a4dcc3bdcdb398566379f4dde4a46b8af
results/research8h/sparse_farkas/seed_26092603/attempt_015/continuous_vector.npz,22996,d8feb37a6bf9533bf25f98a09443683cb3c2068ffee15ba8d2829317d154b35b
results/research8h/sparse_farkas/seed_26092603/attempt_015/result.json,1203,156bf91fda0307cb9414b6dbfb4588bda4927318d662995f309f2f12b4c85c1e
results/research8h/sparse_farkas/seed_26092603/attempt_016/continuous_vector.npz,23003,74567601b81bc828d091fcdbe4e75a2f15a834b9968348c9af0f7299a37e7ea4
results/research8h/sparse_farkas/seed_26092603/attempt_016/result.json,1221,7984439d9361837734ddb48ee1f98144b5b8efa75072eb416e47d3db05604fbe
results/research8h/sparse_farkas/seed_26092603/attempt_017/candidate_checks.json,11944,a679e5d30554516dcdb89a607c129d361bfe891ebe079984d8f92b04a6018d52
results/research8h/sparse_farkas/seed_26092603/attempt_017/certificate.json,25824,236944c09ba43de22a38437ce4d0b8df4e5e78a1cd2cbc9ed1a2e63a9550aed9
results/research8h/sparse_farkas/seed_26092603/attempt_017/raw_ray.npz,1004,5ee652ac4e8ff40e0a67eb0cebd07f2b203de401d0a8a418c0773fcf0883b7cb
results/research8h/sparse_farkas/seed_26092603/attempt_017/result.json,2860,c2a8da28554382b0857d01ef802ac8e5b6e78715bd7b0cea850fb1f13dae49d6
results/research8h/sparse_farkas/seed_26092603/attempt_018/continuous_vector.npz,23090,97f2a59cbc2d33d49ab813eeb0328bd3504fbde7f0e01e4512fee665581888a9
results/research8h/sparse_farkas/seed_26092603/attempt_018/result.json,1154,1273b1cd5fb307409c3644fa43d56c11d2f3195e3afd489974c2b2dca9d0765b
results/research8h/sparse_farkas/seed_26092603/attempt_019/continuous_vector.npz,22997,8f8a5430451501c3136e468743ed66b3b27d38f00714ec812f08498ab2a82fa7
results/research8h/sparse_farkas/seed_26092603/attempt_019/result.json,1139,d1a14a86b8744e6cd3acb0072934723454d51fc876a56d5a78e74c3565d7e5fe
results/research8h/sparse_farkas/seed_26092603/attempt_020/continuous_vector.npz,23097,34b0379e78ec8bc4d080cc8ed3f26f65b398c55d31b8243785fd9c7011c8421a
results/research8h/sparse_farkas/seed_26092603/attempt_020/result.json,1175,a8316e41cfaa6a72eb3f1502a6a47ff2e5ece6fe7b0a89719244e6f64eb02f72
results/research8h/sparse_farkas/seed_26092603/attempt_021/continuous_vector.npz,23041,4cea07f8f06cb338d61bd1d75bf426a270911357ad7fd6c8c5b0cba7ac6f4adb
results/research8h/sparse_farkas/seed_26092603/attempt_021/result.json,1173,664549b81e2ea3dc2c5ba0d38ff121bda80ec7c985611bfe0326d37ec35fff92
results/research8h/sparse_farkas/seed_26092603/attempt_022/continuous_vector.npz,23128,819bfb90c25d751a4d65534a1f5d209722bf9fad9929dd19b5f374a153b8a041
results/research8h/sparse_farkas/seed_26092603/attempt_022/result.json,1176,21874be78995688478f3b32821eaec09fe1a77a9e2dce2d751a326a9adf6f879
results/research8h/sparse_farkas/seed_26092603/attempt_023/candidate_checks.json,11787,a01b056a76d4a98e5a9b368dbc28edb8af26c451b0e186f0fc9fca97d7167cc2
results/research8h/sparse_farkas/seed_26092603/attempt_023/certificate.json,25685,6de28783fbb4a158ca14b89b1e7e8e422d25d2e84c21f705d406a6c4f2350caa
results/research8h/sparse_farkas/seed_26092603/attempt_023/raw_ray.npz,807,7c90f1a7cdecbadd67795e60ad5f5ac96a905a2b05c0d5f565072d2c09df1c8a
results/research8h/sparse_farkas/seed_26092603/attempt_023/result.json,2802,8d4002be9f2a3f0afab0b8d35857ea78ff04e1ad997c078b3d7c6b8f26d473d9
results/research8h/sparse_farkas/seed_26092603/attempt_024/continuous_vector.npz,23076,f61330e5cf9523496e0f876e2b868b574a894705fa7b08bbef464d11d5f1724e
results/research8h/sparse_farkas/seed_26092603/attempt_024/result.json,1133,62b64ff6bb6770a4a3210bbc38f5acf0ebec838260bbf1dff6817cd0296b344c
results/research8h/sparse_farkas/seed_26092603/attempt_025/continuous_vector.npz,23023,1d894ebe4217773a6eb088584032ae9d0935b85b766dd34f40d7c360397391ba
results/research8h/sparse_farkas/seed_26092603/attempt_025/result.json,1119,acf97153bc0d87e11bf823a4f4c5cd5f8e7f13ecc8d4e680acd5e3520887c188
results/research8h/sparse_farkas/seed_26092603/attempt_026/continuous_vector.npz,23114,dd70a635656f1d1f1e7371b5db8a2d4a4c216503d552af6bff66b7fbedd19682
results/research8h/sparse_farkas/seed_26092603/attempt_026/result.json,1134,43fb53ccaf98d7760b08ec8f1eba4f404919a854b886ce5a663d51c3f2a03466
results/research8h/sparse_farkas/seed_26092603/attempt_027/continuous_vector.npz,23159,7f8bf9a99f2d5b692f1da3c021b1e5e0e0f0b64ca360dbc3e5d1af4c8fccea56
results/research8h/sparse_farkas/seed_26092603/attempt_027/result.json,1151,53da7e5e424f676ef9538140c37c2b3edd8aafd5d87d916ec416bb7c101ab978
results/research8h/sparse_farkas/seed_26092603/attempt_028/continuous_vector.npz,22990,41fedf3ce95fb0ff0617074c3e1840a03db7d372755f662f93db9f6de978aa5a
results/research8h/sparse_farkas/seed_26092603/attempt_028/result.json,1133,761b87b535c20d73ea939a9db402a523b18dd24fd26399fabba3d6b13ae13e90
results/research8h/sparse_farkas/seed_26092603/attempt_029/continuous_vector.npz,22946,067d2d71f08eb903b2f0b107c9f2ee2b1ffe24fb66b6dadfa38c8475c448b11b
results/research8h/sparse_farkas/seed_26092603/attempt_029/result.json,1134,46ea2784f4fdcdedf5f811427844a6c19c014b88e4cddf5081d105802c0b5c14
results/research8h/sparse_farkas/seed_26092603/attempt_030/continuous_vector.npz,23119,bd3d8ee031fdefac470b1761a89068f5ae338a39ca847486237c4de49f932c74
results/research8h/sparse_farkas/seed_26092603/attempt_030/result.json,1133,0df90b8657f8ffec065ca20400792f436f9e834447ea6168dc6735823fbb9499
results/research8h/sparse_farkas/seed_26092603/attempt_031/continuous_vector.npz,23009,809ab444751d4110cf4783fb4f4fcde141101cf1ab8b3d4d6da3aeba4e8e8b67
results/research8h/sparse_farkas/seed_26092603/attempt_031/result.json,1132,59f1ec3c039930ec45c2496ebf244109f6c56bd094875f0e3df27f7cdaccaf02
results/research8h/sparse_farkas/seed_26092603/attempt_032/continuous_vector.npz,23069,3db20929ce25ee7a83216314cbbd779ec8cd3865685e64a01376f1c863107b8a
results/research8h/sparse_farkas/seed_26092603/attempt_032/result.json,1132,01e42ce0681daffb5409c95e6f4a707e1145a9ca41aeaa7be6cb16a02e3e01b5
results/research8h/sparse_farkas/seed_26092603/attempt_033/continuous_vector.npz,23018,ece8d3425868f844422f6ab36987655d0a511ba26f93c2b096b17cc9d16eeb79
results/research8h/sparse_farkas/seed_26092603/attempt_033/result.json,1134,81c0dcfef764bcf87a728956ce824bd6b7bc9ba0d6f649f8e3fe046895e689a6
results/research8h/sparse_farkas/seed_26092603/attempt_034/continuous_vector.npz,23040,45745952d5080c7423c9104c1fff420485acd8793982573fe4e6db4a65d08f33
results/research8h/sparse_farkas/seed_26092603/attempt_034/result.json,1133,117c61ca3358773b5c4da0f81ec9c6c281165375bc63bcb281dfb1eb9a280774
results/research8h/sparse_farkas/seed_26092603/attempt_035/continuous_vector.npz,23073,0bac962c05fcf454f8649cb100e4fb2f2d829ce910c6ff338c60bd6e75428cc5
results/research8h/sparse_farkas/seed_26092603/attempt_035/result.json,1149,0675213263f7995303f9f553396026fd90f451d4394a6b4f241163d5cbd437f3
results/research8h/sparse_farkas/seed_26092603/attempt_036/continuous_vector.npz,23133,2db454410e092b536499818ca5a0651fb7b4e5218c60947f6fb9a92d28af8eab
results/research8h/sparse_farkas/seed_26092603/attempt_036/result.json,1133,5507fbbbab38a11e06ef95a498764801523da65ed38c4e19f30c2d0564f8625a
results/research8h/sparse_farkas/seed_26092603/attempt_037/continuous_vector.npz,23103,68f63f2e07775c55463ee48f0e62849bcae5ffe71a401a0297767d582d3d83ee
results/research8h/sparse_farkas/seed_26092603/attempt_037/result.json,1133,6097e5af01db24cdb036c714d883035260b647b7dfb404d8a335d6008c4ce83f
results/research8h/sparse_farkas/seed_26092603/attempt_038/continuous_vector.npz,23158,103ec91f5a3e9750a6dcc59122e506df8e495328fc0da4ac68565fb7e4f044f8
results/research8h/sparse_farkas/seed_26092603/attempt_038/result.json,1152,04fbdf52b8dcbbf17587794bf6773c58a9495a1a39bb10ecfe16e0049d22595c
results/research8h/sparse_farkas/seed_26092603/attempt_039/continuous_vector.npz,23062,0732ac05efcfb0473714e0723ae58093e979f281f7eebaf38aa3d37ff2193e00
results/research8h/sparse_farkas/seed_26092603/attempt_039/result.json,1134,ac99da1f6abe48ec516fe07837f873317c49a1d1a83c4075d9e51e18b499436f
results/research8h/sparse_farkas/seed_26092603/attempt_040/continuous_vector.npz,23010,876181809aa9474a24c699a58f758fd529b2455f2c7c0cbba20b9798550ee526
results/research8h/sparse_farkas/seed_26092603/attempt_040/result.json,1134,d8772d62ceec78dfcd1b88337968ac91d6dd1ba814991def0614f3ee6802a5a5
results/research8h/sparse_farkas/seed_26092603/attempt_041/continuous_vector.npz,23010,824761f2418b455070643368cdeaee50787525704f138fcdf4dd7d4c55464b5e
results/research8h/sparse_farkas/seed_26092603/attempt_041/result.json,1152,4c9d07536ba1de4ab4659d29257105c05f0f69e9b839fe9134b7f221def15021
results/research8h/sparse_farkas/seed_26092603/attempt_042/continuous_vector.npz,23115,d90727969430a7745ba877ca5ad0d1f4a26bdcfe37bf16fceffeaaf4ba9debf2
results/research8h/sparse_farkas/seed_26092603/attempt_042/result.json,1150,af9f6d31e1b8b001992241ccae5eac8b8a27263db5b40e600e822349be7e862a
results/research8h/sparse_farkas/seed_26092603/attempt_history.json,78020,d7c6c1e37ff333fdeb74e48114816019b4ca39db67c833480482099f65e0ed3a
results/research8h/sparse_farkas/seed_26092603/certificate.json,22238,66f72e8e5337c47308caee3e35381b815b699318831eef88b2bffaa772bad142
results/research8h/sparse_farkas/seed_26092603/exact_variable_bound_support.json,1459246,7a0ee1ca7cdeb1897e90dcc280a9c5dea2ce46f1ecc7ba079aa92dadd2f9ce6f
results/research8h/sparse_farkas/seed_26092603/initial_pruning_attempts.json,45334,de319e80d93ffdc20fdb85d09104f6df1f6ba6a07eab2062a057f37b076c988f
results/research8h/sparse_farkas/seed_26092603/result.json,7634,cee153e0ae23714be89699eaa6a61da4fb4aee4f5c01fffbfa65f7b89835f436
results/research8h/sparse_farkas/solver_free_replay.json,12819,918675dbc4845a1e6429f1a0356998bddf4db17e515d617317fe9d442284aab4
results/research8h/sparse_farkas/summary.json,33535,c62a29de28216a786f08713066efd9df564275f418beaaa78a0bdf514b5f7764
results/research8h/transfer/INDEPENDENT_REVIEW.md,3094,ce1a261495ffda4e340668f8d4ca15423895a1ad675c0525c85a7d6b185bec2a
results/research8h/transfer/READOUT.md,8110,b03e9046930b9d501bc1e74ac1ae6112045ef1aaa70c96f49fb52c6ed59f7a01
results/research8h/transfer/archive_replay.json,37222,26cb1c260ef9ce22661e9afdcea78a42207f2e6f4cc2518785a2cf0892d107b0
results/research8h/transfer/audit_artifacts.py,4068,01d09fe636f95dce059eff5236ecc40f37c3bec316b468b41cfeb1bf3f6e7930
results/research8h/transfer/completion.json,266,9927654b874ec570944a347eb16bc7335f943e99eca15833ac14f4de2c88d498
results/research8h/transfer/coverage.json,1168,9d879a94cc43de25d5acda47099012303e33678e1fec478fdb208818cd0835b4
results/research8h/transfer/environment.json,216,76896496eaad4a9cdb4f3c4645efab0674545c2f860a06f0ef6525d068a15863
results/research8h/transfer/execution_context.json,553,acbf65c5e895f2e59fb32ec45b1546f31fb8439a055b936427bec1450094fd2c
results/research8h/transfer/input_manifest.csv,7120,b797cc7a0e1a192ebfa0c4d47e873e9512444c13f65b96e475797f7aa9f2b5c6
results/research8h/transfer/model_column_order.json,1528,e11ab418c93341678181b5d27eafc0c893770b120f39a5a88f7deca73ddc6341
results/research8h/transfer/ordinary_26092700/case_arrays.npz,15744,27eac3b2cb5692fce183d979bf9799f7acc2f9a5fa10d8aae6ad6a2fc9864290
results/research8h/transfer/ordinary_26092700/full/bounds.npz,10551,fdf93209a38e1c83e0ab4c6d16c79b6ec80a148f88d8c07da38125482d88ef7d
results/research8h/transfer/ordinary_26092700/full/dual_certificate.json,84613,85c7c88eac8e3820eb5df4b3edaf9cc95fb204c5be22836d528131b5a67fe913
results/research8h/transfer/ordinary_26092700/full/matrix.npz,143874,6af039900e02e8d16a419686a8e11a4f33515092d0647af4677bbabda4b8754f
results/research8h/transfer/ordinary_26092700/full/raw_solver_ray.npz,5239,bd25a94fa7441058ed1d8dd5b4f1e0c11d46532c2c37ba67164491388b5509ea
results/research8h/transfer/ordinary_26092700/full/result.json,8399,1f05a07cc530393db7eb5803b90e2710dcb664dbff8a6ba0c904264af2c3d403
results/research8h/transfer/ordinary_26092700/full/row_metadata.csv.gz,171788,6c99a189614ec3223b73582a6c931f48a18c61407372474f75c6527897151a12
results/research8h/transfer/ordinary_26092700/full/solver.log,726,d5514f034bc84ad0274f9eedb810e6f57f7a7c410918b403ece489d01f03955b
results/research8h/transfer/ordinary_26092700/full/sparse_multipliers.csv,61619,dae67f3bb7bf6b1ccb1dd8070f47e61f42207c8718f61fe17833fdd8856c5ece
results/research8h/transfer/ordinary_26092700/generation_checks.json,2732,4a59c97a03c6613c8a1c6919c0efe1c9cbdbb5e89d57c0bb230e252cb6a79da3
results/research8h/transfer/ordinary_26092700/locality48/bounds.npz,10429,52bd4655ee40d141e3acad2763a01ffd0e144dcce2295c2e6901579b801b50d4
results/research8h/transfer/ordinary_26092700/locality48/dual_certificate.json,49523,59ea6af8ab586713690f3a1999869fda3ab460bb2d725d53454862c5428431a5
results/research8h/transfer/ordinary_26092700/locality48/matrix.npz,109352,bf7905b7d669b83c36191900631c68a053204a85981099102b5d2a0a7f02957b
results/research8h/transfer/ordinary_26092700/locality48/raw_solver_ray.npz,2391,dd332cf860e6fc90635ab694a6b0ad5152880032efc61c93dce636c0b8708632
results/research8h/transfer/ordinary_26092700/locality48/result.json,8298,073fd40ea180cb42a4b7fabff57c121c283cb58ae68903599ee33a8885c0ffb9
results/research8h/transfer/ordinary_26092700/locality48/row_metadata.csv.gz,125292,127a29f60e9d1f772560c09994854106392027f6e26f8a320eefac780d4e3a9c
results/research8h/transfer/ordinary_26092700/locality48/solver.log,725,c4b3f7312877e272d1ffbc96ba3a87977a34130cbee061f8fb793be8af750f22
results/research8h/transfer/ordinary_26092700/locality48/sparse_multipliers.csv,34546,2d63f63a5a1924713b64669202cabb990cd0c0c8b9a8c1b22790847092be19d5
results/research8h/transfer/ordinary_26092700/permutation.csv,2186,39efa38650cad0b4e313d0e9d8b40f1e6a2c4134f08360b53d6c239f2f77ad38
results/research8h/transfer/ordinary_26092700/two_cc/bounds.npz,9384,8cb2e77a000ca41d9ed92886981d66e74759b7ef7901b0ff82dff58aac947857
results/research8h/transfer/ordinary_26092700/two_cc/dual_certificate.json,33585,538d43a4d9597582b9f7b9d25048f4a8173afaae3d77682fd27ca7f84c2fded2
results/research8h/transfer/ordinary_26092700/two_cc/matrix.npz,61497,2f9bea72c744ddef148b0be918fbf77db7b7d32094decc969a7a50fa983f9cf6
results/research8h/transfer/ordinary_26092700/two_cc/raw_solver_ray.npz,1544,9ecd9de9d635e0f5b4cd0b44c0481cb43df1422ef9b8493f1563233e9f4d89c0
results/research8h/transfer/ordinary_26092700/two_cc/result.json,7803,1758232907a2a8208e0a9ddb35b4671abac76eb4040cf4c1ff4bb9cb506506ed
results/research8h/transfer/ordinary_26092700/two_cc/row_metadata.csv.gz,65738,9c2263dd2e909500765b6b93111686e2c5841280970b7a390901c721ca81eadf
results/research8h/transfer/ordinary_26092700/two_cc/solver.log,724,968126b909c69e60fc36a3c62525b66f123b267d827b198512d3a950ba29cb13
results/research8h/transfer/ordinary_26092700/two_cc/sparse_multipliers.csv,22511,3d8eabb99a29a5e9c2e7b41681a7d0145ff31b41bbf18508b418607d557d16b5
results/research8h/transfer/ordinary_26092701/case_arrays.npz,15630,a4cae91f90ebd7f226c927d3062adc076983b15732edcdae04af94e23acc36e0
results/research8h/transfer/ordinary_26092701/full/bounds.npz,10514,7465c98a0d42abb960bc5b542282ccd41a0d59e03309ca9d54355a34caca9197
results/research8h/transfer/ordinary_26092701/full/dual_certificate.json,75588,755ee56c9267624d580340a55aa6f38c4426340979492fd3637f6231054055cb
results/research8h/transfer/ordinary_26092701/full/matrix.npz,143874,6af039900e02e8d16a419686a8e11a4f33515092d0647af4677bbabda4b8754f
results/research8h/transfer/ordinary_26092701/full/raw_solver_ray.npz,4941,a683e084a2b364bc581bce525246aab0ec3e266ad1c1b4e15e9cac3191e8b5f4
results/research8h/transfer/ordinary_26092701/full/result.json,8388,c4e7869d080f32a8b1238525ed48ba6ec9d7560feb135d93c7f37f0509280532
results/research8h/transfer/ordinary_26092701/full/row_metadata.csv.gz,171788,c87918391171a9a056d7a3d09000fcb4ce41b5a805ddb1b34a74233a64c80430
results/research8h/transfer/ordinary_26092701/full/solver.log,726,11018c07428e0f774a33ad87f664c0c052013d3a69a973c4cbe17ccb7493a2a5
results/research8h/transfer/ordinary_26092701/full/sparse_multipliers.csv,54538,01565443fd79bddd7ae82205362dfbb44d57ccb459b07cd595cc5b9c9209af1c
results/research8h/transfer/ordinary_26092701/generation_checks.json,2732,80bf44412229290bebf104a099a0bb0e922b5b81ddd0717f1d3b0aaa430901d5
results/research8h/transfer/ordinary_26092701/locality48/bounds.npz,10389,09b4227c624e402e351ceb0fb582fff331a88e0a2e1625be9fb2108872ec5e9b
results/research8h/transfer/ordinary_26092701/locality48/dual_certificate.json,70543,6c34339c9ade014b4833a1f17cea5411badeb3c4f549e85b4bcff241a8c2e438
results/research8h/transfer/ordinary_26092701/locality48/matrix.npz,109352,bf7905b7d669b83c36191900631c68a053204a85981099102b5d2a0a7f02957b
results/research8h/transfer/ordinary_26092701/locality48/raw_solver_ray.npz,4753,0d4e77a8cc528fb29fa3143e89275849f3e124704ed295051b1157908c276e0d
results/research8h/transfer/ordinary_26092701/locality48/result.json,7759,1768b2343ae299272a5912751cda659dbcb353f45b88f2fb4ac2dc26c585c3c5
results/research8h/transfer/ordinary_26092701/locality48/row_metadata.csv.gz,125292,c48e300771492a1ff1982762d85aef7731fe8c8537de151d4693de1b4aac3dfd
results/research8h/transfer/ordinary_26092701/locality48/solver.log,725,d2ea0a55acf385e61019a981bb0b31ba32cf42235f3996d1244aef2d05127c0f
results/research8h/transfer/ordinary_26092701/locality48/sparse_multipliers.csv,51053,a50e78cb0fc9d8d5d5a8a8c6c6eab22215df8c83b52edfac4c7b3eed25f7248e
results/research8h/transfer/ordinary_26092701/permutation.csv,2186,46e5b964fb1c72147432f7c08ce2d3cc25d9aa590cb5adb24d941c4c42796227
results/research8h/transfer/ordinary_26092701/two_cc/bounds.npz,9347,e937b268dbaf0943843c329d4b3861fb0f9b3d4828e79e45ddce01cf685b9df1
results/research8h/transfer/ordinary_26092701/two_cc/dual_certificate.json,31849,feb04384c3a18d7fa5d31e89284470faacc46fc99e837c04f99278efce4f1f0a
results/research8h/transfer/ordinary_26092701/two_cc/matrix.npz,61497,2f9bea72c744ddef148b0be918fbf77db7b7d32094decc969a7a50fa983f9cf6
results/research8h/transfer/ordinary_26092701/two_cc/raw_solver_ray.npz,1194,16eb956740762facfd40c4f41a5996bf1e8ce0fd7b8e9b13477b5f755c794f55
results/research8h/transfer/ordinary_26092701/two_cc/result.json,7704,723201f0bfb91ae7bffa0feaaf1d73e57e1fe5081b3552c66f13de1d638634b8
results/research8h/transfer/ordinary_26092701/two_cc/row_metadata.csv.gz,65738,e2454eb51ddb2fb42acccbef6a3c8e8d5e3c28dd64700aaa5a71a7b15f4c216a
results/research8h/transfer/ordinary_26092701/two_cc/solver.log,724,19cafc67619777216b6347bc8b92ec056bc766961ee8d00e4a26efa861295728
results/research8h/transfer/ordinary_26092701/two_cc/sparse_multipliers.csv,21085,da3df1d3fd8c0c3670a1c0c3c0ca017ff3bda8b7987bdb5bee9095082faaac33
results/research8h/transfer/ordinary_26092702/case_arrays.npz,15660,7a07b700c6eb594522252a4609318647a9e7782a9de387892ba525260a5a019a
results/research8h/transfer/ordinary_26092702/full/bounds.npz,10530,0e17f9fc532f806d3d4038cf18f3bc4b6800e6422858e05e000d661c533ceaeb
results/research8h/transfer/ordinary_26092702/full/dual_certificate.json,71204,cf8ee0561ccd69b176f2879921189e8d81f7f43e7a28063c25b83f8e38cd7958
results/research8h/transfer/ordinary_26092702/full/matrix.npz,143874,6af039900e02e8d16a419686a8e11a4f33515092d0647af4677bbabda4b8754f
results/research8h/transfer/ordinary_26092702/full/raw_solver_ray.npz,4447,4e508474e7dbc74973d2269933e665860771f5583bc747b1d74673f1eccef2ff
results/research8h/transfer/ordinary_26092702/full/result.json,8333,9c418f5f9fbf2e319d402aef90911356dedca48bb252d2a916606d3aa3061cad
results/research8h/transfer/ordinary_26092702/full/row_metadata.csv.gz,171788,f10e3e0e1e8f62e9dd6b2ed9826cf4dbc5f886b00ef4b366a4efb82194962d8c
results/research8h/transfer/ordinary_26092702/full/solver.log,726,b034484de054ef1a118a30f4b9a15ef9175ff5d444391358e45261d8c26d7eee
results/research8h/transfer/ordinary_26092702/full/sparse_multipliers.csv,51091,fdb6dc3aef3a61ef07ff2e170da5f693b7f8422e0d72d5a7852888e37d4fae12
results/research8h/transfer/ordinary_26092702/generation_checks.json,2732,291b20def1c8fdb9013438b01fd84b1c55997049f95f15e90e9aada26464af8d
results/research8h/transfer/ordinary_26092702/locality48/bounds.npz,10404,b1299bbe45b95e46aa15e53eb17fec12bfeb6833b3f14661bf77e6b8d8ffa584
results/research8h/transfer/ordinary_26092702/locality48/dual_certificate.json,74993,66bc3f8425621c9cc72c31744f39d4b0682ca37e55fdfb46603d487620bb05f2
results/research8h/transfer/ordinary_26092702/locality48/matrix.npz,109352,bf7905b7d669b83c36191900631c68a053204a85981099102b5d2a0a7f02957b
results/research8h/transfer/ordinary_26092702/locality48/raw_solver_ray.npz,4692,b85b33c51155d428549ec2f277aee874e5fa8a9e4ca2b249da10e3dc3d38e800
results/research8h/transfer/ordinary_26092702/locality48/result.json,8271,870fb47abf898bcdf7ef12ba1f21cbecbc4357a40041a875a60baa2600bc1497
results/research8h/transfer/ordinary_26092702/locality48/row_metadata.csv.gz,125292,74ea221f340be89e2093fcc3a4ad05e153382b8aeb8c4242732bbe5be05f7a60
results/research8h/transfer/ordinary_26092702/locality48/solver.log,725,e1aff741dcb971b5e109245b22664980c155a3d30c90a4c7c7212850caabfaee
results/research8h/transfer/ordinary_26092702/locality48/sparse_multipliers.csv,54052,c00d3ce0af205a2448ad7594b0e8dd41c08608bf9024030c456a059d25d48fd2
results/research8h/transfer/ordinary_26092702/permutation.csv,2186,08aee82e3e012e131721d294ec93c2cb294f12732cf776612fcc4d377342cd63
results/research8h/transfer/ordinary_26092702/two_cc/bounds.npz,9362,b9c6724d4fb4a32b23fc019515d1b792479750c2465ff7aa2de7e0aca9758946
results/research8h/transfer/ordinary_26092702/two_cc/dual_certificate.json,40763,56f1c5372cef849f99d76098cf70b2e365c358fdf4533ca6157bba0ab5084b52
results/research8h/transfer/ordinary_26092702/two_cc/matrix.npz,61497,2f9bea72c744ddef148b0be918fbf77db7b7d32094decc969a7a50fa983f9cf6
results/research8h/transfer/ordinary_26092702/two_cc/raw_solver_ray.npz,1852,b6be1717e6bd32ccb55841ae8a38bdbaa3352b5bcf87829ddb3b232be5a44228
results/research8h/transfer/ordinary_26092702/two_cc/result.json,8209,45047cf019c7a7554304bd0bb86613b3e341c73475940fefc53ab84064e1274e
results/research8h/transfer/ordinary_26092702/two_cc/row_metadata.csv.gz,65738,d760a544f54be30355df779170f43691a62e0b0717b21b1432380f9fd48a281c
results/research8h/transfer/ordinary_26092702/two_cc/solver.log,724,a973a7cd4983674f6c69803bf43806b9fac16893cb3635ac0f0fe7fa664acc18
results/research8h/transfer/ordinary_26092702/two_cc/sparse_multipliers.csv,27499,dca492b19eaad6a05b98e71bf93d15b8525642de73a41669d49356333e984557
results/research8h/transfer/ordinary_26092703/case_arrays.npz,15645,9e67a90f98022596b50642fba504f7d6fa3170948b8294f4fe6ea62582c963bb
results/research8h/transfer/ordinary_26092703/full/bounds.npz,10555,1ce1542200cc17ba71c49b9502fea559d8a74049af03100421b61f937bee52af
results/research8h/transfer/ordinary_26092703/full/dual_certificate.json,65511,fb65a14ab749915e7ccefc50fafd51e9cbc80b0924f91543c463d217334fd50a
results/research8h/transfer/ordinary_26092703/full/matrix.npz,143874,6af039900e02e8d16a419686a8e11a4f33515092d0647af4677bbabda4b8754f
results/research8h/transfer/ordinary_26092703/full/raw_solver_ray.npz,4742,fd83a827232c3b3d0e27d2625f3a8834906395912ed207d8db8e1a0658898c56
results/research8h/transfer/ordinary_26092703/full/result.json,8708,a98285c4be8f7ee4934e47dafebf1aacce1d20256781aac71d9575f36df74e6f
results/research8h/transfer/ordinary_26092703/full/row_metadata.csv.gz,171788,d7770fe0026ddd91647f51410544b9cfae67559ac0fe3ac156be8aa6c8e74340
results/research8h/transfer/ordinary_26092703/full/solver.log,726,a1575bb6dc3f066fbd5cf667bfcec38a02183fa4fcfa8fbea713b2b4e591519b
results/research8h/transfer/ordinary_26092703/full/sparse_multipliers.csv,48048,e7fd85d5f68cf5d70b75275312b8505e6d80a93763c3183644cc33d11ebc8d46
results/research8h/transfer/ordinary_26092703/generation_checks.json,2732,a35341375b9d178af337bcc701aef6ebc82c5bf06d193fcbb7a24a55dc6a8c5b
results/research8h/transfer/ordinary_26092703/locality48/bounds.npz,10428,ae17bb8ea7276dc0e561f64e12b0fef7587a1b69a155b7d87fb4f93ef3834fe4
results/research8h/transfer/ordinary_26092703/locality48/dual_certificate.json,74198,a7c279b7e885189158a4a6572e4639a67fa71ad2f9938299f55a038f9501d731
results/research8h/transfer/ordinary_26092703/locality48/matrix.npz,109352,bf7905b7d669b83c36191900631c68a053204a85981099102b5d2a0a7f02957b
results/research8h/transfer/ordinary_26092703/locality48/raw_solver_ray.npz,4198,35c7e6c23dedd87564755374a55d2797c5f675bb7077c467243f247b6d78ced2
results/research8h/transfer/ordinary_26092703/locality48/result.json,8274,fb94c5d26a8998b769046db468de39fc019e5a53a7d6dce53a4107886b1acf71
results/research8h/transfer/ordinary_26092703/locality48/row_metadata.csv.gz,125292,617b40fa403d3e922d03dfd7d4e35c7cf49ab522568aec135f3b25cbb9fc8c54
results/research8h/transfer/ordinary_26092703/locality48/solver.log,725,14419bc24a3f1c625f15ea6db3770a5f26b49a74f15e00c8e29c7260c4b94ff3
results/research8h/transfer/ordinary_26092703/locality48/sparse_multipliers.csv,53140,43ea03cd51a754562d21dc5cb7e99906809eb1d724e2daa61e2a8b68049caa96
results/research8h/transfer/ordinary_26092703/permutation.csv,2186,729ed26f30a4690b48afb9d74491d9844a4b748cdea06d2018b6e9f9fce87d60
results/research8h/transfer/ordinary_26092703/two_cc/bounds.npz,9383,537ee49cc7dce1e9624041853251bbc4a2b6f9c67807da50525fd77ea6ea4bf2
results/research8h/transfer/ordinary_26092703/two_cc/dual_certificate.json,32651,e7b19991f18027bba970bfc9e1a745cdcc6711c04fe0150df742d8fd2163b10f
results/research8h/transfer/ordinary_26092703/two_cc/matrix.npz,61497,2f9bea72c744ddef148b0be918fbf77db7b7d32094decc969a7a50fa983f9cf6
results/research8h/transfer/ordinary_26092703/two_cc/raw_solver_ray.npz,1175,f8f35e3965f5c56e607a09c5c3c840b386b4f5c00209b02f220957d9ec36e07b
results/research8h/transfer/ordinary_26092703/two_cc/result.json,7749,4628d238cff33e55af2ebcd06f4bce71c2e961273114ae60259333b256f84fb3
results/research8h/transfer/ordinary_26092703/two_cc/row_metadata.csv.gz,65738,2f9d7ccf21ba6830315b0eb2cc1173c0001397c52f8cf45043771d6260b384ab
results/research8h/transfer/ordinary_26092703/two_cc/solver.log,724,fa0af51ce290b955093471dd6803b25675b10a28a73b834ef8ddcba9ee9069ad
results/research8h/transfer/ordinary_26092703/two_cc/sparse_multipliers.csv,21739,b102d81ce769f1223ca24424a85009374f3f805b46b9900c84b9e041309d03fd
results/research8h/transfer/ordinary_26092704/case_arrays.npz,15683,1493c0abaf7973d8c5768d7595b6f8f7a2fe4b25be1c9ae3121e088f132eb3a0
results/research8h/transfer/ordinary_26092704/full/bounds.npz,10533,aaad55adc58f318ef6fa4ebe8794ce9d7f77cdb89e6308f480dd7759f1a854a0
results/research8h/transfer/ordinary_26092704/full/dual_certificate.json,56037,49429de4133705e814f74bc232d4563e3c22b8b79775baa80277ed79d08c22d4
results/research8h/transfer/ordinary_26092704/full/matrix.npz,143874,6af039900e02e8d16a419686a8e11a4f33515092d0647af4677bbabda4b8754f
results/research8h/transfer/ordinary_26092704/full/raw_solver_ray.npz,3576,87bf7ea61bb92f7c76a50f4e425e66b449e2d3e25c2839ac1a289be35a9920fb
results/research8h/transfer/ordinary_26092704/full/result.json,7981,afb24188952722e92075b13499f6f09b504a6d5d5ddabad4013c2106209d9fb4
results/research8h/transfer/ordinary_26092704/full/row_metadata.csv.gz,171788,ede9c38205f836686dcf493e5275df3dda5a841d2d2944f72f459fd686e0177f
results/research8h/transfer/ordinary_26092704/full/solver.log,726,34e4fdc76fc5db83aef3b8f4ad4e1301dcbed58e1ec110bb67190dd7e666bdff
results/research8h/transfer/ordinary_26092704/full/sparse_multipliers.csv,39764,95719353987888b735710dea2c032b8f230823188edf5dd93714d1cb6bdf3923
results/research8h/transfer/ordinary_26092704/generation_checks.json,2732,9ed866fd292a0cb80c80c194c354122e52c0c0f99d626b8cb1b44adfe34a62c5
results/research8h/transfer/ordinary_26092704/locality48/bounds.npz,10407,16b7118fa4988c8f80d55254cf2e5128063f0e920cb6446901787afd378a1671
results/research8h/transfer/ordinary_26092704/locality48/dual_certificate.json,50916,2197f0cfb90af4af6e661fff17d15f1834f2051ab6b7889adb0e9faff633d292
results/research8h/transfer/ordinary_26092704/locality48/matrix.npz,109352,bf7905b7d669b83c36191900631c68a053204a85981099102b5d2a0a7f02957b
results/research8h/transfer/ordinary_26092704/locality48/raw_solver_ray.npz,3429,96372e36839febc9b70ee546cd57b253bd37304005cced4bdaa8d721b6ec38ac
results/research8h/transfer/ordinary_26092704/locality48/result.json,7775,042d39194fd9a4c02dd4cc20c2603208af1f18d9d7f0bb73e4cf9e5d5a716963
results/research8h/transfer/ordinary_26092704/locality48/row_metadata.csv.gz,125292,c3d4e1c32281714ce2599a7ec9d6bf62971875e014640a727235bedeaee08eb2
results/research8h/transfer/ordinary_26092704/locality48/solver.log,725,0d6fff65a9c61c77eb75810ef92e8d95a9344cfdfd7ba3801a73228a977b8aed
results/research8h/transfer/ordinary_26092704/locality48/sparse_multipliers.csv,35963,1d5aaabf2fb430ba5ce772c6f3580788bd9a5d2f2f68ace6cb445be0e9a286f2
results/research8h/transfer/ordinary_26092704/permutation.csv,2186,d2481e480a4e8a8b96d1d2bb5e5d3bb64208985c820470b561e7c2faee1410e9
results/research8h/transfer/ordinary_26092704/two_cc/bounds.npz,9365,a60fa4e5f37b5addc538e2aa2a65639c2908c3806d5a6caeca2650f26fca401d
results/research8h/transfer/ordinary_26092704/two_cc/dual_certificate.json,42518,2d22c025c7c8902d378d5686234878c27afbd719abf78739a9398bf86d569ce2
results/research8h/transfer/ordinary_26092704/two_cc/matrix.npz,61497,2f9bea72c744ddef148b0be918fbf77db7b7d32094decc969a7a50fa983f9cf6
results/research8h/transfer/ordinary_26092704/two_cc/raw_solver_ray.npz,2349,c3dea141c9bfc773b14747c5444b37378f4d8fa9cf5dffbda406d38919d9dce6
results/research8h/transfer/ordinary_26092704/two_cc/result.json,8255,450cd1c6733a3dbb920be0112df8c1758fc6dedd3c133ef4206eb21ee87a27cb
results/research8h/transfer/ordinary_26092704/two_cc/row_metadata.csv.gz,65738,4066c8b5ef741e1fc509dd09de1f9a0edc8fab7682dd42ae18063e80a60347e4
results/research8h/transfer/ordinary_26092704/two_cc/solver.log,724,e429a0fa42296f3e8374b36fcea6c3a6dbe8228d641dbc100a79c5058831ab1f
results/research8h/transfer/ordinary_26092704/two_cc/sparse_multipliers.csv,29214,782f959b36b97df06f90812607ee0f3c76e20db383482330f12bffdfc9579dce
results/research8h/transfer/ordinary_26092705/case_arrays.npz,15684,e185f713f6eb930787e4512eefb6db069d3b95541918c7727fa58d565b8d452d
results/research8h/transfer/ordinary_26092705/full/bounds.npz,10536,f58469b69c5862c93c3ebdbaec2d7650027f4d24f83ad3fc63d010c46e603e7c
results/research8h/transfer/ordinary_26092705/full/dual_certificate.json,55917,a82f998fc69c5f1babcea3cb1939da13e9bda163b3dca1ba2f2a1f6fc8a50879
results/research8h/transfer/ordinary_26092705/full/matrix.npz,143874,6af039900e02e8d16a419686a8e11a4f33515092d0647af4677bbabda4b8754f
results/research8h/transfer/ordinary_26092705/full/raw_solver_ray.npz,3176,9983ecd2ba83b4eaeb1e6dd755cd56a66e3ef2e9c1096b6870f72f2ac5c2f0dd
results/research8h/transfer/ordinary_26092705/full/result.json,9232,329611fd096773b50ec86cbaecc70a183a9e2976f6d406d7bd28d87574c335e9
results/research8h/transfer/ordinary_26092705/full/row_metadata.csv.gz,171788,09c18dbc7524ef74067c2d62af82089f7fd4d82e6178e412bf61e3d094f0bcdc
results/research8h/transfer/ordinary_26092705/full/solver.log,726,80a9302404c80fb5df7a50c0bc5f7a8d9800c7bc6fc1bfb71cd90fc29411ef5d
results/research8h/transfer/ordinary_26092705/full/sparse_multipliers.csv,39792,88c4156b60b4bc36b4f16a5dafc496628c1f4cb6e1dfbc97be40e238f5202139
results/research8h/transfer/ordinary_26092705/generation_checks.json,2732,e11075308c6227671d2000497e8e756e93de7f525aff04f7cb51cdb9e9231771
results/research8h/transfer/ordinary_26092705/locality48/bounds.npz,10413,9faa67b40636cfad1cd7e965bff49eb36f907a3218d9f19b9933812ebc20c449
results/research8h/transfer/ordinary_26092705/locality48/dual_certificate.json,67966,f2c074dc3166f89d7b8ee2ab57979bddc50a768244ad9923211f255dadcc1b74
results/research8h/transfer/ordinary_26092705/locality48/matrix.npz,109352,bf7905b7d669b83c36191900631c68a053204a85981099102b5d2a0a7f02957b
results/research8h/transfer/ordinary_26092705/locality48/raw_solver_ray.npz,4427,07d2bd7f5ee9493eef47a84b1d31352cc97efd305272a5fb90f99e8570fbd883
results/research8h/transfer/ordinary_26092705/locality48/result.json,8302,04cafab14a236194e6169b337b68a90c8a4684ecaf2de641dfb0d5f876dc6acb
results/research8h/transfer/ordinary_26092705/locality48/row_metadata.csv.gz,125292,a55afd45c53875106b354da3a330f62b9eda98cd05254d6fd973c7570aaaf2ef
results/research8h/transfer/ordinary_26092705/locality48/solver.log,725,b4d92b864e583d9dd71f570e3d40e18c268da72a0796a979e13c6a925c314592
results/research8h/transfer/ordinary_26092705/locality48/sparse_multipliers.csv,48192,9ff2f2e9483f8c2fd3b79270b8d52a5e5ceade94b829474c70f0fac81978bc26
results/research8h/transfer/ordinary_26092705/permutation.csv,2186,c6f93fb354dc6c3cb342b6d15685d2e6b2c973a767efd21a2f066662f9d4950c
results/research8h/transfer/ordinary_26092705/two_cc/bounds.npz,9368,2c40e42bdfecc50bc255a8aad5ce1db4f47e2da1138db2a146611dffc0f6f50c
results/research8h/transfer/ordinary_26092705/two_cc/dual_certificate.json,35131,d71008eedd407c8cb2d2796cb61adaaaef9269d68600ca9c75721c96d0ef982b
results/research8h/transfer/ordinary_26092705/two_cc/matrix.npz,61497,2f9bea72c744ddef148b0be918fbf77db7b7d32094decc969a7a50fa983f9cf6
results/research8h/transfer/ordinary_26092705/two_cc/raw_solver_ray.npz,1546,8930a87bc6d3b14b70701a7dde22bd3a109a6cb7c6f911d6b04f41cf9d5279f2
results/research8h/transfer/ordinary_26092705/two_cc/result.json,7877,8e4353f53cf0359182cc5ac0d1e6725e4c8e7bad6ffdefe36e043ce4f505dd18
results/research8h/transfer/ordinary_26092705/two_cc/row_metadata.csv.gz,65738,28966679ce53987298822d6cfd6baf03f6b93569f6a6f4bf74370fd59613f050
results/research8h/transfer/ordinary_26092705/two_cc/solver.log,724,58d27df0a0f16213d171303411c5de67f4cc22fc8a1a0e83cb1a20129ac865f8
results/research8h/transfer/ordinary_26092705/two_cc/sparse_multipliers.csv,22505,1bbfb62fc190921a9d5f10ddff04a5fc945225fe5ebae9b5523bcfc8e4558a6e
results/research8h/transfer/ordinary_26092706/case_arrays.npz,15702,88d8337dbe8381e788fb8cc98e8fbe674396e522ebb7cde2783c2467e2de76a3
results/research8h/transfer/ordinary_26092706/full/bounds.npz,10554,5de9d2ffde337da4e3df9b779c0c3076bab2dff4d0cbcb2f6beaa4449bd3c27f
results/research8h/transfer/ordinary_26092706/full/dual_certificate.json,57354,06bd0b6e418124ed5448f2ae41ca49055ee94c3d3341751c8500b7535bfdc6a4
results/research8h/transfer/ordinary_26092706/full/matrix.npz,143874,6af039900e02e8d16a419686a8e11a4f33515092d0647af4677bbabda4b8754f
results/research8h/transfer/ordinary_26092706/full/raw_solver_ray.npz,3151,0b4ae929fff56f62513f623e9f71470fc7fa1f6c16d40ce605d40925c742cf9d
results/research8h/transfer/ordinary_26092706/full/result.json,8872,8138883439e46622a690fc1621b44a40ab2b401af7864208fae57505960a0a17
results/research8h/transfer/ordinary_26092706/full/row_metadata.csv.gz,171788,249de390c8154bcf0affe6dc23fcdcdf23de10209ac63968956f1d6dc821eb84
results/research8h/transfer/ordinary_26092706/full/solver.log,801,6306903f159147e24e2842442bb5fe6ade4551a977597c5ef3451d2e53a3bd6f
results/research8h/transfer/ordinary_26092706/full/sparse_multipliers.csv,41177,6831d82e9e6875a83376abea51cdfe89a7a642050f07e91581cfcce033ace2ee
results/research8h/transfer/ordinary_26092706/generation_checks.json,2732,011e0c297d00fe1deceab22b488337cda9256de9dea88c00bff097abd2fc4b74
results/research8h/transfer/ordinary_26092706/locality48/bounds.npz,10433,3bdf29fdb0c0204a6e7c83bb8a5f43d5874a8817eeff3480de2aeb4dd833c64a
results/research8h/transfer/ordinary_26092706/locality48/dual_certificate.json,55388,fa8b2d51dceb6509019a1b949613a8ef80112836179a756dd561a9cf9af20874
results/research8h/transfer/ordinary_26092706/locality48/matrix.npz,109352,bf7905b7d669b83c36191900631c68a053204a85981099102b5d2a0a7f02957b
results/research8h/transfer/ordinary_26092706/locality48/raw_solver_ray.npz,3268,07aa51c8ef094c28b0324a0dc1df9775844a5a823211fb3b6c8f808f9f649586
results/research8h/transfer/ordinary_26092706/locality48/result.json,8521,d4d861eff4e97c902fd0be0d0558205fe2a9370813ae6f9d871291d0060f2644
results/research8h/transfer/ordinary_26092706/locality48/row_metadata.csv.gz,125292,b0e44fdf6f0c6fa398a9de4cbb2f86281be1593b65c7dcc1d466d0baccdf6860
results/research8h/transfer/ordinary_26092706/locality48/solver.log,725,761f0bce78c3a851911a53a291430f4447f479cf1f372876497e4699adb7a8e4
results/research8h/transfer/ordinary_26092706/locality48/sparse_multipliers.csv,39889,0958dbfc2f919590e21b2772bfc9332f7d640e400178797a5c803833f01915ea
results/research8h/transfer/ordinary_26092706/permutation.csv,2186,83b3e143a3200fc0d2b1533c3705294665b973013345c502011bd311f92c1973
results/research8h/transfer/ordinary_26092706/two_cc/bounds.npz,9387,d29ce4d2089d258297c7e9a3bebb7da916251287d15bd4a6154668af384c95b6
results/research8h/transfer/ordinary_26092706/two_cc/dual_certificate.json,44036,2a67c051a7c4f2bbbb608ef0c20bf9a25bec8765b18ba4101e50290e53ef3a4d
results/research8h/transfer/ordinary_26092706/two_cc/matrix.npz,61497,2f9bea72c744ddef148b0be918fbf77db7b7d32094decc969a7a50fa983f9cf6
results/research8h/transfer/ordinary_26092706/two_cc/raw_solver_ray.npz,2567,a3817cca50307db3389d24476ce3b40dfb4a0afa9366c2885b1423e5944dc6ea
results/research8h/transfer/ordinary_26092706/two_cc/result.json,8307,842035f87c223fe3f98595568603d279a6cb0b4b5aaad7464569240236a14e4b
results/research8h/transfer/ordinary_26092706/two_cc/row_metadata.csv.gz,65738,93eb2edac93dff6a8690737f66ad4f368b6b64505ead914efac31f5e7fe1a230
results/research8h/transfer/ordinary_26092706/two_cc/solver.log,724,e6776f9be1316c5c389f86fac48e0a6d0f9a8b809fb47498c8cd74c0b97adcf7
results/research8h/transfer/ordinary_26092706/two_cc/sparse_multipliers.csv,30435,8f4b1222334ec2e82d822fdd7ea305f4fb25fbb709606036eb3c5c9e7842ed21
results/research8h/transfer/ordinary_26092707/case_arrays.npz,15697,71588b024240ce2972353ab20ce7a48e7d7e59faa93a7fc964f39ba4b60aa748
results/research8h/transfer/ordinary_26092707/full/bounds.npz,10520,e10e3cff951c2db09864c2ca161db214bce9de98da86944d783ea89e9fdda692
results/research8h/transfer/ordinary_26092707/full/dual_certificate.json,59694,ff7251f28d288d041d7dee9ff841fdc47b51a49610c1e858cda515af4a40e078
results/research8h/transfer/ordinary_26092707/full/matrix.npz,143874,6af039900e02e8d16a419686a8e11a4f33515092d0647af4677bbabda4b8754f
results/research8h/transfer/ordinary_26092707/full/raw_solver_ray.npz,3460,31c7c55532b86d54550f7a2bde8959d09fd8b37d303d6c12b141670584f9456e
results/research8h/transfer/ordinary_26092707/full/result.json,8286,a185cb83927bad2404bfab1a9638dd9e025ad6a7ce983360e8413c797d3b1fc3
results/research8h/transfer/ordinary_26092707/full/row_metadata.csv.gz,171788,930a50b387275dd9082e69d6bb0cdee05459ed2400f37f88d5ac367f2a44a20f
results/research8h/transfer/ordinary_26092707/full/solver.log,726,2350db2bb135ca464d1ca616129399db563ecdce091ea21f339cdb1d0f7bd710
results/research8h/transfer/ordinary_26092707/full/sparse_multipliers.csv,42244,10129f19c520b5606cfd865271519b1845e4c1f1331b6c1862fef71d7ab0b041
results/research8h/transfer/ordinary_26092707/generation_checks.json,2732,0e376e9b3223fd16a76f4812327080a2a799faec145ad14df43df1d8777db3d1
results/research8h/transfer/ordinary_26092707/locality48/bounds.npz,10396,1359e2869c3bf6cd1de3ab24bbc664c09874c8e46c0440b43e20abbb95e85752
results/research8h/transfer/ordinary_26092707/locality48/dual_certificate.json,50189,aa2f0e1b1ced1560f2760c5c18628711c63d4f5a09e4f2b2c07c99b2c27e99f4
results/research8h/transfer/ordinary_26092707/locality48/matrix.npz,109352,bf7905b7d669b83c36191900631c68a053204a85981099102b5d2a0a7f02957b
results/research8h/transfer/ordinary_26092707/locality48/raw_solver_ray.npz,2490,794c2a3266f6da9bdf2eb29f8a1aa5355a2e15f1c3fcf9ef410401ab78e6f05f
results/research8h/transfer/ordinary_26092707/locality48/result.json,9075,57e713f3c6e4019bd45b6d36a0c2682e69f7c539dd025f146c68ba5e5d8a2dfe
results/research8h/transfer/ordinary_26092707/locality48/row_metadata.csv.gz,125292,881cd6f7363c07b0edb85f89974157296ec7320399084aa5855ec99b032082be
results/research8h/transfer/ordinary_26092707/locality48/solver.log,725,2e4f8d9cf8220131543c7ee7bcd572792361b286d1af4b01ee0202d5b3ea036f
results/research8h/transfer/ordinary_26092707/locality48/sparse_multipliers.csv,35477,d163fbbeb1f5a1dc1a2d6a8cff802e1f189d21d9497c1df3d94c2f705d6216e3
results/research8h/transfer/ordinary_26092707/permutation.csv,2186,09eb71d2a55b2426443ba55a4f3db6050e0ccd1c8ec053623387374a5b91c1d0
results/research8h/transfer/ordinary_26092707/two_cc/bounds.npz,9354,5d61612373dea2924ea662b769f5326618f5e0fe9c18cf882bd3a523ba5acf14
results/research8h/transfer/ordinary_26092707/two_cc/dual_certificate.json,27807,7430921f50eec56251488f656c9dc20798634f3aeaad4dd9d1f80245def807fd
results/research8h/transfer/ordinary_26092707/two_cc/matrix.npz,61497,2f9bea72c744ddef148b0be918fbf77db7b7d32094decc969a7a50fa983f9cf6
results/research8h/transfer/ordinary_26092707/two_cc/raw_solver_ray.npz,932,077ea1439bfba9f84470f7fd3e9ffaea591420d2d96b6c1ec3620874282141f5
results/research8h/transfer/ordinary_26092707/two_cc/result.json,7743,4a0ebcdb7f7d281086fd847e92cdd1d0b29e085c787a766b8a084eac56707826
results/research8h/transfer/ordinary_26092707/two_cc/row_metadata.csv.gz,65738,6a9bbebb3996465230215484df5aca61253ea1c389aed6ba0a077fedf2f689db
results/research8h/transfer/ordinary_26092707/two_cc/solver.log,724,cc1bd387d93a545fc4bf5cbfd452db5eef8771ee1195a8ed6555de66b5311dac
results/research8h/transfer/ordinary_26092707/two_cc/sparse_multipliers.csv,18028,9be6ffaa0f903c34cb9637664eb4229f9c65b707204f44c82f60dc90e8314199
results/research8h/transfer/positive_class_inventory.json,8012,8717467687b9e76ffe5c57289d6590eb98313fce6dcc17b62c63b63feba5b92d
results/research8h/transfer/positive_control_26092800/case_arrays.npz,15339,efc488d6eb6bb75d4bda7bf8c44e14c3390cc08daa1890ff6bfa6bef6636c9a5
results/research8h/transfer/positive_control_26092800/full/bounds.npz,10513,c75b47de387050dabbdced048c8bf731d4162326d73ea325315398b6f1d74fd9
results/research8h/transfer/positive_control_26092800/full/continuous_solution.npz,13065,566b876e0251dbee7f97e8f0c50f357c38df75aa8b7383db5bc8dc449a7b267a
results/research8h/transfer/positive_control_26092800/full/matrix.npz,143874,6af039900e02e8d16a419686a8e11a4f33515092d0647af4677bbabda4b8754f
results/research8h/transfer/positive_control_26092800/full/positive_seed_matrix_check.json,203,34f1fa2c7d4368053143f3a2be3cecca6c9825bbc7ac103a8ba84df784b394d6
results/research8h/transfer/positive_control_26092800/full/result.json,1241,e96d5eac5bb2a0fb063b838438c50d7a20782f560e9a4edbdef2ccb6d24f9374
results/research8h/transfer/positive_control_26092800/full/row_metadata.csv.gz,171788,499003d1d4cca0d21aab2c78036dd40db50a963a8aeec1667ce63deb7ec16d47
results/research8h/transfer/positive_control_26092800/full/solver.log,914,6959160be8a5f709e7afa35231f0f6ab951b0c6c03060af74d6f6b251932cce3
results/research8h/transfer/positive_control_26092800/generation_checks.json,3511,00f6f4ea5ee7c594ea7a0d3432e272c708b593449d75691262267569ae632a7a
results/research8h/transfer/positive_control_26092800/locality48/bounds.npz,10390,541c4f748bd6e98b866d181f25271967f89d8f8f28941db55ee401d1a4f6944b
results/research8h/transfer/positive_control_26092800/locality48/continuous_solution.npz,13531,92af24e1925b2ded29bf3448a6ab5476294387b1bac07a70cb994e1ae95ae88a
results/research8h/transfer/positive_control_26092800/locality48/matrix.npz,109352,bf7905b7d669b83c36191900631c68a053204a85981099102b5d2a0a7f02957b
results/research8h/transfer/positive_control_26092800/locality48/positive_seed_matrix_check.json,203,34f1fa2c7d4368053143f3a2be3cecca6c9825bbc7ac103a8ba84df784b394d6
results/research8h/transfer/positive_control_26092800/locality48/result.json,1283,a8b7a94e720eabb458f101448c5c567b9e75fc7dc6fe403bf2f90ee1d7f8cc22
results/research8h/transfer/positive_control_26092800/locality48/row_metadata.csv.gz,125292,4d03b06f3af38f5952fdd36589c8d92bf90562345fcc7153169779a99fbf92df
results/research8h/transfer/positive_control_26092800/locality48/solver.log,763,e3e25cbb788c326b865360fc16503b7ff1c5f87f6afd420892d8434ec82cc629
results/research8h/transfer/positive_control_26092800/permutation.csv,2186,1b0bf2bc766a1144bf7017d816089f9ed41df938c8dc020b79875686db7d936f
results/research8h/transfer/positive_control_26092800/two_cc/bounds.npz,9350,1ca45a071608fd441d3eeaf0254f116760d23c8618a93023d3ef8ce55e973099
results/research8h/transfer/positive_control_26092800/two_cc/continuous_solution.npz,10890,d1315f692652c49dffae08d0a8fd3d3ea184d9849c4bad2440da5dda0cf5c0e0
results/research8h/transfer/positive_control_26092800/two_cc/matrix.npz,61497,2f9bea72c744ddef148b0be918fbf77db7b7d32094decc969a7a50fa983f9cf6
results/research8h/transfer/positive_control_26092800/two_cc/positive_seed_matrix_check.json,203,34f1fa2c7d4368053143f3a2be3cecca6c9825bbc7ac103a8ba84df784b394d6
results/research8h/transfer/positive_control_26092800/two_cc/result.json,1240,d9c14e0aeacbac557e40164fd961985e8e6cd12a8a103a1411e2f74de3de8103
results/research8h/transfer/positive_control_26092800/two_cc/row_metadata.csv.gz,65738,b4c8ab194fe4424cb2c5f1bdc15d0073fe063f787c55f786d842f45292f29159
results/research8h/transfer/positive_control_26092800/two_cc/solver.log,687,867e3d9eb4b9d2e9debef34bf0aa69f9c62aee655d38803cafcac76455d22a2f
results/research8h/transfer/positive_control_26092801/case_arrays.npz,15326,74d6f9b86798db8ea3d6ffddcb0c2c092ce7d16cf134ccad0942e7220c918f21
results/research8h/transfer/positive_control_26092801/full/bounds.npz,10501,925987d5622577a70192d939680c8a1688475064df8759c714b251c366392c28
results/research8h/transfer/positive_control_26092801/full/continuous_solution.npz,13311,dcabe106a4223499b87a22dede535346725821779028327d97ede1a33c96e734
results/research8h/transfer/positive_control_26092801/full/matrix.npz,143874,6af039900e02e8d16a419686a8e11a4f33515092d0647af4677bbabda4b8754f
results/research8h/transfer/positive_control_26092801/full/positive_seed_matrix_check.json,203,34f1fa2c7d4368053143f3a2be3cecca6c9825bbc7ac103a8ba84df784b394d6
results/research8h/transfer/positive_control_26092801/full/result.json,1274,fef26cca9898f37cbc4da19ed5d4258a773938eef3d85352bc3d89bec22c87e2
results/research8h/transfer/positive_control_26092801/full/row_metadata.csv.gz,171788,1f3f56e59fc6a4f2cc867068cb10bf4a730d590588e04ae11b87ac3c47f147f1
results/research8h/transfer/positive_control_26092801/full/solver.log,839,dbb08ff936cefef75b72dfed4467cba7a1b43beb797117d3a4e5db9eb9e3d91c
results/research8h/transfer/positive_control_26092801/generation_checks.json,3511,db23a3d0533d1057e79778e75fa35f62579ce852371f1b2d03417cd069d19f29
results/research8h/transfer/positive_control_26092801/locality48/bounds.npz,10374,da8a6fd36701db5841fcaf431299d4d14297e04a7844fb24f1d4bbedbe2b2cee
results/research8h/transfer/positive_control_26092801/locality48/continuous_solution.npz,13329,9dad1175f2343ee8dc00baa811cbd1edaaa30f324592a4796143d10c9087180b
results/research8h/transfer/positive_control_26092801/locality48/matrix.npz,109352,bf7905b7d669b83c36191900631c68a053204a85981099102b5d2a0a7f02957b
results/research8h/transfer/positive_control_26092801/locality48/positive_seed_matrix_check.json,203,34f1fa2c7d4368053143f3a2be3cecca6c9825bbc7ac103a8ba84df784b394d6
results/research8h/transfer/positive_control_26092801/locality48/result.json,1245,f6e274fef589985260cd50f9efaf3c74afffe6ccb2156bd367f1c5e5ddea9191
results/research8h/transfer/positive_control_26092801/locality48/row_metadata.csv.gz,125292,e3a688bf1289cc24b5c579609f6b951bda7f5401fc155951b03e3e0aef65d501
results/research8h/transfer/positive_control_26092801/locality48/solver.log,762,c3657c2d5bd14d6a5e8f6664997d990d06ea761c4f9ea673728f7820ee6882d7
results/research8h/transfer/positive_control_26092801/permutation.csv,2186,4ab17e4518069ec8f8a01702b96f5456c42ad341a199796b699ee256ac5c435a
results/research8h/transfer/positive_control_26092801/two_cc/bounds.npz,9333,80599dafae671d4303bdae72aa8b43c64c37cec9168791074268be9b86675056
results/research8h/transfer/positive_control_26092801/two_cc/continuous_solution.npz,10993,3c94bac2d97f5b90d2fdc6db31567c739da92b59c3e417b13e025eab1fd75109
results/research8h/transfer/positive_control_26092801/two_cc/matrix.npz,61497,2f9bea72c744ddef148b0be918fbf77db7b7d32094decc969a7a50fa983f9cf6
results/research8h/transfer/positive_control_26092801/two_cc/positive_seed_matrix_check.json,203,34f1fa2c7d4368053143f3a2be3cecca6c9825bbc7ac103a8ba84df784b394d6
results/research8h/transfer/positive_control_26092801/two_cc/result.json,1241,4caebe2267ca527452171cc6fc7f6742ccb6d6ab53828719ed1eb368dfe355be
results/research8h/transfer/positive_control_26092801/two_cc/row_metadata.csv.gz,65738,c959db8fdbba3dd7d6e1e8f21c2c249f3c12a8142fe7db14ebe2be5d538e69f0
results/research8h/transfer/positive_control_26092801/two_cc/solver.log,687,4687269e6284beaff180c225619e31bfc1f8d28f4f434dbe6419c8e87a7f58d9
results/research8h/transfer/positive_control_26092802/case_arrays.npz,15339,9f6fa2e2d39d5d08bfb59ca200c9d694854eb397975c5904a874f68515aa4707
results/research8h/transfer/positive_control_26092802/full/bounds.npz,10526,6d020f43d4f6128c8e3af1a5d4afbb332dd4418dd7569cc2cd9a5a463e3e898f
results/research8h/transfer/positive_control_26092802/full/continuous_solution.npz,13365,2e04f4bb10465fc076893344804b008da1d70db35eed7af31a8cdb14060a632d
results/research8h/transfer/positive_control_26092802/full/matrix.npz,143874,6af039900e02e8d16a419686a8e11a4f33515092d0647af4677bbabda4b8754f
results/research8h/transfer/positive_control_26092802/full/positive_seed_matrix_check.json,203,34f1fa2c7d4368053143f3a2be3cecca6c9825bbc7ac103a8ba84df784b394d6
results/research8h/transfer/positive_control_26092802/full/result.json,1277,befc3fe58529948dadbc356f5e4c20224afdd9034cb7e7178c741c15595a6180
results/research8h/transfer/positive_control_26092802/full/row_metadata.csv.gz,171788,d2b200ee00ccbff8585d6eb87cef477949732fe462be86741a1e8d0a8e57c8a6
results/research8h/transfer/positive_control_26092802/full/solver.log,761,a673bcc9bd7474f2c25e75d5d63fe7d30a94a1d4e54f44676fe654dfeea23937
results/research8h/transfer/positive_control_26092802/generation_checks.json,3511,83a1017f96a3ea0002a8004ace4576b9b84d7187eb7f86dc67b9953b2c5b3a1e
results/research8h/transfer/positive_control_26092802/locality48/bounds.npz,10399,766870e9d09dbfc8a732b1f6e51038ca01de0feda4cb96d85572e0bbad6a91aa
results/research8h/transfer/positive_control_26092802/locality48/continuous_solution.npz,13299,35a878433ec13f0e444dc2ad8340df047f50a66103ac09cf911effd819f38cc1
results/research8h/transfer/positive_control_26092802/locality48/matrix.npz,109352,bf7905b7d669b83c36191900631c68a053204a85981099102b5d2a0a7f02957b
results/research8h/transfer/positive_control_26092802/locality48/positive_seed_matrix_check.json,203,34f1fa2c7d4368053143f3a2be3cecca6c9825bbc7ac103a8ba84df784b394d6
results/research8h/transfer/positive_control_26092802/locality48/result.json,1247,4917f35e3fef45de053938e499384d2b1001f73aef1cdc110a053d2de9f19a42
results/research8h/transfer/positive_control_26092802/locality48/row_metadata.csv.gz,125292,7e61727fd49c274606a58fe958bd19baf29f807067fe7592cf09de081f44c5e9
results/research8h/transfer/positive_control_26092802/locality48/solver.log,988,8a100a8eb6b196bc031586b1c17ee7bfbf2f9dbdccb77bcb847b81be0079c820
results/research8h/transfer/positive_control_26092802/permutation.csv,2186,58bd59532d9b74a251fa3e26522872dbef60a2f3446da573fb214038cf4e3b7d
results/research8h/transfer/positive_control_26092802/two_cc/bounds.npz,9355,709ad347f73e31352714bb8acbaad1a8d476dfb86b60a9e48dd05216f9b0e21e
results/research8h/transfer/positive_control_26092802/two_cc/continuous_solution.npz,11370,e256394cec5ae745cc28c45023d16ca99651b73a01fcaf31d6de394eb0c56b22
results/research8h/transfer/positive_control_26092802/two_cc/matrix.npz,61497,2f9bea72c744ddef148b0be918fbf77db7b7d32094decc969a7a50fa983f9cf6
results/research8h/transfer/positive_control_26092802/two_cc/positive_seed_matrix_check.json,203,34f1fa2c7d4368053143f3a2be3cecca6c9825bbc7ac103a8ba84df784b394d6
results/research8h/transfer/positive_control_26092802/two_cc/result.json,1243,ca4df32c0f0b31c2c36cfdeb6516e86c7b29323a15d212cb720731611c8ea9fb
results/research8h/transfer/positive_control_26092802/two_cc/row_metadata.csv.gz,65738,0a35a64ac1457414d8f46323e35d0091dd741f62438ba357ec1f2590ad0b6e0a
results/research8h/transfer/positive_control_26092802/two_cc/solver.log,687,07e68591bda9913cd3af28ba898be5bbc678ec1f7128824f719e8fd672cbdddc
results/research8h/transfer/positive_control_26092803/case_arrays.npz,15351,9107ebedb9fe3af4c52ccc7315fea19d25fd5f4e0ea26774da3e47d0338dd40b
results/research8h/transfer/positive_control_26092803/full/bounds.npz,10507,25e7bb4275aab885e453aa0c3fdde05281c75bd6334fbf81ba2bab70bf7b0738
results/research8h/transfer/positive_control_26092803/full/matrix.npz,143874,6af039900e02e8d16a419686a8e11a4f33515092d0647af4677bbabda4b8754f
results/research8h/transfer/positive_control_26092803/full/positive_seed_matrix_check.json,203,34f1fa2c7d4368053143f3a2be3cecca6c9825bbc7ac103a8ba84df784b394d6
results/research8h/transfer/positive_control_26092803/full/result.json,924,eec932d3847e54eb0a5aaa5d8d92bf7793dcbc57290f32e4a7d99cb589a92db7
results/research8h/transfer/positive_control_26092803/full/row_metadata.csv.gz,171788,973bdaa0e7e8fa3748fe006f3d0e13a7b92119d9bcb70f432a51335e943b43bc
results/research8h/transfer/positive_control_26092803/full/solver.log,1066,f81f29f2f99e22d196350b0454c48b17560d0edb9d898d9a8c7107e02ace16a2
results/research8h/transfer/positive_control_26092803/generation_checks.json,3511,5efec8118c24ef2c5540d3b5c65abc6f3d45053ce2f1a5e187ca6dcc78f42b09
results/research8h/transfer/positive_control_26092803/locality48/bounds.npz,10376,a1b27f89cb60834d27fde55f45f70cdd1aeb1dc73bbea28d9160750601615de8
results/research8h/transfer/positive_control_26092803/locality48/continuous_solution.npz,13248,b62ef3576cc6df32734c32cc406c012dbd78516333277c44f0e1c44c283283a1
results/research8h/transfer/positive_control_26092803/locality48/matrix.npz,109352,bf7905b7d669b83c36191900631c68a053204a85981099102b5d2a0a7f02957b
results/research8h/transfer/positive_control_26092803/locality48/positive_seed_matrix_check.json,203,34f1fa2c7d4368053143f3a2be3cecca6c9825bbc7ac103a8ba84df784b394d6
results/research8h/transfer/positive_control_26092803/locality48/result.json,1247,250494dc421a6f0f1b5b456a634e450a239c054d53acb7e7fa6dc7b66162ab90
results/research8h/transfer/positive_control_26092803/locality48/row_metadata.csv.gz,125292,6e9efff94c3e98d4ea971c741852ca04c8d60f1bcfacdf1f3a502d784b27120c
results/research8h/transfer/positive_control_26092803/locality48/solver.log,988,979e2fbc204d51598ed46877f11e09ed4c714496063fd45418845d0397a30ea7
results/research8h/transfer/positive_control_26092803/permutation.csv,2186,d3eb68013a4cec144ea18205c61efd3913af741487fcd135f80595e309b15897
results/research8h/transfer/positive_control_26092803/two_cc/bounds.npz,9333,5b1708b2bc28e3c4abfa6de60eb7919049a9cf0f7c2e67d083418dc4a4ff6037
results/research8h/transfer/positive_control_26092803/two_cc/continuous_solution.npz,10897,c21d24fa667105dbcd4cc18bb60320fd7ae2a4ef1f11a6f836f1a0b2b1a4d8c8
results/research8h/transfer/positive_control_26092803/two_cc/matrix.npz,61497,2f9bea72c744ddef148b0be918fbf77db7b7d32094decc969a7a50fa983f9cf6
results/research8h/transfer/positive_control_26092803/two_cc/positive_seed_matrix_check.json,203,34f1fa2c7d4368053143f3a2be3cecca6c9825bbc7ac103a8ba84df784b394d6
results/research8h/transfer/positive_control_26092803/two_cc/result.json,1242,6e76c32c792e4f4a3d5c97afd49269f0c67104947e41a454c3612e4bc0666e66
results/research8h/transfer/positive_control_26092803/two_cc/row_metadata.csv.gz,65738,24d51b2587b4f1c7517fdf11744855e8fbdc719fe352c39bb27acf2c9d0d7ec2
results/research8h/transfer/positive_control_26092803/two_cc/solver.log,687,f6da9a74d8bdc3a9bd06be035b0a23f659b8b575c80a7195b8d4657764266aea
results/research8h/transfer/positive_control_26092804/case_arrays.npz,15334,2eff6dd8033f9e13e96df8672cb0f4f43dab0a6cd24562d4db85874ad2b02e9a
results/research8h/transfer/positive_control_26092804/full/bounds.npz,10526,9e9be68cc1c0b3dc48a5046e6b14dc6fcc83d1a094cd6bf7f8b725550145e0d4
results/research8h/transfer/positive_control_26092804/full/continuous_solution.npz,13417,6548370c2d5b72662477b6577b425fbce0acf534001992023c1c1ff47b5a5636
results/research8h/transfer/positive_control_26092804/full/matrix.npz,143874,6af039900e02e8d16a419686a8e11a4f33515092d0647af4677bbabda4b8754f
results/research8h/transfer/positive_control_26092804/full/positive_seed_matrix_check.json,203,34f1fa2c7d4368053143f3a2be3cecca6c9825bbc7ac103a8ba84df784b394d6
results/research8h/transfer/positive_control_26092804/full/result.json,1278,7b2ea1fdf2c3455d3855cc375f185c0080adb3eeb059c53de89ffecbc65562f6
results/research8h/transfer/positive_control_26092804/full/row_metadata.csv.gz,171788,ac454059d1bc61ff66b594f4e0b007e23520d031e9120546a0cb8736b6e73b54
results/research8h/transfer/positive_control_26092804/full/solver.log,989,671c5558c81b50e5abeb68233725639094ef26c7153f7f39dcf741ad41c736bf
results/research8h/transfer/positive_control_26092804/generation_checks.json,3511,b64ddc6225c04b7f079bad21b52b762017398ca1cd86a4d48f2c5e332b5cb6c0
results/research8h/transfer/positive_control_26092804/locality48/bounds.npz,10399,759c3db1d11148e819893f2fb61b2dc01dbe41043c2a7feb46873d1cd575290e
results/research8h/transfer/positive_control_26092804/locality48/continuous_solution.npz,13496,4347b455b48835dd11e946bfe7162369d07150c4357d8b6e6a1e7cfef9949518
results/research8h/transfer/positive_control_26092804/locality48/matrix.npz,109352,bf7905b7d669b83c36191900631c68a053204a85981099102b5d2a0a7f02957b
results/research8h/transfer/positive_control_26092804/locality48/positive_seed_matrix_check.json,203,34f1fa2c7d4368053143f3a2be3cecca6c9825bbc7ac103a8ba84df784b394d6
results/research8h/transfer/positive_control_26092804/locality48/result.json,1283,7f75fab5ab21e1164502ef8dc6bd02af5a841508e6a4c485c5dc13a0a8df71cf
results/research8h/transfer/positive_control_26092804/locality48/row_metadata.csv.gz,125292,d294dc5b46d792b17653e71b9c18a970d210e013a56ca44e9bbc7ff8c95f49d3
results/research8h/transfer/positive_control_26092804/locality48/solver.log,763,653c498d738e52c139148a104c26bf2d8a76dc06a85094054a3ccb97698d4a2f
results/research8h/transfer/positive_control_26092804/permutation.csv,2186,04fc7c24e5b0df70e073fb932ac00ae0888763f4b9de1a1ad5d80b33a2c69a24
results/research8h/transfer/positive_control_26092804/two_cc/bounds.npz,9358,2e24f5c2b5891ff650b5894fdc7725b8e62e0f5661f4dca75deda9311d1b17f6
results/research8h/transfer/positive_control_26092804/two_cc/continuous_solution.npz,11124,070682d287e7094e1d30d462e4c71cea13201cff70b49d19dd592ee048c6423c
results/research8h/transfer/positive_control_26092804/two_cc/matrix.npz,61497,2f9bea72c744ddef148b0be918fbf77db7b7d32094decc969a7a50fa983f9cf6
results/research8h/transfer/positive_control_26092804/two_cc/positive_seed_matrix_check.json,203,34f1fa2c7d4368053143f3a2be3cecca6c9825bbc7ac103a8ba84df784b394d6
results/research8h/transfer/positive_control_26092804/two_cc/result.json,1239,ca15144240f674d350568455940d1cdd5aca22b2c50489760f2c5f8db256b17e
results/research8h/transfer/positive_control_26092804/two_cc/row_metadata.csv.gz,65738,1e5ed8efee86472d20289dd2cb6be0a231bc5e58f09585f26a52a3004bfcf79a
results/research8h/transfer/positive_control_26092804/two_cc/solver.log,687,e66fcc0932f83bdf8f0be143108bd25ec9d487056186199df3838017107b5bc7
results/research8h/transfer/positive_control_26092805/case_arrays.npz,15353,6a425cab13a8bb8b38d12004c8b3bb03b625c11df29e560aef9e4c6d1195608e
results/research8h/transfer/positive_control_26092805/full/bounds.npz,10520,0c4323bde52bc3939bce7bdc8578d8b7d4e1212b8d86ac068c0d6e9f6b369431
results/research8h/transfer/positive_control_26092805/full/continuous_solution.npz,13226,543d3f34c2d8a4ab3010c37741b0881256c0fdb60a705bbb7d05b3e791964080
results/research8h/transfer/positive_control_26092805/full/matrix.npz,143874,6af039900e02e8d16a419686a8e11a4f33515092d0647af4677bbabda4b8754f
results/research8h/transfer/positive_control_26092805/full/positive_seed_matrix_check.json,203,34f1fa2c7d4368053143f3a2be3cecca6c9825bbc7ac103a8ba84df784b394d6
results/research8h/transfer/positive_control_26092805/full/result.json,1242,bc8c458894466eca614c6617e7b4385139c698d141a1f994afcb22db09731018
results/research8h/transfer/positive_control_26092805/full/row_metadata.csv.gz,171788,70bfe59adca049c529296fee9483c6dc36c7ce46eaa7b608f3b89d76b4c238b6
results/research8h/transfer/positive_control_26092805/full/solver.log,839,fa0fb25355134702e5c700ed2dea056f42984c1a3f96507c74861262bc75160f
results/research8h/transfer/positive_control_26092805/generation_checks.json,3511,f736fcb126a765ecf874aca91804ca8b15fa13bcbce54bd521cce46f3aff3876
results/research8h/transfer/positive_control_26092805/locality48/bounds.npz,10391,ea88ea9049d50136c973445f818e11888fa2edb3b5104022c96d5cd778f00894
results/research8h/transfer/positive_control_26092805/locality48/continuous_solution.npz,13497,fcce647653536e533cf370b5264a73d9696c966a9d196e8fb012a67b0158d66c
results/research8h/transfer/positive_control_26092805/locality48/matrix.npz,109352,bf7905b7d669b83c36191900631c68a053204a85981099102b5d2a0a7f02957b
results/research8h/transfer/positive_control_26092805/locality48/positive_seed_matrix_check.json,203,34f1fa2c7d4368053143f3a2be3cecca6c9825bbc7ac103a8ba84df784b394d6
results/research8h/transfer/positive_control_26092805/locality48/result.json,1246,ed9e8e6e81b33d7f58a1b43ad48c792695d9d444ea0409384f0b9c05509e2bf1
results/research8h/transfer/positive_control_26092805/locality48/row_metadata.csv.gz,125292,b193b9a068d60d8a82926c5be44f060c001b6be244bd2923473df8fb1cd49eae
results/research8h/transfer/positive_control_26092805/locality48/solver.log,837,16e865229d1e748665b846c465f090e17e29d3e3e8af73d65e50a34e3c1ad849
results/research8h/transfer/positive_control_26092805/permutation.csv,2186,229bd35af1fb3c1227fefcb4620e8c2f9517353c13ec8a6f1a21b734bed14aa2
results/research8h/transfer/positive_control_26092805/two_cc/bounds.npz,9350,8ebc4a19b40abe27a6e74033534019e48425a086bdc5bb12020abbcf9d2cf17d
results/research8h/transfer/positive_control_26092805/two_cc/continuous_solution.npz,11290,cdcaf9189f27b465e963693f6d25a58be231f7edb2401cf4fa6b298f86a8ce73
results/research8h/transfer/positive_control_26092805/two_cc/matrix.npz,61497,2f9bea72c744ddef148b0be918fbf77db7b7d32094decc969a7a50fa983f9cf6
results/research8h/transfer/positive_control_26092805/two_cc/positive_seed_matrix_check.json,203,34f1fa2c7d4368053143f3a2be3cecca6c9825bbc7ac103a8ba84df784b394d6
results/research8h/transfer/positive_control_26092805/two_cc/result.json,1279,5c1b280b873632862a7380e52ef8e61c78c5e60eab2c8362a37854d865b110cd
results/research8h/transfer/positive_control_26092805/two_cc/row_metadata.csv.gz,65738,60249cef01411184ca00174b349ba8eddae192efb1357f6bca63bd60a1eb0849
results/research8h/transfer/positive_control_26092805/two_cc/solver.log,687,2dc908b84beb8140a41c8a01be0733a110628889da27a7d656042874c0060eb6
results/research8h/transfer/positive_control_26092806/case_arrays.npz,15365,b1b0fb971e2c5ff676ca0897224fe3225034551e795cb4750860e5feac57cb47
results/research8h/transfer/positive_control_26092806/full/bounds.npz,10527,a146dfda4bf833d3224841a5b6fd937bf2072dc17ce18dac1cce5fb5686797f3
results/research8h/transfer/positive_control_26092806/full/matrix.npz,143874,6af039900e02e8d16a419686a8e11a4f33515092d0647af4677bbabda4b8754f
results/research8h/transfer/positive_control_26092806/full/positive_seed_matrix_check.json,203,34f1fa2c7d4368053143f3a2be3cecca6c9825bbc7ac103a8ba84df784b394d6
results/research8h/transfer/positive_control_26092806/full/result.json,923,abdf360878a4d8567a9460553c161faae61f1582e03aeb97e2193293e0246007
results/research8h/transfer/positive_control_26092806/full/row_metadata.csv.gz,171788,34cc6426d0b0b2304c74c20322773f07bb7e5ed25980829c1093a50fd23ea9be
results/research8h/transfer/positive_control_26092806/full/solver.log,917,bd7905ca713a31e3267cfe46bd887928e0630405e96d7a6dc7417282d4ab2141
results/research8h/transfer/positive_control_26092806/generation_checks.json,3511,b6f539b4fa9f9b8f4a954470ebc3445275d678d098a4b4208918f906887c3ba8
results/research8h/transfer/positive_control_26092806/locality48/bounds.npz,10411,89306224dec97e84f61d53bd1f38546ed9c17ee864325e1b778ebdff25e2cd28
results/research8h/transfer/positive_control_26092806/locality48/continuous_solution.npz,13499,bcdf979a396803a8781f3202795e3431f7961d6d984bd7a736a234a9874ed6e3
results/research8h/transfer/positive_control_26092806/locality48/matrix.npz,109352,bf7905b7d669b83c36191900631c68a053204a85981099102b5d2a0a7f02957b
results/research8h/transfer/positive_control_26092806/locality48/positive_seed_matrix_check.json,203,34f1fa2c7d4368053143f3a2be3cecca6c9825bbc7ac103a8ba84df784b394d6
results/research8h/transfer/positive_control_26092806/locality48/result.json,1281,13b260078a61dd1822cd04242f2c7e87b39ec4203f1a5e32d4a9fe25b3195073
results/research8h/transfer/positive_control_26092806/locality48/row_metadata.csv.gz,125292,e689fdb770df7a7e52192b0f27f9be4f8d9850f5bccf201cc9ca9ce5b933f62f
results/research8h/transfer/positive_control_26092806/locality48/solver.log,688,ca7a2ed0313819f0816f88ee3c850be8f9acfc8117f7be0290ca19a9b6fa9308
results/research8h/transfer/positive_control_26092806/permutation.csv,2186,a642440d8046f47ac4e13fa3607dba4557103cbb21eda28ba8c52da8d28a6b28
results/research8h/transfer/positive_control_26092806/two_cc/bounds.npz,9370,66fbcb9db0e2d51adbf771febb6c6930d270eaf6f7542938397c8d9804f606b5
results/research8h/transfer/positive_control_26092806/two_cc/continuous_solution.npz,11128,8d9b3492c600dec66fb73a6cb3de1d4b32798099efe9bc19a9b179fcd6f28bba
results/research8h/transfer/positive_control_26092806/two_cc/matrix.npz,61497,2f9bea72c744ddef148b0be918fbf77db7b7d32094decc969a7a50fa983f9cf6
results/research8h/transfer/positive_control_26092806/two_cc/positive_seed_matrix_check.json,203,34f1fa2c7d4368053143f3a2be3cecca6c9825bbc7ac103a8ba84df784b394d6
results/research8h/transfer/positive_control_26092806/two_cc/result.json,1241,504315b3aa3380e405e7e98a6be5f265aafb78f0427b457243dadb5e383be1ed
results/research8h/transfer/positive_control_26092806/two_cc/row_metadata.csv.gz,65738,6b9b07e6cd136a09f306e2deb7ad9cd4fbb6e97d4da5d9cb3975803f5d281ebd
results/research8h/transfer/positive_control_26092806/two_cc/solver.log,687,ec4dc2c7243417422c69eb9d26f0bb877a523888605437c639dca03563baae8b
results/research8h/transfer/positive_control_26092807/case_arrays.npz,15353,f43f526a4f0615526bade9a52cf7181c9a0728a8c3dcd44acc10a8b0ffe3e9c8
results/research8h/transfer/positive_control_26092807/full/bounds.npz,10527,30726e670070a6aefd538f03d87648122f080a50e25ce76e1b6a98a1ad54a9b1
results/research8h/transfer/positive_control_26092807/full/continuous_solution.npz,13118,f49c72547b5991ecb6e1f2b293508b9b60be8f5d83ea68749a950672aedc0c6d
results/research8h/transfer/positive_control_26092807/full/matrix.npz,143874,6af039900e02e8d16a419686a8e11a4f33515092d0647af4677bbabda4b8754f
results/research8h/transfer/positive_control_26092807/full/positive_seed_matrix_check.json,203,34f1fa2c7d4368053143f3a2be3cecca6c9825bbc7ac103a8ba84df784b394d6
results/research8h/transfer/positive_control_26092807/full/result.json,1242,a061d5de5b00ee8fe212da28ec76bb16f118b2f44964d1b0be4610773073aa88
results/research8h/transfer/positive_control_26092807/full/row_metadata.csv.gz,171788,57cfa59b4575ee9c38b92b788ba3b36c63d541431a570ee60efbf4c1a5173bf4
results/research8h/transfer/positive_control_26092807/full/solver.log,915,e1e512ff3697b8614caea702c99c2aef06dd7feb8978dcd3a450245650bbcd1f
results/research8h/transfer/positive_control_26092807/generation_checks.json,3511,d1f8ce7f0ca3994c51a2c0f70254ecae905551d8b5c23810228f6c0753e75d21
results/research8h/transfer/positive_control_26092807/locality48/bounds.npz,10400,7014260abc1354d7a589407d81a5ab49b79a8482abf6b7aa49a1b8b93172f737
results/research8h/transfer/positive_control_26092807/locality48/continuous_solution.npz,13377,9db2487579d922f0a2356eecb7a49a886822ee691418e63b116dedac0ba93300
results/research8h/transfer/positive_control_26092807/locality48/matrix.npz,109352,bf7905b7d669b83c36191900631c68a053204a85981099102b5d2a0a7f02957b
results/research8h/transfer/positive_control_26092807/locality48/positive_seed_matrix_check.json,203,34f1fa2c7d4368053143f3a2be3cecca6c9825bbc7ac103a8ba84df784b394d6
results/research8h/transfer/positive_control_26092807/locality48/result.json,1282,b676953039f357587c71e0b94760354c9fc5f45093e1a5a6be924f935e43a80d
results/research8h/transfer/positive_control_26092807/locality48/row_metadata.csv.gz,125292,61723e9d6c0d51d1a6ad64f7db62a365b05268787cf7c2b5c45fda1f2d6f6f43
results/research8h/transfer/positive_control_26092807/locality48/solver.log,988,5d666eea6d87ff6916863b7b2fddcbd50ca5b4c92a3decc45b7431d49252be76
results/research8h/transfer/positive_control_26092807/permutation.csv,2186,58ac5c6bd4a083b86c579a7dac0878680789b4041a9f3dd853dcca00e8f0b5ff
results/research8h/transfer/positive_control_26092807/two_cc/bounds.npz,9354,a3f4bd2c1fc0b714c912379831dfade4238e858c037a137d620edef515a805b1
results/research8h/transfer/positive_control_26092807/two_cc/continuous_solution.npz,11266,816b1b83cbe0b84bb2c2cf15392ac77690ef310e3a5f2511dca84e2a702d13c7
results/research8h/transfer/positive_control_26092807/two_cc/matrix.npz,61497,2f9bea72c744ddef148b0be918fbf77db7b7d32094decc969a7a50fa983f9cf6
results/research8h/transfer/positive_control_26092807/two_cc/positive_seed_matrix_check.json,203,34f1fa2c7d4368053143f3a2be3cecca6c9825bbc7ac103a8ba84df784b394d6
results/research8h/transfer/positive_control_26092807/two_cc/result.json,1242,01f22ce43b9e9bcd4ca929bd7ad642f84cd8ed187356b2ebc0a4fb5ab9107d14
results/research8h/transfer/positive_control_26092807/two_cc/row_metadata.csv.gz,65738,d14752232b410e8bdc48d4e34598886d3fe6504805b3b1a4568981a19afd2215
results/research8h/transfer/positive_control_26092807/two_cc/solver.log,761,58479d7d907d077341c728f6c8e66102ab6b70c7fdff183ec57aa8a81a4e99fd
results/research8h/transfer/post_run_audit.json,5038,5733d30a11ac6010cc689e90e9e54e07b1a68ae2d77c664132456f3959b09d3b
results/research8h/transfer/results.json,243512,9108219a413dc69a40cc0b23a4466b494160a0feb908b3bd95111aa812f37bd5
results/research8h/transfer/sample_freeze.json,57312,011ac09f45fd01c852c3e767b1673047657dbccfd842521e854edeb3e9676e3e
results/research8h/transfer/summary.csv,14370,e482805a30cfa63f6cbd6f5c6650de2e19cae00d79575588d7c53dfd400232ca
src/research8h_kgram_check.py,21111,15683454d63ff51279144c70c6e57fb3916ff1436958141fdb9f70aab0df0384
src/research8h_locality.py,12271,7ba6f82a0c5d7dc0211129b35bdc7fbe6f8b98824bf340a90f774309260828e1
src/research8h_markov_mip.py,6785,681bbcdd6faacc9544ee8422881b2c9cb0bf68b789481267149131258c17d23c
src/research8h_markov_twins.py,9123,6101416640aa0a49c9c50d5f0960ca1b6d7a5bc1144485f1d5422d04b4688a43
src/research8h_service_cap.py,5279,28852854da72e6ad7218aa2af18ec41a61c0e2e6438f992bc3481bb520adb40e
src/research8h_sparse_farkas.py,17688,b9e6c24afeac682e972a83c8ad882bf87cdfc794a3abb329c1e9f2ec9faf01e5
src/research8h_transfer.py,15214,393aeae51af8020c89f6b012b2137fc4c84c44d5d106e6b911fa07e79861cba2
