subset_row,parent_row
0,0
1,1
2,2
3,3
4,4
5,5
6,6
7,7
8,8
9,9
10,10
11,11
12,12
13,13
14,14
15,15
16,16
17,17
18,18
19,19
20,20
21,21
22,22
23,23
24,24
25,25
26,26
27,27
28,28
29,29
30,30
31,31
32,32
33,33
34,34
35,35
36,36
37,37
38,38
39,39
40,40
41,41
42,42
43,43
44,44
45,45
46,46
47,47
48,48
49,49
50,50
51,51
52,52
53,53
54,54
55,55
56,56
57,57
58,58
59,59
60,60
61,61
62,62
63,63
64,64
65,65
66,66
67,67
68,68
69,69
70,70
71,71
72,72
73,73
74,74
75,75
76,76
77,77
78,78
79,79
80,80
81,81
82,82
83,83
84,84
85,85
86,86
87,87
88,88
89,89
90,90
91,91
92,92
93,93
94,94
95,95
96,96
97,97
98,98
99,99
100,100
101,101
102,102
103,103
104,104
105,105
106,106
107,107
108,108
109,109
110,110
111,111
112,112
113,113
114,114
115,115
116,116
117,117
118,118
119,119
120,120
121,121
122,122
123,123
124,124
125,125
126,126
127,127
128,128
129,129
130,130
131,131
132,132
133,133
134,134
135,135
136,136
137,137
138,138
139,139
140,140
141,141
142,142
143,143
144,144
145,145
146,146
147,147
148,148
149,149
150,150
151,151
152,152
153,153
154,154
155,155
156,156
157,157
158,158
159,159
160,160
161,161
162,162
163,163
164,164
165,165
166,166
167,167
168,168
169,169
170,170
171,171
172,176
173,177
174,182
175,183
176,188
177,189
178,194
179,195
180,200
181,201
182,206
183,207
184,212
185,213
186,218
187,219
188,224
189,225
190,230
191,231
192,236
193,237
194,242
195,243
196,248
197,249
198,254
199,255
200,260
201,261
202,266
203,267
204,272
205,273
206,278
207,279
208,284
209,285
210,290
211,291
212,296
213,297
214,302
215,303
216,308
217,309
218,314
219,315
220,320
221,321
222,326
223,327
224,332
225,333
226,338
227,339
228,344
229,345
230,350
231,351
232,356
233,357
234,362
235,363
236,368
237,369
238,374
239,375
240,380
241,381
242,386
243,387
244,392
245,393
246,398
247,399
248,404
249,405
250,410
251,411
252,416
253,417
254,422
255,423
256,428
257,429
258,434
259,435
260,440
261,441
262,446
263,447
264,452
265,453
266,458
267,459
268,464
269,465
270,470
271,471
272,476
273,477
274,482
275,483
276,488
277,489
278,494
279,495
280,500
281,501
282,506
283,507
284,512
285,513
286,518
287,519
288,524
289,525
290,530
291,531
292,536
293,537
294,542
295,543
296,548
297,549
298,554
299,555
300,560
301,561
302,566
303,567
304,572
305,573
306,578
307,579
308,584
309,585
310,590
311,591
312,596
313,597
314,602
315,603
316,608
317,609
318,614
319,615
320,620
321,621
322,626
323,627
324,632
325,633
326,638
327,639
328,644
329,645
330,650
331,651
332,656
333,657
334,662
335,663
336,668
337,669
338,674
339,675
340,680
341,681
342,686
343,687
344,692
345,693
346,698
347,699
348,704
349,705
350,710
351,711
352,716
353,717
354,722
355,723
356,728
357,729
358,734
359,735
360,740
361,741
362,746
363,747
364,752
365,753
366,758
367,759
368,764
369,765
370,770
371,771
372,776
373,777
374,782
375,783
376,788
377,789
378,794
379,795
380,800
381,801
382,806
383,807
384,812
385,813
386,818
387,819
388,824
389,825
390,830
391,831
392,836
393,837
394,842
395,843
396,848
397,849
398,854
399,855
400,860
401,861
402,866
403,867
404,872
405,873
406,878
407,879
408,884
409,885
410,890
411,891
412,896
413,897
414,902
415,903
416,908
417,909
418,914
419,915
420,920
421,921
422,926
423,927
424,932
425,933
426,938
427,939
428,944
429,945
430,950
431,951
432,956
433,957
434,962
435,963
436,968
437,969
438,974
439,975
440,980
441,981
442,986
443,987
444,992
445,993
446,998
447,999
448,1004
449,1005
450,1010
451,1011
452,1016
453,1017
454,1022
455,1023
456,1028
457,1029
458,1034
459,1035
460,1040
461,1041
462,1046
463,1047
464,1052
465,1053
466,1058
467,1059
468,1064
469,1065
470,1070
471,1071
472,1076
473,1077
474,1082
475,1083
476,1088
477,1089
478,1094
479,1095
480,1100
481,1101
482,1106
483,1107
484,1112
485,1113
486,1118
487,1119
488,1124
489,1125
490,1130
491,1131
492,1136
493,1137
494,1142
495,1143
496,1148
497,1149
498,1154
499,1155
500,1160
501,1161
502,1166
503,1167
504,1172
505,1173
506,1174
507,1175
508,1180
509,1181
510,1186
511,1187
512,1192
513,1193
514,1198
515,1199
516,1204
517,1205
518,1210
519,1211
520,1216
521,1217
522,1222
523,1223
524,1228
525,1229
526,1234
527,1235
528,1240
529,1241
530,1246
531,1247
532,1252
533,1253
534,1258
535,1259
536,1264
537,1265
538,1270
539,1271
540,1276
541,1277
542,1282
543,1283
544,1288
545,1289
546,1294
547,1295
548,1300
549,1301
550,1306
551,1307
552,1312
553,1313
554,1318
555,1319
556,1324
557,1325
558,1330
559,1331
560,1336
561,1337
562,1342
563,1343
564,1348
565,1349
566,1354
567,1355
568,1360
569,1361
570,1366
571,1367
572,1372
573,1373
574,1378
575,1379
576,1384
577,1385
578,1390
579,1391
580,1396
581,1397
582,1402
583,1403
584,1408
585,1409
586,1414
587,1415
588,1420
589,1421
590,1426
591,1427
592,1432
593,1433
594,1438
595,1439
596,1444
597,1445
598,1450
599,1451
600,1456
601,1457
602,1462
603,1463
604,1468
605,1469
606,1474
607,1475
608,1480
609,1481
610,1486
611,1487
612,1492
613,1493
614,1498
615,1499
616,1504
617,1505
618,1510
619,1511
620,1516
621,1517
622,1522
623,1523
624,1528
625,1529
626,1534
627,1535
628,1540
629,1541
630,1546
631,1547
632,1552
633,1553
634,1558
635,1559
636,1564
637,1565
638,1570
639,1571
640,1576
641,1577
642,1582
643,1583
644,1588
645,1589
646,1594
647,1595
648,1600
649,1601
650,1606
651,1607
652,1612
653,1613
654,1618
655,1619
656,1624
657,1625
658,1630
659,1631
660,1636
661,1637
662,1642
663,1643
664,1648
665,1649
666,1654
667,1655
668,1660
669,1661
670,1666
671,1667
672,1672
673,1673
674,1678
675,1679
676,1684
677,1685
678,1690
679,1691
680,1696
681,1697
682,1702
683,1703
684,1708
685,1709
686,1714
687,1715
688,1720
689,1721
690,1726
691,1727
692,1732
693,1733
694,1738
695,1739
696,1744
697,1745
698,1750
699,1751
700,1756
701,1757
702,1762
703,1763
704,1768
705,1769
706,1774
707,1775
708,1780
709,1781
710,1786
711,1787
712,1792
713,1793
714,1798
715,1799
716,1804
717,1805
718,1810
719,1811
720,1816
721,1817
722,1822
723,1823
724,1828
725,1829
726,1834
727,1835
728,1840
729,1841
730,1846
731,1847
732,1852
733,1853
734,1858
735,1859
736,1864
737,1865
738,1870
739,1871
740,1876
741,1877
742,1882
743,1883
744,1888
745,1889
746,1894
747,1895
748,1900
749,1901
750,1906
751,1907
752,1912
753,1913
754,1918
755,1919
756,1924
757,1925
758,1930
759,1931
760,1936
761,1937
762,1942
763,1943
764,1948
765,1949
766,1954
767,1955
768,1960
769,1961
770,1966
771,1967
772,1972
773,1973
774,1978
775,1979
776,1984
777,1985
778,1990
779,1991
780,1996
781,1997
782,2002
783,2003
784,2008
785,2009
786,2014
787,2015
788,2020
789,2021
790,2026
791,2027
792,2032
793,2033
794,2038
795,2039
796,2044
797,2045
798,2050
799,2051
800,2056
801,2057
802,2062
803,2063
804,2068
805,2069
806,2074
807,2075
808,2080
809,2081
810,2086
811,2087
812,2092
813,2093
814,2098
815,2099
816,2104
817,2105
818,2110
819,2111
820,2116
821,2117
822,2122
823,2123
824,2128
825,2129
826,2134
827,2135
828,2140
829,2141
830,2146
831,2147
832,2152
833,2153
834,2158
835,2159
836,2164
837,2165
838,2170
839,2171
840,2176
841,2177
842,2178
843,2179
844,2184
845,2185
846,2190
847,2191
848,2196
849,2197
850,2202
851,2203
852,2208
853,2209
854,2214
855,2215
856,2220
857,2221
858,2226
859,2227
860,2232
861,2233
862,2238
863,2239
864,2244
865,2245
866,2250
867,2251
868,2256
869,2257
870,2262
871,2263
872,2268
873,2269
874,2274
875,2275
876,2280
877,2281
878,2286
879,2287
880,2292
881,2293
882,2298
883,2299
884,2304
885,2305
886,2310
887,2311
888,2316
889,2317
890,2322
891,2323
892,2328
893,2329
894,2334
895,2335
896,2340
897,2341
898,2346
899,2347
900,2352
901,2353
902,2358
903,2359
904,2364
905,2365
906,2370
907,2371
908,2376
909,2377
910,2382
911,2383
912,2388
913,2389
914,2394
915,2395
916,2400
917,2401
918,2406
919,2407
920,2412
921,2413
922,2418
923,2419
924,2424
925,2425
926,2430
927,2431
928,2436
929,2437
930,2442
931,2443
932,2448
933,2449
934,2454
935,2455
936,2460
937,2461
938,2466
939,2467
940,2472
941,2473
942,2478
943,2479
944,2484
945,2485
946,2490
947,2491
948,2496
949,2497
950,2502
951,2503
952,2508
953,2509
954,2514
955,2515
956,2520
957,2521
958,2526
959,2527
960,2532
961,2533
962,2538
963,2539
964,2544
965,2545
966,2550
967,2551
968,2556
969,2557
970,2562
971,2563
972,2568
973,2569
974,2574
975,2575
976,2580
977,2581
978,2586
979,2587
980,2592
981,2593
982,2598
983,2599
984,2604
985,2605
986,2610
987,2611
988,2616
989,2617
990,2622
991,2623
992,2628
993,2629
994,2634
995,2635
996,2640
997,2641
998,2646
999,2647
1000,2652
1001,2653
1002,2658
1003,2659
1004,2664
1005,2665
1006,2670
1007,2671
1008,2676
1009,2677
1010,2682
1011,2683
1012,2688
1013,2689
1014,2694
1015,2695
1016,2700
1017,2701
1018,2706
1019,2707
1020,2712
1021,2713
1022,2718
1023,2719
1024,2724
1025,2725
1026,2730
1027,2731
1028,2736
1029,2737
1030,2742
1031,2743
1032,2748
1033,2749
1034,2754
1035,2755
1036,2760
1037,2761
1038,2766
1039,2767
1040,2772
1041,2773
1042,2778
1043,2779
1044,2784
1045,2785
1046,2790
1047,2791
1048,2796
1049,2797
1050,2802
1051,2803
1052,2808
1053,2809
1054,2814
1055,2815
1056,2820
1057,2821
1058,2826
1059,2827
1060,2832
1061,2833
1062,2838
1063,2839
1064,2844
1065,2845
1066,2850
1067,2851
1068,2856
1069,2857
1070,2862
1071,2863
1072,2868
1073,2869
1074,2874
1075,2875
1076,2880
1077,2881
1078,2886
1079,2887
1080,2892
1081,2893
1082,2898
1083,2899
1084,2904
1085,2905
1086,2910
1087,2911
1088,2916
1089,2917
1090,2922
1091,2923
1092,2928
1093,2929
1094,2934
1095,2935
1096,2940
1097,2941
1098,2946
1099,2947
1100,2952
1101,2953
1102,2958
1103,2959
1104,2964
1105,2965
1106,2970
1107,2971
1108,2976
1109,2977
1110,2982
1111,2983
1112,2988
1113,2989
1114,2994
1115,2995
1116,3000
1117,3001
1118,3006
1119,3007
1120,3012
1121,3013
1122,3018
1123,3019
1124,3024
1125,3025
1126,3030
1127,3031
1128,3036
1129,3037
1130,3042
1131,3043
1132,3048
1133,3049
1134,3054
1135,3055
1136,3060
1137,3061
1138,3066
1139,3067
1140,3072
1141,3073
1142,3078
1143,3079
1144,3084
1145,3085
1146,3090
1147,3091
1148,3096
1149,3097
1150,3102
1151,3103
1152,3108
1153,3109
1154,3114
1155,3115
1156,3120
1157,3121
1158,3126
1159,3127
1160,3132
1161,3133
1162,3138
1163,3139
1164,3144
1165,3145
1166,3150
1167,3151
1168,3156
1169,3157
1170,3162
1171,3163
1172,3168
1173,3169
1174,3174
1175,3175
1176,3180
1177,3181
1178,3182
1179,3183
1180,3188
1181,3189
1182,3194
1183,3195
1184,3200
1185,3201
1186,3206
1187,3207
1188,3212
1189,3213
1190,3218
1191,3219
1192,3224
1193,3225
1194,3230
1195,3231
1196,3236
1197,3237
1198,3242
1199,3243
1200,3248
1201,3249
1202,3254
1203,3255
1204,3260
1205,3261
1206,3266
1207,3267
1208,3272
1209,3273
1210,3278
1211,3279
1212,3284
1213,3285
1214,3290
1215,3291
1216,3296
1217,3297
1218,3302
1219,3303
1220,3308
1221,3309
1222,3314
1223,3315
1224,3320
1225,3321
1226,3326
1227,3327
1228,3332
1229,3333
1230,3338
1231,3339
1232,3344
1233,3345
1234,3350
1235,3351
1236,3356
1237,3357
1238,3362
1239,3363
1240,3368
1241,3369
1242,3374
1243,3375
1244,3380
1245,3381
1246,3386
1247,3387
1248,3392
1249,3393
1250,3398
1251,3399
1252,3404
1253,3405
1254,3410
1255,3411
1256,3416
1257,3417
1258,3422
1259,3423
1260,3428
1261,3429
1262,3434
1263,3435
1264,3440
1265,3441
1266,3446
1267,3447
1268,3452
1269,3453
1270,3458
1271,3459
1272,3464
1273,3465
1274,3470
1275,3471
1276,3476
1277,3477
1278,3482
1279,3483
1280,3488
1281,3489
1282,3494
1283,3495
1284,3500
1285,3501
1286,3506
1287,3507
1288,3512
1289,3513
1290,3518
1291,3519
1292,3524
1293,3525
1294,3530
1295,3531
1296,3536
1297,3537
1298,3542
1299,3543
1300,3548
1301,3549
1302,3554
1303,3555
1304,3560
1305,3561
1306,3566
1307,3567
1308,3572
1309,3573
1310,3578
1311,3579
1312,3584
1313,3585
1314,3590
1315,3591
1316,3596
1317,3597
1318,3602
1319,3603
1320,3608
1321,3609
1322,3614
1323,3615
1324,3620
1325,3621
1326,3626
1327,3627
1328,3632
1329,3633
1330,3638
1331,3639
1332,3644
1333,3645
1334,3650
1335,3651
1336,3656
1337,3657
1338,3662
1339,3663
1340,3668
1341,3669
1342,3674
1343,3675
1344,3680
1345,3681
1346,3686
1347,3687
1348,3692
1349,3693
1350,3698
1351,3699
1352,3704
1353,3705
1354,3710
1355,3711
1356,3716
1357,3717
1358,3722
1359,3723
1360,3728
1361,3729
1362,3734
1363,3735
1364,3740
1365,3741
1366,3746
1367,3747
1368,3752
1369,3753
1370,3758
1371,3759
1372,3764
1373,3765
1374,3770
1375,3771
1376,3776
1377,3777
1378,3782
1379,3783
1380,3788
1381,3789
1382,3794
1383,3795
1384,3800
1385,3801
1386,3806
1387,3807
1388,3812
1389,3813
1390,3818
1391,3819
1392,3824
1393,3825
1394,3830
1395,3831
1396,3836
1397,3837
1398,3842
1399,3843
1400,3848
1401,3849
1402,3854
1403,3855
1404,3860
1405,3861
1406,3866
1407,3867
1408,3872
1409,3873
1410,3878
1411,3879
1412,3884
1413,3885
1414,3890
1415,3891
1416,3896
1417,3897
1418,3902
1419,3903
1420,3908
1421,3909
1422,3914
1423,3915
1424,3920
1425,3921
1426,3926
1427,3927
1428,3932
1429,3933
1430,3938
1431,3939
1432,3944
1433,3945
1434,3950
1435,3951
1436,3956
1437,3957
1438,3962
1439,3963
1440,3968
1441,3969
1442,3974
1443,3975
1444,3980
1445,3981
1446,3986
1447,3987
1448,3992
1449,3993
1450,3998
1451,3999
1452,4004
1453,4005
1454,4010
1455,4011
1456,4016
1457,4017
1458,4022
1459,4023
1460,4028
1461,4029
1462,4034
1463,4035
1464,4040
1465,4041
1466,4046
1467,4047
1468,4052
1469,4053
1470,4058
1471,4059
1472,4064
1473,4065
1474,4070
1475,4071
1476,4076
1477,4077
1478,4082
1479,4083
1480,4088
1481,4089
1482,4094
1483,4095
1484,4100
1485,4101
1486,4106
1487,4107
1488,4112
1489,4113
1490,4118
1491,4119
1492,4124
1493,4125
1494,4130
1495,4131
1496,4136
1497,4137
1498,4142
1499,4143
1500,4148
1501,4149
1502,4154
1503,4155
1504,4160
1505,4161
1506,4166
1507,4167
1508,4172
1509,4173
1510,4178
1511,4179
1512,4184
1513,4185
1514,4186
1515,4187
1516,4192
1517,4193
1518,4198
1519,4199
1520,4204
1521,4205
1522,4210
1523,4211
1524,4216
1525,4217
1526,4222
1527,4223
1528,4228
1529,4229
1530,4234
1531,4235
1532,4240
1533,4241
1534,4246
1535,4247
1536,4252
1537,4253
1538,4258
1539,4259
1540,4264
1541,4265
1542,4270
1543,4271
1544,4276
1545,4277
1546,4282
1547,4283
1548,4288
1549,4289
1550,4294
1551,4295
1552,4300
1553,4301
1554,4306
1555,4307
1556,4312
1557,4313
1558,4318
1559,4319
1560,4324
1561,4325
1562,4330
1563,4331
1564,4336
1565,4337
1566,4342
1567,4343
1568,4348
1569,4349
1570,4354
1571,4355
1572,4360
1573,4361
1574,4366
1575,4367
1576,4372
1577,4373
1578,4378
1579,4379
1580,4384
1581,4385
1582,4390
1583,4391
1584,4396
1585,4397
1586,4402
1587,4403
1588,4408
1589,4409
1590,4414
1591,4415
1592,4420
1593,4421
1594,4426
1595,4427
1596,4432
1597,4433
1598,4438
1599,4439
1600,4444
1601,4445
1602,4450
1603,4451
1604,4456
1605,4457
1606,4462
1607,4463
1608,4468
1609,4469
1610,4474
1611,4475
1612,4480
1613,4481
1614,4486
1615,4487
1616,4492
1617,4493
1618,4498
1619,4499
1620,4504
1621,4505
1622,4510
1623,4511
1624,4516
1625,4517
1626,4522
1627,4523
1628,4528
1629,4529
1630,4534
1631,4535
1632,4540
1633,4541
1634,4546
1635,4547
1636,4552
1637,4553
1638,4558
1639,4559
1640,4564
1641,4565
1642,4570
1643,4571
1644,4576
1645,4577
1646,4582
1647,4583
1648,4588
1649,4589
1650,4594
1651,4595
1652,4600
1653,4601
1654,4606
1655,4607
1656,4612
1657,4613
1658,4618
1659,4619
1660,4624
1661,4625
1662,4630
1663,4631
1664,4636
1665,4637
1666,4642
1667,4643
1668,4648
1669,4649
1670,4654
1671,4655
1672,4660
1673,4661
1674,4666
1675,4667
1676,4672
1677,4673
1678,4678
1679,4679
1680,4684
1681,4685
1682,4690
1683,4691
1684,4696
1685,4697
1686,4702
1687,4703
1688,4708
1689,4709
1690,4714
1691,4715
1692,4720
1693,4721
1694,4726
1695,4727
1696,4732
1697,4733
1698,4738
1699,4739
1700,4744
1701,4745
1702,4750
1703,4751
1704,4756
1705,4757
1706,4762
1707,4763
1708,4768
1709,4769
1710,4774
1711,4775
1712,4780
1713,4781
1714,4786
1715,4787
1716,4792
1717,4793
1718,4798
1719,4799
1720,4804
1721,4805
1722,4810
1723,4811
1724,4816
1725,4817
1726,4822
1727,4823
1728,4828
1729,4829
1730,4834
1731,4835
1732,4840
1733,4841
1734,4846
1735,4847
1736,4852
1737,4853
1738,4858
1739,4859
1740,4864
1741,4865
1742,4870
1743,4871
1744,4876
1745,4877
1746,4882
1747,4883
1748,4888
1749,4889
1750,4894
1751,4895
1752,4900
1753,4901
1754,4906
1755,4907
1756,4912
1757,4913
1758,4918
1759,4919
1760,4924
1761,4925
1762,4930
1763,4931
1764,4936
1765,4937
1766,4942
1767,4943
1768,4948
1769,4949
1770,4954
1771,4955
1772,4960
1773,4961
1774,4966
1775,4967
1776,4972
1777,4973
1778,4978
1779,4979
1780,4984
1781,4985
1782,4990
1783,4991
1784,4996
1785,4997
1786,5002
1787,5003
1788,5008
1789,5009
1790,5014
1791,5015
1792,5020
1793,5021
1794,5026
1795,5027
1796,5032
1797,5033
1798,5038
1799,5039
1800,5044
1801,5045
1802,5050
1803,5051
1804,5056
1805,5057
1806,5062
1807,5063
1808,5068
1809,5069
1810,5074
1811,5075
1812,5080
1813,5081
1814,5086
1815,5087
1816,5092
1817,5093
1818,5098
1819,5099
1820,5104
1821,5105
1822,5110
1823,5111
1824,5116
1825,5117
1826,5122
1827,5123
1828,5128
1829,5129
1830,5134
1831,5135
1832,5140
1833,5141
1834,5146
1835,5147
1836,5152
1837,5153
1838,5158
1839,5159
1840,5164
1841,5165
1842,5170
1843,5171
1844,5176
1845,5177
1846,5182
1847,5183
1848,5188
1849,5189
1850,5190
1851,5191
1852,5196
1853,5197
1854,5202
1855,5203
1856,5208
1857,5209
1858,5214
1859,5215
1860,5220
1861,5221
1862,5226
1863,5227
1864,5232
1865,5233
1866,5238
1867,5239
1868,5244
1869,5245
1870,5250
1871,5251
1872,5256
1873,5257
1874,5262
1875,5263
1876,5268
1877,5269
1878,5274
1879,5275
1880,5280
1881,5281
1882,5286
1883,5287
1884,5292
1885,5293
1886,5298
1887,5299
1888,5304
1889,5305
1890,5310
1891,5311
1892,5316
1893,5317
1894,5322
1895,5323
1896,5328
1897,5329
1898,5334
1899,5335
1900,5340
1901,5341
1902,5346
1903,5347
1904,5352
1905,5353
1906,5358
1907,5359
1908,5364
1909,5365
1910,5370
1911,5371
1912,5376
1913,5377
1914,5382
1915,5383
1916,5388
1917,5389
1918,5394
1919,5395
1920,5400
1921,5401
1922,5406
1923,5407
1924,5412
1925,5413
1926,5418
1927,5419
1928,5424
1929,5425
1930,5430
1931,5431
1932,5436
1933,5437
1934,5442
1935,5443
1936,5448
1937,5449
1938,5454
1939,5455
1940,5460
1941,5461
1942,5466
1943,5467
1944,5472
1945,5473
1946,5478
1947,5479
1948,5484
1949,5485
1950,5490
1951,5491
1952,5496
1953,5497
1954,5502
1955,5503
1956,5508
1957,5509
1958,5514
1959,5515
1960,5520
1961,5521
1962,5526
1963,5527
1964,5532
1965,5533
1966,5538
1967,5539
1968,5544
1969,5545
1970,5550
1971,5551
1972,5556
1973,5557
1974,5562
1975,5563
1976,5568
1977,5569
1978,5574
1979,5575
1980,5580
1981,5581
1982,5586
1983,5587
1984,5592
1985,5593
1986,5598
1987,5599
1988,5604
1989,5605
1990,5610
1991,5611
1992,5616
1993,5617
1994,5622
1995,5623
1996,5628
1997,5629
1998,5634
1999,5635
2000,5640
2001,5641
2002,5646
2003,5647
2004,5652
2005,5653
2006,5658
2007,5659
2008,5664
2009,5665
2010,5670
2011,5671
2012,5676
2013,5677
2014,5682
2015,5683
2016,5688
2017,5689
2018,5694
2019,5695
2020,5700
2021,5701
2022,5706
2023,5707
2024,5712
2025,5713
2026,5718
2027,5719
2028,5724
2029,5725
2030,5730
2031,5731
2032,5736
2033,5737
2034,5742
2035,5743
2036,5748
2037,5749
2038,5754
2039,5755
2040,5760
2041,5761
2042,5766
2043,5767
2044,5772
2045,5773
2046,5778
2047,5779
2048,5784
2049,5785
2050,5790
2051,5791
2052,5796
2053,5797
2054,5802
2055,5803
2056,5808
2057,5809
2058,5814
2059,5815
2060,5820
2061,5821
2062,5826
2063,5827
2064,5832
2065,5833
2066,5838
2067,5839
2068,5844
2069,5845
2070,5850
2071,5851
2072,5856
2073,5857
2074,5862
2075,5863
2076,5868
2077,5869
2078,5874
2079,5875
2080,5880
2081,5881
2082,5886
2083,5887
2084,5892
2085,5893
2086,5898
2087,5899
2088,5904
2089,5905
2090,5910
2091,5911
2092,5916
2093,5917
2094,5922
2095,5923
2096,5928
2097,5929
2098,5934
2099,5935
2100,5940
2101,5941
2102,5946
2103,5947
2104,5952
2105,5953
2106,5958
2107,5959
2108,5964
2109,5965
2110,5970
2111,5971
2112,5976
2113,5977
2114,5982
2115,5983
2116,5988
2117,5989
2118,5994
2119,5995
2120,6000
2121,6001
2122,6006
2123,6007
2124,6012
2125,6013
2126,6018
2127,6019
2128,6024
2129,6025
2130,6030
2131,6031
2132,6036
2133,6037
2134,6042
2135,6043
2136,6048
2137,6049
2138,6054
2139,6055
2140,6060
2141,6061
2142,6066
2143,6067
2144,6072
2145,6073
2146,6078
2147,6079
2148,6084
2149,6085
2150,6090
2151,6091
2152,6096
2153,6097
2154,6102
2155,6103
2156,6108
2157,6109
2158,6114
2159,6115
2160,6120
2161,6121
2162,6126
2163,6127
2164,6132
2165,6133
2166,6138
2167,6139
2168,6144
2169,6145
2170,6150
2171,6151
2172,6156
2173,6157
2174,6162
2175,6163
2176,6168
2177,6169
2178,6174
2179,6175
2180,6180
2181,6181
2182,6186
2183,6187
2184,6192
2185,6193
2186,6194
2187,6195
2188,6200
2189,6201
2190,6206
2191,6207
2192,6212
2193,6213
2194,6218
2195,6219
2196,6224
2197,6225
2198,6230
2199,6231
2200,6236
2201,6237
2202,6242
2203,6243
2204,6248
2205,6249
2206,6254
2207,6255
2208,6260
2209,6261
2210,6266
2211,6267
2212,6272
2213,6273
2214,6278
2215,6279
2216,6284
2217,6285
2218,6290
2219,6291
2220,6296
2221,6297
2222,6302
2223,6303
2224,6308
2225,6309
2226,6314
2227,6315
2228,6320
2229,6321
2230,6326
2231,6327
2232,6332
2233,6333
2234,6338
2235,6339
2236,6344
2237,6345
2238,6350
2239,6351
2240,6356
2241,6357
2242,6362
2243,6363
2244,6368
2245,6369
2246,6374
2247,6375
2248,6380
2249,6381
2250,6386
2251,6387
2252,6392
2253,6393
2254,6398
2255,6399
2256,6404
2257,6405
2258,6410
2259,6411
2260,6416
2261,6417
2262,6422
2263,6423
2264,6428
2265,6429
2266,6434
2267,6435
2268,6440
2269,6441
2270,6446
2271,6447
2272,6452
2273,6453
2274,6458
2275,6459
2276,6464
2277,6465
2278,6470
2279,6471
2280,6476
2281,6477
2282,6482
2283,6483
2284,6488
2285,6489
2286,6494
2287,6495
2288,6500
2289,6501
2290,6506
2291,6507
2292,6512
2293,6513
2294,6518
2295,6519
2296,6524
2297,6525
2298,6530
2299,6531
2300,6536
2301,6537
2302,6542
2303,6543
2304,6548
2305,6549
2306,6554
2307,6555
2308,6560
2309,6561
2310,6566
2311,6567
2312,6572
2313,6573
2314,6578
2315,6579
2316,6584
2317,6585
2318,6590
2319,6591
2320,6596
2321,6597
2322,6602
2323,6603
2324,6608
2325,6609
2326,6614
2327,6615
2328,6620
2329,6621
2330,6626
2331,6627
2332,6632
2333,6633
2334,6638
2335,6639
2336,6644
2337,6645
2338,6650
2339,6651
2340,6656
2341,6657
2342,6662
2343,6663
2344,6668
2345,6669
2346,6674
2347,6675
2348,6680
2349,6681
2350,6686
2351,6687
2352,6692
2353,6693
2354,6698
2355,6699
2356,6704
2357,6705
2358,6710
2359,6711
2360,6716
2361,6717
2362,6722
2363,6723
2364,6728
2365,6729
2366,6734
2367,6735
2368,6740
2369,6741
2370,6746
2371,6747
2372,6752
2373,6753
2374,6758
2375,6759
2376,6764
2377,6765
2378,6770
2379,6771
2380,6776
2381,6777
2382,6782
2383,6783
2384,6788
2385,6789
2386,6794
2387,6795
2388,6800
2389,6801
2390,6806
2391,6807
2392,6812
2393,6813
2394,6818
2395,6819
2396,6824
2397,6825
2398,6830
2399,6831
2400,6836
2401,6837
2402,6842
2403,6843
2404,6848
2405,6849
2406,6854
2407,6855
2408,6860
2409,6861
2410,6866
2411,6867
2412,6872
2413,6873
2414,6878
2415,6879
2416,6884
2417,6885
2418,6890
2419,6891
2420,6896
2421,6897
2422,6902
2423,6903
2424,6908
2425,6909
2426,6914
2427,6915
2428,6920
2429,6921
2430,6926
2431,6927
2432,6932
2433,6933
2434,6938
2435,6939
2436,6944
2437,6945
2438,6950
2439,6951
2440,6956
2441,6957
2442,6962
2443,6963
2444,6968
2445,6969
2446,6974
2447,6975
2448,6980
2449,6981
2450,6986
2451,6987
2452,6992
2453,6993
2454,6998
2455,6999
2456,7004
2457,7005
2458,7010
2459,7011
2460,7016
2461,7017
2462,7022
2463,7023
2464,7028
2465,7029
2466,7034
2467,7035
2468,7040
2469,7041
2470,7046
2471,7047
2472,7052
2473,7053
2474,7058
2475,7059
2476,7064
2477,7065
2478,7070
2479,7071
2480,7076
2481,7077
2482,7082
2483,7083
2484,7088
2485,7089
2486,7094
2487,7095
2488,7100
2489,7101
2490,7106
2491,7107
2492,7112
2493,7113
2494,7118
2495,7119
2496,7124
2497,7125
2498,7130
2499,7131
2500,7136
2501,7137
2502,7142
2503,7143
2504,7148
2505,7149
2506,7154
2507,7155
2508,7160
2509,7161
2510,7166
2511,7167
2512,7172
2513,7173
2514,7178
2515,7179
2516,7184
2517,7185
2518,7190
2519,7191
2520,7196
2521,7197
2522,7198
2523,7199
2524,7204
2525,7205
2526,7210
2527,7211
2528,7216
2529,7217
2530,7222
2531,7223
2532,7228
2533,7229
2534,7234
2535,7235
2536,7240
2537,7241
2538,7246
2539,7247
2540,7252
2541,7253
2542,7258
2543,7259
2544,7264
2545,7265
2546,7270
2547,7271
2548,7276
2549,7277
2550,7282
2551,7283
2552,7288
2553,7289
2554,7294
2555,7295
2556,7300
2557,7301
2558,7306
2559,7307
2560,7312
2561,7313
2562,7318
2563,7319
2564,7324
2565,7325
2566,7330
2567,7331
2568,7336
2569,7337
2570,7342
2571,7343
2572,7348
2573,7349
2574,7354
2575,7355
2576,7360
2577,7361
2578,7366
2579,7367
2580,7372
2581,7373
2582,7378
2583,7379
2584,7384
2585,7385
2586,7390
2587,7391
2588,7396
2589,7397
2590,7402
2591,7403
2592,7408
2593,7409
2594,7414
2595,7415
2596,7420
2597,7421
2598,7426
2599,7427
2600,7432
2601,7433
2602,7438
2603,7439
2604,7444
2605,7445
2606,7450
2607,7451
2608,7456
2609,7457
2610,7462
2611,7463
2612,7468
2613,7469
2614,7474
2615,7475
2616,7480
2617,7481
2618,7486
2619,7487
2620,7492
2621,7493
2622,7498
2623,7499
2624,7504
2625,7505
2626,7510
2627,7511
2628,7516
2629,7517
2630,7522
2631,7523
2632,7528
2633,7529
2634,7534
2635,7535
2636,7540
2637,7541
2638,7546
2639,7547
2640,7552
2641,7553
2642,7558
2643,7559
2644,7564
2645,7565
2646,7570
2647,7571
2648,7576
2649,7577
2650,7582
2651,7583
2652,7588
2653,7589
2654,7594
2655,7595
2656,7600
2657,7601
2658,7606
2659,7607
2660,7612
2661,7613
2662,7618
2663,7619
2664,7624
2665,7625
2666,7630
2667,7631
2668,7636
2669,7637
2670,7642
2671,7643
2672,7648
2673,7649
2674,7654
2675,7655
2676,7660
2677,7661
2678,7666
2679,7667
2680,7672
2681,7673
2682,7678
2683,7679
2684,7684
2685,7685
2686,7690
2687,7691
2688,7696
2689,7697
2690,7702
2691,7703
2692,7708
2693,7709
2694,7714
2695,7715
2696,7720
2697,7721
2698,7726
2699,7727
2700,7732
2701,7733
2702,7738
2703,7739
2704,7744
2705,7745
2706,7750
2707,7751
2708,7756
2709,7757
2710,7762
2711,7763
2712,7768
2713,7769
2714,7774
2715,7775
2716,7780
2717,7781
2718,7786
2719,7787
2720,7792
2721,7793
2722,7798
2723,7799
2724,7804
2725,7805
2726,7810
2727,7811
2728,7816
2729,7817
2730,7822
2731,7823
2732,7828
2733,7829
2734,7834
2735,7835
2736,7840
2737,7841
2738,7846
2739,7847
2740,7852
2741,7853
2742,7858
2743,7859
2744,7864
2745,7865
2746,7870
2747,7871
2748,7876
2749,7877
2750,7882
2751,7883
2752,7888
2753,7889
2754,7894
2755,7895
2756,7900
2757,7901
2758,7906
2759,7907
2760,7912
2761,7913
2762,7918
2763,7919
2764,7924
2765,7925
2766,7930
2767,7931
2768,7936
2769,7937
2770,7942
2771,7943
2772,7948
2773,7949
2774,7954
2775,7955
2776,7960
2777,7961
2778,7966
2779,7967
2780,7972
2781,7973
2782,7978
2783,7979
2784,7984
2785,7985
2786,7990
2787,7991
2788,7996
2789,7997
2790,8002
2791,8003
2792,8008
2793,8009
2794,8014
2795,8015
2796,8020
2797,8021
2798,8026
2799,8027
2800,8032
2801,8033
2802,8038
2803,8039
2804,8044
2805,8045
2806,8050
2807,8051
2808,8056
2809,8057
2810,8062
2811,8063
2812,8068
2813,8069
2814,8074
2815,8075
2816,8080
2817,8081
2818,8086
2819,8087
2820,8092
2821,8093
2822,8098
2823,8099
2824,8104
2825,8105
2826,8110
2827,8111
2828,8116
2829,8117
2830,8122
2831,8123
2832,8128
2833,8129
2834,8134
2835,8135
2836,8140
2837,8141
2838,8146
2839,8147
2840,8152
2841,8153
2842,8158
2843,8159
2844,8164
2845,8165
2846,8170
2847,8171
2848,8176
2849,8177
2850,8182
2851,8183
2852,8188
2853,8189
2854,8194
2855,8195
2856,8200
2857,8201
2858,8202
2859,8203
2860,8204
2861,8205
2862,8206
2863,8207
2864,8208
2865,8209
2866,8210
2867,8211
2868,8212
2869,8213
2870,8214
2871,8215
2872,8216
2873,8217
2874,8218
2875,8219
2876,8220
2877,8221
2878,8222
2879,8223
2880,8224
2881,8225
2882,8226
2883,8227
2884,8228
2885,8229
2886,8230
2887,8231
2888,8232
2889,8233
2890,8234
2891,8235
2892,8236
2893,8237
2894,8238
2895,8239
2896,8240
2897,8241
2898,8242
2899,8243
2900,8244
2901,8245
2902,8246
2903,8247
2904,8248
2905,8249
2906,8250
2907,8251
2908,8252
2909,8253
2910,8254
2911,8255
2912,8256
2913,8257
2914,8258
2915,8259
2916,8260
2917,8261
2918,8262
2919,8263
2920,8264
2921,8265
2922,8266
2923,8267
2924,8268
2925,8269
2926,8270
2927,8271
2928,8272
2929,8273
2930,8274
2931,8275
2932,8276
2933,8277
2934,8278
2935,8279
2936,8280
2937,8281
2938,8282
2939,8283
2940,8284
2941,8285
2942,8286
2943,8287
2944,8288
2945,8289
2946,8290
2947,8291
2948,8292
2949,8293
2950,8294
2951,8295
2952,8296
2953,8297
2954,8298
2955,8299
2956,8300
2957,8301
2958,8302
2959,8303
2960,8304
2961,8305
2962,8306
2963,8307
2964,8308
2965,8309
2966,8310
2967,8311
2968,8312
2969,8313
2970,8314
2971,8315
2972,8316
2973,8317
2974,8318
2975,8319
2976,8320
2977,8321
2978,8322
2979,8323
2980,8324
2981,8325
2982,8326
2983,8327
2984,8328
2985,8329
2986,8330
2987,8331
2988,8332
2989,8333
2990,8334
2991,8335
2992,8336
2993,8337
2994,8338
2995,8339
2996,8340
2997,8341
2998,8342
2999,8343
3000,8344
3001,8345
3002,8346
3003,8347
3004,8348
3005,8349
3006,8350
3007,8351
3008,8352
3009,8353
3010,8354
3011,8355
3012,8356
3013,8357
3014,8358
3015,8359
3016,8360
3017,8361
3018,8362
3019,8363
3020,8364
3021,8365
3022,8366
3023,8367
3024,8368
3025,8369
3026,8370
3027,8371
3028,8372
3029,8373
3030,8374
3031,8375
3032,8376
3033,8377
3034,8378
3035,8379
3036,8380
3037,8381
3038,8382
3039,8383
3040,8384
3041,8385
3042,8386
3043,8387
3044,8388
3045,8389
3046,8390
3047,8391
3048,8392
3049,8393
3050,8394
3051,8395
3052,8396
3053,8397
3054,8398
3055,8399
3056,8400
3057,8401
3058,8402
3059,8403
3060,8404
3061,8405
3062,8406
3063,8407
3064,8408
3065,8409
3066,8410
3067,8411
3068,8412
3069,8413
3070,8414
3071,8415
3072,8416
3073,8417
3074,8418
3075,8419
3076,8420
3077,8421
3078,8422
3079,8423
3080,8424
3081,8425
3082,8426
3083,8427
3084,8428
3085,8429
3086,8430
3087,8431
3088,8432
3089,8433
3090,8434
3091,8435
3092,8436
3093,8437
3094,8438
3095,8439
3096,8440
3097,8441
3098,8442
3099,8443
3100,8444
3101,8445
3102,8446
3103,8447
3104,8448
3105,8449
3106,8450
3107,8451
3108,8452
3109,8453
3110,8454
3111,8455
3112,8456
3113,8457
3114,8458
3115,8459
3116,8460
3117,8461
3118,8462
3119,8463
3120,8464
3121,8465
3122,8466
3123,8467
3124,8468
3125,8469
3126,8470
3127,8471
3128,8472
3129,8473
3130,8474
3131,8475
3132,8476
3133,8477
3134,8478
3135,8479
3136,8480
3137,8481
3138,8482
3139,8483
3140,8484
3141,8485
3142,8486
3143,8487
3144,8488
3145,8489
3146,8490
3147,8491
3148,8492
3149,8493
3150,8494
3151,8495
3152,8496
3153,8497
3154,8498
3155,8499
3156,8500
3157,8501
3158,8502
3159,8503
3160,8504
3161,8505
3162,8506
3163,8507
3164,8508
3165,8509
3166,8510
3167,8511
3168,8512
3169,8513
3170,8514
3171,8515
3172,8516
3173,8517
3174,8518
3175,8519
3176,8520
3177,8521
3178,8522
3179,8523
3180,8524
3181,8525
3182,8526
3183,8527
3184,8528
3185,8529
3186,8530
3187,8531
3188,8532
3189,8533
3190,8534
3191,8535
3192,8536
3193,8537
3194,8538
3195,8539
3196,8540
3197,8541
3198,8542
3199,8543
3200,8544
3201,8545
3202,8546
3203,8547
3204,8548
3205,8549
3206,8550
3207,8551
3208,8552
3209,8553
3210,8554
3211,8555
3212,8556
3213,8557
3214,8558
3215,8559
3216,8560
3217,8561
3218,8562
3219,8563
3220,8564
3221,8565
3222,8566
3223,8567
3224,8568
3225,8569
3226,8570
3227,8571
3228,8572
3229,8573
3230,8574
3231,8575
3232,8576
3233,8577
3234,8578
3235,8579
3236,8580
3237,8581
3238,8582
3239,8583
3240,8584
3241,8585
3242,8586
3243,8587
3244,8588
3245,8589
3246,8590
3247,8591
3248,8592
3249,8593
3250,8594
3251,8595
3252,8596
3253,8597
3254,8598
3255,8599
3256,8600
3257,8601
3258,8602
3259,8603
3260,8604
3261,8605
3262,8606
3263,8607
3264,8608
3265,8609
3266,8610
3267,8611
3268,8612
3269,8613
3270,8614
3271,8615
3272,8616
3273,8617
3274,8618
3275,8619
3276,8620
3277,8621
3278,8622
3279,8623
3280,8624
3281,8625
3282,8626
3283,8627
3284,8628
3285,8629
3286,8630
3287,8631
3288,8632
3289,8633
3290,8634
3291,8635
3292,8636
3293,8637
3294,8638
3295,8639
3296,8640
3297,8641
3298,8642
3299,8643
3300,8644
3301,8645
3302,8646
3303,8647
3304,8648
3305,8649
3306,8650
3307,8651
3308,8652
3309,8653
3310,8654
3311,8655
3312,8656
3313,8657
3314,8658
3315,8659
3316,8660
3317,8661
3318,8662
3319,8663
3320,8664
3321,8665
3322,8666
3323,8667
3324,8668
3325,8669
3326,8670
3327,8671
3328,8672
3329,8673
3330,8674
3331,8675
3332,8676
3333,8677
3334,8678
3335,8679
3336,8680
3337,8681
3338,8682
3339,8683
3340,8684
3341,8685
3342,8686
3343,8687
3344,8688
3345,8689
3346,8690
3347,8691
3348,8692
3349,8693
3350,8694
3351,8695
3352,8696
3353,8697
3354,8698
3355,8699
3356,8700
3357,8701
3358,8702
3359,8703
3360,8704
3361,8705
3362,8706
3363,8707
3364,8708
3365,8709
3366,8710
3367,8711
3368,8712
3369,8713
3370,8714
3371,8715
3372,8716
3373,8717
3374,8718
3375,8719
3376,8720
3377,8721
3378,8722
3379,8723
3380,8724
3381,8725
3382,8726
3383,8727
3384,8728
3385,8729
3386,8730
3387,8731
3388,8732
3389,8733
3390,8734
3391,8735
3392,8736
3393,8737
3394,8738
3395,8739
3396,8740
3397,8741
3398,8742
3399,8743
3400,8744
3401,8745
3402,8746
3403,8747
3404,8748
3405,8749
3406,8750
3407,8751
3408,8752
3409,8753
3410,8754
3411,8755
3412,8756
3413,8757
3414,8758
3415,8759
3416,8760
3417,8761
3418,8762
3419,8763
3420,8764
3421,8765
3422,8766
3423,8767
3424,8768
3425,8769
3426,8770
3427,8771
3428,8772
3429,8773
3430,8774
3431,8775
3432,8776
3433,8777
3434,8778
3435,8779
3436,8780
3437,8781
3438,8782
3439,8783
3440,8784
3441,8785
3442,8786
3443,8787
3444,8788
3445,8789
3446,8790
3447,8791
3448,8792
3449,8793
3450,8794
3451,8795
3452,8796
3453,8797
3454,8798
3455,8799
3456,8800
3457,8801
3458,8802
3459,8803
3460,8804
3461,8805
3462,8806
3463,8807
3464,8808
3465,8809
3466,8810
3467,8811
3468,8812
3469,8813
3470,8814
3471,8815
3472,8816
3473,8817
3474,8818
3475,8819
3476,8820
3477,8821
3478,8822
3479,8823
3480,8824
3481,8825
3482,8826
3483,8827
3484,8828
3485,8829
3486,8830
3487,8831
3488,8832
3489,8833
3490,8834
3491,8835
3492,8836
3493,8837
3494,8838
3495,8839
3496,8840
3497,8841
3498,8842
3499,8843
3500,8844
3501,8845
3502,8846
3503,8847
3504,8848
3505,8849
3506,8850
3507,8851
3508,8852
3509,8853
3510,8854
3511,8855
3512,8856
3513,8857
3514,8858
3515,8859
3516,8860
3517,8861
3518,8862
3519,8863
3520,8864
3521,8865
3522,8866
3523,8867
3524,8868
3525,8869
3526,8870
3527,8871
3528,8872
3529,8873
3530,8874
3531,8875
3532,8876
3533,8877
3534,8878
3535,8879
3536,8880
3537,8881
3538,8882
3539,8883
3540,8884
3541,8885
3542,8886
3543,8887
3544,8888
3545,8889
3546,8890
3547,8891
3548,8892
3549,8893
3550,8894
3551,8895
3552,8896
3553,8897
3554,8898
3555,8899
3556,8900
3557,8901
3558,8902
3559,8903
3560,8904
3561,8905
3562,8906
3563,8907
3564,8908
3565,8909
3566,8910
3567,8911
3568,8912
3569,8913
3570,8914
3571,8915
3572,8916
3573,8917
3574,8918
3575,8919
3576,8920
3577,8921
3578,8922
3579,8923
3580,8924
3581,8925
3582,8926
3583,8927
3584,8928
3585,8929
3586,8930
3587,8931
3588,8932
3589,8933
3590,8934
3591,8935
3592,8936
3593,8937
3594,8938
3595,8939
3596,8940
3597,8941
3598,8942
3599,8943
3600,8944
3601,8945
3602,8946
3603,8947
3604,8948
3605,8949
3606,8950
3607,8951
3608,8952
3609,8953
3610,8954
3611,8955
3612,8956
3613,8957
3614,8958
3615,8959
3616,8960
3617,8961
3618,8962
3619,8963
3620,8964
3621,8965
3622,8966
3623,8967
3624,8968
3625,8969
3626,8970
3627,8971
3628,8972
3629,8973
3630,8974
3631,8975
3632,8976
3633,8977
3634,8978
3635,8979
3636,8980
3637,8981
3638,8982
3639,8983
3640,8984
3641,8985
3642,8986
3643,8987
3644,8988
3645,8989
3646,8990
3647,8991
3648,8992
3649,8993
3650,8994
3651,8995
3652,8996
3653,8997
3654,8998
3655,8999
3656,9000
3657,9001
3658,9002
3659,9003
3660,9004
3661,9005
3662,9006
3663,9007
3664,9008
3665,9009
3666,9010
3667,9011
3668,9012
3669,9013
3670,9014
3671,9015
3672,9016
3673,9017
3674,9018
3675,9019
3676,9020
3677,9021
3678,9022
3679,9023
3680,9024
3681,9025
3682,9026
3683,9027
3684,9028
3685,9029
3686,9030
3687,9031
3688,9032
3689,9033
3690,9034
3691,9035
3692,9036
3693,9037
3694,9038
3695,9039
3696,9040
3697,9041
3698,9042
3699,9043
3700,9044
3701,9045
3702,9046
3703,9047
3704,9048
3705,9049
3706,9050
3707,9051
3708,9052
3709,9053
3710,9054
3711,9055
3712,9056
3713,9057
3714,9058
3715,9059
3716,9060
3717,9061
3718,9062
3719,9063
3720,9064
3721,9065
3722,9066
3723,9067
3724,9068
3725,9069
3726,9070
3727,9071
3728,9072
3729,9073
3730,9074
3731,9075
3732,9076
3733,9077
3734,9078
3735,9079
3736,9080
3737,9081
3738,9082
3739,9083
3740,9084
3741,9085
3742,9086
3743,9087
3744,9088
3745,9089
3746,9090
3747,9091
3748,9092
3749,9093
3750,9094
3751,9095
3752,9096
3753,9097
3754,9098
3755,9099
3756,9100
3757,9101
3758,9102
3759,9103
3760,9104
3761,9105
3762,9106
3763,9107
3764,9108
3765,9109
3766,9110
3767,9111
3768,9112
3769,9113
3770,9114
3771,9115
3772,9116
3773,9117
3774,9118
3775,9119
3776,9120
3777,9121
3778,9122
3779,9123
3780,9124
3781,9125
3782,9126
3783,9127
3784,9128
3785,9129
3786,9130
3787,9131
3788,9132
3789,9133
3790,9134
3791,9135
3792,9136
3793,9137
3794,9138
3795,9139
3796,9140
3797,9141
3798,9142
3799,9143
3800,9144
3801,9145
3802,9146
3803,9147
3804,9148
3805,9149
3806,9150
3807,9151
3808,9152
3809,9153
3810,9154
3811,9155
3812,9156
3813,9157
3814,9158
3815,9159
3816,9160
3817,9161
3818,9162
3819,9163
3820,9164
3821,9165
3822,9166
3823,9167
3824,9168
3825,9169
3826,9170
3827,9171
3828,9172
3829,9173
3830,9174
3831,9175
3832,9176
3833,9177
3834,9178
3835,9179
3836,9180
3837,9181
3838,9182
3839,9183
3840,9184
3841,9185
3842,9186
3843,9187
3844,9188
3845,9189
3846,9190
3847,9191
3848,9192
3849,9193
3850,9194
3851,9195
3852,9196
3853,9197
3854,9198
3855,9199
3856,9200
3857,9201
3858,9202
3859,9203
3860,9204
3861,9205
3862,9206
3863,9207
3864,9212
3865,9213
3866,9218
3867,9219
3868,9224
3869,9225
3870,9230
3871,9231
3872,9236
3873,9237
3874,9242
3875,9243
3876,9248
3877,9249
3878,9254
3879,9255
3880,9260
3881,9261
3882,9266
3883,9267
3884,9272
3885,9273
3886,9278
3887,9279
3888,9284
3889,9285
3890,9290
3891,9291
3892,9296
3893,9297
3894,9302
3895,9303
3896,9308
3897,9309
3898,9314
3899,9315
3900,9320
3901,9321
3902,9326
3903,9327
3904,9332
3905,9333
3906,9338
3907,9339
3908,9344
3909,9345
3910,9350
3911,9351
3912,9356
3913,9357
3914,9362
3915,9363
3916,9368
3917,9369
3918,9374
3919,9375
3920,9380
3921,9381
3922,9386
3923,9387
3924,9392
3925,9393
3926,9398
3927,9399
3928,9404
3929,9405
3930,9410
3931,9411
3932,9416
3933,9417
3934,9422
3935,9423
3936,9428
3937,9429
3938,9434
3939,9435
3940,9440
3941,9441
3942,9446
3943,9447
3944,9452
3945,9453
3946,9458
3947,9459
3948,9464
3949,9465
3950,9470
3951,9471
3952,9476
3953,9477
3954,9482
3955,9483
3956,9488
3957,9489
3958,9494
3959,9495
3960,9500
3961,9501
3962,9506
3963,9507
3964,9512
3965,9513
3966,9518
3967,9519
3968,9524
3969,9525
3970,9530
3971,9531
3972,9536
3973,9537
3974,9542
3975,9543
3976,9548
3977,9549
3978,9554
3979,9555
3980,9560
3981,9561
3982,9566
3983,9567
3984,9572
3985,9573
3986,9578
3987,9579
3988,9584
3989,9585
3990,9590
3991,9591
3992,9596
3993,9597
3994,9602
3995,9603
3996,9608
3997,9609
3998,9614
3999,9615
4000,9620
4001,9621
4002,9626
4003,9627
4004,9632
4005,9633
4006,9638
4007,9639
4008,9644
4009,9645
4010,9650
4011,9651
4012,9656
4013,9657
4014,9662
4015,9663
4016,9668
4017,9669
4018,9674
4019,9675
4020,9680
4021,9681
4022,9686
4023,9687
4024,9692
4025,9693
4026,9698
4027,9699
4028,9704
4029,9705
4030,9710
4031,9711
4032,9716
4033,9717
4034,9722
4035,9723
4036,9728
4037,9729
4038,9734
4039,9735
4040,9740
4041,9741
4042,9746
4043,9747
4044,9752
4045,9753
4046,9758
4047,9759
4048,9764
4049,9765
4050,9770
4051,9771
4052,9776
4053,9777
4054,9782
4055,9783
4056,9788
4057,9789
4058,9794
4059,9795
4060,9800
4061,9801
4062,9806
4063,9807
4064,9812
4065,9813
4066,9818
4067,9819
4068,9824
4069,9825
4070,9830
4071,9831
4072,9836
4073,9837
4074,9842
4075,9843
4076,9848
4077,9849
4078,9854
4079,9855
4080,9860
4081,9861
4082,9866
4083,9867
4084,9872
4085,9873
4086,9878
4087,9879
4088,9884
4089,9885
4090,9890
4091,9891
4092,9896
4093,9897
4094,9902
4095,9903
4096,9908
4097,9909
4098,9914
4099,9915
4100,9920
4101,9921
4102,9926
4103,9927
4104,9932
4105,9933
4106,9938
4107,9939
4108,9944
4109,9945
4110,9950
4111,9951
4112,9956
4113,9957
4114,9962
4115,9963
4116,9968
4117,9969
4118,9974
4119,9975
4120,9980
4121,9981
4122,9986
4123,9987
4124,9992
4125,9993
4126,9998
4127,9999
4128,10004
4129,10005
4130,10010
4131,10011
4132,10016
4133,10017
4134,10022
4135,10023
4136,10028
4137,10029
4138,10034
4139,10035
4140,10040
4141,10041
4142,10046
4143,10047
4144,10052
4145,10053
4146,10058
4147,10059
4148,10064
4149,10065
4150,10070
4151,10071
4152,10076
4153,10077
4154,10082
4155,10083
4156,10088
4157,10089
4158,10094
4159,10095
4160,10100
4161,10101
4162,10106
4163,10107
4164,10112
4165,10113
4166,10118
4167,10119
4168,10124
4169,10125
4170,10130
4171,10131
4172,10136
4173,10137
4174,10142
4175,10143
4176,10148
4177,10149
4178,10154
4179,10155
4180,10160
4181,10161
4182,10166
4183,10167
4184,10172
4185,10173
4186,10178
4187,10179
4188,10184
4189,10185
4190,10190
4191,10191
4192,10196
4193,10197
4194,10202
4195,10203
4196,10208
4197,10209
4198,10210
4199,10211
4200,10216
4201,10217
4202,10222
4203,10223
4204,10228
4205,10229
4206,10234
4207,10235
4208,10240
4209,10241
4210,10246
4211,10247
4212,10252
4213,10253
4214,10258
4215,10259
4216,10264
4217,10265
4218,10270
4219,10271
4220,10276
4221,10277
4222,10282
4223,10283
4224,10288
4225,10289
4226,10294
4227,10295
4228,10300
4229,10301
4230,10306
4231,10307
4232,10312
4233,10313
4234,10318
4235,10319
4236,10324
4237,10325
4238,10330
4239,10331
4240,10336
4241,10337
4242,10342
4243,10343
4244,10348
4245,10349
4246,10354
4247,10355
4248,10360
4249,10361
4250,10366
4251,10367
4252,10372
4253,10373
4254,10378
4255,10379
4256,10384
4257,10385
4258,10390
4259,10391
4260,10396
4261,10397
4262,10402
4263,10403
4264,10408
4265,10409
4266,10414
4267,10415
4268,10420
4269,10421
4270,10426
4271,10427
4272,10432
4273,10433
4274,10438
4275,10439
4276,10444
4277,10445
4278,10450
4279,10451
4280,10456
4281,10457
4282,10462
4283,10463
4284,10468
4285,10469
4286,10474
4287,10475
4288,10480
4289,10481
4290,10486
4291,10487
4292,10492
4293,10493
4294,10498
4295,10499
4296,10504
4297,10505
4298,10510
4299,10511
4300,10516
4301,10517
4302,10522
4303,10523
4304,10528
4305,10529
4306,10534
4307,10535
4308,10540
4309,10541
4310,10546
4311,10547
4312,10552
4313,10553
4314,10558
4315,10559
4316,10564
4317,10565
4318,10570
4319,10571
4320,10576
4321,10577
4322,10582
4323,10583
4324,10588
4325,10589
4326,10594
4327,10595
4328,10600
4329,10601
4330,10606
4331,10607
4332,10612
4333,10613
4334,10618
4335,10619
4336,10624
4337,10625
4338,10630
4339,10631
4340,10636
4341,10637
4342,10642
4343,10643
4344,10648
4345,10649
4346,10654
4347,10655
4348,10660
4349,10661
4350,10666
4351,10667
4352,10672
4353,10673
4354,10678
4355,10679
4356,10684
4357,10685
4358,10690
4359,10691
4360,10696
4361,10697
4362,10702
4363,10703
4364,10708
4365,10709
4366,10714
4367,10715
4368,10720
4369,10721
4370,10726
4371,10727
4372,10732
4373,10733
4374,10738
4375,10739
4376,10744
4377,10745
4378,10750
4379,10751
4380,10756
4381,10757
4382,10762
4383,10763
4384,10768
4385,10769
4386,10774
4387,10775
4388,10780
4389,10781
4390,10786
4391,10787
4392,10792
4393,10793
4394,10798
4395,10799
4396,10804
4397,10805
4398,10810
4399,10811
4400,10816
4401,10817
4402,10822
4403,10823
4404,10828
4405,10829
4406,10834
4407,10835
4408,10840
4409,10841
4410,10846
4411,10847
4412,10852
4413,10853
4414,10858
4415,10859
4416,10864
4417,10865
4418,10870
4419,10871
4420,10876
4421,10877
4422,10882
4423,10883
4424,10888
4425,10889
4426,10894
4427,10895
4428,10900
4429,10901
4430,10906
4431,10907
4432,10912
4433,10913
4434,10918
4435,10919
4436,10924
4437,10925
4438,10930
4439,10931
4440,10936
4441,10937
4442,10942
4443,10943
4444,10948
4445,10949
4446,10954
4447,10955
4448,10960
4449,10961
4450,10966
4451,10967
4452,10972
4453,10973
4454,10978
4455,10979
4456,10984
4457,10985
4458,10990
4459,10991
4460,10996
4461,10997
4462,11002
4463,11003
4464,11008
4465,11009
4466,11014
4467,11015
4468,11020
4469,11021
4470,11026
4471,11027
4472,11032
4473,11033
4474,11038
4475,11039
4476,11044
4477,11045
4478,11050
4479,11051
4480,11056
4481,11057
4482,11062
4483,11063
4484,11068
4485,11069
4486,11074
4487,11075
4488,11080
4489,11081
4490,11086
4491,11087
4492,11092
4493,11093
4494,11098
4495,11099
4496,11104
4497,11105
4498,11110
4499,11111
4500,11116
4501,11117
4502,11122
4503,11123
4504,11128
4505,11129
4506,11134
4507,11135
4508,11140
4509,11141
4510,11146
4511,11147
4512,11152
4513,11153
4514,11158
4515,11159
4516,11164
4517,11165
4518,11170
4519,11171
4520,11176
4521,11177
4522,11182
4523,11183
4524,11188
4525,11189
4526,11194
4527,11195
4528,11200
4529,11201
4530,11206
4531,11207
4532,11212
4533,11213
4534,11214
4535,11215
4536,11220
4537,11221
4538,11226
4539,11227
4540,11232
4541,11233
4542,11238
4543,11239
4544,11244
4545,11245
4546,11250
4547,11251
4548,11256
4549,11257
4550,11262
4551,11263
4552,11268
4553,11269
4554,11274
4555,11275
4556,11280
4557,11281
4558,11286
4559,11287
4560,11292
4561,11293
4562,11298
4563,11299
4564,11304
4565,11305
4566,11310
4567,11311
4568,11316
4569,11317
4570,11322
4571,11323
4572,11328
4573,11329
4574,11334
4575,11335
4576,11340
4577,11341
4578,11346
4579,11347
4580,11352
4581,11353
4582,11358
4583,11359
4584,11364
4585,11365
4586,11370
4587,11371
4588,11376
4589,11377
4590,11382
4591,11383
4592,11388
4593,11389
4594,11394
4595,11395
4596,11400
4597,11401
4598,11406
4599,11407
4600,11412
4601,11413
4602,11418
4603,11419
4604,11424
4605,11425
4606,11430
4607,11431
4608,11436
4609,11437
4610,11442
4611,11443
4612,11448
4613,11449
4614,11454
4615,11455
4616,11460
4617,11461
4618,11466
4619,11467
4620,11472
4621,11473
4622,11478
4623,11479
4624,11484
4625,11485
4626,11490
4627,11491
4628,11496
4629,11497
4630,11502
4631,11503
4632,11508
4633,11509
4634,11514
4635,11515
4636,11520
4637,11521
4638,11526
4639,11527
4640,11532
4641,11533
4642,11538
4643,11539
4644,11544
4645,11545
4646,11550
4647,11551
4648,11556
4649,11557
4650,11562
4651,11563
4652,11568
4653,11569
4654,11574
4655,11575
4656,11580
4657,11581
4658,11586
4659,11587
4660,11592
4661,11593
4662,11598
4663,11599
4664,11604
4665,11605
4666,11610
4667,11611
4668,11616
4669,11617
4670,11622
4671,11623
4672,11628
4673,11629
4674,11634
4675,11635
4676,11640
4677,11641
4678,11646
4679,11647
4680,11652
4681,11653
4682,11658
4683,11659
4684,11664
4685,11665
4686,11670
4687,11671
4688,11676
4689,11677
4690,11682
4691,11683
4692,11688
4693,11689
4694,11694
4695,11695
4696,11700
4697,11701
4698,11706
4699,11707
4700,11712
4701,11713
4702,11718
4703,11719
4704,11724
4705,11725
4706,11730
4707,11731
4708,11736
4709,11737
4710,11742
4711,11743
4712,11748
4713,11749
4714,11754
4715,11755
4716,11760
4717,11761
4718,11766
4719,11767
4720,11772
4721,11773
4722,11778
4723,11779
4724,11784
4725,11785
4726,11790
4727,11791
4728,11796
4729,11797
4730,11802
4731,11803
4732,11808
4733,11809
4734,11814
4735,11815
4736,11820
4737,11821
4738,11826
4739,11827
4740,11832
4741,11833
4742,11838
4743,11839
4744,11844
4745,11845
4746,11850
4747,11851
4748,11856
4749,11857
4750,11862
4751,11863
4752,11868
4753,11869
4754,11874
4755,11875
4756,11880
4757,11881
4758,11886
4759,11887
4760,11892
4761,11893
4762,11898
4763,11899
4764,11904
4765,11905
4766,11910
4767,11911
4768,11916
4769,11917
4770,11922
4771,11923
4772,11928
4773,11929
4774,11934
4775,11935
4776,11940
4777,11941
4778,11946
4779,11947
4780,11952
4781,11953
4782,11958
4783,11959
4784,11964
4785,11965
4786,11970
4787,11971
4788,11976
4789,11977
4790,11982
4791,11983
4792,11988
4793,11989
4794,11994
4795,11995
4796,12000
4797,12001
4798,12006
4799,12007
4800,12012
4801,12013
4802,12018
4803,12019
4804,12024
4805,12025
4806,12030
4807,12031
4808,12036
4809,12037
4810,12042
4811,12043
4812,12048
4813,12049
4814,12054
4815,12055
4816,12060
4817,12061
4818,12066
4819,12067
4820,12072
4821,12073
4822,12078
4823,12079
4824,12084
4825,12085
4826,12090
4827,12091
4828,12096
4829,12097
4830,12102
4831,12103
4832,12108
4833,12109
4834,12114
4835,12115
4836,12120
4837,12121
4838,12126
4839,12127
4840,12132
4841,12133
4842,12138
4843,12139
4844,12144
4845,12145
4846,12150
4847,12151
4848,12156
4849,12157
4850,12162
4851,12163
4852,12168
4853,12169
4854,12174
4855,12175
4856,12180
4857,12181
4858,12186
4859,12187
4860,12192
4861,12193
4862,12198
4863,12199
4864,12204
4865,12205
4866,12210
4867,12211
4868,12216
4869,12217
4870,12218
4871,12219
4872,12224
4873,12225
4874,12230
4875,12231
4876,12236
4877,12237
4878,12242
4879,12243
4880,12248
4881,12249
4882,12254
4883,12255
4884,12260
4885,12261
4886,12266
4887,12267
4888,12272
4889,12273
4890,12278
4891,12279
4892,12284
4893,12285
4894,12290
4895,12291
4896,12296
4897,12297
4898,12302
4899,12303
4900,12308
4901,12309
4902,12314
4903,12315
4904,12320
4905,12321
4906,12326
4907,12327
4908,12332
4909,12333
4910,12338
4911,12339
4912,12344
4913,12345
4914,12350
4915,12351
4916,12356
4917,12357
4918,12362
4919,12363
4920,12368
4921,12369
4922,12374
4923,12375
4924,12380
4925,12381
4926,12386
4927,12387
4928,12392
4929,12393
4930,12398
4931,12399
4932,12404
4933,12405
4934,12410
4935,12411
4936,12416
4937,12417
4938,12422
4939,12423
4940,12428
4941,12429
4942,12434
4943,12435
4944,12440
4945,12441
4946,12446
4947,12447
4948,12452
4949,12453
4950,12458
4951,12459
4952,12464
4953,12465
4954,12470
4955,12471
4956,12476
4957,12477
4958,12482
4959,12483
4960,12488
4961,12489
4962,12494
4963,12495
4964,12500
4965,12501
4966,12506
4967,12507
4968,12512
4969,12513
4970,12518
4971,12519
4972,12524
4973,12525
4974,12530
4975,12531
4976,12536
4977,12537
4978,12542
4979,12543
4980,12548
4981,12549
4982,12554
4983,12555
4984,12560
4985,12561
4986,12566
4987,12567
4988,12572
4989,12573
4990,12578
4991,12579
4992,12584
4993,12585
4994,12590
4995,12591
4996,12596
4997,12597
4998,12602
4999,12603
5000,12608
5001,12609
5002,12614
5003,12615
5004,12620
5005,12621
5006,12626
5007,12627
5008,12632
5009,12633
5010,12638
5011,12639
5012,12644
5013,12645
5014,12650
5015,12651
5016,12656
5017,12657
5018,12662
5019,12663
5020,12668
5021,12669
5022,12674
5023,12675
5024,12680
5025,12681
5026,12686
5027,12687
5028,12692
5029,12693
5030,12698
5031,12699
5032,12704
5033,12705
5034,12710
5035,12711
5036,12716
5037,12717
5038,12722
5039,12723
5040,12728
5041,12729
5042,12734
5043,12735
5044,12740
5045,12741
5046,12746
5047,12747
5048,12752
5049,12753
5050,12758
5051,12759
5052,12764
5053,12765
5054,12770
5055,12771
5056,12776
5057,12777
5058,12782
5059,12783
5060,12788
5061,12789
5062,12794
5063,12795
5064,12800
5065,12801
5066,12806
5067,12807
5068,12812
5069,12813
5070,12818
5071,12819
5072,12824
5073,12825
5074,12830
5075,12831
5076,12836
5077,12837
5078,12842
5079,12843
5080,12848
5081,12849
5082,12854
5083,12855
5084,12860
5085,12861
5086,12866
5087,12867
5088,12872
5089,12873
5090,12878
5091,12879
5092,12884
5093,12885
5094,12890
5095,12891
5096,12896
5097,12897
5098,12902
5099,12903
5100,12908
5101,12909
5102,12914
5103,12915
5104,12920
5105,12921
5106,12926
5107,12927
5108,12932
5109,12933
5110,12938
5111,12939
5112,12944
5113,12945
5114,12950
5115,12951
5116,12956
5117,12957
5118,12962
5119,12963
5120,12968
5121,12969
5122,12974
5123,12975
5124,12980
5125,12981
5126,12986
5127,12987
5128,12992
5129,12993
5130,12998
5131,12999
5132,13004
5133,13005
5134,13010
5135,13011
5136,13016
5137,13017
5138,13022
5139,13023
5140,13028
5141,13029
5142,13034
5143,13035
5144,13040
5145,13041
5146,13046
5147,13047
5148,13052
5149,13053
5150,13058
5151,13059
5152,13064
5153,13065
5154,13070
5155,13071
5156,13076
5157,13077
5158,13082
5159,13083
5160,13088
5161,13089
5162,13094
5163,13095
5164,13100
5165,13101
5166,13106
5167,13107
5168,13112
5169,13113
5170,13118
5171,13119
5172,13124
5173,13125
5174,13130
5175,13131
5176,13136
5177,13137
5178,13142
5179,13143
5180,13148
5181,13149
5182,13154
5183,13155
5184,13160
5185,13161
5186,13166
5187,13167
5188,13172
5189,13173
5190,13178
5191,13179
5192,13184
5193,13185
5194,13190
5195,13191
5196,13196
5197,13197
5198,13202
5199,13203
5200,13208
5201,13209
5202,13214
5203,13215
5204,13220
5205,13221
5206,13222
5207,13223
5208,13228
5209,13229
5210,13234
5211,13235
5212,13240
5213,13241
5214,13246
5215,13247
5216,13252
5217,13253
5218,13258
5219,13259
5220,13264
5221,13265
5222,13270
5223,13271
5224,13276
5225,13277
5226,13282
5227,13283
5228,13288
5229,13289
5230,13294
5231,13295
5232,13300
5233,13301
5234,13306
5235,13307
5236,13312
5237,13313
5238,13318
5239,13319
5240,13324
5241,13325
5242,13330
5243,13331
5244,13336
5245,13337
5246,13342
5247,13343
5248,13348
5249,13349
5250,13354
5251,13355
5252,13360
5253,13361
5254,13366
5255,13367
5256,13372
5257,13373
5258,13378
5259,13379
5260,13384
5261,13385
5262,13390
5263,13391
5264,13396
5265,13397
5266,13402
5267,13403
5268,13408
5269,13409
5270,13414
5271,13415
5272,13420
5273,13421
5274,13426
5275,13427
5276,13432
5277,13433
5278,13438
5279,13439
5280,13444
5281,13445
5282,13450
5283,13451
5284,13456
5285,13457
5286,13462
5287,13463
5288,13468
5289,13469
5290,13474
5291,13475
5292,13480
5293,13481
5294,13486
5295,13487
5296,13492
5297,13493
5298,13498
5299,13499
5300,13504
5301,13505
5302,13510
5303,13511
5304,13516
5305,13517
5306,13522
5307,13523
5308,13528
5309,13529
5310,13534
5311,13535
5312,13540
5313,13541
5314,13546
5315,13547
5316,13552
5317,13553
5318,13558
5319,13559
5320,13564
5321,13565
5322,13570
5323,13571
5324,13576
5325,13577
5326,13582
5327,13583
5328,13588
5329,13589
5330,13594
5331,13595
5332,13600
5333,13601
5334,13606
5335,13607
5336,13612
5337,13613
5338,13618
5339,13619
5340,13624
5341,13625
5342,13630
5343,13631
5344,13636
5345,13637
5346,13642
5347,13643
5348,13648
5349,13649
5350,13654
5351,13655
5352,13660
5353,13661
5354,13666
5355,13667
5356,13672
5357,13673
5358,13678
5359,13679
5360,13684
5361,13685
5362,13690
5363,13691
5364,13696
5365,13697
5366,13702
5367,13703
5368,13708
5369,13709
5370,13714
5371,13715
5372,13720
5373,13721
5374,13726
5375,13727
5376,13732
5377,13733
5378,13738
5379,13739
5380,13744
5381,13745
5382,13750
5383,13751
5384,13756
5385,13757
5386,13762
5387,13763
5388,13768
5389,13769
5390,13774
5391,13775
5392,13780
5393,13781
5394,13786
5395,13787
5396,13792
5397,13793
5398,13798
5399,13799
5400,13804
5401,13805
5402,13810
5403,13811
5404,13816
5405,13817
5406,13822
5407,13823
5408,13828
5409,13829
5410,13834
5411,13835
5412,13840
5413,13841
5414,13846
5415,13847
5416,13852
5417,13853
5418,13858
5419,13859
5420,13864
5421,13865
5422,13870
5423,13871
5424,13876
5425,13877
5426,13882
5427,13883
5428,13888
5429,13889
5430,13894
5431,13895
5432,13900
5433,13901
5434,13906
5435,13907
5436,13912
5437,13913
5438,13918
5439,13919
5440,13924
5441,13925
5442,13930
5443,13931
5444,13936
5445,13937
5446,13942
5447,13943
5448,13948
5449,13949
5450,13954
5451,13955
5452,13960
5453,13961
5454,13966
5455,13967
5456,13972
5457,13973
5458,13978
5459,13979
5460,13984
5461,13985
5462,13990
5463,13991
5464,13996
5465,13997
5466,14002
5467,14003
5468,14008
5469,14009
5470,14014
5471,14015
5472,14020
5473,14021
5474,14026
5475,14027
5476,14032
5477,14033
5478,14038
5479,14039
5480,14044
5481,14045
5482,14050
5483,14051
5484,14056
5485,14057
5486,14062
5487,14063
5488,14068
5489,14069
5490,14074
5491,14075
5492,14080
5493,14081
5494,14086
5495,14087
5496,14092
5497,14093
5498,14098
5499,14099
5500,14104
5501,14105
5502,14110
5503,14111
5504,14116
5505,14117
5506,14122
5507,14123
5508,14128
5509,14129
5510,14134
5511,14135
5512,14140
5513,14141
5514,14146
5515,14147
5516,14152
5517,14153
5518,14158
5519,14159
5520,14164
5521,14165
5522,14170
5523,14171
5524,14176
5525,14177
5526,14182
5527,14183
5528,14188
5529,14189
5530,14194
5531,14195
5532,14200
5533,14201
5534,14206
5535,14207
5536,14212
5537,14213
5538,14218
5539,14219
5540,14224
5541,14225
5542,14226
5543,14227
5544,14232
5545,14233
5546,14238
5547,14239
5548,14244
5549,14245
5550,14250
5551,14251
5552,14256
5553,14257
5554,14262
5555,14263
5556,14268
5557,14269
5558,14274
5559,14275
5560,14280
5561,14281
5562,14286
5563,14287
5564,14292
5565,14293
5566,14298
5567,14299
5568,14304
5569,14305
5570,14310
5571,14311
5572,14316
5573,14317
5574,14322
5575,14323
5576,14328
5577,14329
5578,14334
5579,14335
5580,14340
5581,14341
5582,14346
5583,14347
5584,14352
5585,14353
5586,14358
5587,14359
5588,14364
5589,14365
5590,14370
5591,14371
5592,14376
5593,14377
5594,14382
5595,14383
5596,14388
5597,14389
5598,14394
5599,14395
5600,14400
5601,14401
5602,14406
5603,14407
5604,14412
5605,14413
5606,14418
5607,14419
5608,14424
5609,14425
5610,14430
5611,14431
5612,14436
5613,14437
5614,14442
5615,14443
5616,14448
5617,14449
5618,14454
5619,14455
5620,14460
5621,14461
5622,14466
5623,14467
5624,14472
5625,14473
5626,14478
5627,14479
5628,14484
5629,14485
5630,14490
5631,14491
5632,14496
5633,14497
5634,14502
5635,14503
5636,14508
5637,14509
5638,14514
5639,14515
5640,14520
5641,14521
5642,14526
5643,14527
5644,14532
5645,14533
5646,14538
5647,14539
5648,14544
5649,14545
5650,14550
5651,14551
5652,14556
5653,14557
5654,14562
5655,14563
5656,14568
5657,14569
5658,14574
5659,14575
5660,14580
5661,14581
5662,14586
5663,14587
5664,14592
5665,14593
5666,14598
5667,14599
5668,14604
5669,14605
5670,14610
5671,14611
5672,14616
5673,14617
5674,14622
5675,14623
5676,14628
5677,14629
5678,14634
5679,14635
5680,14640
5681,14641
5682,14646
5683,14647
5684,14652
5685,14653
5686,14658
5687,14659
5688,14664
5689,14665
5690,14670
5691,14671
5692,14676
5693,14677
5694,14682
5695,14683
5696,14688
5697,14689
5698,14694
5699,14695
5700,14700
5701,14701
5702,14706
5703,14707
5704,14712
5705,14713
5706,14718
5707,14719
5708,14724
5709,14725
5710,14730
5711,14731
5712,14736
5713,14737
5714,14742
5715,14743
5716,14748
5717,14749
5718,14754
5719,14755
5720,14760
5721,14761
5722,14766
5723,14767
5724,14772
5725,14773
5726,14778
5727,14779
5728,14784
5729,14785
5730,14790
5731,14791
5732,14796
5733,14797
5734,14802
5735,14803
5736,14808
5737,14809
5738,14814
5739,14815
5740,14820
5741,14821
5742,14826
5743,14827
5744,14832
5745,14833
5746,14838
5747,14839
5748,14844
5749,14845
5750,14850
5751,14851
5752,14856
5753,14857
5754,14862
5755,14863
5756,14868
5757,14869
5758,14874
5759,14875
5760,14880
5761,14881
5762,14886
5763,14887
5764,14892
5765,14893
5766,14898
5767,14899
5768,14904
5769,14905
5770,14910
5771,14911
5772,14916
5773,14917
5774,14922
5775,14923
5776,14928
5777,14929
5778,14934
5779,14935
5780,14940
5781,14941
5782,14946
5783,14947
5784,14952
5785,14953
5786,14958
5787,14959
5788,14964
5789,14965
5790,14970
5791,14971
5792,14976
5793,14977
5794,14982
5795,14983
5796,14988
5797,14989
5798,14994
5799,14995
5800,15000
5801,15001
5802,15006
5803,15007
5804,15012
5805,15013
5806,15018
5807,15019
5808,15024
5809,15025
5810,15030
5811,15031
5812,15036
5813,15037
5814,15042
5815,15043
5816,15048
5817,15049
5818,15054
5819,15055
5820,15060
5821,15061
5822,15066
5823,15067
5824,15072
5825,15073
5826,15078
5827,15079
5828,15084
5829,15085
5830,15090
5831,15091
5832,15096
5833,15097
5834,15102
5835,15103
5836,15108
5837,15109
5838,15114
5839,15115
5840,15120
5841,15121
5842,15126
5843,15127
5844,15132
5845,15133
5846,15138
5847,15139
5848,15144
5849,15145
5850,15150
5851,15151
5852,15156
5853,15157
5854,15162
5855,15163
5856,15168
5857,15169
5858,15174
5859,15175
5860,15180
5861,15181
5862,15186
5863,15187
5864,15192
5865,15193
5866,15198
5867,15199
5868,15204
5869,15205
5870,15210
5871,15211
5872,15216
5873,15217
5874,15222
5875,15223
5876,15228
5877,15229
5878,15230
5879,15231
5880,15236
5881,15237
5882,15242
5883,15243
5884,15248
5885,15249
5886,15254
5887,15255
5888,15260
5889,15261
5890,15266
5891,15267
5892,15272
5893,15273
5894,15278
5895,15279
5896,15284
5897,15285
5898,15290
5899,15291
5900,15296
5901,15297
5902,15302
5903,15303
5904,15308
5905,15309
5906,15314
5907,15315
5908,15320
5909,15321
5910,15326
5911,15327
5912,15332
5913,15333
5914,15338
5915,15339
5916,15344
5917,15345
5918,15350
5919,15351
5920,15356
5921,15357
5922,15362
5923,15363
5924,15368
5925,15369
5926,15374
5927,15375
5928,15380
5929,15381
5930,15386
5931,15387
5932,15392
5933,15393
5934,15398
5935,15399
5936,15404
5937,15405
5938,15410
5939,15411
5940,15416
5941,15417
5942,15422
5943,15423
5944,15428
5945,15429
5946,15434
5947,15435
5948,15440
5949,15441
5950,15446
5951,15447
5952,15452
5953,15453
5954,15458
5955,15459
5956,15464
5957,15465
5958,15470
5959,15471
5960,15476
5961,15477
5962,15482
5963,15483
5964,15488
5965,15489
5966,15494
5967,15495
5968,15500
5969,15501
5970,15506
5971,15507
5972,15512
5973,15513
5974,15518
5975,15519
5976,15524
5977,15525
5978,15530
5979,15531
5980,15536
5981,15537
5982,15542
5983,15543
5984,15548
5985,15549
5986,15554
5987,15555
5988,15560
5989,15561
5990,15566
5991,15567
5992,15572
5993,15573
5994,15578
5995,15579
5996,15584
5997,15585
5998,15590
5999,15591
6000,15596
6001,15597
6002,15602
6003,15603
6004,15608
6005,15609
6006,15614
6007,15615
6008,15620
6009,15621
6010,15626
6011,15627
6012,15632
6013,15633
6014,15638
6015,15639
6016,15644
6017,15645
6018,15650
6019,15651
6020,15656
6021,15657
6022,15662
6023,15663
6024,15668
6025,15669
6026,15674
6027,15675
6028,15680
6029,15681
6030,15686
6031,15687
6032,15692
6033,15693
6034,15698
6035,15699
6036,15704
6037,15705
6038,15710
6039,15711
6040,15716
6041,15717
6042,15722
6043,15723
6044,15728
6045,15729
6046,15734
6047,15735
6048,15740
6049,15741
6050,15746
6051,15747
6052,15752
6053,15753
6054,15758
6055,15759
6056,15764
6057,15765
6058,15770
6059,15771
6060,15776
6061,15777
6062,15782
6063,15783
6064,15788
6065,15789
6066,15794
6067,15795
6068,15800
6069,15801
6070,15806
6071,15807
6072,15812
6073,15813
6074,15818
6075,15819
6076,15824
6077,15825
6078,15830
6079,15831
6080,15836
6081,15837
6082,15842
6083,15843
6084,15848
6085,15849
6086,15854
6087,15855
6088,15860
6089,15861
6090,15866
6091,15867
6092,15872
6093,15873
6094,15878
6095,15879
6096,15884
6097,15885
6098,15890
6099,15891
6100,15896
6101,15897
6102,15902
6103,15903
6104,15908
6105,15909
6106,15914
6107,15915
6108,15920
6109,15921
6110,15926
6111,15927
6112,15932
6113,15933
6114,15938
6115,15939
6116,15944
6117,15945
6118,15950
6119,15951
6120,15956
6121,15957
6122,15962
6123,15963
6124,15968
6125,15969
6126,15974
6127,15975
6128,15980
6129,15981
6130,15986
6131,15987
6132,15992
6133,15993
6134,15998
6135,15999
6136,16004
6137,16005
6138,16010
6139,16011
6140,16016
6141,16017
6142,16022
6143,16023
6144,16028
6145,16029
6146,16034
6147,16035
6148,16040
6149,16041
6150,16046
6151,16047
6152,16052
6153,16053
6154,16058
6155,16059
6156,16064
6157,16065
6158,16070
6159,16071
6160,16076
6161,16077
6162,16082
6163,16083
6164,16088
6165,16089
6166,16094
6167,16095
6168,16100
6169,16101
6170,16106
6171,16107
6172,16112
6173,16113
6174,16118
6175,16119
6176,16124
6177,16125
6178,16130
6179,16131
6180,16136
6181,16137
6182,16142
6183,16143
6184,16148
6185,16149
6186,16154
6187,16155
6188,16160
6189,16161
6190,16166
6191,16167
6192,16172
6193,16173
6194,16178
6195,16179
6196,16184
6197,16185
6198,16190
6199,16191
6200,16196
6201,16197
6202,16202
6203,16203
6204,16208
6205,16209
6206,16214
6207,16215
6208,16220
6209,16221
6210,16226
6211,16227
6212,16232
6213,16233
6214,16234
6215,16235
6216,16240
6217,16241
6218,16246
6219,16247
6220,16252
6221,16253
6222,16258
6223,16259
6224,16264
6225,16265
6226,16270
6227,16271
6228,16276
6229,16277
6230,16282
6231,16283
6232,16288
6233,16289
6234,16294
6235,16295
6236,16300
6237,16301
6238,16306
6239,16307
6240,16312
6241,16313
6242,16318
6243,16319
6244,16324
6245,16325
6246,16330
6247,16331
6248,16336
6249,16337
6250,16342
6251,16343
6252,16348
6253,16349
6254,16354
6255,16355
6256,16360
6257,16361
6258,16366
6259,16367
6260,16372
6261,16373
6262,16378
6263,16379
6264,16384
6265,16385
6266,16390
6267,16391
6268,16396
6269,16397
6270,16402
6271,16403
6272,16408
6273,16409
6274,16414
6275,16415
6276,16420
6277,16421
6278,16426
6279,16427
6280,16432
6281,16433
6282,16438
6283,16439
6284,16444
6285,16445
6286,16450
6287,16451
6288,16456
6289,16457
6290,16462
6291,16463
6292,16468
6293,16469
6294,16474
6295,16475
6296,16480
6297,16481
6298,16486
6299,16487
6300,16492
6301,16493
6302,16498
6303,16499
6304,16504
6305,16505
6306,16510
6307,16511
6308,16516
6309,16517
6310,16522
6311,16523
6312,16528
6313,16529
6314,16534
6315,16535
6316,16540
6317,16541
6318,16546
6319,16547
6320,16552
6321,16553
6322,16558
6323,16559
6324,16564
6325,16565
6326,16570
6327,16571
6328,16576
6329,16577
6330,16582
6331,16583
6332,16588
6333,16589
6334,16594
6335,16595
6336,16600
6337,16601
6338,16606
6339,16607
6340,16612
6341,16613
6342,16618
6343,16619
6344,16624
6345,16625
6346,16630
6347,16631
6348,16636
6349,16637
6350,16642
6351,16643
6352,16648
6353,16649
6354,16654
6355,16655
6356,16660
6357,16661
6358,16666
6359,16667
6360,16672
6361,16673
6362,16678
6363,16679
6364,16684
6365,16685
6366,16690
6367,16691
6368,16696
6369,16697
6370,16702
6371,16703
6372,16708
6373,16709
6374,16714
6375,16715
6376,16720
6377,16721
6378,16726
6379,16727
6380,16732
6381,16733
6382,16738
6383,16739
6384,16744
6385,16745
6386,16750
6387,16751
6388,16756
6389,16757
6390,16762
6391,16763
6392,16768
6393,16769
6394,16774
6395,16775
6396,16780
6397,16781
6398,16786
6399,16787
6400,16792
6401,16793
6402,16798
6403,16799
6404,16804
6405,16805
6406,16810
6407,16811
6408,16816
6409,16817
6410,16822
6411,16823
6412,16828
6413,16829
6414,16834
6415,16835
6416,16840
6417,16841
6418,16846
6419,16847
6420,16852
6421,16853
6422,16858
6423,16859
6424,16864
6425,16865
6426,16870
6427,16871
6428,16876
6429,16877
6430,16882
6431,16883
6432,16888
6433,16889
6434,16894
6435,16895
6436,16900
6437,16901
6438,16906
6439,16907
6440,16912
6441,16913
6442,16918
6443,16919
6444,16924
6445,16925
6446,16930
6447,16931
6448,16936
6449,16937
6450,16942
6451,16943
6452,16948
6453,16949
6454,16954
6455,16955
6456,16960
6457,16961
6458,16966
6459,16967
6460,16972
6461,16973
6462,16978
6463,16979
6464,16984
6465,16985
6466,16990
6467,16991
6468,16996
6469,16997
6470,17002
6471,17003
6472,17008
6473,17009
6474,17014
6475,17015
6476,17020
6477,17021
6478,17026
6479,17027
6480,17032
6481,17033
6482,17038
6483,17039
6484,17044
6485,17045
6486,17050
6487,17051
6488,17056
6489,17057
6490,17062
6491,17063
6492,17068
6493,17069
6494,17074
6495,17075
6496,17080
6497,17081
6498,17086
6499,17087
6500,17092
6501,17093
6502,17098
6503,17099
6504,17104
6505,17105
6506,17110
6507,17111
6508,17116
6509,17117
6510,17122
6511,17123
6512,17128
6513,17129
6514,17134
6515,17135
6516,17140
6517,17141
6518,17146
6519,17147
6520,17152
6521,17153
6522,17158
6523,17159
6524,17164
6525,17165
6526,17170
6527,17171
6528,17176
6529,17177
6530,17182
6531,17183
6532,17188
6533,17189
6534,17194
6535,17195
6536,17200
6537,17201
6538,17206
6539,17207
6540,17212
6541,17213
6542,17218
6543,17219
6544,17224
6545,17225
6546,17230
6547,17231
6548,17236
6549,17237
6550,17238
6551,17239
6552,17240
6553,17241
6554,17242
6555,17243
6556,17244
6557,17245
6558,17246
6559,17247
6560,17248
6561,17249
6562,17250
6563,17251
6564,17252
6565,17253
6566,17254
6567,17255
6568,17256
6569,17257
6570,17258
6571,17259
6572,17260
6573,17261
6574,17262
6575,17263
6576,17264
6577,17265
6578,17266
6579,17267
6580,17268
6581,17269
6582,17270
6583,17271
6584,17272
6585,17273
6586,17274
6587,17275
6588,17276
6589,17277
6590,17278
6591,17279
6592,17280
6593,17281
6594,17282
6595,17283
6596,17284
6597,17285
6598,17286
6599,17287
6600,17288
6601,17289
6602,17290
6603,17291
6604,17292
6605,17293
6606,17294
6607,17295
6608,17296
6609,17297
6610,17298
6611,17299
6612,17300
6613,17301
6614,17302
6615,17303
6616,17304
6617,17305
6618,17306
6619,17307
6620,17308
6621,17309
6622,17310
6623,17311
6624,17312
6625,17313
6626,17314
6627,17315
6628,17316
6629,17317
6630,17318
6631,17319
6632,17320
6633,17321
6634,17322
6635,17323
6636,17324
6637,17325
6638,17326
6639,17327
6640,17328
6641,17329
6642,17330
6643,17331
6644,17332
6645,17333
6646,17334
6647,17335
6648,17336
6649,17337
6650,17338
6651,17339
6652,17340
6653,17341
6654,17342
6655,17343
6656,17344
6657,17345
6658,17346
6659,17347
6660,17348
6661,17349
6662,17350
6663,17351
6664,17352
6665,17353
6666,17354
6667,17355
6668,17356
6669,17357
6670,17358
6671,17359
6672,17360
6673,17361
6674,17362
6675,17363
6676,17364
6677,17365
6678,17366
6679,17367
6680,17368
6681,17369
6682,17370
6683,17371
6684,17372
6685,17373
6686,17374
6687,17375
6688,17376
6689,17377
6690,17378
6691,17379
6692,17380
6693,17381
6694,17382
6695,17383
6696,17384
6697,17385
6698,17386
6699,17387
6700,17388
6701,17389
6702,17390
6703,17391
6704,17392
6705,17393
6706,17394
6707,17395
6708,17396
6709,17397
6710,17398
6711,17399
6712,17400
6713,17401
6714,17402
6715,17403
6716,17404
6717,17405
6718,17406
6719,17407
6720,17408
6721,17409
6722,17410
6723,17411
6724,17412
6725,17413
6726,17414
6727,17415
6728,17416
6729,17417
6730,17418
6731,17419
6732,17420
6733,17421
6734,17422
6735,17423
6736,17424
6737,17425
6738,17426
6739,17427
6740,17428
6741,17429
6742,17430
6743,17431
6744,17432
6745,17433
6746,17434
6747,17435
6748,17436
6749,17437
6750,17438
6751,17439
6752,17440
6753,17441
6754,17442
6755,17443
6756,17444
6757,17445
6758,17446
6759,17447
6760,17448
6761,17449
6762,17450
6763,17451
6764,17452
6765,17453
6766,17454
6767,17455
6768,17456
6769,17457
6770,17458
6771,17459
6772,17460
6773,17461
6774,17462
6775,17463
6776,17464
6777,17465
6778,17466
6779,17467
6780,17468
6781,17469
6782,17470
6783,17471
6784,17472
6785,17473
6786,17474
6787,17475
6788,17476
6789,17477
6790,17478
6791,17479
6792,17480
6793,17481
6794,17482
6795,17483
6796,17484
6797,17485
6798,17486
6799,17487
6800,17488
6801,17489
6802,17490
6803,17491
6804,17492
6805,17493
6806,17494
6807,17495
6808,17496
6809,17497
6810,17498
6811,17499
6812,17500
6813,17501
6814,17502
6815,17503
6816,17504
6817,17505
6818,17506
6819,17507
6820,17508
6821,17509
6822,17510
6823,17511
6824,17512
6825,17513
6826,17514
6827,17515
6828,17516
6829,17517
6830,17518
6831,17519
6832,17520
6833,17521
6834,17522
6835,17523
6836,17524
6837,17525
6838,17526
6839,17527
6840,17528
6841,17529
6842,17530
6843,17531
6844,17532
6845,17533
6846,17534
6847,17535
6848,17536
6849,17537
6850,17538
6851,17539
6852,17540
6853,17541
6854,17542
6855,17543
6856,17544
6857,17545
6858,17546
6859,17547
6860,17548
6861,17549
6862,17550
6863,17551
6864,17552
6865,17553
6866,17554
6867,17555
6868,17556
6869,17557
6870,17558
6871,17559
6872,17560
6873,17561
6874,17562
6875,17563
6876,17564
6877,17565
6878,17566
6879,17567
6880,17568
6881,17569
6882,17570
6883,17571
6884,17572
6885,17573
6886,17574
6887,17575
6888,17576
6889,17577
6890,17578
6891,17579
6892,17580
6893,17581
6894,17582
6895,17583
6896,17584
6897,17585
6898,17586
6899,17587
6900,17588
6901,17589
6902,17590
6903,17591
6904,17592
6905,17593
6906,17594
6907,17595
6908,17596
6909,17597
6910,17598
6911,17599
6912,17600
6913,17601
6914,17602
6915,17603
6916,17604
6917,17605
6918,17606
6919,17607
6920,17608
6921,17609
6922,17610
6923,17611
6924,17612
6925,17613
6926,17614
6927,17615
6928,17616
6929,17617
6930,17618
6931,17619
6932,17620
6933,17621
6934,17622
6935,17623
6936,17624
6937,17625
6938,17626
6939,17627
6940,17628
6941,17629
6942,17630
6943,17631
6944,17632
6945,17633
6946,17634
6947,17635
6948,17636
6949,17637
6950,17638
6951,17639
6952,17640
6953,17641
6954,17642
6955,17643
6956,17644
6957,17645
6958,17646
6959,17647
6960,17648
6961,17649
6962,17650
6963,17651
6964,17652
6965,17653
6966,17654
6967,17655
6968,17656
6969,17657
6970,17658
6971,17659
6972,17660
6973,17661
6974,17662
6975,17663
6976,17664
6977,17665
6978,17666
6979,17667
6980,17668
6981,17669
6982,17670
6983,17671
6984,17672
6985,17673
6986,17674
6987,17675
6988,17676
6989,17677
6990,17678
6991,17679
6992,17680
6993,17681
6994,17682
6995,17683
6996,17684
6997,17685
6998,17686
6999,17687
7000,17688
7001,17689
7002,17690
7003,17691
7004,17692
7005,17693
7006,17694
7007,17695
7008,17696
7009,17697
7010,17698
7011,17699
7012,17700
7013,17701
7014,17702
7015,17703
7016,17704
7017,17705
7018,17706
7019,17707
7020,17708
7021,17709
7022,17710
7023,17711
7024,17712
7025,17713
7026,17714
7027,17715
7028,17716
7029,17717
7030,17718
7031,17719
7032,17720
7033,17721
7034,17722
7035,17723
7036,17724
7037,17725
7038,17726
7039,17727
7040,17728
7041,17729
7042,17730
7043,17731
7044,17732
7045,17733
7046,17734
7047,17735
7048,17736
7049,17737
7050,17738
7051,17739
7052,17740
7053,17741
7054,17742
7055,17743
7056,17744
7057,17745
7058,17746
7059,17747
7060,17748
7061,17749
7062,17750
7063,17751
7064,17752
7065,17753
7066,17754
7067,17755
7068,17756
7069,17757
7070,17758
7071,17759
7072,17760
7073,17761
7074,17762
7075,17763
7076,17764
7077,17765
7078,17766
7079,17767
7080,17768
7081,17769
7082,17770
7083,17771
7084,17772
7085,17773
7086,17774
7087,17775
7088,17776
7089,17777
7090,17778
7091,17779
7092,17780
7093,17781
7094,17782
7095,17783
7096,17784
7097,17785
7098,17786
7099,17787
7100,17788
7101,17789
7102,17790
7103,17791
7104,17792
7105,17793
7106,17794
7107,17795
7108,17796
7109,17797
7110,17798
7111,17799
7112,17800
7113,17801
7114,17802
7115,17803
7116,17804
7117,17805
7118,17806
7119,17807
7120,17808
7121,17809
7122,17810
7123,17811
7124,17812
7125,17813
7126,17814
7127,17815
7128,17816
7129,17817
7130,17818
7131,17819
7132,17820
7133,17821
7134,17822
7135,17823
7136,17824
7137,17825
7138,17826
7139,17827
7140,17828
7141,17829
7142,17830
7143,17831
7144,17832
7145,17833
7146,17834
7147,17835
7148,17836
7149,17837
7150,17838
7151,17839
7152,17840
7153,17841
7154,17842
7155,17843
7156,17844
7157,17845
7158,17846
7159,17847
7160,17848
7161,17849
7162,17850
7163,17851
7164,17852
7165,17853
7166,17854
7167,17855
7168,17856
7169,17857
7170,17858
7171,17859
7172,17860
7173,17861
7174,17862
7175,17863
7176,17864
7177,17865
7178,17866
7179,17867
7180,17868
7181,17869
7182,17870
7183,17871
7184,17872
7185,17873
7186,17874
7187,17875
7188,17876
7189,17877
7190,17878
7191,17879
7192,17880
7193,17881
7194,17882
7195,17883
7196,17884
7197,17885
7198,17886
7199,17887
7200,17888
7201,17889
7202,17890
7203,17891
7204,17892
7205,17893
7206,17894
7207,17895
7208,17896
7209,17897
7210,17898
7211,17899
7212,17900
7213,17901
7214,17902
7215,17903
7216,17904
7217,17905
7218,17906
7219,17907
7220,17908
7221,17909
7222,17910
7223,17911
7224,17912
7225,17913
7226,17914
7227,17915
7228,17916
7229,17917
7230,17918
7231,17919
7232,17920
7233,17921
7234,17922
7235,17923
7236,17924
7237,17925
7238,17926
7239,17927
7240,17928
7241,17929
7242,17930
7243,17931
7244,17932
7245,17933
7246,17934
7247,17935
7248,17936
7249,17937
7250,17938
7251,17939
7252,17940
7253,17941
7254,17942
7255,17943
7256,17944
7257,17945
7258,17946
7259,17947
7260,17948
7261,17949
7262,17950
7263,17951
7264,17952
7265,17953
7266,17954
7267,17955
7268,17956
7269,17957
7270,17958
7271,17959
7272,17960
7273,17961
7274,17962
7275,17963
7276,17964
7277,17965
7278,17966
7279,17967
7280,17968
7281,17969
7282,17970
7283,17971
7284,17972
7285,17973
7286,17974
7287,17975
7288,17976
7289,17977
7290,17978
7291,17979
7292,17980
7293,17981
7294,17982
7295,17983
7296,17984
7297,17985
7298,17986
7299,17987
7300,17988
7301,17989
7302,17990
7303,17991
7304,17992
7305,17993
7306,17994
7307,17995
7308,17996
7309,17997
7310,17998
7311,17999
7312,18000
7313,18001
7314,18002
7315,18003
7316,18004
7317,18005
7318,18006
7319,18007
7320,18008
7321,18009
7322,18010
7323,18011
7324,18012
7325,18013
7326,18014
7327,18015
7328,18016
7329,18017
7330,18018
7331,18019
7332,18020
7333,18021
7334,18022
7335,18023
7336,18024
7337,18025
7338,18026
7339,18027
7340,18028
7341,18029
7342,18030
7343,18031
7344,18032
7345,18033
7346,18034
7347,18035
7348,18036
7349,18037
7350,18038
7351,18039
7352,18040
7353,18041
7354,18042
7355,18043
7356,18044
7357,18045
7358,18046
7359,18047
7360,18048
7361,18049
7362,18050
7363,18051
7364,18052
7365,18053
7366,18054
7367,18055
7368,18056
7369,18057
7370,18058
7371,18059
7372,18060
7373,18061
7374,18062
7375,18063
7376,18064
7377,18065
7378,18066
7379,18067
7380,18068
7381,18069
7382,18070
7383,18071
7384,18072
7385,18073
7386,18074
7387,18075
7388,18076
7389,18077
7390,18078
7391,18079
7392,18080
7393,18081
7394,18082
7395,18083
7396,18084
7397,18085
7398,18086
7399,18087
7400,18088
7401,18089
7402,18090
7403,18091
7404,18092
7405,18093
7406,18094
7407,18095
7408,18096
7409,18097
7410,18098
7411,18099
7412,18100
7413,18101
7414,18102
7415,18103
7416,18104
7417,18105
7418,18106
7419,18107
7420,18108
7421,18109
7422,18110
7423,18111
7424,18112
7425,18113
7426,18114
7427,18115
7428,18116
7429,18117
7430,18118
7431,18119
7432,18120
7433,18121
7434,18122
7435,18123
7436,18124
7437,18125
7438,18126
7439,18127
7440,18128
7441,18129
7442,18130
7443,18131
7444,18132
7445,18133
7446,18134
7447,18135
7448,18136
7449,18137
7450,18138
7451,18139
7452,18140
7453,18141
7454,18142
7455,18143
7456,18144
7457,18145
7458,18146
7459,18147
7460,18148
7461,18149
7462,18150
7463,18151
7464,18152
7465,18153
7466,18154
7467,18155
7468,18156
7469,18157
7470,18158
7471,18159
7472,18160
7473,18161
7474,18162
7475,18163
7476,18164
7477,18165
7478,18166
7479,18167
7480,18168
7481,18169
7482,18170
7483,18171
7484,18172
7485,18173
7486,18174
7487,18175
7488,18176
7489,18177
7490,18178
7491,18179
7492,18180
7493,18181
7494,18182
7495,18183
7496,18184
7497,18185
7498,18186
7499,18187
7500,18188
7501,18189
7502,18190
7503,18191
7504,18192
7505,18193
7506,18194
7507,18195
7508,18196
7509,18197
7510,18198
7511,18199
7512,18200
7513,18201
7514,18202
7515,18203
7516,18204
7517,18205
7518,18206
7519,18207
7520,18208
7521,18209
7522,18210
7523,18211
7524,18212
7525,18213
7526,18214
7527,18215
7528,18216
7529,18217
7530,18218
7531,18219
7532,18220
7533,18221
7534,18222
7535,18223
7536,18224
7537,18225
7538,18226
7539,18227
7540,18228
7541,18229
7542,18230
7543,18231
7544,18232
7545,18233
7546,18234
7547,18235
7548,18236
7549,18237
7550,18238
7551,18239
7552,18240
7553,18241
7554,18242
7555,18243
7556,18248
7557,18249
7558,18254
7559,18255
7560,18260
7561,18261
7562,18266
7563,18267
7564,18272
7565,18273
7566,18278
7567,18279
7568,18284
7569,18285
7570,18290
7571,18291
7572,18296
7573,18297
7574,18302
7575,18303
7576,18308
7577,18309
7578,18314
7579,18315
7580,18320
7581,18321
7582,18326
7583,18327
7584,18332
7585,18333
7586,18338
7587,18339
7588,18344
7589,18345
7590,18350
7591,18351
7592,18356
7593,18357
7594,18362
7595,18363
7596,18368
7597,18369
7598,18374
7599,18375
7600,18380
7601,18381
7602,18386
7603,18387
7604,18392
7605,18393
7606,18398
7607,18399
7608,18404
7609,18405
7610,18410
7611,18411
7612,18416
7613,18417
7614,18422
7615,18423
7616,18428
7617,18429
7618,18434
7619,18435
7620,18440
7621,18441
7622,18446
7623,18447
7624,18452
7625,18453
7626,18458
7627,18459
7628,18464
7629,18465
7630,18470
7631,18471
7632,18476
7633,18477
7634,18482
7635,18483
7636,18488
7637,18489
7638,18494
7639,18495
7640,18500
7641,18501
7642,18506
7643,18507
7644,18512
7645,18513
7646,18518
7647,18519
7648,18524
7649,18525
7650,18530
7651,18531
7652,18536
7653,18537
7654,18542
7655,18543
7656,18548
7657,18549
7658,18554
7659,18555
7660,18560
7661,18561
7662,18566
7663,18567
7664,18572
7665,18573
7666,18578
7667,18579
7668,18584
7669,18585
7670,18590
7671,18591
7672,18596
7673,18597
7674,18602
7675,18603
7676,18608
7677,18609
7678,18614
7679,18615
7680,18620
7681,18621
7682,18626
7683,18627
7684,18632
7685,18633
7686,18638
7687,18639
7688,18644
7689,18645
7690,18650
7691,18651
7692,18656
7693,18657
7694,18662
7695,18663
7696,18668
7697,18669
7698,18674
7699,18675
7700,18680
7701,18681
7702,18686
7703,18687
7704,18692
7705,18693
7706,18698
7707,18699
7708,18704
7709,18705
7710,18710
7711,18711
7712,18716
7713,18717
7714,18722
7715,18723
7716,18728
7717,18729
7718,18734
7719,18735
7720,18740
7721,18741
7722,18746
7723,18747
7724,18752
7725,18753
7726,18758
7727,18759
7728,18764
7729,18765
7730,18770
7731,18771
7732,18776
7733,18777
7734,18782
7735,18783
7736,18788
7737,18789
7738,18794
7739,18795
7740,18800
7741,18801
7742,18806
7743,18807
7744,18812
7745,18813
7746,18818
7747,18819
7748,18824
7749,18825
7750,18830
7751,18831
7752,18836
7753,18837
7754,18842
7755,18843
7756,18848
7757,18849
7758,18854
7759,18855
7760,18860
7761,18861
7762,18866
7763,18867
7764,18872
7765,18873
7766,18878
7767,18879
7768,18884
7769,18885
7770,18890
7771,18891
7772,18896
7773,18897
7774,18902
7775,18903
7776,18908
7777,18909
7778,18914
7779,18915
7780,18920
7781,18921
7782,18926
7783,18927
7784,18932
7785,18933
7786,18938
7787,18939
7788,18944
7789,18945
7790,18950
7791,18951
7792,18956
7793,18957
7794,18962
7795,18963
7796,18968
7797,18969
7798,18974
7799,18975
7800,18980
7801,18981
7802,18986
7803,18987
7804,18992
7805,18993
7806,18998
7807,18999
7808,19004
7809,19005
7810,19010
7811,19011
7812,19016
7813,19017
7814,19022
7815,19023
7816,19028
7817,19029
7818,19034
7819,19035
7820,19040
7821,19041
7822,19046
7823,19047
7824,19052
7825,19053
7826,19058
7827,19059
7828,19064
7829,19065
7830,19070
7831,19071
7832,19076
7833,19077
7834,19082
7835,19083
7836,19088
7837,19089
7838,19094
7839,19095
7840,19100
7841,19101
7842,19106
7843,19107
7844,19112
7845,19113
7846,19118
7847,19119
7848,19124
7849,19125
7850,19130
7851,19131
7852,19136
7853,19137
7854,19142
7855,19143
7856,19148
7857,19149
7858,19154
7859,19155
7860,19160
7861,19161
7862,19166
7863,19167
7864,19172
7865,19173
7866,19178
7867,19179
7868,19184
7869,19185
7870,19190
7871,19191
7872,19196
7873,19197
7874,19202
7875,19203
7876,19208
7877,19209
7878,19214
7879,19215
7880,19220
7881,19221
7882,19226
7883,19227
7884,19232
7885,19233
7886,19238
7887,19239
7888,19244
7889,19245
7890,19246
7891,19247
7892,19252
7893,19253
7894,19258
7895,19259
7896,19264
7897,19265
7898,19270
7899,19271
7900,19276
7901,19277
7902,19282
7903,19283
7904,19288
7905,19289
7906,19294
7907,19295
7908,19300
7909,19301
7910,19306
7911,19307
7912,19312
7913,19313
7914,19318
7915,19319
7916,19324
7917,19325
7918,19330
7919,19331
7920,19336
7921,19337
7922,19342
7923,19343
7924,19348
7925,19349
7926,19354
7927,19355
7928,19360
7929,19361
7930,19366
7931,19367
7932,19372
7933,19373
7934,19378
7935,19379
7936,19384
7937,19385
7938,19390
7939,19391
7940,19396
7941,19397
7942,19402
7943,19403
7944,19408
7945,19409
7946,19414
7947,19415
7948,19420
7949,19421
7950,19426
7951,19427
7952,19432
7953,19433
7954,19438
7955,19439
7956,19444
7957,19445
7958,19450
7959,19451
7960,19456
7961,19457
7962,19462
7963,19463
7964,19468
7965,19469
7966,19474
7967,19475
7968,19480
7969,19481
7970,19486
7971,19487
7972,19492
7973,19493
7974,19498
7975,19499
7976,19504
7977,19505
7978,19510
7979,19511
7980,19516
7981,19517
7982,19522
7983,19523
7984,19528
7985,19529
7986,19534
7987,19535
7988,19540
7989,19541
7990,19546
7991,19547
7992,19552
7993,19553
7994,19558
7995,19559
7996,19564
7997,19565
7998,19570
7999,19571
8000,19576
8001,19577
8002,19582
8003,19583
8004,19588
8005,19589
8006,19594
8007,19595
8008,19600
8009,19601
8010,19606
8011,19607
8012,19612
8013,19613
8014,19618
8015,19619
8016,19624
8017,19625
8018,19630
8019,19631
8020,19636
8021,19637
8022,19642
8023,19643
8024,19648
8025,19649
8026,19654
8027,19655
8028,19660
8029,19661
8030,19666
8031,19667
8032,19672
8033,19673
8034,19678
8035,19679
8036,19684
8037,19685
8038,19690
8039,19691
8040,19696
8041,19697
8042,19702
8043,19703
8044,19708
8045,19709
8046,19714
8047,19715
8048,19720
8049,19721
8050,19726
8051,19727
8052,19732
8053,19733
8054,19738
8055,19739
8056,19744
8057,19745
8058,19750
8059,19751
8060,19756
8061,19757
8062,19762
8063,19763
8064,19768
8065,19769
8066,19774
8067,19775
8068,19780
8069,19781
8070,19786
8071,19787
8072,19792
8073,19793
8074,19798
8075,19799
8076,19804
8077,19805
8078,19810
8079,19811
8080,19816
8081,19817
8082,19822
8083,19823
8084,19828
8085,19829
8086,19834
8087,19835
8088,19840
8089,19841
8090,19846
8091,19847
8092,19852
8093,19853
8094,19858
8095,19859
8096,19864
8097,19865
8098,19870
8099,19871
8100,19876
8101,19877
8102,19882
8103,19883
8104,19888
8105,19889
8106,19894
8107,19895
8108,19900
8109,19901
8110,19906
8111,19907
8112,19912
8113,19913
8114,19918
8115,19919
8116,19924
8117,19925
8118,19930
8119,19931
8120,19936
8121,19937
8122,19942
8123,19943
8124,19948
8125,19949
8126,19954
8127,19955
8128,19960
8129,19961
8130,19966
8131,19967
8132,19972
8133,19973
8134,19978
8135,19979
8136,19984
8137,19985
8138,19990
8139,19991
8140,19996
8141,19997
8142,20002
8143,20003
8144,20008
8145,20009
8146,20014
8147,20015
8148,20020
8149,20021
8150,20026
8151,20027
8152,20032
8153,20033
8154,20038
8155,20039
8156,20044
8157,20045
8158,20050
8159,20051
8160,20056
8161,20057
8162,20062
8163,20063
8164,20068
8165,20069
8166,20074
8167,20075
8168,20080
8169,20081
8170,20086
8171,20087
8172,20092
8173,20093
8174,20098
8175,20099
8176,20104
8177,20105
8178,20110
8179,20111
8180,20116
8181,20117
8182,20122
8183,20123
8184,20128
8185,20129
8186,20134
8187,20135
8188,20140
8189,20141
8190,20146
8191,20147
8192,20152
8193,20153
8194,20158
8195,20159
8196,20164
8197,20165
8198,20170
8199,20171
8200,20176
8201,20177
8202,20182
8203,20183
8204,20188
8205,20189
8206,20194
8207,20195
8208,20200
8209,20201
8210,20206
8211,20207
8212,20212
8213,20213
8214,20218
8215,20219
8216,20224
8217,20225
8218,20230
8219,20231
8220,20236
8221,20237
8222,20242
8223,20243
8224,20248
8225,20249
8226,20250
8227,20251
8228,20256
8229,20257
8230,20262
8231,20263
8232,20268
8233,20269
8234,20274
8235,20275
8236,20280
8237,20281
8238,20286
8239,20287
8240,20292
8241,20293
8242,20298
8243,20299
8244,20304
8245,20305
8246,20310
8247,20311
8248,20316
8249,20317
8250,20322
8251,20323
8252,20328
8253,20329
8254,20334
8255,20335
8256,20340
8257,20341
8258,20346
8259,20347
8260,20352
8261,20353
8262,20358
8263,20359
8264,20364
8265,20365
8266,20370
8267,20371
8268,20376
8269,20377
8270,20382
8271,20383
8272,20388
8273,20389
8274,20394
8275,20395
8276,20400
8277,20401
8278,20406
8279,20407
8280,20412
8281,20413
8282,20418
8283,20419
8284,20424
8285,20425
8286,20430
8287,20431
8288,20436
8289,20437
8290,20442
8291,20443
8292,20448
8293,20449
8294,20454
8295,20455
8296,20460
8297,20461
8298,20466
8299,20467
8300,20472
8301,20473
8302,20478
8303,20479
8304,20484
8305,20485
8306,20490
8307,20491
8308,20496
8309,20497
8310,20502
8311,20503
8312,20508
8313,20509
8314,20514
8315,20515
8316,20520
8317,20521
8318,20526
8319,20527
8320,20532
8321,20533
8322,20538
8323,20539
8324,20544
8325,20545
8326,20550
8327,20551
8328,20556
8329,20557
8330,20562
8331,20563
8332,20568
8333,20569
8334,20574
8335,20575
8336,20580
8337,20581
8338,20586
8339,20587
8340,20592
8341,20593
8342,20598
8343,20599
8344,20604
8345,20605
8346,20610
8347,20611
8348,20616
8349,20617
8350,20622
8351,20623
8352,20628
8353,20629
8354,20634
8355,20635
8356,20640
8357,20641
8358,20646
8359,20647
8360,20652
8361,20653
8362,20658
8363,20659
8364,20664
8365,20665
8366,20670
8367,20671
8368,20676
8369,20677
8370,20682
8371,20683
8372,20688
8373,20689
8374,20694
8375,20695
8376,20700
8377,20701
8378,20706
8379,20707
8380,20712
8381,20713
8382,20718
8383,20719
8384,20724
8385,20725
8386,20730
8387,20731
8388,20736
8389,20737
8390,20742
8391,20743
8392,20748
8393,20749
8394,20754
8395,20755
8396,20760
8397,20761
8398,20766
8399,20767
8400,20772
8401,20773
8402,20778
8403,20779
8404,20784
8405,20785
8406,20790
8407,20791
8408,20796
8409,20797
8410,20802
8411,20803
8412,20808
8413,20809
8414,20814
8415,20815
8416,20820
8417,20821
8418,20826
8419,20827
8420,20832
8421,20833
8422,20838
8423,20839
8424,20844
8425,20845
8426,20850
8427,20851
8428,20856
8429,20857
8430,20862
8431,20863
8432,20868
8433,20869
8434,20874
8435,20875
8436,20880
8437,20881
8438,20886
8439,20887
8440,20892
8441,20893
8442,20898
8443,20899
8444,20904
8445,20905
8446,20910
8447,20911
8448,20916
8449,20917
8450,20922
8451,20923
8452,20928
8453,20929
8454,20934
8455,20935
8456,20940
8457,20941
8458,20946
8459,20947
8460,20952
8461,20953
8462,20958
8463,20959
8464,20964
8465,20965
8466,20970
8467,20971
8468,20976
8469,20977
8470,20982
8471,20983
8472,20988
8473,20989
8474,20994
8475,20995
8476,21000
8477,21001
8478,21006
8479,21007
8480,21012
8481,21013
8482,21018
8483,21019
8484,21024
8485,21025
8486,21030
8487,21031
8488,21036
8489,21037
8490,21042
8491,21043
8492,21048
8493,21049
8494,21054
8495,21055
8496,21060
8497,21061
8498,21066
8499,21067
8500,21072
8501,21073
8502,21078
8503,21079
8504,21084
8505,21085
8506,21090
8507,21091
8508,21096
8509,21097
8510,21102
8511,21103
8512,21108
8513,21109
8514,21114
8515,21115
8516,21120
8517,21121
8518,21126
8519,21127
8520,21132
8521,21133
8522,21138
8523,21139
8524,21144
8525,21145
8526,21150
8527,21151
8528,21156
8529,21157
8530,21162
8531,21163
8532,21168
8533,21169
8534,21174
8535,21175
8536,21180
8537,21181
8538,21186
8539,21187
8540,21192
8541,21193
8542,21198
8543,21199
8544,21204
8545,21205
8546,21210
8547,21211
8548,21216
8549,21217
8550,21222
8551,21223
8552,21228
8553,21229
8554,21234
8555,21235
8556,21240
8557,21241
8558,21246
8559,21247
8560,21252
8561,21253
8562,21254
8563,21255
8564,21260
8565,21261
8566,21266
8567,21267
8568,21272
8569,21273
8570,21278
8571,21279
8572,21284
8573,21285
8574,21290
8575,21291
8576,21296
8577,21297
8578,21302
8579,21303
8580,21308
8581,21309
8582,21314
8583,21315
8584,21320
8585,21321
8586,21326
8587,21327
8588,21332
8589,21333
8590,21338
8591,21339
8592,21344
8593,21345
8594,21350
8595,21351
8596,21356
8597,21357
8598,21362
8599,21363
8600,21368
8601,21369
8602,21374
8603,21375
8604,21380
8605,21381
8606,21386
8607,21387
8608,21392
8609,21393
8610,21398
8611,21399
8612,21404
8613,21405
8614,21410
8615,21411
8616,21416
8617,21417
8618,21422
8619,21423
8620,21428
8621,21429
8622,21434
8623,21435
8624,21440
8625,21441
8626,21446
8627,21447
8628,21452
8629,21453
8630,21458
8631,21459
8632,21464
8633,21465
8634,21470
8635,21471
8636,21476
8637,21477
8638,21482
8639,21483
8640,21488
8641,21489
8642,21494
8643,21495
8644,21500
8645,21501
8646,21506
8647,21507
8648,21512
8649,21513
8650,21518
8651,21519
8652,21524
8653,21525
8654,21530
8655,21531
8656,21536
8657,21537
8658,21542
8659,21543
8660,21548
8661,21549
8662,21554
8663,21555
8664,21560
8665,21561
8666,21566
8667,21567
8668,21572
8669,21573
8670,21578
8671,21579
8672,21584
8673,21585
8674,21590
8675,21591
8676,21596
8677,21597
8678,21602
8679,21603
8680,21608
8681,21609
8682,21614
8683,21615
8684,21620
8685,21621
8686,21626
8687,21627
8688,21632
8689,21633
8690,21638
8691,21639
8692,21644
8693,21645
8694,21650
8695,21651
8696,21656
8697,21657
8698,21662
8699,21663
8700,21668
8701,21669
8702,21674
8703,21675
8704,21680
8705,21681
8706,21686
8707,21687
8708,21692
8709,21693
8710,21698
8711,21699
8712,21704
8713,21705
8714,21710
8715,21711
8716,21716
8717,21717
8718,21722
8719,21723
8720,21728
8721,21729
8722,21734
8723,21735
8724,21740
8725,21741
8726,21746
8727,21747
8728,21752
8729,21753
8730,21758
8731,21759
8732,21764
8733,21765
8734,21770
8735,21771
8736,21776
8737,21777
8738,21782
8739,21783
8740,21788
8741,21789
8742,21794
8743,21795
8744,21800
8745,21801
8746,21806
8747,21807
8748,21812
8749,21813
8750,21818
8751,21819
8752,21824
8753,21825
8754,21830
8755,21831
8756,21836
8757,21837
8758,21842
8759,21843
8760,21848
8761,21849
8762,21854
8763,21855
8764,21860
8765,21861
8766,21866
8767,21867
8768,21872
8769,21873
8770,21878
8771,21879
8772,21884
8773,21885
8774,21890
8775,21891
8776,21896
8777,21897
8778,21902
8779,21903
8780,21908
8781,21909
8782,21914
8783,21915
8784,21920
8785,21921
8786,21926
8787,21927
8788,21932
8789,21933
8790,21938
8791,21939
8792,21944
8793,21945
8794,21950
8795,21951
8796,21956
8797,21957
8798,21962
8799,21963
8800,21968
8801,21969
8802,21974
8803,21975
8804,21980
8805,21981
8806,21986
8807,21987
8808,21992
8809,21993
8810,21998
8811,21999
8812,22004
8813,22005
8814,22010
8815,22011
8816,22016
8817,22017
8818,22022
8819,22023
8820,22028
8821,22029
8822,22034
8823,22035
8824,22040
8825,22041
8826,22046
8827,22047
8828,22052
8829,22053
8830,22058
8831,22059
8832,22064
8833,22065
8834,22070
8835,22071
8836,22076
8837,22077
8838,22082
8839,22083
8840,22088
8841,22089
8842,22094
8843,22095
8844,22100
8845,22101
8846,22106
8847,22107
8848,22112
8849,22113
8850,22118
8851,22119
8852,22124
8853,22125
8854,22130
8855,22131
8856,22136
8857,22137
8858,22142
8859,22143
8860,22148
8861,22149
8862,22154
8863,22155
8864,22160
8865,22161
8866,22166
8867,22167
8868,22172
8869,22173
8870,22178
8871,22179
8872,22184
8873,22185
8874,22190
8875,22191
8876,22196
8877,22197
8878,22202
8879,22203
8880,22208
8881,22209
8882,22214
8883,22215
8884,22220
8885,22221
8886,22226
8887,22227
8888,22232
8889,22233
8890,22238
8891,22239
8892,22244
8893,22245
8894,22250
8895,22251
8896,22256
8897,22257
8898,22258
8899,22259
8900,22264
8901,22265
8902,22270
8903,22271
8904,22276
8905,22277
8906,22282
8907,22283
8908,22288
8909,22289
8910,22294
8911,22295
8912,22300
8913,22301
8914,22306
8915,22307
8916,22312
8917,22313
8918,22318
8919,22319
8920,22324
8921,22325
8922,22330
8923,22331
8924,22336
8925,22337
8926,22342
8927,22343
8928,22348
8929,22349
8930,22354
8931,22355
8932,22360
8933,22361
8934,22366
8935,22367
8936,22372
8937,22373
8938,22378
8939,22379
8940,22384
8941,22385
8942,22390
8943,22391
8944,22396
8945,22397
8946,22402
8947,22403
8948,22408
8949,22409
8950,22414
8951,22415
8952,22420
8953,22421
8954,22426
8955,22427
8956,22432
8957,22433
8958,22438
8959,22439
8960,22444
8961,22445
8962,22450
8963,22451
8964,22456
8965,22457
8966,22462
8967,22463
8968,22468
8969,22469
8970,22474
8971,22475
8972,22480
8973,22481
8974,22486
8975,22487
8976,22492
8977,22493
8978,22498
8979,22499
8980,22504
8981,22505
8982,22510
8983,22511
8984,22516
8985,22517
8986,22522
8987,22523
8988,22528
8989,22529
8990,22534
8991,22535
8992,22540
8993,22541
8994,22546
8995,22547
8996,22552
8997,22553
8998,22558
8999,22559
9000,22564
9001,22565
9002,22570
9003,22571
9004,22576
9005,22577
9006,22582
9007,22583
9008,22588
9009,22589
9010,22594
9011,22595
9012,22600
9013,22601
9014,22606
9015,22607
9016,22612
9017,22613
9018,22618
9019,22619
9020,22624
9021,22625
9022,22630
9023,22631
9024,22636
9025,22637
9026,22642
9027,22643
9028,22648
9029,22649
9030,22654
9031,22655
9032,22660
9033,22661
9034,22666
9035,22667
9036,22672
9037,22673
9038,22678
9039,22679
9040,22684
9041,22685
9042,22690
9043,22691
9044,22696
9045,22697
9046,22702
9047,22703
9048,22708
9049,22709
9050,22714
9051,22715
9052,22720
9053,22721
9054,22726
9055,22727
9056,22732
9057,22733
9058,22738
9059,22739
9060,22744
9061,22745
9062,22750
9063,22751
9064,22756
9065,22757
9066,22762
9067,22763
9068,22768
9069,22769
9070,22774
9071,22775
9072,22780
9073,22781
9074,22786
9075,22787
9076,22792
9077,22793
9078,22798
9079,22799
9080,22804
9081,22805
9082,22810
9083,22811
9084,22816
9085,22817
9086,22822
9087,22823
9088,22828
9089,22829
9090,22834
9091,22835
9092,22840
9093,22841
9094,22846
9095,22847
9096,22852
9097,22853
9098,22858
9099,22859
9100,22864
9101,22865
9102,22870
9103,22871
9104,22876
9105,22877
9106,22882
9107,22883
9108,22888
9109,22889
9110,22894
9111,22895
9112,22900
9113,22901
9114,22906
9115,22907
9116,22912
9117,22913
9118,22918
9119,22919
9120,22924
9121,22925
9122,22930
9123,22931
9124,22936
9125,22937
9126,22942
9127,22943
9128,22948
9129,22949
9130,22954
9131,22955
9132,22960
9133,22961
9134,22966
9135,22967
9136,22972
9137,22973
9138,22978
9139,22979
9140,22984
9141,22985
9142,22990
9143,22991
9144,22996
9145,22997
9146,23002
9147,23003
9148,23008
9149,23009
9150,23014
9151,23015
9152,23020
9153,23021
9154,23026
9155,23027
9156,23032
9157,23033
9158,23038
9159,23039
9160,23044
9161,23045
9162,23050
9163,23051
9164,23056
9165,23057
9166,23062
9167,23063
9168,23068
9169,23069
9170,23074
9171,23075
9172,23080
9173,23081
9174,23086
9175,23087
9176,23092
9177,23093
9178,23098
9179,23099
9180,23104
9181,23105
9182,23110
9183,23111
9184,23116
9185,23117
9186,23122
9187,23123
9188,23128
9189,23129
9190,23134
9191,23135
9192,23140
9193,23141
9194,23146
9195,23147
9196,23152
9197,23153
9198,23158
9199,23159
9200,23164
9201,23165
9202,23170
9203,23171
9204,23176
9205,23177
9206,23182
9207,23183
9208,23188
9209,23189
9210,23194
9211,23195
9212,23200
9213,23201
9214,23206
9215,23207
9216,23212
9217,23213
9218,23218
9219,23219
9220,23224
9221,23225
9222,23230
9223,23231
9224,23236
9225,23237
9226,23242
9227,23243
9228,23248
9229,23249
9230,23254
9231,23255
9232,23260
9233,23261
9234,23262
9235,23263
9236,23268
9237,23269
9238,23274
9239,23275
9240,23280
9241,23281
9242,23286
9243,23287
9244,23292
9245,23293
9246,23298
9247,23299
9248,23304
9249,23305
9250,23310
9251,23311
9252,23316
9253,23317
9254,23322
9255,23323
9256,23328
9257,23329
9258,23334
9259,23335
9260,23340
9261,23341
9262,23346
9263,23347
9264,23352
9265,23353
9266,23358
9267,23359
9268,23364
9269,23365
9270,23370
9271,23371
9272,23376
9273,23377
9274,23382
9275,23383
9276,23388
9277,23389
9278,23394
9279,23395
9280,23400
9281,23401
9282,23406
9283,23407
9284,23412
9285,23413
9286,23418
9287,23419
9288,23424
9289,23425
9290,23430
9291,23431
9292,23436
9293,23437
9294,23442
9295,23443
9296,23448
9297,23449
9298,23454
9299,23455
9300,23460
9301,23461
9302,23466
9303,23467
9304,23472
9305,23473
9306,23478
9307,23479
9308,23484
9309,23485
9310,23490
9311,23491
9312,23496
9313,23497
9314,23502
9315,23503
9316,23508
9317,23509
9318,23514
9319,23515
9320,23520
9321,23521
9322,23526
9323,23527
9324,23532
9325,23533
9326,23538
9327,23539
9328,23544
9329,23545
9330,23550
9331,23551
9332,23556
9333,23557
9334,23562
9335,23563
9336,23568
9337,23569
9338,23574
9339,23575
9340,23580
9341,23581
9342,23586
9343,23587
9344,23592
9345,23593
9346,23598
9347,23599
9348,23604
9349,23605
9350,23610
9351,23611
9352,23616
9353,23617
9354,23622
9355,23623
9356,23628
9357,23629
9358,23634
9359,23635
9360,23640
9361,23641
9362,23646
9363,23647
9364,23652
9365,23653
9366,23658
9367,23659
9368,23664
9369,23665
9370,23670
9371,23671
9372,23676
9373,23677
9374,23682
9375,23683
9376,23688
9377,23689
9378,23694
9379,23695
9380,23700
9381,23701
9382,23706
9383,23707
9384,23712
9385,23713
9386,23718
9387,23719
9388,23724
9389,23725
9390,23730
9391,23731
9392,23736
9393,23737
9394,23742
9395,23743
9396,23748
9397,23749
9398,23754
9399,23755
9400,23760
9401,23761
9402,23766
9403,23767
9404,23772
9405,23773
9406,23778
9407,23779
9408,23784
9409,23785
9410,23790
9411,23791
9412,23796
9413,23797
9414,23802
9415,23803
9416,23808
9417,23809
9418,23814
9419,23815
9420,23820
9421,23821
9422,23826
9423,23827
9424,23832
9425,23833
9426,23838
9427,23839
9428,23844
9429,23845
9430,23850
9431,23851
9432,23856
9433,23857
9434,23862
9435,23863
9436,23868
9437,23869
9438,23874
9439,23875
9440,23880
9441,23881
9442,23886
9443,23887
9444,23892
9445,23893
9446,23898
9447,23899
9448,23904
9449,23905
9450,23910
9451,23911
9452,23916
9453,23917
9454,23922
9455,23923
9456,23928
9457,23929
9458,23934
9459,23935
9460,23940
9461,23941
9462,23946
9463,23947
9464,23952
9465,23953
9466,23958
9467,23959
9468,23964
9469,23965
9470,23970
9471,23971
9472,23976
9473,23977
9474,23982
9475,23983
9476,23988
9477,23989
9478,23994
9479,23995
9480,24000
9481,24001
9482,24006
9483,24007
9484,24012
9485,24013
9486,24018
9487,24019
9488,24024
9489,24025
9490,24030
9491,24031
9492,24036
9493,24037
9494,24042
9495,24043
9496,24048
9497,24049
9498,24054
9499,24055
9500,24060
9501,24061
9502,24066
9503,24067
9504,24072
9505,24073
9506,24078
9507,24079
9508,24084
9509,24085
9510,24090
9511,24091
9512,24096
9513,24097
9514,24102
9515,24103
9516,24108
9517,24109
9518,24114
9519,24115
9520,24120
9521,24121
9522,24126
9523,24127
9524,24132
9525,24133
9526,24138
9527,24139
9528,24144
9529,24145
9530,24150
9531,24151
9532,24156
9533,24157
9534,24162
9535,24163
9536,24168
9537,24169
9538,24174
9539,24175
9540,24180
9541,24181
9542,24186
9543,24187
9544,24192
9545,24193
9546,24198
9547,24199
9548,24204
9549,24205
9550,24210
9551,24211
9552,24216
9553,24217
9554,24222
9555,24223
9556,24228
9557,24229
9558,24234
9559,24235
9560,24240
9561,24241
9562,24246
9563,24247
9564,24252
9565,24253
9566,24258
9567,24259
9568,24264
9569,24265
9570,24266
9571,24267
9572,24268
9573,24269
9574,24270
9575,24271
9576,24272
9577,24273
9578,24274
9579,24275
9580,24276
9581,24277
9582,24278
9583,24279
9584,24280
9585,24281
9586,24282
9587,24283
9588,24284
9589,24285
9590,24286
9591,24287
9592,24288
9593,24289
9594,24290
9595,24291
9596,24292
9597,24293
9598,24294
9599,24295
9600,24296
9601,24297
9602,24298
9603,24299
9604,24300
9605,24301
9606,24302
9607,24303
9608,24304
9609,24305
9610,24306
9611,24307
9612,24308
9613,24309
9614,24310
9615,24311
9616,24312
9617,24313
9618,24314
9619,24315
9620,24316
9621,24317
9622,24318
9623,24319
9624,24320
9625,24321
9626,24322
9627,24323
9628,24324
9629,24325
9630,24326
9631,24327
9632,24328
9633,24329
9634,24330
9635,24331
9636,24332
9637,24333
9638,24334
9639,24335
9640,24336
9641,24337
9642,24338
9643,24339
9644,24340
9645,24341
9646,24342
9647,24343
9648,24344
9649,24345
9650,24346
9651,24347
9652,24348
9653,24349
9654,24350
9655,24351
9656,24352
9657,24353
9658,24354
9659,24355
9660,24356
9661,24357
9662,24358
9663,24359
9664,24360
9665,24361
9666,24362
9667,24363
9668,24364
9669,24365
9670,24366
9671,24367
9672,24368
9673,24369
9674,24370
9675,24371
9676,24372
9677,24373
9678,24374
9679,24375
9680,24376
9681,24377
9682,24378
9683,24379
9684,24380
9685,24381
9686,24382
9687,24383
9688,24384
9689,24385
9690,24386
9691,24387
9692,24388
9693,24389
9694,24390
9695,24391
9696,24392
9697,24393
9698,24394
9699,24395
9700,24396
9701,24397
9702,24398
9703,24399
9704,24400
9705,24401
9706,24402
9707,24403
9708,24404
9709,24405
9710,24406
9711,24407
9712,24408
9713,24409
9714,24410
9715,24411
9716,24412
9717,24413
9718,24414
9719,24415
9720,24416
9721,24417
9722,24418
9723,24419
9724,24420
9725,24421
9726,24422
9727,24423
9728,24424
9729,24425
9730,24426
9731,24427
9732,24428
9733,24429
9734,24430
9735,24431
9736,24432
9737,24433
9738,24434
9739,24435
9740,24436
9741,24437
9742,24438
9743,24439
9744,24440
9745,24441
9746,24442
9747,24443
9748,24444
9749,24445
9750,24446
9751,24447
9752,24448
9753,24449
9754,24450
9755,24451
9756,24452
9757,24453
9758,24454
9759,24455
9760,24456
9761,24457
9762,24458
9763,24459
9764,24460
9765,24461
9766,24462
9767,24463
9768,24464
9769,24465
9770,24466
9771,24467
9772,24468
9773,24469
9774,24470
9775,24471
9776,24472
9777,24473
9778,24474
9779,24475
9780,24476
9781,24477
9782,24478
9783,24479
9784,24480
9785,24481
9786,24482
9787,24483
9788,24484
9789,24485
9790,24486
9791,24487
9792,24488
9793,24489
9794,24490
9795,24491
9796,24492
9797,24493
9798,24494
9799,24495
9800,24496
9801,24497
9802,24498
9803,24499
9804,24500
9805,24501
9806,24502
9807,24503
9808,24504
9809,24505
9810,24506
9811,24507
9812,24508
9813,24509
9814,24510
9815,24511
9816,24512
9817,24513
9818,24514
9819,24515
9820,24516
9821,24517
9822,24518
9823,24519
9824,24520
9825,24521
9826,24522
9827,24523
9828,24524
9829,24525
9830,24526
9831,24527
9832,24528
9833,24529
9834,24530
9835,24531
9836,24532
9837,24533
9838,24534
9839,24535
9840,24536
9841,24537
9842,24538
9843,24539
9844,24540
9845,24541
9846,24542
9847,24543
9848,24544
9849,24545
9850,24546
9851,24547
9852,24548
9853,24549
9854,24550
9855,24551
9856,24552
9857,24553
9858,24554
9859,24555
9860,24556
9861,24557
9862,24558
9863,24559
9864,24560
9865,24561
9866,24562
9867,24563
9868,24564
9869,24565
9870,24566
9871,24567
9872,24568
9873,24569
9874,24570
9875,24571
9876,24572
9877,24573
9878,24574
9879,24575
9880,24576
9881,24577
9882,24578
9883,24579
9884,24580
9885,24581
9886,24582
9887,24583
9888,24584
9889,24585
9890,24586
9891,24587
9892,24588
9893,24589
9894,24590
9895,24591
9896,24592
9897,24593
9898,24594
9899,24595
9900,24596
9901,24597
9902,24598
9903,24599
9904,24600
9905,24601
9906,24602
9907,24603
9908,24604
9909,24605
9910,24606
9911,24607
9912,24608
9913,24609
9914,24610
9915,24611
9916,24612
9917,24613
9918,24614
9919,24615
9920,24616
9921,24617
9922,24618
9923,24619
9924,24620
9925,24621
9926,24622
9927,24623
9928,24624
9929,24625
9930,24626
9931,24627
9932,24628
9933,24629
9934,24630
9935,24631
9936,24632
9937,24633
9938,24634
9939,24635
9940,24636
9941,24637
9942,24638
9943,24639
9944,24640
9945,24641
9946,24642
9947,24643
9948,24644
9949,24645
9950,24646
9951,24647
9952,24648
9953,24649
9954,24650
9955,24651
9956,24652
9957,24653
9958,24654
9959,24655
9960,24656
9961,24657
9962,24658
9963,24659
9964,24660
9965,24661
9966,24662
9967,24663
9968,24664
9969,24665
9970,24666
9971,24667
9972,24668
9973,24669
9974,24670
9975,24671
9976,24672
9977,24673
9978,24674
9979,24675
9980,24676
9981,24677
9982,24678
9983,24679
9984,24680
9985,24681
9986,24682
9987,24683
9988,24684
9989,24685
9990,24686
9991,24687
9992,24688
9993,24689
9994,24690
9995,24691
9996,24692
9997,24693
9998,24694
9999,24695
10000,24696
10001,24697
10002,24698
10003,24699
10004,24700
10005,24701
10006,24702
10007,24703
10008,24704
10009,24705
10010,24706
10011,24707
10012,24708
10013,24709
10014,24710
10015,24711
10016,24712
10017,24713
10018,24714
10019,24715
10020,24716
10021,24717
10022,24718
10023,24719
10024,24720
10025,24721
10026,24722
10027,24723
10028,24724
10029,24725
10030,24726
10031,24727
10032,24728
10033,24729
10034,24730
10035,24731
10036,24732
10037,24733
10038,24734
10039,24735
10040,24736
10041,24737
10042,24738
10043,24739
10044,24740
10045,24741
10046,24742
10047,24743
10048,24744
10049,24745
10050,24746
10051,24747
10052,24748
10053,24749
10054,24750
10055,24751
10056,24752
10057,24753
10058,24754
10059,24755
10060,24756
10061,24757
10062,24758
10063,24759
10064,24760
10065,24761
10066,24762
10067,24763
10068,24764
10069,24765
10070,24766
10071,24767
10072,24768
10073,24769
10074,24770
10075,24771
10076,24772
10077,24773
10078,24774
10079,24775
10080,24776
10081,24777
10082,24778
10083,24779
10084,24780
10085,24781
10086,24782
10087,24783
10088,24784
10089,24785
10090,24786
10091,24787
10092,24788
10093,24789
10094,24790
10095,24791
10096,24792
10097,24793
10098,24794
10099,24795
10100,24796
10101,24797
10102,24798
10103,24799
10104,24800
10105,24801
10106,24802
10107,24803
10108,24804
10109,24805
10110,24806
10111,24807
10112,24808
10113,24809
10114,24810
10115,24811
10116,24812
10117,24813
10118,24814
10119,24815
10120,24816
10121,24817
10122,24818
10123,24819
10124,24820
10125,24821
10126,24822
10127,24823
10128,24824
10129,24825
10130,24826
10131,24827
10132,24828
10133,24829
10134,24830
10135,24831
10136,24832
10137,24833
10138,24834
10139,24835
10140,24836
10141,24837
10142,24838
10143,24839
10144,24840
10145,24841
10146,24842
10147,24843
10148,24844
10149,24845
10150,24846
10151,24847
10152,24848
10153,24849
10154,24850
10155,24851
10156,24852
10157,24853
10158,24854
10159,24855
10160,24856
10161,24857
10162,24858
10163,24859
10164,24860
10165,24861
10166,24862
10167,24863
10168,24864
10169,24865
10170,24866
10171,24867
10172,24868
10173,24869
10174,24870
10175,24871
10176,24872
10177,24873
10178,24874
10179,24875
10180,24876
10181,24877
10182,24878
10183,24879
10184,24880
10185,24881
10186,24882
10187,24883
10188,24884
10189,24885
10190,24886
10191,24887
10192,24888
10193,24889
10194,24890
10195,24891
10196,24892
10197,24893
10198,24894
10199,24895
10200,24896
10201,24897
10202,24898
10203,24899
10204,24900
10205,24901
10206,24902
10207,24903
10208,24904
10209,24905
10210,24906
10211,24907
10212,24908
10213,24909
10214,24910
10215,24911
10216,24912
10217,24913
10218,24914
10219,24915
10220,24916
10221,24917
10222,24918
10223,24919
10224,24920
10225,24921
10226,24922
10227,24923
10228,24924
10229,24925
10230,24926
10231,24927
10232,24928
10233,24929
10234,24930
10235,24931
10236,24932
10237,24933
10238,24934
10239,24935
10240,24936
10241,24937
10242,24938
10243,24939
10244,24940
10245,24941
10246,24942
10247,24943
10248,24944
10249,24945
10250,24946
10251,24947
10252,24948
10253,24949
10254,24950
10255,24951
10256,24952
10257,24953
10258,24954
10259,24955
10260,24956
10261,24957
10262,24958
10263,24959
10264,24960
10265,24961
10266,24962
10267,24963
10268,24964
10269,24965
10270,24966
10271,24967
10272,24968
10273,24969
10274,24970
10275,24971
10276,24972
10277,24973
10278,24974
10279,24975
10280,24976
10281,24977
10282,24978
10283,24979
10284,24980
10285,24981
10286,24982
10287,24983
10288,24984
10289,24985
10290,24986
10291,24987
10292,24988
10293,24989
10294,24990
10295,24991
10296,24992
10297,24993
10298,24994
10299,24995
10300,24996
10301,24997
10302,24998
10303,24999
10304,25000
10305,25001
10306,25002
10307,25003
10308,25004
10309,25005
10310,25006
10311,25007
10312,25008
10313,25009
10314,25010
10315,25011
10316,25012
10317,25013
10318,25014
10319,25015
10320,25016
10321,25017
10322,25018
10323,25019
10324,25020
10325,25021
10326,25022
10327,25023
10328,25024
10329,25025
10330,25026
10331,25027
10332,25028
10333,25029
10334,25030
10335,25031
10336,25032
10337,25033
10338,25034
10339,25035
10340,25036
10341,25037
10342,25038
10343,25039
10344,25040
10345,25041
10346,25042
10347,25043
10348,25044
10349,25045
10350,25046
10351,25047
10352,25048
10353,25049
10354,25050
10355,25051
10356,25052
10357,25053
10358,25054
10359,25055
10360,25056
10361,25057
10362,25058
10363,25059
10364,25060
10365,25061
10366,25062
10367,25063
10368,25064
10369,25065
10370,25066
10371,25067
10372,25068
10373,25069
10374,25070
10375,25071
10376,25072
10377,25073
10378,25074
10379,25075
10380,25076
10381,25077
10382,25078
10383,25079
10384,25080
10385,25081
10386,25082
10387,25083
10388,25084
10389,25085
10390,25086
10391,25087
10392,25088
10393,25089
10394,25090
10395,25091
10396,25092
10397,25093
10398,25094
10399,25095
10400,25096
10401,25097
10402,25098
10403,25099
10404,25100
10405,25101
10406,25102
10407,25103
10408,25104
10409,25105
10410,25106
10411,25107
10412,25108
10413,25109
10414,25110
10415,25111
10416,25112
10417,25113
10418,25114
10419,25115
10420,25116
10421,25117
10422,25118
10423,25119
10424,25120
10425,25121
10426,25122
10427,25123
10428,25124
10429,25125
10430,25126
10431,25127
10432,25128
10433,25129
10434,25130
10435,25131
10436,25132
10437,25133
10438,25134
10439,25135
10440,25136
10441,25137
10442,25138
10443,25139
10444,25140
10445,25141
10446,25142
10447,25143
10448,25144
10449,25145
10450,25146
10451,25147
10452,25148
10453,25149
10454,25150
10455,25151
10456,25152
10457,25153
10458,25154
10459,25155
10460,25156
10461,25157
10462,25158
10463,25159
10464,25160
10465,25161
10466,25162
10467,25163
10468,25164
10469,25165
10470,25166
10471,25167
10472,25168
10473,25169
10474,25170
10475,25171
10476,25172
10477,25173
10478,25174
10479,25175
10480,25176
10481,25177
10482,25178
10483,25179
10484,25180
10485,25181
10486,25182
10487,25183
10488,25184
10489,25185
10490,25186
10491,25187
10492,25188
10493,25189
10494,25190
10495,25191
10496,25192
10497,25193
10498,25194
10499,25195
10500,25196
10501,25197
10502,25198
10503,25199
10504,25200
10505,25201
10506,25202
10507,25203
10508,25204
10509,25205
10510,25206
10511,25207
10512,25208
10513,25209
10514,25210
10515,25211
10516,25212
10517,25213
10518,25214
10519,25215
10520,25216
10521,25217
10522,25218
10523,25219
10524,25220
10525,25221
10526,25222
10527,25223
10528,25224
10529,25225
10530,25226
10531,25227
10532,25228
10533,25229
10534,25230
10535,25231
10536,25232
10537,25233
10538,25234
10539,25235
10540,25236
10541,25237
10542,25238
10543,25239
10544,25240
10545,25241
10546,25242
10547,25243
10548,25244
10549,25245
10550,25246
10551,25247
10552,25248
10553,25249
10554,25250
10555,25251
10556,25252
10557,25253
10558,25254
10559,25255
10560,25256
10561,25257
10562,25258
10563,25259
10564,25260
10565,25261
10566,25262
10567,25263
10568,25264
10569,25265
10570,25266
10571,25267
10572,25268
10573,25269
10574,25270
10575,25271
10576,25272
10577,25273
10578,25274
10579,25275
10580,25276
10581,25277
10582,25278
10583,25279
10584,25280
10585,25281
10586,25282
10587,25283
10588,25284
10589,25285
10590,25286
10591,25287
10592,25288
10593,25289
10594,25290
10595,25291
10596,25292
10597,25293
10598,25294
10599,25295
10600,25296
10601,25297
10602,25298
10603,25299
10604,25300
10605,25301
10606,25302
10607,25303
10608,25304
10609,25305
10610,25306
10611,25307
10612,25308
10613,25309
10614,25310
10615,25311
10616,25312
10617,25313
10618,25314
10619,25315
10620,25316
10621,25317
10622,25318
10623,25319
10624,25320
10625,25321
10626,25322
10627,25323
10628,25324
10629,25325
10630,25326
10631,25327
10632,25328
10633,25329
10634,25330
10635,25331
10636,25332
10637,25333
10638,25334
10639,25335
10640,25336
10641,25337
10642,25338
10643,25339
10644,25340
10645,25341
10646,25342
10647,25343
10648,25344
10649,25345
10650,25346
10651,25347
10652,25348
10653,25349
10654,25350
10655,25351
10656,25352
10657,25353
10658,25354
10659,25355
10660,25356
10661,25357
10662,25358
10663,25359
10664,25360
10665,25361
10666,25362
10667,25363
10668,25364
10669,25365
10670,25366
10671,25367
10672,25368
10673,25369
10674,25370
10675,25371
10676,25372
10677,25373
10678,25374
10679,25375
10680,25376
10681,25377
10682,25378
10683,25379
10684,25380
10685,25381
10686,25382
10687,25383
10688,25384
10689,25385
10690,25386
10691,25387
10692,25388
10693,25389
10694,25390
10695,25391
10696,25392
10697,25393
10698,25394
10699,25395
10700,25396
10701,25397
10702,25398
10703,25399
10704,25400
10705,25401
10706,25402
10707,25403
10708,25404
10709,25405
10710,25406
10711,25407
10712,25408
10713,25409
10714,25410
10715,25411
10716,25412
10717,25413
10718,25414
10719,25415
10720,25416
10721,25417
10722,25418
10723,25419
10724,25420
10725,25421
10726,25422
10727,25423
10728,25424
10729,25425
10730,25426
10731,25427
10732,25428
10733,25429
10734,25430
10735,25431
10736,25432
10737,25433
10738,25434
10739,25435
10740,25436
10741,25437
10742,25438
10743,25439
10744,25440
10745,25441
10746,25442
10747,25443
10748,25444
10749,25445
10750,25446
10751,25447
10752,25448
10753,25449
10754,25450
10755,25451
10756,25452
10757,25453
10758,25454
10759,25455
10760,25456
10761,25457
10762,25458
10763,25459
10764,25460
10765,25461
10766,25462
10767,25463
10768,25464
10769,25465
10770,25466
10771,25467
10772,25468
10773,25469
10774,25470
10775,25471
10776,25472
10777,25473
10778,25474
10779,25475
10780,25476
10781,25477
10782,25478
10783,25479
10784,25480
10785,25481
10786,25482
10787,25483
10788,25484
10789,25485
10790,25486
10791,25487
10792,25488
10793,25489
10794,25490
10795,25491
10796,25492
10797,25493
10798,25494
10799,25495
10800,25496
10801,25497
10802,25498
10803,25499
10804,25500
10805,25501
10806,25502
10807,25503
10808,25504
10809,25505
10810,25506
10811,25507
10812,25508
10813,25509
10814,25510
10815,25511
10816,25512
10817,25513
10818,25514
10819,25515
10820,25516
10821,25517
10822,25518
10823,25519
10824,25520
10825,25521
10826,25522
10827,25523
10828,25524
10829,25525
10830,25526
10831,25527
10832,25528
10833,25529
10834,25530
10835,25531
10836,25532
10837,25533
10838,25534
10839,25535
10840,25536
10841,25537
10842,25538
10843,25539
10844,25540
10845,25541
10846,25542
10847,25543
10848,25544
10849,25545
10850,25546
10851,25547
10852,25548
10853,25549
10854,25550
10855,25551
10856,25552
10857,25553
10858,25554
10859,25555
10860,25556
10861,25557
10862,25558
10863,25559
10864,25560
10865,25561
10866,25562
10867,25563
10868,25564
10869,25565
10870,25566
10871,25567
10872,25568
10873,25569
10874,25570
10875,25571
10876,25572
10877,25573
10878,25574
10879,25575
10880,25576
10881,25577
10882,25578
10883,25579
10884,25580
10885,25581
10886,25582
10887,25583
10888,25584
10889,25585
10890,25586
10891,25587
10892,25588
10893,25589
10894,25590
10895,25591
10896,25592
10897,25593
10898,25594
10899,25595
10900,25596
10901,25597
10902,25598
10903,25599
10904,25600
10905,25601
10906,25602
10907,25603
10908,25604
10909,25605
10910,25606
10911,25607
10912,25608
10913,25609
10914,25610
10915,25611
10916,25612
10917,25613
10918,25614
10919,25615
10920,25616
10921,25617
10922,25618
10923,25619
10924,25620
10925,25621
10926,25622
10927,25623
10928,25624
10929,25625
10930,25626
10931,25627
10932,25628
10933,25629
10934,25630
10935,25631
10936,25632
10937,25633
10938,25634
10939,25635
10940,25636
10941,25637
10942,25638
10943,25639
10944,25640
10945,25641
10946,25642
10947,25643
10948,25644
10949,25645
10950,25646
10951,25647
10952,25648
10953,25649
10954,25650
10955,25651
10956,25652
10957,25653
10958,25654
10959,25655
10960,25656
10961,25657
10962,25658
10963,25659
10964,25660
10965,25661
10966,25662
10967,25663
10968,25664
10969,25665
10970,25666
10971,25667
10972,25668
10973,25669
10974,25670
10975,25671
10976,25672
10977,25673
10978,25674
10979,25675
10980,25676
10981,25677
10982,25678
10983,25679
10984,25680
10985,25681
10986,25682
10987,25683
10988,25684
10989,25685
10990,25686
10991,25687
10992,25688
10993,25689
10994,25690
10995,25691
10996,25692
10997,25693
10998,25694
10999,25695
11000,25696
11001,25697
11002,25698
11003,25699
11004,25700
11005,25701
11006,25702
11007,25703
11008,25704
11009,25705
11010,25706
11011,25707
11012,25708
11013,25709
11014,25710
11015,25711
11016,25712
11017,25713
11018,25714
11019,25715
11020,25716
11021,25717
11022,25718
11023,25719
11024,25720
11025,25721
11026,25722
11027,25723
11028,25724
11029,25725
11030,25726
11031,25727
11032,25728
11033,25729
11034,25730
11035,25731
11036,25732
11037,25733
11038,25734
11039,25735
11040,25736
11041,25737
11042,25738
11043,25739
11044,25740
11045,25741
11046,25742
11047,25743
11048,25744
11049,25745
11050,25746
11051,25747
11052,25748
11053,25749
11054,25750
11055,25751
11056,25752
11057,25753
11058,25754
11059,25755
11060,25756
11061,25757
11062,25758
11063,25759
11064,25760
11065,25761
11066,25762
11067,25763
11068,25764
11069,25765
11070,25766
11071,25767
11072,25768
11073,25769
11074,25770
11075,25771
11076,25772
11077,25773
11078,25774
11079,25775
11080,25776
11081,25777
11082,25778
11083,25779
11084,25780
11085,25781
11086,25782
11087,25783
11088,25784
11089,25785
11090,25786
11091,25787
11092,25788
11093,25789
11094,25790
11095,25791
11096,25792
11097,25793
11098,25794
11099,25795
11100,25796
11101,25797
11102,25798
11103,25799
11104,25800
11105,25801
11106,25802
11107,25803
11108,25804
11109,25805
11110,25806
11111,25807
11112,25808
11113,25809
11114,25810
11115,25811
11116,25812
11117,25813
11118,25814
11119,25815
11120,25816
11121,25817
11122,25818
11123,25819
11124,25820
11125,25821
11126,25822
11127,25823
11128,25824
11129,25825
11130,25826
11131,25827
11132,25828
11133,25829
11134,25830
11135,25831
11136,25832
11137,25833
11138,25834
11139,25835
11140,25836
11141,25837
11142,25838
11143,25839
11144,25840
11145,25841
11146,25842
11147,25843
11148,25844
11149,25845
11150,25846
11151,25847
11152,25848
11153,25849
11154,25850
11155,25851
11156,25852
11157,25853
11158,25854
11159,25855
11160,25856
11161,25857
11162,25858
11163,25859
11164,25860
11165,25861
11166,25862
11167,25863
11168,25864
11169,25865
11170,25866
11171,25867
11172,25868
11173,25869
11174,25870
11175,25871
11176,25872
11177,25873
11178,25874
11179,25875
11180,25876
11181,25877
11182,25878
11183,25879
11184,25880
11185,25881
11186,25882
11187,25883
11188,25884
11189,25885
11190,25886
11191,25887
11192,25888
11193,25889
11194,25890
11195,25891
11196,25892
11197,25893
11198,25894
11199,25895
11200,25896
11201,25897
11202,25898
11203,25899
11204,25900
11205,25901
11206,25902
11207,25903
11208,25904
11209,25905
11210,25906
11211,25907
11212,25908
11213,25909
11214,25910
11215,25911
11216,25912
11217,25913
11218,25914
11219,25915
11220,25916
11221,25917
11222,25918
11223,25919
11224,25920
11225,25921
11226,25922
11227,25923
11228,25924
11229,25925
11230,25926
11231,25927
11232,25928
11233,25929
11234,25930
11235,25931
11236,25932
11237,25933
11238,25934
11239,25935
11240,25936
11241,25937
11242,25938
11243,25939
11244,25940
11245,25941
11246,25942
11247,25943
11248,25944
11249,25945
11250,25946
11251,25947
11252,25948
11253,25949
11254,25950
11255,25951
11256,25952
11257,25953
11258,25954
11259,25955
11260,25956
11261,25957
11262,25958
11263,25959
11264,25960
11265,25961
11266,25962
11267,25963
11268,25964
11269,25965
11270,25966
11271,25967
11272,25968
11273,25969
11274,25970
11275,25971
11276,25972
11277,25973
11278,25974
11279,25975
11280,25976
11281,25977
11282,25978
11283,25979
11284,25980
11285,25981
11286,25982
11287,25983
11288,25984
11289,25985
11290,25986
11291,25987
11292,25988
11293,25989
11294,25990
11295,25991
11296,25992
11297,25993
11298,25994
11299,25995
11300,25996
11301,25997
11302,25998
11303,25999
11304,26000
11305,26001
11306,26002
11307,26003
11308,26004
11309,26005
11310,26006
11311,26007
11312,26008
11313,26009
11314,26010
11315,26011
11316,26012
11317,26013
11318,26014
11319,26015
11320,26016
11321,26017
11322,26018
11323,26019
11324,26020
11325,26021
11326,26022
11327,26023
11328,26024
11329,26025
11330,26026
11331,26027
11332,26028
11333,26029
11334,26030
11335,26031
11336,26032
11337,26033
11338,26034
11339,26035
11340,26036
11341,26037
11342,26038
11343,26039
11344,26040
11345,26041
11346,26042
11347,26043
11348,26044
11349,26045
11350,26046
11351,26047
11352,26048
11353,26049
11354,26050
11355,26051
11356,26052
11357,26053
11358,26054
11359,26055
11360,26056
11361,26057
11362,26058
11363,26059
11364,26060
11365,26061
11366,26062
11367,26063
11368,26064
11369,26065
11370,26066
11371,26067
11372,26068
11373,26069
11374,26070
11375,26071
11376,26072
11377,26073
11378,26074
11379,26075
11380,26076
11381,26077
11382,26078
11383,26079
11384,26080
11385,26081
11386,26082
11387,26083
11388,26084
11389,26085
11390,26086
11391,26087
11392,26088
11393,26089
11394,26090
11395,26091
11396,26092
11397,26093
11398,26094
11399,26095
11400,26096
11401,26097
11402,26098
11403,26099
11404,26100
11405,26101
11406,26102
11407,26103
11408,26104
11409,26105
11410,26106
11411,26107
11412,26108
11413,26109
11414,26110
11415,26111
11416,26112
11417,26113
11418,26114
11419,26115
11420,26116
11421,26117
11422,26118
11423,26119
11424,26120
11425,26121
11426,26122
11427,26123
11428,26124
11429,26125
11430,26126
11431,26127
11432,26128
11433,26129
11434,26130
11435,26131
11436,26132
11437,26133
11438,26134
11439,26135
11440,26136
11441,26137
11442,26138
11443,26139
11444,26140
11445,26141
11446,26142
11447,26143
11448,26144
11449,26145
11450,26146
11451,26147
11452,26148
11453,26149
11454,26150
11455,26151
11456,26152
11457,26153
11458,26154
11459,26155
11460,26156
11461,26157
11462,26158
11463,26159
11464,26160
11465,26161
11466,26162
11467,26163
11468,26164
11469,26165
11470,26166
11471,26167
11472,26168
11473,26169
11474,26170
11475,26171
11476,26172
11477,26173
11478,26174
11479,26175
11480,26176
11481,26177
11482,26178
11483,26179
11484,26180
11485,26181
11486,26182
11487,26183
11488,26184
11489,26185
11490,26186
11491,26187
11492,26188
11493,26189
11494,26190
11495,26191
11496,26192
11497,26193
11498,26194
11499,26195
11500,26196
11501,26197
11502,26198
11503,26199
11504,26200
11505,26201
11506,26202
11507,26203
11508,26204
11509,26205
11510,26206
11511,26207
11512,26208
11513,26209
11514,26210
11515,26211
11516,26212
11517,26213
11518,26214
11519,26215
11520,26216
11521,26217
11522,26218
11523,26219
11524,26220
11525,26221
11526,26222
11527,26223
11528,26224
11529,26225
11530,26226
11531,26227
11532,26228
11533,26229
11534,26230
11535,26231
11536,26232
11537,26233
11538,26234
11539,26235
11540,26236
11541,26237
11542,26238
11543,26239
11544,26240
11545,26241
11546,26242
11547,26243
11548,26244
11549,26245
11550,26246
11551,26247
11552,26248
11553,26249
11554,26250
11555,26251
11556,26252
11557,26253
11558,26254
11559,26255
11560,26256
11561,26257
11562,26258
11563,26259
11564,26260
11565,26261
11566,26262
11567,26263
11568,26264
11569,26265
11570,26266
11571,26267
11572,26268
11573,26269
11574,26270
11575,26271
11576,26272
11577,26273
11578,26274
11579,26275
11580,26276
11581,26277
11582,26278
11583,26279
11584,26280
11585,26281
11586,26282
11587,26283
11588,26284
11589,26285
11590,26286
11591,26287
11592,26288
11593,26289
11594,26290
11595,26291
11596,26292
11597,26293
11598,26294
11599,26295
11600,26296
11601,26297
11602,26298
11603,26299
11604,26300
11605,26301
11606,26302
11607,26303
11608,26304
11609,26305
11610,26306
11611,26307
11612,26308
11613,26309
11614,26310
11615,26311
11616,26312
11617,26313
11618,26314
11619,26315
11620,26316
11621,26317
11622,26318
11623,26319
11624,26320
11625,26321
11626,26322
11627,26323
11628,26324
11629,26325
11630,26326
11631,26327
11632,26328
11633,26329
11634,26330
11635,26331
11636,26332
11637,26333
11638,26334
11639,26335
11640,26336
11641,26337
11642,26338
11643,26339
11644,26340
11645,26341
11646,26342
11647,26343
11648,26344
11649,26345
11650,26346
11651,26347
11652,26348
11653,26349
11654,26350
11655,26351
11656,26352
11657,26353
11658,26354
11659,26355
11660,26356
11661,26357
11662,26358
11663,26359
11664,26360
11665,26361
11666,26362
11667,26363
11668,26364
11669,26365
11670,26366
11671,26367
11672,26368
11673,26369
11674,26370
11675,26371
11676,26372
11677,26373
11678,26374
11679,26375
11680,26376
11681,26377
11682,26378
11683,26379
11684,26380
11685,26381
11686,26382
11687,26383
11688,26384
11689,26385
11690,26386
11691,26387
11692,26388
11693,26389
11694,26390
11695,26391
11696,26392
11697,26393
11698,26394
11699,26395
11700,26396
11701,26397
11702,26398
11703,26399
11704,26400
11705,26401
11706,26402
11707,26403
11708,26404
11709,26405
11710,26406
11711,26407
11712,26408
11713,26409
11714,26410
11715,26411
11716,26412
11717,26413
11718,26414
11719,26415
11720,26416
11721,26417
11722,26418
11723,26419
11724,26420
11725,26421
11726,26422
11727,26423
11728,26424
11729,26425
11730,26426
11731,26427
11732,26428
11733,26429
11734,26430
11735,26431
11736,26432
11737,26433
11738,26434
11739,26435
11740,26436
11741,26437
11742,26438
11743,26439
11744,26440
11745,26441
11746,26442
11747,26443
11748,26444
11749,26445
11750,26446
11751,26447
11752,26448
11753,26449
11754,26450
11755,26451
11756,26452
11757,26453
11758,26454
11759,26455
11760,26456
11761,26457
11762,26458
11763,26459
11764,26460
11765,26461
11766,26462
11767,26463
11768,26464
11769,26465
11770,26466
11771,26467
11772,26468
11773,26469
11774,26470
11775,26471
11776,26472
11777,26473
11778,26474
11779,26475
11780,26476
11781,26477
11782,26478
11783,26479
11784,26480
11785,26481
11786,26482
11787,26483
11788,26484
11789,26485
11790,26486
11791,26487
11792,26488
11793,26489
11794,26490
11795,26491
11796,26492
11797,26493
11798,26494
11799,26495
11800,26496
11801,26497
11802,26498
11803,26499
11804,26500
11805,26501
11806,26502
11807,26503
11808,26504
11809,26505
11810,26506
11811,26507
11812,26508
11813,26509
11814,26510
11815,26511
11816,26512
11817,26513
11818,26514
11819,26515
11820,26516
11821,26517
11822,26518
11823,26519
11824,26520
11825,26521
11826,26522
11827,26523
11828,26524
11829,26525
11830,26526
11831,26527
11832,26528
11833,26529
11834,26530
11835,26531
11836,26532
11837,26533
11838,26534
11839,26535
11840,26536
11841,26537
11842,26538
11843,26539
11844,26540
11845,26541
11846,26542
11847,26543
11848,26544
11849,26545
11850,26546
11851,26547
11852,26548
11853,26549
11854,26550
11855,26551
11856,26552
11857,26553
11858,26554
11859,26555
11860,26556
11861,26557
11862,26558
11863,26559
11864,26560
11865,26561
11866,26562
11867,26563
11868,26564
11869,26565
11870,26566
11871,26567
11872,26568
11873,26569
11874,26570
11875,26571
11876,26572
11877,26573
11878,26574
11879,26575
11880,26576
11881,26577
11882,26578
11883,26579
11884,26580
11885,26581
11886,26582
11887,26583
11888,26584
11889,26585
11890,26586
11891,26587
11892,26588
11893,26589
11894,26590
11895,26591
11896,26592
11897,26593
11898,26594
11899,26595
11900,26596
11901,26597
11902,26598
11903,26599
11904,26600
11905,26601
11906,26602
11907,26603
11908,26604
11909,26605
11910,26606
11911,26607
11912,26608
11913,26609
11914,26610
11915,26611
11916,26612
11917,26613
11918,26614
11919,26615
11920,26616
11921,26617
11922,26618
11923,26619
11924,26620
11925,26621
11926,26622
11927,26623
11928,26624
11929,26625
11930,26626
11931,26627
11932,26628
11933,26629
11934,26630
11935,26631
11936,26632
11937,26633
11938,26634
11939,26635
11940,26636
11941,26637
11942,26638
11943,26639
11944,26640
11945,26641
11946,26642
11947,26643
11948,26644
11949,26645
11950,26646
11951,26647
11952,26648
11953,26649
11954,26650
11955,26651
11956,26652
11957,26653
11958,26654
11959,26655
11960,26656
11961,26657
11962,26658
11963,26659
11964,26660
11965,26661
11966,26662
11967,26663
11968,26664
11969,26665
11970,26666
11971,26667
11972,26668
11973,26669
11974,26670
11975,26671
11976,26672
11977,26673
11978,26674
11979,26675
11980,26676
11981,26677
11982,26678
11983,26679
11984,26680
11985,26681
11986,26682
11987,26683
11988,26684
11989,26685
11990,26686
11991,26687
11992,26688
11993,26689
11994,26690
11995,26691
11996,26692
11997,26693
11998,26694
11999,26695
12000,26696
12001,26697
12002,26698
12003,26699
12004,26700
12005,26701
12006,26702
12007,26703
12008,26704
12009,26705
12010,26706
12011,26707
12012,26708
12013,26709
12014,26710
12015,26711
12016,26712
12017,26713
12018,26714
12019,26715
12020,26716
12021,26717
12022,26718
12023,26719
12024,26720
12025,26721
12026,26722
12027,26723
12028,26724
12029,26725
12030,26726
12031,26727
12032,26728
12033,26729
12034,26730
12035,26731
12036,26732
12037,26733
12038,26734
12039,26735
12040,26736
12041,26737
12042,26738
12043,26739
12044,26740
12045,26741
12046,26742
12047,26743
12048,26744
12049,26745
12050,26746
12051,26747
12052,26748
12053,26749
12054,26750
12055,26751
12056,26752
12057,26753
12058,26754
12059,26755
12060,26756
12061,26757
12062,26758
12063,26759
12064,26760
12065,26761
12066,26762
12067,26763
12068,26764
12069,26765
12070,26766
12071,26767
12072,26768
12073,26769
12074,26770
12075,26771
12076,26772
12077,26773
12078,26774
12079,26775
12080,26776
12081,26777
12082,26778
12083,26779
12084,26780
12085,26781
12086,26782
12087,26783
12088,26784
12089,26785
12090,26786
12091,26787
12092,26788
12093,26789
12094,26790
12095,26791
12096,26792
12097,26793
12098,26794
12099,26795
12100,26796
12101,26797
12102,26798
12103,26799
12104,26800
12105,26801
12106,26802
12107,26803
12108,26804
12109,26805
12110,26806
12111,26807
12112,26808
12113,26809
12114,26810
12115,26811
12116,26812
12117,26813
12118,26814
12119,26815
12120,26816
12121,26817
12122,26818
12123,26819
12124,26820
12125,26821
12126,26822
12127,26823
12128,26824
12129,26825
12130,26826
12131,26827
12132,26828
12133,26829
12134,26830
12135,26831
12136,26832
12137,26833
12138,26834
12139,26835
12140,26836
12141,26837
12142,26838
12143,26839
12144,26840
12145,26841
12146,26842
12147,26843
12148,26844
12149,26845
12150,26846
12151,26847
12152,26848
12153,26849
12154,26850
12155,26851
12156,26852
12157,26853
12158,26854
12159,26855
12160,26856
12161,26857
12162,26858
12163,26859
12164,26860
12165,26861
12166,26862
12167,26863
12168,26864
12169,26865
12170,26866
12171,26867
12172,26868
12173,26869
12174,26870
12175,26871
12176,26872
12177,26873
12178,26874
12179,26875
12180,26876
12181,26877
12182,26878
12183,26879
12184,26880
12185,26881
12186,26882
12187,26883
12188,26884
12189,26885
12190,26886
12191,26887
12192,26888
12193,26889
12194,26890
12195,26891
12196,26892
12197,26893
12198,26894
12199,26895
12200,26896
12201,26897
12202,26898
12203,26899
12204,26900
12205,26901
12206,26902
12207,26903
12208,26904
12209,26905
12210,26906
12211,26907
12212,26908
12213,26909
12214,26910
12215,26911
12216,26912
12217,26913
12218,26914
12219,26915
12220,26916
12221,26917
12222,26918
12223,26919
12224,26920
12225,26921
12226,26922
12227,26923
12228,26924
12229,26925
12230,26926
12231,26927
12232,26928
12233,26929
12234,26930
12235,26931
12236,26932
12237,26933
12238,26934
12239,26935
12240,26936
12241,26937
12242,26938
12243,26939
12244,26940
12245,26941
12246,26942
12247,26943
12248,26944
12249,26945
12250,26946
12251,26947
12252,26948
12253,26949
12254,26950
12255,26951
12256,26952
12257,26953
12258,26954
12259,26955
12260,26956
12261,26957
12262,26958
12263,26959
12264,26960
12265,26961
12266,26962
12267,26963
12268,26964
12269,26965
12270,26966
12271,26967
12272,26968
12273,26969
12274,26970
12275,26971
12276,26972
12277,26973
12278,26974
12279,26975
12280,26976
12281,26977
12282,26978
12283,26979
12284,26980
12285,26981
12286,26982
12287,26983
12288,26984
12289,26985
12290,26986
12291,26987
12292,26988
12293,26989
12294,26990
12295,26991
12296,26992
12297,26993
12298,26994
12299,26995
12300,26996
12301,26997
12302,26998
12303,26999
12304,27000
12305,27001
12306,27002
12307,27003
12308,27004
12309,27005
12310,27006
12311,27007
12312,27008
12313,27009
12314,27010
12315,27011
12316,27012
12317,27013
12318,27014
12319,27015
12320,27016
12321,27017
12322,27018
12323,27019
12324,27020
12325,27021
12326,27022
12327,27023
12328,27024
12329,27025
12330,27026
12331,27027
12332,27028
12333,27029
12334,27030
12335,27031
12336,27032
12337,27033
12338,27034
12339,27035
12340,27036
12341,27037
12342,27038
12343,27039
12344,27040
12345,27041
12346,27042
12347,27043
12348,27044
12349,27045
12350,27046
12351,27047
12352,27048
12353,27049
12354,27050
12355,27051
12356,27052
12357,27053
12358,27054
12359,27055
12360,27056
12361,27057
12362,27058
12363,27059
12364,27060
12365,27061
12366,27062
12367,27063
12368,27064
12369,27065
12370,27066
12371,27067
12372,27068
12373,27069
12374,27070
12375,27071
12376,27072
12377,27073
12378,27074
12379,27075
12380,27076
12381,27077
12382,27078
12383,27079
12384,27080
12385,27081
12386,27082
12387,27083
12388,27084
12389,27085
12390,27086
12391,27087
12392,27088
12393,27089
12394,27090
12395,27091
12396,27092
12397,27093
12398,27094
12399,27095
12400,27096
12401,27097
12402,27098
12403,27099
12404,27100
12405,27101
12406,27102
12407,27103
12408,27104
12409,27105
12410,27106
12411,27107
12412,27108
12413,27109
12414,27110
12415,27111
12416,27112
12417,27113
12418,27114
12419,27115
12420,27116
12421,27117
12422,27118
12423,27119
12424,27120
12425,27121
12426,27122
12427,27123
12428,27124
12429,27125
12430,27126
12431,27127
12432,27128
12433,27129
12434,27130
12435,27131
12436,27132
12437,27133
12438,27134
12439,27135
12440,27136
12441,27137
12442,27138
12443,27139
12444,27140
12445,27141
12446,27142
12447,27143
12448,27144
12449,27145
12450,27146
12451,27147
12452,27148
12453,27149
12454,27150
12455,27151
12456,27152
12457,27153
12458,27154
12459,27155
12460,27156
12461,27157
12462,27158
12463,27159
12464,27160
12465,27161
12466,27162
12467,27163
12468,27164
12469,27165
12470,27166
12471,27167
12472,27168
12473,27169
12474,27170
12475,27171
12476,27172
12477,27173
12478,27174
12479,27175
12480,27176
12481,27177
12482,27178
12483,27179
12484,27180
12485,27181
12486,27182
12487,27183
12488,27184
12489,27185
12490,27186
12491,27187
12492,27188
12493,27189
12494,27190
12495,27191
12496,27192
12497,27193
12498,27194
12499,27195
12500,27196
12501,27197
12502,27198
12503,27199
12504,27200
12505,27201
12506,27202
12507,27203
12508,27204
12509,27205
12510,27206
12511,27207
12512,27208
12513,27209
12514,27210
12515,27211
12516,27212
12517,27213
12518,27214
12519,27215
12520,27216
12521,27217
12522,27218
12523,27219
12524,27220
12525,27221
12526,27222
12527,27223
12528,27224
12529,27225
12530,27226
12531,27227
12532,27228
12533,27229
12534,27230
12535,27231
12536,27232
12537,27233
12538,27234
12539,27235
12540,27236
12541,27237
12542,27238
12543,27239
12544,27240
12545,27241
12546,27242
12547,27243
12548,27244
12549,27245
12550,27246
12551,27247
12552,27248
12553,27249
12554,27250
12555,27251
12556,27252
12557,27253
12558,27254
12559,27255
12560,27256
12561,27257
12562,27258
12563,27259
12564,27260
12565,27261
12566,27262
12567,27263
12568,27264
12569,27265
12570,27266
12571,27267
12572,27268
12573,27269
12574,27270
12575,27271
12576,27272
12577,27273
12578,27274
12579,27275
12580,27276
12581,27277
12582,27278
12583,27279
12584,27280
12585,27281
12586,27282
12587,27283
12588,27284
12589,27285
12590,27286
12591,27287
12592,27288
12593,27289
12594,27290
12595,27291
12596,27292
12597,27293
12598,27294
12599,27295
12600,27296
12601,27297
12602,27298
12603,27299
12604,27300
12605,27301
12606,27302
12607,27303
12608,27304
12609,27305
12610,27306
12611,27307
12612,27308
12613,27309
12614,27310
12615,27311
12616,27312
12617,27313
12618,27314
12619,27315
12620,27316
12621,27317
12622,27318
12623,27319
12624,27320
12625,27321
12626,27322
12627,27323
12628,27324
12629,27325
12630,27326
12631,27327
12632,27328
12633,27329
12634,27330
12635,27331
12636,27332
12637,27333
12638,27334
12639,27335
12640,27336
12641,27337
12642,27338
12643,27339
12644,27340
12645,27341
12646,27342
12647,27343
12648,27344
12649,27345
12650,27346
12651,27347
12652,27348
12653,27349
12654,27350
12655,27351
12656,27352
12657,27353
12658,27354
12659,27355
12660,27356
12661,27357
12662,27358
12663,27359
12664,27360
12665,27361
12666,27362
12667,27363
12668,27364
12669,27365
12670,27366
12671,27367
12672,27368
12673,27369
12674,27370
12675,27371
12676,27372
12677,27373
12678,27374
12679,27375
12680,27376
12681,27377
12682,27378
12683,27379
12684,27380
12685,27381
12686,27382
12687,27383
12688,27384
12689,27385
12690,27386
12691,27387
12692,27388
12693,27389
12694,27390
12695,27391
12696,27392
12697,27393
12698,27394
12699,27395
12700,27396
12701,27397
12702,27398
12703,27399
12704,27400
12705,27401
12706,27402
12707,27403
12708,27404
12709,27405
12710,27406
12711,27407
12712,27408
12713,27409
12714,27410
12715,27411
12716,27412
12717,27413
12718,27414
12719,27415
12720,27416
12721,27417
12722,27418
12723,27419
12724,27420
12725,27421
12726,27422
12727,27423
12728,27424
12729,27425
12730,27426
12731,27427
12732,27428
12733,27429
12734,27430
12735,27431
12736,27432
12737,27433
12738,27434
12739,27435
12740,27436
12741,27437
12742,27438
12743,27439
12744,27440
12745,27441
12746,27442
12747,27443
12748,27444
12749,27445
12750,27446
12751,27447
12752,27448
12753,27449
12754,27450
12755,27451
12756,27452
12757,27453
12758,27454
12759,27455
12760,27456
12761,27457
12762,27458
12763,27459
12764,27460
12765,27461
12766,27462
12767,27463
12768,27464
12769,27465
12770,27466
12771,27467
12772,27468
12773,27469
12774,27470
12775,27471
12776,27472
12777,27473
12778,27474
12779,27475
12780,27476
12781,27477
12782,27478
12783,27479
12784,27480
12785,27481
12786,27482
12787,27483
12788,27484
12789,27485
12790,27486
12791,27487
12792,27488
12793,27489
12794,27490
12795,27491
12796,27492
12797,27493
12798,27494
12799,27495
12800,27496
12801,27497
12802,27498
12803,27499
12804,27500
12805,27501
12806,27502
12807,27503
12808,27504
12809,27505
12810,27506
12811,27507
12812,27508
12813,27509
12814,27510
12815,27511
12816,27512
12817,27513
12818,27514
12819,27515
12820,27516
12821,27517
12822,27518
12823,27519
12824,27520
12825,27521
12826,27522
12827,27523
12828,27524
12829,27525
12830,27526
12831,27527
12832,27528
12833,27529
12834,27530
12835,27531
12836,27532
12837,27533
12838,27534
12839,27535
12840,27536
12841,27537
12842,27538
12843,27539
12844,27540
12845,27541
12846,27542
12847,27543
12848,27544
12849,27545
12850,27546
12851,27547
12852,27548
12853,27549
12854,27550
12855,27551
12856,27552
12857,27553
12858,27554
12859,27555
12860,27556
12861,27557
12862,27558
12863,27559
12864,27560
12865,27561
12866,27562
12867,27563
12868,27564
12869,27565
12870,27566
12871,27567
12872,27568
12873,27569
12874,27570
12875,27571
12876,27572
12877,27573
12878,27574
12879,27575
12880,27576
12881,27577
12882,27578
12883,27579
12884,27580
12885,27581
12886,27582
12887,27583
12888,27584
12889,27585
12890,27586
12891,27587
12892,27588
12893,27589
12894,27590
12895,27591
12896,27592
12897,27593
12898,27594
12899,27595
12900,27596
12901,27597
12902,27598
12903,27599
12904,27600
12905,27601
12906,27602
12907,27603
12908,27604
12909,27605
12910,27606
12911,27607
12912,27608
12913,27609
12914,27610
12915,27611
12916,27612
12917,27613
12918,27614
12919,27615
12920,27616
12921,27617
12922,27618
12923,27619
12924,27620
12925,27621
12926,27622
12927,27623
12928,27624
12929,27625
12930,27626
12931,27627
12932,27628
12933,27629
12934,27630
12935,27631
12936,27632
12937,27633
12938,27634
12939,27635
12940,27636
12941,27637
12942,27638
12943,27639
12944,27640
12945,27641
12946,27642
12947,27643
12948,27644
12949,27645
12950,27646
12951,27647
12952,27648
12953,27649
12954,27650
12955,27651
12956,27652
12957,27653
12958,27654
12959,27655
12960,27656
12961,27657
12962,27658
12963,27659
12964,27660
12965,27661
12966,27662
12967,27663
12968,27664
12969,27665
12970,27666
12971,27667
12972,27668
12973,27669
12974,27670
12975,27671
12976,27672
12977,27673
12978,27674
12979,27675
12980,27676
12981,27677
12982,27678
12983,27679
12984,27680
12985,27681
12986,27682
12987,27683
12988,27684
12989,27685
12990,27686
12991,27687
12992,27688
12993,27689
12994,27690
12995,27691
12996,27692
12997,27693
12998,27694
12999,27695
13000,27696
13001,27697
13002,27698
13003,27699
13004,27700
13005,27701
13006,27702
13007,27703
13008,27704
13009,27705
13010,27706
13011,27707
13012,27708
13013,27709
13014,27710
13015,27711
13016,27712
13017,27713
13018,27714
13019,27715
13020,27716
13021,27717
13022,27718
13023,27719
13024,27720
13025,27721
13026,27722
13027,27723
13028,27724
13029,27725
13030,27726
13031,27727
13032,27728
13033,27729
13034,27730
13035,27731
13036,27732
13037,27733
13038,27734
13039,27735
13040,27736
13041,27737
13042,27738
13043,27739
13044,27740
13045,27741
13046,27742
13047,27743
13048,27744
13049,27745
13050,27746
13051,27747
13052,27748
13053,27749
13054,27750
13055,27751
13056,27752
13057,27753
13058,27754
13059,27755
13060,27756
13061,27757
13062,27758
13063,27759
13064,27760
13065,27761
13066,27762
13067,27763
13068,27764
13069,27765
13070,27766
13071,27767
13072,27768
13073,27769
13074,27770
13075,27771
13076,27772
13077,27773
13078,27774
13079,27775
13080,27776
13081,27777
13082,27778
13083,27779
13084,27780
13085,27781
13086,27782
13087,27783
13088,27784
13089,27785
13090,27786
13091,27787
13092,27788
13093,27789
13094,27790
13095,27791
13096,27792
13097,27793
13098,27794
13099,27795
13100,27796
13101,27797
13102,27798
13103,27799
13104,27800
13105,27801
13106,27802
13107,27803
13108,27804
13109,27805
13110,27806
13111,27807
13112,27808
13113,27809
13114,27810
13115,27811
13116,27812
13117,27813
13118,27814
13119,27815
13120,27816
13121,27817
13122,27818
13123,27819
13124,27820
13125,27821
13126,27822
13127,27823
13128,27824
13129,27825
13130,27826
13131,27827
13132,27828
13133,27829
13134,27830
13135,27831
13136,27832
13137,27833
13138,27834
13139,27835
13140,27836
13141,27837
13142,27838
13143,27839
13144,27840
13145,27841
13146,27842
13147,27843
13148,27844
13149,27845
13150,27846
13151,27847
13152,27848
13153,27849
13154,27850
13155,27851
13156,27852
13157,27853
13158,27854
13159,27855
13160,27856
13161,27857
13162,27858
13163,27859
13164,27860
13165,27861
13166,27862
13167,27863
13168,27864
13169,27865
13170,27866
13171,27867
13172,27868
13173,27869
13174,27870
13175,27871
13176,27872
13177,27873
13178,27874
13179,27875
13180,27876
13181,27877
13182,27878
13183,27879
13184,27880
13185,27881
13186,27882
13187,27883
13188,27884
13189,27885
13190,27886
13191,27887
13192,27888
13193,27889
13194,27890
13195,27891
13196,27892
13197,27893
13198,27894
13199,27895
13200,27896
13201,27897
13202,27898
13203,27899
13204,27900
13205,27901
13206,27902
13207,27903
13208,27904
13209,27905
13210,27906
13211,27907
13212,27908
13213,27909
13214,27910
13215,27911
13216,27912
13217,27913
13218,27914
13219,27915
13220,27916
13221,27917
13222,27918
13223,27919
13224,27920
13225,27921
13226,27922
13227,27923
13228,27924
13229,27925
13230,27926
13231,27927
13232,27928
13233,27929
13234,27930
13235,27931
13236,27932
13237,27933
13238,27934
13239,27935
13240,27936
13241,27937
13242,27938
13243,27939
13244,27940
13245,27941
13246,27942
13247,27943
13248,27944
13249,27945
13250,27946
13251,27947
13252,27948
13253,27949
13254,27950
13255,27951
13256,27952
13257,27953
13258,27954
13259,27955
13260,27956
13261,27957
13262,27958
13263,27959
13264,27960
13265,27961
13266,27962
13267,27963
13268,27964
13269,27965
13270,27966
13271,27967
13272,27968
13273,27969
13274,27970
13275,27971
13276,27972
13277,27973
13278,27974
13279,27975
13280,27976
13281,27977
13282,27978
13283,27979
13284,27980
13285,27981
13286,27982
13287,27983
13288,27984
13289,27985
13290,27986
13291,27987
13292,27988
13293,27989
13294,27990
13295,27991
13296,27992
13297,27993
13298,27994
13299,27995
13300,27996
13301,27997
13302,27998
13303,27999
13304,28000
13305,28001
13306,28002
13307,28003
13308,28004
13309,28005
13310,28006
13311,28007
13312,28008
13313,28009
13314,28010
13315,28011
13316,28012
13317,28013
13318,28014
13319,28015
13320,28016
13321,28017
13322,28018
13323,28019
13324,28020
13325,28021
13326,28022
13327,28023
13328,28024
13329,28025
13330,28026
13331,28027
13332,28028
13333,28029
13334,28030
13335,28031
13336,28032
13337,28033
13338,28034
13339,28035
13340,28036
13341,28037
13342,28038
13343,28039
13344,28040
13345,28041
13346,28042
13347,28043
13348,28044
13349,28045
13350,28046
13351,28047
13352,28048
13353,28049
13354,28050
13355,28051
13356,28052
13357,28053
13358,28054
13359,28055
13360,28056
13361,28057
13362,28058
13363,28059
13364,28060
13365,28061
13366,28062
13367,28063
13368,28064
13369,28065
13370,28066
13371,28067
13372,28068
13373,28069
13374,28070
13375,28071
13376,28072
13377,28073
13378,28074
13379,28075
13380,28076
13381,28077
13382,28078
13383,28079
13384,28080
13385,28081
13386,28082
13387,28083
13388,28084
13389,28085
13390,28086
13391,28087
13392,28088
13393,28089
13394,28090
13395,28091
13396,28092
13397,28093
13398,28094
13399,28095
13400,28096
13401,28097
13402,28098
13403,28099
13404,28100
13405,28101
13406,28102
13407,28103
13408,28104
13409,28105
13410,28106
13411,28107
13412,28108
13413,28109
13414,28110
13415,28111
13416,28112
13417,28113
13418,28114
13419,28115
13420,28116
13421,28117
13422,28118
13423,28119
13424,28120
13425,28121
13426,28122
13427,28123
13428,28124
13429,28125
13430,28126
13431,28127
13432,28128
13433,28129
13434,28130
13435,28131
13436,28132
13437,28133
13438,28134
13439,28135
13440,28136
13441,28137
13442,28138
13443,28139
13444,28140
13445,28141
13446,28142
13447,28143
13448,28144
13449,28145
13450,28146
13451,28147
13452,28148
13453,28149
13454,28150
13455,28151
13456,28152
13457,28153
13458,28154
13459,28155
13460,28156
13461,28157
13462,28158
13463,28159
13464,28160
13465,28161
13466,28162
13467,28163
13468,28164
13469,28165
13470,28166
13471,28167
13472,28168
13473,28169
13474,28170
13475,28171
13476,28172
13477,28173
13478,28174
13479,28175
13480,28176
13481,28177
13482,28178
13483,28179
13484,28180
13485,28181
13486,28182
13487,28183
13488,28184
13489,28185
13490,28186
13491,28187
13492,28188
13493,28189
13494,28190
13495,28191
13496,28192
13497,28193
13498,28194
13499,28195
13500,28196
13501,28197
13502,28198
13503,28199
13504,28200
13505,28201
13506,28202
13507,28203
13508,28204
13509,28205
13510,28206
13511,28207
13512,28208
13513,28209
13514,28210
13515,28211
13516,28212
13517,28213
13518,28214
13519,28215
13520,28216
13521,28217
13522,28218
13523,28219
13524,28220
13525,28221
13526,28222
13527,28223
13528,28224
13529,28225
13530,28226
13531,28227
13532,28228
13533,28229
13534,28230
13535,28231
13536,28232
13537,28233
13538,28234
13539,28235
13540,28236
13541,28237
13542,28238
13543,28239
13544,28240
13545,28241
13546,28242
13547,28243
13548,28244
13549,28245
13550,28246
13551,28247
13552,28248
13553,28249
13554,28250
13555,28251
13556,28252
13557,28253
13558,28254
13559,28255
13560,28256
13561,28257
13562,28258
13563,28259
13564,28260
13565,28261
13566,28262
13567,28263
13568,28264
13569,28265
13570,28266
13571,28267
13572,28268
13573,28269
13574,28270
13575,28271
13576,28272
13577,28273
13578,28274
13579,28275
13580,28276
13581,28277
13582,28278
13583,28279
13584,28280
13585,28281
13586,28282
13587,28283
13588,28284
13589,28285
13590,28286
13591,28287
13592,28288
13593,28289
13594,28290
13595,28291
13596,28292
13597,28293
13598,28294
13599,28295
13600,28296
13601,28297
13602,28298
13603,28299
13604,28300
13605,28301
13606,28302
13607,28303
13608,28304
13609,28305
13610,28306
13611,28307
13612,28308
13613,28309
13614,28310
13615,28311
13616,28312
13617,28313
13618,28314
13619,28315
13620,28316
13621,28317
13622,28318
13623,28319
13624,28320
13625,28321
13626,28322
13627,28323
13628,28324
13629,28325
13630,28326
13631,28327
13632,28328
13633,28329
13634,28330
13635,28331
13636,28332
13637,28333
13638,28334
13639,28335
13640,28336
13641,28337
13642,28338
13643,28339
13644,28340
13645,28341
13646,28342
13647,28343
13648,28344
13649,28345
13650,28346
13651,28347
13652,28348
13653,28349
13654,28350
13655,28351
13656,28352
13657,28353
13658,28354
13659,28355
13660,28356
13661,28357
13662,28358
13663,28359
13664,28360
13665,28361
13666,28362
13667,28363
13668,28364
13669,28365
13670,28366
13671,28367
13672,28368
13673,28369
13674,28370
13675,28371
13676,28372
13677,28373
13678,28374
13679,28375
13680,28376
13681,28377
13682,28378
13683,28379
13684,28380
13685,28381
13686,28382
13687,28383
13688,28384
13689,28385
13690,28386
13691,28387
13692,28388
13693,28389
13694,28390
13695,28391
13696,28392
13697,28393
13698,28394
13699,28395
13700,28396
13701,28397
13702,28398
13703,28399
13704,28400
13705,28401
13706,28402
13707,28403
13708,28404
13709,28405
13710,28406
13711,28407
13712,28408
13713,28409
13714,28410
13715,28411
13716,28412
13717,28413
13718,28414
13719,28415
13720,28416
13721,28417
13722,28418
13723,28419
13724,28420
13725,28421
13726,28422
13727,28423
13728,28424
13729,28425
13730,28426
13731,28427
13732,28428
13733,28429
13734,28430
13735,28431
13736,28432
13737,28433
13738,28434
13739,28435
13740,28436
13741,28437
13742,28438
13743,28439
13744,28440
13745,28441
13746,28442
13747,28443
13748,28444
13749,28445
13750,28446
13751,28447
13752,28448
13753,28449
13754,28450
13755,28451
13756,28452
13757,28453
13758,28454
13759,28455
13760,28456
13761,28457
13762,28458
13763,28459
13764,28460
13765,28461
13766,28462
13767,28463
13768,28464
13769,28465
13770,28466
13771,28467
13772,28468
13773,28469
13774,28470
13775,28471
13776,28472
13777,28473
13778,28474
13779,28475
13780,28476
13781,28477
13782,28478
13783,28479
13784,28480
13785,28481
13786,28482
13787,28483
13788,28484
13789,28485
13790,28486
13791,28487
13792,28488
13793,28489
13794,28490
13795,28491
13796,28492
13797,28493
13798,28494
13799,28495
13800,28496
13801,28497
13802,28498
13803,28499
13804,28500
13805,28501
13806,28502
13807,28503
13808,28504
13809,28505
13810,28506
13811,28507
13812,28508
13813,28509
13814,28510
13815,28511
13816,28512
13817,28513
13818,28514
13819,28515
13820,28516
13821,28517
13822,28518
13823,28519
13824,28520
13825,28521
13826,28522
13827,28523
13828,28524
13829,28525
13830,28526
13831,28527
13832,28528
13833,28529
13834,28530
13835,28531
13836,28532
13837,28533
13838,28534
13839,28535
13840,28536
13841,28537
13842,28538
13843,28539
13844,28540
13845,28541
13846,28542
13847,28543
13848,28544
13849,28545
13850,28546
13851,28547
13852,28548
13853,28549
13854,28550
13855,28551
13856,28552
13857,28553
13858,28554
13859,28555
13860,28556
13861,28557
13862,28558
13863,28559
13864,28560
13865,28561
13866,28562
13867,28563
13868,28564
13869,28565
13870,28566
13871,28567
13872,28568
13873,28569
13874,28570
13875,28571
13876,28572
13877,28573
13878,28574
13879,28575
13880,28576
13881,28577
13882,28578
13883,28579
13884,28580
13885,28581
13886,28582
13887,28583
13888,28584
13889,28585
13890,28586
13891,28587
13892,28588
13893,28589
13894,28590
13895,28591
13896,28592
13897,28593
13898,28594
13899,28595
13900,28596
13901,28597
13902,28598
13903,28599
13904,28600
13905,28601
13906,28602
13907,28603
13908,28604
13909,28605
13910,28606
13911,28607
13912,28608
13913,28609
13914,28610
13915,28611
13916,28612
13917,28613
13918,28614
13919,28615
13920,28616
13921,28617
13922,28618
13923,28619
13924,28620
13925,28621
13926,28622
13927,28623
13928,28624
13929,28625
13930,28626
13931,28627
13932,28628
13933,28629
13934,28630
13935,28631
13936,28632
13937,28633
13938,28634
13939,28635
13940,28636
13941,28637
13942,28638
13943,28639
13944,28640
13945,28641
13946,28642
13947,28643
13948,28644
13949,28645
13950,28646
13951,28647
13952,28648
13953,28649
13954,28650
13955,28651
13956,28652
13957,28653
13958,28654
13959,28655
13960,28656
13961,28657
13962,28658
13963,28659
13964,28660
13965,28661
13966,28662
13967,28663
13968,28664
13969,28665
13970,28666
13971,28667
13972,28668
13973,28669
13974,28670
13975,28671
13976,28672
13977,28673
13978,28674
13979,28675
13980,28676
13981,28677
13982,28678
13983,28679
13984,28680
13985,28681
13986,28682
13987,28683
13988,28684
13989,28685
13990,28686
13991,28687
13992,28688
13993,28689
13994,28690
13995,28691
13996,28692
13997,28693
13998,28694
13999,28695
14000,28696
14001,28697
14002,28698
14003,28699
14004,28700
14005,28701
14006,28702
14007,28703
14008,28704
14009,28705
14010,28706
14011,28707
14012,28708
14013,28709
14014,28710
14015,28711
14016,28712
14017,28713
14018,28714
14019,28715
14020,28716
14021,28717
14022,28718
14023,28719
14024,28720
14025,28721
14026,28722
14027,28723
14028,28724
14029,28725
14030,28726
14031,28727
14032,28728
14033,28729
14034,28730
14035,28731
14036,28732
14037,28733
14038,28734
14039,28735
14040,28736
14041,28737
14042,28738
14043,28739
14044,28740
14045,28741
14046,28742
14047,28743
14048,28744
14049,28745
14050,28746
14051,28747
14052,28748
14053,28749
14054,28750
14055,28751
14056,28752
14057,28753
14058,28754
14059,28755
14060,28756
14061,28757
14062,28758
14063,28759
14064,28760
14065,28761
14066,28762
14067,28763
14068,28764
14069,28765
14070,28766
14071,28767
14072,28768
14073,28769
14074,28770
14075,28771
14076,28772
14077,28773
14078,28774
14079,28775
14080,28776
14081,28777
14082,28778
14083,28779
14084,28780
14085,28781
14086,28782
14087,28783
14088,28784
14089,28785
14090,28786
14091,28787
14092,28788
14093,28789
14094,28790
14095,28791
14096,28792
14097,28793
14098,28794
14099,28795
14100,28796
14101,28797
14102,28798
14103,28799
14104,28800
14105,28801
14106,28802
14107,28803
14108,28804
14109,28805
14110,28806
14111,28807
14112,28808
14113,28809
14114,28810
14115,28811
14116,28812
14117,28813
14118,28814
14119,28815
14120,28816
14121,28817
14122,28818
14123,28819
14124,28820
14125,28821
14126,28822
14127,28823
14128,28824
14129,28825
14130,28826
14131,28827
14132,28828
14133,28829
14134,28830
14135,28831
14136,28832
14137,28833
14138,28834
14139,28835
14140,28836
14141,28837
14142,28838
14143,28839
14144,28840
14145,28841
14146,28842
14147,28843
14148,28844
14149,28845
14150,28846
14151,28847
14152,28848
14153,28849
14154,28850
14155,28851
14156,28852
14157,28853
14158,28854
14159,28855
14160,28856
14161,28857
14162,28858
14163,28859
14164,28860
14165,28861
14166,28862
14167,28863
14168,28864
14169,28865
14170,28866
14171,28867
14172,28868
14173,28869
14174,28870
14175,28871
14176,28872
14177,28873
14178,28874
14179,28875
14180,28876
14181,28877
14182,28878
14183,28879
14184,28880
14185,28881
14186,28882
14187,28883
14188,28884
14189,28885
14190,28886
14191,28887
14192,28888
14193,28889
14194,28890
14195,28891
14196,28892
14197,28893
14198,28894
14199,28895
14200,28896
14201,28897
14202,28898
14203,28899
14204,28900
14205,28901
14206,28902
14207,28903
14208,28904
14209,28905
14210,28906
14211,28907
14212,28908
14213,28909
14214,28910
14215,28911
14216,28912
14217,28913
14218,28914
14219,28915
14220,28916
14221,28917
14222,28918
14223,28919
14224,28920
14225,28921
14226,28922
14227,28923
14228,28924
14229,28925
14230,28926
14231,28927
14232,28928
14233,28929
14234,28930
14235,28931
14236,28932
14237,28933
14238,28934
14239,28935
14240,28936
14241,28937
14242,28938
14243,28939
14244,28940
14245,28941
14246,28942
14247,28943
14248,28944
14249,28945
14250,28946
14251,28947
14252,28948
14253,28949
14254,28950
14255,28951
14256,28952
14257,28953
14258,28954
14259,28955
14260,28956
14261,28957
14262,28958
14263,28959
14264,28960
14265,28961
14266,28962
14267,28963
14268,28964
14269,28965
14270,28966
14271,28967
14272,28968
14273,28969
14274,28970
14275,28971
14276,28972
14277,28973
14278,28974
14279,28975
14280,28976
14281,28977
14282,28978
14283,28979
14284,28980
14285,28981
14286,28982
14287,28983
14288,28984
14289,28985
14290,28986
14291,28987
14292,28988
14293,28989
14294,28990
14295,28991
14296,28992
14297,28993
14298,28994
14299,28995
14300,28996
14301,28997
14302,28998
14303,28999
14304,29000
14305,29001
14306,29002
14307,29003
14308,29004
14309,29005
14310,29006
14311,29007
14312,29008
14313,29009
14314,29010
14315,29011
14316,29012
14317,29013
14318,29014
14319,29015
14320,29016
14321,29017
14322,29018
14323,29019
14324,29020
14325,29021
14326,29022
14327,29023
14328,29024
14329,29025
14330,29026
14331,29027
14332,29028
14333,29029
14334,29030
14335,29031
14336,29032
14337,29033
14338,29034
14339,29035
14340,29036
14341,29037
14342,29038
14343,29039
14344,29040
14345,29041
14346,29042
14347,29043
14348,29044
14349,29045
14350,29046
14351,29047
14352,29048
14353,29049
14354,29050
14355,29051
14356,29052
14357,29053
14358,29054
14359,29055
14360,29056
14361,29057
14362,29058
14363,29059
14364,29060
14365,29061
14366,29062
14367,29063
14368,29064
14369,29065
14370,29066
14371,29067
14372,29068
14373,29069
14374,29070
14375,29071
14376,29072
14377,29073
14378,29074
14379,29075
14380,29076
14381,29077
14382,29078
14383,29079
14384,29080
14385,29081
14386,29082
14387,29083
14388,29084
14389,29085
14390,29086
14391,29087
14392,29088
14393,29089
14394,29090
14395,29091
14396,29092
14397,29093
14398,29094
14399,29095
14400,29096
14401,29097
14402,29098
14403,29099
14404,29100
14405,29101
14406,29102
14407,29103
14408,29104
14409,29105
14410,29106
14411,29107
14412,29108
14413,29109
14414,29110
14415,29111
14416,29112
14417,29113
14418,29114
14419,29115
14420,29116
14421,29117
14422,29118
14423,29119
14424,29120
14425,29121
14426,29122
14427,29123
14428,29124
14429,29125
14430,29126
14431,29127
14432,29128
14433,29129
14434,29130
14435,29131
14436,29132
14437,29133
14438,29134
14439,29135
14440,29136
14441,29137
14442,29138
14443,29139
14444,29140
14445,29141
14446,29142
14447,29143
14448,29144
14449,29145
14450,29146
14451,29147
14452,29148
14453,29149
14454,29150
14455,29151
14456,29152
14457,29153
14458,29154
14459,29155
14460,29156
14461,29157
14462,29158
14463,29159
14464,29160
14465,29161
14466,29162
14467,29163
14468,29164
14469,29165
14470,29166
14471,29167
14472,29168
14473,29169
14474,29170
14475,29171
14476,29172
14477,29173
14478,29174
14479,29175
14480,29176
14481,29177
14482,29178
14483,29179
14484,29180
14485,29181
14486,29182
14487,29183
14488,29184
14489,29185
14490,29186
14491,29187
14492,29188
14493,29189
14494,29190
14495,29191
14496,29192
14497,29193
14498,29194
14499,29195
14500,29196
14501,29197
14502,29198
14503,29199
14504,29200
14505,29201
14506,29202
14507,29203
14508,29204
14509,29205
14510,29206
14511,29207
14512,29208
14513,29209
14514,29210
14515,29211
14516,29212
14517,29213
14518,29214
14519,29215
14520,29216
14521,29217
14522,29218
14523,29219
14524,29220
14525,29221
14526,29222
14527,29223
14528,29224
14529,29225
14530,29226
14531,29227
14532,29228
14533,29229
14534,29230
14535,29231
14536,29232
14537,29233
14538,29234
14539,29235
14540,29236
14541,29237
14542,29238
14543,29239
14544,29240
14545,29241
14546,29242
14547,29243
14548,29244
14549,29245
14550,29246
14551,29247
14552,29248
14553,29249
14554,29250
14555,29251
14556,29252
14557,29253
14558,29254
14559,29255
14560,29256
14561,29257
14562,29258
14563,29259
14564,29260
14565,29261
14566,29262
14567,29263
14568,29264
14569,29265
14570,29266
14571,29267
14572,29268
14573,29269
14574,29270
14575,29271
14576,29272
14577,29273
14578,29274
14579,29275
14580,29276
14581,29277
14582,29278
14583,29279
14584,29280
14585,29281
14586,29282
14587,29283
14588,29284
14589,29285
14590,29286
14591,29287
14592,29288
14593,29289
14594,29290
14595,29291
14596,29292
14597,29293
14598,29294
14599,29295
14600,29296
14601,29297
14602,29298
14603,29299
14604,29300
14605,29301
14606,29302
14607,29303
14608,29304
14609,29305
14610,29306
14611,29307
14612,29308
14613,29309
14614,29310
14615,29311
14616,29312
14617,29313
14618,29314
14619,29315
14620,29316
14621,29317
14622,29318
14623,29319
14624,29320
14625,29321
14626,29322
14627,29323
14628,29324
14629,29325
14630,29326
14631,29327
14632,29328
14633,29329
14634,29330
14635,29331
14636,29332
14637,29333
14638,29334
14639,29335
14640,29336
14641,29337
14642,29338
14643,29339
14644,29340
14645,29341
14646,29342
14647,29343
14648,29344
14649,29345
14650,29346
14651,29347
14652,29348
14653,29349
14654,29350
14655,29351
14656,29352
14657,29353
14658,29354
14659,29355
14660,29356
14661,29357
14662,29358
14663,29359
14664,29360
14665,29361
14666,29362
14667,29363
14668,29364
14669,29365
14670,29366
14671,29367
14672,29368
14673,29369
14674,29370
14675,29371
14676,29372
14677,29373
14678,29374
14679,29375
14680,29376
14681,29377
14682,29378
14683,29379
14684,29380
14685,29381
14686,29382
14687,29383
14688,29384
14689,29385
14690,29386
14691,29387
14692,29388
14693,29389
14694,29390
14695,29391
14696,29392
14697,29393
14698,29394
14699,29395
14700,29396
14701,29397
14702,29398
14703,29399
14704,29400
14705,29401
14706,29402
14707,29403
14708,29404
14709,29405
14710,29406
14711,29407
14712,29408
14713,29409
14714,29410
14715,29411
14716,29412
14717,29413
14718,29414
14719,29415
14720,29416
14721,29417
14722,29418
14723,29419
14724,29420
14725,29421
14726,29422
14727,29423
14728,29424
14729,29425
14730,29426
14731,29427
14732,29428
14733,29429
14734,29430
14735,29431
14736,29432
14737,29433
14738,29434
14739,29435
14740,29436
14741,29437
14742,29438
14743,29439
14744,29440
14745,29441
14746,29442
14747,29443
14748,29444
14749,29445
14750,29446
14751,29447
14752,29448
14753,29449
14754,29450
14755,29451
14756,29452
14757,29453
14758,29454
14759,29455
14760,29456
14761,29457
14762,29458
14763,29459
14764,29460
14765,29461
14766,29462
14767,29463
14768,29464
14769,29465
14770,29466
14771,29467
14772,29468
14773,29469
14774,29470
14775,29471
14776,29472
14777,29473
14778,29474
14779,29475
14780,29476
14781,29477
14782,29478
14783,29479
14784,29480
14785,29481
14786,29482
14787,29483
14788,29484
14789,29485
14790,29486
14791,29487
14792,29488
14793,29489
14794,29490
14795,29491
14796,29492
14797,29493
14798,29494
14799,29495
14800,29496
14801,29497
14802,29498
14803,29499
14804,29500
14805,29501
14806,29502
14807,29503
14808,29504
14809,29505
14810,29506
14811,29507
14812,29508
14813,29509
14814,29510
14815,29511
14816,29512
14817,29513
14818,29514
14819,29515
14820,29516
14821,29517
14822,29518
14823,29519
14824,29520
14825,29521
14826,29522
14827,29523
14828,29524
14829,29525
14830,29526
14831,29527
14832,29528
14833,29529
14834,29530
14835,29531
14836,29532
14837,29533
14838,29534
14839,29535
14840,29536
14841,29537
14842,29538
14843,29539
14844,29540
14845,29541
14846,29542
14847,29543
14848,29544
14849,29545
14850,29546
14851,29547
14852,29548
14853,29549
14854,29550
14855,29551
14856,29552
14857,29553
14858,29554
14859,29555
14860,29556
14861,29557
14862,29558
14863,29559
14864,29560
14865,29561
14866,29562
14867,29563
14868,29564
14869,29565
14870,29566
14871,29567
14872,29568
14873,29569
14874,29570
14875,29571
14876,29572
14877,29573
14878,29574
14879,29575
14880,29576
14881,29577
14882,29578
14883,29579
14884,29580
14885,29581
14886,29582
14887,29583
14888,29584
14889,29585
14890,29586
14891,29587
14892,29588
14893,29589
14894,29590
14895,29591
14896,29592
14897,29593
14898,29594
14899,29595
14900,29596
14901,29597
14902,29598
14903,29599
14904,29600
14905,29601
14906,29602
14907,29603
14908,29604
14909,29605
14910,29606
14911,29607
14912,29608
14913,29609
14914,29610
14915,29611
14916,29612
14917,29613
14918,29614
14919,29615
14920,29616
14921,29617
14922,29618
14923,29619
14924,29620
14925,29621
14926,29622
14927,29623
14928,29624
14929,29625
14930,29626
14931,29627
14932,29628
14933,29629
14934,29630
14935,29631
14936,29632
14937,29633
14938,29634
14939,29635
14940,29636
14941,29637
14942,29638
14943,29639
14944,29640
14945,29641
14946,29642
14947,29643
14948,29644
14949,29645
14950,29646
14951,29647
14952,29648
14953,29649
14954,29650
14955,29651
14956,29652
14957,29653
14958,29654
14959,29655
14960,29656
14961,29657
14962,29658
14963,29659
14964,29660
14965,29661
14966,29662
14967,29663
14968,29664
14969,29665
14970,29666
14971,29667
14972,29668
14973,29669
14974,29670
14975,29671
14976,29672
14977,29673
14978,29674
14979,29675
14980,29676
14981,29677
14982,29678
14983,29679
14984,29680
14985,29681
14986,29682
14987,29683
14988,29684
14989,29685
14990,29686
14991,29687
14992,29688
14993,29689
14994,29690
14995,29691
14996,29692
14997,29693
14998,29694
14999,29695
15000,29696
15001,29697
15002,29698
15003,29699
15004,29700
15005,29701
15006,29702
15007,29703
15008,29704
15009,29705
15010,29706
15011,29707
15012,29708
15013,29709
15014,29710
15015,29711
15016,29712
15017,29713
15018,29714
15019,29715
15020,29716
15021,29717
15022,29718
15023,29719
15024,29720
15025,29721
15026,29722
15027,29723
15028,29724
15029,29725
15030,29726
15031,29727
15032,29728
15033,29729
15034,29730
15035,29731
15036,29732
15037,29733
15038,29734
15039,29735
15040,29736
15041,29737
15042,29738
15043,29739
15044,29740
15045,29741
15046,29742
15047,29743
15048,29744
15049,29745
15050,29746
15051,29747
15052,29748
15053,29749
15054,29750
15055,29751
15056,29752
15057,29753
15058,29754
15059,29755
15060,29756
15061,29757
15062,29758
15063,29759
15064,29760
15065,29761
15066,29762
15067,29763
15068,29764
15069,29765
15070,29766
15071,29767
15072,29768
15073,29769
15074,29770
15075,29771
15076,29772
15077,29773
15078,29774
15079,29775
15080,29776
15081,29777
15082,29778
15083,29779
15084,29780
15085,29781
15086,29782
15087,29783
15088,29784
15089,29785
15090,29786
15091,29787
15092,29788
15093,29789
15094,29790
15095,29791
15096,29792
15097,29793
15098,29794
15099,29795
15100,29796
15101,29797
15102,29798
15103,29799
15104,29800
15105,29801
15106,29802
15107,29803
15108,29804
15109,29805
15110,29806
15111,29807
15112,29808
15113,29809
15114,29810
15115,29811
15116,29812
15117,29813
15118,29814
15119,29815
15120,29816
15121,29817
15122,29818
15123,29819
15124,29820
15125,29821
15126,29822
15127,29823
15128,29824
15129,29825
15130,29826
15131,29827
15132,29828
15133,29829
15134,29830
15135,29831
15136,29832
15137,29833
15138,29834
15139,29835
15140,29836
15141,29837
15142,29838
15143,29839
15144,29840
15145,29841
15146,29842
15147,29843
15148,29844
15149,29845
15150,29846
15151,29847
15152,29848
15153,29849
15154,29850
15155,29851
15156,29852
15157,29853
15158,29854
15159,29855
15160,29856
15161,29857
15162,29858
15163,29859
15164,29860
15165,29861
15166,29862
15167,29863
15168,29864
15169,29865
15170,29866
15171,29867
15172,29868
15173,29869
15174,29870
15175,29871
15176,29872
15177,29873
15178,29874
15179,29875
15180,29876
15181,29877
15182,29878
15183,29879
15184,29880
15185,29881
15186,29882
15187,29883
15188,29884
15189,29885
15190,29886
15191,29887
15192,29888
15193,29889
15194,29890
15195,29891
15196,29892
15197,29893
15198,29894
15199,29895
15200,29896
15201,29897
15202,29898
15203,29899
15204,29900
15205,29901
15206,29902
15207,29903
15208,29904
15209,29905
15210,29906
15211,29907
15212,29908
15213,29909
15214,29910
15215,29911
15216,29912
15217,29913
15218,29914
15219,29915
15220,29916
15221,29917
15222,29918
15223,29919
15224,29920
15225,29921
15226,29922
15227,29923
15228,29924
15229,29925
15230,29926
15231,29927
15232,29928
15233,29929
15234,29930
15235,29931
15236,29932
15237,29933
15238,29934
15239,29935
15240,29936
15241,29937
15242,29938
15243,29939
15244,29940
15245,29941
15246,29942
15247,29943
15248,29944
15249,29945
15250,29946
15251,29947
15252,29948
15253,29949
15254,29950
15255,29951
15256,29952
15257,29953
15258,29954
15259,29955
15260,29956
15261,29957
15262,29958
15263,29959
15264,29960
15265,29961
15266,29962
15267,29963
15268,29964
15269,29965
15270,29966
15271,29967
15272,29968
15273,29969
15274,29970
15275,29971
15276,29972
15277,29973
15278,29974
15279,29975
15280,29976
15281,29977
15282,29978
15283,29979
15284,29980
15285,29981
15286,29982
15287,29983
15288,29984
15289,29985
15290,29986
15291,29987
15292,29988
15293,29989
15294,29990
15295,29991
15296,29992
15297,29993
15298,29994
15299,29995
15300,29996
15301,29997
15302,29998
15303,29999
15304,30000
15305,30001
15306,30002
15307,30003
15308,30004
15309,30005
15310,30006
15311,30007
15312,30008
15313,30009
15314,30010
15315,30011
15316,30012
15317,30013
15318,30014
15319,30015
15320,30016
15321,30017
15322,30018
15323,30019
15324,30020
15325,30021
15326,30022
15327,30023
15328,30024
15329,30025
15330,30026
15331,30027
15332,30028
15333,30029
15334,30030
15335,30031
15336,30032
15337,30033
15338,30034
15339,30035
15340,30036
15341,30037
15342,30038
15343,30039
15344,30040
15345,30041
15346,30042
15347,30043
15348,30044
15349,30045
15350,30046
15351,30047
15352,30048
15353,30049
15354,30050
15355,30051
15356,30052
15357,30053
15358,30054
15359,30055
15360,30056
15361,30057
15362,30058
15363,30059
15364,30060
15365,30061
15366,30062
15367,30063
15368,30064
15369,30065
15370,30066
15371,30067
15372,30068
15373,30069
15374,30070
15375,30071
15376,30072
15377,30073
15378,30074
15379,30075
15380,30076
15381,30077
15382,30078
15383,30079
15384,30080
15385,30081
15386,30082
15387,30083
15388,30084
15389,30085
15390,30086
15391,30087
15392,30088
15393,30089
15394,30090
15395,30091
15396,30092
15397,30093
15398,30094
15399,30095
15400,30096
15401,30097
15402,30098
15403,30099
15404,30100
15405,30101
15406,30102
15407,30103
15408,30104
15409,30105
15410,30106
15411,30107
15412,30108
15413,30109
15414,30110
15415,30111
15416,30112
15417,30113
15418,30114
15419,30115
15420,30116
15421,30117
15422,30118
15423,30119
15424,30120
15425,30121
15426,30122
15427,30123
15428,30124
15429,30125
15430,30126
15431,30127
15432,30128
15433,30129
15434,30130
15435,30131
15436,30132
15437,30133
15438,30134
15439,30135
15440,30136
15441,30137
15442,30138
15443,30139
15444,30140
15445,30141
15446,30142
15447,30143
15448,30144
15449,30145
15450,30146
15451,30147
15452,30148
15453,30149
15454,30150
15455,30151
15456,30152
15457,30153
15458,30154
15459,30155
15460,30156
15461,30157
15462,30158
15463,30159
15464,30160
15465,30161
15466,30162
15467,30163
15468,30164
15469,30165
15470,30166
15471,30167
15472,30168
15473,30169
15474,30170
15475,30171
15476,30172
15477,30173
15478,30174
15479,30175
15480,30176
15481,30177
15482,30178
15483,30179
15484,30180
15485,30181
15486,30182
15487,30183
15488,30184
15489,30185
15490,30186
15491,30187
15492,30188
15493,30189
15494,30190
15495,30191
15496,30192
15497,30193
15498,30194
15499,30195
15500,30196
15501,30197
15502,30198
15503,30199
15504,30200
15505,30201
15506,30202
15507,30203
15508,30204
15509,30205
15510,30206
15511,30207
15512,30208
15513,30209
15514,30210
15515,30211
15516,30212
15517,30213
15518,30214
15519,30215
15520,30216
15521,30217
15522,30218
15523,30219
15524,30220
15525,30221
15526,30222
15527,30223
15528,30224
15529,30225
15530,30226
15531,30227
15532,30228
15533,30229
15534,30230
15535,30231
15536,30232
15537,30233
15538,30234
15539,30235
15540,30236
15541,30237
15542,30238
15543,30239
15544,30240
15545,30241
15546,30242
15547,30243
15548,30244
15549,30245
15550,30246
15551,30247
15552,30248
15553,30249
15554,30250
15555,30251
15556,30252
15557,30253
15558,30254
15559,30255
15560,30256
15561,30257
15562,30258
15563,30259
15564,30260
15565,30261
15566,30262
15567,30263
15568,30264
15569,30265
15570,30266
15571,30267
15572,30268
15573,30269
15574,30270
15575,30271
15576,30272
15577,30273
15578,30274
15579,30275
15580,30276
15581,30277
15582,30278
15583,30279
15584,30280
15585,30281
15586,30282
15587,30283
15588,30284
15589,30285
15590,30286
15591,30287
15592,30288
15593,30289
15594,30290
15595,30291
15596,30292
15597,30293
15598,30294
15599,30295
15600,30296
15601,30297
15602,30298
15603,30299
15604,30300
15605,30301
15606,30302
15607,30303
15608,30304
15609,30305
15610,30306
15611,30307
15612,30308
15613,30309
15614,30310
15615,30311
15616,30312
15617,30313
15618,30314
15619,30315
15620,30316
15621,30317
15622,30318
15623,30319
15624,30320
15625,30321
15626,30322
15627,30323
15628,30324
15629,30325
15630,30326
15631,30327
15632,30328
15633,30329
15634,30330
15635,30331
15636,30332
15637,30333
15638,30334
15639,30335
15640,30336
15641,30337
15642,30338
15643,30339
15644,30340
15645,30341
15646,30342
15647,30343
15648,30344
15649,30345
15650,30346
15651,30347
15652,30348
15653,30349
15654,30350
15655,30351
15656,30352
15657,30353
15658,30354
15659,30355
15660,30356
15661,30357
15662,30358
15663,30359
15664,30360
15665,30361
15666,30362
15667,30363
15668,30364
15669,30365
15670,30366
15671,30367
15672,30368
15673,30369
15674,30370
15675,30371
15676,30372
15677,30373
15678,30374
15679,30375
15680,30376
15681,30377
15682,30378
15683,30379
15684,30380
15685,30381
15686,30382
15687,30383
15688,30384
15689,30385
15690,30386
15691,30387
15692,30388
15693,30389
15694,30390
15695,30391
15696,30392
15697,30393
15698,30394
15699,30395
15700,30396
15701,30397
15702,30398
15703,30399
15704,30400
15705,30401
15706,30402
15707,30403
15708,30404
15709,30405
15710,30406
15711,30407
15712,30408
15713,30409
15714,30410
15715,30411
15716,30412
15717,30413
15718,30414
15719,30415
15720,30416
15721,30417
15722,30418
15723,30419
15724,30420
15725,30421
15726,30422
15727,30423
15728,30424
15729,30425
15730,30426
15731,30427
15732,30428
15733,30429
15734,30430
15735,30431
15736,30432
15737,30433
15738,30434
15739,30435
15740,30436
15741,30437
15742,30438
15743,30439
15744,30440
15745,30441
15746,30442
15747,30443
15748,30444
15749,30445
15750,30446
15751,30447
15752,30448
15753,30449
15754,30450
15755,30451
15756,30452
15757,30453
15758,30454
15759,30455
15760,30456
15761,30457
15762,30458
15763,30459
15764,30460
15765,30461
15766,30462
15767,30463
15768,30464
15769,30465
15770,30466
15771,30467
15772,30468
15773,30469
15774,30470
15775,30471
15776,30472
15777,30473
15778,30474
15779,30475
15780,30476
15781,30477
15782,30478
15783,30479
15784,30480
15785,30481
15786,30482
15787,30483
15788,30484
15789,30485
15790,30486
15791,30487
15792,30488
15793,30489
15794,30490
15795,30491
15796,30492
15797,30493
15798,30494
15799,30495
15800,30496
15801,30497
15802,30498
15803,30499
15804,30500
15805,30501
15806,30502
15807,30503
15808,30504
15809,30505
15810,30506
15811,30507
15812,30508
15813,30509
15814,30510
15815,30511
15816,30512
15817,30513
15818,30514
15819,30515
15820,30516
15821,30517
15822,30518
15823,30519
15824,30520
15825,30521
15826,30522
15827,30523
15828,30524
15829,30525
15830,30526
15831,30527
15832,30528
15833,30529
15834,30530
15835,30531
15836,30532
15837,30533
15838,30534
15839,30535
15840,30536
15841,30537
15842,30538
15843,30539
15844,30540
15845,30541
15846,30542
15847,30543
15848,30544
15849,30545
15850,30546
15851,30547
15852,30548
15853,30549
15854,30550
15855,30551
15856,30552
15857,30553
15858,30554
15859,30555
15860,30556
15861,30557
15862,30558
15863,30559
15864,30560
15865,30561
15866,30562
15867,30563
15868,30564
15869,30565
15870,30566
15871,30567
15872,30568
15873,30569
15874,30570
15875,30571
15876,30572
15877,30573
15878,30574
15879,30575
15880,30576
15881,30577
15882,30578
15883,30579
15884,30580
15885,30581
15886,30582
15887,30583
15888,30584
15889,30585
15890,30586
15891,30587
15892,30588
15893,30589
15894,30590
15895,30591
15896,30592
15897,30593
15898,30594
15899,30595
15900,30596
15901,30597
15902,30598
15903,30599
15904,30600
15905,30601
15906,30602
15907,30603
15908,30604
15909,30605
15910,30606
15911,30607
15912,30608
15913,30609
15914,30610
15915,30611
15916,30612
15917,30613
15918,30614
15919,30615
15920,30616
15921,30617
15922,30618
15923,30619
15924,30620
15925,30621
15926,30622
15927,30623
15928,30624
15929,30625
15930,30626
15931,30627
15932,30628
15933,30629
15934,30630
15935,30631
15936,30632
15937,30633
15938,30634
15939,30635
15940,30636
15941,30637
15942,30638
15943,30639
15944,30640
15945,30641
15946,30642
15947,30643
15948,30644
15949,30645
15950,30646
15951,30647
15952,30648
15953,30649
15954,30650
15955,30651
15956,30652
15957,30653
15958,30654
15959,30655
15960,30656
15961,30657
15962,30658
15963,30659
15964,30660
15965,30661
15966,30662
15967,30663
15968,30664
15969,30665
15970,30666
15971,30667
15972,30668
15973,30669
15974,30670
15975,30671
15976,30672
15977,30673
15978,30674
15979,30675
15980,30676
15981,30677
15982,30678
15983,30679
15984,30680
15985,30681
15986,30682
15987,30683
15988,30684
15989,30685
15990,30686
15991,30687
15992,30688
15993,30689
15994,30690
15995,30691
15996,30692
15997,30693
15998,30694
15999,30695
16000,30696
16001,30697
16002,30698
16003,30699
16004,30700
16005,30701
16006,30702
16007,30703
16008,30704
16009,30705
16010,30706
16011,30707
16012,30708
16013,30709
16014,30710
16015,30711
16016,30712
16017,30713
16018,30714
16019,30715
16020,30716
16021,30717
16022,30718
16023,30719
16024,30720
16025,30721
16026,30722
16027,30723
16028,30724
16029,30725
16030,30726
16031,30727
16032,30728
16033,30729
16034,30730
16035,30731
16036,30732
16037,30733
16038,30734
16039,30735
16040,30736
16041,30737
16042,30738
16043,30739
16044,30740
16045,30741
16046,30742
16047,30743
16048,30744
16049,30745
16050,30746
16051,30747
16052,30748
16053,30749
16054,30750
16055,30751
16056,30752
16057,30753
16058,30754
16059,30755
16060,30756
16061,30757
16062,30758
16063,30759
16064,30760
16065,30761
16066,30762
16067,30763
16068,30764
16069,30765
16070,30766
16071,30767
16072,30768
16073,30769
16074,30770
16075,30771
16076,30772
16077,30773
16078,30774
16079,30775
16080,30776
16081,30777
16082,30778
16083,30779
16084,30780
16085,30781
16086,30782
16087,30783
16088,30784
16089,30785
16090,30786
16091,30787
16092,30788
16093,30789
16094,30790
16095,30791
16096,30792
16097,30793
16098,30794
16099,30795
16100,30796
16101,30797
16102,30798
16103,30799
16104,30800
16105,30801
16106,30802
16107,30803
16108,30804
16109,30805
16110,30806
16111,30807
16112,30808
16113,30809
16114,30810
16115,30811
16116,30812
16117,30813
16118,30814
16119,30815
16120,30816
16121,30817
16122,30818
16123,30819
16124,30820
16125,30821
16126,30822
16127,30823
16128,30824
16129,30825
16130,30826
16131,30827
16132,30828
16133,30829
16134,30830
16135,30831
16136,30832
16137,30833
16138,30834
16139,30835
16140,30836
16141,30837
16142,30838
16143,30839
16144,30840
16145,30841
16146,30842
16147,30843
16148,30844
16149,30845
16150,30846
16151,30847
16152,30848
16153,30849
16154,30850
16155,30851
16156,30852
16157,30853
16158,30854
16159,30855
16160,30856
16161,30857
16162,30858
16163,30859
16164,30860
16165,30861
16166,30862
16167,30863
16168,30864
16169,30865
16170,30866
16171,30867
16172,30868
16173,30869
16174,30870
16175,30871
16176,30872
16177,30873
16178,30874
16179,30875
16180,30876
16181,30877
16182,30878
16183,30879
16184,30880
16185,30881
16186,30882
16187,30883
16188,30884
16189,30885
16190,30886
16191,30887
16192,30888
16193,30889
16194,30890
16195,30891
16196,30892
16197,30893
16198,30894
16199,30895
16200,30896
16201,30897
16202,30898
16203,30899
16204,30900
16205,30901
16206,30902
16207,30903
16208,30904
16209,30905
16210,30906
16211,30907
16212,30908
16213,30909
16214,30910
16215,30911
16216,30912
16217,30913
16218,30914
16219,30915
16220,30916
16221,30917
16222,30918
16223,30919
16224,30920
16225,30921
16226,30922
16227,30923
16228,30924
16229,30925
16230,30926
16231,30927
16232,30928
16233,30929
16234,30930
16235,30931
16236,30932
16237,30933
16238,30934
16239,30935
16240,30936
16241,30937
16242,30938
16243,30939
16244,30940
16245,30941
16246,30942
16247,30943
16248,30944
16249,30945
16250,30946
16251,30947
16252,30948
16253,30949
16254,30950
16255,30951
16256,30952
16257,30953
16258,30954
16259,30955
16260,30956
16261,30957
16262,30958
16263,30959
16264,30960
16265,30961
16266,30962
16267,30963
16268,30964
16269,30965
16270,30966
16271,30967
16272,30968
16273,30969
16274,30970
16275,30971
16276,30972
16277,30973
16278,30974
16279,30975
16280,30976
16281,30977
16282,30978
16283,30979
16284,30980
16285,30981
16286,30982
16287,30983
16288,30984
16289,30985
16290,30986
16291,30987
16292,30988
16293,30989
16294,30990
16295,30991
16296,30992
16297,30993
16298,30994
16299,30995
16300,30996
16301,30997
16302,30998
16303,30999
16304,31000
16305,31001
16306,31002
16307,31003
16308,31004
16309,31005
16310,31006
16311,31007
16312,31008
16313,31009
16314,31010
16315,31011
16316,31012
16317,31013
16318,31014
16319,31015
16320,31016
16321,31017
16322,31018
16323,31019
16324,31020
16325,31021
16326,31022
16327,31023
16328,31024
16329,31025
16330,31026
16331,31027
16332,31028
16333,31029
16334,31030
16335,31031
16336,31032
16337,31033
16338,31034
16339,31035
16340,31036
16341,31037
16342,31038
16343,31039
16344,31040
16345,31041
16346,31042
16347,31043
16348,31044
16349,31045
16350,31046
16351,31047
16352,31048
16353,31049
16354,31050
16355,31051
16356,31052
16357,31053
16358,31054
16359,31055
16360,31056
16361,31057
16362,31058
16363,31059
16364,31060
16365,31061
16366,31062
16367,31063
16368,31064
16369,31065
16370,31066
16371,31067
16372,31068
16373,31069
16374,31070
16375,31071
16376,31072
16377,31073
16378,31074
16379,31075
16380,31076
16381,31077
16382,31078
16383,31079
16384,31080
16385,31081
16386,31082
16387,31083
16388,31084
16389,31085
16390,31086
16391,31087
16392,31088
16393,31089
16394,31090
16395,31091
16396,31092
16397,31093
16398,31094
16399,31095
16400,31096
16401,31097
16402,31098
16403,31099
16404,31100
16405,31101
16406,31102
16407,31103
16408,31104
16409,31105
16410,31106
16411,31107
16412,31108
16413,31109
16414,31110
16415,31111
16416,31112
16417,31113
16418,31114
16419,31115
16420,31116
16421,31117
16422,31118
16423,31119
16424,31120
16425,31121
16426,31122
16427,31123
16428,31124
16429,31125
16430,31126
16431,31127
16432,31128
16433,31129
16434,31130
16435,31131
16436,31132
16437,31133
16438,31134
16439,31135
16440,31136
16441,31137
16442,31138
16443,31139
16444,31140
16445,31141
16446,31142
16447,31143
16448,31144
16449,31145
16450,31146
16451,31147
16452,31148
16453,31149
16454,31150
16455,31151
16456,31152
16457,31153
16458,31154
16459,31155
16460,31156
16461,31157
16462,31158
16463,31159
16464,31160
16465,31161
16466,31162
16467,31163
16468,31164
16469,31165
16470,31166
16471,31167
16472,31168
16473,31169
16474,31170
16475,31171
16476,31172
16477,31173
16478,31174
16479,31175
16480,31176
16481,31177
16482,31178
16483,31179
16484,31180
16485,31181
16486,31182
16487,31183
16488,31184
16489,31185
16490,31186
16491,31187
16492,31188
16493,31189
16494,31190
16495,31191
16496,31192
16497,31193
16498,31194
16499,31195
16500,31196
16501,31197
16502,31198
16503,31199
16504,31200
16505,31201
16506,31202
16507,31203
16508,31204
16509,31205
16510,31206
16511,31207
16512,31208
16513,31209
16514,31210
16515,31211
16516,31212
16517,31213
16518,31214
16519,31215
16520,31216
16521,31217
16522,31218
16523,31219
16524,31220
16525,31221
16526,31222
16527,31223
16528,31224
16529,31225
16530,31226
16531,31227
16532,31228
16533,31229
16534,31230
16535,31231
16536,31232
16537,31233
16538,31234
16539,31235
16540,31236
16541,31237
16542,31238
16543,31239
16544,31240
16545,31241
16546,31242
16547,31243
16548,31244
16549,31245
16550,31246
16551,31247
16552,31248
16553,31249
16554,31250
16555,31251
16556,31252
16557,31253
16558,31254
16559,31255
16560,31256
16561,31257
16562,31258
16563,31259
16564,31260
16565,31261
16566,31262
16567,31263
16568,31264
16569,31265
16570,31266
16571,31267
16572,31268
16573,31269
16574,31270
16575,31271
16576,31272
16577,31273
16578,31274
16579,31275
16580,31276
16581,31277
16582,31278
16583,31279
16584,31280
16585,31281
16586,31282
16587,31283
16588,31284
16589,31285
16590,31286
16591,31287
16592,31288
16593,31289
16594,31290
16595,31291
16596,31292
16597,31293
16598,31294
16599,31295
16600,31296
16601,31297
16602,31298
16603,31299
16604,31300
16605,31301
16606,31302
16607,31303
16608,31304
16609,31305
16610,31306
16611,31307
16612,31308
16613,31309
16614,31310
16615,31311
16616,31312
16617,31313
16618,31314
16619,31315
16620,31316
16621,31317
16622,31318
16623,31319
16624,31320
16625,31321
16626,31322
16627,31323
16628,31324
16629,31325
16630,31326
16631,31327
16632,31328
16633,31329
16634,31330
16635,31331
16636,31332
16637,31333
16638,31334
16639,31335
16640,31336
16641,31337
16642,31338
16643,31339
16644,31340
16645,31341
16646,31342
16647,31343
16648,31344
16649,31345
16650,31346
16651,31347
16652,31348
16653,31349
16654,31350
16655,31351
16656,31352
16657,31353
16658,31354
16659,31355
16660,31356
16661,31357
16662,31358
16663,31359
16664,31360
16665,31361
16666,31362
16667,31363
16668,31364
16669,31365
16670,31366
16671,31367
16672,31368
16673,31369
16674,31370
16675,31371
16676,31372
16677,31373
16678,31374
16679,31375
16680,31376
16681,31377
16682,31378
16683,31379
16684,31380
16685,31381
16686,31382
16687,31383
16688,31384
16689,31385
16690,31386
16691,31387
16692,31388
16693,31389
16694,31390
16695,31391
16696,31392
16697,31393
16698,31394
16699,31395
16700,31396
16701,31397
16702,31398
16703,31399
16704,31400
16705,31401
16706,31402
16707,31403
16708,31404
16709,31405
16710,31406
16711,31407
16712,31408
16713,31409
16714,31410
16715,31411
16716,31412
16717,31413
16718,31414
16719,31415
16720,31416
16721,31417
16722,31418
16723,31419
16724,31420
16725,31421
16726,31422
16727,31423
16728,31424
16729,31425
16730,31426
16731,31427
16732,31428
16733,31429
16734,31430
16735,31431
16736,31432
16737,31433
16738,31434
16739,31435
16740,31436
16741,31437
16742,31438
16743,31439
16744,31440
16745,31441
16746,31442
16747,31443
16748,31444
16749,31445
16750,31446
16751,31447
16752,31448
16753,31449
16754,31450
16755,31451
16756,31452
16757,31453
16758,31454
16759,31455
16760,31456
16761,31457
16762,31458
16763,31459
16764,31460
16765,31461
16766,31462
16767,31463
16768,31464
16769,31465
16770,31466
16771,31467
16772,31468
16773,31469
16774,31470
16775,31471
16776,31472
16777,31473
16778,31474
16779,31475
16780,31476
16781,31477
16782,31478
16783,31479
16784,31480
16785,31481
16786,31482
16787,31483
16788,31484
16789,31485
16790,31486
16791,31487
16792,31488
16793,31489
16794,31490
16795,31491
16796,31492
16797,31493
16798,31494
16799,31495
16800,31496
16801,31497
16802,31498
16803,31499
16804,31500
16805,31501
16806,31502
16807,31503
16808,31504
16809,31505
16810,31506
16811,31507
16812,31508
16813,31509
16814,31510
16815,31511
16816,31512
16817,31513
16818,31514
16819,31515
16820,31516
16821,31517
16822,31518
16823,31519
16824,31520
16825,31521
16826,31522
16827,31523
16828,31524
16829,31525
16830,31526
16831,31527
16832,31528
16833,31529
16834,31530
16835,31531
16836,31532
16837,31533
16838,31534
16839,31535
16840,31536
16841,31537
16842,31538
16843,31539
16844,31540
16845,31541
16846,31542
16847,31543
16848,31544
16849,31545
16850,31546
16851,31547
16852,31548
16853,31549
16854,31550
16855,31551
16856,31552
16857,31553
16858,31554
16859,31555
16860,31556
16861,31557
16862,31558
16863,31559
16864,31560
16865,31561
16866,31562
16867,31563
16868,31564
16869,31565
16870,31566
16871,31567
16872,31568
16873,31569
16874,31570
16875,31571
16876,31572
16877,31573
16878,31574
16879,31575
16880,31576
16881,31577
16882,31578
16883,31579
16884,31580
16885,31581
16886,31582
16887,31583
16888,31584
16889,31585
16890,31586
16891,31587
16892,31588
16893,31589
16894,31590
16895,31591
16896,31592
16897,31593
16898,31594
16899,31595
16900,31596
16901,31597
16902,31598
16903,31599
16904,31600
16905,31601
16906,31602
16907,31603
16908,31604
16909,31605
16910,31606
16911,31607
16912,31608
16913,31609
16914,31610
16915,31611
16916,31612
16917,31613
16918,31614
16919,31615
16920,31616
16921,31617
16922,31618
16923,31619
16924,31620
16925,31621
16926,31622
16927,31623
16928,31624
16929,31625
16930,31626
16931,31627
16932,31628
16933,31629
16934,31630
16935,31631
16936,31632
16937,31633
16938,31634
16939,31635
16940,31636
16941,31637
16942,31638
16943,31639
16944,31640
16945,31641
16946,31642
16947,31643
16948,31644
16949,31645
16950,31646
16951,31647
16952,31648
16953,31649
16954,31650
16955,31651
16956,31652
16957,31653
16958,31654
16959,31655
16960,31656
16961,31657
16962,31658
16963,31659
16964,31660
16965,31661
16966,31662
16967,31663
16968,31664
16969,31665
16970,31666
16971,31667
16972,31668
16973,31669
16974,31670
16975,31671
16976,31672
16977,31673
16978,31674
16979,31675
16980,31676
16981,31677
16982,31678
16983,31679
16984,31680
16985,31681
16986,31682
16987,31683
16988,31684
16989,31685
16990,31686
16991,31687
16992,31688
16993,31689
16994,31690
16995,31691
16996,31692
16997,31693
16998,31694
16999,31695
17000,31696
17001,31697
17002,31698
17003,31699
17004,31700
17005,31701
17006,31702
17007,31703
17008,31704
17009,31705
17010,31706
17011,31707
17012,31708
17013,31709
17014,31710
17015,31711
17016,31712
17017,31713
17018,31714
17019,31715
17020,31716
17021,31717
17022,31718
17023,31719
17024,31720
17025,31721
17026,31722
17027,31723
17028,31724
17029,31725
17030,31726
17031,31727
17032,31728
17033,31729
17034,31730
17035,31731
17036,31732
17037,31733
17038,31734
17039,31735
17040,31736
17041,31737
17042,31738
17043,31739
17044,31740
17045,31741
17046,31742
17047,31743
17048,31744
17049,31745
17050,31746
17051,31747
17052,31748
17053,31749
17054,31750
17055,31751
17056,31752
17057,31753
17058,31754
17059,31755
17060,31756
17061,31757
17062,31758
17063,31759
17064,31760
17065,31761
17066,31762
17067,31763
17068,31764
17069,31765
17070,31766
17071,31767
17072,31768
17073,31769
17074,31770
17075,31771
17076,31772
17077,31773
17078,31774
17079,31775
17080,31776
17081,31777
17082,31778
17083,31779
17084,31780
17085,31781
17086,31782
17087,31783
17088,31784
17089,31785
17090,31786
17091,31787
17092,31788
17093,31789
17094,31790
17095,31791
17096,31792
17097,31793
17098,31794
17099,31795
17100,31796
17101,31797
17102,31798
17103,31799
17104,31800
17105,31801
17106,31802
17107,31803
17108,31804
17109,31805
17110,31806
17111,31807
17112,31808
17113,31809
17114,31810
17115,31811
17116,31812
17117,31813
17118,31814
17119,31815
17120,31816
17121,31817
17122,31818
17123,31819
17124,31820
17125,31821
17126,31822
17127,31823
17128,31824
17129,31825
17130,31826
17131,31827
17132,31828
17133,31829
17134,31830
17135,31831
17136,31832
17137,31833
17138,31834
17139,31835
17140,31836
17141,31837
17142,31838
17143,31839
17144,31840
17145,31841
17146,31842
17147,31843
17148,31844
17149,31845
17150,31846
17151,31847
17152,31848
17153,31849
17154,31850
17155,31851
17156,31852
17157,31853
17158,31854
17159,31855
17160,31856
17161,31857
17162,31858
17163,31859
17164,31860
17165,31861
17166,31862
17167,31863
17168,31864
17169,31865
17170,31866
17171,31867
17172,31868
17173,31869
17174,31870
17175,31871
17176,31872
17177,31873
17178,31874
17179,31875
17180,31876
17181,31877
17182,31878
17183,31879
17184,31880
17185,31881
17186,31882
17187,31883
17188,31884
17189,31885
17190,31886
17191,31887
17192,31888
17193,31889
17194,31890
17195,31891
17196,31892
17197,31893
17198,31894
17199,31895
17200,31896
17201,31897
17202,31898
17203,31899
17204,31900
17205,31901
17206,31902
17207,31903
17208,31904
17209,31905
17210,31906
17211,31907
17212,31908
17213,31909
17214,31910
17215,31911
17216,31912
17217,31913
17218,31914
17219,31915
17220,31916
17221,31917
17222,31918
17223,31919
17224,31920
17225,31921
17226,31922
17227,31923
17228,31924
17229,31925
17230,31926
17231,31927
17232,31928
17233,31929
17234,31930
17235,31931
17236,31932
17237,31933
17238,31934
17239,31935
17240,31936
17241,31937
17242,31938
17243,31939
17244,31940
17245,31941
17246,31942
17247,31943
17248,31944
17249,31945
17250,31946
17251,31947
17252,31948
17253,31949
17254,31950
17255,31951
17256,31952
17257,31953
17258,31954
17259,31955
17260,31956
17261,31957
17262,31958
17263,31959
17264,31960
17265,31961
17266,31962
17267,31963
17268,31964
17269,31965
17270,31966
17271,31967
17272,31968
17273,31969
17274,31970
17275,31971
17276,31972
17277,31973
17278,31974
17279,31975
17280,31976
17281,31977
17282,31978
17283,31979
17284,31980
17285,31981
17286,31982
17287,31983
17288,31984
17289,31985
17290,31986
17291,31987
17292,31988
17293,31989
17294,31990
17295,31991
17296,31992
17297,31993
17298,31994
17299,31995
17300,31996
17301,31997
17302,31998
17303,31999
17304,32000
17305,32001
17306,32002
17307,32003
17308,32004
17309,32005
17310,32006
17311,32007
17312,32008
17313,32009
17314,32010
17315,32011
17316,32012
17317,32013
17318,32014
17319,32015
17320,32016
17321,32017
17322,32018
17323,32019
17324,32020
17325,32021
17326,32022
17327,32023
17328,32024
17329,32025
17330,32026
17331,32027
17332,32028
17333,32029
17334,32030
17335,32031
17336,32032
17337,32033
17338,32034
17339,32035
17340,32036
17341,32037
17342,32038
17343,32039
17344,32040
17345,32041
17346,32042
17347,32043
17348,32044
17349,32045
17350,32046
17351,32047
17352,32048
17353,32049
17354,32050
17355,32051
17356,32052
17357,32053
17358,32054
17359,32055
17360,32056
17361,32057
17362,32058
17363,32059
17364,32060
17365,32061
17366,32062
17367,32063
17368,32064
17369,32065
17370,32066
17371,32067
17372,32068
17373,32069
17374,32070
17375,32071
17376,32072
17377,32073
17378,32074
17379,32075
17380,32076
17381,32077
17382,32078
17383,32079
17384,32080
17385,32081
17386,32082
17387,32083
17388,32084
17389,32085
17390,32086
17391,32087
17392,32088
17393,32089
17394,32090
17395,32091
17396,32092
17397,32093
17398,32094
17399,32095
17400,32096
17401,32097
17402,32098
17403,32099
17404,32100
17405,32101
17406,32102
17407,32103
17408,32104
17409,32105
17410,32106
17411,32107
17412,32108
17413,32109
17414,32110
17415,32111
17416,32112
17417,32113
17418,32114
17419,32115
17420,32116
17421,32117
17422,32118
17423,32119
17424,32120
17425,32121
17426,32122
17427,32123
17428,32124
17429,32125
17430,32126
17431,32127
17432,32128
17433,32129
17434,32130
17435,32131
17436,32132
17437,32133
17438,32134
17439,32135
17440,32136
17441,32137
17442,32138
17443,32139
17444,32140
17445,32141
17446,32142
17447,32143
17448,32144
17449,32145
17450,32146
17451,32147
17452,32148
17453,32149
17454,32150
17455,32151
17456,32152
17457,32153
17458,32154
17459,32155
17460,32156
17461,32157
17462,32158
17463,32159
17464,32160
17465,32161
17466,32162
17467,32163
17468,32164
17469,32165
17470,32166
17471,32167
17472,32168
17473,32169
17474,32170
17475,32171
17476,32172
17477,32173
17478,32174
17479,32175
17480,32176
17481,32177
17482,32178
17483,32179
17484,32180
17485,32181
17486,32182
17487,32183
17488,32184
17489,32185
17490,32186
17491,32187
17492,32188
17493,32189
17494,32190
17495,32191
17496,32192
17497,32193
17498,32194
17499,32195
17500,32196
17501,32197
17502,32198
17503,32199
17504,32200
17505,32201
17506,32202
17507,32203
17508,32204
17509,32205
17510,32206
17511,32207
17512,32208
17513,32209
17514,32210
17515,32211
17516,32212
17517,32213
17518,32214
17519,32215
17520,32216
17521,32217
17522,32218
17523,32219
17524,32220
17525,32221
17526,32222
17527,32223
17528,32224
17529,32225
17530,32226
17531,32227
17532,32228
17533,32229
17534,32230
17535,32231
17536,32232
17537,32233
17538,32234
17539,32235
17540,32236
17541,32237
17542,32238
17543,32239
17544,32240
17545,32241
17546,32242
17547,32243
17548,32244
17549,32245
17550,32246
17551,32247
17552,32248
17553,32249
17554,32250
17555,32251
17556,32252
17557,32253
17558,32254
17559,32255
17560,32256
17561,32257
17562,32258
17563,32259
17564,32260
17565,32261
17566,32262
17567,32263
17568,32264
17569,32265
17570,32266
17571,32267
17572,32268
17573,32269
17574,32270
17575,32271
17576,32272
17577,32273
17578,32274
17579,32275
17580,32276
17581,32277
17582,32278
17583,32279
17584,32280
17585,32281
17586,32282
17587,32283
17588,32284
17589,32285
17590,32286
17591,32287
17592,32288
17593,32289
17594,32290
17595,32291
17596,32292
17597,32293
17598,32294
17599,32295
17600,32296
17601,32297
17602,32298
17603,32299
17604,32300
17605,32301
17606,32302
17607,32303
17608,32304
17609,32305
17610,32306
17611,32307
17612,32308
17613,32309
17614,32310
17615,32311
17616,32312
17617,32313
17618,32314
17619,32315
17620,32316
17621,32317
17622,32318
17623,32319
17624,32320
17625,32321
17626,32322
17627,32323
17628,32324
17629,32325
17630,32326
17631,32327
17632,32328
17633,32329
17634,32330
17635,32331
17636,32332
17637,32333
17638,32334
17639,32335
17640,32336
17641,32337
17642,32338
17643,32339
17644,32340
17645,32341
17646,32342
17647,32343
17648,32344
17649,32345
17650,32346
17651,32347
17652,32348
17653,32349
17654,32350
17655,32351
17656,32352
17657,32353
17658,32354
17659,32355
17660,32356
17661,32357
17662,32358
17663,32359
17664,32360
17665,32361
17666,32362
17667,32363
17668,32364
17669,32365
17670,32366
17671,32367
17672,32368
17673,32369
17674,32370
17675,32371
17676,32372
17677,32373
17678,32374
17679,32375
17680,32376
17681,32377
17682,32378
17683,32379
17684,32380
17685,32381
17686,32382
17687,32383
17688,32384
17689,32385
17690,32386
17691,32387
17692,32388
17693,32389
17694,32390
17695,32391
17696,32392
17697,32393
17698,32394
17699,32395
17700,32396
17701,32397
17702,32398
17703,32399
17704,32400
17705,32401
17706,32402
17707,32403
17708,32404
17709,32405
17710,32406
17711,32407
17712,32408
17713,32409
17714,32410
17715,32411
17716,32412
17717,32413
17718,32414
17719,32415
17720,32416
17721,32417
17722,32418
17723,32419
17724,32420
17725,32421
17726,32422
17727,32423
17728,32424
17729,32425
17730,32426
17731,32427
17732,32428
17733,32429
17734,32430
17735,32431
17736,32432
17737,32433
17738,32434
17739,32435
17740,32436
17741,32437
17742,32438
17743,32439
17744,32440
17745,32441
17746,32442
17747,32443
17748,32444
17749,32445
17750,32446
17751,32447
17752,32448
17753,32449
17754,32450
17755,32451
17756,32452
17757,32453
17758,32454
17759,32455
17760,32456
17761,32457
17762,32458
17763,32459
17764,32460
17765,32461
17766,32462
17767,32463
17768,32464
17769,32465
17770,32466
17771,32467
17772,32468
17773,32469
17774,32470
17775,32471
17776,32472
17777,32473
17778,32474
17779,32475
17780,32476
17781,32477
17782,32478
17783,32479
17784,32480
17785,32481
17786,32482
17787,32483
17788,32484
17789,32485
17790,32486
17791,32487
17792,32488
17793,32489
17794,32490
17795,32491
17796,32492
17797,32493
17798,32494
17799,32495
17800,32496
17801,32497
17802,32498
17803,32499
17804,32500
17805,32501
17806,32502
17807,32503
17808,32504
17809,32505
17810,32506
17811,32507
17812,32508
17813,32509
17814,32510
17815,32511
17816,32512
17817,32513
17818,32514
17819,32515
17820,32516
17821,32517
17822,32518
17823,32519
17824,32520
17825,32521
17826,32522
17827,32523
17828,32524
17829,32525
17830,32526
17831,32527
17832,32528
17833,32529
17834,32530
17835,32531
17836,32532
17837,32533
17838,32534
17839,32535
17840,32536
17841,32537
17842,32538
17843,32539
17844,32540
17845,32541
17846,32542
17847,32543
17848,32544
17849,32545
17850,32546
17851,32547
17852,32548
17853,32549
17854,32550
17855,32551
17856,32552
17857,32553
17858,32554
17859,32555
17860,32556
17861,32557
17862,32558
17863,32559
17864,32560
17865,32561
17866,32562
17867,32563
17868,32564
17869,32565
17870,32566
17871,32567
17872,32568
17873,32569
17874,32570
17875,32571
17876,32572
17877,32573
17878,32574
17879,32575
17880,32576
17881,32577
17882,32578
17883,32579
17884,32580
17885,32581
17886,32582
17887,32583
17888,32584
17889,32585
17890,32586
17891,32587
17892,32588
17893,32589
17894,32590
17895,32591
17896,32592
17897,32593
17898,32594
17899,32595
17900,32596
17901,32597
17902,32598
17903,32599
17904,32600
17905,32601
17906,32602
17907,32603
17908,32604
17909,32605
17910,32606
17911,32607
17912,32608
17913,32609
17914,32610
17915,32611
17916,32612
17917,32613
17918,32614
17919,32615
17920,32616
17921,32617
17922,32618
17923,32619
17924,32620
17925,32621
17926,32622
17927,32623
17928,32624
17929,32625
17930,32626
17931,32627
17932,32628
17933,32629
17934,32630
17935,32631
17936,32632
17937,32633
17938,32634
17939,32635
17940,32636
17941,32637
17942,32638
17943,32639
17944,32640
17945,32641
17946,32642
17947,32643
17948,32644
17949,32645
17950,32646
17951,32647
17952,32648
17953,32649
17954,32650
17955,32651
17956,32652
17957,32653
17958,32654
17959,32655
17960,32656
17961,32657
17962,32658
17963,32659
17964,32660
17965,32661
17966,32662
17967,32663
17968,32664
17969,32665
17970,32666
17971,32667
17972,32668
17973,32669
17974,32670
17975,32671
17976,32672
17977,32673
17978,32674
17979,32675
17980,32676
17981,32677
17982,32678
17983,32679
17984,32680
17985,32681
17986,32682
17987,32683
17988,32684
17989,32685
17990,32686
17991,32687
17992,32688
17993,32689
17994,32690
17995,32691
17996,32692
17997,32693
17998,32694
17999,32695
18000,32696
18001,32697
18002,32698
18003,32699
18004,32700
18005,32701
18006,32702
18007,32703
18008,32704
18009,32705
18010,32706
18011,32707
18012,32708
18013,32709
18014,32710
18015,32711
18016,32712
18017,32713
18018,32714
18019,32715
18020,32716
18021,32717
18022,32718
18023,32719
18024,32720
18025,32721
18026,32722
18027,32723
18028,32724
18029,32725
18030,32726
18031,32727
18032,32728
18033,32729
18034,32730
18035,32731
18036,32732
18037,32733
18038,32734
18039,32735
18040,32736
18041,32737
18042,32738
18043,32739
18044,32740
18045,32741
18046,32742
18047,32743
18048,32744
18049,32745
18050,32746
18051,32747
18052,32748
18053,32749
18054,32750
18055,32751
18056,32752
18057,32753
18058,32754
18059,32755
18060,32756
18061,32757
18062,32758
18063,32759
18064,32760
18065,32761
18066,32762
18067,32763
18068,32764
18069,32765
18070,32766
18071,32767
18072,32768
18073,32769
18074,32770
18075,32771
18076,32772
18077,32773
18078,32774
18079,32775
18080,32776
18081,32777
18082,32778
18083,32779
18084,32780
18085,32781
18086,32782
18087,32783
18088,32784
18089,32785
18090,32786
18091,32787
18092,32788
18093,32789
18094,32790
18095,32791
18096,32792
18097,32793
18098,32794
18099,32795
18100,32796
18101,32797
18102,32798
18103,32799
18104,32800
18105,32801
18106,32802
18107,32803
18108,32804
18109,32805
18110,32806
18111,32807
18112,32808
18113,32809
18114,32810
18115,32811
18116,32812
18117,32813
18118,32814
18119,32815
18120,32816
18121,32817
18122,32818
18123,32819
18124,32820
18125,32821
18126,32822
18127,32823
18128,32824
18129,32825
18130,32826
18131,32827
18132,32828
18133,32829
18134,32830
18135,32831
18136,32832
18137,32833
18138,32834
18139,32835
18140,32836
18141,32837
18142,32838
18143,32839
18144,32840
18145,32841
18146,32842
18147,32843
18148,32844
18149,32845
18150,32846
18151,32847
18152,32848
18153,32849
18154,32850
18155,32851
18156,32852
18157,32853
18158,32854
18159,32855
18160,32856
18161,32857
18162,32858
18163,32859
18164,32860
18165,32861
18166,32862
18167,32863
18168,32864
18169,32865
18170,32866
18171,32867
18172,32868
18173,32869
18174,32870
18175,32871
18176,32872
18177,32873
18178,32874
18179,32875
18180,32876
18181,32877
18182,32878
18183,32879
18184,32880
18185,32881
18186,32882
18187,32883
18188,32884
18189,32885
18190,32886
18191,32887
18192,32888
18193,32889
18194,32890
18195,32891
18196,32892
18197,32893
18198,32894
18199,32895
18200,32896
18201,32897
18202,32898
18203,32899
18204,32900
18205,32901
18206,32902
18207,32903
18208,32904
18209,32905
18210,32906
18211,32907
18212,32908
18213,32909
18214,32910
18215,32911
18216,32912
18217,32913
18218,32914
18219,32915
18220,32916
18221,32917
18222,32918
18223,32919
18224,32920
18225,32921
18226,32922
18227,32923
18228,32924
18229,32925
18230,32926
18231,32927
18232,32928
18233,32929
18234,32930
18235,32931
18236,32932
18237,32933
18238,32934
18239,32935
18240,32936
18241,32937
18242,32938
18243,32939
18244,32940
18245,32941
18246,32942
18247,32943
18248,32944
18249,32945
18250,32946
18251,32947
18252,32948
18253,32949
18254,32950
18255,32951
18256,32952
18257,32953
18258,32954
18259,32955
18260,32956
18261,32957
18262,32958
18263,32959
18264,32960
18265,32961
18266,32962
18267,32963
18268,32964
18269,32965
18270,32966
18271,32967
18272,32968
18273,32969
18274,32970
18275,32971
18276,32972
18277,32973
18278,32974
18279,32975
18280,32976
18281,32977
18282,32978
18283,32979
18284,32980
18285,32981
18286,32982
18287,32983
18288,32984
18289,32985
18290,32986
18291,32987
18292,32988
18293,32989
18294,32990
18295,32991
18296,32992
18297,32993
18298,32994
18299,32995
18300,32996
18301,32997
18302,32998
18303,32999
18304,33000
18305,33001
18306,33002
18307,33003
18308,33004
18309,33005
18310,33006
18311,33007
18312,33008
18313,33009
18314,33010
18315,33011
18316,33012
18317,33013
18318,33014
18319,33015
18320,33016
18321,33017
18322,33018
18323,33019
18324,33020
18325,33021
18326,33022
18327,33023
18328,33024
18329,33025
18330,33026
18331,33027
18332,33028
18333,33029
18334,33030
18335,33031
18336,33032
18337,33033
18338,33034
18339,33035
18340,33036
18341,33037
18342,33038
18343,33039
18344,33040
18345,33041
18346,33042
18347,33043
18348,33044
18349,33045
18350,33046
18351,33047
18352,33048
18353,33049
18354,33050
18355,33051
18356,33052
18357,33053
18358,33054
18359,33055
18360,33056
18361,33057
18362,33058
18363,33059
18364,33060
18365,33061
18366,33062
18367,33063
18368,33064
18369,33065
18370,33066
18371,33067
18372,33068
18373,33069
18374,33070
18375,33071
18376,33072
18377,33073
18378,33074
18379,33075
18380,33076
18381,33077
18382,33078
18383,33079
18384,33080
18385,33081
18386,33082
18387,33083
18388,33084
18389,33085
18390,33086
18391,33087
18392,33088
18393,33089
18394,33090
18395,33091
18396,33092
18397,33093
18398,33094
18399,33095
18400,33096
18401,33097
18402,33098
18403,33099
18404,33100
18405,33101
18406,33102
18407,33103
18408,33104
18409,33105
18410,33106
18411,33107
18412,33108
18413,33109
18414,33110
18415,33111
18416,33112
18417,33113
18418,33114
18419,33115
18420,33116
18421,33117
18422,33118
18423,33119
18424,33120
18425,33121
18426,33122
18427,33123
18428,33124
18429,33125
18430,33126
18431,33127
18432,33128
18433,33129
18434,33130
18435,33131
18436,33132
18437,33133
18438,33134
18439,33135
18440,33136
18441,33137
18442,33138
18443,33139
18444,33140
18445,33141
18446,33142
18447,33143
18448,33144
18449,33145
18450,33146
18451,33147
18452,33148
18453,33149
18454,33150
18455,33151
18456,33152
18457,33153
18458,33154
18459,33155
18460,33156
18461,33157
18462,33158
18463,33159
18464,33160
18465,33161
18466,33162
18467,33163
18468,33164
18469,33165
18470,33166
18471,33167
18472,33168
18473,33169
18474,33170
18475,33171
18476,33172
18477,33173
18478,33174
18479,33175
18480,33176
18481,33177
18482,33178
18483,33179
18484,33180
18485,33181
18486,33182
18487,33183
18488,33184
18489,33185
18490,33186
18491,33187
18492,33188
18493,33189
18494,33190
18495,33191
18496,33192
18497,33193
18498,33194
18499,33195
18500,33196
18501,33197
18502,33198
18503,33199
18504,33200
18505,33201
18506,33202
18507,33203
18508,33204
18509,33205
18510,33206
18511,33207
18512,33208
18513,33209
18514,33210
18515,33211
18516,33212
18517,33213
18518,33214
18519,33215
18520,33216
18521,33217
18522,33218
18523,33219
18524,33220
18525,33221
18526,33222
18527,33223
18528,33224
18529,33225
18530,33226
18531,33227
18532,33228
18533,33229
18534,33230
18535,33231
18536,33232
18537,33233
18538,33234
18539,33235
18540,33236
18541,33237
18542,33238
18543,33239
18544,33240
18545,33241
18546,33242
18547,33243
18548,33244
18549,33245
18550,33246
18551,33247
18552,33248
18553,33249
18554,33250
18555,33251
18556,33252
18557,33253
18558,33254
18559,33255
18560,33256
18561,33257
18562,33258
18563,33259
18564,33260
18565,33261
18566,33262
18567,33263
18568,33264
18569,33265
18570,33266
18571,33267
18572,33268
18573,33269
18574,33270
18575,33271
18576,33272
18577,33273
18578,33274
18579,33275
18580,33276
18581,33277
18582,33278
18583,33279
18584,33280
18585,33281
18586,33282
18587,33283
18588,33284
18589,33285
18590,33286
18591,33287
18592,33288
18593,33289
18594,33290
18595,33291
18596,33292
18597,33293
18598,33294
18599,33295
18600,33296
18601,33297
18602,33298
18603,33299
18604,33300
18605,33301
18606,33302
18607,33303
18608,33304
18609,33305
18610,33306
18611,33307
18612,33308
18613,33309
18614,33310
18615,33311
18616,33312
18617,33313
18618,33314
18619,33315
18620,33316
18621,33317
18622,33318
18623,33319
18624,33320
18625,33321
18626,33322
18627,33323
18628,33324
18629,33325
18630,33326
18631,33327
18632,33328
18633,33329
18634,33330
18635,33331
18636,33332
18637,33333
18638,33334
18639,33335
18640,33336
18641,33337
18642,33338
18643,33339
18644,33340
18645,33341
18646,33342
18647,33343
18648,33344
18649,33345
18650,33346
18651,33347
18652,33348
18653,33349
18654,33350
18655,33351
18656,33352
18657,33353
18658,33354
18659,33355
18660,33356
18661,33357
18662,33358
18663,33359
18664,33360
18665,33361
18666,33362
18667,33363
18668,33364
18669,33365
18670,33366
18671,33367
18672,33368
18673,33369
18674,33370
18675,33371
18676,33372
18677,33373
18678,33374
18679,33375
18680,33376
18681,33377
18682,33378
18683,33379
18684,33380
18685,33381
18686,33382
18687,33383
18688,33384
18689,33385
18690,33386
18691,33387
18692,33388
18693,33389
18694,33390
18695,33391
18696,33392
18697,33393
18698,33394
18699,33395
18700,33396
18701,33397
18702,33398
18703,33399
18704,33400
18705,33401
18706,33402
18707,33403
18708,33404
18709,33405
18710,33406
18711,33407
18712,33408
18713,33409
18714,33410
18715,33411
18716,33412
18717,33413
18718,33414
18719,33415
18720,33416
18721,33417
18722,33418
18723,33419
18724,33420
18725,33421
18726,33422
18727,33423
18728,33424
18729,33425
18730,33426
18731,33427
18732,33428
18733,33429
18734,33430
18735,33431
18736,33432
18737,33433
18738,33434
18739,33435
18740,33436
18741,33437
18742,33438
18743,33439
18744,33440
18745,33441
18746,33442
18747,33443
18748,33444
18749,33445
18750,33446
18751,33447
18752,33448
18753,33449
18754,33450
18755,33451
18756,33452
18757,33453
18758,33454
18759,33455
18760,33456
18761,33457
18762,33458
18763,33459
18764,33460
18765,33461
18766,33462
18767,33463
18768,33464
18769,33465
18770,33466
18771,33467
18772,33468
18773,33469
18774,33470
18775,33471
18776,33472
18777,33473
18778,33474
18779,33475
18780,33476
18781,33477
18782,33478
18783,33479
18784,33480
18785,33481
18786,33482
18787,33483
18788,33484
18789,33485
18790,33486
18791,33487
18792,33488
18793,33489
18794,33490
18795,33491
18796,33492
18797,33493
18798,33494
18799,33495
18800,33496
18801,33497
18802,33498
18803,33499
18804,33500
18805,33501
18806,33502
18807,33503
18808,33504
18809,33505
18810,33506
18811,33507
18812,33508
18813,33509
18814,33510
18815,33511
18816,33512
18817,33513
18818,33514
18819,33515
18820,33516
18821,33517
18822,33518
18823,33519
18824,33520
18825,33521
18826,33522
18827,33523
18828,33524
18829,33525
18830,33526
18831,33527
18832,33528
18833,33529
18834,33530
18835,33531
18836,33532
18837,33533
18838,33534
18839,33535
18840,33536
18841,33537
18842,33538
18843,33539
18844,33540
18845,33541
18846,33542
18847,33543
18848,33544
18849,33545
18850,33546
18851,33547
18852,33548
18853,33549
18854,33550
18855,33551
18856,33552
18857,33553
18858,33554
18859,33555
18860,33556
18861,33557
18862,33558
18863,33559
18864,33560
18865,33561
18866,33562
18867,33563
18868,33564
18869,33565
18870,33566
18871,33567
18872,33568
18873,33569
18874,33570
18875,33571
18876,33572
18877,33573
18878,33574
18879,33575
18880,33576
18881,33577
18882,33578
18883,33579
18884,33580
18885,33581
18886,33582
18887,33583
18888,33584
18889,33585
18890,33586
18891,33587
18892,33588
18893,33589
18894,33590
18895,33591
18896,33592
18897,33593
18898,33594
18899,33595
18900,33596
18901,33597
18902,33598
18903,33599
18904,33600
18905,33601
18906,33602
18907,33603
18908,33604
18909,33605
18910,33606
18911,33607
18912,33608
18913,33609
18914,33610
18915,33611
18916,33612
18917,33613
18918,33614
18919,33615
18920,33616
18921,33617
18922,33618
18923,33619
18924,33620
18925,33621
18926,33622
18927,33623
18928,33624
18929,33625
18930,33626
18931,33627
18932,33628
18933,33629
18934,33630
18935,33631
18936,33632
18937,33633
18938,33634
18939,33635
18940,33636
18941,33637
18942,33638
18943,33639
18944,33640
18945,33641
18946,33642
18947,33643
18948,33644
18949,33645
18950,33646
18951,33647
18952,33648
18953,33649
18954,33650
18955,33651
18956,33652
18957,33653
18958,33654
18959,33655
18960,33656
18961,33657
18962,33658
18963,33659
18964,33660
18965,33661
18966,33662
18967,33663
18968,33664
18969,33665
18970,33666
18971,33667
18972,33668
18973,33669
18974,33670
18975,33671
18976,33672
18977,33673
18978,33674
18979,33675
18980,33676
18981,33677
18982,33678
18983,33679
18984,33680
18985,33681
18986,33682
18987,33683
18988,33684
18989,33685
18990,33686
18991,33687
18992,33688
18993,33689
18994,33690
18995,33691
18996,33692
18997,33693
18998,33694
18999,33695
19000,33696
19001,33697
19002,33698
19003,33699
19004,33700
19005,33701
19006,33702
19007,33703
19008,33704
19009,33705
19010,33706
19011,33707
19012,33708
19013,33709
19014,33710
19015,33711
19016,33712
19017,33713
19018,33714
19019,33715
19020,33716
19021,33717
19022,33718
19023,33719
19024,33720
19025,33721
19026,33722
19027,33723
19028,33724
19029,33725
19030,33726
19031,33727
19032,33728
19033,33729
19034,33730
19035,33731
19036,33732
19037,33733
19038,33734
19039,33735
19040,33736
19041,33737
19042,33738
19043,33739
19044,33740
19045,33741
19046,33742
19047,33743
19048,33744
19049,33745
19050,33746
19051,33747
19052,33748
19053,33749
19054,33750
19055,33751
19056,33752
19057,33753
19058,33754
19059,33755
19060,33756
19061,33757
19062,33758
19063,33759
19064,33760
19065,33761
19066,33762
19067,33763
19068,33764
19069,33765
19070,33766
19071,33767
19072,33768
19073,33769
19074,33770
19075,33771
19076,33772
19077,33773
19078,33774
19079,33775
19080,33776
19081,33777
19082,33778
19083,33779
19084,33780
19085,33781
19086,33782
19087,33783
19088,33784
19089,33785
19090,33786
19091,33787
19092,33788
19093,33789
19094,33790
19095,33791
19096,33792
19097,33793
19098,33794
19099,33795
19100,33796
19101,33797
19102,33798
19103,33799
19104,33800
19105,33801
19106,33802
19107,33803
19108,33804
19109,33805
19110,33806
19111,33807
19112,33808
19113,33809
19114,33810
19115,33811
19116,33812
19117,33813
19118,33814
19119,33815
19120,33816
19121,33817
19122,33818
19123,33819
19124,33820
19125,33821
19126,33822
19127,33823
19128,33824
19129,33825
19130,33826
19131,33827
19132,33828
19133,33829
19134,33830
19135,33831
19136,33832
19137,33833
19138,33834
19139,33835
19140,33836
19141,33837
19142,33838
19143,33839
19144,33840
19145,33841
19146,33842
19147,33843
19148,33844
19149,33845
19150,33846
19151,33847
19152,33848
19153,33849
19154,33850
19155,33851
19156,33852
19157,33853
19158,33854
19159,33855
19160,33856
19161,33857
19162,33858
19163,33859
19164,33860
19165,33861
19166,33862
19167,33863
19168,33864
19169,33865
19170,33866
19171,33867
19172,33868
19173,33869
19174,33870
19175,33871
19176,33872
19177,33873
19178,33874
19179,33875
19180,33876
19181,33877
19182,33878
19183,33879
19184,33880
19185,33881
19186,33882
19187,33883
19188,33884
19189,33885
19190,33886
19191,33887
19192,33888
19193,33889
19194,33890
19195,33891
19196,33892
19197,33893
19198,33894
19199,33895
19200,33896
19201,33897
19202,33898
19203,33899
19204,33900
19205,33901
19206,33902
19207,33903
19208,33904
19209,33905
19210,33906
19211,33907
19212,33908
19213,33909
19214,33910
19215,33911
19216,33912
19217,33913
19218,33914
19219,33915
19220,33916
19221,33917
19222,33918
19223,33919
19224,33920
19225,33921
19226,33922
19227,33923
19228,33924
19229,33925
19230,33926
19231,33927
19232,33928
19233,33929
19234,33930
19235,33931
19236,33932
19237,33933
19238,33934
19239,33935
19240,33936
19241,33937
19242,33938
19243,33939
19244,33940
19245,33941
19246,33942
19247,33943
19248,33944
19249,33945
19250,33946
19251,33947
19252,33948
19253,33949
19254,33950
19255,33951
19256,33952
19257,33953
19258,33954
19259,33955
19260,33956
19261,33957
19262,33958
19263,33959
19264,33960
19265,33961
19266,33962
19267,33963
19268,33964
19269,33965
19270,33966
19271,33967
19272,33968
19273,33969
19274,33970
19275,33971
19276,33972
19277,33973
19278,33974
19279,33975
19280,33976
19281,33977
19282,33978
19283,33979
19284,33980
19285,33981
19286,33982
19287,33983
19288,33984
19289,33985
19290,33986
19291,33987
19292,33988
19293,33989
19294,33990
19295,33991
19296,33992
19297,33993
19298,33994
19299,33995
19300,33996
19301,33997
19302,33998
19303,33999
19304,34000
19305,34001
19306,34002
19307,34003
19308,34004
19309,34005
19310,34006
19311,34007
19312,34008
19313,34009
19314,34010
19315,34011
19316,34012
19317,34013
19318,34014
19319,34015
19320,34016
19321,34017
19322,34018
19323,34019
19324,34020
19325,34021
19326,34022
19327,34023
19328,34024
19329,34025
19330,34026
19331,34027
19332,34028
19333,34029
19334,34030
19335,34031
19336,34032
19337,34033
19338,34034
19339,34035
19340,34036
19341,34037
19342,34038
19343,34039
19344,34040
19345,34041
19346,34042
19347,34043
19348,34044
19349,34045
19350,34046
19351,34047
19352,34048
19353,34049
19354,34050
19355,34051
19356,34052
19357,34053
19358,34054
19359,34055
19360,34056
19361,34057
19362,34058
19363,34059
19364,34060
19365,34061
19366,34062
19367,34063
19368,34064
19369,34065
19370,34066
19371,34067
19372,34068
19373,34069
19374,34070
19375,34071
19376,34072
19377,34073
19378,34074
19379,34075
19380,34076
19381,34077
19382,34078
19383,34079
19384,34080
19385,34081
19386,34082
19387,34083
19388,34084
19389,34085
19390,34086
19391,34087
19392,34088
19393,34089
19394,34090
19395,34091
19396,34092
19397,34093
19398,34094
19399,34095
19400,34096
19401,34097
19402,34098
19403,34099
19404,34100
19405,34101
19406,34102
19407,34103
19408,34104
19409,34105
19410,34106
19411,34107
19412,34108
19413,34109
19414,34110
19415,34111
19416,34112
19417,34113
19418,34114
19419,34115
19420,34116
19421,34117
19422,34118
19423,34119
19424,34120
19425,34121
19426,34122
19427,34123
19428,34124
19429,34125
19430,34126
19431,34127
19432,34128
19433,34129
19434,34130
19435,34131
19436,34132
19437,34133
19438,34134
19439,34135
19440,34136
19441,34137
19442,34138
19443,34139
19444,34140
19445,34141
19446,34142
19447,34143
19448,34144
19449,34145
19450,34146
19451,34147
19452,34148
19453,34149
19454,34150
19455,34151
19456,34152
19457,34153
19458,34154
19459,34155
19460,34156
19461,34157
19462,34158
19463,34159
19464,34160
19465,34161
19466,34162
19467,34163
19468,34164
19469,34165
19470,34166
19471,34167
19472,34168
19473,34169
19474,34170
19475,34171
19476,34172
19477,34173
19478,34174
19479,34175
19480,34176
19481,34177
19482,34178
19483,34179
19484,34180
19485,34181
19486,34182
19487,34183
19488,34184
19489,34185
19490,34186
19491,34187
19492,34188
19493,34189
19494,34190
19495,34191
19496,34192
19497,34193
19498,34194
19499,34195
19500,34196
19501,34197
19502,34198
19503,34199
19504,34200
19505,34201
19506,34202
19507,34203
19508,34204
19509,34205
19510,34206
19511,34207
19512,34208
19513,34209
19514,34210
19515,34211
19516,34212
19517,34213
19518,34214
19519,34215
19520,34216
19521,34217
19522,34218
19523,34219
19524,34220
19525,34221
19526,34222
19527,34223
19528,34224
19529,34225
19530,34226
19531,34227
19532,34228
19533,34229
19534,34230
19535,34231
19536,34232
19537,34233
19538,34234
19539,34235
19540,34236
19541,34237
19542,34238
19543,34239
19544,34240
19545,34241
19546,34242
19547,34243
19548,34244
19549,34245
19550,34246
19551,34247
19552,34248
19553,34249
19554,34250
19555,34251
19556,34252
19557,34253
19558,34254
19559,34255
19560,34256
19561,34257
19562,34258
19563,34259
19564,34260
19565,34261
19566,34262
19567,34263
19568,34264
19569,34265
19570,34266
19571,34267
19572,34268
19573,34269
19574,34270
19575,34271
19576,34272
19577,34273
19578,34274
19579,34275
19580,34276
19581,34277
19582,34278
19583,34279
19584,34280
19585,34281
19586,34282
19587,34283
19588,34284
19589,34285
19590,34286
19591,34287
19592,34288
19593,34289
19594,34290
19595,34291
19596,34292
19597,34293
19598,34294
19599,34295
19600,34296
19601,34297
19602,34298
19603,34299
19604,34300
19605,34301
19606,34302
19607,34303
19608,34304
19609,34305
19610,34306
19611,34307
19612,34308
19613,34309
19614,34310
19615,34311
19616,34312
19617,34313
19618,34314
19619,34315
19620,34316
19621,34317
19622,34318
19623,34319
19624,34320
19625,34321
19626,34322
19627,34323
19628,34324
19629,34325
19630,34326
19631,34327
19632,34328
19633,34329
19634,34330
19635,34331
19636,34332
19637,34333
19638,34334
19639,34335
19640,34336
19641,34337
19642,34338
19643,34339
19644,34340
19645,34341
19646,34342
19647,34343
19648,34344
19649,34345
19650,34346
19651,34347
19652,34348
19653,34349
19654,34350
19655,34351
19656,34352
19657,34353
19658,34354
19659,34355
19660,34356
19661,34357
19662,34358
19663,34359
19664,34360
19665,34361
19666,34362
19667,34363
19668,34364
19669,34365
19670,34366
19671,34367
19672,34368
19673,34369
19674,34370
19675,34371
19676,34372
19677,34373
19678,34374
19679,34375
19680,34376
19681,34377
19682,34378
19683,34379
19684,34380
19685,34381
19686,34382
19687,34383
19688,34384
19689,34385
19690,34386
19691,34387
19692,34388
19693,34389
19694,34390
19695,34391
19696,34392
19697,34393
19698,34394
19699,34395
19700,34396
19701,34397
19702,34398
19703,34399
19704,34400
19705,34401
19706,34402
19707,34403
19708,34404
19709,34405
19710,34406
19711,34407
19712,34408
19713,34409
19714,34410
19715,34411
19716,34412
19717,34413
19718,34414
19719,34415
19720,34416
19721,34417
19722,34418
19723,34419
19724,34420
19725,34421
19726,34422
19727,34423
19728,34424
19729,34425
19730,34426
19731,34427
19732,34428
19733,34429
19734,34430
19735,34431
19736,34432
19737,34433
19738,34434
19739,34435
19740,34436
19741,34437
19742,34438
19743,34439
19744,34440
19745,34441
19746,34442
19747,34443
19748,34444
19749,34445
19750,34446
19751,34447
19752,34448
19753,34449
19754,34450
19755,34451
19756,34452
19757,34453
19758,34454
19759,34455
19760,34456
19761,34457
19762,34458
19763,34459
19764,34460
19765,34461
19766,34462
19767,34463
19768,34464
19769,34465
19770,34466
19771,34467
19772,34468
19773,34469
19774,34470
19775,34471
19776,34472
19777,34473
19778,34474
19779,34475
19780,34476
19781,34477
19782,34478
19783,34479
19784,34480
19785,34481
19786,34482
19787,34483
19788,34484
19789,34485
19790,34486
19791,34487
19792,34488
19793,34489
19794,34490
19795,34491
19796,34492
19797,34493
19798,34494
19799,34495
19800,34496
19801,34497
19802,34498
19803,34499
19804,34500
19805,34501
19806,34502
19807,34503
19808,34504
19809,34505
19810,34506
19811,34507
19812,34508
19813,34509
19814,34510
19815,34511
19816,34512
19817,34513
19818,34514
19819,34515
19820,34516
19821,34517
19822,34518
19823,34519
19824,34520
19825,34521
19826,34522
19827,34523
19828,34524
19829,34525
19830,34526
19831,34527
19832,34528
19833,34529
19834,34530
19835,34531
19836,34532
19837,34533
19838,34534
19839,34535
19840,34536
19841,34537
19842,34538
19843,34539
19844,34540
19845,34541
19846,34542
19847,34543
19848,34544
19849,34545
19850,34546
19851,34547
19852,34548
19853,34549
19854,34550
19855,34551
19856,34552
19857,34553
19858,34554
19859,34555
19860,34556
19861,34557
19862,34558
19863,34559
19864,34560
19865,34561
19866,34562
19867,34563
19868,34564
19869,34565
19870,34566
19871,34567
19872,34568
19873,34569
19874,34570
19875,34571
19876,34572
19877,34573
19878,34574
19879,34575
19880,34576
19881,34577
19882,34578
19883,34579
19884,34580
19885,34581
19886,34582
19887,34583
19888,34584
19889,34585
19890,34586
19891,34587
19892,34588
19893,34589
19894,34590
19895,34591
19896,34592
19897,34593
19898,34594
19899,34595
19900,34596
19901,34597
19902,34598
19903,34599
19904,34600
19905,34601
19906,34602
19907,34603
19908,34604
19909,34605
19910,34606
19911,34607
19912,34608
19913,34609
19914,34610
19915,34611
19916,34612
19917,34613
19918,34614
19919,34615
19920,34616
19921,34617
19922,34618
19923,34619
19924,34620
19925,34621
19926,34622
19927,34623
19928,34624
19929,34625
19930,34626
19931,34627
19932,34628
19933,34629
19934,34630
19935,34631
19936,34632
19937,34633
19938,34634
19939,34635
19940,34636
19941,34637
19942,34638
19943,34639
19944,34640
19945,34641
19946,34642
19947,34643
19948,34644
19949,34645
19950,34646
19951,34647
19952,34648
19953,34649
19954,34650
19955,34651
19956,34652
19957,34653
19958,34654
19959,34655
19960,34656
19961,34657
19962,34658
19963,34659
19964,34660
19965,34661
19966,34662
19967,34663
19968,34664
19969,34665
19970,34666
19971,34667
19972,34668
19973,34669
19974,34670
19975,34671
19976,34672
19977,34673
19978,34674
19979,34675
19980,34676
19981,34677
19982,34678
19983,34679
19984,34680
