subset_row,parent_row
0,0
1,1
2,2
3,3
4,4
5,5
6,6
7,7
8,8
9,9
10,10
11,11
12,12
13,13
14,14
15,15
16,16
17,17
18,18
19,19
20,20
21,21
22,22
23,23
24,24
25,25
26,26
27,27
28,28
29,29
30,30
31,31
32,32
33,33
34,34
35,35
36,36
37,37
38,38
39,39
40,40
41,41
42,42
43,43
44,44
45,45
46,46
47,47
48,48
49,49
50,50
51,51
52,52
53,53
54,54
55,55
56,56
57,57
58,58
59,59
60,60
61,61
62,62
63,63
64,64
65,65
66,66
67,67
68,68
69,69
70,70
71,71
72,72
73,73
74,74
75,75
76,76
77,77
78,78
79,79
80,80
81,81
82,82
83,83
84,84
85,85
86,86
87,87
88,88
89,89
90,90
91,91
92,92
93,93
94,94
95,95
96,96
97,97
98,98
99,99
100,100
101,101
102,102
103,103
104,104
105,105
106,106
107,107
108,108
109,109
110,110
111,111
112,112
113,113
114,114
115,115
116,116
117,117
118,118
119,119
120,120
121,121
122,122
123,123
124,124
125,125
126,126
127,127
128,128
129,129
130,130
131,131
132,132
133,133
134,134
135,135
136,136
137,137
138,138
139,139
140,140
141,141
142,142
143,143
144,144
145,145
146,146
147,147
148,148
149,149
150,150
151,151
152,152
153,153
154,154
155,155
156,156
157,157
158,158
159,159
160,160
161,161
162,162
163,163
164,164
165,165
166,166
167,167
168,168
169,169
170,170
171,171
172,172
173,173
174,176
175,177
176,178
177,179
178,182
179,183
180,184
181,185
182,188
183,189
184,190
185,191
186,194
187,195
188,196
189,197
190,200
191,201
192,202
193,203
194,206
195,207
196,208
197,209
198,212
199,213
200,214
201,215
202,218
203,219
204,220
205,221
206,224
207,225
208,226
209,227
210,230
211,231
212,232
213,233
214,236
215,237
216,238
217,239
218,242
219,243
220,244
221,245
222,248
223,249
224,250
225,251
226,254
227,255
228,256
229,257
230,260
231,261
232,262
233,263
234,266
235,267
236,268
237,269
238,272
239,273
240,274
241,275
242,278
243,279
244,280
245,281
246,284
247,285
248,286
249,287
250,290
251,291
252,292
253,293
254,296
255,297
256,298
257,299
258,302
259,303
260,304
261,305
262,308
263,309
264,310
265,311
266,314
267,315
268,316
269,317
270,320
271,321
272,322
273,323
274,326
275,327
276,328
277,329
278,332
279,333
280,334
281,335
282,338
283,339
284,340
285,341
286,344
287,345
288,346
289,347
290,350
291,351
292,352
293,353
294,356
295,357
296,358
297,359
298,362
299,363
300,364
301,365
302,368
303,369
304,370
305,371
306,374
307,375
308,376
309,377
310,380
311,381
312,382
313,383
314,386
315,387
316,388
317,389
318,392
319,393
320,394
321,395
322,398
323,399
324,400
325,401
326,404
327,405
328,406
329,407
330,410
331,411
332,412
333,413
334,416
335,417
336,418
337,419
338,422
339,423
340,424
341,425
342,428
343,429
344,430
345,431
346,434
347,435
348,436
349,437
350,440
351,441
352,442
353,443
354,446
355,447
356,448
357,449
358,452
359,453
360,454
361,455
362,458
363,459
364,460
365,461
366,464
367,465
368,466
369,467
370,470
371,471
372,472
373,473
374,476
375,477
376,478
377,479
378,482
379,483
380,484
381,485
382,488
383,489
384,490
385,491
386,494
387,495
388,496
389,497
390,500
391,501
392,502
393,503
394,506
395,507
396,508
397,509
398,512
399,513
400,514
401,515
402,518
403,519
404,520
405,521
406,524
407,525
408,526
409,527
410,528
411,529
412,530
413,531
414,532
415,533
416,534
417,535
418,536
419,537
420,538
421,539
422,540
423,541
424,542
425,543
426,544
427,545
428,546
429,547
430,548
431,549
432,550
433,551
434,552
435,553
436,554
437,555
438,556
439,557
440,558
441,559
442,560
443,561
444,562
445,563
446,564
447,565
448,566
449,567
450,568
451,569
452,570
453,571
454,572
455,573
456,574
457,575
458,576
459,577
460,578
461,579
462,580
463,581
464,582
465,583
466,584
467,585
468,586
469,587
470,588
471,589
472,590
473,591
474,592
475,593
476,594
477,595
478,596
479,597
480,598
481,599
482,600
483,601
484,602
485,603
486,604
487,605
488,606
489,607
490,608
491,609
492,610
493,611
494,612
495,613
496,614
497,615
498,616
499,617
500,618
501,619
502,620
503,621
504,622
505,623
506,624
507,625
508,626
509,627
510,628
511,629
512,630
513,631
514,632
515,633
516,634
517,635
518,636
519,637
520,638
521,639
522,640
523,641
524,642
525,643
526,644
527,645
528,646
529,647
530,648
531,649
532,650
533,651
534,652
535,653
536,654
537,655
538,656
539,657
540,658
541,659
542,660
543,661
544,662
545,663
546,664
547,665
548,666
549,667
550,668
551,669
552,670
553,671
554,672
555,673
556,674
557,675
558,676
559,677
560,678
561,679
562,680
563,681
564,682
565,683
566,684
567,685
568,686
569,687
570,688
571,689
572,690
573,691
574,692
575,693
576,694
577,695
578,696
579,697
580,698
581,699
582,700
583,701
584,702
585,703
586,704
587,705
588,706
589,707
590,708
591,709
592,710
593,711
594,712
595,713
596,714
597,715
598,716
599,717
600,718
601,719
602,720
603,721
604,722
605,723
606,724
607,725
608,726
609,727
610,728
611,729
612,730
613,731
614,732
615,733
616,734
617,735
618,736
619,737
620,738
621,739
622,740
623,741
624,742
625,743
626,744
627,745
628,746
629,747
630,748
631,749
632,750
633,751
634,752
635,753
636,754
637,755
638,756
639,757
640,758
641,759
642,760
643,761
644,762
645,763
646,764
647,765
648,766
649,767
650,768
651,769
652,770
653,771
654,772
655,773
656,774
657,775
658,776
659,777
660,778
661,779
662,780
663,781
664,782
665,783
666,784
667,785
668,786
669,787
670,788
671,789
672,790
673,791
674,792
675,793
676,794
677,795
678,796
679,797
680,798
681,799
682,800
683,801
684,802
685,803
686,804
687,805
688,806
689,807
690,808
691,809
692,810
693,811
694,812
695,813
696,814
697,815
698,818
699,819
700,820
701,821
702,824
703,825
704,826
705,827
706,830
707,831
708,832
709,833
710,836
711,837
712,838
713,839
714,842
715,843
716,844
717,845
718,848
719,849
720,850
721,851
722,854
723,855
724,856
725,857
726,860
727,861
728,862
729,863
730,866
731,867
732,868
733,869
734,872
735,873
736,874
737,875
738,878
739,879
740,880
741,881
742,884
743,885
744,886
745,887
746,890
747,891
748,892
749,893
750,896
751,897
752,898
753,899
754,902
755,903
756,904
757,905
758,908
759,909
760,910
761,911
762,914
763,915
764,916
765,917
766,920
767,921
768,922
769,923
770,926
771,927
772,928
773,929
774,932
775,933
776,934
777,935
778,938
779,939
780,940
781,941
782,944
783,945
784,946
785,947
786,950
787,951
788,952
789,953
790,956
791,957
792,958
793,959
794,962
795,963
796,964
797,965
798,968
799,969
800,970
801,971
802,974
803,975
804,976
805,977
806,980
807,981
808,982
809,983
810,986
811,987
812,988
813,989
814,992
815,993
816,994
817,995
818,998
819,999
820,1000
821,1001
822,1004
823,1005
824,1006
825,1007
826,1010
827,1011
828,1012
829,1013
830,1016
831,1017
832,1018
833,1019
834,1022
835,1023
836,1024
837,1025
838,1028
839,1029
840,1030
841,1031
842,1034
843,1035
844,1036
845,1037
846,1040
847,1041
848,1042
849,1043
850,1046
851,1047
852,1048
853,1049
854,1052
855,1053
856,1054
857,1055
858,1058
859,1059
860,1060
861,1061
862,1064
863,1065
864,1066
865,1067
866,1070
867,1071
868,1072
869,1073
870,1076
871,1077
872,1078
873,1079
874,1082
875,1083
876,1084
877,1085
878,1088
879,1089
880,1090
881,1091
882,1094
883,1095
884,1096
885,1097
886,1100
887,1101
888,1102
889,1103
890,1106
891,1107
892,1108
893,1109
894,1112
895,1113
896,1114
897,1115
898,1118
899,1119
900,1120
901,1121
902,1124
903,1125
904,1126
905,1127
906,1130
907,1131
908,1132
909,1133
910,1136
911,1137
912,1138
913,1139
914,1142
915,1143
916,1144
917,1145
918,1148
919,1149
920,1150
921,1151
922,1154
923,1155
924,1156
925,1157
926,1160
927,1161
928,1162
929,1163
930,1166
931,1167
932,1168
933,1169
934,1172
935,1173
936,1174
937,1175
938,1176
939,1177
940,1180
941,1181
942,1182
943,1183
944,1186
945,1187
946,1188
947,1189
948,1192
949,1193
950,1194
951,1195
952,1198
953,1199
954,1200
955,1201
956,1204
957,1205
958,1206
959,1207
960,1210
961,1211
962,1212
963,1213
964,1216
965,1217
966,1218
967,1219
968,1222
969,1223
970,1224
971,1225
972,1228
973,1229
974,1230
975,1231
976,1234
977,1235
978,1236
979,1237
980,1240
981,1241
982,1242
983,1243
984,1246
985,1247
986,1248
987,1249
988,1252
989,1253
990,1254
991,1255
992,1258
993,1259
994,1260
995,1261
996,1264
997,1265
998,1266
999,1267
1000,1270
1001,1271
1002,1272
1003,1273
1004,1276
1005,1277
1006,1278
1007,1279
1008,1282
1009,1283
1010,1284
1011,1285
1012,1288
1013,1289
1014,1290
1015,1291
1016,1294
1017,1295
1018,1296
1019,1297
1020,1300
1021,1301
1022,1302
1023,1303
1024,1306
1025,1307
1026,1308
1027,1309
1028,1312
1029,1313
1030,1314
1031,1315
1032,1318
1033,1319
1034,1320
1035,1321
1036,1324
1037,1325
1038,1326
1039,1327
1040,1330
1041,1331
1042,1332
1043,1333
1044,1336
1045,1337
1046,1338
1047,1339
1048,1342
1049,1343
1050,1344
1051,1345
1052,1348
1053,1349
1054,1350
1055,1351
1056,1354
1057,1355
1058,1356
1059,1357
1060,1360
1061,1361
1062,1362
1063,1363
1064,1366
1065,1367
1066,1368
1067,1369
1068,1372
1069,1373
1070,1374
1071,1375
1072,1378
1073,1379
1074,1380
1075,1381
1076,1384
1077,1385
1078,1386
1079,1387
1080,1390
1081,1391
1082,1392
1083,1393
1084,1396
1085,1397
1086,1398
1087,1399
1088,1402
1089,1403
1090,1404
1091,1405
1092,1408
1093,1409
1094,1410
1095,1411
1096,1414
1097,1415
1098,1416
1099,1417
1100,1420
1101,1421
1102,1422
1103,1423
1104,1426
1105,1427
1106,1428
1107,1429
1108,1432
1109,1433
1110,1434
1111,1435
1112,1438
1113,1439
1114,1440
1115,1441
1116,1444
1117,1445
1118,1446
1119,1447
1120,1450
1121,1451
1122,1452
1123,1453
1124,1456
1125,1457
1126,1458
1127,1459
1128,1462
1129,1463
1130,1464
1131,1465
1132,1468
1133,1469
1134,1470
1135,1471
1136,1474
1137,1475
1138,1476
1139,1477
1140,1480
1141,1481
1142,1482
1143,1483
1144,1486
1145,1487
1146,1488
1147,1489
1148,1492
1149,1493
1150,1494
1151,1495
1152,1498
1153,1499
1154,1500
1155,1501
1156,1504
1157,1505
1158,1506
1159,1507
1160,1510
1161,1511
1162,1512
1163,1513
1164,1516
1165,1517
1166,1518
1167,1519
1168,1522
1169,1523
1170,1524
1171,1525
1172,1528
1173,1529
1174,1530
1175,1531
1176,1532
1177,1533
1178,1534
1179,1535
1180,1536
1181,1537
1182,1538
1183,1539
1184,1540
1185,1541
1186,1542
1187,1543
1188,1544
1189,1545
1190,1546
1191,1547
1192,1548
1193,1549
1194,1550
1195,1551
1196,1552
1197,1553
1198,1554
1199,1555
1200,1556
1201,1557
1202,1558
1203,1559
1204,1560
1205,1561
1206,1562
1207,1563
1208,1564
1209,1565
1210,1566
1211,1567
1212,1568
1213,1569
1214,1570
1215,1571
1216,1572
1217,1573
1218,1574
1219,1575
1220,1576
1221,1577
1222,1578
1223,1579
1224,1580
1225,1581
1226,1582
1227,1583
1228,1584
1229,1585
1230,1586
1231,1587
1232,1588
1233,1589
1234,1590
1235,1591
1236,1592
1237,1593
1238,1594
1239,1595
1240,1596
1241,1597
1242,1598
1243,1599
1244,1600
1245,1601
1246,1602
1247,1603
1248,1604
1249,1605
1250,1606
1251,1607
1252,1608
1253,1609
1254,1610
1255,1611
1256,1612
1257,1613
1258,1614
1259,1615
1260,1616
1261,1617
1262,1618
1263,1619
1264,1620
1265,1621
1266,1622
1267,1623
1268,1624
1269,1625
1270,1626
1271,1627
1272,1628
1273,1629
1274,1630
1275,1631
1276,1632
1277,1633
1278,1634
1279,1635
1280,1636
1281,1637
1282,1638
1283,1639
1284,1640
1285,1641
1286,1642
1287,1643
1288,1644
1289,1645
1290,1646
1291,1647
1292,1648
1293,1649
1294,1650
1295,1651
1296,1652
1297,1653
1298,1654
1299,1655
1300,1656
1301,1657
1302,1658
1303,1659
1304,1660
1305,1661
1306,1662
1307,1663
1308,1664
1309,1665
1310,1666
1311,1667
1312,1668
1313,1669
1314,1670
1315,1671
1316,1672
1317,1673
1318,1674
1319,1675
1320,1676
1321,1677
1322,1678
1323,1679
1324,1680
1325,1681
1326,1682
1327,1683
1328,1684
1329,1685
1330,1686
1331,1687
1332,1688
1333,1689
1334,1690
1335,1691
1336,1692
1337,1693
1338,1694
1339,1695
1340,1696
1341,1697
1342,1698
1343,1699
1344,1700
1345,1701
1346,1702
1347,1703
1348,1704
1349,1705
1350,1706
1351,1707
1352,1708
1353,1709
1354,1710
1355,1711
1356,1712
1357,1713
1358,1714
1359,1715
1360,1716
1361,1717
1362,1718
1363,1719
1364,1720
1365,1721
1366,1722
1367,1723
1368,1724
1369,1725
1370,1726
1371,1727
1372,1728
1373,1729
1374,1730
1375,1731
1376,1732
1377,1733
1378,1734
1379,1735
1380,1736
1381,1737
1382,1738
1383,1739
1384,1740
1385,1741
1386,1742
1387,1743
1388,1744
1389,1745
1390,1746
1391,1747
1392,1748
1393,1749
1394,1750
1395,1751
1396,1752
1397,1753
1398,1754
1399,1755
1400,1756
1401,1757
1402,1758
1403,1759
1404,1760
1405,1761
1406,1762
1407,1763
1408,1764
1409,1765
1410,1766
1411,1767
1412,1768
1413,1769
1414,1770
1415,1771
1416,1772
1417,1773
1418,1774
1419,1775
1420,1776
1421,1777
1422,1778
1423,1779
1424,1780
1425,1781
1426,1782
1427,1783
1428,1784
1429,1785
1430,1786
1431,1787
1432,1788
1433,1789
1434,1790
1435,1791
1436,1792
1437,1793
1438,1794
1439,1795
1440,1796
1441,1797
1442,1798
1443,1799
1444,1800
1445,1801
1446,1802
1447,1803
1448,1804
1449,1805
1450,1806
1451,1807
1452,1808
1453,1809
1454,1810
1455,1811
1456,1812
1457,1813
1458,1814
1459,1815
1460,1816
1461,1817
1462,1818
1463,1819
1464,1822
1465,1823
1466,1824
1467,1825
1468,1828
1469,1829
1470,1830
1471,1831
1472,1834
1473,1835
1474,1836
1475,1837
1476,1840
1477,1841
1478,1842
1479,1843
1480,1846
1481,1847
1482,1848
1483,1849
1484,1852
1485,1853
1486,1854
1487,1855
1488,1858
1489,1859
1490,1860
1491,1861
1492,1864
1493,1865
1494,1866
1495,1867
1496,1870
1497,1871
1498,1872
1499,1873
1500,1876
1501,1877
1502,1878
1503,1879
1504,1882
1505,1883
1506,1884
1507,1885
1508,1888
1509,1889
1510,1890
1511,1891
1512,1894
1513,1895
1514,1896
1515,1897
1516,1900
1517,1901
1518,1902
1519,1903
1520,1906
1521,1907
1522,1908
1523,1909
1524,1912
1525,1913
1526,1914
1527,1915
1528,1918
1529,1919
1530,1920
1531,1921
1532,1924
1533,1925
1534,1926
1535,1927
1536,1930
1537,1931
1538,1932
1539,1933
1540,1936
1541,1937
1542,1938
1543,1939
1544,1942
1545,1943
1546,1944
1547,1945
1548,1948
1549,1949
1550,1950
1551,1951
1552,1954
1553,1955
1554,1956
1555,1957
1556,1960
1557,1961
1558,1962
1559,1963
1560,1966
1561,1967
1562,1968
1563,1969
1564,1972
1565,1973
1566,1974
1567,1975
1568,1978
1569,1979
1570,1980
1571,1981
1572,1984
1573,1985
1574,1986
1575,1987
1576,1990
1577,1991
1578,1992
1579,1993
1580,1996
1581,1997
1582,1998
1583,1999
1584,2002
1585,2003
1586,2004
1587,2005
1588,2008
1589,2009
1590,2010
1591,2011
1592,2014
1593,2015
1594,2016
1595,2017
1596,2020
1597,2021
1598,2022
1599,2023
1600,2026
1601,2027
1602,2028
1603,2029
1604,2032
1605,2033
1606,2034
1607,2035
1608,2038
1609,2039
1610,2040
1611,2041
1612,2044
1613,2045
1614,2046
1615,2047
1616,2050
1617,2051
1618,2052
1619,2053
1620,2056
1621,2057
1622,2058
1623,2059
1624,2062
1625,2063
1626,2064
1627,2065
1628,2068
1629,2069
1630,2070
1631,2071
1632,2074
1633,2075
1634,2076
1635,2077
1636,2080
1637,2081
1638,2082
1639,2083
1640,2086
1641,2087
1642,2088
1643,2089
1644,2092
1645,2093
1646,2094
1647,2095
1648,2098
1649,2099
1650,2100
1651,2101
1652,2104
1653,2105
1654,2106
1655,2107
1656,2110
1657,2111
1658,2112
1659,2113
1660,2116
1661,2117
1662,2118
1663,2119
1664,2122
1665,2123
1666,2124
1667,2125
1668,2128
1669,2129
1670,2130
1671,2131
1672,2134
1673,2135
1674,2136
1675,2137
1676,2140
1677,2141
1678,2142
1679,2143
1680,2146
1681,2147
1682,2148
1683,2149
1684,2152
1685,2153
1686,2154
1687,2155
1688,2158
1689,2159
1690,2160
1691,2161
1692,2164
1693,2165
1694,2166
1695,2167
1696,2170
1697,2171
1698,2172
1699,2173
1700,2176
1701,2177
1702,2178
1703,2179
1704,2180
1705,2181
1706,2184
1707,2185
1708,2186
1709,2187
1710,2190
1711,2191
1712,2192
1713,2193
1714,2196
1715,2197
1716,2198
1717,2199
1718,2202
1719,2203
1720,2204
1721,2205
1722,2208
1723,2209
1724,2210
1725,2211
1726,2214
1727,2215
1728,2216
1729,2217
1730,2220
1731,2221
1732,2222
1733,2223
1734,2226
1735,2227
1736,2228
1737,2229
1738,2232
1739,2233
1740,2234
1741,2235
1742,2238
1743,2239
1744,2240
1745,2241
1746,2244
1747,2245
1748,2246
1749,2247
1750,2250
1751,2251
1752,2252
1753,2253
1754,2256
1755,2257
1756,2258
1757,2259
1758,2262
1759,2263
1760,2264
1761,2265
1762,2268
1763,2269
1764,2270
1765,2271
1766,2274
1767,2275
1768,2276
1769,2277
1770,2280
1771,2281
1772,2282
1773,2283
1774,2286
1775,2287
1776,2288
1777,2289
1778,2292
1779,2293
1780,2294
1781,2295
1782,2298
1783,2299
1784,2300
1785,2301
1786,2304
1787,2305
1788,2306
1789,2307
1790,2310
1791,2311
1792,2312
1793,2313
1794,2316
1795,2317
1796,2318
1797,2319
1798,2322
1799,2323
1800,2324
1801,2325
1802,2328
1803,2329
1804,2330
1805,2331
1806,2334
1807,2335
1808,2336
1809,2337
1810,2340
1811,2341
1812,2342
1813,2343
1814,2346
1815,2347
1816,2348
1817,2349
1818,2352
1819,2353
1820,2354
1821,2355
1822,2358
1823,2359
1824,2360
1825,2361
1826,2364
1827,2365
1828,2366
1829,2367
1830,2370
1831,2371
1832,2372
1833,2373
1834,2376
1835,2377
1836,2378
1837,2379
1838,2382
1839,2383
1840,2384
1841,2385
1842,2388
1843,2389
1844,2390
1845,2391
1846,2394
1847,2395
1848,2396
1849,2397
1850,2400
1851,2401
1852,2402
1853,2403
1854,2406
1855,2407
1856,2408
1857,2409
1858,2412
1859,2413
1860,2414
1861,2415
1862,2418
1863,2419
1864,2420
1865,2421
1866,2424
1867,2425
1868,2426
1869,2427
1870,2430
1871,2431
1872,2432
1873,2433
1874,2436
1875,2437
1876,2438
1877,2439
1878,2442
1879,2443
1880,2444
1881,2445
1882,2448
1883,2449
1884,2450
1885,2451
1886,2454
1887,2455
1888,2456
1889,2457
1890,2460
1891,2461
1892,2462
1893,2463
1894,2466
1895,2467
1896,2468
1897,2469
1898,2472
1899,2473
1900,2474
1901,2475
1902,2478
1903,2479
1904,2480
1905,2481
1906,2484
1907,2485
1908,2486
1909,2487
1910,2490
1911,2491
1912,2492
1913,2493
1914,2496
1915,2497
1916,2498
1917,2499
1918,2502
1919,2503
1920,2504
1921,2505
1922,2508
1923,2509
1924,2510
1925,2511
1926,2514
1927,2515
1928,2516
1929,2517
1930,2520
1931,2521
1932,2522
1933,2523
1934,2526
1935,2527
1936,2528
1937,2529
1938,2532
1939,2533
1940,2534
1941,2535
1942,2538
1943,2539
1944,2540
1945,2541
1946,2544
1947,2545
1948,2546
1949,2547
1950,2550
1951,2551
1952,2552
1953,2553
1954,2555
1955,2556
1956,2557
1957,2558
1958,2559
1959,2561
1960,2562
1961,2563
1962,2564
1963,2565
1964,2567
1965,2568
1966,2569
1967,2570
1968,2571
1969,2573
1970,2574
1971,2575
1972,2576
1973,2577
1974,2578
1975,2579
1976,2580
1977,2581
1978,2582
1979,2583
1980,2584
1981,2585
1982,2586
1983,2587
1984,2588
1985,2589
1986,2590
1987,2591
1988,2592
1989,2593
1990,2594
1991,2595
1992,2596
1993,2597
1994,2598
1995,2599
1996,2600
1997,2601
1998,2602
1999,2603
2000,2604
2001,2605
2002,2606
2003,2607
2004,2608
2005,2609
2006,2610
2007,2611
2008,2612
2009,2613
2010,2614
2011,2615
2012,2616
2013,2617
2014,2618
2015,2619
2016,2620
2017,2621
2018,2622
2019,2623
2020,2624
2021,2625
2022,2626
2023,2627
2024,2628
2025,2629
2026,2630
2027,2631
2028,2632
2029,2633
2030,2634
2031,2635
2032,2636
2033,2637
2034,2638
2035,2639
2036,2640
2037,2641
2038,2642
2039,2643
2040,2644
2041,2645
2042,2646
2043,2647
2044,2648
2045,2649
2046,2650
2047,2651
2048,2652
2049,2653
2050,2654
2051,2655
2052,2656
2053,2657
2054,2658
2055,2659
2056,2660
2057,2661
2058,2662
2059,2663
2060,2664
2061,2665
2062,2666
2063,2667
2064,2668
2065,2669
2066,2670
2067,2671
2068,2672
2069,2673
2070,2674
2071,2675
2072,2676
2073,2677
2074,2678
2075,2679
2076,2680
2077,2681
2078,2682
2079,2683
2080,2684
2081,2685
2082,2686
2083,2687
2084,2688
2085,2689
2086,2690
2087,2691
2088,2692
2089,2693
2090,2694
2091,2695
2092,2696
2093,2697
2094,2698
2095,2699
2096,2700
2097,2701
2098,2702
2099,2703
2100,2704
2101,2705
2102,2706
2103,2707
2104,2708
2105,2709
2106,2710
2107,2711
2108,2712
2109,2713
2110,2714
2111,2715
2112,2716
2113,2717
2114,2718
2115,2719
2116,2720
2117,2721
2118,2722
2119,2723
2120,2724
2121,2725
2122,2726
2123,2727
2124,2728
2125,2729
2126,2730
2127,2731
2128,2732
2129,2733
2130,2734
2131,2735
2132,2736
2133,2737
2134,2738
2135,2739
2136,2740
2137,2741
2138,2742
2139,2743
2140,2744
2141,2745
2142,2746
2143,2747
2144,2748
2145,2749
2146,2750
2147,2751
2148,2752
2149,2753
2150,2754
2151,2755
2152,2756
2153,2757
2154,2758
2155,2759
2156,2760
2157,2761
2158,2762
2159,2763
2160,2764
2161,2765
2162,2766
2163,2767
2164,2768
2165,2769
2166,2770
2167,2771
2168,2772
2169,2773
2170,2774
2171,2775
2172,2776
2173,2777
2174,2778
2175,2779
2176,2780
2177,2781
2178,2782
2179,2783
2180,2784
2181,2785
2182,2786
2183,2787
2184,2788
2185,2789
2186,2790
2187,2791
2188,2792
2189,2793
2190,2794
2191,2795
2192,2796
2193,2797
2194,2798
2195,2799
2196,2800
2197,2801
2198,2802
2199,2803
2200,2804
2201,2805
2202,2806
2203,2807
2204,2808
2205,2809
2206,2810
2207,2811
2208,2812
2209,2813
2210,2814
2211,2815
2212,2816
2213,2817
2214,2818
2215,2819
2216,2820
2217,2821
2218,2822
2219,2823
2220,2826
2221,2827
2222,2828
2223,2829
2224,2832
2225,2833
2226,2834
2227,2835
2228,2838
2229,2839
2230,2840
2231,2841
2232,2844
2233,2845
2234,2846
2235,2847
2236,2850
2237,2851
2238,2852
2239,2853
2240,2856
2241,2857
2242,2858
2243,2859
2244,2862
2245,2863
2246,2864
2247,2865
2248,2868
2249,2869
2250,2870
2251,2871
2252,2874
2253,2875
2254,2876
2255,2877
2256,2880
2257,2881
2258,2882
2259,2883
2260,2886
2261,2887
2262,2888
2263,2889
2264,2892
2265,2893
2266,2894
2267,2895
2268,2898
2269,2899
2270,2900
2271,2901
2272,2904
2273,2905
2274,2906
2275,2907
2276,2910
2277,2911
2278,2912
2279,2913
2280,2916
2281,2917
2282,2918
2283,2919
2284,2922
2285,2923
2286,2924
2287,2925
2288,2928
2289,2929
2290,2930
2291,2931
2292,2934
2293,2935
2294,2936
2295,2937
2296,2940
2297,2941
2298,2942
2299,2943
2300,2946
2301,2947
2302,2948
2303,2949
2304,2952
2305,2953
2306,2954
2307,2955
2308,2958
2309,2959
2310,2960
2311,2961
2312,2964
2313,2965
2314,2966
2315,2967
2316,2970
2317,2971
2318,2972
2319,2973
2320,2976
2321,2977
2322,2978
2323,2979
2324,2982
2325,2983
2326,2984
2327,2985
2328,2988
2329,2989
2330,2990
2331,2991
2332,2994
2333,2995
2334,2996
2335,2997
2336,3000
2337,3001
2338,3002
2339,3003
2340,3006
2341,3007
2342,3008
2343,3009
2344,3012
2345,3013
2346,3014
2347,3015
2348,3018
2349,3019
2350,3020
2351,3021
2352,3024
2353,3025
2354,3026
2355,3027
2356,3030
2357,3031
2358,3032
2359,3033
2360,3036
2361,3037
2362,3038
2363,3039
2364,3042
2365,3043
2366,3044
2367,3045
2368,3048
2369,3049
2370,3050
2371,3051
2372,3054
2373,3055
2374,3056
2375,3057
2376,3060
2377,3061
2378,3062
2379,3063
2380,3066
2381,3067
2382,3068
2383,3069
2384,3072
2385,3073
2386,3074
2387,3075
2388,3078
2389,3079
2390,3080
2391,3081
2392,3084
2393,3085
2394,3086
2395,3087
2396,3090
2397,3091
2398,3092
2399,3093
2400,3096
2401,3097
2402,3098
2403,3099
2404,3102
2405,3103
2406,3104
2407,3105
2408,3108
2409,3109
2410,3110
2411,3111
2412,3114
2413,3115
2414,3116
2415,3117
2416,3120
2417,3121
2418,3122
2419,3123
2420,3126
2421,3127
2422,3128
2423,3129
2424,3132
2425,3133
2426,3134
2427,3135
2428,3138
2429,3139
2430,3140
2431,3141
2432,3144
2433,3145
2434,3146
2435,3147
2436,3150
2437,3151
2438,3152
2439,3153
2440,3156
2441,3157
2442,3158
2443,3159
2444,3162
2445,3163
2446,3164
2447,3165
2448,3168
2449,3169
2450,3170
2451,3171
2452,3174
2453,3175
2454,3176
2455,3177
2456,3180
2457,3181
2458,3182
2459,3183
2460,3184
2461,3185
2462,3188
2463,3189
2464,3190
2465,3191
2466,3194
2467,3195
2468,3196
2469,3197
2470,3200
2471,3201
2472,3202
2473,3203
2474,3206
2475,3207
2476,3208
2477,3209
2478,3212
2479,3213
2480,3214
2481,3215
2482,3218
2483,3219
2484,3220
2485,3221
2486,3224
2487,3225
2488,3226
2489,3227
2490,3230
2491,3231
2492,3232
2493,3233
2494,3236
2495,3237
2496,3238
2497,3239
2498,3242
2499,3243
2500,3244
2501,3245
2502,3248
2503,3249
2504,3250
2505,3251
2506,3254
2507,3255
2508,3256
2509,3257
2510,3260
2511,3261
2512,3262
2513,3263
2514,3266
2515,3267
2516,3268
2517,3269
2518,3272
2519,3273
2520,3274
2521,3275
2522,3278
2523,3279
2524,3280
2525,3281
2526,3284
2527,3285
2528,3286
2529,3287
2530,3290
2531,3291
2532,3292
2533,3293
2534,3296
2535,3297
2536,3298
2537,3299
2538,3302
2539,3303
2540,3304
2541,3305
2542,3308
2543,3309
2544,3310
2545,3311
2546,3314
2547,3315
2548,3316
2549,3317
2550,3320
2551,3321
2552,3322
2553,3323
2554,3326
2555,3327
2556,3328
2557,3329
2558,3332
2559,3333
2560,3334
2561,3335
2562,3338
2563,3339
2564,3340
2565,3341
2566,3344
2567,3345
2568,3346
2569,3347
2570,3350
2571,3351
2572,3352
2573,3353
2574,3356
2575,3357
2576,3358
2577,3359
2578,3362
2579,3363
2580,3364
2581,3365
2582,3368
2583,3369
2584,3370
2585,3371
2586,3374
2587,3375
2588,3376
2589,3377
2590,3380
2591,3381
2592,3382
2593,3383
2594,3386
2595,3387
2596,3388
2597,3389
2598,3392
2599,3393
2600,3394
2601,3395
2602,3398
2603,3399
2604,3400
2605,3401
2606,3404
2607,3405
2608,3406
2609,3407
2610,3410
2611,3411
2612,3412
2613,3413
2614,3416
2615,3417
2616,3418
2617,3419
2618,3422
2619,3423
2620,3424
2621,3425
2622,3428
2623,3429
2624,3430
2625,3431
2626,3434
2627,3435
2628,3436
2629,3437
2630,3440
2631,3441
2632,3442
2633,3443
2634,3446
2635,3447
2636,3448
2637,3449
2638,3452
2639,3453
2640,3454
2641,3455
2642,3458
2643,3459
2644,3460
2645,3461
2646,3464
2647,3465
2648,3466
2649,3467
2650,3470
2651,3471
2652,3472
2653,3473
2654,3476
2655,3477
2656,3478
2657,3479
2658,3482
2659,3483
2660,3484
2661,3485
2662,3488
2663,3489
2664,3490
2665,3491
2666,3494
2667,3495
2668,3496
2669,3497
2670,3500
2671,3501
2672,3502
2673,3503
2674,3506
2675,3507
2676,3508
2677,3509
2678,3512
2679,3513
2680,3514
2681,3515
2682,3518
2683,3519
2684,3520
2685,3521
2686,3524
2687,3525
2688,3526
2689,3527
2690,3530
2691,3531
2692,3532
2693,3533
2694,3536
2695,3537
2696,3538
2697,3539
2698,3542
2699,3543
2700,3544
2701,3545
2702,3548
2703,3549
2704,3550
2705,3551
2706,3554
2707,3555
2708,3556
2709,3557
2710,3559
2711,3560
2712,3561
2713,3562
2714,3563
2715,3565
2716,3566
2717,3567
2718,3568
2719,3569
2720,3571
2721,3572
2722,3573
2723,3574
2724,3575
2725,3577
2726,3578
2727,3579
2728,3580
2729,3581
2730,3582
2731,3583
2732,3584
2733,3585
2734,3586
2735,3587
2736,3588
2737,3589
2738,3590
2739,3591
2740,3592
2741,3593
2742,3594
2743,3595
2744,3596
2745,3597
2746,3598
2747,3599
2748,3600
2749,3601
2750,3602
2751,3603
2752,3604
2753,3605
2754,3606
2755,3607
2756,3608
2757,3609
2758,3610
2759,3611
2760,3612
2761,3613
2762,3614
2763,3615
2764,3616
2765,3617
2766,3618
2767,3619
2768,3620
2769,3621
2770,3622
2771,3623
2772,3624
2773,3625
2774,3626
2775,3627
2776,3628
2777,3629
2778,3630
2779,3631
2780,3632
2781,3633
2782,3634
2783,3635
2784,3636
2785,3637
2786,3638
2787,3639
2788,3640
2789,3641
2790,3642
2791,3643
2792,3644
2793,3645
2794,3646
2795,3647
2796,3648
2797,3649
2798,3650
2799,3651
2800,3652
2801,3653
2802,3654
2803,3655
2804,3656
2805,3657
2806,3658
2807,3659
2808,3660
2809,3661
2810,3662
2811,3663
2812,3664
2813,3665
2814,3666
2815,3667
2816,3668
2817,3669
2818,3670
2819,3671
2820,3672
2821,3673
2822,3674
2823,3675
2824,3676
2825,3677
2826,3678
2827,3679
2828,3680
2829,3681
2830,3682
2831,3683
2832,3684
2833,3685
2834,3686
2835,3687
2836,3688
2837,3689
2838,3690
2839,3691
2840,3692
2841,3693
2842,3694
2843,3695
2844,3696
2845,3697
2846,3698
2847,3699
2848,3700
2849,3701
2850,3702
2851,3703
2852,3704
2853,3705
2854,3706
2855,3707
2856,3708
2857,3709
2858,3710
2859,3711
2860,3712
2861,3713
2862,3714
2863,3715
2864,3716
2865,3717
2866,3718
2867,3719
2868,3720
2869,3721
2870,3722
2871,3723
2872,3724
2873,3725
2874,3726
2875,3727
2876,3728
2877,3729
2878,3730
2879,3731
2880,3732
2881,3733
2882,3734
2883,3735
2884,3736
2885,3737
2886,3738
2887,3739
2888,3740
2889,3741
2890,3742
2891,3743
2892,3744
2893,3745
2894,3746
2895,3747
2896,3748
2897,3749
2898,3750
2899,3751
2900,3752
2901,3753
2902,3754
2903,3755
2904,3756
2905,3757
2906,3758
2907,3759
2908,3760
2909,3761
2910,3762
2911,3763
2912,3764
2913,3765
2914,3766
2915,3767
2916,3768
2917,3769
2918,3770
2919,3771
2920,3772
2921,3773
2922,3774
2923,3775
2924,3776
2925,3777
2926,3778
2927,3779
2928,3780
2929,3781
2930,3782
2931,3783
2932,3784
2933,3785
2934,3786
2935,3787
2936,3788
2937,3789
2938,3790
2939,3791
2940,3792
2941,3793
2942,3794
2943,3795
2944,3796
2945,3797
2946,3798
2947,3799
2948,3800
2949,3801
2950,3802
2951,3803
2952,3804
2953,3805
2954,3806
2955,3807
2956,3808
2957,3809
2958,3810
2959,3811
2960,3812
2961,3813
2962,3814
2963,3815
2964,3816
2965,3817
2966,3818
2967,3819
2968,3820
2969,3821
2970,3822
2971,3823
2972,3824
2973,3825
2974,3826
2975,3827
2976,3830
2977,3831
2978,3832
2979,3833
2980,3836
2981,3837
2982,3838
2983,3839
2984,3842
2985,3843
2986,3844
2987,3845
2988,3848
2989,3849
2990,3850
2991,3851
2992,3854
2993,3855
2994,3856
2995,3857
2996,3860
2997,3861
2998,3862
2999,3863
3000,3866
3001,3867
3002,3868
3003,3869
3004,3872
3005,3873
3006,3874
3007,3875
3008,3878
3009,3879
3010,3880
3011,3881
3012,3884
3013,3885
3014,3886
3015,3887
3016,3890
3017,3891
3018,3892
3019,3893
3020,3896
3021,3897
3022,3898
3023,3899
3024,3902
3025,3903
3026,3904
3027,3905
3028,3908
3029,3909
3030,3910
3031,3911
3032,3914
3033,3915
3034,3916
3035,3917
3036,3920
3037,3921
3038,3922
3039,3923
3040,3926
3041,3927
3042,3928
3043,3929
3044,3932
3045,3933
3046,3934
3047,3935
3048,3938
3049,3939
3050,3940
3051,3941
3052,3944
3053,3945
3054,3946
3055,3947
3056,3950
3057,3951
3058,3952
3059,3953
3060,3956
3061,3957
3062,3958
3063,3959
3064,3962
3065,3963
3066,3964
3067,3965
3068,3968
3069,3969
3070,3970
3071,3971
3072,3974
3073,3975
3074,3976
3075,3977
3076,3980
3077,3981
3078,3982
3079,3983
3080,3986
3081,3987
3082,3988
3083,3989
3084,3992
3085,3993
3086,3994
3087,3995
3088,3998
3089,3999
3090,4000
3091,4001
3092,4004
3093,4005
3094,4006
3095,4007
3096,4010
3097,4011
3098,4012
3099,4013
3100,4016
3101,4017
3102,4018
3103,4019
3104,4022
3105,4023
3106,4024
3107,4025
3108,4028
3109,4029
3110,4030
3111,4031
3112,4034
3113,4035
3114,4036
3115,4037
3116,4040
3117,4041
3118,4042
3119,4043
3120,4046
3121,4047
3122,4048
3123,4049
3124,4052
3125,4053
3126,4054
3127,4055
3128,4058
3129,4059
3130,4060
3131,4061
3132,4064
3133,4065
3134,4066
3135,4067
3136,4070
3137,4071
3138,4072
3139,4073
3140,4076
3141,4077
3142,4078
3143,4079
3144,4082
3145,4083
3146,4084
3147,4085
3148,4088
3149,4089
3150,4090
3151,4091
3152,4094
3153,4095
3154,4096
3155,4097
3156,4100
3157,4101
3158,4102
3159,4103
3160,4106
3161,4107
3162,4108
3163,4109
3164,4112
3165,4113
3166,4114
3167,4115
3168,4118
3169,4119
3170,4120
3171,4121
3172,4124
3173,4125
3174,4126
3175,4127
3176,4130
3177,4131
3178,4132
3179,4133
3180,4136
3181,4137
3182,4138
3183,4139
3184,4142
3185,4143
3186,4144
3187,4145
3188,4148
3189,4149
3190,4150
3191,4151
3192,4154
3193,4155
3194,4156
3195,4157
3196,4160
3197,4161
3198,4162
3199,4163
3200,4166
3201,4167
3202,4168
3203,4169
3204,4172
3205,4173
3206,4174
3207,4175
3208,4178
3209,4179
3210,4180
3211,4181
3212,4184
3213,4185
3214,4186
3215,4187
3216,4188
3217,4189
3218,4192
3219,4193
3220,4194
3221,4195
3222,4198
3223,4199
3224,4200
3225,4201
3226,4204
3227,4205
3228,4206
3229,4207
3230,4210
3231,4211
3232,4212
3233,4213
3234,4216
3235,4217
3236,4218
3237,4219
3238,4222
3239,4223
3240,4224
3241,4225
3242,4228
3243,4229
3244,4230
3245,4231
3246,4234
3247,4235
3248,4236
3249,4237
3250,4240
3251,4241
3252,4242
3253,4243
3254,4246
3255,4247
3256,4248
3257,4249
3258,4252
3259,4253
3260,4254
3261,4255
3262,4258
3263,4259
3264,4260
3265,4261
3266,4264
3267,4265
3268,4266
3269,4267
3270,4270
3271,4271
3272,4272
3273,4273
3274,4276
3275,4277
3276,4278
3277,4279
3278,4282
3279,4283
3280,4284
3281,4285
3282,4288
3283,4289
3284,4290
3285,4291
3286,4294
3287,4295
3288,4296
3289,4297
3290,4300
3291,4301
3292,4302
3293,4303
3294,4306
3295,4307
3296,4308
3297,4309
3298,4312
3299,4313
3300,4314
3301,4315
3302,4318
3303,4319
3304,4320
3305,4321
3306,4324
3307,4325
3308,4326
3309,4327
3310,4330
3311,4331
3312,4332
3313,4333
3314,4336
3315,4337
3316,4338
3317,4339
3318,4342
3319,4343
3320,4344
3321,4345
3322,4348
3323,4349
3324,4350
3325,4351
3326,4354
3327,4355
3328,4356
3329,4357
3330,4360
3331,4361
3332,4362
3333,4363
3334,4366
3335,4367
3336,4368
3337,4369
3338,4372
3339,4373
3340,4374
3341,4375
3342,4378
3343,4379
3344,4380
3345,4381
3346,4384
3347,4385
3348,4386
3349,4387
3350,4390
3351,4391
3352,4392
3353,4393
3354,4396
3355,4397
3356,4398
3357,4399
3358,4402
3359,4403
3360,4404
3361,4405
3362,4408
3363,4409
3364,4410
3365,4411
3366,4414
3367,4415
3368,4416
3369,4417
3370,4420
3371,4421
3372,4422
3373,4423
3374,4426
3375,4427
3376,4428
3377,4429
3378,4432
3379,4433
3380,4434
3381,4435
3382,4438
3383,4439
3384,4440
3385,4441
3386,4444
3387,4445
3388,4446
3389,4447
3390,4450
3391,4451
3392,4452
3393,4453
3394,4456
3395,4457
3396,4458
3397,4459
3398,4462
3399,4463
3400,4464
3401,4465
3402,4468
3403,4469
3404,4470
3405,4471
3406,4474
3407,4475
3408,4476
3409,4477
3410,4480
3411,4481
3412,4482
3413,4483
3414,4486
3415,4487
3416,4488
3417,4489
3418,4492
3419,4493
3420,4494
3421,4495
3422,4498
3423,4499
3424,4500
3425,4501
3426,4504
3427,4505
3428,4506
3429,4507
3430,4510
3431,4511
3432,4512
3433,4513
3434,4516
3435,4517
3436,4518
3437,4519
3438,4522
3439,4523
3440,4524
3441,4525
3442,4528
3443,4529
3444,4530
3445,4531
3446,4534
3447,4535
3448,4536
3449,4537
3450,4540
3451,4541
3452,4542
3453,4543
3454,4544
3455,4545
3456,4546
3457,4547
3458,4548
3459,4549
3460,4550
3461,4551
3462,4552
3463,4553
3464,4554
3465,4555
3466,4556
3467,4557
3468,4558
3469,4559
3470,4560
3471,4561
3472,4562
3473,4563
3474,4564
3475,4565
3476,4566
3477,4567
3478,4568
3479,4569
3480,4570
3481,4571
3482,4572
3483,4573
3484,4574
3485,4575
3486,4576
3487,4577
3488,4578
3489,4579
3490,4580
3491,4581
3492,4582
3493,4583
3494,4584
3495,4585
3496,4586
3497,4587
3498,4588
3499,4589
3500,4590
3501,4591
3502,4592
3503,4593
3504,4594
3505,4595
3506,4596
3507,4597
3508,4598
3509,4599
3510,4600
3511,4601
3512,4602
3513,4603
3514,4604
3515,4605
3516,4606
3517,4607
3518,4608
3519,4609
3520,4610
3521,4611
3522,4612
3523,4613
3524,4614
3525,4615
3526,4616
3527,4617
3528,4618
3529,4619
3530,4620
3531,4621
3532,4622
3533,4623
3534,4624
3535,4625
3536,4626
3537,4627
3538,4628
3539,4629
3540,4630
3541,4631
3542,4632
3543,4633
3544,4634
3545,4635
3546,4636
3547,4637
3548,4638
3549,4639
3550,4640
3551,4641
3552,4642
3553,4643
3554,4644
3555,4645
3556,4646
3557,4647
3558,4648
3559,4649
3560,4650
3561,4651
3562,4652
3563,4653
3564,4654
3565,4655
3566,4656
3567,4657
3568,4658
3569,4659
3570,4660
3571,4661
3572,4662
3573,4663
3574,4664
3575,4665
3576,4666
3577,4667
3578,4668
3579,4669
3580,4670
3581,4671
3582,4672
3583,4673
3584,4674
3585,4675
3586,4676
3587,4677
3588,4678
3589,4679
3590,4680
3591,4681
3592,4682
3593,4683
3594,4684
3595,4685
3596,4686
3597,4687
3598,4688
3599,4689
3600,4690
3601,4691
3602,4692
3603,4693
3604,4694
3605,4695
3606,4696
3607,4697
3608,4698
3609,4699
3610,4700
3611,4701
3612,4702
3613,4703
3614,4704
3615,4705
3616,4706
3617,4707
3618,4708
3619,4709
3620,4710
3621,4711
3622,4712
3623,4713
3624,4714
3625,4715
3626,4716
3627,4717
3628,4718
3629,4719
3630,4720
3631,4721
3632,4722
3633,4723
3634,4724
3635,4725
3636,4726
3637,4727
3638,4728
3639,4729
3640,4730
3641,4731
3642,4732
3643,4733
3644,4734
3645,4735
3646,4736
3647,4737
3648,4738
3649,4739
3650,4740
3651,4741
3652,4742
3653,4743
3654,4744
3655,4745
3656,4746
3657,4747
3658,4748
3659,4749
3660,4750
3661,4751
3662,4752
3663,4753
3664,4754
3665,4755
3666,4756
3667,4757
3668,4758
3669,4759
3670,4760
3671,4761
3672,4762
3673,4763
3674,4764
3675,4765
3676,4766
3677,4767
3678,4768
3679,4769
3680,4770
3681,4771
3682,4772
3683,4773
3684,4774
3685,4775
3686,4776
3687,4777
3688,4778
3689,4779
3690,4780
3691,4781
3692,4782
3693,4783
3694,4784
3695,4785
3696,4786
3697,4787
3698,4788
3699,4789
3700,4790
3701,4791
3702,4792
3703,4793
3704,4794
3705,4795
3706,4796
3707,4797
3708,4798
3709,4799
3710,4800
3711,4801
3712,4802
3713,4803
3714,4804
3715,4805
3716,4806
3717,4807
3718,4808
3719,4809
3720,4810
3721,4811
3722,4812
3723,4813
3724,4814
3725,4815
3726,4816
3727,4817
3728,4818
3729,4819
3730,4820
3731,4821
3732,4822
3733,4823
3734,4824
3735,4825
3736,4826
3737,4827
3738,4828
3739,4829
3740,4830
3741,4831
3742,4834
3743,4835
3744,4836
3745,4837
3746,4840
3747,4841
3748,4842
3749,4843
3750,4846
3751,4847
3752,4848
3753,4849
3754,4852
3755,4853
3756,4854
3757,4855
3758,4858
3759,4859
3760,4860
3761,4861
3762,4864
3763,4865
3764,4866
3765,4867
3766,4870
3767,4871
3768,4872
3769,4873
3770,4876
3771,4877
3772,4878
3773,4879
3774,4882
3775,4883
3776,4884
3777,4885
3778,4888
3779,4889
3780,4890
3781,4891
3782,4894
3783,4895
3784,4896
3785,4897
3786,4900
3787,4901
3788,4902
3789,4903
3790,4906
3791,4907
3792,4908
3793,4909
3794,4912
3795,4913
3796,4914
3797,4915
3798,4918
3799,4919
3800,4920
3801,4921
3802,4924
3803,4925
3804,4926
3805,4927
3806,4930
3807,4931
3808,4932
3809,4933
3810,4936
3811,4937
3812,4938
3813,4939
3814,4942
3815,4943
3816,4944
3817,4945
3818,4948
3819,4949
3820,4950
3821,4951
3822,4954
3823,4955
3824,4956
3825,4957
3826,4960
3827,4961
3828,4962
3829,4963
3830,4966
3831,4967
3832,4968
3833,4969
3834,4972
3835,4973
3836,4974
3837,4975
3838,4978
3839,4979
3840,4980
3841,4981
3842,4984
3843,4985
3844,4986
3845,4987
3846,4990
3847,4991
3848,4992
3849,4993
3850,4996
3851,4997
3852,4998
3853,4999
3854,5002
3855,5003
3856,5004
3857,5005
3858,5008
3859,5009
3860,5010
3861,5011
3862,5014
3863,5015
3864,5016
3865,5017
3866,5020
3867,5021
3868,5022
3869,5023
3870,5026
3871,5027
3872,5028
3873,5029
3874,5032
3875,5033
3876,5034
3877,5035
3878,5038
3879,5039
3880,5040
3881,5041
3882,5044
3883,5045
3884,5046
3885,5047
3886,5050
3887,5051
3888,5052
3889,5053
3890,5056
3891,5057
3892,5058
3893,5059
3894,5062
3895,5063
3896,5064
3897,5065
3898,5068
3899,5069
3900,5070
3901,5071
3902,5074
3903,5075
3904,5076
3905,5077
3906,5080
3907,5081
3908,5082
3909,5083
3910,5086
3911,5087
3912,5088
3913,5089
3914,5092
3915,5093
3916,5094
3917,5095
3918,5098
3919,5099
3920,5100
3921,5101
3922,5104
3923,5105
3924,5106
3925,5107
3926,5110
3927,5111
3928,5112
3929,5113
3930,5116
3931,5117
3932,5118
3933,5119
3934,5122
3935,5123
3936,5124
3937,5125
3938,5128
3939,5129
3940,5130
3941,5131
3942,5134
3943,5135
3944,5136
3945,5137
3946,5140
3947,5141
3948,5142
3949,5143
3950,5146
3951,5147
3952,5148
3953,5149
3954,5152
3955,5153
3956,5154
3957,5155
3958,5158
3959,5159
3960,5160
3961,5161
3962,5164
3963,5165
3964,5166
3965,5167
3966,5170
3967,5171
3968,5172
3969,5173
3970,5176
3971,5177
3972,5178
3973,5179
3974,5182
3975,5183
3976,5184
3977,5185
3978,5188
3979,5189
3980,5190
3981,5191
3982,5192
3983,5193
3984,5196
3985,5197
3986,5198
3987,5199
3988,5202
3989,5203
3990,5204
3991,5205
3992,5208
3993,5209
3994,5210
3995,5211
3996,5214
3997,5215
3998,5216
3999,5217
4000,5220
4001,5221
4002,5222
4003,5223
4004,5226
4005,5227
4006,5228
4007,5229
4008,5232
4009,5233
4010,5234
4011,5235
4012,5238
4013,5239
4014,5240
4015,5241
4016,5244
4017,5245
4018,5246
4019,5247
4020,5250
4021,5251
4022,5252
4023,5253
4024,5256
4025,5257
4026,5258
4027,5259
4028,5262
4029,5263
4030,5264
4031,5265
4032,5268
4033,5269
4034,5270
4035,5271
4036,5274
4037,5275
4038,5276
4039,5277
4040,5280
4041,5281
4042,5282
4043,5283
4044,5286
4045,5287
4046,5288
4047,5289
4048,5292
4049,5293
4050,5294
4051,5295
4052,5298
4053,5299
4054,5300
4055,5301
4056,5304
4057,5305
4058,5306
4059,5307
4060,5310
4061,5311
4062,5312
4063,5313
4064,5316
4065,5317
4066,5318
4067,5319
4068,5322
4069,5323
4070,5324
4071,5325
4072,5328
4073,5329
4074,5330
4075,5331
4076,5334
4077,5335
4078,5336
4079,5337
4080,5340
4081,5341
4082,5342
4083,5343
4084,5346
4085,5347
4086,5348
4087,5349
4088,5352
4089,5353
4090,5354
4091,5355
4092,5358
4093,5359
4094,5360
4095,5361
4096,5364
4097,5365
4098,5366
4099,5367
4100,5370
4101,5371
4102,5372
4103,5373
4104,5376
4105,5377
4106,5378
4107,5379
4108,5382
4109,5383
4110,5384
4111,5385
4112,5388
4113,5389
4114,5390
4115,5391
4116,5394
4117,5395
4118,5396
4119,5397
4120,5400
4121,5401
4122,5402
4123,5403
4124,5406
4125,5407
4126,5408
4127,5409
4128,5412
4129,5413
4130,5414
4131,5415
4132,5418
4133,5419
4134,5420
4135,5421
4136,5424
4137,5425
4138,5426
4139,5427
4140,5430
4141,5431
4142,5432
4143,5433
4144,5436
4145,5437
4146,5438
4147,5439
4148,5442
4149,5443
4150,5444
4151,5445
4152,5448
4153,5449
4154,5450
4155,5451
4156,5454
4157,5455
4158,5456
4159,5457
4160,5460
4161,5461
4162,5462
4163,5463
4164,5466
4165,5467
4166,5468
4167,5469
4168,5472
4169,5473
4170,5474
4171,5475
4172,5478
4173,5479
4174,5480
4175,5481
4176,5484
4177,5485
4178,5486
4179,5487
4180,5490
4181,5491
4182,5492
4183,5493
4184,5496
4185,5497
4186,5498
4187,5499
4188,5502
4189,5503
4190,5504
4191,5505
4192,5508
4193,5509
4194,5510
4195,5511
4196,5514
4197,5515
4198,5516
4199,5517
4200,5520
4201,5521
4202,5522
4203,5523
4204,5526
4205,5527
4206,5528
4207,5529
4208,5532
4209,5533
4210,5534
4211,5535
4212,5538
4213,5539
4214,5540
4215,5541
4216,5544
4217,5545
4218,5546
4219,5547
4220,5548
4221,5549
4222,5550
4223,5551
4224,5552
4225,5553
4226,5554
4227,5555
4228,5556
4229,5557
4230,5558
4231,5559
4232,5560
4233,5561
4234,5562
4235,5563
4236,5564
4237,5565
4238,5566
4239,5567
4240,5568
4241,5569
4242,5570
4243,5571
4244,5572
4245,5573
4246,5574
4247,5575
4248,5576
4249,5577
4250,5578
4251,5579
4252,5580
4253,5581
4254,5582
4255,5583
4256,5584
4257,5585
4258,5586
4259,5587
4260,5588
4261,5589
4262,5590
4263,5591
4264,5592
4265,5593
4266,5594
4267,5595
4268,5596
4269,5597
4270,5598
4271,5599
4272,5600
4273,5601
4274,5602
4275,5603
4276,5604
4277,5605
4278,5606
4279,5607
4280,5608
4281,5609
4282,5610
4283,5611
4284,5612
4285,5613
4286,5614
4287,5615
4288,5616
4289,5617
4290,5618
4291,5619
4292,5620
4293,5621
4294,5622
4295,5623
4296,5624
4297,5625
4298,5626
4299,5627
4300,5628
4301,5629
4302,5630
4303,5631
4304,5632
4305,5633
4306,5634
4307,5635
4308,5636
4309,5637
4310,5638
4311,5639
4312,5640
4313,5641
4314,5642
4315,5643
4316,5644
4317,5645
4318,5646
4319,5647
4320,5648
4321,5649
4322,5650
4323,5651
4324,5652
4325,5653
4326,5654
4327,5655
4328,5656
4329,5657
4330,5658
4331,5659
4332,5660
4333,5661
4334,5662
4335,5663
4336,5664
4337,5665
4338,5666
4339,5667
4340,5668
4341,5669
4342,5670
4343,5671
4344,5672
4345,5673
4346,5674
4347,5675
4348,5676
4349,5677
4350,5678
4351,5679
4352,5680
4353,5681
4354,5682
4355,5683
4356,5684
4357,5685
4358,5686
4359,5687
4360,5688
4361,5689
4362,5690
4363,5691
4364,5692
4365,5693
4366,5694
4367,5695
4368,5696
4369,5697
4370,5698
4371,5699
4372,5700
4373,5701
4374,5702
4375,5703
4376,5704
4377,5705
4378,5706
4379,5707
4380,5708
4381,5709
4382,5710
4383,5711
4384,5712
4385,5713
4386,5714
4387,5715
4388,5716
4389,5717
4390,5718
4391,5719
4392,5720
4393,5721
4394,5722
4395,5723
4396,5724
4397,5725
4398,5726
4399,5727
4400,5728
4401,5729
4402,5730
4403,5731
4404,5732
4405,5733
4406,5734
4407,5735
4408,5736
4409,5737
4410,5738
4411,5739
4412,5740
4413,5741
4414,5742
4415,5743
4416,5744
4417,5745
4418,5746
4419,5747
4420,5748
4421,5749
4422,5750
4423,5751
4424,5752
4425,5753
4426,5754
4427,5755
4428,5756
4429,5757
4430,5758
4431,5759
4432,5760
4433,5761
4434,5762
4435,5763
4436,5764
4437,5765
4438,5766
4439,5767
4440,5768
4441,5769
4442,5770
4443,5771
4444,5772
4445,5773
4446,5774
4447,5775
4448,5776
4449,5777
4450,5778
4451,5779
4452,5780
4453,5781
4454,5782
4455,5783
4456,5784
4457,5785
4458,5786
4459,5787
4460,5788
4461,5789
4462,5790
4463,5791
4464,5792
4465,5793
4466,5794
4467,5795
4468,5796
4469,5797
4470,5798
4471,5799
4472,5800
4473,5801
4474,5802
4475,5803
4476,5804
4477,5805
4478,5806
4479,5807
4480,5808
4481,5809
4482,5810
4483,5811
4484,5812
4485,5813
4486,5814
4487,5815
4488,5816
4489,5817
4490,5818
4491,5819
4492,5820
4493,5821
4494,5822
4495,5823
4496,5824
4497,5825
4498,5826
4499,5827
4500,5828
4501,5829
4502,5830
4503,5831
4504,5832
4505,5833
4506,5834
4507,5835
4508,5838
4509,5839
4510,5840
4511,5841
4512,5844
4513,5845
4514,5846
4515,5847
4516,5850
4517,5851
4518,5852
4519,5853
4520,5856
4521,5857
4522,5858
4523,5859
4524,5862
4525,5863
4526,5864
4527,5865
4528,5868
4529,5869
4530,5870
4531,5871
4532,5874
4533,5875
4534,5876
4535,5877
4536,5880
4537,5881
4538,5882
4539,5883
4540,5886
4541,5887
4542,5888
4543,5889
4544,5892
4545,5893
4546,5894
4547,5895
4548,5898
4549,5899
4550,5900
4551,5901
4552,5904
4553,5905
4554,5906
4555,5907
4556,5910
4557,5911
4558,5912
4559,5913
4560,5916
4561,5917
4562,5918
4563,5919
4564,5922
4565,5923
4566,5924
4567,5925
4568,5928
4569,5929
4570,5930
4571,5931
4572,5934
4573,5935
4574,5936
4575,5937
4576,5940
4577,5941
4578,5942
4579,5943
4580,5946
4581,5947
4582,5948
4583,5949
4584,5952
4585,5953
4586,5954
4587,5955
4588,5958
4589,5959
4590,5960
4591,5961
4592,5964
4593,5965
4594,5966
4595,5967
4596,5970
4597,5971
4598,5972
4599,5973
4600,5976
4601,5977
4602,5978
4603,5979
4604,5982
4605,5983
4606,5984
4607,5985
4608,5988
4609,5989
4610,5990
4611,5991
4612,5994
4613,5995
4614,5996
4615,5997
4616,6000
4617,6001
4618,6002
4619,6003
4620,6006
4621,6007
4622,6008
4623,6009
4624,6012
4625,6013
4626,6014
4627,6015
4628,6018
4629,6019
4630,6020
4631,6021
4632,6024
4633,6025
4634,6026
4635,6027
4636,6030
4637,6031
4638,6032
4639,6033
4640,6036
4641,6037
4642,6038
4643,6039
4644,6042
4645,6043
4646,6044
4647,6045
4648,6048
4649,6049
4650,6050
4651,6051
4652,6054
4653,6055
4654,6056
4655,6057
4656,6060
4657,6061
4658,6062
4659,6063
4660,6066
4661,6067
4662,6068
4663,6069
4664,6072
4665,6073
4666,6074
4667,6075
4668,6078
4669,6079
4670,6080
4671,6081
4672,6084
4673,6085
4674,6086
4675,6087
4676,6090
4677,6091
4678,6092
4679,6093
4680,6096
4681,6097
4682,6098
4683,6099
4684,6102
4685,6103
4686,6104
4687,6105
4688,6108
4689,6109
4690,6110
4691,6111
4692,6114
4693,6115
4694,6116
4695,6117
4696,6120
4697,6121
4698,6122
4699,6123
4700,6126
4701,6127
4702,6128
4703,6129
4704,6132
4705,6133
4706,6134
4707,6135
4708,6138
4709,6139
4710,6140
4711,6141
4712,6144
4713,6145
4714,6146
4715,6147
4716,6150
4717,6151
4718,6152
4719,6153
4720,6156
4721,6157
4722,6158
4723,6159
4724,6162
4725,6163
4726,6164
4727,6165
4728,6168
4729,6169
4730,6170
4731,6171
4732,6174
4733,6175
4734,6176
4735,6177
4736,6180
4737,6181
4738,6182
4739,6183
4740,6186
4741,6187
4742,6188
4743,6189
4744,6192
4745,6193
4746,6194
4747,6195
4748,6196
4749,6197
4750,6200
4751,6201
4752,6202
4753,6203
4754,6206
4755,6207
4756,6208
4757,6209
4758,6212
4759,6213
4760,6214
4761,6215
4762,6218
4763,6219
4764,6220
4765,6221
4766,6224
4767,6225
4768,6226
4769,6227
4770,6230
4771,6231
4772,6232
4773,6233
4774,6236
4775,6237
4776,6238
4777,6239
4778,6242
4779,6243
4780,6244
4781,6245
4782,6248
4783,6249
4784,6250
4785,6251
4786,6254
4787,6255
4788,6256
4789,6257
4790,6260
4791,6261
4792,6262
4793,6263
4794,6266
4795,6267
4796,6268
4797,6269
4798,6272
4799,6273
4800,6274
4801,6275
4802,6278
4803,6279
4804,6280
4805,6281
4806,6284
4807,6285
4808,6286
4809,6287
4810,6290
4811,6291
4812,6292
4813,6293
4814,6296
4815,6297
4816,6298
4817,6299
4818,6302
4819,6303
4820,6304
4821,6305
4822,6308
4823,6309
4824,6310
4825,6311
4826,6314
4827,6315
4828,6316
4829,6317
4830,6320
4831,6321
4832,6322
4833,6323
4834,6326
4835,6327
4836,6328
4837,6329
4838,6332
4839,6333
4840,6334
4841,6335
4842,6338
4843,6339
4844,6340
4845,6341
4846,6344
4847,6345
4848,6346
4849,6347
4850,6350
4851,6351
4852,6352
4853,6353
4854,6356
4855,6357
4856,6358
4857,6359
4858,6362
4859,6363
4860,6364
4861,6365
4862,6368
4863,6369
4864,6370
4865,6371
4866,6374
4867,6375
4868,6376
4869,6377
4870,6380
4871,6381
4872,6382
4873,6383
4874,6386
4875,6387
4876,6388
4877,6389
4878,6392
4879,6393
4880,6394
4881,6395
4882,6398
4883,6399
4884,6400
4885,6401
4886,6404
4887,6405
4888,6406
4889,6407
4890,6410
4891,6411
4892,6412
4893,6413
4894,6416
4895,6417
4896,6418
4897,6419
4898,6422
4899,6423
4900,6424
4901,6425
4902,6428
4903,6429
4904,6430
4905,6431
4906,6434
4907,6435
4908,6436
4909,6437
4910,6440
4911,6441
4912,6442
4913,6443
4914,6446
4915,6447
4916,6448
4917,6449
4918,6452
4919,6453
4920,6454
4921,6455
4922,6458
4923,6459
4924,6460
4925,6461
4926,6464
4927,6465
4928,6466
4929,6467
4930,6470
4931,6471
4932,6472
4933,6473
4934,6476
4935,6477
4936,6478
4937,6479
4938,6482
4939,6483
4940,6484
4941,6485
4942,6488
4943,6489
4944,6490
4945,6491
4946,6494
4947,6495
4948,6496
4949,6497
4950,6500
4951,6501
4952,6502
4953,6503
4954,6506
4955,6507
4956,6508
4957,6509
4958,6512
4959,6513
4960,6514
4961,6515
4962,6518
4963,6519
4964,6520
4965,6521
4966,6524
4967,6525
4968,6526
4969,6527
4970,6530
4971,6531
4972,6532
4973,6533
4974,6536
4975,6537
4976,6538
4977,6539
4978,6542
4979,6543
4980,6544
4981,6545
4982,6548
4983,6549
4984,6550
4985,6551
4986,6554
4987,6555
4988,6556
4989,6557
4990,6560
4991,6561
4992,6562
4993,6563
4994,6566
4995,6567
4996,6568
4997,6569
4998,6571
4999,6572
5000,6573
5001,6574
5002,6575
5003,6577
5004,6578
5005,6579
5006,6580
5007,6581
5008,6583
5009,6584
5010,6585
5011,6586
5012,6587
5013,6589
5014,6590
5015,6591
5016,6592
5017,6593
5018,6594
5019,6595
5020,6596
5021,6597
5022,6598
5023,6599
5024,6600
5025,6601
5026,6602
5027,6603
5028,6604
5029,6605
5030,6606
5031,6607
5032,6608
5033,6609
5034,6610
5035,6611
5036,6612
5037,6613
5038,6614
5039,6615
5040,6616
5041,6617
5042,6618
5043,6619
5044,6620
5045,6621
5046,6622
5047,6623
5048,6624
5049,6625
5050,6626
5051,6627
5052,6628
5053,6629
5054,6630
5055,6631
5056,6632
5057,6633
5058,6634
5059,6635
5060,6636
5061,6637
5062,6638
5063,6639
5064,6640
5065,6641
5066,6642
5067,6643
5068,6644
5069,6645
5070,6646
5071,6647
5072,6648
5073,6649
5074,6650
5075,6651
5076,6652
5077,6653
5078,6654
5079,6655
5080,6656
5081,6657
5082,6658
5083,6659
5084,6660
5085,6661
5086,6662
5087,6663
5088,6664
5089,6665
5090,6666
5091,6667
5092,6668
5093,6669
5094,6670
5095,6671
5096,6672
5097,6673
5098,6674
5099,6675
5100,6676
5101,6677
5102,6678
5103,6679
5104,6680
5105,6681
5106,6682
5107,6683
5108,6684
5109,6685
5110,6686
5111,6687
5112,6688
5113,6689
5114,6690
5115,6691
5116,6692
5117,6693
5118,6694
5119,6695
5120,6696
5121,6697
5122,6698
5123,6699
5124,6700
5125,6701
5126,6702
5127,6703
5128,6704
5129,6705
5130,6706
5131,6707
5132,6708
5133,6709
5134,6710
5135,6711
5136,6712
5137,6713
5138,6714
5139,6715
5140,6716
5141,6717
5142,6718
5143,6719
5144,6720
5145,6721
5146,6722
5147,6723
5148,6724
5149,6725
5150,6726
5151,6727
5152,6728
5153,6729
5154,6730
5155,6731
5156,6732
5157,6733
5158,6734
5159,6735
5160,6736
5161,6737
5162,6738
5163,6739
5164,6740
5165,6741
5166,6742
5167,6743
5168,6744
5169,6745
5170,6746
5171,6747
5172,6748
5173,6749
5174,6750
5175,6751
5176,6752
5177,6753
5178,6754
5179,6755
5180,6756
5181,6757
5182,6758
5183,6759
5184,6760
5185,6761
5186,6762
5187,6763
5188,6764
5189,6765
5190,6766
5191,6767
5192,6768
5193,6769
5194,6770
5195,6771
5196,6772
5197,6773
5198,6774
5199,6775
5200,6776
5201,6777
5202,6778
5203,6779
5204,6780
5205,6781
5206,6782
5207,6783
5208,6784
5209,6785
5210,6786
5211,6787
5212,6788
5213,6789
5214,6790
5215,6791
5216,6792
5217,6793
5218,6794
5219,6795
5220,6796
5221,6797
5222,6798
5223,6799
5224,6800
5225,6801
5226,6802
5227,6803
5228,6804
5229,6805
5230,6806
5231,6807
5232,6808
5233,6809
5234,6810
5235,6811
5236,6812
5237,6813
5238,6814
5239,6815
5240,6816
5241,6817
5242,6818
5243,6819
5244,6820
5245,6821
5246,6822
5247,6823
5248,6824
5249,6825
5250,6826
5251,6827
5252,6828
5253,6829
5254,6830
5255,6831
5256,6832
5257,6833
5258,6834
5259,6835
5260,6836
5261,6837
5262,6838
5263,6839
5264,6842
5265,6843
5266,6844
5267,6845
5268,6848
5269,6849
5270,6850
5271,6851
5272,6854
5273,6855
5274,6856
5275,6857
5276,6860
5277,6861
5278,6862
5279,6863
5280,6866
5281,6867
5282,6868
5283,6869
5284,6872
5285,6873
5286,6874
5287,6875
5288,6878
5289,6879
5290,6880
5291,6881
5292,6884
5293,6885
5294,6886
5295,6887
5296,6890
5297,6891
5298,6892
5299,6893
5300,6896
5301,6897
5302,6898
5303,6899
5304,6902
5305,6903
5306,6904
5307,6905
5308,6908
5309,6909
5310,6910
5311,6911
5312,6914
5313,6915
5314,6916
5315,6917
5316,6920
5317,6921
5318,6922
5319,6923
5320,6926
5321,6927
5322,6928
5323,6929
5324,6932
5325,6933
5326,6934
5327,6935
5328,6938
5329,6939
5330,6940
5331,6941
5332,6944
5333,6945
5334,6946
5335,6947
5336,6950
5337,6951
5338,6952
5339,6953
5340,6956
5341,6957
5342,6958
5343,6959
5344,6962
5345,6963
5346,6964
5347,6965
5348,6968
5349,6969
5350,6970
5351,6971
5352,6974
5353,6975
5354,6976
5355,6977
5356,6980
5357,6981
5358,6982
5359,6983
5360,6986
5361,6987
5362,6988
5363,6989
5364,6992
5365,6993
5366,6994
5367,6995
5368,6998
5369,6999
5370,7000
5371,7001
5372,7004
5373,7005
5374,7006
5375,7007
5376,7010
5377,7011
5378,7012
5379,7013
5380,7016
5381,7017
5382,7018
5383,7019
5384,7022
5385,7023
5386,7024
5387,7025
5388,7028
5389,7029
5390,7030
5391,7031
5392,7034
5393,7035
5394,7036
5395,7037
5396,7040
5397,7041
5398,7042
5399,7043
5400,7046
5401,7047
5402,7048
5403,7049
5404,7052
5405,7053
5406,7054
5407,7055
5408,7058
5409,7059
5410,7060
5411,7061
5412,7064
5413,7065
5414,7066
5415,7067
5416,7070
5417,7071
5418,7072
5419,7073
5420,7076
5421,7077
5422,7078
5423,7079
5424,7082
5425,7083
5426,7084
5427,7085
5428,7088
5429,7089
5430,7090
5431,7091
5432,7094
5433,7095
5434,7096
5435,7097
5436,7100
5437,7101
5438,7102
5439,7103
5440,7106
5441,7107
5442,7108
5443,7109
5444,7112
5445,7113
5446,7114
5447,7115
5448,7118
5449,7119
5450,7120
5451,7121
5452,7124
5453,7125
5454,7126
5455,7127
5456,7130
5457,7131
5458,7132
5459,7133
5460,7136
5461,7137
5462,7138
5463,7139
5464,7142
5465,7143
5466,7144
5467,7145
5468,7148
5469,7149
5470,7150
5471,7151
5472,7154
5473,7155
5474,7156
5475,7157
5476,7160
5477,7161
5478,7162
5479,7163
5480,7166
5481,7167
5482,7168
5483,7169
5484,7172
5485,7173
5486,7174
5487,7175
5488,7178
5489,7179
5490,7180
5491,7181
5492,7184
5493,7185
5494,7186
5495,7187
5496,7190
5497,7191
5498,7192
5499,7193
5500,7196
5501,7197
5502,7198
5503,7199
5504,7200
5505,7201
5506,7204
5507,7205
5508,7206
5509,7207
5510,7210
5511,7211
5512,7212
5513,7213
5514,7216
5515,7217
5516,7218
5517,7219
5518,7222
5519,7223
5520,7224
5521,7225
5522,7228
5523,7229
5524,7230
5525,7231
5526,7234
5527,7235
5528,7236
5529,7237
5530,7240
5531,7241
5532,7242
5533,7243
5534,7246
5535,7247
5536,7248
5537,7249
5538,7252
5539,7253
5540,7254
5541,7255
5542,7258
5543,7259
5544,7260
5545,7261
5546,7264
5547,7265
5548,7266
5549,7267
5550,7270
5551,7271
5552,7272
5553,7273
5554,7276
5555,7277
5556,7278
5557,7279
5558,7282
5559,7283
5560,7284
5561,7285
5562,7288
5563,7289
5564,7290
5565,7291
5566,7294
5567,7295
5568,7296
5569,7297
5570,7300
5571,7301
5572,7302
5573,7303
5574,7306
5575,7307
5576,7308
5577,7309
5578,7312
5579,7313
5580,7314
5581,7315
5582,7318
5583,7319
5584,7320
5585,7321
5586,7324
5587,7325
5588,7326
5589,7327
5590,7330
5591,7331
5592,7332
5593,7333
5594,7336
5595,7337
5596,7338
5597,7339
5598,7342
5599,7343
5600,7344
5601,7345
5602,7348
5603,7349
5604,7350
5605,7351
5606,7354
5607,7355
5608,7356
5609,7357
5610,7360
5611,7361
5612,7362
5613,7363
5614,7366
5615,7367
5616,7368
5617,7369
5618,7372
5619,7373
5620,7374
5621,7375
5622,7378
5623,7379
5624,7380
5625,7381
5626,7384
5627,7385
5628,7386
5629,7387
5630,7390
5631,7391
5632,7392
5633,7393
5634,7396
5635,7397
5636,7398
5637,7399
5638,7402
5639,7403
5640,7404
5641,7405
5642,7408
5643,7409
5644,7410
5645,7411
5646,7414
5647,7415
5648,7416
5649,7417
5650,7420
5651,7421
5652,7422
5653,7423
5654,7426
5655,7427
5656,7428
5657,7429
5658,7432
5659,7433
5660,7434
5661,7435
5662,7438
5663,7439
5664,7440
5665,7441
5666,7444
5667,7445
5668,7446
5669,7447
5670,7450
5671,7451
5672,7452
5673,7453
5674,7456
5675,7457
5676,7458
5677,7459
5678,7462
5679,7463
5680,7464
5681,7465
5682,7468
5683,7469
5684,7470
5685,7471
5686,7474
5687,7475
5688,7476
5689,7477
5690,7480
5691,7481
5692,7482
5693,7483
5694,7486
5695,7487
5696,7488
5697,7489
5698,7492
5699,7493
5700,7494
5701,7495
5702,7498
5703,7499
5704,7500
5705,7501
5706,7504
5707,7505
5708,7506
5709,7507
5710,7510
5711,7511
5712,7512
5713,7513
5714,7516
5715,7517
5716,7518
5717,7519
5718,7522
5719,7523
5720,7524
5721,7525
5722,7528
5723,7529
5724,7530
5725,7531
5726,7534
5727,7535
5728,7536
5729,7537
5730,7540
5731,7541
5732,7542
5733,7543
5734,7546
5735,7547
5736,7548
5737,7549
5738,7552
5739,7553
5740,7554
5741,7555
5742,7558
5743,7559
5744,7560
5745,7561
5746,7564
5747,7565
5748,7566
5749,7567
5750,7570
5751,7571
5752,7572
5753,7573
5754,7575
5755,7576
5756,7577
5757,7578
5758,7579
5759,7581
5760,7582
5761,7583
5762,7584
5763,7585
5764,7587
5765,7588
5766,7589
5767,7590
5768,7591
5769,7593
5770,7594
5771,7595
5772,7596
5773,7597
5774,7598
5775,7599
5776,7600
5777,7601
5778,7602
5779,7603
5780,7604
5781,7605
5782,7606
5783,7607
5784,7608
5785,7609
5786,7610
5787,7611
5788,7612
5789,7613
5790,7614
5791,7615
5792,7616
5793,7617
5794,7618
5795,7619
5796,7620
5797,7621
5798,7622
5799,7623
5800,7624
5801,7625
5802,7626
5803,7627
5804,7628
5805,7629
5806,7630
5807,7631
5808,7632
5809,7633
5810,7634
5811,7635
5812,7636
5813,7637
5814,7638
5815,7639
5816,7640
5817,7641
5818,7642
5819,7643
5820,7644
5821,7645
5822,7646
5823,7647
5824,7648
5825,7649
5826,7650
5827,7651
5828,7652
5829,7653
5830,7654
5831,7655
5832,7656
5833,7657
5834,7658
5835,7659
5836,7660
5837,7661
5838,7662
5839,7663
5840,7664
5841,7665
5842,7666
5843,7667
5844,7668
5845,7669
5846,7670
5847,7671
5848,7672
5849,7673
5850,7674
5851,7675
5852,7676
5853,7677
5854,7678
5855,7679
5856,7680
5857,7681
5858,7682
5859,7683
5860,7684
5861,7685
5862,7686
5863,7687
5864,7688
5865,7689
5866,7690
5867,7691
5868,7692
5869,7693
5870,7694
5871,7695
5872,7696
5873,7697
5874,7698
5875,7699
5876,7700
5877,7701
5878,7702
5879,7703
5880,7704
5881,7705
5882,7706
5883,7707
5884,7708
5885,7709
5886,7710
5887,7711
5888,7712
5889,7713
5890,7714
5891,7715
5892,7716
5893,7717
5894,7718
5895,7719
5896,7720
5897,7721
5898,7722
5899,7723
5900,7724
5901,7725
5902,7726
5903,7727
5904,7728
5905,7729
5906,7730
5907,7731
5908,7732
5909,7733
5910,7734
5911,7735
5912,7736
5913,7737
5914,7738
5915,7739
5916,7740
5917,7741
5918,7742
5919,7743
5920,7744
5921,7745
5922,7746
5923,7747
5924,7748
5925,7749
5926,7750
5927,7751
5928,7752
5929,7753
5930,7754
5931,7755
5932,7756
5933,7757
5934,7758
5935,7759
5936,7760
5937,7761
5938,7762
5939,7763
5940,7764
5941,7765
5942,7766
5943,7767
5944,7768
5945,7769
5946,7770
5947,7771
5948,7772
5949,7773
5950,7774
5951,7775
5952,7776
5953,7777
5954,7778
5955,7779
5956,7780
5957,7781
5958,7782
5959,7783
5960,7784
5961,7785
5962,7786
5963,7787
5964,7788
5965,7789
5966,7790
5967,7791
5968,7792
5969,7793
5970,7794
5971,7795
5972,7796
5973,7797
5974,7798
5975,7799
5976,7800
5977,7801
5978,7802
5979,7803
5980,7804
5981,7805
5982,7806
5983,7807
5984,7808
5985,7809
5986,7810
5987,7811
5988,7812
5989,7813
5990,7814
5991,7815
5992,7816
5993,7817
5994,7818
5995,7819
5996,7820
5997,7821
5998,7822
5999,7823
6000,7824
6001,7825
6002,7826
6003,7827
6004,7828
6005,7829
6006,7830
6007,7831
6008,7832
6009,7833
6010,7834
6011,7835
6012,7836
6013,7837
6014,7838
6015,7839
6016,7840
6017,7841
6018,7842
6019,7843
6020,7846
6021,7847
6022,7848
6023,7849
6024,7852
6025,7853
6026,7854
6027,7855
6028,7858
6029,7859
6030,7860
6031,7861
6032,7864
6033,7865
6034,7866
6035,7867
6036,7870
6037,7871
6038,7872
6039,7873
6040,7876
6041,7877
6042,7878
6043,7879
6044,7882
6045,7883
6046,7884
6047,7885
6048,7888
6049,7889
6050,7890
6051,7891
6052,7894
6053,7895
6054,7896
6055,7897
6056,7900
6057,7901
6058,7902
6059,7903
6060,7906
6061,7907
6062,7908
6063,7909
6064,7912
6065,7913
6066,7914
6067,7915
6068,7918
6069,7919
6070,7920
6071,7921
6072,7924
6073,7925
6074,7926
6075,7927
6076,7930
6077,7931
6078,7932
6079,7933
6080,7936
6081,7937
6082,7938
6083,7939
6084,7942
6085,7943
6086,7944
6087,7945
6088,7948
6089,7949
6090,7950
6091,7951
6092,7954
6093,7955
6094,7956
6095,7957
6096,7960
6097,7961
6098,7962
6099,7963
6100,7966
6101,7967
6102,7968
6103,7969
6104,7972
6105,7973
6106,7974
6107,7975
6108,7978
6109,7979
6110,7980
6111,7981
6112,7984
6113,7985
6114,7986
6115,7987
6116,7990
6117,7991
6118,7992
6119,7993
6120,7996
6121,7997
6122,7998
6123,7999
6124,8002
6125,8003
6126,8004
6127,8005
6128,8008
6129,8009
6130,8010
6131,8011
6132,8014
6133,8015
6134,8016
6135,8017
6136,8020
6137,8021
6138,8022
6139,8023
6140,8026
6141,8027
6142,8028
6143,8029
6144,8032
6145,8033
6146,8034
6147,8035
6148,8038
6149,8039
6150,8040
6151,8041
6152,8044
6153,8045
6154,8046
6155,8047
6156,8050
6157,8051
6158,8052
6159,8053
6160,8056
6161,8057
6162,8058
6163,8059
6164,8062
6165,8063
6166,8064
6167,8065
6168,8068
6169,8069
6170,8070
6171,8071
6172,8074
6173,8075
6174,8076
6175,8077
6176,8080
6177,8081
6178,8082
6179,8083
6180,8086
6181,8087
6182,8088
6183,8089
6184,8092
6185,8093
6186,8094
6187,8095
6188,8098
6189,8099
6190,8100
6191,8101
6192,8104
6193,8105
6194,8106
6195,8107
6196,8110
6197,8111
6198,8112
6199,8113
6200,8116
6201,8117
6202,8118
6203,8119
6204,8122
6205,8123
6206,8124
6207,8125
6208,8128
6209,8129
6210,8130
6211,8131
6212,8134
6213,8135
6214,8136
6215,8137
6216,8140
6217,8141
6218,8142
6219,8143
6220,8146
6221,8147
6222,8148
6223,8149
6224,8152
6225,8153
6226,8154
6227,8155
6228,8158
6229,8159
6230,8160
6231,8161
6232,8164
6233,8165
6234,8166
6235,8167
6236,8170
6237,8171
6238,8172
6239,8173
6240,8176
6241,8177
6242,8178
6243,8179
6244,8182
6245,8183
6246,8184
6247,8185
6248,8188
6249,8189
6250,8190
6251,8191
6252,8194
6253,8195
6254,8196
6255,8197
6256,8200
6257,8201
6258,8202
6259,8203
6260,8204
6261,8205
6262,8208
6263,8209
6264,8210
6265,8211
6266,8214
6267,8215
6268,8216
6269,8217
6270,8220
6271,8221
6272,8222
6273,8223
6274,8226
6275,8227
6276,8228
6277,8229
6278,8232
6279,8233
6280,8234
6281,8235
6282,8238
6283,8239
6284,8240
6285,8241
6286,8244
6287,8245
6288,8246
6289,8247
6290,8250
6291,8251
6292,8252
6293,8253
6294,8256
6295,8257
6296,8258
6297,8259
6298,8262
6299,8263
6300,8264
6301,8265
6302,8268
6303,8269
6304,8270
6305,8271
6306,8274
6307,8275
6308,8276
6309,8277
6310,8280
6311,8281
6312,8282
6313,8283
6314,8286
6315,8287
6316,8288
6317,8289
6318,8292
6319,8293
6320,8294
6321,8295
6322,8298
6323,8299
6324,8300
6325,8301
6326,8304
6327,8305
6328,8306
6329,8307
6330,8310
6331,8311
6332,8312
6333,8313
6334,8316
6335,8317
6336,8318
6337,8319
6338,8322
6339,8323
6340,8324
6341,8325
6342,8328
6343,8329
6344,8330
6345,8331
6346,8334
6347,8335
6348,8336
6349,8337
6350,8340
6351,8341
6352,8342
6353,8343
6354,8346
6355,8347
6356,8348
6357,8349
6358,8352
6359,8353
6360,8354
6361,8355
6362,8358
6363,8359
6364,8360
6365,8361
6366,8364
6367,8365
6368,8366
6369,8367
6370,8370
6371,8371
6372,8372
6373,8373
6374,8376
6375,8377
6376,8378
6377,8379
6378,8382
6379,8383
6380,8384
6381,8385
6382,8388
6383,8389
6384,8390
6385,8391
6386,8394
6387,8395
6388,8396
6389,8397
6390,8400
6391,8401
6392,8402
6393,8403
6394,8406
6395,8407
6396,8408
6397,8409
6398,8412
6399,8413
6400,8414
6401,8415
6402,8418
6403,8419
6404,8420
6405,8421
6406,8424
6407,8425
6408,8426
6409,8427
6410,8430
6411,8431
6412,8432
6413,8433
6414,8436
6415,8437
6416,8438
6417,8439
6418,8442
6419,8443
6420,8444
6421,8445
6422,8448
6423,8449
6424,8450
6425,8451
6426,8454
6427,8455
6428,8456
6429,8457
6430,8460
6431,8461
6432,8462
6433,8463
6434,8466
6435,8467
6436,8468
6437,8469
6438,8472
6439,8473
6440,8474
6441,8475
6442,8478
6443,8479
6444,8480
6445,8481
6446,8484
6447,8485
6448,8486
6449,8487
6450,8490
6451,8491
6452,8492
6453,8493
6454,8496
6455,8497
6456,8498
6457,8499
6458,8502
6459,8503
6460,8504
6461,8505
6462,8508
6463,8509
6464,8510
6465,8511
6466,8514
6467,8515
6468,8516
6469,8517
6470,8520
6471,8521
6472,8522
6473,8523
6474,8526
6475,8527
6476,8528
6477,8529
6478,8532
6479,8533
6480,8534
6481,8535
6482,8538
6483,8539
6484,8540
6485,8541
6486,8544
6487,8545
6488,8546
6489,8547
6490,8550
6491,8551
6492,8552
6493,8553
6494,8556
6495,8557
6496,8558
6497,8559
6498,8562
6499,8563
6500,8564
6501,8565
6502,8568
6503,8569
6504,8570
6505,8571
6506,8574
6507,8575
6508,8576
6509,8577
6510,8580
6511,8581
6512,8582
6513,8583
6514,8585
6515,8586
6516,8587
6517,8588
6518,8589
6519,8591
6520,8592
6521,8593
6522,8594
6523,8595
6524,8597
6525,8598
6526,8599
6527,8600
6528,8601
6529,8602
6530,8603
6531,8604
6532,8605
6533,8606
6534,8607
6535,8608
6536,8609
6537,8610
6538,8611
6539,8612
6540,8613
6541,8614
6542,8615
6543,8616
6544,8617
6545,8618
6546,8619
6547,8620
6548,8621
6549,8622
6550,8623
6551,8624
6552,8625
6553,8626
6554,8627
6555,8628
6556,8629
6557,8630
6558,8631
6559,8632
6560,8633
6561,8634
6562,8635
6563,8636
6564,8637
6565,8638
6566,8639
6567,8640
6568,8641
6569,8642
6570,8643
6571,8644
6572,8645
6573,8646
6574,8647
6575,8648
6576,8649
6577,8650
6578,8651
6579,8652
6580,8653
6581,8654
6582,8655
6583,8656
6584,8657
6585,8658
6586,8659
6587,8660
6588,8661
6589,8662
6590,8663
6591,8664
6592,8665
6593,8666
6594,8667
6595,8668
6596,8669
6597,8670
6598,8671
6599,8672
6600,8673
6601,8674
6602,8675
6603,8676
6604,8677
6605,8678
6606,8679
6607,8680
6608,8681
6609,8682
6610,8683
6611,8684
6612,8685
6613,8686
6614,8687
6615,8688
6616,8689
6617,8690
6618,8691
6619,8692
6620,8693
6621,8694
6622,8695
6623,8696
6624,8697
6625,8698
6626,8699
6627,8700
6628,8701
6629,8702
6630,8703
6631,8704
6632,8705
6633,8706
6634,8707
6635,8708
6636,8709
6637,8710
6638,8711
6639,8712
6640,8713
6641,8714
6642,8715
6643,8716
6644,8717
6645,8718
6646,8719
6647,8720
6648,8721
6649,8722
6650,8723
6651,8724
6652,8725
6653,8726
6654,8727
6655,8728
6656,8729
6657,8730
6658,8731
6659,8732
6660,8733
6661,8734
6662,8735
6663,8736
6664,8737
6665,8738
6666,8739
6667,8740
6668,8741
6669,8742
6670,8743
6671,8744
6672,8745
6673,8746
6674,8747
6675,8748
6676,8749
6677,8750
6678,8751
6679,8752
6680,8753
6681,8754
6682,8755
6683,8756
6684,8757
6685,8758
6686,8759
6687,8760
6688,8761
6689,8762
6690,8763
6691,8764
6692,8765
6693,8766
6694,8767
6695,8768
6696,8769
6697,8770
6698,8771
6699,8772
6700,8773
6701,8774
6702,8775
6703,8776
6704,8777
6705,8778
6706,8779
6707,8780
6708,8781
6709,8782
6710,8783
6711,8784
6712,8785
6713,8786
6714,8787
6715,8788
6716,8789
6717,8790
6718,8791
6719,8792
6720,8793
6721,8794
6722,8795
6723,8796
6724,8797
6725,8798
6726,8799
6727,8800
6728,8801
6729,8802
6730,8803
6731,8804
6732,8805
6733,8806
6734,8807
6735,8808
6736,8809
6737,8810
6738,8811
6739,8812
6740,8813
6741,8814
6742,8815
6743,8816
6744,8817
6745,8818
6746,8819
6747,8820
6748,8821
6749,8822
6750,8823
6751,8824
6752,8825
6753,8826
6754,8827
6755,8828
6756,8829
6757,8830
6758,8831
6759,8832
6760,8833
6761,8834
6762,8835
6763,8836
6764,8837
6765,8838
6766,8839
6767,8840
6768,8841
6769,8842
6770,8843
6771,8844
6772,8845
6773,8846
6774,8847
6775,8850
6776,8851
6777,8852
6778,8853
6779,8856
6780,8857
6781,8858
6782,8859
6783,8862
6784,8863
6785,8864
6786,8865
6787,8868
6788,8869
6789,8870
6790,8871
6791,8874
6792,8875
6793,8876
6794,8877
6795,8880
6796,8881
6797,8882
6798,8883
6799,8886
6800,8887
6801,8888
6802,8889
6803,8892
6804,8893
6805,8894
6806,8895
6807,8898
6808,8899
6809,8900
6810,8901
6811,8904
6812,8905
6813,8906
6814,8907
6815,8910
6816,8911
6817,8912
6818,8913
6819,8916
6820,8917
6821,8918
6822,8919
6823,8922
6824,8923
6825,8924
6826,8925
6827,8928
6828,8929
6829,8930
6830,8931
6831,8934
6832,8935
6833,8936
6834,8937
6835,8940
6836,8941
6837,8942
6838,8943
6839,8946
6840,8947
6841,8948
6842,8949
6843,8952
6844,8953
6845,8954
6846,8955
6847,8958
6848,8959
6849,8960
6850,8961
6851,8964
6852,8965
6853,8966
6854,8967
6855,8970
6856,8971
6857,8972
6858,8973
6859,8976
6860,8977
6861,8978
6862,8979
6863,8982
6864,8983
6865,8984
6866,8985
6867,8988
6868,8989
6869,8990
6870,8991
6871,8994
6872,8995
6873,8996
6874,8997
6875,9000
6876,9001
6877,9002
6878,9003
6879,9006
6880,9007
6881,9008
6882,9009
6883,9012
6884,9013
6885,9014
6886,9015
6887,9018
6888,9019
6889,9020
6890,9021
6891,9024
6892,9025
6893,9026
6894,9027
6895,9030
6896,9031
6897,9032
6898,9033
6899,9036
6900,9037
6901,9038
6902,9039
6903,9042
6904,9043
6905,9044
6906,9045
6907,9048
6908,9049
6909,9050
6910,9051
6911,9054
6912,9055
6913,9056
6914,9057
6915,9060
6916,9061
6917,9062
6918,9063
6919,9066
6920,9067
6921,9068
6922,9069
6923,9072
6924,9073
6925,9074
6926,9075
6927,9078
6928,9079
6929,9080
6930,9081
6931,9084
6932,9085
6933,9086
6934,9087
6935,9090
6936,9091
6937,9092
6938,9093
6939,9096
6940,9097
6941,9098
6942,9099
6943,9102
6944,9103
6945,9104
6946,9105
6947,9108
6948,9109
6949,9110
6950,9111
6951,9114
6952,9115
6953,9116
6954,9117
6955,9120
6956,9121
6957,9122
6958,9123
6959,9126
6960,9127
6961,9128
6962,9129
6963,9132
6964,9133
6965,9134
6966,9135
6967,9138
6968,9139
6969,9140
6970,9141
6971,9144
6972,9145
6973,9146
6974,9147
6975,9150
6976,9151
6977,9152
6978,9153
6979,9156
6980,9157
6981,9158
6982,9159
6983,9162
6984,9163
6985,9164
6986,9165
6987,9168
6988,9169
6989,9170
6990,9171
6991,9174
6992,9175
6993,9176
6994,9177
6995,9180
6996,9181
6997,9182
6998,9183
6999,9186
7000,9187
7001,9188
7002,9189
7003,9192
7004,9193
7005,9194
7006,9195
7007,9198
7008,9199
7009,9200
7010,9201
7011,9204
7012,9205
7013,9206
7014,9207
7015,9208
7016,9209
7017,9212
7018,9213
7019,9214
7020,9215
7021,9218
7022,9219
7023,9220
7024,9221
7025,9224
7026,9225
7027,9226
7028,9227
7029,9230
7030,9231
7031,9232
7032,9233
7033,9236
7034,9237
7035,9238
7036,9239
7037,9242
7038,9243
7039,9244
7040,9245
7041,9248
7042,9249
7043,9250
7044,9251
7045,9254
7046,9255
7047,9256
7048,9257
7049,9260
7050,9261
7051,9262
7052,9263
7053,9266
7054,9267
7055,9268
7056,9269
7057,9272
7058,9273
7059,9274
7060,9275
7061,9278
7062,9279
7063,9280
7064,9281
7065,9284
7066,9285
7067,9286
7068,9287
7069,9290
7070,9291
7071,9292
7072,9293
7073,9296
7074,9297
7075,9298
7076,9299
7077,9302
7078,9303
7079,9304
7080,9305
7081,9308
7082,9309
7083,9310
7084,9311
7085,9314
7086,9315
7087,9316
7088,9317
7089,9320
7090,9321
7091,9322
7092,9323
7093,9326
7094,9327
7095,9328
7096,9329
7097,9332
7098,9333
7099,9334
7100,9335
7101,9338
7102,9339
7103,9340
7104,9341
7105,9344
7106,9345
7107,9346
7108,9347
7109,9350
7110,9351
7111,9352
7112,9353
7113,9356
7114,9357
7115,9358
7116,9359
7117,9362
7118,9363
7119,9364
7120,9365
7121,9368
7122,9369
7123,9370
7124,9371
7125,9374
7126,9375
7127,9376
7128,9377
7129,9380
7130,9381
7131,9382
7132,9383
7133,9386
7134,9387
7135,9388
7136,9389
7137,9392
7138,9393
7139,9394
7140,9395
7141,9398
7142,9399
7143,9400
7144,9401
7145,9404
7146,9405
7147,9406
7148,9407
7149,9410
7150,9411
7151,9412
7152,9413
7153,9416
7154,9417
7155,9418
7156,9419
7157,9422
7158,9423
7159,9424
7160,9425
7161,9428
7162,9429
7163,9430
7164,9431
7165,9434
7166,9435
7167,9436
7168,9437
7169,9440
7170,9441
7171,9442
7172,9443
7173,9446
7174,9447
7175,9448
7176,9449
7177,9452
7178,9453
7179,9454
7180,9455
7181,9458
7182,9459
7183,9460
7184,9461
7185,9464
7186,9465
7187,9466
7188,9467
7189,9470
7190,9471
7191,9472
7192,9473
7193,9476
7194,9477
7195,9478
7196,9479
7197,9482
7198,9483
7199,9484
7200,9485
7201,9488
7202,9489
7203,9490
7204,9491
7205,9494
7206,9495
7207,9496
7208,9497
7209,9500
7210,9501
7211,9502
7212,9503
7213,9506
7214,9507
7215,9508
7216,9509
7217,9512
7218,9513
7219,9514
7220,9515
7221,9518
7222,9519
7223,9520
7224,9521
7225,9524
7226,9525
7227,9526
7228,9527
7229,9530
7230,9531
7231,9532
7232,9533
7233,9536
7234,9537
7235,9538
7236,9539
7237,9542
7238,9543
7239,9544
7240,9545
7241,9548
7242,9549
7243,9550
7244,9551
7245,9554
7246,9555
7247,9556
7248,9557
7249,9560
7250,9561
7251,9562
7252,9563
7253,9566
7254,9567
7255,9568
7256,9569
7257,9572
7258,9573
7259,9574
7260,9575
7261,9576
7262,9577
7263,9578
7264,9579
7265,9580
7266,9581
7267,9582
7268,9583
7269,9584
7270,9585
7271,9586
7272,9587
7273,9588
7274,9589
7275,9590
7276,9591
7277,9592
7278,9593
7279,9594
7280,9595
7281,9596
7282,9597
7283,9598
7284,9599
7285,9600
7286,9601
7287,9602
7288,9603
7289,9604
7290,9605
7291,9606
7292,9607
7293,9608
7294,9609
7295,9610
7296,9611
7297,9612
7298,9613
7299,9614
7300,9615
7301,9616
7302,9617
7303,9618
7304,9619
7305,9620
7306,9621
7307,9622
7308,9623
7309,9624
7310,9625
7311,9626
7312,9627
7313,9628
7314,9629
7315,9630
7316,9631
7317,9632
7318,9633
7319,9634
7320,9635
7321,9636
7322,9637
7323,9638
7324,9639
7325,9640
7326,9641
7327,9642
7328,9643
7329,9644
7330,9645
7331,9646
7332,9647
7333,9648
7334,9649
7335,9650
7336,9651
7337,9652
7338,9653
7339,9654
7340,9655
7341,9656
7342,9657
7343,9658
7344,9659
7345,9660
7346,9661
7347,9662
7348,9663
7349,9664
7350,9665
7351,9666
7352,9667
7353,9668
7354,9669
7355,9670
7356,9671
7357,9672
7358,9673
7359,9674
7360,9675
7361,9676
7362,9677
7363,9678
7364,9679
7365,9680
7366,9681
7367,9682
7368,9683
7369,9684
7370,9685
7371,9686
7372,9687
7373,9688
7374,9689
7375,9690
7376,9691
7377,9692
7378,9693
7379,9694
7380,9695
7381,9696
7382,9697
7383,9698
7384,9699
7385,9700
7386,9701
7387,9702
7388,9703
7389,9704
7390,9705
7391,9706
7392,9707
7393,9708
7394,9709
7395,9710
7396,9711
7397,9712
7398,9713
7399,9714
7400,9715
7401,9716
7402,9717
7403,9718
7404,9719
7405,9720
7406,9721
7407,9722
7408,9723
7409,9724
7410,9725
7411,9726
7412,9727
7413,9728
7414,9729
7415,9730
7416,9731
7417,9732
7418,9733
7419,9734
7420,9735
7421,9736
7422,9737
7423,9738
7424,9739
7425,9740
7426,9741
7427,9742
7428,9743
7429,9744
7430,9745
7431,9746
7432,9747
7433,9748
7434,9749
7435,9750
7436,9751
7437,9752
7438,9753
7439,9754
7440,9755
7441,9756
7442,9757
7443,9758
7444,9759
7445,9760
7446,9761
7447,9762
7448,9763
7449,9764
7450,9765
7451,9766
7452,9767
7453,9768
7454,9769
7455,9770
7456,9771
7457,9772
7458,9773
7459,9774
7460,9775
7461,9776
7462,9777
7463,9778
7464,9779
7465,9780
7466,9781
7467,9782
7468,9783
7469,9784
7470,9785
7471,9786
7472,9787
7473,9788
7474,9789
7475,9790
7476,9791
7477,9792
7478,9793
7479,9794
7480,9795
7481,9796
7482,9797
7483,9798
7484,9799
7485,9800
7486,9801
7487,9802
7488,9803
7489,9804
7490,9805
7491,9806
7492,9807
7493,9808
7494,9809
7495,9810
7496,9811
7497,9812
7498,9813
7499,9814
7500,9815
7501,9816
7502,9817
7503,9818
7504,9819
7505,9820
7506,9821
7507,9822
7508,9823
7509,9824
7510,9825
7511,9826
7512,9827
7513,9828
7514,9829
7515,9830
7516,9831
7517,9832
7518,9833
7519,9834
7520,9835
7521,9836
7522,9837
7523,9838
7524,9839
7525,9840
7526,9841
7527,9842
7528,9843
7529,9844
7530,9845
7531,9846
7532,9847
7533,9848
7534,9849
7535,9850
7536,9851
7537,9854
7538,9855
7539,9856
7540,9857
7541,9860
7542,9861
7543,9862
7544,9863
7545,9866
7546,9867
7547,9868
7548,9869
7549,9872
7550,9873
7551,9874
7552,9875
7553,9878
7554,9879
7555,9880
7556,9881
7557,9884
7558,9885
7559,9886
7560,9887
7561,9890
7562,9891
7563,9892
7564,9893
7565,9896
7566,9897
7567,9898
7568,9899
7569,9902
7570,9903
7571,9904
7572,9905
7573,9908
7574,9909
7575,9910
7576,9911
7577,9914
7578,9915
7579,9916
7580,9917
7581,9920
7582,9921
7583,9922
7584,9923
7585,9926
7586,9927
7587,9928
7588,9929
7589,9932
7590,9933
7591,9934
7592,9935
7593,9938
7594,9939
7595,9940
7596,9941
7597,9944
7598,9945
7599,9946
7600,9947
7601,9950
7602,9951
7603,9952
7604,9953
7605,9956
7606,9957
7607,9958
7608,9959
7609,9962
7610,9963
7611,9964
7612,9965
7613,9968
7614,9969
7615,9970
7616,9971
7617,9974
7618,9975
7619,9976
7620,9977
7621,9980
7622,9981
7623,9982
7624,9983
7625,9986
7626,9987
7627,9988
7628,9989
7629,9992
7630,9993
7631,9994
7632,9995
7633,9998
7634,9999
7635,10000
7636,10001
7637,10004
7638,10005
7639,10006
7640,10007
7641,10010
7642,10011
7643,10012
7644,10013
7645,10016
7646,10017
7647,10018
7648,10019
7649,10022
7650,10023
7651,10024
7652,10025
7653,10028
7654,10029
7655,10030
7656,10031
7657,10034
7658,10035
7659,10036
7660,10037
7661,10040
7662,10041
7663,10042
7664,10043
7665,10046
7666,10047
7667,10048
7668,10049
7669,10052
7670,10053
7671,10054
7672,10055
7673,10058
7674,10059
7675,10060
7676,10061
7677,10064
7678,10065
7679,10066
7680,10067
7681,10070
7682,10071
7683,10072
7684,10073
7685,10076
7686,10077
7687,10078
7688,10079
7689,10082
7690,10083
7691,10084
7692,10085
7693,10088
7694,10089
7695,10090
7696,10091
7697,10094
7698,10095
7699,10096
7700,10097
7701,10100
7702,10101
7703,10102
7704,10103
7705,10106
7706,10107
7707,10108
7708,10109
7709,10112
7710,10113
7711,10114
7712,10115
7713,10118
7714,10119
7715,10120
7716,10121
7717,10124
7718,10125
7719,10126
7720,10127
7721,10130
7722,10131
7723,10132
7724,10133
7725,10136
7726,10137
7727,10138
7728,10139
7729,10142
7730,10143
7731,10144
7732,10145
7733,10148
7734,10149
7735,10150
7736,10151
7737,10154
7738,10155
7739,10156
7740,10157
7741,10160
7742,10161
7743,10162
7744,10163
7745,10166
7746,10167
7747,10168
7748,10169
7749,10172
7750,10173
7751,10174
7752,10175
7753,10178
7754,10179
7755,10180
7756,10181
7757,10184
7758,10185
7759,10186
7760,10187
7761,10190
7762,10191
7763,10192
7764,10193
7765,10196
7766,10197
7767,10198
7768,10199
7769,10202
7770,10203
7771,10204
7772,10205
7773,10208
7774,10209
7775,10210
7776,10211
7777,10212
7778,10213
7779,10216
7780,10217
7781,10218
7782,10219
7783,10222
7784,10223
7785,10224
7786,10225
7787,10228
7788,10229
7789,10230
7790,10231
7791,10234
7792,10235
7793,10236
7794,10237
7795,10240
7796,10241
7797,10242
7798,10243
7799,10246
7800,10247
7801,10248
7802,10249
7803,10252
7804,10253
7805,10254
7806,10255
7807,10258
7808,10259
7809,10260
7810,10261
7811,10264
7812,10265
7813,10266
7814,10267
7815,10270
7816,10271
7817,10272
7818,10273
7819,10276
7820,10277
7821,10278
7822,10279
7823,10282
7824,10283
7825,10284
7826,10285
7827,10288
7828,10289
7829,10290
7830,10291
7831,10294
7832,10295
7833,10296
7834,10297
7835,10300
7836,10301
7837,10302
7838,10303
7839,10306
7840,10307
7841,10308
7842,10309
7843,10312
7844,10313
7845,10314
7846,10315
7847,10318
7848,10319
7849,10320
7850,10321
7851,10324
7852,10325
7853,10326
7854,10327
7855,10330
7856,10331
7857,10332
7858,10333
7859,10336
7860,10337
7861,10338
7862,10339
7863,10342
7864,10343
7865,10344
7866,10345
7867,10348
7868,10349
7869,10350
7870,10351
7871,10354
7872,10355
7873,10356
7874,10357
7875,10360
7876,10361
7877,10362
7878,10363
7879,10366
7880,10367
7881,10368
7882,10369
7883,10372
7884,10373
7885,10374
7886,10375
7887,10378
7888,10379
7889,10380
7890,10381
7891,10384
7892,10385
7893,10386
7894,10387
7895,10390
7896,10391
7897,10392
7898,10393
7899,10396
7900,10397
7901,10398
7902,10399
7903,10402
7904,10403
7905,10404
7906,10405
7907,10408
7908,10409
7909,10410
7910,10411
7911,10414
7912,10415
7913,10416
7914,10417
7915,10420
7916,10421
7917,10422
7918,10423
7919,10426
7920,10427
7921,10428
7922,10429
7923,10432
7924,10433
7925,10434
7926,10435
7927,10438
7928,10439
7929,10440
7930,10441
7931,10444
7932,10445
7933,10446
7934,10447
7935,10450
7936,10451
7937,10452
7938,10453
7939,10456
7940,10457
7941,10458
7942,10459
7943,10462
7944,10463
7945,10464
7946,10465
7947,10468
7948,10469
7949,10470
7950,10471
7951,10474
7952,10475
7953,10476
7954,10477
7955,10480
7956,10481
7957,10482
7958,10483
7959,10486
7960,10487
7961,10488
7962,10489
7963,10492
7964,10493
7965,10494
7966,10495
7967,10498
7968,10499
7969,10500
7970,10501
7971,10504
7972,10505
7973,10506
7974,10507
7975,10510
7976,10511
7977,10512
7978,10513
7979,10516
7980,10517
7981,10518
7982,10519
7983,10522
7984,10523
7985,10524
7986,10525
7987,10528
7988,10529
7989,10530
7990,10531
7991,10534
7992,10535
7993,10536
7994,10537
7995,10540
7996,10541
7997,10542
7998,10543
7999,10546
8000,10547
8001,10548
8002,10549
8003,10552
8004,10553
8005,10554
8006,10555
8007,10558
8008,10559
8009,10560
8010,10561
8011,10564
8012,10565
8013,10566
8014,10567
8015,10570
8016,10571
8017,10572
8018,10573
8019,10576
8020,10577
8021,10578
8022,10579
8023,10580
8024,10581
8025,10582
8026,10583
8027,10584
8028,10585
8029,10586
8030,10587
8031,10588
8032,10589
8033,10590
8034,10591
8035,10592
8036,10593
8037,10594
8038,10595
8039,10596
8040,10597
8041,10598
8042,10599
8043,10600
8044,10601
8045,10602
8046,10603
8047,10604
8048,10605
8049,10606
8050,10607
8051,10608
8052,10609
8053,10610
8054,10611
8055,10612
8056,10613
8057,10614
8058,10615
8059,10616
8060,10617
8061,10618
8062,10619
8063,10620
8064,10621
8065,10622
8066,10623
8067,10624
8068,10625
8069,10626
8070,10627
8071,10628
8072,10629
8073,10630
8074,10631
8075,10632
8076,10633
8077,10634
8078,10635
8079,10636
8080,10637
8081,10638
8082,10639
8083,10640
8084,10641
8085,10642
8086,10643
8087,10644
8088,10645
8089,10646
8090,10647
8091,10648
8092,10649
8093,10650
8094,10651
8095,10652
8096,10653
8097,10654
8098,10655
8099,10656
8100,10657
8101,10658
8102,10659
8103,10660
8104,10661
8105,10662
8106,10663
8107,10664
8108,10665
8109,10666
8110,10667
8111,10668
8112,10669
8113,10670
8114,10671
8115,10672
8116,10673
8117,10674
8118,10675
8119,10676
8120,10677
8121,10678
8122,10679
8123,10680
8124,10681
8125,10682
8126,10683
8127,10684
8128,10685
8129,10686
8130,10687
8131,10688
8132,10689
8133,10690
8134,10691
8135,10692
8136,10693
8137,10694
8138,10695
8139,10696
8140,10697
8141,10698
8142,10699
8143,10700
8144,10701
8145,10702
8146,10703
8147,10704
8148,10705
8149,10706
8150,10707
8151,10708
8152,10709
8153,10710
8154,10711
8155,10712
8156,10713
8157,10714
8158,10715
8159,10716
8160,10717
8161,10718
8162,10719
8163,10720
8164,10721
8165,10722
8166,10723
8167,10724
8168,10725
8169,10726
8170,10727
8171,10728
8172,10729
8173,10730
8174,10731
8175,10732
8176,10733
8177,10734
8178,10735
8179,10736
8180,10737
8181,10738
8182,10739
8183,10740
8184,10741
8185,10742
8186,10743
8187,10744
8188,10745
8189,10746
8190,10747
8191,10748
8192,10749
8193,10750
8194,10751
8195,10752
8196,10753
8197,10754
8198,10755
8199,10756
8200,10757
8201,10758
8202,10759
8203,10760
8204,10761
8205,10762
8206,10763
8207,10764
8208,10765
8209,10766
8210,10767
8211,10768
8212,10769
8213,10770
8214,10771
8215,10772
8216,10773
8217,10774
8218,10775
8219,10776
8220,10777
8221,10778
8222,10779
8223,10780
8224,10781
8225,10782
8226,10783
8227,10784
8228,10785
8229,10786
8230,10787
8231,10788
8232,10789
8233,10790
8234,10791
8235,10792
8236,10793
8237,10794
8238,10795
8239,10796
8240,10797
8241,10798
8242,10799
8243,10800
8244,10801
8245,10802
8246,10803
8247,10804
8248,10805
8249,10806
8250,10807
8251,10808
8252,10809
8253,10810
8254,10811
8255,10812
8256,10813
8257,10814
8258,10815
8259,10816
8260,10817
8261,10818
8262,10819
8263,10820
8264,10821
8265,10822
8266,10823
8267,10824
8268,10825
8269,10826
8270,10827
8271,10828
8272,10829
8273,10830
8274,10831
8275,10832
8276,10833
8277,10834
8278,10835
8279,10836
8280,10837
8281,10838
8282,10839
8283,10840
8284,10841
8285,10842
8286,10843
8287,10844
8288,10845
8289,10846
8290,10847
8291,10848
8292,10849
8293,10850
8294,10851
8295,10852
8296,10853
8297,10854
8298,10855
8299,10858
8300,10859
8301,10860
8302,10861
8303,10864
8304,10865
8305,10866
8306,10867
8307,10870
8308,10871
8309,10872
8310,10873
8311,10876
8312,10877
8313,10878
8314,10879
8315,10882
8316,10883
8317,10884
8318,10885
8319,10888
8320,10889
8321,10890
8322,10891
8323,10894
8324,10895
8325,10896
8326,10897
8327,10900
8328,10901
8329,10902
8330,10903
8331,10906
8332,10907
8333,10908
8334,10909
8335,10912
8336,10913
8337,10914
8338,10915
8339,10918
8340,10919
8341,10920
8342,10921
8343,10924
8344,10925
8345,10926
8346,10927
8347,10930
8348,10931
8349,10932
8350,10933
8351,10936
8352,10937
8353,10938
8354,10939
8355,10942
8356,10943
8357,10944
8358,10945
8359,10948
8360,10949
8361,10950
8362,10951
8363,10954
8364,10955
8365,10956
8366,10957
8367,10960
8368,10961
8369,10962
8370,10963
8371,10966
8372,10967
8373,10968
8374,10969
8375,10972
8376,10973
8377,10974
8378,10975
8379,10978
8380,10979
8381,10980
8382,10981
8383,10984
8384,10985
8385,10986
8386,10987
8387,10990
8388,10991
8389,10992
8390,10993
8391,10996
8392,10997
8393,10998
8394,10999
8395,11002
8396,11003
8397,11004
8398,11005
8399,11008
8400,11009
8401,11010
8402,11011
8403,11014
8404,11015
8405,11016
8406,11017
8407,11020
8408,11021
8409,11022
8410,11023
8411,11026
8412,11027
8413,11028
8414,11029
8415,11032
8416,11033
8417,11034
8418,11035
8419,11038
8420,11039
8421,11040
8422,11041
8423,11044
8424,11045
8425,11046
8426,11047
8427,11050
8428,11051
8429,11052
8430,11053
8431,11056
8432,11057
8433,11058
8434,11059
8435,11062
8436,11063
8437,11064
8438,11065
8439,11068
8440,11069
8441,11070
8442,11071
8443,11074
8444,11075
8445,11076
8446,11077
8447,11080
8448,11081
8449,11082
8450,11083
8451,11086
8452,11087
8453,11088
8454,11089
8455,11092
8456,11093
8457,11094
8458,11095
8459,11098
8460,11099
8461,11100
8462,11101
8463,11104
8464,11105
8465,11106
8466,11107
8467,11110
8468,11111
8469,11112
8470,11113
8471,11116
8472,11117
8473,11118
8474,11119
8475,11122
8476,11123
8477,11124
8478,11125
8479,11128
8480,11129
8481,11130
8482,11131
8483,11134
8484,11135
8485,11136
8486,11137
8487,11140
8488,11141
8489,11142
8490,11143
8491,11146
8492,11147
8493,11148
8494,11149
8495,11152
8496,11153
8497,11154
8498,11155
8499,11158
8500,11159
8501,11160
8502,11161
8503,11164
8504,11165
8505,11166
8506,11167
8507,11170
8508,11171
8509,11172
8510,11173
8511,11176
8512,11177
8513,11178
8514,11179
8515,11182
8516,11183
8517,11184
8518,11185
8519,11188
8520,11189
8521,11190
8522,11191
8523,11194
8524,11195
8525,11196
8526,11197
8527,11200
8528,11201
8529,11202
8530,11203
8531,11206
8532,11207
8533,11208
8534,11209
8535,11212
8536,11213
8537,11214
8538,11215
8539,11216
8540,11217
8541,11220
8542,11221
8543,11222
8544,11223
8545,11226
8546,11227
8547,11228
8548,11229
8549,11232
8550,11233
8551,11234
8552,11235
8553,11238
8554,11239
8555,11240
8556,11241
8557,11244
8558,11245
8559,11246
8560,11247
8561,11250
8562,11251
8563,11252
8564,11253
8565,11256
8566,11257
8567,11258
8568,11259
8569,11262
8570,11263
8571,11264
8572,11265
8573,11268
8574,11269
8575,11270
8576,11271
8577,11274
8578,11275
8579,11276
8580,11277
8581,11280
8582,11281
8583,11282
8584,11283
8585,11286
8586,11287
8587,11288
8588,11289
8589,11292
8590,11293
8591,11294
8592,11295
8593,11298
8594,11299
8595,11300
8596,11301
8597,11304
8598,11305
8599,11306
8600,11307
8601,11310
8602,11311
8603,11312
8604,11313
8605,11316
8606,11317
8607,11318
8608,11319
8609,11322
8610,11323
8611,11324
8612,11325
8613,11328
8614,11329
8615,11330
8616,11331
8617,11334
8618,11335
8619,11336
8620,11337
8621,11340
8622,11341
8623,11342
8624,11343
8625,11346
8626,11347
8627,11348
8628,11349
8629,11352
8630,11353
8631,11354
8632,11355
8633,11358
8634,11359
8635,11360
8636,11361
8637,11364
8638,11365
8639,11366
8640,11367
8641,11370
8642,11371
8643,11372
8644,11373
8645,11376
8646,11377
8647,11378
8648,11379
8649,11382
8650,11383
8651,11384
8652,11385
8653,11388
8654,11389
8655,11390
8656,11391
8657,11394
8658,11395
8659,11396
8660,11397
8661,11400
8662,11401
8663,11402
8664,11403
8665,11406
8666,11407
8667,11408
8668,11409
8669,11412
8670,11413
8671,11414
8672,11415
8673,11418
8674,11419
8675,11420
8676,11421
8677,11424
8678,11425
8679,11426
8680,11427
8681,11430
8682,11431
8683,11432
8684,11433
8685,11436
8686,11437
8687,11438
8688,11439
8689,11442
8690,11443
8691,11444
8692,11445
8693,11448
8694,11449
8695,11450
8696,11451
8697,11454
8698,11455
8699,11456
8700,11457
8701,11460
8702,11461
8703,11462
8704,11463
8705,11466
8706,11467
8707,11468
8708,11469
8709,11472
8710,11473
8711,11474
8712,11475
8713,11478
8714,11479
8715,11480
8716,11481
8717,11484
8718,11485
8719,11486
8720,11487
8721,11490
8722,11491
8723,11492
8724,11493
8725,11496
8726,11497
8727,11498
8728,11499
8729,11502
8730,11503
8731,11504
8732,11505
8733,11508
8734,11509
8735,11510
8736,11511
8737,11514
8738,11515
8739,11516
8740,11517
8741,11520
8742,11521
8743,11522
8744,11523
8745,11526
8746,11527
8747,11528
8748,11529
8749,11532
8750,11533
8751,11534
8752,11535
8753,11538
8754,11539
8755,11540
8756,11541
8757,11544
8758,11545
8759,11546
8760,11547
8761,11550
8762,11551
8763,11552
8764,11553
8765,11556
8766,11557
8767,11558
8768,11559
8769,11562
8770,11563
8771,11564
8772,11565
8773,11568
8774,11569
8775,11570
8776,11571
8777,11574
8778,11575
8779,11576
8780,11577
8781,11580
8782,11581
8783,11582
8784,11583
8785,11584
8786,11585
8787,11586
8788,11587
8789,11588
8790,11589
8791,11590
8792,11591
8793,11592
8794,11593
8795,11594
8796,11595
8797,11596
8798,11597
8799,11598
8800,11599
8801,11600
8802,11601
8803,11602
8804,11603
8805,11604
8806,11605
8807,11606
8808,11607
8809,11608
8810,11609
8811,11610
8812,11611
8813,11612
8814,11613
8815,11614
8816,11615
8817,11616
8818,11617
8819,11618
8820,11619
8821,11620
8822,11621
8823,11622
8824,11623
8825,11624
8826,11625
8827,11626
8828,11627
8829,11628
8830,11629
8831,11630
8832,11631
8833,11632
8834,11633
8835,11634
8836,11635
8837,11636
8838,11637
8839,11638
8840,11639
8841,11640
8842,11641
8843,11642
8844,11643
8845,11644
8846,11645
8847,11646
8848,11647
8849,11648
8850,11649
8851,11650
8852,11651
8853,11652
8854,11653
8855,11654
8856,11655
8857,11656
8858,11657
8859,11658
8860,11659
8861,11660
8862,11661
8863,11662
8864,11663
8865,11664
8866,11665
8867,11666
8868,11667
8869,11668
8870,11669
8871,11670
8872,11671
8873,11672
8874,11673
8875,11674
8876,11675
8877,11676
8878,11677
8879,11678
8880,11679
8881,11680
8882,11681
8883,11682
8884,11683
8885,11684
8886,11685
8887,11686
8888,11687
8889,11688
8890,11689
8891,11690
8892,11691
8893,11692
8894,11693
8895,11694
8896,11695
8897,11696
8898,11697
8899,11698
8900,11699
8901,11700
8902,11701
8903,11702
8904,11703
8905,11704
8906,11705
8907,11706
8908,11707
8909,11708
8910,11709
8911,11710
8912,11711
8913,11712
8914,11713
8915,11714
8916,11715
8917,11716
8918,11717
8919,11718
8920,11719
8921,11720
8922,11721
8923,11722
8924,11723
8925,11724
8926,11725
8927,11726
8928,11727
8929,11728
8930,11729
8931,11730
8932,11731
8933,11732
8934,11733
8935,11734
8936,11735
8937,11736
8938,11737
8939,11738
8940,11739
8941,11740
8942,11741
8943,11742
8944,11743
8945,11744
8946,11745
8947,11746
8948,11747
8949,11748
8950,11749
8951,11750
8952,11751
8953,11752
8954,11753
8955,11754
8956,11755
8957,11756
8958,11757
8959,11758
8960,11759
8961,11760
8962,11761
8963,11762
8964,11763
8965,11764
8966,11765
8967,11766
8968,11767
8969,11768
8970,11769
8971,11770
8972,11771
8973,11772
8974,11773
8975,11774
8976,11775
8977,11776
8978,11777
8979,11778
8980,11779
8981,11780
8982,11781
8983,11782
8984,11783
8985,11784
8986,11785
8987,11786
8988,11787
8989,11788
8990,11789
8991,11790
8992,11791
8993,11792
8994,11793
8995,11794
8996,11795
8997,11796
8998,11797
8999,11798
9000,11799
9001,11800
9002,11801
9003,11802
9004,11803
9005,11804
9006,11805
9007,11806
9008,11807
9009,11808
9010,11809
9011,11810
9012,11811
9013,11812
9014,11813
9015,11814
9016,11815
9017,11816
9018,11817
9019,11818
9020,11819
9021,11820
9022,11821
9023,11822
9024,11823
9025,11824
9026,11825
9027,11826
9028,11827
9029,11828
9030,11829
9031,11830
9032,11831
9033,11832
9034,11833
9035,11834
9036,11835
9037,11836
9038,11837
9039,11838
9040,11839
9041,11840
9042,11841
9043,11842
9044,11843
9045,11844
9046,11845
9047,11846
9048,11847
9049,11848
9050,11849
9051,11850
9052,11851
9053,11852
9054,11853
9055,11854
9056,11855
9057,11856
9058,11857
9059,11858
9060,11859
9061,11862
9062,11863
9063,11864
9064,11865
9065,11868
9066,11869
9067,11870
9068,11871
9069,11874
9070,11875
9071,11876
9072,11877
9073,11880
9074,11881
9075,11882
9076,11883
9077,11886
9078,11887
9079,11888
9080,11889
9081,11892
9082,11893
9083,11894
9084,11895
9085,11898
9086,11899
9087,11900
9088,11901
9089,11904
9090,11905
9091,11906
9092,11907
9093,11910
9094,11911
9095,11912
9096,11913
9097,11916
9098,11917
9099,11918
9100,11919
9101,11922
9102,11923
9103,11924
9104,11925
9105,11928
9106,11929
9107,11930
9108,11931
9109,11934
9110,11935
9111,11936
9112,11937
9113,11940
9114,11941
9115,11942
9116,11943
9117,11946
9118,11947
9119,11948
9120,11949
9121,11952
9122,11953
9123,11954
9124,11955
9125,11958
9126,11959
9127,11960
9128,11961
9129,11964
9130,11965
9131,11966
9132,11967
9133,11970
9134,11971
9135,11972
9136,11973
9137,11976
9138,11977
9139,11978
9140,11979
9141,11982
9142,11983
9143,11984
9144,11985
9145,11988
9146,11989
9147,11990
9148,11991
9149,11994
9150,11995
9151,11996
9152,11997
9153,12000
9154,12001
9155,12002
9156,12003
9157,12006
9158,12007
9159,12008
9160,12009
9161,12012
9162,12013
9163,12014
9164,12015
9165,12018
9166,12019
9167,12020
9168,12021
9169,12024
9170,12025
9171,12026
9172,12027
9173,12030
9174,12031
9175,12032
9176,12033
9177,12036
9178,12037
9179,12038
9180,12039
9181,12042
9182,12043
9183,12044
9184,12045
9185,12048
9186,12049
9187,12050
9188,12051
9189,12054
9190,12055
9191,12056
9192,12057
9193,12060
9194,12061
9195,12062
9196,12063
9197,12066
9198,12067
9199,12068
9200,12069
9201,12072
9202,12073
9203,12074
9204,12075
9205,12078
9206,12079
9207,12080
9208,12081
9209,12084
9210,12085
9211,12086
9212,12087
9213,12090
9214,12091
9215,12092
9216,12093
9217,12096
9218,12097
9219,12098
9220,12099
9221,12102
9222,12103
9223,12104
9224,12105
9225,12108
9226,12109
9227,12110
9228,12111
9229,12114
9230,12115
9231,12116
9232,12117
9233,12120
9234,12121
9235,12122
9236,12123
9237,12126
9238,12127
9239,12128
9240,12129
9241,12132
9242,12133
9243,12134
9244,12135
9245,12138
9246,12139
9247,12140
9248,12141
9249,12144
9250,12145
9251,12146
9252,12147
9253,12150
9254,12151
9255,12152
9256,12153
9257,12156
9258,12157
9259,12158
9260,12159
9261,12162
9262,12163
9263,12164
9264,12165
9265,12168
9266,12169
9267,12170
9268,12171
9269,12174
9270,12175
9271,12176
9272,12177
9273,12180
9274,12181
9275,12182
9276,12183
9277,12186
9278,12187
9279,12188
9280,12189
9281,12192
9282,12193
9283,12194
9284,12195
9285,12198
9286,12199
9287,12200
9288,12201
9289,12204
9290,12205
9291,12206
9292,12207
9293,12210
9294,12211
9295,12212
9296,12213
9297,12216
9298,12217
9299,12218
9300,12219
9301,12220
9302,12221
9303,12224
9304,12225
9305,12226
9306,12227
9307,12230
9308,12231
9309,12232
9310,12233
9311,12236
9312,12237
9313,12238
9314,12239
9315,12242
9316,12243
9317,12244
9318,12245
9319,12248
9320,12249
9321,12250
9322,12251
9323,12254
9324,12255
9325,12256
9326,12257
9327,12260
9328,12261
9329,12262
9330,12263
9331,12266
9332,12267
9333,12268
9334,12269
9335,12272
9336,12273
9337,12274
9338,12275
9339,12278
9340,12279
9341,12280
9342,12281
9343,12284
9344,12285
9345,12286
9346,12287
9347,12290
9348,12291
9349,12292
9350,12293
9351,12296
9352,12297
9353,12298
9354,12299
9355,12302
9356,12303
9357,12304
9358,12305
9359,12308
9360,12309
9361,12310
9362,12311
9363,12314
9364,12315
9365,12316
9366,12317
9367,12320
9368,12321
9369,12322
9370,12323
9371,12326
9372,12327
9373,12328
9374,12329
9375,12332
9376,12333
9377,12334
9378,12335
9379,12338
9380,12339
9381,12340
9382,12341
9383,12344
9384,12345
9385,12346
9386,12347
9387,12350
9388,12351
9389,12352
9390,12353
9391,12356
9392,12357
9393,12358
9394,12359
9395,12362
9396,12363
9397,12364
9398,12365
9399,12368
9400,12369
9401,12370
9402,12371
9403,12374
9404,12375
9405,12376
9406,12377
9407,12380
9408,12381
9409,12382
9410,12383
9411,12386
9412,12387
9413,12388
9414,12389
9415,12392
9416,12393
9417,12394
9418,12395
9419,12398
9420,12399
9421,12400
9422,12401
9423,12404
9424,12405
9425,12406
9426,12407
9427,12410
9428,12411
9429,12412
9430,12413
9431,12416
9432,12417
9433,12418
9434,12419
9435,12422
9436,12423
9437,12424
9438,12425
9439,12428
9440,12429
9441,12430
9442,12431
9443,12434
9444,12435
9445,12436
9446,12437
9447,12440
9448,12441
9449,12442
9450,12443
9451,12446
9452,12447
9453,12448
9454,12449
9455,12452
9456,12453
9457,12454
9458,12455
9459,12458
9460,12459
9461,12460
9462,12461
9463,12464
9464,12465
9465,12466
9466,12467
9467,12470
9468,12471
9469,12472
9470,12473
9471,12476
9472,12477
9473,12478
9474,12479
9475,12482
9476,12483
9477,12484
9478,12485
9479,12488
9480,12489
9481,12490
9482,12491
9483,12494
9484,12495
9485,12496
9486,12497
9487,12500
9488,12501
9489,12502
9490,12503
9491,12506
9492,12507
9493,12508
9494,12509
9495,12512
9496,12513
9497,12514
9498,12515
9499,12518
9500,12519
9501,12520
9502,12521
9503,12524
9504,12525
9505,12526
9506,12527
9507,12530
9508,12531
9509,12532
9510,12533
9511,12536
9512,12537
9513,12538
9514,12539
9515,12542
9516,12543
9517,12544
9518,12545
9519,12548
9520,12549
9521,12550
9522,12551
9523,12554
9524,12555
9525,12556
9526,12557
9527,12560
9528,12561
9529,12562
9530,12563
9531,12566
9532,12567
9533,12568
9534,12569
9535,12572
9536,12573
9537,12574
9538,12575
9539,12578
9540,12579
9541,12580
9542,12581
9543,12584
9544,12585
9545,12586
9546,12587
9547,12588
9548,12589
9549,12590
9550,12591
9551,12592
9552,12593
9553,12594
9554,12595
9555,12596
9556,12597
9557,12598
9558,12599
9559,12600
9560,12601
9561,12602
9562,12603
9563,12604
9564,12605
9565,12606
9566,12607
9567,12608
9568,12609
9569,12610
9570,12611
9571,12612
9572,12613
9573,12614
9574,12615
9575,12616
9576,12617
9577,12618
9578,12619
9579,12620
9580,12621
9581,12622
9582,12623
9583,12624
9584,12625
9585,12626
9586,12627
9587,12628
9588,12629
9589,12630
9590,12631
9591,12632
9592,12633
9593,12634
9594,12635
9595,12636
9596,12637
9597,12638
9598,12639
9599,12640
9600,12641
9601,12642
9602,12643
9603,12644
9604,12645
9605,12646
9606,12647
9607,12648
9608,12649
9609,12650
9610,12651
9611,12652
9612,12653
9613,12654
9614,12655
9615,12656
9616,12657
9617,12658
9618,12659
9619,12660
9620,12661
9621,12662
9622,12663
9623,12664
9624,12665
9625,12666
9626,12667
9627,12668
9628,12669
9629,12670
9630,12671
9631,12672
9632,12673
9633,12674
9634,12675
9635,12676
9636,12677
9637,12678
9638,12679
9639,12680
9640,12681
9641,12682
9642,12683
9643,12684
9644,12685
9645,12686
9646,12687
9647,12688
9648,12689
9649,12690
9650,12691
9651,12692
9652,12693
9653,12694
9654,12695
9655,12696
9656,12697
9657,12698
9658,12699
9659,12700
9660,12701
9661,12702
9662,12703
9663,12704
9664,12705
9665,12706
9666,12707
9667,12708
9668,12709
9669,12710
9670,12711
9671,12712
9672,12713
9673,12714
9674,12715
9675,12716
9676,12717
9677,12718
9678,12719
9679,12720
9680,12721
9681,12722
9682,12723
9683,12724
9684,12725
9685,12726
9686,12727
9687,12728
9688,12729
9689,12730
9690,12731
9691,12732
9692,12733
9693,12734
9694,12735
9695,12736
9696,12737
9697,12738
9698,12739
9699,12740
9700,12741
9701,12742
9702,12743
9703,12744
9704,12745
9705,12746
9706,12747
9707,12748
9708,12749
9709,12750
9710,12751
9711,12752
9712,12753
9713,12754
9714,12755
9715,12756
9716,12757
9717,12758
9718,12759
9719,12760
9720,12761
9721,12762
9722,12763
9723,12764
9724,12765
9725,12766
9726,12767
9727,12768
9728,12769
9729,12770
9730,12771
9731,12772
9732,12773
9733,12774
9734,12775
9735,12776
9736,12777
9737,12778
9738,12779
9739,12780
9740,12781
9741,12782
9742,12783
9743,12784
9744,12785
9745,12786
9746,12787
9747,12788
9748,12789
9749,12790
9750,12791
9751,12792
9752,12793
9753,12794
9754,12795
9755,12796
9756,12797
9757,12798
9758,12799
9759,12800
9760,12801
9761,12802
9762,12803
9763,12804
9764,12805
9765,12806
9766,12807
9767,12808
9768,12809
9769,12810
9770,12811
9771,12812
9772,12813
9773,12814
9774,12815
9775,12816
9776,12817
9777,12818
9778,12819
9779,12820
9780,12821
9781,12822
9782,12823
9783,12824
9784,12825
9785,12826
9786,12827
9787,12828
9788,12829
9789,12830
9790,12831
9791,12832
9792,12833
9793,12834
9794,12835
9795,12836
9796,12837
9797,12838
9798,12839
9799,12840
9800,12841
9801,12842
9802,12843
9803,12844
9804,12845
9805,12846
9806,12847
9807,12848
9808,12849
9809,12850
9810,12851
9811,12852
9812,12853
9813,12854
9814,12855
9815,12856
9816,12857
9817,12858
9818,12859
9819,12860
9820,12861
9821,12862
9822,12863
9823,12866
9824,12867
9825,12868
9826,12869
9827,12872
9828,12873
9829,12874
9830,12875
9831,12878
9832,12879
9833,12880
9834,12881
9835,12884
9836,12885
9837,12886
9838,12887
9839,12890
9840,12891
9841,12892
9842,12893
9843,12896
9844,12897
9845,12898
9846,12899
9847,12902
9848,12903
9849,12904
9850,12905
9851,12908
9852,12909
9853,12910
9854,12911
9855,12914
9856,12915
9857,12916
9858,12917
9859,12920
9860,12921
9861,12922
9862,12923
9863,12926
9864,12927
9865,12928
9866,12929
9867,12932
9868,12933
9869,12934
9870,12935
9871,12938
9872,12939
9873,12940
9874,12941
9875,12944
9876,12945
9877,12946
9878,12947
9879,12950
9880,12951
9881,12952
9882,12953
9883,12956
9884,12957
9885,12958
9886,12959
9887,12962
9888,12963
9889,12964
9890,12965
9891,12968
9892,12969
9893,12970
9894,12971
9895,12974
9896,12975
9897,12976
9898,12977
9899,12980
9900,12981
9901,12982
9902,12983
9903,12986
9904,12987
9905,12988
9906,12989
9907,12992
9908,12993
9909,12994
9910,12995
9911,12998
9912,12999
9913,13000
9914,13001
9915,13004
9916,13005
9917,13006
9918,13007
9919,13010
9920,13011
9921,13012
9922,13013
9923,13016
9924,13017
9925,13018
9926,13019
9927,13022
9928,13023
9929,13024
9930,13025
9931,13028
9932,13029
9933,13030
9934,13031
9935,13034
9936,13035
9937,13036
9938,13037
9939,13040
9940,13041
9941,13042
9942,13043
9943,13046
9944,13047
9945,13048
9946,13049
9947,13052
9948,13053
9949,13054
9950,13055
9951,13058
9952,13059
9953,13060
9954,13061
9955,13064
9956,13065
9957,13066
9958,13067
9959,13070
9960,13071
9961,13072
9962,13073
9963,13076
9964,13077
9965,13078
9966,13079
9967,13082
9968,13083
9969,13084
9970,13085
9971,13088
9972,13089
9973,13090
9974,13091
9975,13094
9976,13095
9977,13096
9978,13097
9979,13100
9980,13101
9981,13102
9982,13103
9983,13106
9984,13107
9985,13108
9986,13109
9987,13112
9988,13113
9989,13114
9990,13115
9991,13118
9992,13119
9993,13120
9994,13121
9995,13124
9996,13125
9997,13126
9998,13127
9999,13130
10000,13131
10001,13132
10002,13133
10003,13136
10004,13137
10005,13138
10006,13139
10007,13142
10008,13143
10009,13144
10010,13145
10011,13148
10012,13149
10013,13150
10014,13151
10015,13154
10016,13155
10017,13156
10018,13157
10019,13160
10020,13161
10021,13162
10022,13163
10023,13166
10024,13167
10025,13168
10026,13169
10027,13172
10028,13173
10029,13174
10030,13175
10031,13178
10032,13179
10033,13180
10034,13181
10035,13184
10036,13185
10037,13186
10038,13187
10039,13190
10040,13191
10041,13192
10042,13193
10043,13196
10044,13197
10045,13198
10046,13199
10047,13202
10048,13203
10049,13204
10050,13205
10051,13208
10052,13209
10053,13210
10054,13211
10055,13214
10056,13215
10057,13216
10058,13217
10059,13220
10060,13221
10061,13222
10062,13223
10063,13224
10064,13225
10065,13228
10066,13229
10067,13230
10068,13231
10069,13234
10070,13235
10071,13236
10072,13237
10073,13240
10074,13241
10075,13242
10076,13243
10077,13246
10078,13247
10079,13248
10080,13249
10081,13252
10082,13253
10083,13254
10084,13255
10085,13258
10086,13259
10087,13260
10088,13261
10089,13264
10090,13265
10091,13266
10092,13267
10093,13270
10094,13271
10095,13272
10096,13273
10097,13276
10098,13277
10099,13278
10100,13279
10101,13282
10102,13283
10103,13284
10104,13285
10105,13288
10106,13289
10107,13290
10108,13291
10109,13294
10110,13295
10111,13296
10112,13297
10113,13300
10114,13301
10115,13302
10116,13303
10117,13306
10118,13307
10119,13308
10120,13309
10121,13312
10122,13313
10123,13314
10124,13315
10125,13318
10126,13319
10127,13320
10128,13321
10129,13324
10130,13325
10131,13326
10132,13327
10133,13330
10134,13331
10135,13332
10136,13333
10137,13336
10138,13337
10139,13338
10140,13339
10141,13342
10142,13343
10143,13344
10144,13345
10145,13348
10146,13349
10147,13350
10148,13351
10149,13354
10150,13355
10151,13356
10152,13357
10153,13360
10154,13361
10155,13362
10156,13363
10157,13366
10158,13367
10159,13368
10160,13369
10161,13372
10162,13373
10163,13374
10164,13375
10165,13378
10166,13379
10167,13380
10168,13381
10169,13384
10170,13385
10171,13386
10172,13387
10173,13390
10174,13391
10175,13392
10176,13393
10177,13396
10178,13397
10179,13398
10180,13399
10181,13402
10182,13403
10183,13404
10184,13405
10185,13408
10186,13409
10187,13410
10188,13411
10189,13414
10190,13415
10191,13416
10192,13417
10193,13420
10194,13421
10195,13422
10196,13423
10197,13426
10198,13427
10199,13428
10200,13429
10201,13432
10202,13433
10203,13434
10204,13435
10205,13438
10206,13439
10207,13440
10208,13441
10209,13444
10210,13445
10211,13446
10212,13447
10213,13450
10214,13451
10215,13452
10216,13453
10217,13456
10218,13457
10219,13458
10220,13459
10221,13462
10222,13463
10223,13464
10224,13465
10225,13468
10226,13469
10227,13470
10228,13471
10229,13474
10230,13475
10231,13476
10232,13477
10233,13480
10234,13481
10235,13482
10236,13483
10237,13486
10238,13487
10239,13488
10240,13489
10241,13492
10242,13493
10243,13494
10244,13495
10245,13498
10246,13499
10247,13500
10248,13501
10249,13504
10250,13505
10251,13506
10252,13507
10253,13510
10254,13511
10255,13512
10256,13513
10257,13516
10258,13517
10259,13518
10260,13519
10261,13522
10262,13523
10263,13524
10264,13525
10265,13528
10266,13529
10267,13530
10268,13531
10269,13534
10270,13535
10271,13536
10272,13537
10273,13540
10274,13541
10275,13542
10276,13543
10277,13546
10278,13547
10279,13548
10280,13549
10281,13552
10282,13553
10283,13554
10284,13555
10285,13558
10286,13559
10287,13560
10288,13561
10289,13564
10290,13565
10291,13566
10292,13567
10293,13570
10294,13571
10295,13572
10296,13573
10297,13576
10298,13577
10299,13578
10300,13579
10301,13582
10302,13583
10303,13584
10304,13585
10305,13587
10306,13588
10307,13589
10308,13590
10309,13591
10310,13593
10311,13594
10312,13595
10313,13596
10314,13597
10315,13598
10316,13599
10317,13600
10318,13601
10319,13602
10320,13603
10321,13604
10322,13605
10323,13606
10324,13607
10325,13608
10326,13609
10327,13610
10328,13611
10329,13612
10330,13613
10331,13614
10332,13615
10333,13616
10334,13617
10335,13618
10336,13619
10337,13620
10338,13621
10339,13622
10340,13623
10341,13624
10342,13625
10343,13626
10344,13627
10345,13628
10346,13629
10347,13630
10348,13631
10349,13632
10350,13633
10351,13634
10352,13635
10353,13636
10354,13637
10355,13638
10356,13639
10357,13640
10358,13641
10359,13642
10360,13643
10361,13644
10362,13645
10363,13646
10364,13647
10365,13648
10366,13649
10367,13650
10368,13651
10369,13652
10370,13653
10371,13654
10372,13655
10373,13656
10374,13657
10375,13658
10376,13659
10377,13660
10378,13661
10379,13662
10380,13663
10381,13664
10382,13665
10383,13666
10384,13667
10385,13668
10386,13669
10387,13670
10388,13671
10389,13672
10390,13673
10391,13674
10392,13675
10393,13676
10394,13677
10395,13678
10396,13679
10397,13680
10398,13681
10399,13682
10400,13683
10401,13684
10402,13685
10403,13686
10404,13687
10405,13688
10406,13689
10407,13690
10408,13691
10409,13692
10410,13693
10411,13694
10412,13695
10413,13696
10414,13697
10415,13698
10416,13699
10417,13700
10418,13701
10419,13702
10420,13703
10421,13704
10422,13705
10423,13706
10424,13707
10425,13708
10426,13709
10427,13710
10428,13711
10429,13712
10430,13713
10431,13714
10432,13715
10433,13716
10434,13717
10435,13718
10436,13719
10437,13720
10438,13721
10439,13722
10440,13723
10441,13724
10442,13725
10443,13726
10444,13727
10445,13728
10446,13729
10447,13730
10448,13731
10449,13732
10450,13733
10451,13734
10452,13735
10453,13736
10454,13737
10455,13738
10456,13739
10457,13740
10458,13741
10459,13742
10460,13743
10461,13744
10462,13745
10463,13746
10464,13747
10465,13748
10466,13749
10467,13750
10468,13751
10469,13752
10470,13753
10471,13754
10472,13755
10473,13756
10474,13757
10475,13758
10476,13759
10477,13760
10478,13761
10479,13762
10480,13763
10481,13764
10482,13765
10483,13766
10484,13767
10485,13768
10486,13769
10487,13770
10488,13771
10489,13772
10490,13773
10491,13774
10492,13775
10493,13776
10494,13777
10495,13778
10496,13779
10497,13780
10498,13781
10499,13782
10500,13783
10501,13784
10502,13785
10503,13786
10504,13787
10505,13788
10506,13789
10507,13790
10508,13791
10509,13792
10510,13793
10511,13794
10512,13795
10513,13796
10514,13797
10515,13798
10516,13799
10517,13800
10518,13801
10519,13802
10520,13803
10521,13804
10522,13805
10523,13806
10524,13807
10525,13808
10526,13809
10527,13810
10528,13811
10529,13812
10530,13813
10531,13814
10532,13815
10533,13816
10534,13817
10535,13818
10536,13819
10537,13820
10538,13821
10539,13822
10540,13823
10541,13824
10542,13825
10543,13826
10544,13827
10545,13828
10546,13829
10547,13830
10548,13831
10549,13832
10550,13833
10551,13834
10552,13835
10553,13836
10554,13837
10555,13838
10556,13839
10557,13840
10558,13841
10559,13842
10560,13843
10561,13844
10562,13845
10563,13846
10564,13847
10565,13848
10566,13849
10567,13850
10568,13851
10569,13852
10570,13853
10571,13854
10572,13855
10573,13856
10574,13857
10575,13858
10576,13859
10577,13860
10578,13861
10579,13862
10580,13863
10581,13864
10582,13865
10583,13866
10584,13867
10585,13870
10586,13871
10587,13872
10588,13873
10589,13876
10590,13877
10591,13878
10592,13879
10593,13882
10594,13883
10595,13884
10596,13885
10597,13888
10598,13889
10599,13890
10600,13891
10601,13894
10602,13895
10603,13896
10604,13897
10605,13900
10606,13901
10607,13902
10608,13903
10609,13906
10610,13907
10611,13908
10612,13909
10613,13912
10614,13913
10615,13914
10616,13915
10617,13918
10618,13919
10619,13920
10620,13921
10621,13924
10622,13925
10623,13926
10624,13927
10625,13930
10626,13931
10627,13932
10628,13933
10629,13936
10630,13937
10631,13938
10632,13939
10633,13942
10634,13943
10635,13944
10636,13945
10637,13948
10638,13949
10639,13950
10640,13951
10641,13954
10642,13955
10643,13956
10644,13957
10645,13960
10646,13961
10647,13962
10648,13963
10649,13966
10650,13967
10651,13968
10652,13969
10653,13972
10654,13973
10655,13974
10656,13975
10657,13978
10658,13979
10659,13980
10660,13981
10661,13984
10662,13985
10663,13986
10664,13987
10665,13990
10666,13991
10667,13992
10668,13993
10669,13996
10670,13997
10671,13998
10672,13999
10673,14002
10674,14003
10675,14004
10676,14005
10677,14008
10678,14009
10679,14010
10680,14011
10681,14014
10682,14015
10683,14016
10684,14017
10685,14020
10686,14021
10687,14022
10688,14023
10689,14026
10690,14027
10691,14028
10692,14029
10693,14032
10694,14033
10695,14034
10696,14035
10697,14038
10698,14039
10699,14040
10700,14041
10701,14044
10702,14045
10703,14046
10704,14047
10705,14050
10706,14051
10707,14052
10708,14053
10709,14056
10710,14057
10711,14058
10712,14059
10713,14062
10714,14063
10715,14064
10716,14065
10717,14068
10718,14069
10719,14070
10720,14071
10721,14074
10722,14075
10723,14076
10724,14077
10725,14080
10726,14081
10727,14082
10728,14083
10729,14086
10730,14087
10731,14088
10732,14089
10733,14092
10734,14093
10735,14094
10736,14095
10737,14098
10738,14099
10739,14100
10740,14101
10741,14104
10742,14105
10743,14106
10744,14107
10745,14110
10746,14111
10747,14112
10748,14113
10749,14116
10750,14117
10751,14118
10752,14119
10753,14122
10754,14123
10755,14124
10756,14125
10757,14128
10758,14129
10759,14130
10760,14131
10761,14134
10762,14135
10763,14136
10764,14137
10765,14140
10766,14141
10767,14142
10768,14143
10769,14146
10770,14147
10771,14148
10772,14149
10773,14152
10774,14153
10775,14154
10776,14155
10777,14158
10778,14159
10779,14160
10780,14161
10781,14164
10782,14165
10783,14166
10784,14167
10785,14170
10786,14171
10787,14172
10788,14173
10789,14176
10790,14177
10791,14178
10792,14179
10793,14182
10794,14183
10795,14184
10796,14185
10797,14188
10798,14189
10799,14190
10800,14191
10801,14194
10802,14195
10803,14196
10804,14197
10805,14200
10806,14201
10807,14202
10808,14203
10809,14206
10810,14207
10811,14208
10812,14209
10813,14212
10814,14213
10815,14214
10816,14215
10817,14218
10818,14219
10819,14220
10820,14221
10821,14224
10822,14225
10823,14226
10824,14227
10825,14228
10826,14229
10827,14232
10828,14233
10829,14234
10830,14235
10831,14238
10832,14239
10833,14240
10834,14241
10835,14244
10836,14245
10837,14246
10838,14247
10839,14250
10840,14251
10841,14252
10842,14253
10843,14256
10844,14257
10845,14258
10846,14259
10847,14262
10848,14263
10849,14264
10850,14265
10851,14268
10852,14269
10853,14270
10854,14271
10855,14274
10856,14275
10857,14276
10858,14277
10859,14280
10860,14281
10861,14282
10862,14283
10863,14286
10864,14287
10865,14288
10866,14289
10867,14292
10868,14293
10869,14294
10870,14295
10871,14298
10872,14299
10873,14300
10874,14301
10875,14304
10876,14305
10877,14306
10878,14307
10879,14310
10880,14311
10881,14312
10882,14313
10883,14316
10884,14317
10885,14318
10886,14319
10887,14322
10888,14323
10889,14324
10890,14325
10891,14328
10892,14329
10893,14330
10894,14331
10895,14334
10896,14335
10897,14336
10898,14337
10899,14340
10900,14341
10901,14342
10902,14343
10903,14346
10904,14347
10905,14348
10906,14349
10907,14352
10908,14353
10909,14354
10910,14355
10911,14358
10912,14359
10913,14360
10914,14361
10915,14364
10916,14365
10917,14366
10918,14367
10919,14370
10920,14371
10921,14372
10922,14373
10923,14376
10924,14377
10925,14378
10926,14379
10927,14382
10928,14383
10929,14384
10930,14385
10931,14388
10932,14389
10933,14390
10934,14391
10935,14394
10936,14395
10937,14396
10938,14397
10939,14400
10940,14401
10941,14402
10942,14403
10943,14406
10944,14407
10945,14408
10946,14409
10947,14412
10948,14413
10949,14414
10950,14415
10951,14418
10952,14419
10953,14420
10954,14421
10955,14424
10956,14425
10957,14426
10958,14427
10959,14430
10960,14431
10961,14432
10962,14433
10963,14436
10964,14437
10965,14438
10966,14439
10967,14442
10968,14443
10969,14444
10970,14445
10971,14448
10972,14449
10973,14450
10974,14451
10975,14454
10976,14455
10977,14456
10978,14457
10979,14460
10980,14461
10981,14462
10982,14463
10983,14466
10984,14467
10985,14468
10986,14469
10987,14472
10988,14473
10989,14474
10990,14475
10991,14478
10992,14479
10993,14480
10994,14481
10995,14484
10996,14485
10997,14486
10998,14487
10999,14490
11000,14491
11001,14492
11002,14493
11003,14496
11004,14497
11005,14498
11006,14499
11007,14502
11008,14503
11009,14504
11010,14505
11011,14508
11012,14509
11013,14510
11014,14511
11015,14514
11016,14515
11017,14516
11018,14517
11019,14520
11020,14521
11021,14522
11022,14523
11023,14526
11024,14527
11025,14528
11026,14529
11027,14532
11028,14533
11029,14534
11030,14535
11031,14538
11032,14539
11033,14540
11034,14541
11035,14544
11036,14545
11037,14546
11038,14547
11039,14550
11040,14551
11041,14552
11042,14553
11043,14556
11044,14557
11045,14558
11046,14559
11047,14562
11048,14563
11049,14564
11050,14565
11051,14568
11052,14569
11053,14570
11054,14571
11055,14574
11056,14575
11057,14576
11058,14577
11059,14580
11060,14581
11061,14582
11062,14583
11063,14586
11064,14587
11065,14588
11066,14589
11067,14591
11068,14592
11069,14593
11070,14594
11071,14595
11072,14597
11073,14598
11074,14599
11075,14600
11076,14601
11077,14602
11078,14603
11079,14604
11080,14605
11081,14606
11082,14607
11083,14608
11084,14609
11085,14610
11086,14611
11087,14612
11088,14613
11089,14614
11090,14615
11091,14616
11092,14617
11093,14618
11094,14619
11095,14620
11096,14621
11097,14622
11098,14623
11099,14624
11100,14625
11101,14626
11102,14627
11103,14628
11104,14629
11105,14630
11106,14631
11107,14632
11108,14633
11109,14634
11110,14635
11111,14636
11112,14637
11113,14638
11114,14639
11115,14640
11116,14641
11117,14642
11118,14643
11119,14644
11120,14645
11121,14646
11122,14647
11123,14648
11124,14649
11125,14650
11126,14651
11127,14652
11128,14653
11129,14654
11130,14655
11131,14656
11132,14657
11133,14658
11134,14659
11135,14660
11136,14661
11137,14662
11138,14663
11139,14664
11140,14665
11141,14666
11142,14667
11143,14668
11144,14669
11145,14670
11146,14671
11147,14672
11148,14673
11149,14674
11150,14675
11151,14676
11152,14677
11153,14678
11154,14679
11155,14680
11156,14681
11157,14682
11158,14683
11159,14684
11160,14685
11161,14686
11162,14687
11163,14688
11164,14689
11165,14690
11166,14691
11167,14692
11168,14693
11169,14694
11170,14695
11171,14696
11172,14697
11173,14698
11174,14699
11175,14700
11176,14701
11177,14702
11178,14703
11179,14704
11180,14705
11181,14706
11182,14707
11183,14708
11184,14709
11185,14710
11186,14711
11187,14712
11188,14713
11189,14714
11190,14715
11191,14716
11192,14717
11193,14718
11194,14719
11195,14720
11196,14721
11197,14722
11198,14723
11199,14724
11200,14725
11201,14726
11202,14727
11203,14728
11204,14729
11205,14730
11206,14731
11207,14732
11208,14733
11209,14734
11210,14735
11211,14736
11212,14737
11213,14738
11214,14739
11215,14740
11216,14741
11217,14742
11218,14743
11219,14744
11220,14745
11221,14746
11222,14747
11223,14748
11224,14749
11225,14750
11226,14751
11227,14752
11228,14753
11229,14754
11230,14755
11231,14756
11232,14757
11233,14758
11234,14759
11235,14760
11236,14761
11237,14762
11238,14763
11239,14764
11240,14765
11241,14766
11242,14767
11243,14768
11244,14769
11245,14770
11246,14771
11247,14772
11248,14773
11249,14774
11250,14775
11251,14776
11252,14777
11253,14778
11254,14779
11255,14780
11256,14781
11257,14782
11258,14783
11259,14784
11260,14785
11261,14786
11262,14787
11263,14788
11264,14789
11265,14790
11266,14791
11267,14792
11268,14793
11269,14794
11270,14795
11271,14796
11272,14797
11273,14798
11274,14799
11275,14800
11276,14801
11277,14802
11278,14803
11279,14804
11280,14805
11281,14806
11282,14807
11283,14808
11284,14809
11285,14810
11286,14811
11287,14812
11288,14813
11289,14814
11290,14815
11291,14816
11292,14817
11293,14818
11294,14819
11295,14820
11296,14821
11297,14822
11298,14823
11299,14824
11300,14825
11301,14826
11302,14827
11303,14828
11304,14829
11305,14830
11306,14831
11307,14832
11308,14833
11309,14834
11310,14835
11311,14836
11312,14837
11313,14838
11314,14839
11315,14840
11316,14841
11317,14842
11318,14843
11319,14844
11320,14845
11321,14846
11322,14847
11323,14848
11324,14849
11325,14850
11326,14851
11327,14852
11328,14853
11329,14854
11330,14855
11331,14856
11332,14857
11333,14858
11334,14859
11335,14860
11336,14861
11337,14862
11338,14863
11339,14864
11340,14865
11341,14866
11342,14867
11343,14868
11344,14869
11345,14870
11346,14871
11347,14874
11348,14875
11349,14876
11350,14877
11351,14880
11352,14881
11353,14882
11354,14883
11355,14886
11356,14887
11357,14888
11358,14889
11359,14892
11360,14893
11361,14894
11362,14895
11363,14898
11364,14899
11365,14900
11366,14901
11367,14904
11368,14905
11369,14906
11370,14907
11371,14910
11372,14911
11373,14912
11374,14913
11375,14916
11376,14917
11377,14918
11378,14919
11379,14922
11380,14923
11381,14924
11382,14925
11383,14928
11384,14929
11385,14930
11386,14931
11387,14934
11388,14935
11389,14936
11390,14937
11391,14940
11392,14941
11393,14942
11394,14943
11395,14946
11396,14947
11397,14948
11398,14949
11399,14952
11400,14953
11401,14954
11402,14955
11403,14958
11404,14959
11405,14960
11406,14961
11407,14964
11408,14965
11409,14966
11410,14967
11411,14970
11412,14971
11413,14972
11414,14973
11415,14976
11416,14977
11417,14978
11418,14979
11419,14982
11420,14983
11421,14984
11422,14985
11423,14988
11424,14989
11425,14990
11426,14991
11427,14994
11428,14995
11429,14996
11430,14997
11431,15000
11432,15001
11433,15002
11434,15003
11435,15006
11436,15007
11437,15008
11438,15009
11439,15012
11440,15013
11441,15014
11442,15015
11443,15018
11444,15019
11445,15020
11446,15021
11447,15024
11448,15025
11449,15026
11450,15027
11451,15030
11452,15031
11453,15032
11454,15033
11455,15036
11456,15037
11457,15038
11458,15039
11459,15042
11460,15043
11461,15044
11462,15045
11463,15048
11464,15049
11465,15050
11466,15051
11467,15054
11468,15055
11469,15056
11470,15057
11471,15060
11472,15061
11473,15062
11474,15063
11475,15066
11476,15067
11477,15068
11478,15069
11479,15072
11480,15073
11481,15074
11482,15075
11483,15078
11484,15079
11485,15080
11486,15081
11487,15084
11488,15085
11489,15086
11490,15087
11491,15090
11492,15091
11493,15092
11494,15093
11495,15096
11496,15097
11497,15098
11498,15099
11499,15102
11500,15103
11501,15104
11502,15105
11503,15108
11504,15109
11505,15110
11506,15111
11507,15114
11508,15115
11509,15116
11510,15117
11511,15120
11512,15121
11513,15122
11514,15123
11515,15126
11516,15127
11517,15128
11518,15129
11519,15132
11520,15133
11521,15134
11522,15135
11523,15138
11524,15139
11525,15140
11526,15141
11527,15144
11528,15145
11529,15146
11530,15147
11531,15150
11532,15151
11533,15152
11534,15153
11535,15156
11536,15157
11537,15158
11538,15159
11539,15162
11540,15163
11541,15164
11542,15165
11543,15168
11544,15169
11545,15170
11546,15171
11547,15174
11548,15175
11549,15176
11550,15177
11551,15180
11552,15181
11553,15182
11554,15183
11555,15186
11556,15187
11557,15188
11558,15189
11559,15192
11560,15193
11561,15194
11562,15195
11563,15198
11564,15199
11565,15200
11566,15201
11567,15204
11568,15205
11569,15206
11570,15207
11571,15210
11572,15211
11573,15212
11574,15213
11575,15216
11576,15217
11577,15218
11578,15219
11579,15222
11580,15223
11581,15224
11582,15225
11583,15228
11584,15229
11585,15230
11586,15231
11587,15232
11588,15233
11589,15236
11590,15237
11591,15238
11592,15239
11593,15242
11594,15243
11595,15244
11596,15245
11597,15248
11598,15249
11599,15250
11600,15251
11601,15254
11602,15255
11603,15256
11604,15257
11605,15260
11606,15261
11607,15262
11608,15263
11609,15266
11610,15267
11611,15268
11612,15269
11613,15272
11614,15273
11615,15274
11616,15275
11617,15278
11618,15279
11619,15280
11620,15281
11621,15284
11622,15285
11623,15286
11624,15287
11625,15290
11626,15291
11627,15292
11628,15293
11629,15296
11630,15297
11631,15298
11632,15299
11633,15302
11634,15303
11635,15304
11636,15305
11637,15308
11638,15309
11639,15310
11640,15311
11641,15314
11642,15315
11643,15316
11644,15317
11645,15320
11646,15321
11647,15322
11648,15323
11649,15326
11650,15327
11651,15328
11652,15329
11653,15332
11654,15333
11655,15334
11656,15335
11657,15338
11658,15339
11659,15340
11660,15341
11661,15344
11662,15345
11663,15346
11664,15347
11665,15350
11666,15351
11667,15352
11668,15353
11669,15356
11670,15357
11671,15358
11672,15359
11673,15362
11674,15363
11675,15364
11676,15365
11677,15368
11678,15369
11679,15370
11680,15371
11681,15374
11682,15375
11683,15376
11684,15377
11685,15380
11686,15381
11687,15382
11688,15383
11689,15386
11690,15387
11691,15388
11692,15389
11693,15392
11694,15393
11695,15394
11696,15395
11697,15398
11698,15399
11699,15400
11700,15401
11701,15404
11702,15405
11703,15406
11704,15407
11705,15410
11706,15411
11707,15412
11708,15413
11709,15416
11710,15417
11711,15418
11712,15419
11713,15422
11714,15423
11715,15424
11716,15425
11717,15428
11718,15429
11719,15430
11720,15431
11721,15434
11722,15435
11723,15436
11724,15437
11725,15440
11726,15441
11727,15442
11728,15443
11729,15446
11730,15447
11731,15448
11732,15449
11733,15452
11734,15453
11735,15454
11736,15455
11737,15458
11738,15459
11739,15460
11740,15461
11741,15464
11742,15465
11743,15466
11744,15467
11745,15470
11746,15471
11747,15472
11748,15473
11749,15476
11750,15477
11751,15478
11752,15479
11753,15482
11754,15483
11755,15484
11756,15485
11757,15488
11758,15489
11759,15490
11760,15491
11761,15494
11762,15495
11763,15496
11764,15497
11765,15500
11766,15501
11767,15502
11768,15503
11769,15506
11770,15507
11771,15508
11772,15509
11773,15512
11774,15513
11775,15514
11776,15515
11777,15518
11778,15519
11779,15520
11780,15521
11781,15524
11782,15525
11783,15526
11784,15527
11785,15530
11786,15531
11787,15532
11788,15533
11789,15536
11790,15537
11791,15538
11792,15539
11793,15542
11794,15543
11795,15544
11796,15545
11797,15548
11798,15549
11799,15550
11800,15551
11801,15554
11802,15555
11803,15556
11804,15557
11805,15560
11806,15561
11807,15562
11808,15563
11809,15566
11810,15567
11811,15568
11812,15569
11813,15572
11814,15573
11815,15574
11816,15575
11817,15578
11818,15579
11819,15580
11820,15581
11821,15584
11822,15585
11823,15586
11824,15587
11825,15590
11826,15591
11827,15592
11828,15593
11829,15596
11830,15597
11831,15598
11832,15599
11833,15602
11834,15603
11835,15604
11836,15605
11837,15608
11838,15609
11839,15610
11840,15611
11841,15614
11842,15615
11843,15616
11844,15617
11845,15620
11846,15621
11847,15622
11848,15623
11849,15626
11850,15627
11851,15628
11852,15629
11853,15630
11854,15631
11855,15632
11856,15633
11857,15634
11858,15635
11859,15636
11860,15637
11861,15638
11862,15639
11863,15640
11864,15641
11865,15642
11866,15643
11867,15644
11868,15645
11869,15646
11870,15647
11871,15648
11872,15649
11873,15650
11874,15651
11875,15652
11876,15653
11877,15654
11878,15655
11879,15656
11880,15657
11881,15658
11882,15659
11883,15660
11884,15661
11885,15662
11886,15663
11887,15664
11888,15665
11889,15666
11890,15667
11891,15668
11892,15669
11893,15670
11894,15671
11895,15672
11896,15673
11897,15674
11898,15675
11899,15676
11900,15677
11901,15678
11902,15679
11903,15680
11904,15681
11905,15682
11906,15683
11907,15684
11908,15685
11909,15686
11910,15687
11911,15688
11912,15689
11913,15690
11914,15691
11915,15692
11916,15693
11917,15694
11918,15695
11919,15696
11920,15697
11921,15698
11922,15699
11923,15700
11924,15701
11925,15702
11926,15703
11927,15704
11928,15705
11929,15706
11930,15707
11931,15708
11932,15709
11933,15710
11934,15711
11935,15712
11936,15713
11937,15714
11938,15715
11939,15716
11940,15717
11941,15718
11942,15719
11943,15720
11944,15721
11945,15722
11946,15723
11947,15724
11948,15725
11949,15726
11950,15727
11951,15728
11952,15729
11953,15730
11954,15731
11955,15732
11956,15733
11957,15734
11958,15735
11959,15736
11960,15737
11961,15738
11962,15739
11963,15740
11964,15741
11965,15742
11966,15743
11967,15744
11968,15745
11969,15746
11970,15747
11971,15748
11972,15749
11973,15750
11974,15751
11975,15752
11976,15753
11977,15754
11978,15755
11979,15756
11980,15757
11981,15758
11982,15759
11983,15760
11984,15761
11985,15762
11986,15763
11987,15764
11988,15765
11989,15766
11990,15767
11991,15768
11992,15769
11993,15770
11994,15771
11995,15772
11996,15773
11997,15774
11998,15775
11999,15776
12000,15777
12001,15778
12002,15779
12003,15780
12004,15781
12005,15782
12006,15783
12007,15784
12008,15785
12009,15786
12010,15787
12011,15788
12012,15789
12013,15790
12014,15791
12015,15792
12016,15793
12017,15794
12018,15795
12019,15796
12020,15797
12021,15798
12022,15799
12023,15800
12024,15801
12025,15802
12026,15803
12027,15804
12028,15805
12029,15806
12030,15807
12031,15808
12032,15809
12033,15810
12034,15811
12035,15812
12036,15813
12037,15814
12038,15815
12039,15816
12040,15817
12041,15818
12042,15819
12043,15820
12044,15821
12045,15822
12046,15823
12047,15824
12048,15825
12049,15826
12050,15827
12051,15828
12052,15829
12053,15830
12054,15831
12055,15832
12056,15833
12057,15834
12058,15835
12059,15836
12060,15837
12061,15838
12062,15839
12063,15840
12064,15841
12065,15842
12066,15843
12067,15844
12068,15845
12069,15846
12070,15847
12071,15848
12072,15849
12073,15850
12074,15851
12075,15852
12076,15853
12077,15854
12078,15855
12079,15856
12080,15857
12081,15858
12082,15859
12083,15860
12084,15861
12085,15862
12086,15863
12087,15864
12088,15865
12089,15866
12090,15867
12091,15868
12092,15869
12093,15870
12094,15871
12095,15872
12096,15873
12097,15874
12098,15875
12099,15878
12100,15879
12101,15880
12102,15881
12103,15884
12104,15885
12105,15886
12106,15887
12107,15890
12108,15891
12109,15892
12110,15893
12111,15896
12112,15897
12113,15898
12114,15899
12115,15902
12116,15903
12117,15904
12118,15905
12119,15908
12120,15909
12121,15910
12122,15911
12123,15914
12124,15915
12125,15916
12126,15917
12127,15920
12128,15921
12129,15922
12130,15923
12131,15926
12132,15927
12133,15928
12134,15929
12135,15932
12136,15933
12137,15934
12138,15935
12139,15938
12140,15939
12141,15940
12142,15941
12143,15944
12144,15945
12145,15946
12146,15947
12147,15950
12148,15951
12149,15952
12150,15953
12151,15956
12152,15957
12153,15958
12154,15959
12155,15962
12156,15963
12157,15964
12158,15965
12159,15968
12160,15969
12161,15970
12162,15971
12163,15974
12164,15975
12165,15976
12166,15977
12167,15980
12168,15981
12169,15982
12170,15983
12171,15986
12172,15987
12173,15988
12174,15989
12175,15992
12176,15993
12177,15994
12178,15995
12179,15998
12180,15999
12181,16000
12182,16001
12183,16004
12184,16005
12185,16006
12186,16007
12187,16010
12188,16011
12189,16012
12190,16013
12191,16016
12192,16017
12193,16018
12194,16019
12195,16022
12196,16023
12197,16024
12198,16025
12199,16028
12200,16029
12201,16030
12202,16031
12203,16034
12204,16035
12205,16036
12206,16037
12207,16040
12208,16041
12209,16042
12210,16043
12211,16046
12212,16047
12213,16048
12214,16049
12215,16052
12216,16053
12217,16054
12218,16055
12219,16058
12220,16059
12221,16060
12222,16061
12223,16064
12224,16065
12225,16066
12226,16067
12227,16070
12228,16071
12229,16072
12230,16073
12231,16076
12232,16077
12233,16078
12234,16079
12235,16082
12236,16083
12237,16084
12238,16085
12239,16088
12240,16089
12241,16090
12242,16091
12243,16094
12244,16095
12245,16096
12246,16097
12247,16100
12248,16101
12249,16102
12250,16103
12251,16106
12252,16107
12253,16108
12254,16109
12255,16112
12256,16113
12257,16114
12258,16115
12259,16118
12260,16119
12261,16120
12262,16121
12263,16124
12264,16125
12265,16126
12266,16127
12267,16130
12268,16131
12269,16132
12270,16133
12271,16136
12272,16137
12273,16138
12274,16139
12275,16142
12276,16143
12277,16144
12278,16145
12279,16148
12280,16149
12281,16150
12282,16151
12283,16154
12284,16155
12285,16156
12286,16157
12287,16160
12288,16161
12289,16162
12290,16163
12291,16166
12292,16167
12293,16168
12294,16169
12295,16172
12296,16173
12297,16174
12298,16175
12299,16178
12300,16179
12301,16180
12302,16181
12303,16184
12304,16185
12305,16186
12306,16187
12307,16190
12308,16191
12309,16192
12310,16193
12311,16196
12312,16197
12313,16198
12314,16199
12315,16202
12316,16203
12317,16204
12318,16205
12319,16208
12320,16209
12321,16210
12322,16211
12323,16214
12324,16215
12325,16216
12326,16217
12327,16220
12328,16221
12329,16222
12330,16223
12331,16226
12332,16227
12333,16228
12334,16229
12335,16232
12336,16233
12337,16234
12338,16235
12339,16236
12340,16237
12341,16240
12342,16241
12343,16242
12344,16243
12345,16246
12346,16247
12347,16248
12348,16249
12349,16252
12350,16253
12351,16254
12352,16255
12353,16258
12354,16259
12355,16260
12356,16261
12357,16264
12358,16265
12359,16266
12360,16267
12361,16270
12362,16271
12363,16272
12364,16273
12365,16276
12366,16277
12367,16278
12368,16279
12369,16282
12370,16283
12371,16284
12372,16285
12373,16288
12374,16289
12375,16290
12376,16291
12377,16294
12378,16295
12379,16296
12380,16297
12381,16300
12382,16301
12383,16302
12384,16303
12385,16306
12386,16307
12387,16308
12388,16309
12389,16312
12390,16313
12391,16314
12392,16315
12393,16318
12394,16319
12395,16320
12396,16321
12397,16324
12398,16325
12399,16326
12400,16327
12401,16330
12402,16331
12403,16332
12404,16333
12405,16336
12406,16337
12407,16338
12408,16339
12409,16342
12410,16343
12411,16344
12412,16345
12413,16348
12414,16349
12415,16350
12416,16351
12417,16354
12418,16355
12419,16356
12420,16357
12421,16360
12422,16361
12423,16362
12424,16363
12425,16366
12426,16367
12427,16368
12428,16369
12429,16372
12430,16373
12431,16374
12432,16375
12433,16378
12434,16379
12435,16380
12436,16381
12437,16384
12438,16385
12439,16386
12440,16387
12441,16390
12442,16391
12443,16392
12444,16393
12445,16396
12446,16397
12447,16398
12448,16399
12449,16402
12450,16403
12451,16404
12452,16405
12453,16408
12454,16409
12455,16410
12456,16411
12457,16414
12458,16415
12459,16416
12460,16417
12461,16420
12462,16421
12463,16422
12464,16423
12465,16426
12466,16427
12467,16428
12468,16429
12469,16432
12470,16433
12471,16434
12472,16435
12473,16438
12474,16439
12475,16440
12476,16441
12477,16444
12478,16445
12479,16446
12480,16447
12481,16450
12482,16451
12483,16452
12484,16453
12485,16456
12486,16457
12487,16458
12488,16459
12489,16462
12490,16463
12491,16464
12492,16465
12493,16468
12494,16469
12495,16470
12496,16471
12497,16474
12498,16475
12499,16476
12500,16477
12501,16480
12502,16481
12503,16482
12504,16483
12505,16486
12506,16487
12507,16488
12508,16489
12509,16492
12510,16493
12511,16494
12512,16495
12513,16498
12514,16499
12515,16500
12516,16501
12517,16504
12518,16505
12519,16506
12520,16507
12521,16510
12522,16511
12523,16512
12524,16513
12525,16516
12526,16517
12527,16518
12528,16519
12529,16522
12530,16523
12531,16524
12532,16525
12533,16528
12534,16529
12535,16530
12536,16531
12537,16534
12538,16535
12539,16536
12540,16537
12541,16540
12542,16541
12543,16542
12544,16543
12545,16546
12546,16547
12547,16548
12548,16549
12549,16552
12550,16553
12551,16554
12552,16555
12553,16558
12554,16559
12555,16560
12556,16561
12557,16564
12558,16565
12559,16566
12560,16567
12561,16570
12562,16571
12563,16572
12564,16573
12565,16576
12566,16577
12567,16578
12568,16579
12569,16582
12570,16583
12571,16584
12572,16585
12573,16588
12574,16589
12575,16590
12576,16591
12577,16594
12578,16595
12579,16596
12580,16597
12581,16600
12582,16601
12583,16602
12584,16603
12585,16606
12586,16607
12587,16608
12588,16609
12589,16612
12590,16613
12591,16614
12592,16615
12593,16618
12594,16619
12595,16620
12596,16621
12597,16624
12598,16625
12599,16626
12600,16627
12601,16630
12602,16631
12603,16632
12604,16633
12605,16634
12606,16635
12607,16636
12608,16637
12609,16638
12610,16639
12611,16640
12612,16641
12613,16642
12614,16643
12615,16644
12616,16645
12617,16646
12618,16647
12619,16648
12620,16649
12621,16650
12622,16651
12623,16652
12624,16653
12625,16654
12626,16655
12627,16656
12628,16657
12629,16658
12630,16659
12631,16660
12632,16661
12633,16662
12634,16663
12635,16664
12636,16665
12637,16666
12638,16667
12639,16668
12640,16669
12641,16670
12642,16671
12643,16672
12644,16673
12645,16674
12646,16675
12647,16676
12648,16677
12649,16678
12650,16679
12651,16680
12652,16681
12653,16682
12654,16683
12655,16684
12656,16685
12657,16686
12658,16687
12659,16688
12660,16689
12661,16690
12662,16691
12663,16692
12664,16693
12665,16694
12666,16695
12667,16696
12668,16697
12669,16698
12670,16699
12671,16700
12672,16701
12673,16702
12674,16703
12675,16704
12676,16705
12677,16706
12678,16707
12679,16708
12680,16709
12681,16710
12682,16711
12683,16712
12684,16713
12685,16714
12686,16715
12687,16716
12688,16717
12689,16718
12690,16719
12691,16720
12692,16721
12693,16722
12694,16723
12695,16724
12696,16725
12697,16726
12698,16727
12699,16728
12700,16729
12701,16730
12702,16731
12703,16732
12704,16733
12705,16734
12706,16735
12707,16736
12708,16737
12709,16738
12710,16739
12711,16740
12712,16741
12713,16742
12714,16743
12715,16744
12716,16745
12717,16746
12718,16747
12719,16748
12720,16749
12721,16750
12722,16751
12723,16752
12724,16753
12725,16754
12726,16755
12727,16756
12728,16757
12729,16758
12730,16759
12731,16760
12732,16761
12733,16762
12734,16763
12735,16764
12736,16765
12737,16766
12738,16767
12739,16768
12740,16769
12741,16770
12742,16771
12743,16772
12744,16773
12745,16774
12746,16775
12747,16776
12748,16777
12749,16778
12750,16779
12751,16780
12752,16781
12753,16782
12754,16783
12755,16784
12756,16785
12757,16786
12758,16787
12759,16788
12760,16789
12761,16790
12762,16791
12763,16792
12764,16793
12765,16794
12766,16795
12767,16796
12768,16797
12769,16798
12770,16799
12771,16800
12772,16801
12773,16802
12774,16803
12775,16804
12776,16805
12777,16806
12778,16807
12779,16808
12780,16809
12781,16810
12782,16811
12783,16812
12784,16813
12785,16814
12786,16815
12787,16816
12788,16817
12789,16818
12790,16819
12791,16820
12792,16821
12793,16822
12794,16823
12795,16824
12796,16825
12797,16826
12798,16827
12799,16828
12800,16829
12801,16830
12802,16831
12803,16832
12804,16833
12805,16834
12806,16835
12807,16836
12808,16837
12809,16838
12810,16839
12811,16840
12812,16841
12813,16842
12814,16843
12815,16844
12816,16845
12817,16846
12818,16847
12819,16848
12820,16849
12821,16850
12822,16851
12823,16852
12824,16853
12825,16854
12826,16855
12827,16856
12828,16857
12829,16858
12830,16859
12831,16860
12832,16861
12833,16862
12834,16863
12835,16864
12836,16865
12837,16866
12838,16867
12839,16868
12840,16869
12841,16870
12842,16871
12843,16872
12844,16873
12845,16874
12846,16875
12847,16876
12848,16877
12849,16878
12850,16879
12851,16882
12852,16883
12853,16884
12854,16885
12855,16888
12856,16889
12857,16890
12858,16891
12859,16894
12860,16895
12861,16896
12862,16897
12863,16900
12864,16901
12865,16902
12866,16903
12867,16906
12868,16907
12869,16908
12870,16909
12871,16912
12872,16913
12873,16914
12874,16915
12875,16918
12876,16919
12877,16920
12878,16921
12879,16924
12880,16925
12881,16926
12882,16927
12883,16930
12884,16931
12885,16932
12886,16933
12887,16936
12888,16937
12889,16938
12890,16939
12891,16942
12892,16943
12893,16944
12894,16945
12895,16948
12896,16949
12897,16950
12898,16951
12899,16954
12900,16955
12901,16956
12902,16957
12903,16960
12904,16961
12905,16962
12906,16963
12907,16966
12908,16967
12909,16968
12910,16969
12911,16972
12912,16973
12913,16974
12914,16975
12915,16978
12916,16979
12917,16980
12918,16981
12919,16984
12920,16985
12921,16986
12922,16987
12923,16990
12924,16991
12925,16992
12926,16993
12927,16996
12928,16997
12929,16998
12930,16999
12931,17002
12932,17003
12933,17004
12934,17005
12935,17008
12936,17009
12937,17010
12938,17011
12939,17014
12940,17015
12941,17016
12942,17017
12943,17020
12944,17021
12945,17022
12946,17023
12947,17026
12948,17027
12949,17028
12950,17029
12951,17032
12952,17033
12953,17034
12954,17035
12955,17038
12956,17039
12957,17040
12958,17041
12959,17044
12960,17045
12961,17046
12962,17047
12963,17050
12964,17051
12965,17052
12966,17053
12967,17056
12968,17057
12969,17058
12970,17059
12971,17062
12972,17063
12973,17064
12974,17065
12975,17068
12976,17069
12977,17070
12978,17071
12979,17074
12980,17075
12981,17076
12982,17077
12983,17080
12984,17081
12985,17082
12986,17083
12987,17086
12988,17087
12989,17088
12990,17089
12991,17092
12992,17093
12993,17094
12994,17095
12995,17098
12996,17099
12997,17100
12998,17101
12999,17104
13000,17105
13001,17106
13002,17107
13003,17110
13004,17111
13005,17112
13006,17113
13007,17116
13008,17117
13009,17118
13010,17119
13011,17122
13012,17123
13013,17124
13014,17125
13015,17128
13016,17129
13017,17130
13018,17131
13019,17134
13020,17135
13021,17136
13022,17137
13023,17140
13024,17141
13025,17142
13026,17143
13027,17146
13028,17147
13029,17148
13030,17149
13031,17152
13032,17153
13033,17154
13034,17155
13035,17158
13036,17159
13037,17160
13038,17161
13039,17164
13040,17165
13041,17166
13042,17167
13043,17170
13044,17171
13045,17172
13046,17173
13047,17176
13048,17177
13049,17178
13050,17179
13051,17182
13052,17183
13053,17184
13054,17185
13055,17188
13056,17189
13057,17190
13058,17191
13059,17194
13060,17195
13061,17196
13062,17197
13063,17200
13064,17201
13065,17202
13066,17203
13067,17206
13068,17207
13069,17208
13070,17209
13071,17212
13072,17213
13073,17214
13074,17215
13075,17218
13076,17219
13077,17220
13078,17221
13079,17224
13080,17225
13081,17226
13082,17227
13083,17230
13084,17231
13085,17232
13086,17233
13087,17236
13088,17237
13089,17238
13090,17239
13091,17240
13092,17241
13093,17244
13094,17245
13095,17246
13096,17247
13097,17250
13098,17251
13099,17252
13100,17253
13101,17256
13102,17257
13103,17258
13104,17259
13105,17262
13106,17263
13107,17264
13108,17265
13109,17268
13110,17269
13111,17270
13112,17271
13113,17274
13114,17275
13115,17276
13116,17277
13117,17280
13118,17281
13119,17282
13120,17283
13121,17286
13122,17287
13123,17288
13124,17289
13125,17292
13126,17293
13127,17294
13128,17295
13129,17298
13130,17299
13131,17300
13132,17301
13133,17304
13134,17305
13135,17306
13136,17307
13137,17310
13138,17311
13139,17312
13140,17313
13141,17316
13142,17317
13143,17318
13144,17319
13145,17322
13146,17323
13147,17324
13148,17325
13149,17328
13150,17329
13151,17330
13152,17331
13153,17334
13154,17335
13155,17336
13156,17337
13157,17340
13158,17341
13159,17342
13160,17343
13161,17346
13162,17347
13163,17348
13164,17349
13165,17352
13166,17353
13167,17354
13168,17355
13169,17358
13170,17359
13171,17360
13172,17361
13173,17364
13174,17365
13175,17366
13176,17367
13177,17370
13178,17371
13179,17372
13180,17373
13181,17376
13182,17377
13183,17378
13184,17379
13185,17382
13186,17383
13187,17384
13188,17385
13189,17388
13190,17389
13191,17390
13192,17391
13193,17394
13194,17395
13195,17396
13196,17397
13197,17400
13198,17401
13199,17402
13200,17403
13201,17406
13202,17407
13203,17408
13204,17409
13205,17412
13206,17413
13207,17414
13208,17415
13209,17418
13210,17419
13211,17420
13212,17421
13213,17424
13214,17425
13215,17426
13216,17427
13217,17430
13218,17431
13219,17432
13220,17433
13221,17436
13222,17437
13223,17438
13224,17439
13225,17442
13226,17443
13227,17444
13228,17445
13229,17448
13230,17449
13231,17450
13232,17451
13233,17454
13234,17455
13235,17456
13236,17457
13237,17460
13238,17461
13239,17462
13240,17463
13241,17466
13242,17467
13243,17468
13244,17469
13245,17472
13246,17473
13247,17474
13248,17475
13249,17478
13250,17479
13251,17480
13252,17481
13253,17484
13254,17485
13255,17486
13256,17487
13257,17490
13258,17491
13259,17492
13260,17493
13261,17496
13262,17497
13263,17498
13264,17499
13265,17502
13266,17503
13267,17504
13268,17505
13269,17508
13270,17509
13271,17510
13272,17511
13273,17514
13274,17515
13275,17516
13276,17517
13277,17520
13278,17521
13279,17522
13280,17523
13281,17526
13282,17527
13283,17528
13284,17529
13285,17532
13286,17533
13287,17534
13288,17535
13289,17538
13290,17539
13291,17540
13292,17541
13293,17544
13294,17545
13295,17546
13296,17547
13297,17550
13298,17551
13299,17552
13300,17553
13301,17556
13302,17557
13303,17558
13304,17559
13305,17562
13306,17563
13307,17564
13308,17565
13309,17568
13310,17569
13311,17570
13312,17571
13313,17574
13314,17575
13315,17576
13316,17577
13317,17580
13318,17581
13319,17582
13320,17583
13321,17586
13322,17587
13323,17588
13324,17589
13325,17592
13326,17593
13327,17594
13328,17595
13329,17598
13330,17599
13331,17600
13332,17601
13333,17604
13334,17605
13335,17606
13336,17607
13337,17610
13338,17611
13339,17612
13340,17613
13341,17616
13342,17617
13343,17618
13344,17619
13345,17621
13346,17622
13347,17623
13348,17624
13349,17625
13350,17627
13351,17628
13352,17629
13353,17630
13354,17631
13355,17633
13356,17634
13357,17635
13358,17636
13359,17637
13360,17638
13361,17639
13362,17640
13363,17641
13364,17642
13365,17643
13366,17644
13367,17645
13368,17646
13369,17647
13370,17648
13371,17649
13372,17650
13373,17651
13374,17652
13375,17653
13376,17654
13377,17655
13378,17656
13379,17657
13380,17658
13381,17659
13382,17660
13383,17661
13384,17662
13385,17663
13386,17664
13387,17665
13388,17666
13389,17667
13390,17668
13391,17669
13392,17670
13393,17671
13394,17672
13395,17673
13396,17674
13397,17675
13398,17676
13399,17677
13400,17678
13401,17679
13402,17680
13403,17681
13404,17682
13405,17683
13406,17684
13407,17685
13408,17686
13409,17687
13410,17688
13411,17689
13412,17690
13413,17691
13414,17692
13415,17693
13416,17694
13417,17695
13418,17696
13419,17697
13420,17698
13421,17699
13422,17700
13423,17701
13424,17702
13425,17703
13426,17704
13427,17705
13428,17706
13429,17707
13430,17708
13431,17709
13432,17710
13433,17711
13434,17712
13435,17713
13436,17714
13437,17715
13438,17716
13439,17717
13440,17718
13441,17719
13442,17720
13443,17721
13444,17722
13445,17723
13446,17724
13447,17725
13448,17726
13449,17727
13450,17728
13451,17729
13452,17730
13453,17731
13454,17732
13455,17733
13456,17734
13457,17735
13458,17736
13459,17737
13460,17738
13461,17739
13462,17740
13463,17741
13464,17742
13465,17743
13466,17744
13467,17745
13468,17746
13469,17747
13470,17748
13471,17749
13472,17750
13473,17751
13474,17752
13475,17753
13476,17754
13477,17755
13478,17756
13479,17757
13480,17758
13481,17759
13482,17760
13483,17761
13484,17762
13485,17763
13486,17764
13487,17765
13488,17766
13489,17767
13490,17768
13491,17769
13492,17770
13493,17771
13494,17772
13495,17773
13496,17774
13497,17775
13498,17776
13499,17777
13500,17778
13501,17779
13502,17780
13503,17781
13504,17782
13505,17783
13506,17784
13507,17785
13508,17786
13509,17787
13510,17788
13511,17789
13512,17790
13513,17791
13514,17792
13515,17793
13516,17794
13517,17795
13518,17796
13519,17797
13520,17798
13521,17799
13522,17800
13523,17801
13524,17802
13525,17803
13526,17804
13527,17805
13528,17806
13529,17807
13530,17808
13531,17809
13532,17810
13533,17811
13534,17812
13535,17813
13536,17814
13537,17815
13538,17816
13539,17817
13540,17818
13541,17819
13542,17820
13543,17821
13544,17822
13545,17823
13546,17824
13547,17825
13548,17826
13549,17827
13550,17828
13551,17829
13552,17830
13553,17831
13554,17832
13555,17833
13556,17834
13557,17835
13558,17836
13559,17837
13560,17838
13561,17839
13562,17840
13563,17841
13564,17842
13565,17843
13566,17844
13567,17845
13568,17846
13569,17847
13570,17848
13571,17849
13572,17850
13573,17851
13574,17852
13575,17853
13576,17854
13577,17855
13578,17856
13579,17857
13580,17858
13581,17859
13582,17860
13583,17861
13584,17862
13585,17863
13586,17864
13587,17865
13588,17866
13589,17867
13590,17868
13591,17869
13592,17870
13593,17871
13594,17872
13595,17873
13596,17874
13597,17875
13598,17876
13599,17877
13600,17878
13601,17879
13602,17880
13603,17881
13604,17882
13605,17883
13606,17886
13607,17887
13608,17888
13609,17889
13610,17892
13611,17893
13612,17894
13613,17895
13614,17898
13615,17899
13616,17900
13617,17901
13618,17904
13619,17905
13620,17906
13621,17907
13622,17910
13623,17911
13624,17912
13625,17913
13626,17916
13627,17917
13628,17918
13629,17919
13630,17922
13631,17923
13632,17924
13633,17925
13634,17928
13635,17929
13636,17930
13637,17931
13638,17934
13639,17935
13640,17936
13641,17937
13642,17940
13643,17941
13644,17942
13645,17943
13646,17946
13647,17947
13648,17948
13649,17949
13650,17952
13651,17953
13652,17954
13653,17955
13654,17958
13655,17959
13656,17960
13657,17961
13658,17964
13659,17965
13660,17966
13661,17967
13662,17970
13663,17971
13664,17972
13665,17973
13666,17976
13667,17977
13668,17978
13669,17979
13670,17982
13671,17983
13672,17984
13673,17985
13674,17988
13675,17989
13676,17990
13677,17991
13678,17994
13679,17995
13680,17996
13681,17997
13682,18000
13683,18001
13684,18002
13685,18003
13686,18006
13687,18007
13688,18008
13689,18009
13690,18012
13691,18013
13692,18014
13693,18015
13694,18018
13695,18019
13696,18020
13697,18021
13698,18024
13699,18025
13700,18026
13701,18027
13702,18030
13703,18031
13704,18032
13705,18033
13706,18036
13707,18037
13708,18038
13709,18039
13710,18042
13711,18043
13712,18044
13713,18045
13714,18048
13715,18049
13716,18050
13717,18051
13718,18054
13719,18055
13720,18056
13721,18057
13722,18060
13723,18061
13724,18062
13725,18063
13726,18066
13727,18067
13728,18068
13729,18069
13730,18072
13731,18073
13732,18074
13733,18075
13734,18078
13735,18079
13736,18080
13737,18081
13738,18084
13739,18085
13740,18086
13741,18087
13742,18090
13743,18091
13744,18092
13745,18093
13746,18096
13747,18097
13748,18098
13749,18099
13750,18102
13751,18103
13752,18104
13753,18105
13754,18108
13755,18109
13756,18110
13757,18111
13758,18114
13759,18115
13760,18116
13761,18117
13762,18120
13763,18121
13764,18122
13765,18123
13766,18126
13767,18127
13768,18128
13769,18129
13770,18132
13771,18133
13772,18134
13773,18135
13774,18138
13775,18139
13776,18140
13777,18141
13778,18144
13779,18145
13780,18146
13781,18147
13782,18150
13783,18151
13784,18152
13785,18153
13786,18156
13787,18157
13788,18158
13789,18159
13790,18162
13791,18163
13792,18164
13793,18165
13794,18168
13795,18169
13796,18170
13797,18171
13798,18174
13799,18175
13800,18176
13801,18177
13802,18180
13803,18181
13804,18182
13805,18183
13806,18186
13807,18187
13808,18188
13809,18189
13810,18192
13811,18193
13812,18194
13813,18195
13814,18198
13815,18199
13816,18200
13817,18201
13818,18204
13819,18205
13820,18206
13821,18207
13822,18210
13823,18211
13824,18212
13825,18213
13826,18216
13827,18217
13828,18218
13829,18219
13830,18222
13831,18223
13832,18224
13833,18225
13834,18228
13835,18229
13836,18230
13837,18231
13838,18234
13839,18235
13840,18236
13841,18237
13842,18240
13843,18241
13844,18242
13845,18243
13846,18244
13847,18245
13848,18248
13849,18249
13850,18250
13851,18251
13852,18254
13853,18255
13854,18256
13855,18257
13856,18260
13857,18261
13858,18262
13859,18263
13860,18266
13861,18267
13862,18268
13863,18269
13864,18272
13865,18273
13866,18274
13867,18275
13868,18278
13869,18279
13870,18280
13871,18281
13872,18284
13873,18285
13874,18286
13875,18287
13876,18290
13877,18291
13878,18292
13879,18293
13880,18296
13881,18297
13882,18298
13883,18299
13884,18302
13885,18303
13886,18304
13887,18305
13888,18308
13889,18309
13890,18310
13891,18311
13892,18314
13893,18315
13894,18316
13895,18317
13896,18320
13897,18321
13898,18322
13899,18323
13900,18326
13901,18327
13902,18328
13903,18329
13904,18332
13905,18333
13906,18334
13907,18335
13908,18338
13909,18339
13910,18340
13911,18341
13912,18344
13913,18345
13914,18346
13915,18347
13916,18350
13917,18351
13918,18352
13919,18353
13920,18356
13921,18357
13922,18358
13923,18359
13924,18362
13925,18363
13926,18364
13927,18365
13928,18368
13929,18369
13930,18370
13931,18371
13932,18374
13933,18375
13934,18376
13935,18377
13936,18380
13937,18381
13938,18382
13939,18383
13940,18386
13941,18387
13942,18388
13943,18389
13944,18392
13945,18393
13946,18394
13947,18395
13948,18398
13949,18399
13950,18400
13951,18401
13952,18404
13953,18405
13954,18406
13955,18407
13956,18410
13957,18411
13958,18412
13959,18413
13960,18416
13961,18417
13962,18418
13963,18419
13964,18422
13965,18423
13966,18424
13967,18425
13968,18428
13969,18429
13970,18430
13971,18431
13972,18434
13973,18435
13974,18436
13975,18437
13976,18440
13977,18441
13978,18442
13979,18443
13980,18446
13981,18447
13982,18448
13983,18449
13984,18452
13985,18453
13986,18454
13987,18455
13988,18458
13989,18459
13990,18460
13991,18461
13992,18464
13993,18465
13994,18466
13995,18467
13996,18470
13997,18471
13998,18472
13999,18473
14000,18476
14001,18477
14002,18478
14003,18479
14004,18482
14005,18483
14006,18484
14007,18485
14008,18488
14009,18489
14010,18490
14011,18491
14012,18494
14013,18495
14014,18496
14015,18497
14016,18500
14017,18501
14018,18502
14019,18503
14020,18506
14021,18507
14022,18508
14023,18509
14024,18512
14025,18513
14026,18514
14027,18515
14028,18518
14029,18519
14030,18520
14031,18521
14032,18524
14033,18525
14034,18526
14035,18527
14036,18530
14037,18531
14038,18532
14039,18533
14040,18536
14041,18537
14042,18538
14043,18539
14044,18542
14045,18543
14046,18544
14047,18545
14048,18548
14049,18549
14050,18550
14051,18551
14052,18554
14053,18555
14054,18556
14055,18557
14056,18560
14057,18561
14058,18562
14059,18563
14060,18566
14061,18567
14062,18568
14063,18569
14064,18572
14065,18573
14066,18574
14067,18575
14068,18578
14069,18579
14070,18580
14071,18581
14072,18584
14073,18585
14074,18586
14075,18587
14076,18590
14077,18591
14078,18592
14079,18593
14080,18596
14081,18597
14082,18598
14083,18599
14084,18602
14085,18603
14086,18604
14087,18605
14088,18608
14089,18609
14090,18610
14091,18611
14092,18614
14093,18615
14094,18616
14095,18617
14096,18620
14097,18621
14098,18622
14099,18623
14100,18626
14101,18627
14102,18628
14103,18629
14104,18632
14105,18633
14106,18634
14107,18635
14108,18638
14109,18639
14110,18640
14111,18641
14112,18642
14113,18643
14114,18644
14115,18645
14116,18646
14117,18647
14118,18648
14119,18649
14120,18650
14121,18651
14122,18652
14123,18653
14124,18654
14125,18655
14126,18656
14127,18657
14128,18658
14129,18659
14130,18660
14131,18661
14132,18662
14133,18663
14134,18664
14135,18665
14136,18666
14137,18667
14138,18668
14139,18669
14140,18670
14141,18671
14142,18672
14143,18673
14144,18674
14145,18675
14146,18676
14147,18677
14148,18678
14149,18679
14150,18680
14151,18681
14152,18682
14153,18683
14154,18684
14155,18685
14156,18686
14157,18687
14158,18688
14159,18689
14160,18690
14161,18691
14162,18692
14163,18693
14164,18694
14165,18695
14166,18696
14167,18697
14168,18698
14169,18699
14170,18700
14171,18701
14172,18702
14173,18703
14174,18704
14175,18705
14176,18706
14177,18707
14178,18708
14179,18709
14180,18710
14181,18711
14182,18712
14183,18713
14184,18714
14185,18715
14186,18716
14187,18717
14188,18718
14189,18719
14190,18720
14191,18721
14192,18722
14193,18723
14194,18724
14195,18725
14196,18726
14197,18727
14198,18728
14199,18729
14200,18730
14201,18731
14202,18732
14203,18733
14204,18734
14205,18735
14206,18736
14207,18737
14208,18738
14209,18739
14210,18740
14211,18741
14212,18742
14213,18743
14214,18744
14215,18745
14216,18746
14217,18747
14218,18748
14219,18749
14220,18750
14221,18751
14222,18752
14223,18753
14224,18754
14225,18755
14226,18756
14227,18757
14228,18758
14229,18759
14230,18760
14231,18761
14232,18762
14233,18763
14234,18764
14235,18765
14236,18766
14237,18767
14238,18768
14239,18769
14240,18770
14241,18771
14242,18772
14243,18773
14244,18774
14245,18775
14246,18776
14247,18777
14248,18778
14249,18779
14250,18780
14251,18781
14252,18782
14253,18783
14254,18784
14255,18785
14256,18786
14257,18787
14258,18788
14259,18789
14260,18790
14261,18791
14262,18792
14263,18793
14264,18794
14265,18795
14266,18796
14267,18797
14268,18798
14269,18799
14270,18800
14271,18801
14272,18802
14273,18803
14274,18804
14275,18805
14276,18806
14277,18807
14278,18808
14279,18809
14280,18810
14281,18811
14282,18812
14283,18813
14284,18814
14285,18815
14286,18816
14287,18817
14288,18818
14289,18819
14290,18820
14291,18821
14292,18822
14293,18823
14294,18824
14295,18825
14296,18826
14297,18827
14298,18828
14299,18829
14300,18830
14301,18831
14302,18832
14303,18833
14304,18834
14305,18835
14306,18836
14307,18837
14308,18838
14309,18839
14310,18840
14311,18841
14312,18842
14313,18843
14314,18844
14315,18845
14316,18846
14317,18847
14318,18848
14319,18849
14320,18850
14321,18851
14322,18852
14323,18853
14324,18854
14325,18855
14326,18856
14327,18857
14328,18858
14329,18859
14330,18860
14331,18861
14332,18862
14333,18863
14334,18864
14335,18865
14336,18866
14337,18867
14338,18868
14339,18869
14340,18870
14341,18871
14342,18872
14343,18873
14344,18874
14345,18875
14346,18876
14347,18877
14348,18878
14349,18879
14350,18880
14351,18881
14352,18882
14353,18883
14354,18884
14355,18885
14356,18886
14357,18887
14358,18890
14359,18891
14360,18892
14361,18893
14362,18896
14363,18897
14364,18898
14365,18899
14366,18902
14367,18903
14368,18904
14369,18905
14370,18908
14371,18909
14372,18910
14373,18911
14374,18914
14375,18915
14376,18916
14377,18917
14378,18920
14379,18921
14380,18922
14381,18923
14382,18926
14383,18927
14384,18928
14385,18929
14386,18932
14387,18933
14388,18934
14389,18935
14390,18938
14391,18939
14392,18940
14393,18941
14394,18944
14395,18945
14396,18946
14397,18947
14398,18950
14399,18951
14400,18952
14401,18953
14402,18956
14403,18957
14404,18958
14405,18959
14406,18962
14407,18963
14408,18964
14409,18965
14410,18968
14411,18969
14412,18970
14413,18971
14414,18974
14415,18975
14416,18976
14417,18977
14418,18980
14419,18981
14420,18982
14421,18983
14422,18986
14423,18987
14424,18988
14425,18989
14426,18992
14427,18993
14428,18994
14429,18995
14430,18998
14431,18999
14432,19000
14433,19001
14434,19004
14435,19005
14436,19006
14437,19007
14438,19010
14439,19011
14440,19012
14441,19013
14442,19016
14443,19017
14444,19018
14445,19019
14446,19022
14447,19023
14448,19024
14449,19025
14450,19028
14451,19029
14452,19030
14453,19031
14454,19034
14455,19035
14456,19036
14457,19037
14458,19040
14459,19041
14460,19042
14461,19043
14462,19046
14463,19047
14464,19048
14465,19049
14466,19052
14467,19053
14468,19054
14469,19055
14470,19058
14471,19059
14472,19060
14473,19061
14474,19064
14475,19065
14476,19066
14477,19067
14478,19070
14479,19071
14480,19072
14481,19073
14482,19076
14483,19077
14484,19078
14485,19079
14486,19082
14487,19083
14488,19084
14489,19085
14490,19088
14491,19089
14492,19090
14493,19091
14494,19094
14495,19095
14496,19096
14497,19097
14498,19100
14499,19101
14500,19102
14501,19103
14502,19106
14503,19107
14504,19108
14505,19109
14506,19112
14507,19113
14508,19114
14509,19115
14510,19118
14511,19119
14512,19120
14513,19121
14514,19124
14515,19125
14516,19126
14517,19127
14518,19130
14519,19131
14520,19132
14521,19133
14522,19136
14523,19137
14524,19138
14525,19139
14526,19142
14527,19143
14528,19144
14529,19145
14530,19148
14531,19149
14532,19150
14533,19151
14534,19154
14535,19155
14536,19156
14537,19157
14538,19160
14539,19161
14540,19162
14541,19163
14542,19166
14543,19167
14544,19168
14545,19169
14546,19172
14547,19173
14548,19174
14549,19175
14550,19178
14551,19179
14552,19180
14553,19181
14554,19184
14555,19185
14556,19186
14557,19187
14558,19190
14559,19191
14560,19192
14561,19193
14562,19196
14563,19197
14564,19198
14565,19199
14566,19202
14567,19203
14568,19204
14569,19205
14570,19208
14571,19209
14572,19210
14573,19211
14574,19214
14575,19215
14576,19216
14577,19217
14578,19220
14579,19221
14580,19222
14581,19223
14582,19226
14583,19227
14584,19228
14585,19229
14586,19232
14587,19233
14588,19234
14589,19235
14590,19238
14591,19239
14592,19240
14593,19241
14594,19244
14595,19245
14596,19246
14597,19247
14598,19248
14599,19249
14600,19252
14601,19253
14602,19254
14603,19255
14604,19258
14605,19259
14606,19260
14607,19261
14608,19264
14609,19265
14610,19266
14611,19267
14612,19270
14613,19271
14614,19272
14615,19273
14616,19276
14617,19277
14618,19278
14619,19279
14620,19282
14621,19283
14622,19284
14623,19285
14624,19288
14625,19289
14626,19290
14627,19291
14628,19294
14629,19295
14630,19296
14631,19297
14632,19300
14633,19301
14634,19302
14635,19303
14636,19306
14637,19307
14638,19308
14639,19309
14640,19312
14641,19313
14642,19314
14643,19315
14644,19318
14645,19319
14646,19320
14647,19321
14648,19324
14649,19325
14650,19326
14651,19327
14652,19330
14653,19331
14654,19332
14655,19333
14656,19336
14657,19337
14658,19338
14659,19339
14660,19342
14661,19343
14662,19344
14663,19345
14664,19348
14665,19349
14666,19350
14667,19351
14668,19354
14669,19355
14670,19356
14671,19357
14672,19360
14673,19361
14674,19362
14675,19363
14676,19366
14677,19367
14678,19368
14679,19369
14680,19372
14681,19373
14682,19374
14683,19375
14684,19378
14685,19379
14686,19380
14687,19381
14688,19384
14689,19385
14690,19386
14691,19387
14692,19390
14693,19391
14694,19392
14695,19393
14696,19396
14697,19397
14698,19398
14699,19399
14700,19402
14701,19403
14702,19404
14703,19405
14704,19408
14705,19409
14706,19410
14707,19411
14708,19414
14709,19415
14710,19416
14711,19417
14712,19420
14713,19421
14714,19422
14715,19423
14716,19426
14717,19427
14718,19428
14719,19429
14720,19432
14721,19433
14722,19434
14723,19435
14724,19438
14725,19439
14726,19440
14727,19441
14728,19444
14729,19445
14730,19446
14731,19447
14732,19450
14733,19451
14734,19452
14735,19453
14736,19456
14737,19457
14738,19458
14739,19459
14740,19462
14741,19463
14742,19464
14743,19465
14744,19468
14745,19469
14746,19470
14747,19471
14748,19474
14749,19475
14750,19476
14751,19477
14752,19480
14753,19481
14754,19482
14755,19483
14756,19486
14757,19487
14758,19488
14759,19489
14760,19492
14761,19493
14762,19494
14763,19495
14764,19498
14765,19499
14766,19500
14767,19501
14768,19504
14769,19505
14770,19506
14771,19507
14772,19510
14773,19511
14774,19512
14775,19513
14776,19516
14777,19517
14778,19518
14779,19519
14780,19522
14781,19523
14782,19524
14783,19525
14784,19528
14785,19529
14786,19530
14787,19531
14788,19534
14789,19535
14790,19536
14791,19537
14792,19540
14793,19541
14794,19542
14795,19543
14796,19546
14797,19547
14798,19548
14799,19549
14800,19552
14801,19553
14802,19554
14803,19555
14804,19558
14805,19559
14806,19560
14807,19561
14808,19564
14809,19565
14810,19566
14811,19567
14812,19570
14813,19571
14814,19572
14815,19573
14816,19576
14817,19577
14818,19578
14819,19579
14820,19582
14821,19583
14822,19584
14823,19585
14824,19588
14825,19589
14826,19590
14827,19591
14828,19594
14829,19595
14830,19596
14831,19597
14832,19600
14833,19601
14834,19602
14835,19603
14836,19606
14837,19607
14838,19608
14839,19609
14840,19612
14841,19613
14842,19614
14843,19615
14844,19618
14845,19619
14846,19620
14847,19621
14848,19624
14849,19625
14850,19626
14851,19627
14852,19630
14853,19631
14854,19632
14855,19633
14856,19636
14857,19637
14858,19638
14859,19639
14860,19642
14861,19643
14862,19644
14863,19645
14864,19648
14865,19649
14866,19650
14867,19651
14868,19654
14869,19655
14870,19656
14871,19657
14872,19660
14873,19661
14874,19662
14875,19663
14876,19666
14877,19667
14878,19668
14879,19669
14880,19672
14881,19673
14882,19674
14883,19675
14884,19678
14885,19679
14886,19680
14887,19681
14888,19684
14889,19685
14890,19686
14891,19687
14892,19690
14893,19691
14894,19692
14895,19693
14896,19696
14897,19697
14898,19698
14899,19699
14900,19702
14901,19703
14902,19704
14903,19705
14904,19708
14905,19709
14906,19710
14907,19711
14908,19714
14909,19715
14910,19716
14911,19717
14912,19720
14913,19721
14914,19722
14915,19723
14916,19726
14917,19727
14918,19728
14919,19729
14920,19732
14921,19733
14922,19734
14923,19735
14924,19738
14925,19739
14926,19740
14927,19741
14928,19742
14929,19744
14930,19745
14931,19746
14932,19747
14933,19748
14934,19750
14935,19751
14936,19752
14937,19753
14938,19754
14939,19756
14940,19757
14941,19758
14942,19759
14943,19760
14944,19762
14945,19763
14946,19764
14947,19765
14948,19766
14949,19768
14950,19769
14951,19770
14952,19771
14953,19772
14954,19774
14955,19775
14956,19776
14957,19777
14958,19778
14959,19780
14960,19781
14961,19782
14962,19783
14963,19784
14964,19786
14965,19787
14966,19788
14967,19789
14968,19790
14969,19792
14970,19793
14971,19794
14972,19795
14973,19796
14974,19798
14975,19799
14976,19800
14977,19801
14978,19802
14979,19804
14980,19805
14981,19806
14982,19807
14983,19808
14984,19810
14985,19811
14986,19812
14987,19813
14988,19814
14989,19816
14990,19817
14991,19818
14992,19819
14993,19820
14994,19822
14995,19823
14996,19824
14997,19825
14998,19826
14999,19828
15000,19829
15001,19830
15002,19831
15003,19832
15004,19834
15005,19835
15006,19836
15007,19837
15008,19838
15009,19840
15010,19841
15011,19842
15012,19843
15013,19844
15014,19846
15015,19847
15016,19848
15017,19849
15018,19850
15019,19852
15020,19853
15021,19854
15022,19855
15023,19856
15024,19858
15025,19859
15026,19860
15027,19861
15028,19862
15029,19864
15030,19865
15031,19866
15032,19867
15033,19868
15034,19870
15035,19871
15036,19872
15037,19873
15038,19874
15039,19876
15040,19877
15041,19878
15042,19879
15043,19880
15044,19882
15045,19883
15046,19884
15047,19885
15048,19886
15049,19887
15050,19888
15051,19889
15052,19890
15053,19891
15054,19894
15055,19895
15056,19896
15057,19897
15058,19900
15059,19901
15060,19902
15061,19903
15062,19906
15063,19907
15064,19908
15065,19909
15066,19912
15067,19913
15068,19914
15069,19915
15070,19918
15071,19919
15072,19920
15073,19921
15074,19924
15075,19925
15076,19926
15077,19927
15078,19930
15079,19931
15080,19932
15081,19933
15082,19936
15083,19937
15084,19938
15085,19939
15086,19942
15087,19943
15088,19944
15089,19945
15090,19948
15091,19949
15092,19950
15093,19951
15094,19954
15095,19955
15096,19956
15097,19957
15098,19960
15099,19961
15100,19962
15101,19963
15102,19966
15103,19967
15104,19968
15105,19969
15106,19972
15107,19973
15108,19974
15109,19975
15110,19978
15111,19979
15112,19980
15113,19981
15114,19984
15115,19985
15116,19986
15117,19987
15118,19990
15119,19991
15120,19992
15121,19993
15122,19996
15123,19997
15124,19998
15125,19999
15126,20002
15127,20003
15128,20004
15129,20005
15130,20008
15131,20009
15132,20010
15133,20011
15134,20014
15135,20015
15136,20016
15137,20017
15138,20020
15139,20021
15140,20022
15141,20023
15142,20026
15143,20027
15144,20028
15145,20029
15146,20032
15147,20033
15148,20034
15149,20035
15150,20038
15151,20039
15152,20040
15153,20041
15154,20044
15155,20045
15156,20046
15157,20047
15158,20050
15159,20051
15160,20052
15161,20053
15162,20056
15163,20057
15164,20058
15165,20059
15166,20062
15167,20063
15168,20064
15169,20065
15170,20068
15171,20069
15172,20070
15173,20071
15174,20074
15175,20075
15176,20076
15177,20077
15178,20080
15179,20081
15180,20082
15181,20083
15182,20086
15183,20087
15184,20088
15185,20089
15186,20092
15187,20093
15188,20094
15189,20095
15190,20098
15191,20099
15192,20100
15193,20101
15194,20104
15195,20105
15196,20106
15197,20107
15198,20110
15199,20111
15200,20112
15201,20113
15202,20116
15203,20117
15204,20118
15205,20119
15206,20122
15207,20123
15208,20124
15209,20125
15210,20128
15211,20129
15212,20130
15213,20131
15214,20134
15215,20135
15216,20136
15217,20137
15218,20140
15219,20141
15220,20142
15221,20143
15222,20146
15223,20147
15224,20148
15225,20149
15226,20152
15227,20153
15228,20154
15229,20155
15230,20158
15231,20159
15232,20160
15233,20161
15234,20164
15235,20165
15236,20166
15237,20167
15238,20170
15239,20171
15240,20172
15241,20173
15242,20176
15243,20177
15244,20178
15245,20179
15246,20182
15247,20183
15248,20184
15249,20185
15250,20188
15251,20189
15252,20190
15253,20191
15254,20194
15255,20195
15256,20196
15257,20197
15258,20200
15259,20201
15260,20202
15261,20203
15262,20206
15263,20207
15264,20208
15265,20209
15266,20212
15267,20213
15268,20214
15269,20215
15270,20218
15271,20219
15272,20220
15273,20221
15274,20224
15275,20225
15276,20226
15277,20227
15278,20230
15279,20231
15280,20232
15281,20233
15282,20236
15283,20237
15284,20238
15285,20239
15286,20242
15287,20243
15288,20244
15289,20245
15290,20248
15291,20249
15292,20250
15293,20251
15294,20252
15295,20253
15296,20256
15297,20257
15298,20258
15299,20259
15300,20262
15301,20263
15302,20264
15303,20265
15304,20268
15305,20269
15306,20270
15307,20271
15308,20274
15309,20275
15310,20276
15311,20277
15312,20280
15313,20281
15314,20282
15315,20283
15316,20286
15317,20287
15318,20288
15319,20289
15320,20292
15321,20293
15322,20294
15323,20295
15324,20298
15325,20299
15326,20300
15327,20301
15328,20304
15329,20305
15330,20306
15331,20307
15332,20310
15333,20311
15334,20312
15335,20313
15336,20316
15337,20317
15338,20318
15339,20319
15340,20322
15341,20323
15342,20324
15343,20325
15344,20328
15345,20329
15346,20330
15347,20331
15348,20334
15349,20335
15350,20336
15351,20337
15352,20340
15353,20341
15354,20342
15355,20343
15356,20346
15357,20347
15358,20348
15359,20349
15360,20352
15361,20353
15362,20354
15363,20355
15364,20358
15365,20359
15366,20360
15367,20361
15368,20364
15369,20365
15370,20366
15371,20367
15372,20370
15373,20371
15374,20372
15375,20373
15376,20376
15377,20377
15378,20378
15379,20379
15380,20382
15381,20383
15382,20384
15383,20385
15384,20388
15385,20389
15386,20390
15387,20391
15388,20394
15389,20395
15390,20396
15391,20397
15392,20400
15393,20401
15394,20402
15395,20403
15396,20406
15397,20407
15398,20408
15399,20409
15400,20412
15401,20413
15402,20414
15403,20415
15404,20418
15405,20419
15406,20420
15407,20421
15408,20424
15409,20425
15410,20426
15411,20427
15412,20430
15413,20431
15414,20432
15415,20433
15416,20436
15417,20437
15418,20438
15419,20439
15420,20442
15421,20443
15422,20444
15423,20445
15424,20448
15425,20449
15426,20450
15427,20451
15428,20454
15429,20455
15430,20456
15431,20457
15432,20460
15433,20461
15434,20462
15435,20463
15436,20466
15437,20467
15438,20468
15439,20469
15440,20472
15441,20473
15442,20474
15443,20475
15444,20478
15445,20479
15446,20480
15447,20481
15448,20484
15449,20485
15450,20486
15451,20487
15452,20490
15453,20491
15454,20492
15455,20493
15456,20496
15457,20497
15458,20498
15459,20499
15460,20502
15461,20503
15462,20504
15463,20505
15464,20508
15465,20509
15466,20510
15467,20511
15468,20514
15469,20515
15470,20516
15471,20517
15472,20520
15473,20521
15474,20522
15475,20523
15476,20526
15477,20527
15478,20528
15479,20529
15480,20532
15481,20533
15482,20534
15483,20535
15484,20538
15485,20539
15486,20540
15487,20541
15488,20544
15489,20545
15490,20546
15491,20547
15492,20550
15493,20551
15494,20552
15495,20553
15496,20556
15497,20557
15498,20558
15499,20559
15500,20562
15501,20563
15502,20564
15503,20565
15504,20568
15505,20569
15506,20570
15507,20571
15508,20574
15509,20575
15510,20576
15511,20577
15512,20580
15513,20581
15514,20582
15515,20583
15516,20586
15517,20587
15518,20588
15519,20589
15520,20592
15521,20593
15522,20594
15523,20595
15524,20598
15525,20599
15526,20600
15527,20601
15528,20604
15529,20605
15530,20606
15531,20607
15532,20610
15533,20611
15534,20612
15535,20613
15536,20616
15537,20617
15538,20618
15539,20619
15540,20620
15541,20621
15542,20622
15543,20623
15544,20624
15545,20625
15546,20626
15547,20627
15548,20628
15549,20629
15550,20630
15551,20631
15552,20632
15553,20633
15554,20634
15555,20635
15556,20636
15557,20637
15558,20638
15559,20639
15560,20640
15561,20641
15562,20642
15563,20643
15564,20644
15565,20645
15566,20646
15567,20647
15568,20648
15569,20649
15570,20650
15571,20651
15572,20652
15573,20653
15574,20654
15575,20655
15576,20656
15577,20657
15578,20658
15579,20659
15580,20660
15581,20661
15582,20662
15583,20663
15584,20664
15585,20665
15586,20666
15587,20667
15588,20668
15589,20669
15590,20670
15591,20671
15592,20672
15593,20673
15594,20674
15595,20675
15596,20676
15597,20677
15598,20678
15599,20679
15600,20680
15601,20681
15602,20682
15603,20683
15604,20684
15605,20685
15606,20686
15607,20687
15608,20688
15609,20689
15610,20690
15611,20691
15612,20692
15613,20693
15614,20694
15615,20695
15616,20696
15617,20697
15618,20698
15619,20699
15620,20700
15621,20701
15622,20702
15623,20703
15624,20704
15625,20705
15626,20706
15627,20707
15628,20708
15629,20709
15630,20710
15631,20711
15632,20712
15633,20713
15634,20714
15635,20715
15636,20716
15637,20717
15638,20718
15639,20719
15640,20720
15641,20721
15642,20722
15643,20723
15644,20724
15645,20725
15646,20726
15647,20727
15648,20728
15649,20729
15650,20730
15651,20731
15652,20732
15653,20733
15654,20734
15655,20735
15656,20736
15657,20737
15658,20738
15659,20739
15660,20740
15661,20741
15662,20742
15663,20743
15664,20744
15665,20745
15666,20746
15667,20747
15668,20748
15669,20749
15670,20750
15671,20751
15672,20752
15673,20753
15674,20754
15675,20755
15676,20756
15677,20757
15678,20758
15679,20759
15680,20760
15681,20761
15682,20762
15683,20763
15684,20764
15685,20765
15686,20766
15687,20767
15688,20768
15689,20769
15690,20770
15691,20771
15692,20772
15693,20773
15694,20774
15695,20775
15696,20776
15697,20777
15698,20778
15699,20779
15700,20780
15701,20781
15702,20782
15703,20783
15704,20784
15705,20785
15706,20786
15707,20787
15708,20788
15709,20789
15710,20790
15711,20791
15712,20792
15713,20793
15714,20794
15715,20795
15716,20796
15717,20797
15718,20798
15719,20799
15720,20800
15721,20801
15722,20802
15723,20803
15724,20804
15725,20805
15726,20806
15727,20807
15728,20808
15729,20809
15730,20810
15731,20811
15732,20812
15733,20813
15734,20814
15735,20815
15736,20816
15737,20817
15738,20818
15739,20819
15740,20820
15741,20821
15742,20822
15743,20823
15744,20824
15745,20825
15746,20826
15747,20827
15748,20828
15749,20829
15750,20830
15751,20831
15752,20832
15753,20833
15754,20834
15755,20835
15756,20836
15757,20837
15758,20838
15759,20839
15760,20840
15761,20841
15762,20842
15763,20843
15764,20844
15765,20845
15766,20846
15767,20847
15768,20848
15769,20849
15770,20850
15771,20851
15772,20852
15773,20853
15774,20854
15775,20855
15776,20856
15777,20857
15778,20858
15779,20859
15780,20860
15781,20861
15782,20862
15783,20863
15784,20864
15785,20865
15786,20866
15787,20867
15788,20868
15789,20869
15790,20870
15791,20871
15792,20872
15793,20873
15794,20874
15795,20875
15796,20876
15797,20877
15798,20878
15799,20879
15800,20880
15801,20881
15802,20882
15803,20883
15804,20884
15805,20885
15806,20886
15807,20887
15808,20888
15809,20889
15810,20890
15811,20891
15812,20892
15813,20893
15814,20894
15815,20895
15816,20898
15817,20899
15818,20900
15819,20901
15820,20904
15821,20905
15822,20906
15823,20907
15824,20910
15825,20911
15826,20912
15827,20913
15828,20916
15829,20917
15830,20918
15831,20919
15832,20922
15833,20923
15834,20924
15835,20925
15836,20928
15837,20929
15838,20930
15839,20931
15840,20934
15841,20935
15842,20936
15843,20937
15844,20940
15845,20941
15846,20942
15847,20943
15848,20946
15849,20947
15850,20948
15851,20949
15852,20952
15853,20953
15854,20954
15855,20955
15856,20958
15857,20959
15858,20960
15859,20961
15860,20964
15861,20965
15862,20966
15863,20967
15864,20970
15865,20971
15866,20972
15867,20973
15868,20976
15869,20977
15870,20978
15871,20979
15872,20982
15873,20983
15874,20984
15875,20985
15876,20988
15877,20989
15878,20990
15879,20991
15880,20994
15881,20995
15882,20996
15883,20997
15884,21000
15885,21001
15886,21002
15887,21003
15888,21006
15889,21007
15890,21008
15891,21009
15892,21012
15893,21013
15894,21014
15895,21015
15896,21018
15897,21019
15898,21020
15899,21021
15900,21024
15901,21025
15902,21026
15903,21027
15904,21030
15905,21031
15906,21032
15907,21033
15908,21036
15909,21037
15910,21038
15911,21039
15912,21042
15913,21043
15914,21044
15915,21045
15916,21048
15917,21049
15918,21050
15919,21051
15920,21054
15921,21055
15922,21056
15923,21057
15924,21060
15925,21061
15926,21062
15927,21063
15928,21066
15929,21067
15930,21068
15931,21069
15932,21072
15933,21073
15934,21074
15935,21075
15936,21078
15937,21079
15938,21080
15939,21081
15940,21084
15941,21085
15942,21086
15943,21087
15944,21090
15945,21091
15946,21092
15947,21093
15948,21096
15949,21097
15950,21098
15951,21099
15952,21102
15953,21103
15954,21104
15955,21105
15956,21108
15957,21109
15958,21110
15959,21111
15960,21114
15961,21115
15962,21116
15963,21117
15964,21120
15965,21121
15966,21122
15967,21123
15968,21126
15969,21127
15970,21128
15971,21129
15972,21132
15973,21133
15974,21134
15975,21135
15976,21138
15977,21139
15978,21140
15979,21141
15980,21144
15981,21145
15982,21146
15983,21147
15984,21150
15985,21151
15986,21152
15987,21153
15988,21156
15989,21157
15990,21158
15991,21159
15992,21162
15993,21163
15994,21164
15995,21165
15996,21168
15997,21169
15998,21170
15999,21171
16000,21174
16001,21175
16002,21176
16003,21177
16004,21180
16005,21181
16006,21182
16007,21183
16008,21186
16009,21187
16010,21188
16011,21189
16012,21192
16013,21193
16014,21194
16015,21195
16016,21198
16017,21199
16018,21200
16019,21201
16020,21204
16021,21205
16022,21206
16023,21207
16024,21210
16025,21211
16026,21212
16027,21213
16028,21216
16029,21217
16030,21218
16031,21219
16032,21222
16033,21223
16034,21224
16035,21225
16036,21228
16037,21229
16038,21230
16039,21231
16040,21234
16041,21235
16042,21236
16043,21237
16044,21240
16045,21241
16046,21242
16047,21243
16048,21246
16049,21247
16050,21248
16051,21249
16052,21252
16053,21253
16054,21254
16055,21255
16056,21256
16057,21257
16058,21260
16059,21261
16060,21262
16061,21263
16062,21266
16063,21267
16064,21268
16065,21269
16066,21272
16067,21273
16068,21274
16069,21275
16070,21278
16071,21279
16072,21280
16073,21281
16074,21284
16075,21285
16076,21286
16077,21287
16078,21290
16079,21291
16080,21292
16081,21293
16082,21296
16083,21297
16084,21298
16085,21299
16086,21302
16087,21303
16088,21304
16089,21305
16090,21308
16091,21309
16092,21310
16093,21311
16094,21314
16095,21315
16096,21316
16097,21317
16098,21320
16099,21321
16100,21322
16101,21323
16102,21326
16103,21327
16104,21328
16105,21329
16106,21332
16107,21333
16108,21334
16109,21335
16110,21338
16111,21339
16112,21340
16113,21341
16114,21344
16115,21345
16116,21346
16117,21347
16118,21350
16119,21351
16120,21352
16121,21353
16122,21356
16123,21357
16124,21358
16125,21359
16126,21362
16127,21363
16128,21364
16129,21365
16130,21368
16131,21369
16132,21370
16133,21371
16134,21374
16135,21375
16136,21376
16137,21377
16138,21380
16139,21381
16140,21382
16141,21383
16142,21386
16143,21387
16144,21388
16145,21389
16146,21392
16147,21393
16148,21394
16149,21395
16150,21398
16151,21399
16152,21400
16153,21401
16154,21404
16155,21405
16156,21406
16157,21407
16158,21410
16159,21411
16160,21412
16161,21413
16162,21416
16163,21417
16164,21418
16165,21419
16166,21422
16167,21423
16168,21424
16169,21425
16170,21428
16171,21429
16172,21430
16173,21431
16174,21434
16175,21435
16176,21436
16177,21437
16178,21440
16179,21441
16180,21442
16181,21443
16182,21446
16183,21447
16184,21448
16185,21449
16186,21452
16187,21453
16188,21454
16189,21455
16190,21458
16191,21459
16192,21460
16193,21461
16194,21464
16195,21465
16196,21466
16197,21467
16198,21470
16199,21471
16200,21472
16201,21473
16202,21476
16203,21477
16204,21478
16205,21479
16206,21482
16207,21483
16208,21484
16209,21485
16210,21488
16211,21489
16212,21490
16213,21491
16214,21494
16215,21495
16216,21496
16217,21497
16218,21500
16219,21501
16220,21502
16221,21503
16222,21506
16223,21507
16224,21508
16225,21509
16226,21512
16227,21513
16228,21514
16229,21515
16230,21518
16231,21519
16232,21520
16233,21521
16234,21524
16235,21525
16236,21526
16237,21527
16238,21530
16239,21531
16240,21532
16241,21533
16242,21536
16243,21537
16244,21538
16245,21539
16246,21542
16247,21543
16248,21544
16249,21545
16250,21548
16251,21549
16252,21550
16253,21551
16254,21554
16255,21555
16256,21556
16257,21557
16258,21560
16259,21561
16260,21562
16261,21563
16262,21566
16263,21567
16264,21568
16265,21569
16266,21572
16267,21573
16268,21574
16269,21575
16270,21578
16271,21579
16272,21580
16273,21581
16274,21584
16275,21585
16276,21586
16277,21587
16278,21590
16279,21591
16280,21592
16281,21593
16282,21596
16283,21597
16284,21598
16285,21599
16286,21602
16287,21603
16288,21604
16289,21605
16290,21608
16291,21609
16292,21610
16293,21611
16294,21614
16295,21615
16296,21616
16297,21617
16298,21620
16299,21621
16300,21622
16301,21623
16302,21624
16303,21625
16304,21626
16305,21627
16306,21628
16307,21629
16308,21630
16309,21631
16310,21632
16311,21633
16312,21634
16313,21635
16314,21636
16315,21637
16316,21638
16317,21639
16318,21640
16319,21641
16320,21642
16321,21643
16322,21644
16323,21645
16324,21646
16325,21647
16326,21648
16327,21649
16328,21650
16329,21651
16330,21652
16331,21653
16332,21654
16333,21655
16334,21656
16335,21657
16336,21658
16337,21659
16338,21660
16339,21661
16340,21662
16341,21663
16342,21664
16343,21665
16344,21666
16345,21667
16346,21668
16347,21669
16348,21670
16349,21671
16350,21672
16351,21673
16352,21674
16353,21675
16354,21676
16355,21677
16356,21678
16357,21679
16358,21680
16359,21681
16360,21682
16361,21683
16362,21684
16363,21685
16364,21686
16365,21687
16366,21688
16367,21689
16368,21690
16369,21691
16370,21692
16371,21693
16372,21694
16373,21695
16374,21696
16375,21697
16376,21698
16377,21699
16378,21700
16379,21701
16380,21702
16381,21703
16382,21704
16383,21705
16384,21706
16385,21707
16386,21708
16387,21709
16388,21710
16389,21711
16390,21712
16391,21713
16392,21714
16393,21715
16394,21716
16395,21717
16396,21718
16397,21719
16398,21720
16399,21721
16400,21722
16401,21723
16402,21724
16403,21725
16404,21726
16405,21727
16406,21728
16407,21729
16408,21730
16409,21731
16410,21732
16411,21733
16412,21734
16413,21735
16414,21736
16415,21737
16416,21738
16417,21739
16418,21740
16419,21741
16420,21742
16421,21743
16422,21744
16423,21745
16424,21746
16425,21747
16426,21748
16427,21749
16428,21750
16429,21751
16430,21752
16431,21753
16432,21754
16433,21755
16434,21756
16435,21757
16436,21758
16437,21759
16438,21760
16439,21761
16440,21762
16441,21763
16442,21764
16443,21765
16444,21766
16445,21767
16446,21768
16447,21769
16448,21770
16449,21771
16450,21772
16451,21773
16452,21774
16453,21775
16454,21776
16455,21777
16456,21778
16457,21779
16458,21780
16459,21781
16460,21782
16461,21783
16462,21784
16463,21785
16464,21786
16465,21787
16466,21788
16467,21789
16468,21790
16469,21791
16470,21792
16471,21793
16472,21794
16473,21795
16474,21796
16475,21797
16476,21798
16477,21799
16478,21800
16479,21801
16480,21802
16481,21803
16482,21804
16483,21805
16484,21806
16485,21807
16486,21808
16487,21809
16488,21810
16489,21811
16490,21812
16491,21813
16492,21814
16493,21815
16494,21816
16495,21817
16496,21818
16497,21819
16498,21820
16499,21821
16500,21822
16501,21823
16502,21824
16503,21825
16504,21826
16505,21827
16506,21828
16507,21829
16508,21830
16509,21831
16510,21832
16511,21833
16512,21834
16513,21835
16514,21836
16515,21837
16516,21838
16517,21839
16518,21840
16519,21841
16520,21842
16521,21843
16522,21844
16523,21845
16524,21846
16525,21847
16526,21848
16527,21849
16528,21850
16529,21851
16530,21852
16531,21853
16532,21854
16533,21855
16534,21856
16535,21857
16536,21858
16537,21859
16538,21860
16539,21861
16540,21862
16541,21863
16542,21864
16543,21865
16544,21866
16545,21867
16546,21868
16547,21869
16548,21870
16549,21871
16550,21872
16551,21873
16552,21874
16553,21875
16554,21876
16555,21877
16556,21878
16557,21879
16558,21880
16559,21881
16560,21882
16561,21883
16562,21884
16563,21885
16564,21886
16565,21887
16566,21888
16567,21889
16568,21890
16569,21891
16570,21892
16571,21893
16572,21894
16573,21895
16574,21896
16575,21897
16576,21898
16577,21899
16578,21902
16579,21903
16580,21904
16581,21905
16582,21908
16583,21909
16584,21910
16585,21911
16586,21914
16587,21915
16588,21916
16589,21917
16590,21920
16591,21921
16592,21922
16593,21923
16594,21926
16595,21927
16596,21928
16597,21929
16598,21932
16599,21933
16600,21934
16601,21935
16602,21938
16603,21939
16604,21940
16605,21941
16606,21944
16607,21945
16608,21946
16609,21947
16610,21950
16611,21951
16612,21952
16613,21953
16614,21956
16615,21957
16616,21958
16617,21959
16618,21962
16619,21963
16620,21964
16621,21965
16622,21968
16623,21969
16624,21970
16625,21971
16626,21974
16627,21975
16628,21976
16629,21977
16630,21980
16631,21981
16632,21982
16633,21983
16634,21986
16635,21987
16636,21988
16637,21989
16638,21992
16639,21993
16640,21994
16641,21995
16642,21998
16643,21999
16644,22000
16645,22001
16646,22004
16647,22005
16648,22006
16649,22007
16650,22010
16651,22011
16652,22012
16653,22013
16654,22016
16655,22017
16656,22018
16657,22019
16658,22022
16659,22023
16660,22024
16661,22025
16662,22028
16663,22029
16664,22030
16665,22031
16666,22034
16667,22035
16668,22036
16669,22037
16670,22040
16671,22041
16672,22042
16673,22043
16674,22046
16675,22047
16676,22048
16677,22049
16678,22052
16679,22053
16680,22054
16681,22055
16682,22058
16683,22059
16684,22060
16685,22061
16686,22064
16687,22065
16688,22066
16689,22067
16690,22070
16691,22071
16692,22072
16693,22073
16694,22076
16695,22077
16696,22078
16697,22079
16698,22082
16699,22083
16700,22084
16701,22085
16702,22088
16703,22089
16704,22090
16705,22091
16706,22094
16707,22095
16708,22096
16709,22097
16710,22100
16711,22101
16712,22102
16713,22103
16714,22106
16715,22107
16716,22108
16717,22109
16718,22112
16719,22113
16720,22114
16721,22115
16722,22118
16723,22119
16724,22120
16725,22121
16726,22124
16727,22125
16728,22126
16729,22127
16730,22130
16731,22131
16732,22132
16733,22133
16734,22136
16735,22137
16736,22138
16737,22139
16738,22142
16739,22143
16740,22144
16741,22145
16742,22148
16743,22149
16744,22150
16745,22151
16746,22154
16747,22155
16748,22156
16749,22157
16750,22160
16751,22161
16752,22162
16753,22163
16754,22166
16755,22167
16756,22168
16757,22169
16758,22172
16759,22173
16760,22174
16761,22175
16762,22178
16763,22179
16764,22180
16765,22181
16766,22184
16767,22185
16768,22186
16769,22187
16770,22190
16771,22191
16772,22192
16773,22193
16774,22196
16775,22197
16776,22198
16777,22199
16778,22202
16779,22203
16780,22204
16781,22205
16782,22208
16783,22209
16784,22210
16785,22211
16786,22214
16787,22215
16788,22216
16789,22217
16790,22220
16791,22221
16792,22222
16793,22223
16794,22226
16795,22227
16796,22228
16797,22229
16798,22232
16799,22233
16800,22234
16801,22235
16802,22238
16803,22239
16804,22240
16805,22241
16806,22244
16807,22245
16808,22246
16809,22247
16810,22250
16811,22251
16812,22252
16813,22253
16814,22256
16815,22257
16816,22258
16817,22259
16818,22260
16819,22261
16820,22264
16821,22265
16822,22266
16823,22267
16824,22270
16825,22271
16826,22272
16827,22273
16828,22276
16829,22277
16830,22278
16831,22279
16832,22282
16833,22283
16834,22284
16835,22285
16836,22288
16837,22289
16838,22290
16839,22291
16840,22294
16841,22295
16842,22296
16843,22297
16844,22300
16845,22301
16846,22302
16847,22303
16848,22306
16849,22307
16850,22308
16851,22309
16852,22312
16853,22313
16854,22314
16855,22315
16856,22318
16857,22319
16858,22320
16859,22321
16860,22324
16861,22325
16862,22326
16863,22327
16864,22330
16865,22331
16866,22332
16867,22333
16868,22336
16869,22337
16870,22338
16871,22339
16872,22342
16873,22343
16874,22344
16875,22345
16876,22348
16877,22349
16878,22350
16879,22351
16880,22354
16881,22355
16882,22356
16883,22357
16884,22360
16885,22361
16886,22362
16887,22363
16888,22366
16889,22367
16890,22368
16891,22369
16892,22372
16893,22373
16894,22374
16895,22375
16896,22378
16897,22379
16898,22380
16899,22381
16900,22384
16901,22385
16902,22386
16903,22387
16904,22390
16905,22391
16906,22392
16907,22393
16908,22396
16909,22397
16910,22398
16911,22399
16912,22402
16913,22403
16914,22404
16915,22405
16916,22408
16917,22409
16918,22410
16919,22411
16920,22414
16921,22415
16922,22416
16923,22417
16924,22420
16925,22421
16926,22422
16927,22423
16928,22426
16929,22427
16930,22428
16931,22429
16932,22432
16933,22433
16934,22434
16935,22435
16936,22438
16937,22439
16938,22440
16939,22441
16940,22444
16941,22445
16942,22446
16943,22447
16944,22450
16945,22451
16946,22452
16947,22453
16948,22456
16949,22457
16950,22458
16951,22459
16952,22462
16953,22463
16954,22464
16955,22465
16956,22468
16957,22469
16958,22470
16959,22471
16960,22474
16961,22475
16962,22476
16963,22477
16964,22480
16965,22481
16966,22482
16967,22483
16968,22486
16969,22487
16970,22488
16971,22489
16972,22492
16973,22493
16974,22494
16975,22495
16976,22498
16977,22499
16978,22500
16979,22501
16980,22504
16981,22505
16982,22506
16983,22507
16984,22510
16985,22511
16986,22512
16987,22513
16988,22516
16989,22517
16990,22518
16991,22519
16992,22522
16993,22523
16994,22524
16995,22525
16996,22528
16997,22529
16998,22530
16999,22531
17000,22534
17001,22535
17002,22536
17003,22537
17004,22540
17005,22541
17006,22542
17007,22543
17008,22546
17009,22547
17010,22548
17011,22549
17012,22552
17013,22553
17014,22554
17015,22555
17016,22558
17017,22559
17018,22560
17019,22561
17020,22564
17021,22565
17022,22566
17023,22567
17024,22570
17025,22571
17026,22572
17027,22573
17028,22576
17029,22577
17030,22578
17031,22579
17032,22582
17033,22583
17034,22584
17035,22585
17036,22588
17037,22589
17038,22590
17039,22591
17040,22594
17041,22595
17042,22596
17043,22597
17044,22600
17045,22601
17046,22602
17047,22603
17048,22606
17049,22607
17050,22608
17051,22609
17052,22612
17053,22613
17054,22614
17055,22615
17056,22618
17057,22619
17058,22620
17059,22621
17060,22624
17061,22625
17062,22626
17063,22627
17064,22628
17065,22629
17066,22630
17067,22631
17068,22632
17069,22633
17070,22634
17071,22635
17072,22636
17073,22637
17074,22638
17075,22639
17076,22640
17077,22641
17078,22642
17079,22643
17080,22644
17081,22645
17082,22646
17083,22647
17084,22648
17085,22649
17086,22650
17087,22651
17088,22652
17089,22653
17090,22654
17091,22655
17092,22656
17093,22657
17094,22658
17095,22659
17096,22660
17097,22661
17098,22662
17099,22663
17100,22664
17101,22665
17102,22666
17103,22667
17104,22668
17105,22669
17106,22670
17107,22671
17108,22672
17109,22673
17110,22674
17111,22675
17112,22676
17113,22677
17114,22678
17115,22679
17116,22680
17117,22681
17118,22682
17119,22683
17120,22684
17121,22685
17122,22686
17123,22687
17124,22688
17125,22689
17126,22690
17127,22691
17128,22692
17129,22693
17130,22694
17131,22695
17132,22696
17133,22697
17134,22698
17135,22699
17136,22700
17137,22701
17138,22702
17139,22703
17140,22704
17141,22705
17142,22706
17143,22707
17144,22708
17145,22709
17146,22710
17147,22711
17148,22712
17149,22713
17150,22714
17151,22715
17152,22716
17153,22717
17154,22718
17155,22719
17156,22720
17157,22721
17158,22722
17159,22723
17160,22724
17161,22725
17162,22726
17163,22727
17164,22728
17165,22729
17166,22730
17167,22731
17168,22732
17169,22733
17170,22734
17171,22735
17172,22736
17173,22737
17174,22738
17175,22739
17176,22740
17177,22741
17178,22742
17179,22743
17180,22744
17181,22745
17182,22746
17183,22747
17184,22748
17185,22749
17186,22750
17187,22751
17188,22752
17189,22753
17190,22754
17191,22755
17192,22756
17193,22757
17194,22758
17195,22759
17196,22760
17197,22761
17198,22762
17199,22763
17200,22764
17201,22765
17202,22766
17203,22767
17204,22768
17205,22769
17206,22770
17207,22771
17208,22772
17209,22773
17210,22774
17211,22775
17212,22776
17213,22777
17214,22778
17215,22779
17216,22780
17217,22781
17218,22782
17219,22783
17220,22784
17221,22785
17222,22786
17223,22787
17224,22788
17225,22789
17226,22790
17227,22791
17228,22792
17229,22793
17230,22794
17231,22795
17232,22796
17233,22797
17234,22798
17235,22799
17236,22800
17237,22801
17238,22802
17239,22803
17240,22804
17241,22805
17242,22806
17243,22807
17244,22808
17245,22809
17246,22810
17247,22811
17248,22812
17249,22813
17250,22814
17251,22815
17252,22816
17253,22817
17254,22818
17255,22819
17256,22820
17257,22821
17258,22822
17259,22823
17260,22824
17261,22825
17262,22826
17263,22827
17264,22828
17265,22829
17266,22830
17267,22831
17268,22832
17269,22833
17270,22834
17271,22835
17272,22836
17273,22837
17274,22838
17275,22839
17276,22840
17277,22841
17278,22842
17279,22843
17280,22844
17281,22845
17282,22846
17283,22847
17284,22848
17285,22849
17286,22850
17287,22851
17288,22852
17289,22853
17290,22854
17291,22855
17292,22856
17293,22857
17294,22858
17295,22859
17296,22860
17297,22861
17298,22862
17299,22863
17300,22864
17301,22865
17302,22866
17303,22867
17304,22868
17305,22869
17306,22870
17307,22871
17308,22872
17309,22873
17310,22874
17311,22875
17312,22876
17313,22877
17314,22878
17315,22879
17316,22880
17317,22881
17318,22882
17319,22883
17320,22884
17321,22885
17322,22886
17323,22887
17324,22888
17325,22889
17326,22890
17327,22891
17328,22892
17329,22893
17330,22894
17331,22895
17332,22896
17333,22897
17334,22898
17335,22899
17336,22900
17337,22901
17338,22902
17339,22903
17340,22906
17341,22907
17342,22908
17343,22909
17344,22912
17345,22913
17346,22914
17347,22915
17348,22918
17349,22919
17350,22920
17351,22921
17352,22924
17353,22925
17354,22926
17355,22927
17356,22930
17357,22931
17358,22932
17359,22933
17360,22936
17361,22937
17362,22938
17363,22939
17364,22942
17365,22943
17366,22944
17367,22945
17368,22948
17369,22949
17370,22950
17371,22951
17372,22954
17373,22955
17374,22956
17375,22957
17376,22960
17377,22961
17378,22962
17379,22963
17380,22966
17381,22967
17382,22968
17383,22969
17384,22972
17385,22973
17386,22974
17387,22975
17388,22978
17389,22979
17390,22980
17391,22981
17392,22984
17393,22985
17394,22986
17395,22987
17396,22990
17397,22991
17398,22992
17399,22993
17400,22996
17401,22997
17402,22998
17403,22999
17404,23002
17405,23003
17406,23004
17407,23005
17408,23008
17409,23009
17410,23010
17411,23011
17412,23014
17413,23015
17414,23016
17415,23017
17416,23020
17417,23021
17418,23022
17419,23023
17420,23026
17421,23027
17422,23028
17423,23029
17424,23032
17425,23033
17426,23034
17427,23035
17428,23038
17429,23039
17430,23040
17431,23041
17432,23044
17433,23045
17434,23046
17435,23047
17436,23050
17437,23051
17438,23052
17439,23053
17440,23056
17441,23057
17442,23058
17443,23059
17444,23062
17445,23063
17446,23064
17447,23065
17448,23068
17449,23069
17450,23070
17451,23071
17452,23074
17453,23075
17454,23076
17455,23077
17456,23080
17457,23081
17458,23082
17459,23083
17460,23086
17461,23087
17462,23088
17463,23089
17464,23092
17465,23093
17466,23094
17467,23095
17468,23098
17469,23099
17470,23100
17471,23101
17472,23104
17473,23105
17474,23106
17475,23107
17476,23110
17477,23111
17478,23112
17479,23113
17480,23116
17481,23117
17482,23118
17483,23119
17484,23122
17485,23123
17486,23124
17487,23125
17488,23128
17489,23129
17490,23130
17491,23131
17492,23134
17493,23135
17494,23136
17495,23137
17496,23140
17497,23141
17498,23142
17499,23143
17500,23146
17501,23147
17502,23148
17503,23149
17504,23152
17505,23153
17506,23154
17507,23155
17508,23158
17509,23159
17510,23160
17511,23161
17512,23164
17513,23165
17514,23166
17515,23167
17516,23170
17517,23171
17518,23172
17519,23173
17520,23176
17521,23177
17522,23178
17523,23179
17524,23182
17525,23183
17526,23184
17527,23185
17528,23188
17529,23189
17530,23190
17531,23191
17532,23194
17533,23195
17534,23196
17535,23197
17536,23200
17537,23201
17538,23202
17539,23203
17540,23206
17541,23207
17542,23208
17543,23209
17544,23212
17545,23213
17546,23214
17547,23215
17548,23218
17549,23219
17550,23220
17551,23221
17552,23224
17553,23225
17554,23226
17555,23227
17556,23230
17557,23231
17558,23232
17559,23233
17560,23236
17561,23237
17562,23238
17563,23239
17564,23242
17565,23243
17566,23244
17567,23245
17568,23248
17569,23249
17570,23250
17571,23251
17572,23254
17573,23255
17574,23256
17575,23257
17576,23260
17577,23261
17578,23262
17579,23263
17580,23264
17581,23265
17582,23268
17583,23269
17584,23270
17585,23271
17586,23274
17587,23275
17588,23276
17589,23277
17590,23280
17591,23281
17592,23282
17593,23283
17594,23286
17595,23287
17596,23288
17597,23289
17598,23292
17599,23293
17600,23294
17601,23295
17602,23298
17603,23299
17604,23300
17605,23301
17606,23304
17607,23305
17608,23306
17609,23307
17610,23310
17611,23311
17612,23312
17613,23313
17614,23316
17615,23317
17616,23318
17617,23319
17618,23322
17619,23323
17620,23324
17621,23325
17622,23328
17623,23329
17624,23330
17625,23331
17626,23334
17627,23335
17628,23336
17629,23337
17630,23340
17631,23341
17632,23342
17633,23343
17634,23346
17635,23347
17636,23348
17637,23349
17638,23352
17639,23353
17640,23354
17641,23355
17642,23358
17643,23359
17644,23360
17645,23361
17646,23364
17647,23365
17648,23366
17649,23367
17650,23370
17651,23371
17652,23372
17653,23373
17654,23376
17655,23377
17656,23378
17657,23379
17658,23382
17659,23383
17660,23384
17661,23385
17662,23388
17663,23389
17664,23390
17665,23391
17666,23394
17667,23395
17668,23396
17669,23397
17670,23400
17671,23401
17672,23402
17673,23403
17674,23406
17675,23407
17676,23408
17677,23409
17678,23412
17679,23413
17680,23414
17681,23415
17682,23418
17683,23419
17684,23420
17685,23421
17686,23424
17687,23425
17688,23426
17689,23427
17690,23430
17691,23431
17692,23432
17693,23433
17694,23436
17695,23437
17696,23438
17697,23439
17698,23442
17699,23443
17700,23444
17701,23445
17702,23448
17703,23449
17704,23450
17705,23451
17706,23454
17707,23455
17708,23456
17709,23457
17710,23460
17711,23461
17712,23462
17713,23463
17714,23466
17715,23467
17716,23468
17717,23469
17718,23472
17719,23473
17720,23474
17721,23475
17722,23478
17723,23479
17724,23480
17725,23481
17726,23484
17727,23485
17728,23486
17729,23487
17730,23490
17731,23491
17732,23492
17733,23493
17734,23496
17735,23497
17736,23498
17737,23499
17738,23502
17739,23503
17740,23504
17741,23505
17742,23508
17743,23509
17744,23510
17745,23511
17746,23514
17747,23515
17748,23516
17749,23517
17750,23520
17751,23521
17752,23522
17753,23523
17754,23526
17755,23527
17756,23528
17757,23529
17758,23532
17759,23533
17760,23534
17761,23535
17762,23538
17763,23539
17764,23540
17765,23541
17766,23544
17767,23545
17768,23546
17769,23547
17770,23550
17771,23551
17772,23552
17773,23553
17774,23556
17775,23557
17776,23558
17777,23559
17778,23562
17779,23563
17780,23564
17781,23565
17782,23568
17783,23569
17784,23570
17785,23571
17786,23574
17787,23575
17788,23576
17789,23577
17790,23580
17791,23581
17792,23582
17793,23583
17794,23586
17795,23587
17796,23588
17797,23589
17798,23592
17799,23593
17800,23594
17801,23595
17802,23598
17803,23599
17804,23600
17805,23601
17806,23604
17807,23605
17808,23606
17809,23607
17810,23610
17811,23611
17812,23612
17813,23613
17814,23616
17815,23617
17816,23618
17817,23619
17818,23622
17819,23623
17820,23624
17821,23625
17822,23628
17823,23629
17824,23630
17825,23631
17826,23634
17827,23635
17828,23636
17829,23637
17830,23640
17831,23641
17832,23642
17833,23643
17834,23646
17835,23647
17836,23648
17837,23649
17838,23652
17839,23653
17840,23654
17841,23655
17842,23658
17843,23659
17844,23660
17845,23661
17846,23664
17847,23665
17848,23666
17849,23667
17850,23670
17851,23671
17852,23672
17853,23673
17854,23676
17855,23677
17856,23678
17857,23679
17858,23682
17859,23683
17860,23684
17861,23685
17862,23688
17863,23689
17864,23690
17865,23691
17866,23694
17867,23695
17868,23696
17869,23697
17870,23700
17871,23701
17872,23702
17873,23703
17874,23706
17875,23707
17876,23708
17877,23709
17878,23712
17879,23713
17880,23714
17881,23715
17882,23718
17883,23719
17884,23720
17885,23721
17886,23724
17887,23725
17888,23726
17889,23727
17890,23730
17891,23731
17892,23732
17893,23733
17894,23736
17895,23737
17896,23738
17897,23739
17898,23742
17899,23743
17900,23744
17901,23745
17902,23748
17903,23749
17904,23750
17905,23751
17906,23754
17907,23755
17908,23756
17909,23757
17910,23758
17911,23760
17912,23761
17913,23762
17914,23763
17915,23764
17916,23766
17917,23767
17918,23768
17919,23769
17920,23770
17921,23772
17922,23773
17923,23774
17924,23775
17925,23776
17926,23778
17927,23779
17928,23780
17929,23781
17930,23782
17931,23784
17932,23785
17933,23786
17934,23787
17935,23788
17936,23790
17937,23791
17938,23792
17939,23793
17940,23794
17941,23796
17942,23797
17943,23798
17944,23799
17945,23800
17946,23802
17947,23803
17948,23804
17949,23805
17950,23806
17951,23808
17952,23809
17953,23810
17954,23811
17955,23812
17956,23814
17957,23815
17958,23816
17959,23817
17960,23818
17961,23820
17962,23821
17963,23822
17964,23823
17965,23824
17966,23826
17967,23827
17968,23828
17969,23829
17970,23830
17971,23832
17972,23833
17973,23834
17974,23835
17975,23836
17976,23838
17977,23839
17978,23840
17979,23841
17980,23842
17981,23844
17982,23845
17983,23846
17984,23847
17985,23848
17986,23850
17987,23851
17988,23852
17989,23853
17990,23854
17991,23856
17992,23857
17993,23858
17994,23859
17995,23860
17996,23862
17997,23863
17998,23864
17999,23865
18000,23866
18001,23868
18002,23869
18003,23870
18004,23871
18005,23872
18006,23874
18007,23875
18008,23876
18009,23877
18010,23878
18011,23880
18012,23881
18013,23882
18014,23883
18015,23884
18016,23886
18017,23887
18018,23888
18019,23889
18020,23890
18021,23892
18022,23893
18023,23894
18024,23895
18025,23896
18026,23898
18027,23899
18028,23900
18029,23901
18030,23902
18031,23903
18032,23904
18033,23905
18034,23906
18035,23907
18036,23910
18037,23911
18038,23912
18039,23913
18040,23916
18041,23917
18042,23918
18043,23919
18044,23922
18045,23923
18046,23924
18047,23925
18048,23928
18049,23929
18050,23930
18051,23931
18052,23934
18053,23935
18054,23936
18055,23937
18056,23940
18057,23941
18058,23942
18059,23943
18060,23946
18061,23947
18062,23948
18063,23949
18064,23952
18065,23953
18066,23954
18067,23955
18068,23958
18069,23959
18070,23960
18071,23961
18072,23964
18073,23965
18074,23966
18075,23967
18076,23970
18077,23971
18078,23972
18079,23973
18080,23976
18081,23977
18082,23978
18083,23979
18084,23982
18085,23983
18086,23984
18087,23985
18088,23988
18089,23989
18090,23990
18091,23991
18092,23994
18093,23995
18094,23996
18095,23997
18096,24000
18097,24001
18098,24002
18099,24003
18100,24006
18101,24007
18102,24008
18103,24009
18104,24012
18105,24013
18106,24014
18107,24015
18108,24018
18109,24019
18110,24020
18111,24021
18112,24024
18113,24025
18114,24026
18115,24027
18116,24030
18117,24031
18118,24032
18119,24033
18120,24036
18121,24037
18122,24038
18123,24039
18124,24042
18125,24043
18126,24044
18127,24045
18128,24048
18129,24049
18130,24050
18131,24051
18132,24054
18133,24055
18134,24056
18135,24057
18136,24060
18137,24061
18138,24062
18139,24063
18140,24066
18141,24067
18142,24068
18143,24069
18144,24072
18145,24073
18146,24074
18147,24075
18148,24078
18149,24079
18150,24080
18151,24081
18152,24084
18153,24085
18154,24086
18155,24087
18156,24090
18157,24091
18158,24092
18159,24093
18160,24096
18161,24097
18162,24098
18163,24099
18164,24102
18165,24103
18166,24104
18167,24105
18168,24108
18169,24109
18170,24110
18171,24111
18172,24114
18173,24115
18174,24116
18175,24117
18176,24120
18177,24121
18178,24122
18179,24123
18180,24126
18181,24127
18182,24128
18183,24129
18184,24132
18185,24133
18186,24134
18187,24135
18188,24138
18189,24139
18190,24140
18191,24141
18192,24144
18193,24145
18194,24146
18195,24147
18196,24150
18197,24151
18198,24152
18199,24153
18200,24156
18201,24157
18202,24158
18203,24159
18204,24162
18205,24163
18206,24164
18207,24165
18208,24168
18209,24169
18210,24170
18211,24171
18212,24174
18213,24175
18214,24176
18215,24177
18216,24180
18217,24181
18218,24182
18219,24183
18220,24186
18221,24187
18222,24188
18223,24189
18224,24192
18225,24193
18226,24194
18227,24195
18228,24198
18229,24199
18230,24200
18231,24201
18232,24204
18233,24205
18234,24206
18235,24207
18236,24210
18237,24211
18238,24212
18239,24213
18240,24216
18241,24217
18242,24218
18243,24219
18244,24222
18245,24223
18246,24224
18247,24225
18248,24228
18249,24229
18250,24230
18251,24231
18252,24234
18253,24235
18254,24236
18255,24237
18256,24240
18257,24241
18258,24242
18259,24243
18260,24246
18261,24247
18262,24248
18263,24249
18264,24252
18265,24253
18266,24254
18267,24255
18268,24258
18269,24259
18270,24260
18271,24261
18272,24264
18273,24265
18274,24266
18275,24267
18276,24268
18277,24269
18278,24270
18279,24271
18280,24272
18281,24273
18282,24274
18283,24275
18284,24276
18285,24277
18286,24278
18287,24279
18288,24280
18289,24281
18290,24282
18291,24283
18292,24284
18293,24285
18294,24286
18295,24287
18296,24288
18297,24289
18298,24290
18299,24291
18300,24292
18301,24293
18302,24294
18303,24295
18304,24296
18305,24297
18306,24298
18307,24299
18308,24300
18309,24301
18310,24302
18311,24303
18312,24304
18313,24305
18314,24306
18315,24307
18316,24308
18317,24309
18318,24310
18319,24311
18320,24312
18321,24313
18322,24314
18323,24315
18324,24316
18325,24317
18326,24318
18327,24319
18328,24320
18329,24321
18330,24322
18331,24323
18332,24324
18333,24325
18334,24326
18335,24327
18336,24328
18337,24329
18338,24330
18339,24331
18340,24332
18341,24333
18342,24334
18343,24335
18344,24336
18345,24337
18346,24338
18347,24339
18348,24340
18349,24341
18350,24342
18351,24343
18352,24344
18353,24345
18354,24346
18355,24347
18356,24348
18357,24349
18358,24350
18359,24351
18360,24352
18361,24353
18362,24354
18363,24355
18364,24356
18365,24357
18366,24358
18367,24359
18368,24360
18369,24361
18370,24362
18371,24363
18372,24364
18373,24365
18374,24366
18375,24367
18376,24368
18377,24369
18378,24370
18379,24371
18380,24372
18381,24373
18382,24374
18383,24375
18384,24376
18385,24377
18386,24378
18387,24379
18388,24380
18389,24381
18390,24382
18391,24383
18392,24384
18393,24385
18394,24386
18395,24387
18396,24388
18397,24389
18398,24390
18399,24391
18400,24392
18401,24393
18402,24394
18403,24395
18404,24396
18405,24397
18406,24398
18407,24399
18408,24400
18409,24401
18410,24402
18411,24403
18412,24404
18413,24405
18414,24406
18415,24407
18416,24408
18417,24409
18418,24410
18419,24411
18420,24412
18421,24413
18422,24414
18423,24415
18424,24416
18425,24417
18426,24418
18427,24419
18428,24420
18429,24421
18430,24422
18431,24423
18432,24424
18433,24425
18434,24426
18435,24427
18436,24428
18437,24429
18438,24430
18439,24431
18440,24432
18441,24433
18442,24434
18443,24435
18444,24436
18445,24437
18446,24438
18447,24439
18448,24440
18449,24441
18450,24442
18451,24443
18452,24444
18453,24445
18454,24446
18455,24447
18456,24448
18457,24449
18458,24450
18459,24451
18460,24452
18461,24453
18462,24454
18463,24455
18464,24456
18465,24457
18466,24458
18467,24459
18468,24460
18469,24461
18470,24462
18471,24463
18472,24464
18473,24465
18474,24466
18475,24467
18476,24468
18477,24469
18478,24470
18479,24471
18480,24472
18481,24473
18482,24474
18483,24475
18484,24476
18485,24477
18486,24478
18487,24479
18488,24480
18489,24481
18490,24482
18491,24483
18492,24484
18493,24485
18494,24486
18495,24487
18496,24488
18497,24489
18498,24490
18499,24491
18500,24492
18501,24493
18502,24494
18503,24495
18504,24496
18505,24497
18506,24498
18507,24499
18508,24500
18509,24501
18510,24502
18511,24503
18512,24504
18513,24505
18514,24506
18515,24507
18516,24508
18517,24509
18518,24510
18519,24511
18520,24512
18521,24513
18522,24514
18523,24515
18524,24516
18525,24517
18526,24518
18527,24519
18528,24520
18529,24521
18530,24522
18531,24523
18532,24524
18533,24525
18534,24526
18535,24527
18536,24528
18537,24529
18538,24530
18539,24531
18540,24532
18541,24533
18542,24534
18543,24535
18544,24536
18545,24537
18546,24538
18547,24539
18548,24540
18549,24541
18550,24542
18551,24543
18552,24544
18553,24545
18554,24546
18555,24547
18556,24548
18557,24549
18558,24550
18559,24551
18560,24552
18561,24553
18562,24554
18563,24555
18564,24556
18565,24557
18566,24558
18567,24559
18568,24560
18569,24561
18570,24562
18571,24563
18572,24564
18573,24565
18574,24566
18575,24567
18576,24568
18577,24569
18578,24570
18579,24571
18580,24572
18581,24573
18582,24574
18583,24575
18584,24576
18585,24577
18586,24578
18587,24579
18588,24580
18589,24581
18590,24582
18591,24583
18592,24584
18593,24585
18594,24586
18595,24587
18596,24588
18597,24589
18598,24590
18599,24591
18600,24592
18601,24593
18602,24594
18603,24595
18604,24596
18605,24597
18606,24598
18607,24599
18608,24600
18609,24601
18610,24602
18611,24603
18612,24604
18613,24605
18614,24606
18615,24607
18616,24608
18617,24609
18618,24610
18619,24611
18620,24612
18621,24613
18622,24614
18623,24615
18624,24616
18625,24617
18626,24618
18627,24619
18628,24620
18629,24621
18630,24622
18631,24623
18632,24624
18633,24625
18634,24626
18635,24627
18636,24628
18637,24629
18638,24630
18639,24631
18640,24632
18641,24633
18642,24634
18643,24635
18644,24636
18645,24637
18646,24638
18647,24639
18648,24640
18649,24641
18650,24642
18651,24643
18652,24644
18653,24645
18654,24646
18655,24647
18656,24648
18657,24649
18658,24650
18659,24651
18660,24652
18661,24653
18662,24654
18663,24655
18664,24656
18665,24657
18666,24658
18667,24659
18668,24660
18669,24661
18670,24662
18671,24663
18672,24664
18673,24665
18674,24666
18675,24667
18676,24668
18677,24669
18678,24670
18679,24671
18680,24672
18681,24673
18682,24674
18683,24675
18684,24676
18685,24677
18686,24678
18687,24679
18688,24680
18689,24681
18690,24682
18691,24683
18692,24684
18693,24685
18694,24686
18695,24687
18696,24688
18697,24689
18698,24690
18699,24691
18700,24692
18701,24693
18702,24694
18703,24695
18704,24696
18705,24697
18706,24698
18707,24699
18708,24700
18709,24701
18710,24702
18711,24703
18712,24704
18713,24705
18714,24706
18715,24707
18716,24708
18717,24709
18718,24710
18719,24711
18720,24712
18721,24713
18722,24714
18723,24715
18724,24716
18725,24717
18726,24718
18727,24719
18728,24720
18729,24721
18730,24722
18731,24723
18732,24724
18733,24725
18734,24726
18735,24727
18736,24728
18737,24729
18738,24730
18739,24731
18740,24732
18741,24733
18742,24734
18743,24735
18744,24736
18745,24737
18746,24738
18747,24739
18748,24740
18749,24741
18750,24742
18751,24743
18752,24744
18753,24745
18754,24746
18755,24747
18756,24748
18757,24749
18758,24750
18759,24751
18760,24752
18761,24753
18762,24754
18763,24755
18764,24756
18765,24757
18766,24758
18767,24759
18768,24760
18769,24761
18770,24762
18771,24763
18772,24764
18773,24765
18774,24766
18775,24767
18776,24768
18777,24769
18778,24770
18779,24771
18780,24772
18781,24773
18782,24774
18783,24775
18784,24776
18785,24777
18786,24778
18787,24779
18788,24780
18789,24781
18790,24782
18791,24783
18792,24784
18793,24785
18794,24786
18795,24787
18796,24788
18797,24789
18798,24790
18799,24791
18800,24792
18801,24793
18802,24794
18803,24795
18804,24796
18805,24797
18806,24798
18807,24799
18808,24800
18809,24801
18810,24802
18811,24803
18812,24804
18813,24805
18814,24806
18815,24807
18816,24808
18817,24809
18818,24810
18819,24811
18820,24812
18821,24813
18822,24814
18823,24815
18824,24816
18825,24817
18826,24818
18827,24819
18828,24820
18829,24821
18830,24822
18831,24823
18832,24824
18833,24825
18834,24826
18835,24827
18836,24828
18837,24829
18838,24830
18839,24831
18840,24832
18841,24833
18842,24834
18843,24835
18844,24836
18845,24837
18846,24838
18847,24839
18848,24840
18849,24841
18850,24842
18851,24843
18852,24844
18853,24845
18854,24846
18855,24847
18856,24848
18857,24849
18858,24850
18859,24851
18860,24852
18861,24853
18862,24854
18863,24855
18864,24856
18865,24857
18866,24858
18867,24859
18868,24860
18869,24861
18870,24862
18871,24863
18872,24864
18873,24865
18874,24866
18875,24867
18876,24868
18877,24869
18878,24870
18879,24871
18880,24872
18881,24873
18882,24874
18883,24875
18884,24876
18885,24877
18886,24878
18887,24879
18888,24880
18889,24881
18890,24882
18891,24883
18892,24884
18893,24885
18894,24886
18895,24887
18896,24888
18897,24889
18898,24890
18899,24891
18900,24892
18901,24893
18902,24894
18903,24895
18904,24896
18905,24897
18906,24898
18907,24899
18908,24900
18909,24901
18910,24902
18911,24903
18912,24904
18913,24905
18914,24906
18915,24907
18916,24908
18917,24909
18918,24910
18919,24911
18920,24912
18921,24913
18922,24914
18923,24915
18924,24916
18925,24917
18926,24918
18927,24919
18928,24920
18929,24921
18930,24922
18931,24923
18932,24924
18933,24925
18934,24926
18935,24927
18936,24928
18937,24929
18938,24930
18939,24931
18940,24932
18941,24933
18942,24934
18943,24935
18944,24936
18945,24937
18946,24938
18947,24939
18948,24940
18949,24941
18950,24942
18951,24943
18952,24944
18953,24945
18954,24946
18955,24947
18956,24948
18957,24949
18958,24950
18959,24951
18960,24952
18961,24953
18962,24954
18963,24955
18964,24956
18965,24957
18966,24958
18967,24959
18968,24960
18969,24961
18970,24962
18971,24963
18972,24964
18973,24965
18974,24966
18975,24967
18976,24968
18977,24969
18978,24970
18979,24971
18980,24972
18981,24973
18982,24974
18983,24975
18984,24976
18985,24977
18986,24978
18987,24979
18988,24980
18989,24981
18990,24982
18991,24983
18992,24984
18993,24985
18994,24986
18995,24987
18996,24988
18997,24989
18998,24990
18999,24991
19000,24992
19001,24993
19002,24994
19003,24995
19004,24996
19005,24997
19006,24998
19007,24999
19008,25000
19009,25001
19010,25002
19011,25003
19012,25004
19013,25005
19014,25006
19015,25007
19016,25008
19017,25009
19018,25010
19019,25011
19020,25012
19021,25013
19022,25014
19023,25015
19024,25016
19025,25017
19026,25018
19027,25019
19028,25020
19029,25021
19030,25022
19031,25023
19032,25024
19033,25025
19034,25026
19035,25027
19036,25028
19037,25029
19038,25030
19039,25031
19040,25032
19041,25033
19042,25034
19043,25035
19044,25036
19045,25037
19046,25038
19047,25039
19048,25040
19049,25041
19050,25042
19051,25043
19052,25044
19053,25045
19054,25046
19055,25047
19056,25048
19057,25049
19058,25050
19059,25051
19060,25052
19061,25053
19062,25054
19063,25055
19064,25056
19065,25057
19066,25058
19067,25059
19068,25060
19069,25061
19070,25062
19071,25063
19072,25064
19073,25065
19074,25066
19075,25067
19076,25068
19077,25069
19078,25070
19079,25071
19080,25072
19081,25073
19082,25074
19083,25075
19084,25076
19085,25077
19086,25078
19087,25079
19088,25080
19089,25081
19090,25082
19091,25083
19092,25084
19093,25085
19094,25086
19095,25087
19096,25088
19097,25089
19098,25090
19099,25091
19100,25092
19101,25093
19102,25094
19103,25095
19104,25096
19105,25097
19106,25098
19107,25099
19108,25100
19109,25101
19110,25102
19111,25103
19112,25104
19113,25105
19114,25106
19115,25107
19116,25108
19117,25109
19118,25110
19119,25111
19120,25112
19121,25113
19122,25114
19123,25115
19124,25116
19125,25117
19126,25118
19127,25119
19128,25120
19129,25121
19130,25122
19131,25123
19132,25124
19133,25125
19134,25126
19135,25127
19136,25128
19137,25129
19138,25130
19139,25131
19140,25132
19141,25133
19142,25134
19143,25135
19144,25136
19145,25137
19146,25138
19147,25139
19148,25140
19149,25141
19150,25142
19151,25143
19152,25144
19153,25145
19154,25146
19155,25147
19156,25148
19157,25149
19158,25150
19159,25151
19160,25152
19161,25153
19162,25154
19163,25155
19164,25156
19165,25157
19166,25158
19167,25159
19168,25160
19169,25161
19170,25162
19171,25163
19172,25164
19173,25165
19174,25166
19175,25167
19176,25168
19177,25169
19178,25170
19179,25171
19180,25172
19181,25173
19182,25174
19183,25175
19184,25176
19185,25177
19186,25178
19187,25179
19188,25180
19189,25181
19190,25182
19191,25183
19192,25184
19193,25185
19194,25186
19195,25187
19196,25188
19197,25189
19198,25190
19199,25191
19200,25192
19201,25193
19202,25194
19203,25195
19204,25196
19205,25197
19206,25198
19207,25199
19208,25200
19209,25201
19210,25202
19211,25203
19212,25204
19213,25205
19214,25206
19215,25207
19216,25208
19217,25209
19218,25210
19219,25211
19220,25212
19221,25213
19222,25214
19223,25215
19224,25216
19225,25217
19226,25218
19227,25219
19228,25220
19229,25221
19230,25222
19231,25223
19232,25224
19233,25225
19234,25226
19235,25227
19236,25228
19237,25229
19238,25230
19239,25231
19240,25232
19241,25233
19242,25234
19243,25235
19244,25236
19245,25237
19246,25238
19247,25239
19248,25240
19249,25241
19250,25242
19251,25243
19252,25244
19253,25245
19254,25246
19255,25247
19256,25248
19257,25249
19258,25250
19259,25251
19260,25252
19261,25253
19262,25254
19263,25255
19264,25256
19265,25257
19266,25258
19267,25259
19268,25260
19269,25261
19270,25262
19271,25263
19272,25264
19273,25265
19274,25266
19275,25267
19276,25268
19277,25269
19278,25270
19279,25271
19280,25272
19281,25273
19282,25274
19283,25275
19284,25276
19285,25277
19286,25278
19287,25279
19288,25280
19289,25281
19290,25282
19291,25283
19292,25284
19293,25285
19294,25286
19295,25287
19296,25288
19297,25289
19298,25290
19299,25291
19300,25292
19301,25293
19302,25294
19303,25295
19304,25296
19305,25297
19306,25298
19307,25299
19308,25300
19309,25301
19310,25302
19311,25303
19312,25304
19313,25305
19314,25306
19315,25307
19316,25308
19317,25309
19318,25310
19319,25311
19320,25312
19321,25313
19322,25314
19323,25315
19324,25316
19325,25317
19326,25318
19327,25319
19328,25320
19329,25321
19330,25322
19331,25323
19332,25324
19333,25325
19334,25326
19335,25327
19336,25328
19337,25329
19338,25330
19339,25331
19340,25332
19341,25333
19342,25334
19343,25335
19344,25336
19345,25337
19346,25338
19347,25339
19348,25340
19349,25341
19350,25342
19351,25343
19352,25344
19353,25345
19354,25346
19355,25347
19356,25348
19357,25349
19358,25350
19359,25351
19360,25352
19361,25353
19362,25354
19363,25355
19364,25356
19365,25357
19366,25358
19367,25359
19368,25360
19369,25361
19370,25362
19371,25363
19372,25364
19373,25365
19374,25366
19375,25367
19376,25368
19377,25369
19378,25370
19379,25371
19380,25372
19381,25373
19382,25374
19383,25375
19384,25376
19385,25377
19386,25378
19387,25379
19388,25380
19389,25381
19390,25382
19391,25383
19392,25384
19393,25385
19394,25386
19395,25387
19396,25388
19397,25389
19398,25390
19399,25391
19400,25392
19401,25393
19402,25394
19403,25395
19404,25396
19405,25397
19406,25398
19407,25399
19408,25400
19409,25401
19410,25402
19411,25403
19412,25404
19413,25405
19414,25406
19415,25407
19416,25408
19417,25409
19418,25410
19419,25411
19420,25412
19421,25413
19422,25414
19423,25415
19424,25416
19425,25417
19426,25418
19427,25419
19428,25420
19429,25421
19430,25422
19431,25423
19432,25424
19433,25425
19434,25426
19435,25427
19436,25428
19437,25429
19438,25430
19439,25431
19440,25432
19441,25433
19442,25434
19443,25435
19444,25436
19445,25437
19446,25438
19447,25439
19448,25440
19449,25441
19450,25442
19451,25443
19452,25444
19453,25445
19454,25446
19455,25447
19456,25448
19457,25449
19458,25450
19459,25451
19460,25452
19461,25453
19462,25454
19463,25455
19464,25456
19465,25457
19466,25458
19467,25459
19468,25460
19469,25461
19470,25462
19471,25463
19472,25464
19473,25465
19474,25466
19475,25467
19476,25468
19477,25469
19478,25470
19479,25471
19480,25472
19481,25473
19482,25474
19483,25475
19484,25476
19485,25477
19486,25478
19487,25479
19488,25480
19489,25481
19490,25482
19491,25483
19492,25484
19493,25485
19494,25486
19495,25487
19496,25488
19497,25489
19498,25490
19499,25491
19500,25492
19501,25493
19502,25494
19503,25495
19504,25496
19505,25497
19506,25498
19507,25499
19508,25500
19509,25501
19510,25502
19511,25503
19512,25504
19513,25505
19514,25506
19515,25507
19516,25508
19517,25509
19518,25510
19519,25511
19520,25512
19521,25513
19522,25514
19523,25515
19524,25516
19525,25517
19526,25518
19527,25519
19528,25520
19529,25521
19530,25522
19531,25523
19532,25524
19533,25525
19534,25526
19535,25527
19536,25528
19537,25529
19538,25530
19539,25531
19540,25532
19541,25533
19542,25534
19543,25535
19544,25536
19545,25537
19546,25538
19547,25539
19548,25540
19549,25541
19550,25542
19551,25543
19552,25544
19553,25545
19554,25546
19555,25547
19556,25548
19557,25549
19558,25550
19559,25551
19560,25552
19561,25553
19562,25554
19563,25555
19564,25556
19565,25557
19566,25558
19567,25559
19568,25560
19569,25561
19570,25562
19571,25563
19572,25564
19573,25565
19574,25566
19575,25567
19576,25568
19577,25569
19578,25570
19579,25571
19580,25572
19581,25573
19582,25574
19583,25575
19584,25576
19585,25577
19586,25578
19587,25579
19588,25580
19589,25581
19590,25582
19591,25583
19592,25584
19593,25585
19594,25586
19595,25587
19596,25588
19597,25589
19598,25590
19599,25591
19600,25592
19601,25593
19602,25594
19603,25595
19604,25596
19605,25597
19606,25598
19607,25599
19608,25600
19609,25601
19610,25602
19611,25603
19612,25604
19613,25605
19614,25606
19615,25607
19616,25608
19617,25609
19618,25610
19619,25611
19620,25612
19621,25613
19622,25614
19623,25615
19624,25616
19625,25617
19626,25618
19627,25619
19628,25620
19629,25621
19630,25622
19631,25623
19632,25624
19633,25625
19634,25626
19635,25627
19636,25628
19637,25629
19638,25630
19639,25631
19640,25632
19641,25633
19642,25634
19643,25635
19644,25636
19645,25637
19646,25638
19647,25639
19648,25640
19649,25641
19650,25642
19651,25643
19652,25644
19653,25645
19654,25646
19655,25647
19656,25648
19657,25649
19658,25650
19659,25651
19660,25652
19661,25653
19662,25654
19663,25655
19664,25656
19665,25657
19666,25658
19667,25659
19668,25660
19669,25661
19670,25662
19671,25663
19672,25664
19673,25665
19674,25666
19675,25667
19676,25668
19677,25669
19678,25670
19679,25671
19680,25672
19681,25673
19682,25674
19683,25675
19684,25676
19685,25677
19686,25678
19687,25679
19688,25680
19689,25681
19690,25682
19691,25683
19692,25684
19693,25685
19694,25686
19695,25687
19696,25688
19697,25689
19698,25690
19699,25691
19700,25692
19701,25693
19702,25694
19703,25695
19704,25696
19705,25697
19706,25698
19707,25699
19708,25700
19709,25701
19710,25702
19711,25703
19712,25704
19713,25705
19714,25706
19715,25707
19716,25708
19717,25709
19718,25710
19719,25711
19720,25712
19721,25713
19722,25714
19723,25715
19724,25716
19725,25717
19726,25718
19727,25719
19728,25720
19729,25721
19730,25722
19731,25723
19732,25724
19733,25725
19734,25726
19735,25727
19736,25728
19737,25729
19738,25730
19739,25731
19740,25732
19741,25733
19742,25734
19743,25735
19744,25736
19745,25737
19746,25738
19747,25739
19748,25740
19749,25741
19750,25742
19751,25743
19752,25744
19753,25745
19754,25746
19755,25747
19756,25748
19757,25749
19758,25750
19759,25751
19760,25752
19761,25753
19762,25754
19763,25755
19764,25756
19765,25757
19766,25758
19767,25759
19768,25760
19769,25761
19770,25762
19771,25763
19772,25764
19773,25765
19774,25766
19775,25767
19776,25768
19777,25769
19778,25770
19779,25771
19780,25772
19781,25773
19782,25774
19783,25775
19784,25776
19785,25777
19786,25778
19787,25779
19788,25780
19789,25781
19790,25782
19791,25783
19792,25784
19793,25785
19794,25786
19795,25787
19796,25788
19797,25789
19798,25790
19799,25791
19800,25792
19801,25793
19802,25794
19803,25795
19804,25796
19805,25797
19806,25798
19807,25799
19808,25800
19809,25801
19810,25802
19811,25803
19812,25804
19813,25805
19814,25806
19815,25807
19816,25808
19817,25809
19818,25810
19819,25811
19820,25812
19821,25813
19822,25814
19823,25815
19824,25816
19825,25817
19826,25818
19827,25819
19828,25820
19829,25821
19830,25822
19831,25823
19832,25824
19833,25825
19834,25826
19835,25827
19836,25828
19837,25829
19838,25830
19839,25831
19840,25832
19841,25833
19842,25834
19843,25835
19844,25836
19845,25837
19846,25838
19847,25839
19848,25840
19849,25841
19850,25842
19851,25843
19852,25844
19853,25845
19854,25846
19855,25847
19856,25848
19857,25849
19858,25850
19859,25851
19860,25852
19861,25853
19862,25854
19863,25855
19864,25856
19865,25857
19866,25858
19867,25859
19868,25860
19869,25861
19870,25862
19871,25863
19872,25864
19873,25865
19874,25866
19875,25867
19876,25868
19877,25869
19878,25870
19879,25871
19880,25872
19881,25873
19882,25874
19883,25875
19884,25876
19885,25877
19886,25878
19887,25879
19888,25880
19889,25881
19890,25882
19891,25883
19892,25884
19893,25885
19894,25886
19895,25887
19896,25888
19897,25889
19898,25890
19899,25891
19900,25892
19901,25893
19902,25894
19903,25895
19904,25896
19905,25897
19906,25898
19907,25899
19908,25900
19909,25901
19910,25902
19911,25903
19912,25904
19913,25905
19914,25906
19915,25907
19916,25908
19917,25909
19918,25910
19919,25911
19920,25912
19921,25913
19922,25914
19923,25915
19924,25916
19925,25917
19926,25918
19927,25919
19928,25920
19929,25921
19930,25922
19931,25923
19932,25924
19933,25925
19934,25926
19935,25927
19936,25928
19937,25929
19938,25930
19939,25931
19940,25932
19941,25933
19942,25934
19943,25935
19944,25936
19945,25937
19946,25938
19947,25939
19948,25940
19949,25941
19950,25942
19951,25943
19952,25944
19953,25945
19954,25946
19955,25947
19956,25948
19957,25949
19958,25950
19959,25951
19960,25952
19961,25953
19962,25954
19963,25955
19964,25956
19965,25957
19966,25958
19967,25959
19968,25960
19969,25961
19970,25962
19971,25963
19972,25964
19973,25965
19974,25966
19975,25967
19976,25968
19977,25969
19978,25970
19979,25971
19980,25972
19981,25973
19982,25974
19983,25975
19984,25976
19985,25977
19986,25978
19987,25979
19988,25980
19989,25981
19990,25982
19991,25983
19992,25984
19993,25985
19994,25986
19995,25987
19996,25988
19997,25989
19998,25990
19999,25991
20000,25992
20001,25993
20002,25994
20003,25995
20004,25996
20005,25997
20006,25998
20007,25999
20008,26000
20009,26001
20010,26002
20011,26003
20012,26004
20013,26005
20014,26006
20015,26007
20016,26008
20017,26009
20018,26010
20019,26011
20020,26012
20021,26013
20022,26014
20023,26015
20024,26016
20025,26017
20026,26018
20027,26019
20028,26020
20029,26021
20030,26022
20031,26023
20032,26024
20033,26025
20034,26026
20035,26027
20036,26028
20037,26029
20038,26030
20039,26031
20040,26032
20041,26033
20042,26034
20043,26035
20044,26036
20045,26037
20046,26038
20047,26039
20048,26040
20049,26041
20050,26042
20051,26043
20052,26044
20053,26045
20054,26046
20055,26047
20056,26048
20057,26049
20058,26050
20059,26051
20060,26052
20061,26053
20062,26054
20063,26055
20064,26056
20065,26057
20066,26058
20067,26059
20068,26060
20069,26061
20070,26062
20071,26063
20072,26064
20073,26065
20074,26066
20075,26067
20076,26068
20077,26069
20078,26070
20079,26071
20080,26072
20081,26073
20082,26074
20083,26075
20084,26076
20085,26077
20086,26078
20087,26079
20088,26080
20089,26081
20090,26082
20091,26083
20092,26084
20093,26085
20094,26086
20095,26087
20096,26088
20097,26089
20098,26090
20099,26091
20100,26092
20101,26093
20102,26094
20103,26095
20104,26096
20105,26097
20106,26098
20107,26099
20108,26100
20109,26101
20110,26102
20111,26103
20112,26104
20113,26105
20114,26106
20115,26107
20116,26108
20117,26109
20118,26110
20119,26111
20120,26112
20121,26113
20122,26114
20123,26115
20124,26116
20125,26117
20126,26118
20127,26119
20128,26120
20129,26121
20130,26122
20131,26123
20132,26124
20133,26125
20134,26126
20135,26127
20136,26128
20137,26129
20138,26130
20139,26131
20140,26132
20141,26133
20142,26134
20143,26135
20144,26136
20145,26137
20146,26138
20147,26139
20148,26140
20149,26141
20150,26142
20151,26143
20152,26144
20153,26145
20154,26146
20155,26147
20156,26148
20157,26149
20158,26150
20159,26151
20160,26152
20161,26153
20162,26154
20163,26155
20164,26156
20165,26157
20166,26158
20167,26159
20168,26160
20169,26161
20170,26162
20171,26163
20172,26164
20173,26165
20174,26166
20175,26167
20176,26168
20177,26169
20178,26170
20179,26171
20180,26172
20181,26173
20182,26174
20183,26175
20184,26176
20185,26177
20186,26178
20187,26179
20188,26180
20189,26181
20190,26182
20191,26183
20192,26184
20193,26185
20194,26186
20195,26187
20196,26188
20197,26189
20198,26190
20199,26191
20200,26192
20201,26193
20202,26194
20203,26195
20204,26196
20205,26197
20206,26198
20207,26199
20208,26200
20209,26201
20210,26202
20211,26203
20212,26204
20213,26205
20214,26206
20215,26207
20216,26208
20217,26209
20218,26210
20219,26211
20220,26212
20221,26213
20222,26214
20223,26215
20224,26216
20225,26217
20226,26218
20227,26219
20228,26220
20229,26221
20230,26222
20231,26223
20232,26224
20233,26225
20234,26226
20235,26227
20236,26228
20237,26229
20238,26230
20239,26231
20240,26232
20241,26233
20242,26234
20243,26235
20244,26236
20245,26237
20246,26238
20247,26239
20248,26240
20249,26241
20250,26242
20251,26243
20252,26244
20253,26245
20254,26246
20255,26247
20256,26248
20257,26249
20258,26250
20259,26251
20260,26252
20261,26253
20262,26254
20263,26255
20264,26256
20265,26257
20266,26258
20267,26259
20268,26260
20269,26261
20270,26262
20271,26263
20272,26264
20273,26265
20274,26266
20275,26267
20276,26268
20277,26269
20278,26270
20279,26271
20280,26272
20281,26273
20282,26274
20283,26275
20284,26276
20285,26277
20286,26278
20287,26279
20288,26280
20289,26281
20290,26282
20291,26283
20292,26284
20293,26285
20294,26286
20295,26287
20296,26288
20297,26289
20298,26290
20299,26291
20300,26292
20301,26293
20302,26294
20303,26295
20304,26296
20305,26297
20306,26298
20307,26299
20308,26300
20309,26301
20310,26302
20311,26303
20312,26304
20313,26305
20314,26306
20315,26307
20316,26308
20317,26309
20318,26310
20319,26311
20320,26312
20321,26313
20322,26314
20323,26315
20324,26316
20325,26317
20326,26318
20327,26319
20328,26320
20329,26321
20330,26322
20331,26323
20332,26324
20333,26325
20334,26326
20335,26327
20336,26328
20337,26329
20338,26330
20339,26331
20340,26332
20341,26333
20342,26334
20343,26335
20344,26336
20345,26337
20346,26338
20347,26339
20348,26340
20349,26341
20350,26342
20351,26343
20352,26344
20353,26345
20354,26346
20355,26347
20356,26348
20357,26349
20358,26350
20359,26351
20360,26352
20361,26353
20362,26354
20363,26355
20364,26356
20365,26357
20366,26358
20367,26359
20368,26360
20369,26361
20370,26362
20371,26363
20372,26364
20373,26365
20374,26366
20375,26367
20376,26368
20377,26369
20378,26370
20379,26371
20380,26372
20381,26373
20382,26374
20383,26375
20384,26376
20385,26377
20386,26378
20387,26379
20388,26380
20389,26381
20390,26382
20391,26383
20392,26384
20393,26385
20394,26386
20395,26387
20396,26388
20397,26389
20398,26390
20399,26391
20400,26392
20401,26393
20402,26394
20403,26395
20404,26396
20405,26397
20406,26398
20407,26399
20408,26400
20409,26401
20410,26402
20411,26403
20412,26404
20413,26405
20414,26406
20415,26407
20416,26408
20417,26409
20418,26410
20419,26411
20420,26412
20421,26413
20422,26414
20423,26415
20424,26416
20425,26417
20426,26418
20427,26419
20428,26420
20429,26421
20430,26422
20431,26423
20432,26424
20433,26425
20434,26426
20435,26427
20436,26428
20437,26429
20438,26430
20439,26431
20440,26432
20441,26433
20442,26434
20443,26435
20444,26436
20445,26437
20446,26438
20447,26439
20448,26440
20449,26441
20450,26442
20451,26443
20452,26444
20453,26445
20454,26446
20455,26447
20456,26448
20457,26449
20458,26450
20459,26451
20460,26452
20461,26453
20462,26454
20463,26455
20464,26456
20465,26457
20466,26458
20467,26459
20468,26460
20469,26461
20470,26462
20471,26463
20472,26464
20473,26465
20474,26466
20475,26467
20476,26468
20477,26469
20478,26470
20479,26471
20480,26472
20481,26473
20482,26474
20483,26475
20484,26476
20485,26477
20486,26478
20487,26479
20488,26480
20489,26481
20490,26482
20491,26483
20492,26484
20493,26485
20494,26486
20495,26487
20496,26488
20497,26489
20498,26490
20499,26491
20500,26492
20501,26493
20502,26494
20503,26495
20504,26496
20505,26497
20506,26498
20507,26499
20508,26500
20509,26501
20510,26502
20511,26503
20512,26504
20513,26505
20514,26506
20515,26507
20516,26508
20517,26509
20518,26510
20519,26511
20520,26512
20521,26513
20522,26514
20523,26515
20524,26516
20525,26517
20526,26518
20527,26519
20528,26520
20529,26521
20530,26522
20531,26523
20532,26524
20533,26525
20534,26526
20535,26527
20536,26528
20537,26529
20538,26530
20539,26531
20540,26532
20541,26533
20542,26534
20543,26535
20544,26536
20545,26537
20546,26538
20547,26539
20548,26540
20549,26541
20550,26542
20551,26543
20552,26544
20553,26545
20554,26546
20555,26547
20556,26548
20557,26549
20558,26550
20559,26551
20560,26552
20561,26553
20562,26554
20563,26555
20564,26556
20565,26557
20566,26558
20567,26559
20568,26560
20569,26561
20570,26562
20571,26563
20572,26564
20573,26565
20574,26566
20575,26567
20576,26568
20577,26569
20578,26570
20579,26571
20580,26572
20581,26573
20582,26574
20583,26575
20584,26576
20585,26577
20586,26578
20587,26579
20588,26580
20589,26581
20590,26582
20591,26583
20592,26584
20593,26585
20594,26586
20595,26587
20596,26588
20597,26589
20598,26590
20599,26591
20600,26592
20601,26593
20602,26594
20603,26595
20604,26596
20605,26597
20606,26598
20607,26599
20608,26600
20609,26601
20610,26602
20611,26603
20612,26604
20613,26605
20614,26606
20615,26607
20616,26608
20617,26609
20618,26610
20619,26611
20620,26612
20621,26613
20622,26614
20623,26615
20624,26616
20625,26617
20626,26618
20627,26619
20628,26620
20629,26621
20630,26622
20631,26623
20632,26624
20633,26625
20634,26626
20635,26627
20636,26628
20637,26629
20638,26630
20639,26631
20640,26632
20641,26633
20642,26634
20643,26635
20644,26636
20645,26637
20646,26638
20647,26639
20648,26640
20649,26641
20650,26642
20651,26643
20652,26644
20653,26645
20654,26646
20655,26647
20656,26648
20657,26649
20658,26650
20659,26651
20660,26652
20661,26653
20662,26654
20663,26655
20664,26656
20665,26657
20666,26658
20667,26659
20668,26660
20669,26661
20670,26662
20671,26663
20672,26664
20673,26665
20674,26666
20675,26667
20676,26668
20677,26669
20678,26670
20679,26671
20680,26672
20681,26673
20682,26674
20683,26675
20684,26676
20685,26677
20686,26678
20687,26679
20688,26680
20689,26681
20690,26682
20691,26683
20692,26684
20693,26685
20694,26686
20695,26687
20696,26688
20697,26689
20698,26690
20699,26691
20700,26692
20701,26693
20702,26694
20703,26695
20704,26696
20705,26697
20706,26698
20707,26699
20708,26700
20709,26701
20710,26702
20711,26703
20712,26704
20713,26705
20714,26706
20715,26707
20716,26708
20717,26709
20718,26710
20719,26711
20720,26712
20721,26713
20722,26714
20723,26715
20724,26716
20725,26717
20726,26718
20727,26719
20728,26720
20729,26721
20730,26722
20731,26723
20732,26724
20733,26725
20734,26726
20735,26727
20736,26728
20737,26729
20738,26730
20739,26731
20740,26732
20741,26733
20742,26734
20743,26735
20744,26736
20745,26737
20746,26738
20747,26739
20748,26740
20749,26741
20750,26742
20751,26743
20752,26744
20753,26745
20754,26746
20755,26747
20756,26748
20757,26749
20758,26750
20759,26751
20760,26752
20761,26753
20762,26754
20763,26755
20764,26756
20765,26757
20766,26758
20767,26759
20768,26760
20769,26761
20770,26762
20771,26763
20772,26764
20773,26765
20774,26766
20775,26767
20776,26768
20777,26769
20778,26770
20779,26771
20780,26772
20781,26773
20782,26774
20783,26775
20784,26776
20785,26777
20786,26778
20787,26779
20788,26780
20789,26781
20790,26782
20791,26783
20792,26784
20793,26785
20794,26786
20795,26787
20796,26788
20797,26789
20798,26790
20799,26791
20800,26792
20801,26793
20802,26794
20803,26795
20804,26796
20805,26797
20806,26798
20807,26799
20808,26800
20809,26801
20810,26802
20811,26803
20812,26804
20813,26805
20814,26806
20815,26807
20816,26808
20817,26809
20818,26810
20819,26811
20820,26812
20821,26813
20822,26814
20823,26815
20824,26816
20825,26817
20826,26818
20827,26819
20828,26820
20829,26821
20830,26822
20831,26823
20832,26824
20833,26825
20834,26826
20835,26827
20836,26828
20837,26829
20838,26830
20839,26831
20840,26832
20841,26833
20842,26834
20843,26835
20844,26836
20845,26837
20846,26838
20847,26839
20848,26840
20849,26841
20850,26842
20851,26843
20852,26844
20853,26845
20854,26846
20855,26847
20856,26848
20857,26849
20858,26850
20859,26851
20860,26852
20861,26853
20862,26854
20863,26855
20864,26856
20865,26857
20866,26858
20867,26859
20868,26860
20869,26861
20870,26862
20871,26863
20872,26864
20873,26865
20874,26866
20875,26867
20876,26868
20877,26869
20878,26870
20879,26871
20880,26872
20881,26873
20882,26874
20883,26875
20884,26876
20885,26877
20886,26878
20887,26879
20888,26880
20889,26881
20890,26882
20891,26883
20892,26884
20893,26885
20894,26886
20895,26887
20896,26888
20897,26889
20898,26890
20899,26891
20900,26892
20901,26893
20902,26894
20903,26895
20904,26896
20905,26897
20906,26898
20907,26899
20908,26900
20909,26901
20910,26902
20911,26903
20912,26904
20913,26905
20914,26906
20915,26907
20916,26908
20917,26909
20918,26910
20919,26911
20920,26912
20921,26913
20922,26914
20923,26915
20924,26916
20925,26917
20926,26918
20927,26919
20928,26920
20929,26921
20930,26922
20931,26923
20932,26924
20933,26925
20934,26926
20935,26927
20936,26928
20937,26929
20938,26930
20939,26931
20940,26932
20941,26933
20942,26934
20943,26935
20944,26936
20945,26937
20946,26938
20947,26939
20948,26940
20949,26941
20950,26942
20951,26943
20952,26944
20953,26945
20954,26946
20955,26947
20956,26948
20957,26949
20958,26950
20959,26951
20960,26952
20961,26953
20962,26954
20963,26955
20964,26956
20965,26957
20966,26958
20967,26959
20968,26960
20969,26961
20970,26962
20971,26963
20972,26964
20973,26965
20974,26966
20975,26967
20976,26968
20977,26969
20978,26970
20979,26971
20980,26972
20981,26973
20982,26974
20983,26975
20984,26976
20985,26977
20986,26978
20987,26979
20988,26980
20989,26981
20990,26982
20991,26983
20992,26984
20993,26985
20994,26986
20995,26987
20996,26988
20997,26989
20998,26990
20999,26991
21000,26992
21001,26993
21002,26994
21003,26995
21004,26996
21005,26997
21006,26998
21007,26999
21008,27000
21009,27001
21010,27002
21011,27003
21012,27004
21013,27005
21014,27006
21015,27007
21016,27008
21017,27009
21018,27010
21019,27011
21020,27012
21021,27013
21022,27014
21023,27015
21024,27016
21025,27017
21026,27018
21027,27019
21028,27020
21029,27021
21030,27022
21031,27023
21032,27024
21033,27025
21034,27026
21035,27027
21036,27028
21037,27029
21038,27030
21039,27031
21040,27032
21041,27033
21042,27034
21043,27035
21044,27036
21045,27037
21046,27038
21047,27039
21048,27040
21049,27041
21050,27042
21051,27043
21052,27044
21053,27045
21054,27046
21055,27047
21056,27048
21057,27049
21058,27050
21059,27051
21060,27052
21061,27053
21062,27054
21063,27055
21064,27056
21065,27057
21066,27058
21067,27059
21068,27060
21069,27061
21070,27062
21071,27063
21072,27064
21073,27065
21074,27066
21075,27067
21076,27068
21077,27069
21078,27070
21079,27071
21080,27072
21081,27073
21082,27074
21083,27075
21084,27076
21085,27077
21086,27078
21087,27079
21088,27080
21089,27081
21090,27082
21091,27083
21092,27084
21093,27085
21094,27086
21095,27087
21096,27088
21097,27089
21098,27090
21099,27091
21100,27092
21101,27093
21102,27094
21103,27095
21104,27096
21105,27097
21106,27098
21107,27099
21108,27100
21109,27101
21110,27102
21111,27103
21112,27104
21113,27105
21114,27106
21115,27107
21116,27108
21117,27109
21118,27110
21119,27111
21120,27112
21121,27113
21122,27114
21123,27115
21124,27116
21125,27117
21126,27118
21127,27119
21128,27120
21129,27121
21130,27122
21131,27123
21132,27124
21133,27125
21134,27126
21135,27127
21136,27128
21137,27129
21138,27130
21139,27131
21140,27132
21141,27133
21142,27134
21143,27135
21144,27136
21145,27137
21146,27138
21147,27139
21148,27140
21149,27141
21150,27142
21151,27143
21152,27144
21153,27145
21154,27146
21155,27147
21156,27148
21157,27149
21158,27150
21159,27151
21160,27152
21161,27153
21162,27154
21163,27155
21164,27156
21165,27157
21166,27158
21167,27159
21168,27160
21169,27161
21170,27162
21171,27163
21172,27164
21173,27165
21174,27166
21175,27167
21176,27168
21177,27169
21178,27170
21179,27171
21180,27172
21181,27173
21182,27174
21183,27175
21184,27176
21185,27177
21186,27178
21187,27179
21188,27180
21189,27181
21190,27182
21191,27183
21192,27184
21193,27185
21194,27186
21195,27187
21196,27188
21197,27189
21198,27190
21199,27191
21200,27192
21201,27193
21202,27194
21203,27195
21204,27196
21205,27197
21206,27198
21207,27199
21208,27200
21209,27201
21210,27202
21211,27203
21212,27204
21213,27205
21214,27206
21215,27207
21216,27208
21217,27209
21218,27210
21219,27211
21220,27212
21221,27213
21222,27214
21223,27215
21224,27216
21225,27217
21226,27218
21227,27219
21228,27220
21229,27221
21230,27222
21231,27223
21232,27224
21233,27225
21234,27226
21235,27227
21236,27228
21237,27229
21238,27230
21239,27231
21240,27232
21241,27233
21242,27234
21243,27235
21244,27236
21245,27237
21246,27238
21247,27239
21248,27240
21249,27241
21250,27242
21251,27243
21252,27244
21253,27245
21254,27246
21255,27247
21256,27248
21257,27249
21258,27250
21259,27251
21260,27252
21261,27253
21262,27254
21263,27255
21264,27256
21265,27257
21266,27258
21267,27259
21268,27260
21269,27261
21270,27262
21271,27263
21272,27264
21273,27265
21274,27266
21275,27267
21276,27268
21277,27269
21278,27270
21279,27271
21280,27272
21281,27273
21282,27274
21283,27275
21284,27276
21285,27277
21286,27278
21287,27279
21288,27280
21289,27281
21290,27282
21291,27283
21292,27284
21293,27285
21294,27286
21295,27287
21296,27288
21297,27289
21298,27290
21299,27291
21300,27292
21301,27293
21302,27294
21303,27295
21304,27296
21305,27297
21306,27298
21307,27299
21308,27300
21309,27301
21310,27302
21311,27303
21312,27304
21313,27305
21314,27306
21315,27307
21316,27308
21317,27309
21318,27310
21319,27311
21320,27312
21321,27313
21322,27314
21323,27315
21324,27316
21325,27317
21326,27318
21327,27319
21328,27320
21329,27321
21330,27322
21331,27323
21332,27324
21333,27325
21334,27326
21335,27327
21336,27328
21337,27329
21338,27330
21339,27331
21340,27332
21341,27333
21342,27334
21343,27335
21344,27336
21345,27337
21346,27338
21347,27339
21348,27340
21349,27341
21350,27342
21351,27343
21352,27344
21353,27345
21354,27346
21355,27347
21356,27348
21357,27349
21358,27350
21359,27351
21360,27352
21361,27353
21362,27354
21363,27355
21364,27356
21365,27357
21366,27358
21367,27359
21368,27360
21369,27361
21370,27362
21371,27363
21372,27364
21373,27365
21374,27366
21375,27367
21376,27368
21377,27369
21378,27370
21379,27371
21380,27372
21381,27373
21382,27374
21383,27375
21384,27376
21385,27377
21386,27378
21387,27379
21388,27380
21389,27381
21390,27382
21391,27383
21392,27384
21393,27385
21394,27386
21395,27387
21396,27388
21397,27389
21398,27390
21399,27391
21400,27392
21401,27393
21402,27394
21403,27395
21404,27396
21405,27397
21406,27398
21407,27399
21408,27400
21409,27401
21410,27402
21411,27403
21412,27404
21413,27405
21414,27406
21415,27407
21416,27408
21417,27409
21418,27410
21419,27411
21420,27412
21421,27413
21422,27414
21423,27415
21424,27416
21425,27417
21426,27418
21427,27419
21428,27420
21429,27421
21430,27422
21431,27423
21432,27424
21433,27425
21434,27426
21435,27427
21436,27428
21437,27429
21438,27430
21439,27431
21440,27432
21441,27433
21442,27434
21443,27435
21444,27436
21445,27437
21446,27438
21447,27439
21448,27440
21449,27441
21450,27442
21451,27443
21452,27444
21453,27445
21454,27446
21455,27447
21456,27448
21457,27449
21458,27450
21459,27451
21460,27452
21461,27453
21462,27454
21463,27455
21464,27456
21465,27457
21466,27458
21467,27459
21468,27460
21469,27461
21470,27462
21471,27463
21472,27464
21473,27465
21474,27466
21475,27467
21476,27468
21477,27469
21478,27470
21479,27471
21480,27472
21481,27473
21482,27474
21483,27475
21484,27476
21485,27477
21486,27478
21487,27479
21488,27480
21489,27481
21490,27482
21491,27483
21492,27484
21493,27485
21494,27486
21495,27487
21496,27488
21497,27489
21498,27490
21499,27491
21500,27492
21501,27493
21502,27494
21503,27495
21504,27496
21505,27497
21506,27498
21507,27499
21508,27500
21509,27501
21510,27502
21511,27503
21512,27504
21513,27505
21514,27506
21515,27507
21516,27508
21517,27509
21518,27510
21519,27511
21520,27512
21521,27513
21522,27514
21523,27515
21524,27516
21525,27517
21526,27518
21527,27519
21528,27520
21529,27521
21530,27522
21531,27523
21532,27524
21533,27525
21534,27526
21535,27527
21536,27528
21537,27529
21538,27530
21539,27531
21540,27532
21541,27533
21542,27534
21543,27535
21544,27536
21545,27537
21546,27538
21547,27539
21548,27540
21549,27541
21550,27542
21551,27543
21552,27544
21553,27545
21554,27546
21555,27547
21556,27548
21557,27549
21558,27550
21559,27551
21560,27552
21561,27553
21562,27554
21563,27555
21564,27556
21565,27557
21566,27558
21567,27559
21568,27560
21569,27561
21570,27562
21571,27563
21572,27564
21573,27565
21574,27566
21575,27567
21576,27568
21577,27569
21578,27570
21579,27571
21580,27572
21581,27573
21582,27574
21583,27575
21584,27576
21585,27577
21586,27578
21587,27579
21588,27580
21589,27581
21590,27582
21591,27583
21592,27584
21593,27585
21594,27586
21595,27587
21596,27588
21597,27589
21598,27590
21599,27591
21600,27592
21601,27593
21602,27594
21603,27595
21604,27596
21605,27597
21606,27598
21607,27599
21608,27600
21609,27601
21610,27602
21611,27603
21612,27604
21613,27605
21614,27606
21615,27607
21616,27608
21617,27609
21618,27610
21619,27611
21620,27612
21621,27613
21622,27614
21623,27615
21624,27616
21625,27617
21626,27618
21627,27619
21628,27620
21629,27621
21630,27622
21631,27623
21632,27624
21633,27625
21634,27626
21635,27627
21636,27628
21637,27629
21638,27630
21639,27631
21640,27632
21641,27633
21642,27634
21643,27635
21644,27636
21645,27637
21646,27638
21647,27639
21648,27640
21649,27641
21650,27642
21651,27643
21652,27644
21653,27645
21654,27646
21655,27647
21656,27648
21657,27649
21658,27650
21659,27651
21660,27652
21661,27653
21662,27654
21663,27655
21664,27656
21665,27657
21666,27658
21667,27659
21668,27660
21669,27661
21670,27662
21671,27663
21672,27664
21673,27665
21674,27666
21675,27667
21676,27668
21677,27669
21678,27670
21679,27671
21680,27672
21681,27673
21682,27674
21683,27675
21684,27676
21685,27677
21686,27678
21687,27679
21688,27680
21689,27681
21690,27682
21691,27683
21692,27684
21693,27685
21694,27686
21695,27687
21696,27688
21697,27689
21698,27690
21699,27691
21700,27692
21701,27693
21702,27694
21703,27695
21704,27696
21705,27697
21706,27698
21707,27699
21708,27700
21709,27701
21710,27702
21711,27703
21712,27704
21713,27705
21714,27706
21715,27707
21716,27708
21717,27709
21718,27710
21719,27711
21720,27712
21721,27713
21722,27714
21723,27715
21724,27716
21725,27717
21726,27718
21727,27719
21728,27720
21729,27721
21730,27722
21731,27723
21732,27724
21733,27725
21734,27726
21735,27727
21736,27728
21737,27729
21738,27730
21739,27731
21740,27732
21741,27733
21742,27734
21743,27735
21744,27736
21745,27737
21746,27738
21747,27739
21748,27740
21749,27741
21750,27742
21751,27743
21752,27744
21753,27745
21754,27746
21755,27747
21756,27748
21757,27749
21758,27750
21759,27751
21760,27752
21761,27753
21762,27754
21763,27755
21764,27756
21765,27757
21766,27758
21767,27759
21768,27760
21769,27761
21770,27762
21771,27763
21772,27764
21773,27765
21774,27766
21775,27767
21776,27768
21777,27769
21778,27770
21779,27771
21780,27772
21781,27773
21782,27774
21783,27775
21784,27776
21785,27777
21786,27778
21787,27779
21788,27780
21789,27781
21790,27782
21791,27783
21792,27784
21793,27785
21794,27786
21795,27787
21796,27788
21797,27789
21798,27790
21799,27791
21800,27792
21801,27793
21802,27794
21803,27795
21804,27796
21805,27797
21806,27798
21807,27799
21808,27800
21809,27801
21810,27802
21811,27803
21812,27804
21813,27805
21814,27806
21815,27807
21816,27808
21817,27809
21818,27810
21819,27811
21820,27812
21821,27813
21822,27814
21823,27815
21824,27816
21825,27817
21826,27818
21827,27819
21828,27820
21829,27821
21830,27822
21831,27823
21832,27824
21833,27825
21834,27826
21835,27827
21836,27828
21837,27829
21838,27830
21839,27831
21840,27832
21841,27833
21842,27834
21843,27835
21844,27836
21845,27837
21846,27838
21847,27839
21848,27840
21849,27841
21850,27842
21851,27843
21852,27844
21853,27845
21854,27846
21855,27847
21856,27848
21857,27849
21858,27850
21859,27851
21860,27852
21861,27853
21862,27854
21863,27855
21864,27856
21865,27857
21866,27858
21867,27859
21868,27860
21869,27861
21870,27862
21871,27863
21872,27864
21873,27865
21874,27866
21875,27867
21876,27868
21877,27869
21878,27870
21879,27871
21880,27872
21881,27873
21882,27874
21883,27875
21884,27876
21885,27877
21886,27878
21887,27879
21888,27880
21889,27881
21890,27882
21891,27883
21892,27884
21893,27885
21894,27886
21895,27887
21896,27888
21897,27889
21898,27890
21899,27891
21900,27892
21901,27893
21902,27894
21903,27895
21904,27896
21905,27897
21906,27898
21907,27899
21908,27900
21909,27901
21910,27902
21911,27903
21912,27904
21913,27905
21914,27906
21915,27907
21916,27908
21917,27909
21918,27910
21919,27911
21920,27912
21921,27913
21922,27914
21923,27915
21924,27916
21925,27917
21926,27918
21927,27919
21928,27920
21929,27921
21930,27922
21931,27923
21932,27924
21933,27925
21934,27926
21935,27927
21936,27928
21937,27929
21938,27930
21939,27931
21940,27932
21941,27933
21942,27934
21943,27935
21944,27936
21945,27937
21946,27938
21947,27939
21948,27940
21949,27941
21950,27942
21951,27943
21952,27944
21953,27945
21954,27946
21955,27947
21956,27948
21957,27949
21958,27950
21959,27951
21960,27952
21961,27953
21962,27954
21963,27955
21964,27956
21965,27957
21966,27958
21967,27959
21968,27960
21969,27961
21970,27962
21971,27963
21972,27964
21973,27965
21974,27966
21975,27967
21976,27968
21977,27969
21978,27970
21979,27971
21980,27972
21981,27973
21982,27974
21983,27975
21984,27976
21985,27977
21986,27978
21987,27979
21988,27980
21989,27981
21990,27982
21991,27983
21992,27984
21993,27985
21994,27986
21995,27987
21996,27988
21997,27989
21998,27990
21999,27991
22000,27992
22001,27993
22002,27994
22003,27995
22004,27996
22005,27997
22006,27998
22007,27999
22008,28000
22009,28001
22010,28002
22011,28003
22012,28004
22013,28005
22014,28006
22015,28007
22016,28008
22017,28009
22018,28010
22019,28011
22020,28012
22021,28013
22022,28014
22023,28015
22024,28016
22025,28017
22026,28018
22027,28019
22028,28020
22029,28021
22030,28022
22031,28023
22032,28024
22033,28025
22034,28026
22035,28027
22036,28028
22037,28029
22038,28030
22039,28031
22040,28032
22041,28033
22042,28034
22043,28035
22044,28036
22045,28037
22046,28038
22047,28039
22048,28040
22049,28041
22050,28042
22051,28043
22052,28044
22053,28045
22054,28046
22055,28047
22056,28048
22057,28049
22058,28050
22059,28051
22060,28052
22061,28053
22062,28054
22063,28055
22064,28056
22065,28057
22066,28058
22067,28059
22068,28060
22069,28061
22070,28062
22071,28063
22072,28064
22073,28065
22074,28066
22075,28067
22076,28068
22077,28069
22078,28070
22079,28071
22080,28072
22081,28073
22082,28074
22083,28075
22084,28076
22085,28077
22086,28078
22087,28079
22088,28080
22089,28081
22090,28082
22091,28083
22092,28084
22093,28085
22094,28086
22095,28087
22096,28088
22097,28089
22098,28090
22099,28091
22100,28092
22101,28093
22102,28094
22103,28095
22104,28096
22105,28097
22106,28098
22107,28099
22108,28100
22109,28101
22110,28102
22111,28103
22112,28104
22113,28105
22114,28106
22115,28107
22116,28108
22117,28109
22118,28110
22119,28111
22120,28112
22121,28113
22122,28114
22123,28115
22124,28116
22125,28117
22126,28118
22127,28119
22128,28120
22129,28121
22130,28122
22131,28123
22132,28124
22133,28125
22134,28126
22135,28127
22136,28128
22137,28129
22138,28130
22139,28131
22140,28132
22141,28133
22142,28134
22143,28135
22144,28136
22145,28137
22146,28138
22147,28139
22148,28140
22149,28141
22150,28142
22151,28143
22152,28144
22153,28145
22154,28146
22155,28147
22156,28148
22157,28149
22158,28150
22159,28151
22160,28152
22161,28153
22162,28154
22163,28155
22164,28156
22165,28157
22166,28158
22167,28159
22168,28160
22169,28161
22170,28162
22171,28163
22172,28164
22173,28165
22174,28166
22175,28167
22176,28168
22177,28169
22178,28170
22179,28171
22180,28172
22181,28173
22182,28174
22183,28175
22184,28176
22185,28177
22186,28178
22187,28179
22188,28180
22189,28181
22190,28182
22191,28183
22192,28184
22193,28185
22194,28186
22195,28187
22196,28188
22197,28189
22198,28190
22199,28191
22200,28192
22201,28193
22202,28194
22203,28195
22204,28196
22205,28197
22206,28198
22207,28199
22208,28200
22209,28201
22210,28202
22211,28203
22212,28204
22213,28205
22214,28206
22215,28207
22216,28208
22217,28209
22218,28210
22219,28211
22220,28212
22221,28213
22222,28214
22223,28215
22224,28216
22225,28217
22226,28218
22227,28219
22228,28220
22229,28221
22230,28222
22231,28223
22232,28224
22233,28225
22234,28226
22235,28227
22236,28228
22237,28229
22238,28230
22239,28231
22240,28232
22241,28233
22242,28234
22243,28235
22244,28236
22245,28237
22246,28238
22247,28239
22248,28240
22249,28241
22250,28242
22251,28243
22252,28244
22253,28245
22254,28246
22255,28247
22256,28248
22257,28249
22258,28250
22259,28251
22260,28252
22261,28253
22262,28254
22263,28255
22264,28256
22265,28257
22266,28258
22267,28259
22268,28260
22269,28261
22270,28262
22271,28263
22272,28264
22273,28265
22274,28266
22275,28267
22276,28268
22277,28269
22278,28270
22279,28271
22280,28272
22281,28273
22282,28274
22283,28275
22284,28276
22285,28277
22286,28278
22287,28279
22288,28280
22289,28281
22290,28282
22291,28283
22292,28284
22293,28285
22294,28286
22295,28287
22296,28288
22297,28289
22298,28290
22299,28291
22300,28292
22301,28293
22302,28294
22303,28295
22304,28296
22305,28297
22306,28298
22307,28299
22308,28300
22309,28301
22310,28302
22311,28303
22312,28304
22313,28305
22314,28306
22315,28307
22316,28308
22317,28309
22318,28310
22319,28311
22320,28312
22321,28313
22322,28314
22323,28315
22324,28316
22325,28317
22326,28318
22327,28319
22328,28320
22329,28321
22330,28322
22331,28323
22332,28324
22333,28325
22334,28326
22335,28327
22336,28328
22337,28329
22338,28330
22339,28331
22340,28332
22341,28333
22342,28334
22343,28335
22344,28336
22345,28337
22346,28338
22347,28339
22348,28340
22349,28341
22350,28342
22351,28343
22352,28344
22353,28345
22354,28346
22355,28347
22356,28348
22357,28349
22358,28350
22359,28351
22360,28352
22361,28353
22362,28354
22363,28355
22364,28356
22365,28357
22366,28358
22367,28359
22368,28360
22369,28361
22370,28362
22371,28363
22372,28364
22373,28365
22374,28366
22375,28367
22376,28368
22377,28369
22378,28370
22379,28371
22380,28372
22381,28373
22382,28374
22383,28375
22384,28376
22385,28377
22386,28378
22387,28379
22388,28380
22389,28381
22390,28382
22391,28383
22392,28384
22393,28385
22394,28386
22395,28387
22396,28388
22397,28389
22398,28390
22399,28391
22400,28392
22401,28393
22402,28394
22403,28395
22404,28396
22405,28397
22406,28398
22407,28399
22408,28400
22409,28401
22410,28402
22411,28403
22412,28404
22413,28405
22414,28406
22415,28407
22416,28408
22417,28409
22418,28410
22419,28411
22420,28412
22421,28413
22422,28414
22423,28415
22424,28416
22425,28417
22426,28418
22427,28419
22428,28420
22429,28421
22430,28422
22431,28423
22432,28424
22433,28425
22434,28426
22435,28427
22436,28428
22437,28429
22438,28430
22439,28431
22440,28432
22441,28433
22442,28434
22443,28435
22444,28436
22445,28437
22446,28438
22447,28439
22448,28440
22449,28441
22450,28442
22451,28443
22452,28444
22453,28445
22454,28446
22455,28447
22456,28448
22457,28449
22458,28450
22459,28451
22460,28452
22461,28453
22462,28454
22463,28455
22464,28456
22465,28457
22466,28458
22467,28459
22468,28460
22469,28461
22470,28462
22471,28463
22472,28464
22473,28465
22474,28466
22475,28467
22476,28468
22477,28469
22478,28470
22479,28471
22480,28472
22481,28473
22482,28474
22483,28475
22484,28476
22485,28477
22486,28478
22487,28479
22488,28480
22489,28481
22490,28482
22491,28483
22492,28484
22493,28485
22494,28486
22495,28487
22496,28488
22497,28489
22498,28490
22499,28491
22500,28492
22501,28493
22502,28494
22503,28495
22504,28496
22505,28497
22506,28498
22507,28499
22508,28500
22509,28501
22510,28502
22511,28503
22512,28504
22513,28505
22514,28506
22515,28507
22516,28508
22517,28509
22518,28510
22519,28511
22520,28512
22521,28513
22522,28514
22523,28515
22524,28516
22525,28517
22526,28518
22527,28519
22528,28520
22529,28521
22530,28522
22531,28523
22532,28524
22533,28525
22534,28526
22535,28527
22536,28528
22537,28529
22538,28530
22539,28531
22540,28532
22541,28533
22542,28534
22543,28535
22544,28536
22545,28537
22546,28538
22547,28539
22548,28540
22549,28541
22550,28542
22551,28543
22552,28544
22553,28545
22554,28546
22555,28547
22556,28548
22557,28549
22558,28550
22559,28551
22560,28552
22561,28553
22562,28554
22563,28555
22564,28556
22565,28557
22566,28558
22567,28559
22568,28560
22569,28561
22570,28562
22571,28563
22572,28564
22573,28565
22574,28566
22575,28567
22576,28568
22577,28569
22578,28570
22579,28571
22580,28572
22581,28573
22582,28574
22583,28575
22584,28576
22585,28577
22586,28578
22587,28579
22588,28580
22589,28581
22590,28582
22591,28583
22592,28584
22593,28585
22594,28586
22595,28587
22596,28588
22597,28589
22598,28590
22599,28591
22600,28592
22601,28593
22602,28594
22603,28595
22604,28596
22605,28597
22606,28598
22607,28599
22608,28600
22609,28601
22610,28602
22611,28603
22612,28604
22613,28605
22614,28606
22615,28607
22616,28608
22617,28609
22618,28610
22619,28611
22620,28612
22621,28613
22622,28614
22623,28615
22624,28616
22625,28617
22626,28618
22627,28619
22628,28620
22629,28621
22630,28622
22631,28623
22632,28624
22633,28625
22634,28626
22635,28627
22636,28628
22637,28629
22638,28630
22639,28631
22640,28632
22641,28633
22642,28634
22643,28635
22644,28636
22645,28637
22646,28638
22647,28639
22648,28640
22649,28641
22650,28642
22651,28643
22652,28644
22653,28645
22654,28646
22655,28647
22656,28648
22657,28649
22658,28650
22659,28651
22660,28652
22661,28653
22662,28654
22663,28655
22664,28656
22665,28657
22666,28658
22667,28659
22668,28660
22669,28661
22670,28662
22671,28663
22672,28664
22673,28665
22674,28666
22675,28667
22676,28668
22677,28669
22678,28670
22679,28671
22680,28672
22681,28673
22682,28674
22683,28675
22684,28676
22685,28677
22686,28678
22687,28679
22688,28680
22689,28681
22690,28682
22691,28683
22692,28684
22693,28685
22694,28686
22695,28687
22696,28688
22697,28689
22698,28690
22699,28691
22700,28692
22701,28693
22702,28694
22703,28695
22704,28696
22705,28697
22706,28698
22707,28699
22708,28700
22709,28701
22710,28702
22711,28703
22712,28704
22713,28705
22714,28706
22715,28707
22716,28708
22717,28709
22718,28710
22719,28711
22720,28712
22721,28713
22722,28714
22723,28715
22724,28716
22725,28717
22726,28718
22727,28719
22728,28720
22729,28721
22730,28722
22731,28723
22732,28724
22733,28725
22734,28726
22735,28727
22736,28728
22737,28729
22738,28730
22739,28731
22740,28732
22741,28733
22742,28734
22743,28735
22744,28736
22745,28737
22746,28738
22747,28739
22748,28740
22749,28741
22750,28742
22751,28743
22752,28744
22753,28745
22754,28746
22755,28747
22756,28748
22757,28749
22758,28750
22759,28751
22760,28752
22761,28753
22762,28754
22763,28755
22764,28756
22765,28757
22766,28758
22767,28759
22768,28760
22769,28761
22770,28762
22771,28763
22772,28764
22773,28765
22774,28766
22775,28767
22776,28768
22777,28769
22778,28770
22779,28771
22780,28772
22781,28773
22782,28774
22783,28775
22784,28776
22785,28777
22786,28778
22787,28779
22788,28780
22789,28781
22790,28782
22791,28783
22792,28784
22793,28785
22794,28786
22795,28787
22796,28788
22797,28789
22798,28790
22799,28791
22800,28792
22801,28793
22802,28794
22803,28795
22804,28796
22805,28797
22806,28798
22807,28799
22808,28800
22809,28801
22810,28802
22811,28803
22812,28804
22813,28805
22814,28806
22815,28807
22816,28808
22817,28809
22818,28810
22819,28811
22820,28812
22821,28813
22822,28814
22823,28815
22824,28816
22825,28817
22826,28818
22827,28819
22828,28820
22829,28821
22830,28822
22831,28823
22832,28824
22833,28825
22834,28826
22835,28827
22836,28828
22837,28829
22838,28830
22839,28831
22840,28832
22841,28833
22842,28834
22843,28835
22844,28836
22845,28837
22846,28838
22847,28839
22848,28840
22849,28841
22850,28842
22851,28843
22852,28844
22853,28845
22854,28846
22855,28847
22856,28848
22857,28849
22858,28850
22859,28851
22860,28852
22861,28853
22862,28854
22863,28855
22864,28856
22865,28857
22866,28858
22867,28859
22868,28860
22869,28861
22870,28862
22871,28863
22872,28864
22873,28865
22874,28866
22875,28867
22876,28868
22877,28869
22878,28870
22879,28871
22880,28872
22881,28873
22882,28874
22883,28875
22884,28876
22885,28877
22886,28878
22887,28879
22888,28880
22889,28881
22890,28882
22891,28883
22892,28884
22893,28885
22894,28886
22895,28887
22896,28888
22897,28889
22898,28890
22899,28891
22900,28892
22901,28893
22902,28894
22903,28895
22904,28896
22905,28897
22906,28898
22907,28899
22908,28900
22909,28901
22910,28902
22911,28903
22912,28904
22913,28905
22914,28906
22915,28907
22916,28908
22917,28909
22918,28910
22919,28911
22920,28912
22921,28913
22922,28914
22923,28915
22924,28916
22925,28917
22926,28918
22927,28919
22928,28920
22929,28921
22930,28922
22931,28923
22932,28924
22933,28925
22934,28926
22935,28927
22936,28928
22937,28929
22938,28930
22939,28931
22940,28932
22941,28933
22942,28934
22943,28935
22944,28936
22945,28937
22946,28938
22947,28939
22948,28940
22949,28941
22950,28942
22951,28943
22952,28944
22953,28945
22954,28946
22955,28947
22956,28948
22957,28949
22958,28950
22959,28951
22960,28952
22961,28953
22962,28954
22963,28955
22964,28956
22965,28957
22966,28958
22967,28959
22968,28960
22969,28961
22970,28962
22971,28963
22972,28964
22973,28965
22974,28966
22975,28967
22976,28968
22977,28969
22978,28970
22979,28971
22980,28972
22981,28973
22982,28974
22983,28975
22984,28976
22985,28977
22986,28978
22987,28979
22988,28980
22989,28981
22990,28982
22991,28983
22992,28984
22993,28985
22994,28986
22995,28987
22996,28988
22997,28989
22998,28990
22999,28991
23000,28992
23001,28993
23002,28994
23003,28995
23004,28996
23005,28997
23006,28998
23007,28999
23008,29000
23009,29001
23010,29002
23011,29003
23012,29004
23013,29005
23014,29006
23015,29007
23016,29008
23017,29009
23018,29010
23019,29011
23020,29012
23021,29013
23022,29014
23023,29015
23024,29016
23025,29017
23026,29018
23027,29019
23028,29020
23029,29021
23030,29022
23031,29023
23032,29024
23033,29025
23034,29026
23035,29027
23036,29028
23037,29029
23038,29030
23039,29031
23040,29032
23041,29033
23042,29034
23043,29035
23044,29036
23045,29037
23046,29038
23047,29039
23048,29040
23049,29041
23050,29042
23051,29043
23052,29044
23053,29045
23054,29046
23055,29047
23056,29048
23057,29049
23058,29050
23059,29051
23060,29052
23061,29053
23062,29054
23063,29055
23064,29056
23065,29057
23066,29058
23067,29059
23068,29060
23069,29061
23070,29062
23071,29063
23072,29064
23073,29065
23074,29066
23075,29067
23076,29068
23077,29069
23078,29070
23079,29071
23080,29072
23081,29073
23082,29074
23083,29075
23084,29076
23085,29077
23086,29078
23087,29079
23088,29080
23089,29081
23090,29082
23091,29083
23092,29084
23093,29085
23094,29086
23095,29087
23096,29088
23097,29089
23098,29090
23099,29091
23100,29092
23101,29093
23102,29094
23103,29095
23104,29096
23105,29097
23106,29098
23107,29099
23108,29100
23109,29101
23110,29102
23111,29103
23112,29104
23113,29105
23114,29106
23115,29107
23116,29108
23117,29109
23118,29110
23119,29111
23120,29112
23121,29113
23122,29114
23123,29115
23124,29116
23125,29117
23126,29118
23127,29119
23128,29120
23129,29121
23130,29122
23131,29123
23132,29124
23133,29125
23134,29126
23135,29127
23136,29128
23137,29129
23138,29130
23139,29131
23140,29132
23141,29133
23142,29134
23143,29135
23144,29136
23145,29137
23146,29138
23147,29139
23148,29140
23149,29141
23150,29142
23151,29143
23152,29144
23153,29145
23154,29146
23155,29147
23156,29148
23157,29149
23158,29150
23159,29151
23160,29152
23161,29153
23162,29154
23163,29155
23164,29156
23165,29157
23166,29158
23167,29159
23168,29160
23169,29161
23170,29162
23171,29163
23172,29164
23173,29165
23174,29166
23175,29167
23176,29168
23177,29169
23178,29170
23179,29171
23180,29172
23181,29173
23182,29174
23183,29175
23184,29176
23185,29177
23186,29178
23187,29179
23188,29180
23189,29181
23190,29182
23191,29183
23192,29184
23193,29185
23194,29186
23195,29187
23196,29188
23197,29189
23198,29190
23199,29191
23200,29192
23201,29193
23202,29194
23203,29195
23204,29196
23205,29197
23206,29198
23207,29199
23208,29200
23209,29201
23210,29202
23211,29203
23212,29204
23213,29205
23214,29206
23215,29207
23216,29208
23217,29209
23218,29210
23219,29211
23220,29212
23221,29213
23222,29214
23223,29215
23224,29216
23225,29217
23226,29218
23227,29219
23228,29220
23229,29221
23230,29222
23231,29223
23232,29224
23233,29225
23234,29226
23235,29227
23236,29228
23237,29229
23238,29230
23239,29231
23240,29232
23241,29233
23242,29234
23243,29235
23244,29236
23245,29237
23246,29238
23247,29239
23248,29240
23249,29241
23250,29242
23251,29243
23252,29244
23253,29245
23254,29246
23255,29247
23256,29248
23257,29249
23258,29250
23259,29251
23260,29252
23261,29253
23262,29254
23263,29255
23264,29256
23265,29257
23266,29258
23267,29259
23268,29260
23269,29261
23270,29262
23271,29263
23272,29264
23273,29265
23274,29266
23275,29267
23276,29268
23277,29269
23278,29270
23279,29271
23280,29272
23281,29273
23282,29274
23283,29275
23284,29276
23285,29277
23286,29278
23287,29279
23288,29280
23289,29281
23290,29282
23291,29283
23292,29284
23293,29285
23294,29286
23295,29287
23296,29288
23297,29289
23298,29290
23299,29291
23300,29292
23301,29293
23302,29294
23303,29295
23304,29296
23305,29297
23306,29298
23307,29299
23308,29300
23309,29301
23310,29302
23311,29303
23312,29304
23313,29305
23314,29306
23315,29307
23316,29308
23317,29309
23318,29310
23319,29311
23320,29312
23321,29313
23322,29314
23323,29315
23324,29316
23325,29317
23326,29318
23327,29319
23328,29320
23329,29321
23330,29322
23331,29323
23332,29324
23333,29325
23334,29326
23335,29327
23336,29328
23337,29329
23338,29330
23339,29331
23340,29332
23341,29333
23342,29334
23343,29335
23344,29336
23345,29337
23346,29338
23347,29339
23348,29340
23349,29341
23350,29342
23351,29343
23352,29344
23353,29345
23354,29346
23355,29347
23356,29348
23357,29349
23358,29350
23359,29351
23360,29352
23361,29353
23362,29354
23363,29355
23364,29356
23365,29357
23366,29358
23367,29359
23368,29360
23369,29361
23370,29362
23371,29363
23372,29364
23373,29365
23374,29366
23375,29367
23376,29368
23377,29369
23378,29370
23379,29371
23380,29372
23381,29373
23382,29374
23383,29375
23384,29376
23385,29377
23386,29378
23387,29379
23388,29380
23389,29381
23390,29382
23391,29383
23392,29384
23393,29385
23394,29386
23395,29387
23396,29388
23397,29389
23398,29390
23399,29391
23400,29392
23401,29393
23402,29394
23403,29395
23404,29396
23405,29397
23406,29398
23407,29399
23408,29400
23409,29401
23410,29402
23411,29403
23412,29404
23413,29405
23414,29406
23415,29407
23416,29408
23417,29409
23418,29410
23419,29411
23420,29412
23421,29413
23422,29414
23423,29415
23424,29416
23425,29417
23426,29418
23427,29419
23428,29420
23429,29421
23430,29422
23431,29423
23432,29424
23433,29425
23434,29426
23435,29427
23436,29428
23437,29429
23438,29430
23439,29431
23440,29432
23441,29433
23442,29434
23443,29435
23444,29436
23445,29437
23446,29438
23447,29439
23448,29440
23449,29441
23450,29442
23451,29443
23452,29444
23453,29445
23454,29446
23455,29447
23456,29448
23457,29449
23458,29450
23459,29451
23460,29452
23461,29453
23462,29454
23463,29455
23464,29456
23465,29457
23466,29458
23467,29459
23468,29460
23469,29461
23470,29462
23471,29463
23472,29464
23473,29465
23474,29466
23475,29467
23476,29468
23477,29469
23478,29470
23479,29471
23480,29472
23481,29473
23482,29474
23483,29475
23484,29476
23485,29477
23486,29478
23487,29479
23488,29480
23489,29481
23490,29482
23491,29483
23492,29484
23493,29485
23494,29486
23495,29487
23496,29488
23497,29489
23498,29490
23499,29491
23500,29492
23501,29493
23502,29494
23503,29495
23504,29496
23505,29497
23506,29498
23507,29499
23508,29500
23509,29501
23510,29502
23511,29503
23512,29504
23513,29505
23514,29506
23515,29507
23516,29508
23517,29509
23518,29510
23519,29511
23520,29512
23521,29513
23522,29514
23523,29515
23524,29516
23525,29517
23526,29518
23527,29519
23528,29520
23529,29521
23530,29522
23531,29523
23532,29524
23533,29525
23534,29526
23535,29527
23536,29528
23537,29529
23538,29530
23539,29531
23540,29532
23541,29533
23542,29534
23543,29535
23544,29536
23545,29537
23546,29538
23547,29539
23548,29540
23549,29541
23550,29542
23551,29543
23552,29544
23553,29545
23554,29546
23555,29547
23556,29548
23557,29549
23558,29550
23559,29551
23560,29552
23561,29553
23562,29554
23563,29555
23564,29556
23565,29557
23566,29558
23567,29559
23568,29560
23569,29561
23570,29562
23571,29563
23572,29564
23573,29565
23574,29566
23575,29567
23576,29568
23577,29569
23578,29570
23579,29571
23580,29572
23581,29573
23582,29574
23583,29575
23584,29576
23585,29577
23586,29578
23587,29579
23588,29580
23589,29581
23590,29582
23591,29583
23592,29584
23593,29585
23594,29586
23595,29587
23596,29588
23597,29589
23598,29590
23599,29591
23600,29592
23601,29593
23602,29594
23603,29595
23604,29596
23605,29597
23606,29598
23607,29599
23608,29600
23609,29601
23610,29602
23611,29603
23612,29604
23613,29605
23614,29606
23615,29607
23616,29608
23617,29609
23618,29610
23619,29611
23620,29612
23621,29613
23622,29614
23623,29615
23624,29616
23625,29617
23626,29618
23627,29619
23628,29620
23629,29621
23630,29622
23631,29623
23632,29624
23633,29625
23634,29626
23635,29627
23636,29628
23637,29629
23638,29630
23639,29631
23640,29632
23641,29633
23642,29634
23643,29635
23644,29636
23645,29637
23646,29638
23647,29639
23648,29640
23649,29641
23650,29642
23651,29643
23652,29644
23653,29645
23654,29646
23655,29647
23656,29648
23657,29649
23658,29650
23659,29651
23660,29652
23661,29653
23662,29654
23663,29655
23664,29656
23665,29657
23666,29658
23667,29659
23668,29660
23669,29661
23670,29662
23671,29663
23672,29664
23673,29665
23674,29666
23675,29667
23676,29668
23677,29669
23678,29670
23679,29671
23680,29672
23681,29673
23682,29674
23683,29675
23684,29676
23685,29677
23686,29678
23687,29679
23688,29680
23689,29681
23690,29682
23691,29683
23692,29684
23693,29685
23694,29686
23695,29687
23696,29688
23697,29689
23698,29690
23699,29691
23700,29692
23701,29693
23702,29694
23703,29695
23704,29696
23705,29697
23706,29698
23707,29699
23708,29700
23709,29701
23710,29702
23711,29703
23712,29704
23713,29705
23714,29706
23715,29707
23716,29708
23717,29709
23718,29710
23719,29711
23720,29712
23721,29713
23722,29714
23723,29715
23724,29716
23725,29717
23726,29718
23727,29719
23728,29720
23729,29721
23730,29722
23731,29723
23732,29724
23733,29725
23734,29726
23735,29727
23736,29728
23737,29729
23738,29730
23739,29731
23740,29732
23741,29733
23742,29734
23743,29735
23744,29736
23745,29737
23746,29738
23747,29739
23748,29740
23749,29741
23750,29742
23751,29743
23752,29744
23753,29745
23754,29746
23755,29747
23756,29748
23757,29749
23758,29750
23759,29751
23760,29752
23761,29753
23762,29754
23763,29755
23764,29756
23765,29757
23766,29758
23767,29759
23768,29760
23769,29761
23770,29762
23771,29763
23772,29764
23773,29765
23774,29766
23775,29767
23776,29768
23777,29769
23778,29770
23779,29771
23780,29772
23781,29773
23782,29774
23783,29775
23784,29776
23785,29777
23786,29778
23787,29779
23788,29780
23789,29781
23790,29782
23791,29783
23792,29784
23793,29785
23794,29786
23795,29787
23796,29788
23797,29789
23798,29790
23799,29791
23800,29792
23801,29793
23802,29794
23803,29795
23804,29796
23805,29797
23806,29798
23807,29799
23808,29800
23809,29801
23810,29802
23811,29803
23812,29804
23813,29805
23814,29806
23815,29807
23816,29808
23817,29809
23818,29810
23819,29811
23820,29812
23821,29813
23822,29814
23823,29815
23824,29816
23825,29817
23826,29818
23827,29819
23828,29820
23829,29821
23830,29822
23831,29823
23832,29824
23833,29825
23834,29826
23835,29827
23836,29828
23837,29829
23838,29830
23839,29831
23840,29832
23841,29833
23842,29834
23843,29835
23844,29836
23845,29837
23846,29838
23847,29839
23848,29840
23849,29841
23850,29842
23851,29843
23852,29844
23853,29845
23854,29846
23855,29847
23856,29848
23857,29849
23858,29850
23859,29851
23860,29852
23861,29853
23862,29854
23863,29855
23864,29856
23865,29857
23866,29858
23867,29859
23868,29860
23869,29861
23870,29862
23871,29863
23872,29864
23873,29865
23874,29866
23875,29867
23876,29868
23877,29869
23878,29870
23879,29871
23880,29872
23881,29873
23882,29874
23883,29875
23884,29876
23885,29877
23886,29878
23887,29879
23888,29880
23889,29881
23890,29882
23891,29883
23892,29884
23893,29885
23894,29886
23895,29887
23896,29888
23897,29889
23898,29890
23899,29891
23900,29892
23901,29893
23902,29894
23903,29895
23904,29896
23905,29897
23906,29898
23907,29899
23908,29900
23909,29901
23910,29902
23911,29903
23912,29904
23913,29905
23914,29906
23915,29907
23916,29908
23917,29909
23918,29910
23919,29911
23920,29912
23921,29913
23922,29914
23923,29915
23924,29916
23925,29917
23926,29918
23927,29919
23928,29920
23929,29921
23930,29922
23931,29923
23932,29924
23933,29925
23934,29926
23935,29927
23936,29928
23937,29929
23938,29930
23939,29931
23940,29932
23941,29933
23942,29934
23943,29935
23944,29936
23945,29937
23946,29938
23947,29939
23948,29940
23949,29941
23950,29942
23951,29943
23952,29944
23953,29945
23954,29946
23955,29947
23956,29948
23957,29949
23958,29950
23959,29951
23960,29952
23961,29953
23962,29954
23963,29955
23964,29956
23965,29957
23966,29958
23967,29959
23968,29960
23969,29961
23970,29962
23971,29963
23972,29964
23973,29965
23974,29966
23975,29967
23976,29968
23977,29969
23978,29970
23979,29971
23980,29972
23981,29973
23982,29974
23983,29975
23984,29976
23985,29977
23986,29978
23987,29979
23988,29980
23989,29981
23990,29982
23991,29983
23992,29984
23993,29985
23994,29986
23995,29987
23996,29988
23997,29989
23998,29990
23999,29991
24000,29992
24001,29993
24002,29994
24003,29995
24004,29996
24005,29997
24006,29998
24007,29999
24008,30000
24009,30001
24010,30002
24011,30003
24012,30004
24013,30005
24014,30006
24015,30007
24016,30008
24017,30009
24018,30010
24019,30011
24020,30012
24021,30013
24022,30014
24023,30015
24024,30016
24025,30017
24026,30018
24027,30019
24028,30020
24029,30021
24030,30022
24031,30023
24032,30024
24033,30025
24034,30026
24035,30027
24036,30028
24037,30029
24038,30030
24039,30031
24040,30032
24041,30033
24042,30034
24043,30035
24044,30036
24045,30037
24046,30038
24047,30039
24048,30040
24049,30041
24050,30042
24051,30043
24052,30044
24053,30045
24054,30046
24055,30047
24056,30048
24057,30049
24058,30050
24059,30051
24060,30052
24061,30053
24062,30054
24063,30055
24064,30056
24065,30057
24066,30058
24067,30059
24068,30060
24069,30061
24070,30062
24071,30063
24072,30064
24073,30065
24074,30066
24075,30067
24076,30068
24077,30069
24078,30070
24079,30071
24080,30072
24081,30073
24082,30074
24083,30075
24084,30076
24085,30077
24086,30078
24087,30079
24088,30080
24089,30081
24090,30082
24091,30083
24092,30084
24093,30085
24094,30086
24095,30087
24096,30088
24097,30089
24098,30090
24099,30091
24100,30092
24101,30093
24102,30094
24103,30095
24104,30096
24105,30097
24106,30098
24107,30099
24108,30100
24109,30101
24110,30102
24111,30103
24112,30104
24113,30105
24114,30106
24115,30107
24116,30108
24117,30109
24118,30110
24119,30111
24120,30112
24121,30113
24122,30114
24123,30115
24124,30116
24125,30117
24126,30118
24127,30119
24128,30120
24129,30121
24130,30122
24131,30123
24132,30124
24133,30125
24134,30126
24135,30127
24136,30128
24137,30129
24138,30130
24139,30131
24140,30132
24141,30133
24142,30134
24143,30135
24144,30136
24145,30137
24146,30138
24147,30139
24148,30140
24149,30141
24150,30142
24151,30143
24152,30144
24153,30145
24154,30146
24155,30147
24156,30148
24157,30149
24158,30150
24159,30151
24160,30152
24161,30153
24162,30154
24163,30155
24164,30156
24165,30157
24166,30158
24167,30159
24168,30160
24169,30161
24170,30162
24171,30163
24172,30164
24173,30165
24174,30166
24175,30167
24176,30168
24177,30169
24178,30170
24179,30171
24180,30172
24181,30173
24182,30174
24183,30175
24184,30176
24185,30177
24186,30178
24187,30179
24188,30180
24189,30181
24190,30182
24191,30183
24192,30184
24193,30185
24194,30186
24195,30187
24196,30188
24197,30189
24198,30190
24199,30191
24200,30192
24201,30193
24202,30194
24203,30195
24204,30196
24205,30197
24206,30198
24207,30199
24208,30200
24209,30201
24210,30202
24211,30203
24212,30204
24213,30205
24214,30206
24215,30207
24216,30208
24217,30209
24218,30210
24219,30211
24220,30212
24221,30213
24222,30214
24223,30215
24224,30216
24225,30217
24226,30218
24227,30219
24228,30220
24229,30221
24230,30222
24231,30223
24232,30224
24233,30225
24234,30226
24235,30227
24236,30228
24237,30229
24238,30230
24239,30231
24240,30232
24241,30233
24242,30234
24243,30235
24244,30236
24245,30237
24246,30238
24247,30239
24248,30240
24249,30241
24250,30242
24251,30243
24252,30244
24253,30245
24254,30246
24255,30247
24256,30248
24257,30249
24258,30250
24259,30251
24260,30252
24261,30253
24262,30254
24263,30255
24264,30256
24265,30257
24266,30258
24267,30259
24268,30260
24269,30261
24270,30262
24271,30263
24272,30264
24273,30265
24274,30266
24275,30267
24276,30268
24277,30269
24278,30270
24279,30271
24280,30272
24281,30273
24282,30274
24283,30275
24284,30276
24285,30277
24286,30278
24287,30279
24288,30280
24289,30281
24290,30282
24291,30283
24292,30284
24293,30285
24294,30286
24295,30287
24296,30288
24297,30289
24298,30290
24299,30291
24300,30292
24301,30293
24302,30294
24303,30295
24304,30296
24305,30297
24306,30298
24307,30299
24308,30300
24309,30301
24310,30302
24311,30303
24312,30304
24313,30305
24314,30306
24315,30307
24316,30308
24317,30309
24318,30310
24319,30311
24320,30312
24321,30313
24322,30314
24323,30315
24324,30316
24325,30317
24326,30318
24327,30319
24328,30320
24329,30321
24330,30322
24331,30323
24332,30324
24333,30325
24334,30326
24335,30327
24336,30328
24337,30329
24338,30330
24339,30331
24340,30332
24341,30333
24342,30334
24343,30335
24344,30336
24345,30337
24346,30338
24347,30339
24348,30340
24349,30341
24350,30342
24351,30343
24352,30344
24353,30345
24354,30346
24355,30347
24356,30348
24357,30349
24358,30350
24359,30351
24360,30352
24361,30353
24362,30354
24363,30355
24364,30356
24365,30357
24366,30358
24367,30359
24368,30360
24369,30361
24370,30362
24371,30363
24372,30364
24373,30365
24374,30366
24375,30367
24376,30368
24377,30369
24378,30370
24379,30371
24380,30372
24381,30373
24382,30374
24383,30375
24384,30376
24385,30377
24386,30378
24387,30379
24388,30380
24389,30381
24390,30382
24391,30383
24392,30384
24393,30385
24394,30386
24395,30387
24396,30388
24397,30389
24398,30390
24399,30391
24400,30392
24401,30393
24402,30394
24403,30395
24404,30396
24405,30397
24406,30398
24407,30399
24408,30400
24409,30401
24410,30402
24411,30403
24412,30404
24413,30405
24414,30406
24415,30407
24416,30408
24417,30409
24418,30410
24419,30411
24420,30412
24421,30413
24422,30414
24423,30415
24424,30416
24425,30417
24426,30418
24427,30419
24428,30420
24429,30421
24430,30422
24431,30423
24432,30424
24433,30425
24434,30426
24435,30427
24436,30428
24437,30429
24438,30430
24439,30431
24440,30432
24441,30433
24442,30434
24443,30435
24444,30436
24445,30437
24446,30438
24447,30439
24448,30440
24449,30441
24450,30442
24451,30443
24452,30444
24453,30445
24454,30446
24455,30447
24456,30448
24457,30449
24458,30450
24459,30451
24460,30452
24461,30453
24462,30454
24463,30455
24464,30456
24465,30457
24466,30458
24467,30459
24468,30460
24469,30461
24470,30462
24471,30463
24472,30464
24473,30465
24474,30466
24475,30467
24476,30468
24477,30469
24478,30470
24479,30471
24480,30472
24481,30473
24482,30474
24483,30475
24484,30476
24485,30477
24486,30478
24487,30479
24488,30480
24489,30481
24490,30482
24491,30483
24492,30484
24493,30485
24494,30486
24495,30487
24496,30488
24497,30489
24498,30490
24499,30491
24500,30492
24501,30493
24502,30494
24503,30495
24504,30496
24505,30497
24506,30498
24507,30499
24508,30500
24509,30501
24510,30502
24511,30503
24512,30504
24513,30505
24514,30506
24515,30507
24516,30508
24517,30509
24518,30510
24519,30511
24520,30512
24521,30513
24522,30514
24523,30515
24524,30516
24525,30517
24526,30518
24527,30519
24528,30520
24529,30521
24530,30522
24531,30523
24532,30524
24533,30525
24534,30526
24535,30527
24536,30528
24537,30529
24538,30530
24539,30531
24540,30532
24541,30533
24542,30534
24543,30535
24544,30536
24545,30537
24546,30538
24547,30539
24548,30540
24549,30541
24550,30542
24551,30543
24552,30544
24553,30545
24554,30546
24555,30547
24556,30548
24557,30549
24558,30550
24559,30551
24560,30552
24561,30553
24562,30554
24563,30555
24564,30556
24565,30557
24566,30558
24567,30559
24568,30560
24569,30561
24570,30562
24571,30563
24572,30564
24573,30565
24574,30566
24575,30567
24576,30568
24577,30569
24578,30570
24579,30571
24580,30572
24581,30573
24582,30574
24583,30575
24584,30576
24585,30577
24586,30578
24587,30579
24588,30580
24589,30581
24590,30582
24591,30583
24592,30584
24593,30585
24594,30586
24595,30587
24596,30588
24597,30589
24598,30590
24599,30591
24600,30592
24601,30593
24602,30594
24603,30595
24604,30596
24605,30597
24606,30598
24607,30599
24608,30600
24609,30601
24610,30602
24611,30603
24612,30604
24613,30605
24614,30606
24615,30607
24616,30608
24617,30609
24618,30610
24619,30611
24620,30612
24621,30613
24622,30614
24623,30615
24624,30616
24625,30617
24626,30618
24627,30619
24628,30620
24629,30621
24630,30622
24631,30623
24632,30624
24633,30625
24634,30626
24635,30627
24636,30628
24637,30629
24638,30630
24639,30631
24640,30632
24641,30633
24642,30634
24643,30635
24644,30636
24645,30637
24646,30638
24647,30639
24648,30640
24649,30641
24650,30642
24651,30643
24652,30644
24653,30645
24654,30646
24655,30647
24656,30648
24657,30649
24658,30650
24659,30651
24660,30652
24661,30653
24662,30654
24663,30655
24664,30656
24665,30657
24666,30658
24667,30659
24668,30660
24669,30661
24670,30662
24671,30663
24672,30664
24673,30665
24674,30666
24675,30667
24676,30668
24677,30669
24678,30670
24679,30671
24680,30672
24681,30673
24682,30674
24683,30675
24684,30676
24685,30677
24686,30678
24687,30679
24688,30680
24689,30681
24690,30682
24691,30683
24692,30684
24693,30685
24694,30686
24695,30687
24696,30688
24697,30689
24698,30690
24699,30691
24700,30692
24701,30693
24702,30694
24703,30695
24704,30696
24705,30697
24706,30698
24707,30699
24708,30700
24709,30701
24710,30702
24711,30703
24712,30704
24713,30705
24714,30706
24715,30707
24716,30708
24717,30709
24718,30710
24719,30711
24720,30712
24721,30713
24722,30714
24723,30715
24724,30716
24725,30717
24726,30718
24727,30719
24728,30720
24729,30721
24730,30722
24731,30723
24732,30724
24733,30725
24734,30726
24735,30727
24736,30728
24737,30729
24738,30730
24739,30731
24740,30732
24741,30733
24742,30734
24743,30735
24744,30736
24745,30737
24746,30738
24747,30739
24748,30740
24749,30741
24750,30742
24751,30743
24752,30744
24753,30745
24754,30746
24755,30747
24756,30748
24757,30749
24758,30750
24759,30751
24760,30752
24761,30753
24762,30754
24763,30755
24764,30756
24765,30757
24766,30758
24767,30759
24768,30760
24769,30761
24770,30762
24771,30763
24772,30764
24773,30765
24774,30766
24775,30767
24776,30768
24777,30769
24778,30770
24779,30771
24780,30772
24781,30773
24782,30774
24783,30775
24784,30776
24785,30777
24786,30778
24787,30779
24788,30780
24789,30781
24790,30782
24791,30783
24792,30784
24793,30785
24794,30786
24795,30787
24796,30788
24797,30789
24798,30790
24799,30791
24800,30792
24801,30793
24802,30794
24803,30795
24804,30796
24805,30797
24806,30798
24807,30799
24808,30800
24809,30801
24810,30802
24811,30803
24812,30804
24813,30805
24814,30806
24815,30807
24816,30808
24817,30809
24818,30810
24819,30811
24820,30812
24821,30813
24822,30814
24823,30815
24824,30816
24825,30817
24826,30818
24827,30819
24828,30820
24829,30821
24830,30822
24831,30823
24832,30824
24833,30825
24834,30826
24835,30827
24836,30828
24837,30829
24838,30830
24839,30831
24840,30832
24841,30833
24842,30834
24843,30835
24844,30836
24845,30837
24846,30838
24847,30839
24848,30840
24849,30841
24850,30842
24851,30843
24852,30844
24853,30845
24854,30846
24855,30847
24856,30848
24857,30849
24858,30850
24859,30851
24860,30852
24861,30853
24862,30854
24863,30855
24864,30856
24865,30857
24866,30858
24867,30859
24868,30860
24869,30861
24870,30862
24871,30863
24872,30864
24873,30865
24874,30866
24875,30867
24876,30868
24877,30869
24878,30870
24879,30871
24880,30872
24881,30873
24882,30874
24883,30875
24884,30876
24885,30877
24886,30878
24887,30879
24888,30880
24889,30881
24890,30882
24891,30883
24892,30884
24893,30885
24894,30886
24895,30887
24896,30888
24897,30889
24898,30890
24899,30891
24900,30892
24901,30893
24902,30894
24903,30895
24904,30896
24905,30897
24906,30898
24907,30899
24908,30900
24909,30901
24910,30902
24911,30903
24912,30904
24913,30905
24914,30906
24915,30907
24916,30908
24917,30909
24918,30910
24919,30911
24920,30912
24921,30913
24922,30914
24923,30915
24924,30916
24925,30917
24926,30918
24927,30919
24928,30920
24929,30921
24930,30922
24931,30923
24932,30924
24933,30925
24934,30926
24935,30927
24936,30928
24937,30929
24938,30930
24939,30931
24940,30932
24941,30933
24942,30934
24943,30935
24944,30936
24945,30937
24946,30938
24947,30939
24948,30940
24949,30941
24950,30942
24951,30943
24952,30944
24953,30945
24954,30946
24955,30947
24956,30948
24957,30949
24958,30950
24959,30951
24960,30952
24961,30953
24962,30954
24963,30955
24964,30956
24965,30957
24966,30958
24967,30959
24968,30960
24969,30961
24970,30962
24971,30963
24972,30964
24973,30965
24974,30966
24975,30967
24976,30968
24977,30969
24978,30970
24979,30971
24980,30972
24981,30973
24982,30974
24983,30975
24984,30976
24985,30977
24986,30978
24987,30979
24988,30980
24989,30981
24990,30982
24991,30983
24992,30984
24993,30985
24994,30986
24995,30987
24996,30988
24997,30989
24998,30990
24999,30991
25000,30992
25001,30993
25002,30994
25003,30995
25004,30996
25005,30997
25006,30998
25007,30999
25008,31000
25009,31001
25010,31002
25011,31003
25012,31004
25013,31005
25014,31006
25015,31007
25016,31008
25017,31009
25018,31010
25019,31011
25020,31012
25021,31013
25022,31014
25023,31015
25024,31016
25025,31017
25026,31018
25027,31019
25028,31020
25029,31021
25030,31022
25031,31023
25032,31024
25033,31025
25034,31026
25035,31027
25036,31028
25037,31029
25038,31030
25039,31031
25040,31032
25041,31033
25042,31034
25043,31035
25044,31036
25045,31037
25046,31038
25047,31039
25048,31040
25049,31041
25050,31042
25051,31043
25052,31044
25053,31045
25054,31046
25055,31047
25056,31048
25057,31049
25058,31050
25059,31051
25060,31052
25061,31053
25062,31054
25063,31055
25064,31056
25065,31057
25066,31058
25067,31059
25068,31060
25069,31061
25070,31062
25071,31063
25072,31064
25073,31065
25074,31066
25075,31067
25076,31068
25077,31069
25078,31070
25079,31071
25080,31072
25081,31073
25082,31074
25083,31075
25084,31076
25085,31077
25086,31078
25087,31079
25088,31080
25089,31081
25090,31082
25091,31083
25092,31084
25093,31085
25094,31086
25095,31087
25096,31088
25097,31089
25098,31090
25099,31091
25100,31092
25101,31093
25102,31094
25103,31095
25104,31096
25105,31097
25106,31098
25107,31099
25108,31100
25109,31101
25110,31102
25111,31103
25112,31104
25113,31105
25114,31106
25115,31107
25116,31108
25117,31109
25118,31110
25119,31111
25120,31112
25121,31113
25122,31114
25123,31115
25124,31116
25125,31117
25126,31118
25127,31119
25128,31120
25129,31121
25130,31122
25131,31123
25132,31124
25133,31125
25134,31126
25135,31127
25136,31128
25137,31129
25138,31130
25139,31131
25140,31132
25141,31133
25142,31134
25143,31135
25144,31136
25145,31137
25146,31138
25147,31139
25148,31140
25149,31141
25150,31142
25151,31143
25152,31144
25153,31145
25154,31146
25155,31147
25156,31148
25157,31149
25158,31150
25159,31151
25160,31152
25161,31153
25162,31154
25163,31155
25164,31156
25165,31157
25166,31158
25167,31159
25168,31160
25169,31161
25170,31162
25171,31163
25172,31164
25173,31165
25174,31166
25175,31167
25176,31168
25177,31169
25178,31170
25179,31171
25180,31172
25181,31173
25182,31174
25183,31175
25184,31176
25185,31177
25186,31178
25187,31179
25188,31180
25189,31181
25190,31182
25191,31183
25192,31184
25193,31185
25194,31186
25195,31187
25196,31188
25197,31189
25198,31190
25199,31191
25200,31192
25201,31193
25202,31194
25203,31195
25204,31196
25205,31197
25206,31198
25207,31199
25208,31200
25209,31201
25210,31202
25211,31203
25212,31204
25213,31205
25214,31206
25215,31207
25216,31208
25217,31209
25218,31210
25219,31211
25220,31212
25221,31213
25222,31214
25223,31215
25224,31216
25225,31217
25226,31218
25227,31219
25228,31220
25229,31221
25230,31222
25231,31223
25232,31224
25233,31225
25234,31226
25235,31227
25236,31228
25237,31229
25238,31230
25239,31231
25240,31232
25241,31233
25242,31234
25243,31235
25244,31236
25245,31237
25246,31238
25247,31239
25248,31240
25249,31241
25250,31242
25251,31243
25252,31244
25253,31245
25254,31246
25255,31247
25256,31248
25257,31249
25258,31250
25259,31251
25260,31252
25261,31253
25262,31254
25263,31255
25264,31256
25265,31257
25266,31258
25267,31259
25268,31260
25269,31261
25270,31262
25271,31263
25272,31264
25273,31265
25274,31266
25275,31267
25276,31268
25277,31269
25278,31270
25279,31271
25280,31272
25281,31273
25282,31274
25283,31275
25284,31276
25285,31277
25286,31278
25287,31279
25288,31280
25289,31281
25290,31282
25291,31283
25292,31284
25293,31285
25294,31286
25295,31287
25296,31288
25297,31289
25298,31290
25299,31291
25300,31292
25301,31293
25302,31294
25303,31295
25304,31296
25305,31297
25306,31298
25307,31299
25308,31300
25309,31301
25310,31302
25311,31303
25312,31304
25313,31305
25314,31306
25315,31307
25316,31308
25317,31309
25318,31310
25319,31311
25320,31312
25321,31313
25322,31314
25323,31315
25324,31316
25325,31317
25326,31318
25327,31319
25328,31320
25329,31321
25330,31322
25331,31323
25332,31324
25333,31325
25334,31326
25335,31327
25336,31328
25337,31329
25338,31330
25339,31331
25340,31332
25341,31333
25342,31334
25343,31335
25344,31336
25345,31337
25346,31338
25347,31339
25348,31340
25349,31341
25350,31342
25351,31343
25352,31344
25353,31345
25354,31346
25355,31347
25356,31348
25357,31349
25358,31350
25359,31351
25360,31352
25361,31353
25362,31354
25363,31355
25364,31356
25365,31357
25366,31358
25367,31359
25368,31360
25369,31361
25370,31362
25371,31363
25372,31364
25373,31365
25374,31366
25375,31367
25376,31368
25377,31369
25378,31370
25379,31371
25380,31372
25381,31373
25382,31374
25383,31375
25384,31376
25385,31377
25386,31378
25387,31379
25388,31380
25389,31381
25390,31382
25391,31383
25392,31384
25393,31385
25394,31386
25395,31387
25396,31388
25397,31389
25398,31390
25399,31391
25400,31392
25401,31393
25402,31394
25403,31395
25404,31396
25405,31397
25406,31398
25407,31399
25408,31400
25409,31401
25410,31402
25411,31403
25412,31404
25413,31405
25414,31406
25415,31407
25416,31408
25417,31409
25418,31410
25419,31411
25420,31412
25421,31413
25422,31414
25423,31415
25424,31416
25425,31417
25426,31418
25427,31419
25428,31420
25429,31421
25430,31422
25431,31423
25432,31424
25433,31425
25434,31426
25435,31427
25436,31428
25437,31429
25438,31430
25439,31431
25440,31432
25441,31433
25442,31434
25443,31435
25444,31436
25445,31437
25446,31438
25447,31439
25448,31440
25449,31441
25450,31442
25451,31443
25452,31444
25453,31445
25454,31446
25455,31447
25456,31448
25457,31449
25458,31450
25459,31451
25460,31452
25461,31453
25462,31454
25463,31455
25464,31456
25465,31457
25466,31458
25467,31459
25468,31460
25469,31461
25470,31462
25471,31463
25472,31464
25473,31465
25474,31466
25475,31467
25476,31468
25477,31469
25478,31470
25479,31471
25480,31472
25481,31473
25482,31474
25483,31475
25484,31476
25485,31477
25486,31478
25487,31479
25488,31480
25489,31481
25490,31482
25491,31483
25492,31484
25493,31485
25494,31486
25495,31487
25496,31488
25497,31489
25498,31490
25499,31491
25500,31492
25501,31493
25502,31494
25503,31495
25504,31496
25505,31497
25506,31498
25507,31499
25508,31500
25509,31501
25510,31502
25511,31503
25512,31504
25513,31505
25514,31506
25515,31507
25516,31508
25517,31509
25518,31510
25519,31511
25520,31512
25521,31513
25522,31514
25523,31515
25524,31516
25525,31517
25526,31518
25527,31519
25528,31520
25529,31521
25530,31522
25531,31523
25532,31524
25533,31525
25534,31526
25535,31527
25536,31528
25537,31529
25538,31530
25539,31531
25540,31532
25541,31533
25542,31534
25543,31535
25544,31536
25545,31537
25546,31538
25547,31539
25548,31540
25549,31541
25550,31542
25551,31543
25552,31544
25553,31545
25554,31546
25555,31547
25556,31548
25557,31549
25558,31550
25559,31551
25560,31552
25561,31553
25562,31554
25563,31555
25564,31556
25565,31557
25566,31558
25567,31559
25568,31560
25569,31561
25570,31562
25571,31563
25572,31564
25573,31565
25574,31566
25575,31567
25576,31568
25577,31569
25578,31570
25579,31571
25580,31572
25581,31573
25582,31574
25583,31575
25584,31576
25585,31577
25586,31578
25587,31579
25588,31580
25589,31581
25590,31582
25591,31583
25592,31584
25593,31585
25594,31586
25595,31587
25596,31588
25597,31589
25598,31590
25599,31591
25600,31592
25601,31593
25602,31594
25603,31595
25604,31596
25605,31597
25606,31598
25607,31599
25608,31600
25609,31601
25610,31602
25611,31603
25612,31604
25613,31605
25614,31606
25615,31607
25616,31608
25617,31609
25618,31610
25619,31611
25620,31612
25621,31613
25622,31614
25623,31615
25624,31616
25625,31617
25626,31618
25627,31619
25628,31620
25629,31621
25630,31622
25631,31623
25632,31624
25633,31625
25634,31626
25635,31627
25636,31628
25637,31629
25638,31630
25639,31631
25640,31632
25641,31633
25642,31634
25643,31635
25644,31636
25645,31637
25646,31638
25647,31639
25648,31640
25649,31641
25650,31642
25651,31643
25652,31644
25653,31645
25654,31646
25655,31647
25656,31648
25657,31649
25658,31650
25659,31651
25660,31652
25661,31653
25662,31654
25663,31655
25664,31656
25665,31657
25666,31658
25667,31659
25668,31660
25669,31661
25670,31662
25671,31663
25672,31664
25673,31665
25674,31666
25675,31667
25676,31668
25677,31669
25678,31670
25679,31671
25680,31672
25681,31673
25682,31674
25683,31675
25684,31676
25685,31677
25686,31678
25687,31679
25688,31680
25689,31681
25690,31682
25691,31683
25692,31684
25693,31685
25694,31686
25695,31687
25696,31688
25697,31689
25698,31690
25699,31691
25700,31692
25701,31693
25702,31694
25703,31695
25704,31696
25705,31697
25706,31698
25707,31699
25708,31700
25709,31701
25710,31702
25711,31703
25712,31704
25713,31705
25714,31706
25715,31707
25716,31708
25717,31709
25718,31710
25719,31711
25720,31712
25721,31713
25722,31714
25723,31715
25724,31716
25725,31717
25726,31718
25727,31719
25728,31720
25729,31721
25730,31722
25731,31723
25732,31724
25733,31725
25734,31726
25735,31727
25736,31728
25737,31729
25738,31730
25739,31731
25740,31732
25741,31733
25742,31734
25743,31735
25744,31736
25745,31737
25746,31738
25747,31739
25748,31740
25749,31741
25750,31742
25751,31743
25752,31744
25753,31745
25754,31746
25755,31747
25756,31748
25757,31749
25758,31750
25759,31751
25760,31752
25761,31753
25762,31754
25763,31755
25764,31756
25765,31757
25766,31758
25767,31759
25768,31760
25769,31761
25770,31762
25771,31763
25772,31764
25773,31765
25774,31766
25775,31767
25776,31768
25777,31769
25778,31770
25779,31771
25780,31772
25781,31773
25782,31774
25783,31775
25784,31776
25785,31777
25786,31778
25787,31779
25788,31780
25789,31781
25790,31782
25791,31783
25792,31784
25793,31785
25794,31786
25795,31787
25796,31788
25797,31789
25798,31790
25799,31791
25800,31792
25801,31793
25802,31794
25803,31795
25804,31796
25805,31797
25806,31798
25807,31799
25808,31800
25809,31801
25810,31802
25811,31803
25812,31804
25813,31805
25814,31806
25815,31807
25816,31808
25817,31809
25818,31810
25819,31811
25820,31812
25821,31813
25822,31814
25823,31815
25824,31816
25825,31817
25826,31818
25827,31819
25828,31820
25829,31821
25830,31822
25831,31823
25832,31824
25833,31825
25834,31826
25835,31827
25836,31828
25837,31829
25838,31830
25839,31831
25840,31832
25841,31833
25842,31834
25843,31835
25844,31836
25845,31837
25846,31838
25847,31839
25848,31840
25849,31841
25850,31842
25851,31843
25852,31844
25853,31845
25854,31846
25855,31847
25856,31848
25857,31849
25858,31850
25859,31851
25860,31852
25861,31853
25862,31854
25863,31855
25864,31856
25865,31857
25866,31858
25867,31859
25868,31860
25869,31861
25870,31862
25871,31863
25872,31864
25873,31865
25874,31866
25875,31867
25876,31868
25877,31869
25878,31870
25879,31871
25880,31872
25881,31873
25882,31874
25883,31875
25884,31876
25885,31877
25886,31878
25887,31879
25888,31880
25889,31881
25890,31882
25891,31883
25892,31884
25893,31885
25894,31886
25895,31887
25896,31888
25897,31889
25898,31890
25899,31891
25900,31892
25901,31893
25902,31894
25903,31895
25904,31896
25905,31897
25906,31898
25907,31899
25908,31900
25909,31901
25910,31902
25911,31903
25912,31904
25913,31905
25914,31906
25915,31907
25916,31908
25917,31909
25918,31910
25919,31911
25920,31912
25921,31913
25922,31914
25923,31915
25924,31916
25925,31917
25926,31918
25927,31919
25928,31920
25929,31921
25930,31922
25931,31923
25932,31924
25933,31925
25934,31926
25935,31927
25936,31928
25937,31929
25938,31930
25939,31931
25940,31932
25941,31933
25942,31934
25943,31935
25944,31936
25945,31937
25946,31938
25947,31939
25948,31940
25949,31941
25950,31942
25951,31943
25952,31944
25953,31945
25954,31946
25955,31947
25956,31948
25957,31949
25958,31950
25959,31951
25960,31952
25961,31953
25962,31954
25963,31955
25964,31956
25965,31957
25966,31958
25967,31959
25968,31960
25969,31961
25970,31962
25971,31963
25972,31964
25973,31965
25974,31966
25975,31967
25976,31968
25977,31969
25978,31970
25979,31971
25980,31972
25981,31973
25982,31974
25983,31975
25984,31976
25985,31977
25986,31978
25987,31979
25988,31980
25989,31981
25990,31982
25991,31983
25992,31984
25993,31985
25994,31986
25995,31987
25996,31988
25997,31989
25998,31990
25999,31991
26000,31992
26001,31993
26002,31994
26003,31995
26004,31996
26005,31997
26006,31998
26007,31999
26008,32000
26009,32001
26010,32002
26011,32003
26012,32004
26013,32005
26014,32006
26015,32007
26016,32008
26017,32009
26018,32010
26019,32011
26020,32012
26021,32013
26022,32014
26023,32015
26024,32016
26025,32017
26026,32018
26027,32019
26028,32020
26029,32021
26030,32022
26031,32023
26032,32024
26033,32025
26034,32026
26035,32027
26036,32028
26037,32029
26038,32030
26039,32031
26040,32032
26041,32033
26042,32034
26043,32035
26044,32036
26045,32037
26046,32038
26047,32039
26048,32040
26049,32041
26050,32042
26051,32043
26052,32044
26053,32045
26054,32046
26055,32047
26056,32048
26057,32049
26058,32050
26059,32051
26060,32052
26061,32053
26062,32054
26063,32055
26064,32056
26065,32057
26066,32058
26067,32059
26068,32060
26069,32061
26070,32062
26071,32063
26072,32064
26073,32065
26074,32066
26075,32067
26076,32068
26077,32069
26078,32070
26079,32071
26080,32072
26081,32073
26082,32074
26083,32075
26084,32076
26085,32077
26086,32078
26087,32079
26088,32080
26089,32081
26090,32082
26091,32083
26092,32084
26093,32085
26094,32086
26095,32087
26096,32088
26097,32089
26098,32090
26099,32091
26100,32092
26101,32093
26102,32094
26103,32095
26104,32096
26105,32097
26106,32098
26107,32099
26108,32100
26109,32101
26110,32102
26111,32103
26112,32104
26113,32105
26114,32106
26115,32107
26116,32108
26117,32109
26118,32110
26119,32111
26120,32112
26121,32113
26122,32114
26123,32115
26124,32116
26125,32117
26126,32118
26127,32119
26128,32120
26129,32121
26130,32122
26131,32123
26132,32124
26133,32125
26134,32126
26135,32127
26136,32128
26137,32129
26138,32130
26139,32131
26140,32132
26141,32133
26142,32134
26143,32135
26144,32136
26145,32137
26146,32138
26147,32139
26148,32140
26149,32141
26150,32142
26151,32143
26152,32144
26153,32145
26154,32146
26155,32147
26156,32148
26157,32149
26158,32150
26159,32151
26160,32152
26161,32153
26162,32154
26163,32155
26164,32156
26165,32157
26166,32158
26167,32159
26168,32160
26169,32161
26170,32162
26171,32163
26172,32164
26173,32165
26174,32166
26175,32167
26176,32168
26177,32169
26178,32170
26179,32171
26180,32172
26181,32173
26182,32174
26183,32175
26184,32176
26185,32177
26186,32178
26187,32179
26188,32180
26189,32181
26190,32182
26191,32183
26192,32184
26193,32185
26194,32186
26195,32187
26196,32188
26197,32189
26198,32190
26199,32191
26200,32192
26201,32193
26202,32194
26203,32195
26204,32196
26205,32197
26206,32198
26207,32199
26208,32200
26209,32201
26210,32202
26211,32203
26212,32204
26213,32205
26214,32206
26215,32207
26216,32208
26217,32209
26218,32210
26219,32211
26220,32212
26221,32213
26222,32214
26223,32215
26224,32216
26225,32217
26226,32218
26227,32219
26228,32220
26229,32221
26230,32222
26231,32223
26232,32224
26233,32225
26234,32226
26235,32227
26236,32228
26237,32229
26238,32230
26239,32231
26240,32232
26241,32233
26242,32234
26243,32235
26244,32236
26245,32237
26246,32238
26247,32239
26248,32240
26249,32241
26250,32242
26251,32243
26252,32244
26253,32245
26254,32246
26255,32247
26256,32248
26257,32249
26258,32250
26259,32251
26260,32252
26261,32253
26262,32254
26263,32255
26264,32256
26265,32257
26266,32258
26267,32259
26268,32260
26269,32261
26270,32262
26271,32263
26272,32264
26273,32265
26274,32266
26275,32267
26276,32268
26277,32269
26278,32270
26279,32271
26280,32272
26281,32273
26282,32274
26283,32275
26284,32276
26285,32277
26286,32278
26287,32279
26288,32280
26289,32281
26290,32282
26291,32283
26292,32284
26293,32285
26294,32286
26295,32287
26296,32288
26297,32289
26298,32290
26299,32291
26300,32292
26301,32293
26302,32294
26303,32295
26304,32296
26305,32297
26306,32298
26307,32299
26308,32300
26309,32301
26310,32302
26311,32303
26312,32304
26313,32305
26314,32306
26315,32307
26316,32308
26317,32309
26318,32310
26319,32311
26320,32312
26321,32313
26322,32314
26323,32315
26324,32316
26325,32317
26326,32318
26327,32319
26328,32320
26329,32321
26330,32322
26331,32323
26332,32324
26333,32325
26334,32326
26335,32327
26336,32328
26337,32329
26338,32330
26339,32331
26340,32332
26341,32333
26342,32334
26343,32335
26344,32336
26345,32337
26346,32338
26347,32339
26348,32340
26349,32341
26350,32342
26351,32343
26352,32344
26353,32345
26354,32346
26355,32347
26356,32348
26357,32349
26358,32350
26359,32351
26360,32352
26361,32353
26362,32354
26363,32355
26364,32356
26365,32357
26366,32358
26367,32359
26368,32360
26369,32361
26370,32362
26371,32363
26372,32364
26373,32365
26374,32366
26375,32367
26376,32368
26377,32369
26378,32370
26379,32371
26380,32372
26381,32373
26382,32374
26383,32375
26384,32376
26385,32377
26386,32378
26387,32379
26388,32380
26389,32381
26390,32382
26391,32383
26392,32384
26393,32385
26394,32386
26395,32387
26396,32388
26397,32389
26398,32390
26399,32391
26400,32392
26401,32393
26402,32394
26403,32395
26404,32396
26405,32397
26406,32398
26407,32399
26408,32400
26409,32401
26410,32402
26411,32403
26412,32404
26413,32405
26414,32406
26415,32407
26416,32408
26417,32409
26418,32410
26419,32411
26420,32412
26421,32413
26422,32414
26423,32415
26424,32416
26425,32417
26426,32418
26427,32419
26428,32420
26429,32421
26430,32422
26431,32423
26432,32424
26433,32425
26434,32426
26435,32427
26436,32428
26437,32429
26438,32430
26439,32431
26440,32432
26441,32433
26442,32434
26443,32435
26444,32436
26445,32437
26446,32438
26447,32439
26448,32440
26449,32441
26450,32442
26451,32443
26452,32444
26453,32445
26454,32446
26455,32447
26456,32448
26457,32449
26458,32450
26459,32451
26460,32452
26461,32453
26462,32454
26463,32455
26464,32456
26465,32457
26466,32458
26467,32459
26468,32460
26469,32461
26470,32462
26471,32463
26472,32464
26473,32465
26474,32466
26475,32467
26476,32468
26477,32469
26478,32470
26479,32471
26480,32472
26481,32473
26482,32474
26483,32475
26484,32476
26485,32477
26486,32478
26487,32479
26488,32480
26489,32481
26490,32482
26491,32483
26492,32484
26493,32485
26494,32486
26495,32487
26496,32488
26497,32489
26498,32490
26499,32491
26500,32492
26501,32493
26502,32494
26503,32495
26504,32496
26505,32497
26506,32498
26507,32499
26508,32500
26509,32501
26510,32502
26511,32503
26512,32504
26513,32505
26514,32506
26515,32507
26516,32508
26517,32509
26518,32510
26519,32511
26520,32512
26521,32513
26522,32514
26523,32515
26524,32516
26525,32517
26526,32518
26527,32519
26528,32520
26529,32521
26530,32522
26531,32523
26532,32524
26533,32525
26534,32526
26535,32527
26536,32528
26537,32529
26538,32530
26539,32531
26540,32532
26541,32533
26542,32534
26543,32535
26544,32536
26545,32537
26546,32538
26547,32539
26548,32540
26549,32541
26550,32542
26551,32543
26552,32544
26553,32545
26554,32546
26555,32547
26556,32548
26557,32549
26558,32550
26559,32551
26560,32552
26561,32553
26562,32554
26563,32555
26564,32556
26565,32557
26566,32558
26567,32559
26568,32560
26569,32561
26570,32562
26571,32563
26572,32564
26573,32565
26574,32566
26575,32567
26576,32568
26577,32569
26578,32570
26579,32571
26580,32572
26581,32573
26582,32574
26583,32575
26584,32576
26585,32577
26586,32578
26587,32579
26588,32580
26589,32581
26590,32582
26591,32583
26592,32584
26593,32585
26594,32586
26595,32587
26596,32588
26597,32589
26598,32590
26599,32591
26600,32592
26601,32593
26602,32594
26603,32595
26604,32596
26605,32597
26606,32598
26607,32599
26608,32600
26609,32601
26610,32602
26611,32603
26612,32604
26613,32605
26614,32606
26615,32607
26616,32608
26617,32609
26618,32610
26619,32611
26620,32612
26621,32613
26622,32614
26623,32615
26624,32616
26625,32617
26626,32618
26627,32619
26628,32620
26629,32621
26630,32622
26631,32623
26632,32624
26633,32625
26634,32626
26635,32627
26636,32628
26637,32629
26638,32630
26639,32631
26640,32632
26641,32633
26642,32634
26643,32635
26644,32636
26645,32637
26646,32638
26647,32639
26648,32640
26649,32641
26650,32642
26651,32643
26652,32644
26653,32645
26654,32646
26655,32647
26656,32648
26657,32649
26658,32650
26659,32651
26660,32652
26661,32653
26662,32654
26663,32655
26664,32656
26665,32657
26666,32658
26667,32659
26668,32660
26669,32661
26670,32662
26671,32663
26672,32664
26673,32665
26674,32666
26675,32667
26676,32668
26677,32669
26678,32670
26679,32671
26680,32672
26681,32673
26682,32674
26683,32675
26684,32676
26685,32677
26686,32678
26687,32679
26688,32680
26689,32681
26690,32682
26691,32683
26692,32684
26693,32685
26694,32686
26695,32687
26696,32688
26697,32689
26698,32690
26699,32691
26700,32692
26701,32693
26702,32694
26703,32695
26704,32696
26705,32697
26706,32698
26707,32699
26708,32700
26709,32701
26710,32702
26711,32703
26712,32704
26713,32705
26714,32706
26715,32707
26716,32708
26717,32709
26718,32710
26719,32711
26720,32712
26721,32713
26722,32714
26723,32715
26724,32716
26725,32717
26726,32718
26727,32719
26728,32720
26729,32721
26730,32722
26731,32723
26732,32724
26733,32725
26734,32726
26735,32727
26736,32728
26737,32729
26738,32730
26739,32731
26740,32732
26741,32733
26742,32734
26743,32735
26744,32736
26745,32737
26746,32738
26747,32739
26748,32740
26749,32741
26750,32742
26751,32743
26752,32744
26753,32745
26754,32746
26755,32747
26756,32748
26757,32749
26758,32750
26759,32751
26760,32752
26761,32753
26762,32754
26763,32755
26764,32756
26765,32757
26766,32758
26767,32759
26768,32760
26769,32761
26770,32762
26771,32763
26772,32764
26773,32765
26774,32766
26775,32767
26776,32768
26777,32769
26778,32770
26779,32771
26780,32772
26781,32773
26782,32774
26783,32775
26784,32776
26785,32777
26786,32778
26787,32779
26788,32780
26789,32781
26790,32782
26791,32783
26792,32784
26793,32785
26794,32786
26795,32787
26796,32788
26797,32789
26798,32790
26799,32791
26800,32792
26801,32793
26802,32794
26803,32795
26804,32796
26805,32797
26806,32798
26807,32799
26808,32800
26809,32801
26810,32802
26811,32803
26812,32804
26813,32805
26814,32806
26815,32807
26816,32808
26817,32809
26818,32810
26819,32811
26820,32812
26821,32813
26822,32814
26823,32815
26824,32816
26825,32817
26826,32818
26827,32819
26828,32820
26829,32821
26830,32822
26831,32823
26832,32824
26833,32825
26834,32826
26835,32827
26836,32828
26837,32829
26838,32830
26839,32831
26840,32832
26841,32833
26842,32834
26843,32835
26844,32836
26845,32837
26846,32838
26847,32839
26848,32840
26849,32841
26850,32842
26851,32843
26852,32844
26853,32845
26854,32846
26855,32847
26856,32848
26857,32849
26858,32850
26859,32851
26860,32852
26861,32853
26862,32854
26863,32855
26864,32856
26865,32857
26866,32858
26867,32859
26868,32860
26869,32861
26870,32862
26871,32863
26872,32864
26873,32865
26874,32866
26875,32867
26876,32868
26877,32869
26878,32870
26879,32871
26880,32872
26881,32873
26882,32874
26883,32875
26884,32876
26885,32877
26886,32878
26887,32879
26888,32880
26889,32881
26890,32882
26891,32883
26892,32884
26893,32885
26894,32886
26895,32887
26896,32888
26897,32889
26898,32890
26899,32891
26900,32892
26901,32893
26902,32894
26903,32895
26904,32896
26905,32897
26906,32898
26907,32899
26908,32900
26909,32901
26910,32902
26911,32903
26912,32904
26913,32905
26914,32906
26915,32907
26916,32908
26917,32909
26918,32910
26919,32911
26920,32912
26921,32913
26922,32914
26923,32915
26924,32916
26925,32917
26926,32918
26927,32919
26928,32920
26929,32921
26930,32922
26931,32923
26932,32924
26933,32925
26934,32926
26935,32927
26936,32928
26937,32929
26938,32930
26939,32931
26940,32932
26941,32933
26942,32934
26943,32935
26944,32936
26945,32937
26946,32938
26947,32939
26948,32940
26949,32941
26950,32942
26951,32943
26952,32944
26953,32945
26954,32946
26955,32947
26956,32948
26957,32949
26958,32950
26959,32951
26960,32952
26961,32953
26962,32954
26963,32955
26964,32956
26965,32957
26966,32958
26967,32959
26968,32960
26969,32961
26970,32962
26971,32963
26972,32964
26973,32965
26974,32966
26975,32967
26976,32968
26977,32969
26978,32970
26979,32971
26980,32972
26981,32973
26982,32974
26983,32975
26984,32976
26985,32977
26986,32978
26987,32979
26988,32980
26989,32981
26990,32982
26991,32983
26992,32984
26993,32985
26994,32986
26995,32987
26996,32988
26997,32989
26998,32990
26999,32991
27000,32992
27001,32993
27002,32994
27003,32995
27004,32996
27005,32997
27006,32998
27007,32999
27008,33000
27009,33001
27010,33002
27011,33003
27012,33004
27013,33005
27014,33006
27015,33007
27016,33008
27017,33009
27018,33010
27019,33011
27020,33012
27021,33013
27022,33014
27023,33015
27024,33016
27025,33017
27026,33018
27027,33019
27028,33020
27029,33021
27030,33022
27031,33023
27032,33024
27033,33025
27034,33026
27035,33027
27036,33028
27037,33029
27038,33030
27039,33031
27040,33032
27041,33033
27042,33034
27043,33035
27044,33036
27045,33037
27046,33038
27047,33039
27048,33040
27049,33041
27050,33042
27051,33043
27052,33044
27053,33045
27054,33046
27055,33047
27056,33048
27057,33049
27058,33050
27059,33051
27060,33052
27061,33053
27062,33054
27063,33055
27064,33056
27065,33057
27066,33058
27067,33059
27068,33060
27069,33061
27070,33062
27071,33063
27072,33064
27073,33065
27074,33066
27075,33067
27076,33068
27077,33069
27078,33070
27079,33071
27080,33072
27081,33073
27082,33074
27083,33075
27084,33076
27085,33077
27086,33078
27087,33079
27088,33080
27089,33081
27090,33082
27091,33083
27092,33084
27093,33085
27094,33086
27095,33087
27096,33088
27097,33089
27098,33090
27099,33091
27100,33092
27101,33093
27102,33094
27103,33095
27104,33096
27105,33097
27106,33098
27107,33099
27108,33100
27109,33101
27110,33102
27111,33103
27112,33104
27113,33105
27114,33106
27115,33107
27116,33108
27117,33109
27118,33110
27119,33111
27120,33112
27121,33113
27122,33114
27123,33115
27124,33116
27125,33117
27126,33118
27127,33119
27128,33120
27129,33121
27130,33122
27131,33123
27132,33124
27133,33125
27134,33126
27135,33127
27136,33128
27137,33129
27138,33130
27139,33131
27140,33132
27141,33133
27142,33134
27143,33135
27144,33136
27145,33137
27146,33138
27147,33139
27148,33140
27149,33141
27150,33142
27151,33143
27152,33144
27153,33145
27154,33146
27155,33147
27156,33148
27157,33149
27158,33150
27159,33151
27160,33152
27161,33153
27162,33154
27163,33155
27164,33156
27165,33157
27166,33158
27167,33159
27168,33160
27169,33161
27170,33162
27171,33163
27172,33164
27173,33165
27174,33166
27175,33167
27176,33168
27177,33169
27178,33170
27179,33171
27180,33172
27181,33173
27182,33174
27183,33175
27184,33176
27185,33177
27186,33178
27187,33179
27188,33180
27189,33181
27190,33182
27191,33183
27192,33184
27193,33185
27194,33186
27195,33187
27196,33188
27197,33189
27198,33190
27199,33191
27200,33192
27201,33193
27202,33194
27203,33195
27204,33196
27205,33197
27206,33198
27207,33199
27208,33200
27209,33201
27210,33202
27211,33203
27212,33204
27213,33205
27214,33206
27215,33207
27216,33208
27217,33209
27218,33210
27219,33211
27220,33212
27221,33213
27222,33214
27223,33215
27224,33216
27225,33217
27226,33218
27227,33219
27228,33220
27229,33221
27230,33222
27231,33223
27232,33224
27233,33225
27234,33226
27235,33227
27236,33228
27237,33229
27238,33230
27239,33231
27240,33232
27241,33233
27242,33234
27243,33235
27244,33236
27245,33237
27246,33238
27247,33239
27248,33240
27249,33241
27250,33242
27251,33243
27252,33244
27253,33245
27254,33246
27255,33247
27256,33248
27257,33249
27258,33250
27259,33251
27260,33252
27261,33253
27262,33254
27263,33255
27264,33256
27265,33257
27266,33258
27267,33259
27268,33260
27269,33261
27270,33262
27271,33263
27272,33264
27273,33265
27274,33266
27275,33267
27276,33268
27277,33269
27278,33270
27279,33271
27280,33272
27281,33273
27282,33274
27283,33275
27284,33276
27285,33277
27286,33278
27287,33279
27288,33280
27289,33281
27290,33282
27291,33283
27292,33284
27293,33285
27294,33286
27295,33287
27296,33288
27297,33289
27298,33290
27299,33291
27300,33292
27301,33293
27302,33294
27303,33295
27304,33296
27305,33297
27306,33298
27307,33299
27308,33300
27309,33301
27310,33302
27311,33303
27312,33304
27313,33305
27314,33306
27315,33307
27316,33308
27317,33309
27318,33310
27319,33311
27320,33312
27321,33313
27322,33314
27323,33315
27324,33316
27325,33317
27326,33318
27327,33319
27328,33320
27329,33321
27330,33322
27331,33323
27332,33324
27333,33325
27334,33326
27335,33327
27336,33328
27337,33329
27338,33330
27339,33331
27340,33332
27341,33333
27342,33334
27343,33335
27344,33336
27345,33337
27346,33338
27347,33339
27348,33340
27349,33341
27350,33342
27351,33343
27352,33344
27353,33345
27354,33346
27355,33347
27356,33348
27357,33349
27358,33350
27359,33351
27360,33352
27361,33353
27362,33354
27363,33355
27364,33356
27365,33357
27366,33358
27367,33359
27368,33360
27369,33361
27370,33362
27371,33363
27372,33364
27373,33365
27374,33366
27375,33367
27376,33368
27377,33369
27378,33370
27379,33371
27380,33372
27381,33373
27382,33374
27383,33375
27384,33376
27385,33377
27386,33378
27387,33379
27388,33380
27389,33381
27390,33382
27391,33383
27392,33384
27393,33385
27394,33386
27395,33387
27396,33388
27397,33389
27398,33390
27399,33391
27400,33392
27401,33393
27402,33394
27403,33395
27404,33396
27405,33397
27406,33398
27407,33399
27408,33400
27409,33401
27410,33402
27411,33403
27412,33404
27413,33405
27414,33406
27415,33407
27416,33408
27417,33409
27418,33410
27419,33411
27420,33412
27421,33413
27422,33414
27423,33415
27424,33416
27425,33417
27426,33418
27427,33419
27428,33420
27429,33421
27430,33422
27431,33423
27432,33424
27433,33425
27434,33426
27435,33427
27436,33428
27437,33429
27438,33430
27439,33431
27440,33432
27441,33433
27442,33434
27443,33435
27444,33436
27445,33437
27446,33438
27447,33439
27448,33440
27449,33441
27450,33442
27451,33443
27452,33444
27453,33445
27454,33446
27455,33447
27456,33448
27457,33449
27458,33450
27459,33451
27460,33452
27461,33453
27462,33454
27463,33455
27464,33456
27465,33457
27466,33458
27467,33459
27468,33460
27469,33461
27470,33462
27471,33463
27472,33464
27473,33465
27474,33466
27475,33467
27476,33468
27477,33469
27478,33470
27479,33471
27480,33472
27481,33473
27482,33474
27483,33475
27484,33476
27485,33477
27486,33478
27487,33479
27488,33480
27489,33481
27490,33482
27491,33483
27492,33484
27493,33485
27494,33486
27495,33487
27496,33488
27497,33489
27498,33490
27499,33491
27500,33492
27501,33493
27502,33494
27503,33495
27504,33496
27505,33497
27506,33498
27507,33499
27508,33500
27509,33501
27510,33502
27511,33503
27512,33504
27513,33505
27514,33506
27515,33507
27516,33508
27517,33509
27518,33510
27519,33511
27520,33512
27521,33513
27522,33514
27523,33515
27524,33516
27525,33517
27526,33518
27527,33519
27528,33520
27529,33521
27530,33522
27531,33523
27532,33524
27533,33525
27534,33526
27535,33527
27536,33528
27537,33529
27538,33530
27539,33531
27540,33532
27541,33533
27542,33534
27543,33535
27544,33536
27545,33537
27546,33538
27547,33539
27548,33540
27549,33541
27550,33542
27551,33543
27552,33544
27553,33545
27554,33546
27555,33547
27556,33548
27557,33549
27558,33550
27559,33551
27560,33552
27561,33553
27562,33554
27563,33555
27564,33556
27565,33557
27566,33558
27567,33559
27568,33560
27569,33561
27570,33562
27571,33563
27572,33564
27573,33565
27574,33566
27575,33567
27576,33568
27577,33569
27578,33570
27579,33571
27580,33572
27581,33573
27582,33574
27583,33575
27584,33576
27585,33577
27586,33578
27587,33579
27588,33580
27589,33581
27590,33582
27591,33583
27592,33584
27593,33585
27594,33586
27595,33587
27596,33588
27597,33589
27598,33590
27599,33591
27600,33592
27601,33593
27602,33594
27603,33595
27604,33596
27605,33597
27606,33598
27607,33599
27608,33600
27609,33601
27610,33602
27611,33603
27612,33604
27613,33605
27614,33606
27615,33607
27616,33608
27617,33609
27618,33610
27619,33611
27620,33612
27621,33613
27622,33614
27623,33615
27624,33616
27625,33617
27626,33618
27627,33619
27628,33620
27629,33621
27630,33622
27631,33623
27632,33624
27633,33625
27634,33626
27635,33627
27636,33628
27637,33629
27638,33630
27639,33631
27640,33632
27641,33633
27642,33634
27643,33635
27644,33636
27645,33637
27646,33638
27647,33639
27648,33640
27649,33641
27650,33642
27651,33643
27652,33644
27653,33645
27654,33646
27655,33647
27656,33648
27657,33649
27658,33650
27659,33651
27660,33652
27661,33653
27662,33654
27663,33655
27664,33656
27665,33657
27666,33658
27667,33659
27668,33660
27669,33661
27670,33662
27671,33663
27672,33664
27673,33665
27674,33666
27675,33667
27676,33668
27677,33669
27678,33670
27679,33671
27680,33672
27681,33673
27682,33674
27683,33675
27684,33676
27685,33677
27686,33678
27687,33679
27688,33680
27689,33681
27690,33682
27691,33683
27692,33684
27693,33685
27694,33686
27695,33687
27696,33688
27697,33689
27698,33690
27699,33691
27700,33692
27701,33693
27702,33694
27703,33695
27704,33696
27705,33697
27706,33698
27707,33699
27708,33700
27709,33701
27710,33702
27711,33703
27712,33704
27713,33705
27714,33706
27715,33707
27716,33708
27717,33709
27718,33710
27719,33711
27720,33712
27721,33713
27722,33714
27723,33715
27724,33716
27725,33717
27726,33718
27727,33719
27728,33720
27729,33721
27730,33722
27731,33723
27732,33724
27733,33725
27734,33726
27735,33727
27736,33728
27737,33729
27738,33730
27739,33731
27740,33732
27741,33733
27742,33734
27743,33735
27744,33736
27745,33737
27746,33738
27747,33739
27748,33740
27749,33741
27750,33742
27751,33743
27752,33744
27753,33745
27754,33746
27755,33747
27756,33748
27757,33749
27758,33750
27759,33751
27760,33752
27761,33753
27762,33754
27763,33755
27764,33756
27765,33757
27766,33758
27767,33759
27768,33760
27769,33761
27770,33762
27771,33763
27772,33764
27773,33765
27774,33766
27775,33767
27776,33768
27777,33769
27778,33770
27779,33771
27780,33772
27781,33773
27782,33774
27783,33775
27784,33776
27785,33777
27786,33778
27787,33779
27788,33780
27789,33781
27790,33782
27791,33783
27792,33784
27793,33785
27794,33786
27795,33787
27796,33788
27797,33789
27798,33790
27799,33791
27800,33792
27801,33793
27802,33794
27803,33795
27804,33796
27805,33797
27806,33798
27807,33799
27808,33800
27809,33801
27810,33802
27811,33803
27812,33804
27813,33805
27814,33806
27815,33807
27816,33808
27817,33809
27818,33810
27819,33811
27820,33812
27821,33813
27822,33814
27823,33815
27824,33816
27825,33817
27826,33818
27827,33819
27828,33820
27829,33821
27830,33822
27831,33823
27832,33824
27833,33825
27834,33826
27835,33827
27836,33828
27837,33829
27838,33830
27839,33831
27840,33832
27841,33833
27842,33834
27843,33835
27844,33836
27845,33837
27846,33838
27847,33839
27848,33840
27849,33841
27850,33842
27851,33843
27852,33844
27853,33845
27854,33846
27855,33847
27856,33848
27857,33849
27858,33850
27859,33851
27860,33852
27861,33853
27862,33854
27863,33855
27864,33856
27865,33857
27866,33858
27867,33859
27868,33860
27869,33861
27870,33862
27871,33863
27872,33864
27873,33865
27874,33866
27875,33867
27876,33868
27877,33869
27878,33870
27879,33871
27880,33872
27881,33873
27882,33874
27883,33875
27884,33876
27885,33877
27886,33878
27887,33879
27888,33880
27889,33881
27890,33882
27891,33883
27892,33884
27893,33885
27894,33886
27895,33887
27896,33888
27897,33889
27898,33890
27899,33891
27900,33892
27901,33893
27902,33894
27903,33895
27904,33896
27905,33897
27906,33898
27907,33899
27908,33900
27909,33901
27910,33902
27911,33903
27912,33904
27913,33905
27914,33906
27915,33907
27916,33908
27917,33909
27918,33910
27919,33911
27920,33912
27921,33913
27922,33914
27923,33915
27924,33916
27925,33917
27926,33918
27927,33919
27928,33920
27929,33921
27930,33922
27931,33923
27932,33924
27933,33925
27934,33926
27935,33927
27936,33928
27937,33929
27938,33930
27939,33931
27940,33932
27941,33933
27942,33934
27943,33935
27944,33936
27945,33937
27946,33938
27947,33939
27948,33940
27949,33941
27950,33942
27951,33943
27952,33944
27953,33945
27954,33946
27955,33947
27956,33948
27957,33949
27958,33950
27959,33951
27960,33952
27961,33953
27962,33954
27963,33955
27964,33956
27965,33957
27966,33958
27967,33959
27968,33960
27969,33961
27970,33962
27971,33963
27972,33964
27973,33965
27974,33966
27975,33967
27976,33968
27977,33969
27978,33970
27979,33971
27980,33972
27981,33973
27982,33974
27983,33975
27984,33976
27985,33977
27986,33978
27987,33979
27988,33980
27989,33981
27990,33982
27991,33983
27992,33984
27993,33985
27994,33986
27995,33987
27996,33988
27997,33989
27998,33990
27999,33991
28000,33992
28001,33993
28002,33994
28003,33995
28004,33996
28005,33997
28006,33998
28007,33999
28008,34000
28009,34001
28010,34002
28011,34003
28012,34004
28013,34005
28014,34006
28015,34007
28016,34008
28017,34009
28018,34010
28019,34011
28020,34012
28021,34013
28022,34014
28023,34015
28024,34016
28025,34017
28026,34018
28027,34019
28028,34020
28029,34021
28030,34022
28031,34023
28032,34024
28033,34025
28034,34026
28035,34027
28036,34028
28037,34029
28038,34030
28039,34031
28040,34032
28041,34033
28042,34034
28043,34035
28044,34036
28045,34037
28046,34038
28047,34039
28048,34040
28049,34041
28050,34042
28051,34043
28052,34044
28053,34045
28054,34046
28055,34047
28056,34048
28057,34049
28058,34050
28059,34051
28060,34052
28061,34053
28062,34054
28063,34055
28064,34056
28065,34057
28066,34058
28067,34059
28068,34060
28069,34061
28070,34062
28071,34063
28072,34064
28073,34065
28074,34066
28075,34067
28076,34068
28077,34069
28078,34070
28079,34071
28080,34072
28081,34073
28082,34074
28083,34075
28084,34076
28085,34077
28086,34078
28087,34079
28088,34080
28089,34081
28090,34082
28091,34083
28092,34084
28093,34085
28094,34086
28095,34087
28096,34088
28097,34089
28098,34090
28099,34091
28100,34092
28101,34093
28102,34094
28103,34095
28104,34096
28105,34097
28106,34098
28107,34099
28108,34100
28109,34101
28110,34102
28111,34103
28112,34104
28113,34105
28114,34106
28115,34107
28116,34108
28117,34109
28118,34110
28119,34111
28120,34112
28121,34113
28122,34114
28123,34115
28124,34116
28125,34117
28126,34118
28127,34119
28128,34120
28129,34121
28130,34122
28131,34123
28132,34124
28133,34125
28134,34126
28135,34127
28136,34128
28137,34129
28138,34130
28139,34131
28140,34132
28141,34133
28142,34134
28143,34135
28144,34136
28145,34137
28146,34138
28147,34139
28148,34140
28149,34141
28150,34142
28151,34143
28152,34144
28153,34145
28154,34146
28155,34147
28156,34148
28157,34149
28158,34150
28159,34151
28160,34152
28161,34153
28162,34154
28163,34155
28164,34156
28165,34157
28166,34158
28167,34159
28168,34160
28169,34161
28170,34162
28171,34163
28172,34164
28173,34165
28174,34166
28175,34167
28176,34168
28177,34169
28178,34170
28179,34171
28180,34172
28181,34173
28182,34174
28183,34175
28184,34176
28185,34177
28186,34178
28187,34179
28188,34180
28189,34181
28190,34182
28191,34183
28192,34184
28193,34185
28194,34186
28195,34187
28196,34188
28197,34189
28198,34190
28199,34191
28200,34192
28201,34193
28202,34194
28203,34195
28204,34196
28205,34197
28206,34198
28207,34199
28208,34200
28209,34201
28210,34202
28211,34203
28212,34204
28213,34205
28214,34206
28215,34207
28216,34208
28217,34209
28218,34210
28219,34211
28220,34212
28221,34213
28222,34214
28223,34215
28224,34216
28225,34217
28226,34218
28227,34219
28228,34220
28229,34221
28230,34222
28231,34223
28232,34224
28233,34225
28234,34226
28235,34227
28236,34228
28237,34229
28238,34230
28239,34231
28240,34232
28241,34233
28242,34234
28243,34235
28244,34236
28245,34237
28246,34238
28247,34239
28248,34240
28249,34241
28250,34242
28251,34243
28252,34244
28253,34245
28254,34246
28255,34247
28256,34248
28257,34249
28258,34250
28259,34251
28260,34252
28261,34253
28262,34254
28263,34255
28264,34256
28265,34257
28266,34258
28267,34259
28268,34260
28269,34261
28270,34262
28271,34263
28272,34264
28273,34265
28274,34266
28275,34267
28276,34268
28277,34269
28278,34270
28279,34271
28280,34272
28281,34273
28282,34274
28283,34275
28284,34276
28285,34277
28286,34278
28287,34279
28288,34280
28289,34281
28290,34282
28291,34283
28292,34284
28293,34285
28294,34286
28295,34287
28296,34288
28297,34289
28298,34290
28299,34291
28300,34292
28301,34293
28302,34294
28303,34295
28304,34296
28305,34297
28306,34298
28307,34299
28308,34300
28309,34301
28310,34302
28311,34303
28312,34304
28313,34305
28314,34306
28315,34307
28316,34308
28317,34309
28318,34310
28319,34311
28320,34312
28321,34313
28322,34314
28323,34315
28324,34316
28325,34317
28326,34318
28327,34319
28328,34320
28329,34321
28330,34322
28331,34323
28332,34324
28333,34325
28334,34326
28335,34327
28336,34328
28337,34329
28338,34330
28339,34331
28340,34332
28341,34333
28342,34334
28343,34335
28344,34336
28345,34337
28346,34338
28347,34339
28348,34340
28349,34341
28350,34342
28351,34343
28352,34344
28353,34345
28354,34346
28355,34347
28356,34348
28357,34349
28358,34350
28359,34351
28360,34352
28361,34353
28362,34354
28363,34355
28364,34356
28365,34357
28366,34358
28367,34359
28368,34360
28369,34361
28370,34362
28371,34363
28372,34364
28373,34365
28374,34366
28375,34367
28376,34368
28377,34369
28378,34370
28379,34371
28380,34372
28381,34373
28382,34374
28383,34375
28384,34376
28385,34377
28386,34378
28387,34379
28388,34380
28389,34381
28390,34382
28391,34383
28392,34384
28393,34385
28394,34386
28395,34387
28396,34388
28397,34389
28398,34390
28399,34391
28400,34392
28401,34393
28402,34394
28403,34395
28404,34396
28405,34397
28406,34398
28407,34399
28408,34400
28409,34401
28410,34402
28411,34403
28412,34404
28413,34405
28414,34406
28415,34407
28416,34408
28417,34409
28418,34410
28419,34411
28420,34412
28421,34413
28422,34414
28423,34415
28424,34416
28425,34417
28426,34418
28427,34419
28428,34420
28429,34421
28430,34422
28431,34423
28432,34424
28433,34425
28434,34426
28435,34427
28436,34428
28437,34429
28438,34430
28439,34431
28440,34432
28441,34433
28442,34434
28443,34435
28444,34436
28445,34437
28446,34438
28447,34439
28448,34440
28449,34441
28450,34442
28451,34443
28452,34444
28453,34445
28454,34446
28455,34447
28456,34448
28457,34449
28458,34450
28459,34451
28460,34452
28461,34453
28462,34454
28463,34455
28464,34456
28465,34457
28466,34458
28467,34459
28468,34460
28469,34461
28470,34462
28471,34463
28472,34464
28473,34465
28474,34466
28475,34467
28476,34468
28477,34469
28478,34470
28479,34471
28480,34472
28481,34473
28482,34474
28483,34475
28484,34476
28485,34477
28486,34478
28487,34479
28488,34480
28489,34481
28490,34482
28491,34483
28492,34484
28493,34485
28494,34486
28495,34487
28496,34488
28497,34489
28498,34490
28499,34491
28500,34492
28501,34493
28502,34494
28503,34495
28504,34496
28505,34497
28506,34498
28507,34499
28508,34500
28509,34501
28510,34502
28511,34503
28512,34504
28513,34505
28514,34506
28515,34507
28516,34508
28517,34509
28518,34510
28519,34511
28520,34512
28521,34513
28522,34514
28523,34515
28524,34516
28525,34517
28526,34518
28527,34519
28528,34520
28529,34521
28530,34522
28531,34523
28532,34524
28533,34525
28534,34526
28535,34527
28536,34528
28537,34529
28538,34530
28539,34531
28540,34532
28541,34533
28542,34534
28543,34535
28544,34536
28545,34537
28546,34538
28547,34539
28548,34540
28549,34541
28550,34542
28551,34543
28552,34544
28553,34545
28554,34546
28555,34547
28556,34548
28557,34549
28558,34550
28559,34551
28560,34552
28561,34553
28562,34554
28563,34555
28564,34556
28565,34557
28566,34558
28567,34559
28568,34560
28569,34561
28570,34562
28571,34563
28572,34564
28573,34565
28574,34566
28575,34567
28576,34568
28577,34569
28578,34570
28579,34571
28580,34572
28581,34573
28582,34574
28583,34575
28584,34576
28585,34577
28586,34578
28587,34579
28588,34580
28589,34581
28590,34582
28591,34583
28592,34584
28593,34585
28594,34586
28595,34587
28596,34588
28597,34589
28598,34590
28599,34591
28600,34592
28601,34593
28602,34594
28603,34595
28604,34596
28605,34597
28606,34598
28607,34599
28608,34600
28609,34601
28610,34602
28611,34603
28612,34604
28613,34605
28614,34606
28615,34607
28616,34608
28617,34609
28618,34610
28619,34611
28620,34612
28621,34613
28622,34614
28623,34615
28624,34616
28625,34617
28626,34618
28627,34619
28628,34620
28629,34621
28630,34622
28631,34623
28632,34624
28633,34625
28634,34626
28635,34627
28636,34628
28637,34629
28638,34630
28639,34631
28640,34632
28641,34633
28642,34634
28643,34635
28644,34636
28645,34637
28646,34638
28647,34639
28648,34640
28649,34641
28650,34642
28651,34643
28652,34644
28653,34645
28654,34646
28655,34647
28656,34648
28657,34649
28658,34650
28659,34651
28660,34652
28661,34653
28662,34654
28663,34655
28664,34656
28665,34657
28666,34658
28667,34659
28668,34660
28669,34661
28670,34662
28671,34663
28672,34664
28673,34665
28674,34666
28675,34667
28676,34668
28677,34669
28678,34670
28679,34671
28680,34672
28681,34673
28682,34674
28683,34675
28684,34676
28685,34677
28686,34678
28687,34679
28688,34680
