row,family,hour_0based,uid,original_row,dwell_support_first_hour,dwell_support_last_hour
362,minimum_up,48,101_CT_1,456,48,48
363,minimum_down,48,101_CT_1,457,48,48
368,minimum_up,49,101_CT_1,462,49,49
369,minimum_down,49,101_CT_1,463,49,49
374,minimum_up,50,101_CT_1,468,50,50
375,minimum_down,50,101_CT_1,469,50,50
380,minimum_up,51,101_CT_1,474,51,51
381,minimum_down,51,101_CT_1,475,51,51
386,minimum_up,52,101_CT_1,480,52,52
387,minimum_down,52,101_CT_1,481,52,52
392,minimum_up,53,101_CT_1,486,53,53
393,minimum_down,53,101_CT_1,487,53,53
398,minimum_up,54,101_CT_1,492,54,54
399,minimum_down,54,101_CT_1,493,54,54
404,minimum_up,55,101_CT_1,498,55,55
405,minimum_down,55,101_CT_1,499,55,55
410,minimum_up,56,101_CT_1,504,56,56
411,minimum_down,56,101_CT_1,505,56,56
416,minimum_up,57,101_CT_1,510,57,57
417,minimum_down,57,101_CT_1,511,57,57
422,minimum_up,58,101_CT_1,516,58,58
423,minimum_down,58,101_CT_1,517,58,58
428,minimum_up,59,101_CT_1,522,59,59
429,minimum_down,59,101_CT_1,523,59,59
434,minimum_up,60,101_CT_1,528,60,60
435,minimum_down,60,101_CT_1,529,60,60
440,minimum_up,61,101_CT_1,534,61,61
441,minimum_down,61,101_CT_1,535,61,61
446,minimum_up,62,101_CT_1,540,62,62
447,minimum_down,62,101_CT_1,541,62,62
452,minimum_up,63,101_CT_1,546,63,63
453,minimum_down,63,101_CT_1,547,63,63
458,minimum_up,64,101_CT_1,552,64,64
459,minimum_down,64,101_CT_1,553,64,64
464,minimum_up,65,101_CT_1,558,65,65
465,minimum_down,65,101_CT_1,559,65,65
470,minimum_up,66,101_CT_1,564,66,66
471,minimum_down,66,101_CT_1,565,66,66
476,minimum_up,67,101_CT_1,570,67,67
477,minimum_down,67,101_CT_1,571,67,67
482,minimum_up,68,101_CT_1,576,68,68
483,minimum_down,68,101_CT_1,577,68,68
488,minimum_up,69,101_CT_1,582,69,69
489,minimum_down,69,101_CT_1,583,69,69
494,minimum_up,70,101_CT_1,588,70,70
495,minimum_down,70,101_CT_1,589,70,70
500,minimum_up,71,101_CT_1,594,71,71
501,minimum_down,71,101_CT_1,595,71,71
506,minimum_up,72,101_CT_1,600,72,72
507,minimum_down,72,101_CT_1,601,72,72
512,minimum_up,73,101_CT_1,606,73,73
513,minimum_down,73,101_CT_1,607,73,73
518,minimum_up,74,101_CT_1,612,74,74
519,minimum_down,74,101_CT_1,613,74,74
524,minimum_up,75,101_CT_1,618,75,75
525,minimum_down,75,101_CT_1,619,75,75
530,minimum_up,76,101_CT_1,624,76,76
531,minimum_down,76,101_CT_1,625,76,76
536,minimum_up,77,101_CT_1,630,77,77
537,minimum_down,77,101_CT_1,631,77,77
542,minimum_up,78,101_CT_1,636,78,78
543,minimum_down,78,101_CT_1,637,78,78
548,minimum_up,79,101_CT_1,642,79,79
549,minimum_down,79,101_CT_1,643,79,79
554,minimum_up,80,101_CT_1,648,80,80
555,minimum_down,80,101_CT_1,649,80,80
560,minimum_up,81,101_CT_1,654,81,81
561,minimum_down,81,101_CT_1,655,81,81
566,minimum_up,82,101_CT_1,660,82,82
567,minimum_down,82,101_CT_1,661,82,82
572,minimum_up,83,101_CT_1,666,83,83
573,minimum_down,83,101_CT_1,667,83,83
578,minimum_up,84,101_CT_1,672,84,84
579,minimum_down,84,101_CT_1,673,84,84
584,minimum_up,85,101_CT_1,678,85,85
585,minimum_down,85,101_CT_1,679,85,85
590,minimum_up,86,101_CT_1,684,86,86
591,minimum_down,86,101_CT_1,685,86,86
596,minimum_up,87,101_CT_1,690,87,87
597,minimum_down,87,101_CT_1,691,87,87
602,minimum_up,88,101_CT_1,696,88,88
603,minimum_down,88,101_CT_1,697,88,88
608,minimum_up,89,101_CT_1,702,89,89
609,minimum_down,89,101_CT_1,703,89,89
614,minimum_up,90,101_CT_1,708,90,90
615,minimum_down,90,101_CT_1,709,90,90
620,minimum_up,91,101_CT_1,714,91,91
621,minimum_down,91,101_CT_1,715,91,91
626,minimum_up,92,101_CT_1,720,92,92
627,minimum_down,92,101_CT_1,721,92,92
632,minimum_up,93,101_CT_1,726,93,93
633,minimum_down,93,101_CT_1,727,93,93
638,minimum_up,94,101_CT_1,732,94,94
639,minimum_down,94,101_CT_1,733,94,94
644,minimum_up,95,101_CT_1,738,95,95
645,minimum_down,95,101_CT_1,739,95,95
650,minimum_up,96,101_CT_1,744,96,96
651,minimum_down,96,101_CT_1,745,96,96
656,minimum_up,97,101_CT_1,750,97,97
657,minimum_down,97,101_CT_1,751,97,97
662,minimum_up,98,101_CT_1,756,98,98
663,minimum_down,98,101_CT_1,757,98,98
668,minimum_up,99,101_CT_1,762,99,99
669,minimum_down,99,101_CT_1,763,99,99
674,minimum_up,100,101_CT_1,768,100,100
675,minimum_down,100,101_CT_1,769,100,100
680,minimum_up,101,101_CT_1,774,101,101
681,minimum_down,101,101_CT_1,775,101,101
686,minimum_up,102,101_CT_1,780,102,102
687,minimum_down,102,101_CT_1,781,102,102
692,minimum_up,103,101_CT_1,786,103,103
693,minimum_down,103,101_CT_1,787,103,103
698,minimum_up,104,101_CT_1,792,104,104
699,minimum_down,104,101_CT_1,793,104,104
704,minimum_up,105,101_CT_1,798,105,105
705,minimum_down,105,101_CT_1,799,105,105
710,minimum_up,106,101_CT_1,804,106,106
711,minimum_down,106,101_CT_1,805,106,106
716,minimum_up,107,101_CT_1,810,107,107
717,minimum_down,107,101_CT_1,811,107,107
722,minimum_up,108,101_CT_1,816,108,108
723,minimum_down,108,101_CT_1,817,108,108
728,minimum_up,109,101_CT_1,822,109,109
729,minimum_down,109,101_CT_1,823,109,109
734,minimum_up,110,101_CT_1,828,110,110
735,minimum_down,110,101_CT_1,829,110,110
740,minimum_up,111,101_CT_1,834,111,111
741,minimum_down,111,101_CT_1,835,111,111
746,minimum_up,112,101_CT_1,840,112,112
747,minimum_down,112,101_CT_1,841,112,112
752,minimum_up,113,101_CT_1,846,113,113
753,minimum_down,113,101_CT_1,847,113,113
758,minimum_up,114,101_CT_1,852,114,114
759,minimum_down,114,101_CT_1,853,114,114
764,minimum_up,115,101_CT_1,858,115,115
765,minimum_down,115,101_CT_1,859,115,115
770,minimum_up,116,101_CT_1,864,116,116
771,minimum_down,116,101_CT_1,865,116,116
776,minimum_up,117,101_CT_1,870,117,117
777,minimum_down,117,101_CT_1,871,117,117
782,minimum_up,118,101_CT_1,876,118,118
783,minimum_down,118,101_CT_1,877,118,118
788,minimum_up,119,101_CT_1,882,119,119
789,minimum_down,119,101_CT_1,883,119,119
1176,minimum_up,48,101_CT_2,1460,48,48
1177,minimum_down,48,101_CT_2,1461,48,48
1182,minimum_up,49,101_CT_2,1466,49,49
1183,minimum_down,49,101_CT_2,1467,49,49
1188,minimum_up,50,101_CT_2,1472,50,50
1189,minimum_down,50,101_CT_2,1473,50,50
1194,minimum_up,51,101_CT_2,1478,51,51
1195,minimum_down,51,101_CT_2,1479,51,51
1200,minimum_up,52,101_CT_2,1484,52,52
1201,minimum_down,52,101_CT_2,1485,52,52
1206,minimum_up,53,101_CT_2,1490,53,53
1207,minimum_down,53,101_CT_2,1491,53,53
1212,minimum_up,54,101_CT_2,1496,54,54
1213,minimum_down,54,101_CT_2,1497,54,54
1218,minimum_up,55,101_CT_2,1502,55,55
1219,minimum_down,55,101_CT_2,1503,55,55
1224,minimum_up,56,101_CT_2,1508,56,56
1225,minimum_down,56,101_CT_2,1509,56,56
1230,minimum_up,57,101_CT_2,1514,57,57
1231,minimum_down,57,101_CT_2,1515,57,57
1236,minimum_up,58,101_CT_2,1520,58,58
1237,minimum_down,58,101_CT_2,1521,58,58
1242,minimum_up,59,101_CT_2,1526,59,59
1243,minimum_down,59,101_CT_2,1527,59,59
1248,minimum_up,60,101_CT_2,1532,60,60
1249,minimum_down,60,101_CT_2,1533,60,60
1254,minimum_up,61,101_CT_2,1538,61,61
1255,minimum_down,61,101_CT_2,1539,61,61
1260,minimum_up,62,101_CT_2,1544,62,62
1261,minimum_down,62,101_CT_2,1545,62,62
1266,minimum_up,63,101_CT_2,1550,63,63
1267,minimum_down,63,101_CT_2,1551,63,63
1272,minimum_up,64,101_CT_2,1556,64,64
1273,minimum_down,64,101_CT_2,1557,64,64
1278,minimum_up,65,101_CT_2,1562,65,65
1279,minimum_down,65,101_CT_2,1563,65,65
1284,minimum_up,66,101_CT_2,1568,66,66
1285,minimum_down,66,101_CT_2,1569,66,66
1290,minimum_up,67,101_CT_2,1574,67,67
1291,minimum_down,67,101_CT_2,1575,67,67
1296,minimum_up,68,101_CT_2,1580,68,68
1297,minimum_down,68,101_CT_2,1581,68,68
1302,minimum_up,69,101_CT_2,1586,69,69
1303,minimum_down,69,101_CT_2,1587,69,69
1308,minimum_up,70,101_CT_2,1592,70,70
1309,minimum_down,70,101_CT_2,1593,70,70
1314,minimum_up,71,101_CT_2,1598,71,71
1315,minimum_down,71,101_CT_2,1599,71,71
1320,minimum_up,72,101_CT_2,1604,72,72
1321,minimum_down,72,101_CT_2,1605,72,72
1326,minimum_up,73,101_CT_2,1610,73,73
1327,minimum_down,73,101_CT_2,1611,73,73
1332,minimum_up,74,101_CT_2,1616,74,74
1333,minimum_down,74,101_CT_2,1617,74,74
1338,minimum_up,75,101_CT_2,1622,75,75
1339,minimum_down,75,101_CT_2,1623,75,75
1344,minimum_up,76,101_CT_2,1628,76,76
1345,minimum_down,76,101_CT_2,1629,76,76
1350,minimum_up,77,101_CT_2,1634,77,77
1351,minimum_down,77,101_CT_2,1635,77,77
1356,minimum_up,78,101_CT_2,1640,78,78
1357,minimum_down,78,101_CT_2,1641,78,78
1362,minimum_up,79,101_CT_2,1646,79,79
1363,minimum_down,79,101_CT_2,1647,79,79
1368,minimum_up,80,101_CT_2,1652,80,80
1369,minimum_down,80,101_CT_2,1653,80,80
1374,minimum_up,81,101_CT_2,1658,81,81
1375,minimum_down,81,101_CT_2,1659,81,81
1380,minimum_up,82,101_CT_2,1664,82,82
1381,minimum_down,82,101_CT_2,1665,82,82
1386,minimum_up,83,101_CT_2,1670,83,83
1387,minimum_down,83,101_CT_2,1671,83,83
1392,minimum_up,84,101_CT_2,1676,84,84
1393,minimum_down,84,101_CT_2,1677,84,84
1398,minimum_up,85,101_CT_2,1682,85,85
1399,minimum_down,85,101_CT_2,1683,85,85
1404,minimum_up,86,101_CT_2,1688,86,86
1405,minimum_down,86,101_CT_2,1689,86,86
1410,minimum_up,87,101_CT_2,1694,87,87
1411,minimum_down,87,101_CT_2,1695,87,87
1416,minimum_up,88,101_CT_2,1700,88,88
1417,minimum_down,88,101_CT_2,1701,88,88
1422,minimum_up,89,101_CT_2,1706,89,89
1423,minimum_down,89,101_CT_2,1707,89,89
1428,minimum_up,90,101_CT_2,1712,90,90
1429,minimum_down,90,101_CT_2,1713,90,90
1434,minimum_up,91,101_CT_2,1718,91,91
1435,minimum_down,91,101_CT_2,1719,91,91
1440,minimum_up,92,101_CT_2,1724,92,92
1441,minimum_down,92,101_CT_2,1725,92,92
1446,minimum_up,93,101_CT_2,1730,93,93
1447,minimum_down,93,101_CT_2,1731,93,93
1452,minimum_up,94,101_CT_2,1736,94,94
1453,minimum_down,94,101_CT_2,1737,94,94
1458,minimum_up,95,101_CT_2,1742,95,95
1459,minimum_down,95,101_CT_2,1743,95,95
1464,minimum_up,96,101_CT_2,1748,96,96
1465,minimum_down,96,101_CT_2,1749,96,96
1470,minimum_up,97,101_CT_2,1754,97,97
1471,minimum_down,97,101_CT_2,1755,97,97
1476,minimum_up,98,101_CT_2,1760,98,98
1477,minimum_down,98,101_CT_2,1761,98,98
1482,minimum_up,99,101_CT_2,1766,99,99
1483,minimum_down,99,101_CT_2,1767,99,99
1488,minimum_up,100,101_CT_2,1772,100,100
1489,minimum_down,100,101_CT_2,1773,100,100
1494,minimum_up,101,101_CT_2,1778,101,101
1495,minimum_down,101,101_CT_2,1779,101,101
1500,minimum_up,102,101_CT_2,1784,102,102
1501,minimum_down,102,101_CT_2,1785,102,102
1506,minimum_up,103,101_CT_2,1790,103,103
1507,minimum_down,103,101_CT_2,1791,103,103
1512,minimum_up,104,101_CT_2,1796,104,104
1513,minimum_down,104,101_CT_2,1797,104,104
1518,minimum_up,105,101_CT_2,1802,105,105
1519,minimum_down,105,101_CT_2,1803,105,105
1524,minimum_up,106,101_CT_2,1808,106,106
1525,minimum_down,106,101_CT_2,1809,106,106
1530,minimum_up,107,101_CT_2,1814,107,107
1531,minimum_down,107,101_CT_2,1815,107,107
1536,minimum_up,108,101_CT_2,1820,108,108
1537,minimum_down,108,101_CT_2,1821,108,108
1542,minimum_up,109,101_CT_2,1826,109,109
1543,minimum_down,109,101_CT_2,1827,109,109
1548,minimum_up,110,101_CT_2,1832,110,110
1549,minimum_down,110,101_CT_2,1833,110,110
1554,minimum_up,111,101_CT_2,1838,111,111
1555,minimum_down,111,101_CT_2,1839,111,111
1560,minimum_up,112,101_CT_2,1844,112,112
1561,minimum_down,112,101_CT_2,1845,112,112
1566,minimum_up,113,101_CT_2,1850,113,113
1567,minimum_down,113,101_CT_2,1851,113,113
1572,minimum_up,114,101_CT_2,1856,114,114
1573,minimum_down,114,101_CT_2,1857,114,114
1578,minimum_up,115,101_CT_2,1862,115,115
1579,minimum_down,115,101_CT_2,1863,115,115
1584,minimum_up,116,101_CT_2,1868,116,116
1585,minimum_down,116,101_CT_2,1869,116,116
1590,minimum_up,117,101_CT_2,1874,117,117
1591,minimum_down,117,101_CT_2,1875,117,117
1596,minimum_up,118,101_CT_2,1880,118,118
1597,minimum_down,118,101_CT_2,1881,118,118
1602,minimum_up,119,101_CT_2,1886,119,119
1603,minimum_down,119,101_CT_2,1887,119,119
2002,minimum_down,51,101_STEAM_3,2483,48,51
2007,minimum_down,52,101_STEAM_3,2489,49,52
2012,minimum_down,53,101_STEAM_3,2495,50,53
2017,minimum_down,54,101_STEAM_3,2501,51,54
2022,minimum_up,55,101_STEAM_3,2506,48,55
2023,minimum_down,55,101_STEAM_3,2507,52,55
2028,minimum_up,56,101_STEAM_3,2512,49,56
2029,minimum_down,56,101_STEAM_3,2513,53,56
2034,minimum_up,57,101_STEAM_3,2518,50,57
2035,minimum_down,57,101_STEAM_3,2519,54,57
2040,minimum_up,58,101_STEAM_3,2524,51,58
2041,minimum_down,58,101_STEAM_3,2525,55,58
2046,minimum_up,59,101_STEAM_3,2530,52,59
2047,minimum_down,59,101_STEAM_3,2531,56,59
2052,minimum_up,60,101_STEAM_3,2536,53,60
2053,minimum_down,60,101_STEAM_3,2537,57,60
2058,minimum_up,61,101_STEAM_3,2542,54,61
2059,minimum_down,61,101_STEAM_3,2543,58,61
2064,minimum_up,62,101_STEAM_3,2548,55,62
2065,minimum_down,62,101_STEAM_3,2549,59,62
2070,minimum_up,63,101_STEAM_3,2554,56,63
2071,minimum_down,63,101_STEAM_3,2555,60,63
2076,minimum_up,64,101_STEAM_3,2560,57,64
2077,minimum_down,64,101_STEAM_3,2561,61,64
2082,minimum_up,65,101_STEAM_3,2566,58,65
2083,minimum_down,65,101_STEAM_3,2567,62,65
2088,minimum_up,66,101_STEAM_3,2572,59,66
2089,minimum_down,66,101_STEAM_3,2573,63,66
2094,minimum_up,67,101_STEAM_3,2578,60,67
2095,minimum_down,67,101_STEAM_3,2579,64,67
2100,minimum_up,68,101_STEAM_3,2584,61,68
2101,minimum_down,68,101_STEAM_3,2585,65,68
2106,minimum_up,69,101_STEAM_3,2590,62,69
2107,minimum_down,69,101_STEAM_3,2591,66,69
2112,minimum_up,70,101_STEAM_3,2596,63,70
2113,minimum_down,70,101_STEAM_3,2597,67,70
2118,minimum_up,71,101_STEAM_3,2602,64,71
2119,minimum_down,71,101_STEAM_3,2603,68,71
2124,minimum_up,72,101_STEAM_3,2608,65,72
2125,minimum_down,72,101_STEAM_3,2609,69,72
2130,minimum_up,73,101_STEAM_3,2614,66,73
2131,minimum_down,73,101_STEAM_3,2615,70,73
2136,minimum_up,74,101_STEAM_3,2620,67,74
2137,minimum_down,74,101_STEAM_3,2621,71,74
2142,minimum_up,75,101_STEAM_3,2626,68,75
2143,minimum_down,75,101_STEAM_3,2627,72,75
2148,minimum_up,76,101_STEAM_3,2632,69,76
2149,minimum_down,76,101_STEAM_3,2633,73,76
2154,minimum_up,77,101_STEAM_3,2638,70,77
2155,minimum_down,77,101_STEAM_3,2639,74,77
2160,minimum_up,78,101_STEAM_3,2644,71,78
2161,minimum_down,78,101_STEAM_3,2645,75,78
2166,minimum_up,79,101_STEAM_3,2650,72,79
2167,minimum_down,79,101_STEAM_3,2651,76,79
2172,minimum_up,80,101_STEAM_3,2656,73,80
2173,minimum_down,80,101_STEAM_3,2657,77,80
2178,minimum_up,81,101_STEAM_3,2662,74,81
2179,minimum_down,81,101_STEAM_3,2663,78,81
2184,minimum_up,82,101_STEAM_3,2668,75,82
2185,minimum_down,82,101_STEAM_3,2669,79,82
2190,minimum_up,83,101_STEAM_3,2674,76,83
2191,minimum_down,83,101_STEAM_3,2675,80,83
2196,minimum_up,84,101_STEAM_3,2680,77,84
2197,minimum_down,84,101_STEAM_3,2681,81,84
2202,minimum_up,85,101_STEAM_3,2686,78,85
2203,minimum_down,85,101_STEAM_3,2687,82,85
2208,minimum_up,86,101_STEAM_3,2692,79,86
2209,minimum_down,86,101_STEAM_3,2693,83,86
2214,minimum_up,87,101_STEAM_3,2698,80,87
2215,minimum_down,87,101_STEAM_3,2699,84,87
2220,minimum_up,88,101_STEAM_3,2704,81,88
2221,minimum_down,88,101_STEAM_3,2705,85,88
2226,minimum_up,89,101_STEAM_3,2710,82,89
2227,minimum_down,89,101_STEAM_3,2711,86,89
2232,minimum_up,90,101_STEAM_3,2716,83,90
2233,minimum_down,90,101_STEAM_3,2717,87,90
2238,minimum_up,91,101_STEAM_3,2722,84,91
2239,minimum_down,91,101_STEAM_3,2723,88,91
2244,minimum_up,92,101_STEAM_3,2728,85,92
2245,minimum_down,92,101_STEAM_3,2729,89,92
2250,minimum_up,93,101_STEAM_3,2734,86,93
2251,minimum_down,93,101_STEAM_3,2735,90,93
2256,minimum_up,94,101_STEAM_3,2740,87,94
2257,minimum_down,94,101_STEAM_3,2741,91,94
2262,minimum_up,95,101_STEAM_3,2746,88,95
2263,minimum_down,95,101_STEAM_3,2747,92,95
2268,minimum_up,96,101_STEAM_3,2752,89,96
2269,minimum_down,96,101_STEAM_3,2753,93,96
2274,minimum_up,97,101_STEAM_3,2758,90,97
2275,minimum_down,97,101_STEAM_3,2759,94,97
2280,minimum_up,98,101_STEAM_3,2764,91,98
2281,minimum_down,98,101_STEAM_3,2765,95,98
2286,minimum_up,99,101_STEAM_3,2770,92,99
2287,minimum_down,99,101_STEAM_3,2771,96,99
2292,minimum_up,100,101_STEAM_3,2776,93,100
2293,minimum_down,100,101_STEAM_3,2777,97,100
2298,minimum_up,101,101_STEAM_3,2782,94,101
2299,minimum_down,101,101_STEAM_3,2783,98,101
2304,minimum_up,102,101_STEAM_3,2788,95,102
2305,minimum_down,102,101_STEAM_3,2789,99,102
2310,minimum_up,103,101_STEAM_3,2794,96,103
2311,minimum_down,103,101_STEAM_3,2795,100,103
2316,minimum_up,104,101_STEAM_3,2800,97,104
2317,minimum_down,104,101_STEAM_3,2801,101,104
2322,minimum_up,105,101_STEAM_3,2806,98,105
2323,minimum_down,105,101_STEAM_3,2807,102,105
2328,minimum_up,106,101_STEAM_3,2812,99,106
2329,minimum_down,106,101_STEAM_3,2813,103,106
2334,minimum_up,107,101_STEAM_3,2818,100,107
2335,minimum_down,107,101_STEAM_3,2819,104,107
2340,minimum_up,108,101_STEAM_3,2824,101,108
2341,minimum_down,108,101_STEAM_3,2825,105,108
2346,minimum_up,109,101_STEAM_3,2830,102,109
2347,minimum_down,109,101_STEAM_3,2831,106,109
2352,minimum_up,110,101_STEAM_3,2836,103,110
2353,minimum_down,110,101_STEAM_3,2837,107,110
2358,minimum_up,111,101_STEAM_3,2842,104,111
2359,minimum_down,111,101_STEAM_3,2843,108,111
2364,minimum_up,112,101_STEAM_3,2848,105,112
2365,minimum_down,112,101_STEAM_3,2849,109,112
2370,minimum_up,113,101_STEAM_3,2854,106,113
2371,minimum_down,113,101_STEAM_3,2855,110,113
2376,minimum_up,114,101_STEAM_3,2860,107,114
2377,minimum_down,114,101_STEAM_3,2861,111,114
2382,minimum_up,115,101_STEAM_3,2866,108,115
2383,minimum_down,115,101_STEAM_3,2867,112,115
2388,minimum_up,116,101_STEAM_3,2872,109,116
2389,minimum_down,116,101_STEAM_3,2873,113,116
2394,minimum_up,117,101_STEAM_3,2878,110,117
2395,minimum_down,117,101_STEAM_3,2879,114,117
2400,minimum_up,118,101_STEAM_3,2884,111,118
2401,minimum_down,118,101_STEAM_3,2885,115,118
2406,minimum_up,119,101_STEAM_3,2890,112,119
2407,minimum_down,119,101_STEAM_3,2891,116,119
2806,minimum_down,51,101_STEAM_4,3487,48,51
2811,minimum_down,52,101_STEAM_4,3493,49,52
2816,minimum_down,53,101_STEAM_4,3499,50,53
2821,minimum_down,54,101_STEAM_4,3505,51,54
2826,minimum_up,55,101_STEAM_4,3510,48,55
2827,minimum_down,55,101_STEAM_4,3511,52,55
2832,minimum_up,56,101_STEAM_4,3516,49,56
2833,minimum_down,56,101_STEAM_4,3517,53,56
2838,minimum_up,57,101_STEAM_4,3522,50,57
2839,minimum_down,57,101_STEAM_4,3523,54,57
2844,minimum_up,58,101_STEAM_4,3528,51,58
2845,minimum_down,58,101_STEAM_4,3529,55,58
2850,minimum_up,59,101_STEAM_4,3534,52,59
2851,minimum_down,59,101_STEAM_4,3535,56,59
2856,minimum_up,60,101_STEAM_4,3540,53,60
2857,minimum_down,60,101_STEAM_4,3541,57,60
2862,minimum_up,61,101_STEAM_4,3546,54,61
2863,minimum_down,61,101_STEAM_4,3547,58,61
2868,minimum_up,62,101_STEAM_4,3552,55,62
2869,minimum_down,62,101_STEAM_4,3553,59,62
2874,minimum_up,63,101_STEAM_4,3558,56,63
2875,minimum_down,63,101_STEAM_4,3559,60,63
2880,minimum_up,64,101_STEAM_4,3564,57,64
2881,minimum_down,64,101_STEAM_4,3565,61,64
2886,minimum_up,65,101_STEAM_4,3570,58,65
2887,minimum_down,65,101_STEAM_4,3571,62,65
2892,minimum_up,66,101_STEAM_4,3576,59,66
2893,minimum_down,66,101_STEAM_4,3577,63,66
2898,minimum_up,67,101_STEAM_4,3582,60,67
2899,minimum_down,67,101_STEAM_4,3583,64,67
2904,minimum_up,68,101_STEAM_4,3588,61,68
2905,minimum_down,68,101_STEAM_4,3589,65,68
2910,minimum_up,69,101_STEAM_4,3594,62,69
2911,minimum_down,69,101_STEAM_4,3595,66,69
2916,minimum_up,70,101_STEAM_4,3600,63,70
2917,minimum_down,70,101_STEAM_4,3601,67,70
2922,minimum_up,71,101_STEAM_4,3606,64,71
2923,minimum_down,71,101_STEAM_4,3607,68,71
2928,minimum_up,72,101_STEAM_4,3612,65,72
2929,minimum_down,72,101_STEAM_4,3613,69,72
2934,minimum_up,73,101_STEAM_4,3618,66,73
2935,minimum_down,73,101_STEAM_4,3619,70,73
2940,minimum_up,74,101_STEAM_4,3624,67,74
2941,minimum_down,74,101_STEAM_4,3625,71,74
2946,minimum_up,75,101_STEAM_4,3630,68,75
2947,minimum_down,75,101_STEAM_4,3631,72,75
2952,minimum_up,76,101_STEAM_4,3636,69,76
2953,minimum_down,76,101_STEAM_4,3637,73,76
2958,minimum_up,77,101_STEAM_4,3642,70,77
2959,minimum_down,77,101_STEAM_4,3643,74,77
2964,minimum_up,78,101_STEAM_4,3648,71,78
2965,minimum_down,78,101_STEAM_4,3649,75,78
2970,minimum_up,79,101_STEAM_4,3654,72,79
2971,minimum_down,79,101_STEAM_4,3655,76,79
2976,minimum_up,80,101_STEAM_4,3660,73,80
2977,minimum_down,80,101_STEAM_4,3661,77,80
2982,minimum_up,81,101_STEAM_4,3666,74,81
2983,minimum_down,81,101_STEAM_4,3667,78,81
2988,minimum_up,82,101_STEAM_4,3672,75,82
2989,minimum_down,82,101_STEAM_4,3673,79,82
2994,minimum_up,83,101_STEAM_4,3678,76,83
2995,minimum_down,83,101_STEAM_4,3679,80,83
3000,minimum_up,84,101_STEAM_4,3684,77,84
3001,minimum_down,84,101_STEAM_4,3685,81,84
3006,minimum_up,85,101_STEAM_4,3690,78,85
3007,minimum_down,85,101_STEAM_4,3691,82,85
3012,minimum_up,86,101_STEAM_4,3696,79,86
3013,minimum_down,86,101_STEAM_4,3697,83,86
3018,minimum_up,87,101_STEAM_4,3702,80,87
3019,minimum_down,87,101_STEAM_4,3703,84,87
3024,minimum_up,88,101_STEAM_4,3708,81,88
3025,minimum_down,88,101_STEAM_4,3709,85,88
3030,minimum_up,89,101_STEAM_4,3714,82,89
3031,minimum_down,89,101_STEAM_4,3715,86,89
3036,minimum_up,90,101_STEAM_4,3720,83,90
3037,minimum_down,90,101_STEAM_4,3721,87,90
3042,minimum_up,91,101_STEAM_4,3726,84,91
3043,minimum_down,91,101_STEAM_4,3727,88,91
3048,minimum_up,92,101_STEAM_4,3732,85,92
3049,minimum_down,92,101_STEAM_4,3733,89,92
3054,minimum_up,93,101_STEAM_4,3738,86,93
3055,minimum_down,93,101_STEAM_4,3739,90,93
3060,minimum_up,94,101_STEAM_4,3744,87,94
3061,minimum_down,94,101_STEAM_4,3745,91,94
3066,minimum_up,95,101_STEAM_4,3750,88,95
3067,minimum_down,95,101_STEAM_4,3751,92,95
3072,minimum_up,96,101_STEAM_4,3756,89,96
3073,minimum_down,96,101_STEAM_4,3757,93,96
3078,minimum_up,97,101_STEAM_4,3762,90,97
3079,minimum_down,97,101_STEAM_4,3763,94,97
3084,minimum_up,98,101_STEAM_4,3768,91,98
3085,minimum_down,98,101_STEAM_4,3769,95,98
3090,minimum_up,99,101_STEAM_4,3774,92,99
3091,minimum_down,99,101_STEAM_4,3775,96,99
3096,minimum_up,100,101_STEAM_4,3780,93,100
3097,minimum_down,100,101_STEAM_4,3781,97,100
3102,minimum_up,101,101_STEAM_4,3786,94,101
3103,minimum_down,101,101_STEAM_4,3787,98,101
3108,minimum_up,102,101_STEAM_4,3792,95,102
3109,minimum_down,102,101_STEAM_4,3793,99,102
3114,minimum_up,103,101_STEAM_4,3798,96,103
3115,minimum_down,103,101_STEAM_4,3799,100,103
3120,minimum_up,104,101_STEAM_4,3804,97,104
3121,minimum_down,104,101_STEAM_4,3805,101,104
3126,minimum_up,105,101_STEAM_4,3810,98,105
3127,minimum_down,105,101_STEAM_4,3811,102,105
3132,minimum_up,106,101_STEAM_4,3816,99,106
3133,minimum_down,106,101_STEAM_4,3817,103,106
3138,minimum_up,107,101_STEAM_4,3822,100,107
3139,minimum_down,107,101_STEAM_4,3823,104,107
3144,minimum_up,108,101_STEAM_4,3828,101,108
3145,minimum_down,108,101_STEAM_4,3829,105,108
3150,minimum_up,109,101_STEAM_4,3834,102,109
3151,minimum_down,109,101_STEAM_4,3835,106,109
3156,minimum_up,110,101_STEAM_4,3840,103,110
3157,minimum_down,110,101_STEAM_4,3841,107,110
3162,minimum_up,111,101_STEAM_4,3846,104,111
3163,minimum_down,111,101_STEAM_4,3847,108,111
3168,minimum_up,112,101_STEAM_4,3852,105,112
3169,minimum_down,112,101_STEAM_4,3853,109,112
3174,minimum_up,113,101_STEAM_4,3858,106,113
3175,minimum_down,113,101_STEAM_4,3859,110,113
3180,minimum_up,114,101_STEAM_4,3864,107,114
3181,minimum_down,114,101_STEAM_4,3865,111,114
3186,minimum_up,115,101_STEAM_4,3870,108,115
3187,minimum_down,115,101_STEAM_4,3871,112,115
3192,minimum_up,116,101_STEAM_4,3876,109,116
3193,minimum_down,116,101_STEAM_4,3877,113,116
3198,minimum_up,117,101_STEAM_4,3882,110,117
3199,minimum_down,117,101_STEAM_4,3883,114,117
3204,minimum_up,118,101_STEAM_4,3888,111,118
3205,minimum_down,118,101_STEAM_4,3889,115,118
3210,minimum_up,119,101_STEAM_4,3894,112,119
3211,minimum_down,119,101_STEAM_4,3895,116,119
3598,minimum_up,48,102_CT_1,4472,48,48
3599,minimum_down,48,102_CT_1,4473,48,48
3604,minimum_up,49,102_CT_1,4478,49,49
3605,minimum_down,49,102_CT_1,4479,49,49
3610,minimum_up,50,102_CT_1,4484,50,50
3611,minimum_down,50,102_CT_1,4485,50,50
3616,minimum_up,51,102_CT_1,4490,51,51
3617,minimum_down,51,102_CT_1,4491,51,51
3622,minimum_up,52,102_CT_1,4496,52,52
3623,minimum_down,52,102_CT_1,4497,52,52
3628,minimum_up,53,102_CT_1,4502,53,53
3629,minimum_down,53,102_CT_1,4503,53,53
3634,minimum_up,54,102_CT_1,4508,54,54
3635,minimum_down,54,102_CT_1,4509,54,54
3640,minimum_up,55,102_CT_1,4514,55,55
3641,minimum_down,55,102_CT_1,4515,55,55
3646,minimum_up,56,102_CT_1,4520,56,56
3647,minimum_down,56,102_CT_1,4521,56,56
3652,minimum_up,57,102_CT_1,4526,57,57
3653,minimum_down,57,102_CT_1,4527,57,57
3658,minimum_up,58,102_CT_1,4532,58,58
3659,minimum_down,58,102_CT_1,4533,58,58
3664,minimum_up,59,102_CT_1,4538,59,59
3665,minimum_down,59,102_CT_1,4539,59,59
3670,minimum_up,60,102_CT_1,4544,60,60
3671,minimum_down,60,102_CT_1,4545,60,60
3676,minimum_up,61,102_CT_1,4550,61,61
3677,minimum_down,61,102_CT_1,4551,61,61
3682,minimum_up,62,102_CT_1,4556,62,62
3683,minimum_down,62,102_CT_1,4557,62,62
3688,minimum_up,63,102_CT_1,4562,63,63
3689,minimum_down,63,102_CT_1,4563,63,63
3694,minimum_up,64,102_CT_1,4568,64,64
3695,minimum_down,64,102_CT_1,4569,64,64
3700,minimum_up,65,102_CT_1,4574,65,65
3701,minimum_down,65,102_CT_1,4575,65,65
3706,minimum_up,66,102_CT_1,4580,66,66
3707,minimum_down,66,102_CT_1,4581,66,66
3712,minimum_up,67,102_CT_1,4586,67,67
3713,minimum_down,67,102_CT_1,4587,67,67
3718,minimum_up,68,102_CT_1,4592,68,68
3719,minimum_down,68,102_CT_1,4593,68,68
3724,minimum_up,69,102_CT_1,4598,69,69
3725,minimum_down,69,102_CT_1,4599,69,69
3730,minimum_up,70,102_CT_1,4604,70,70
3731,minimum_down,70,102_CT_1,4605,70,70
3736,minimum_up,71,102_CT_1,4610,71,71
3737,minimum_down,71,102_CT_1,4611,71,71
3742,minimum_up,72,102_CT_1,4616,72,72
3743,minimum_down,72,102_CT_1,4617,72,72
3748,minimum_up,73,102_CT_1,4622,73,73
3749,minimum_down,73,102_CT_1,4623,73,73
3754,minimum_up,74,102_CT_1,4628,74,74
3755,minimum_down,74,102_CT_1,4629,74,74
3760,minimum_up,75,102_CT_1,4634,75,75
3761,minimum_down,75,102_CT_1,4635,75,75
3766,minimum_up,76,102_CT_1,4640,76,76
3767,minimum_down,76,102_CT_1,4641,76,76
3772,minimum_up,77,102_CT_1,4646,77,77
3773,minimum_down,77,102_CT_1,4647,77,77
3778,minimum_up,78,102_CT_1,4652,78,78
3779,minimum_down,78,102_CT_1,4653,78,78
3784,minimum_up,79,102_CT_1,4658,79,79
3785,minimum_down,79,102_CT_1,4659,79,79
3790,minimum_up,80,102_CT_1,4664,80,80
3791,minimum_down,80,102_CT_1,4665,80,80
3796,minimum_up,81,102_CT_1,4670,81,81
3797,minimum_down,81,102_CT_1,4671,81,81
3802,minimum_up,82,102_CT_1,4676,82,82
3803,minimum_down,82,102_CT_1,4677,82,82
3808,minimum_up,83,102_CT_1,4682,83,83
3809,minimum_down,83,102_CT_1,4683,83,83
3814,minimum_up,84,102_CT_1,4688,84,84
3815,minimum_down,84,102_CT_1,4689,84,84
3820,minimum_up,85,102_CT_1,4694,85,85
3821,minimum_down,85,102_CT_1,4695,85,85
3826,minimum_up,86,102_CT_1,4700,86,86
3827,minimum_down,86,102_CT_1,4701,86,86
3832,minimum_up,87,102_CT_1,4706,87,87
3833,minimum_down,87,102_CT_1,4707,87,87
3838,minimum_up,88,102_CT_1,4712,88,88
3839,minimum_down,88,102_CT_1,4713,88,88
3844,minimum_up,89,102_CT_1,4718,89,89
3845,minimum_down,89,102_CT_1,4719,89,89
3850,minimum_up,90,102_CT_1,4724,90,90
3851,minimum_down,90,102_CT_1,4725,90,90
3856,minimum_up,91,102_CT_1,4730,91,91
3857,minimum_down,91,102_CT_1,4731,91,91
3862,minimum_up,92,102_CT_1,4736,92,92
3863,minimum_down,92,102_CT_1,4737,92,92
3868,minimum_up,93,102_CT_1,4742,93,93
3869,minimum_down,93,102_CT_1,4743,93,93
3874,minimum_up,94,102_CT_1,4748,94,94
3875,minimum_down,94,102_CT_1,4749,94,94
3880,minimum_up,95,102_CT_1,4754,95,95
3881,minimum_down,95,102_CT_1,4755,95,95
3886,minimum_up,96,102_CT_1,4760,96,96
3887,minimum_down,96,102_CT_1,4761,96,96
3892,minimum_up,97,102_CT_1,4766,97,97
3893,minimum_down,97,102_CT_1,4767,97,97
3898,minimum_up,98,102_CT_1,4772,98,98
3899,minimum_down,98,102_CT_1,4773,98,98
3904,minimum_up,99,102_CT_1,4778,99,99
3905,minimum_down,99,102_CT_1,4779,99,99
3910,minimum_up,100,102_CT_1,4784,100,100
3911,minimum_down,100,102_CT_1,4785,100,100
3916,minimum_up,101,102_CT_1,4790,101,101
3917,minimum_down,101,102_CT_1,4791,101,101
3922,minimum_up,102,102_CT_1,4796,102,102
3923,minimum_down,102,102_CT_1,4797,102,102
3928,minimum_up,103,102_CT_1,4802,103,103
3929,minimum_down,103,102_CT_1,4803,103,103
3934,minimum_up,104,102_CT_1,4808,104,104
3935,minimum_down,104,102_CT_1,4809,104,104
3940,minimum_up,105,102_CT_1,4814,105,105
3941,minimum_down,105,102_CT_1,4815,105,105
3946,minimum_up,106,102_CT_1,4820,106,106
3947,minimum_down,106,102_CT_1,4821,106,106
3952,minimum_up,107,102_CT_1,4826,107,107
3953,minimum_down,107,102_CT_1,4827,107,107
3958,minimum_up,108,102_CT_1,4832,108,108
3959,minimum_down,108,102_CT_1,4833,108,108
3964,minimum_up,109,102_CT_1,4838,109,109
3965,minimum_down,109,102_CT_1,4839,109,109
3970,minimum_up,110,102_CT_1,4844,110,110
3971,minimum_down,110,102_CT_1,4845,110,110
3976,minimum_up,111,102_CT_1,4850,111,111
3977,minimum_down,111,102_CT_1,4851,111,111
3982,minimum_up,112,102_CT_1,4856,112,112
3983,minimum_down,112,102_CT_1,4857,112,112
3988,minimum_up,113,102_CT_1,4862,113,113
3989,minimum_down,113,102_CT_1,4863,113,113
3994,minimum_up,114,102_CT_1,4868,114,114
3995,minimum_down,114,102_CT_1,4869,114,114
4000,minimum_up,115,102_CT_1,4874,115,115
4001,minimum_down,115,102_CT_1,4875,115,115
4006,minimum_up,116,102_CT_1,4880,116,116
4007,minimum_down,116,102_CT_1,4881,116,116
4012,minimum_up,117,102_CT_1,4886,117,117
4013,minimum_down,117,102_CT_1,4887,117,117
4018,minimum_up,118,102_CT_1,4892,118,118
4019,minimum_down,118,102_CT_1,4893,118,118
4024,minimum_up,119,102_CT_1,4898,119,119
4025,minimum_down,119,102_CT_1,4899,119,119
4412,minimum_up,48,102_CT_2,5476,48,48
4413,minimum_down,48,102_CT_2,5477,48,48
4418,minimum_up,49,102_CT_2,5482,49,49
4419,minimum_down,49,102_CT_2,5483,49,49
4424,minimum_up,50,102_CT_2,5488,50,50
4425,minimum_down,50,102_CT_2,5489,50,50
4430,minimum_up,51,102_CT_2,5494,51,51
4431,minimum_down,51,102_CT_2,5495,51,51
4436,minimum_up,52,102_CT_2,5500,52,52
4437,minimum_down,52,102_CT_2,5501,52,52
4442,minimum_up,53,102_CT_2,5506,53,53
4443,minimum_down,53,102_CT_2,5507,53,53
4448,minimum_up,54,102_CT_2,5512,54,54
4449,minimum_down,54,102_CT_2,5513,54,54
4454,minimum_up,55,102_CT_2,5518,55,55
4455,minimum_down,55,102_CT_2,5519,55,55
4460,minimum_up,56,102_CT_2,5524,56,56
4461,minimum_down,56,102_CT_2,5525,56,56
4466,minimum_up,57,102_CT_2,5530,57,57
4467,minimum_down,57,102_CT_2,5531,57,57
4472,minimum_up,58,102_CT_2,5536,58,58
4473,minimum_down,58,102_CT_2,5537,58,58
4478,minimum_up,59,102_CT_2,5542,59,59
4479,minimum_down,59,102_CT_2,5543,59,59
4484,minimum_up,60,102_CT_2,5548,60,60
4485,minimum_down,60,102_CT_2,5549,60,60
4490,minimum_up,61,102_CT_2,5554,61,61
4491,minimum_down,61,102_CT_2,5555,61,61
4496,minimum_up,62,102_CT_2,5560,62,62
4497,minimum_down,62,102_CT_2,5561,62,62
4502,minimum_up,63,102_CT_2,5566,63,63
4503,minimum_down,63,102_CT_2,5567,63,63
4508,minimum_up,64,102_CT_2,5572,64,64
4509,minimum_down,64,102_CT_2,5573,64,64
4514,minimum_up,65,102_CT_2,5578,65,65
4515,minimum_down,65,102_CT_2,5579,65,65
4520,minimum_up,66,102_CT_2,5584,66,66
4521,minimum_down,66,102_CT_2,5585,66,66
4526,minimum_up,67,102_CT_2,5590,67,67
4527,minimum_down,67,102_CT_2,5591,67,67
4532,minimum_up,68,102_CT_2,5596,68,68
4533,minimum_down,68,102_CT_2,5597,68,68
4538,minimum_up,69,102_CT_2,5602,69,69
4539,minimum_down,69,102_CT_2,5603,69,69
4544,minimum_up,70,102_CT_2,5608,70,70
4545,minimum_down,70,102_CT_2,5609,70,70
4550,minimum_up,71,102_CT_2,5614,71,71
4551,minimum_down,71,102_CT_2,5615,71,71
4556,minimum_up,72,102_CT_2,5620,72,72
4557,minimum_down,72,102_CT_2,5621,72,72
4562,minimum_up,73,102_CT_2,5626,73,73
4563,minimum_down,73,102_CT_2,5627,73,73
4568,minimum_up,74,102_CT_2,5632,74,74
4569,minimum_down,74,102_CT_2,5633,74,74
4574,minimum_up,75,102_CT_2,5638,75,75
4575,minimum_down,75,102_CT_2,5639,75,75
4580,minimum_up,76,102_CT_2,5644,76,76
4581,minimum_down,76,102_CT_2,5645,76,76
4586,minimum_up,77,102_CT_2,5650,77,77
4587,minimum_down,77,102_CT_2,5651,77,77
4592,minimum_up,78,102_CT_2,5656,78,78
4593,minimum_down,78,102_CT_2,5657,78,78
4598,minimum_up,79,102_CT_2,5662,79,79
4599,minimum_down,79,102_CT_2,5663,79,79
4604,minimum_up,80,102_CT_2,5668,80,80
4605,minimum_down,80,102_CT_2,5669,80,80
4610,minimum_up,81,102_CT_2,5674,81,81
4611,minimum_down,81,102_CT_2,5675,81,81
4616,minimum_up,82,102_CT_2,5680,82,82
4617,minimum_down,82,102_CT_2,5681,82,82
4622,minimum_up,83,102_CT_2,5686,83,83
4623,minimum_down,83,102_CT_2,5687,83,83
4628,minimum_up,84,102_CT_2,5692,84,84
4629,minimum_down,84,102_CT_2,5693,84,84
4634,minimum_up,85,102_CT_2,5698,85,85
4635,minimum_down,85,102_CT_2,5699,85,85
4640,minimum_up,86,102_CT_2,5704,86,86
4641,minimum_down,86,102_CT_2,5705,86,86
4646,minimum_up,87,102_CT_2,5710,87,87
4647,minimum_down,87,102_CT_2,5711,87,87
4652,minimum_up,88,102_CT_2,5716,88,88
4653,minimum_down,88,102_CT_2,5717,88,88
4658,minimum_up,89,102_CT_2,5722,89,89
4659,minimum_down,89,102_CT_2,5723,89,89
4664,minimum_up,90,102_CT_2,5728,90,90
4665,minimum_down,90,102_CT_2,5729,90,90
4670,minimum_up,91,102_CT_2,5734,91,91
4671,minimum_down,91,102_CT_2,5735,91,91
4676,minimum_up,92,102_CT_2,5740,92,92
4677,minimum_down,92,102_CT_2,5741,92,92
4682,minimum_up,93,102_CT_2,5746,93,93
4683,minimum_down,93,102_CT_2,5747,93,93
4688,minimum_up,94,102_CT_2,5752,94,94
4689,minimum_down,94,102_CT_2,5753,94,94
4694,minimum_up,95,102_CT_2,5758,95,95
4695,minimum_down,95,102_CT_2,5759,95,95
4700,minimum_up,96,102_CT_2,5764,96,96
4701,minimum_down,96,102_CT_2,5765,96,96
4706,minimum_up,97,102_CT_2,5770,97,97
4707,minimum_down,97,102_CT_2,5771,97,97
4712,minimum_up,98,102_CT_2,5776,98,98
4713,minimum_down,98,102_CT_2,5777,98,98
4718,minimum_up,99,102_CT_2,5782,99,99
4719,minimum_down,99,102_CT_2,5783,99,99
4724,minimum_up,100,102_CT_2,5788,100,100
4725,minimum_down,100,102_CT_2,5789,100,100
4730,minimum_up,101,102_CT_2,5794,101,101
4731,minimum_down,101,102_CT_2,5795,101,101
4736,minimum_up,102,102_CT_2,5800,102,102
4737,minimum_down,102,102_CT_2,5801,102,102
4742,minimum_up,103,102_CT_2,5806,103,103
4743,minimum_down,103,102_CT_2,5807,103,103
4748,minimum_up,104,102_CT_2,5812,104,104
4749,minimum_down,104,102_CT_2,5813,104,104
4754,minimum_up,105,102_CT_2,5818,105,105
4755,minimum_down,105,102_CT_2,5819,105,105
4760,minimum_up,106,102_CT_2,5824,106,106
4761,minimum_down,106,102_CT_2,5825,106,106
4766,minimum_up,107,102_CT_2,5830,107,107
4767,minimum_down,107,102_CT_2,5831,107,107
4772,minimum_up,108,102_CT_2,5836,108,108
4773,minimum_down,108,102_CT_2,5837,108,108
4778,minimum_up,109,102_CT_2,5842,109,109
4779,minimum_down,109,102_CT_2,5843,109,109
4784,minimum_up,110,102_CT_2,5848,110,110
4785,minimum_down,110,102_CT_2,5849,110,110
4790,minimum_up,111,102_CT_2,5854,111,111
4791,minimum_down,111,102_CT_2,5855,111,111
4796,minimum_up,112,102_CT_2,5860,112,112
4797,minimum_down,112,102_CT_2,5861,112,112
4802,minimum_up,113,102_CT_2,5866,113,113
4803,minimum_down,113,102_CT_2,5867,113,113
4808,minimum_up,114,102_CT_2,5872,114,114
4809,minimum_down,114,102_CT_2,5873,114,114
4814,minimum_up,115,102_CT_2,5878,115,115
4815,minimum_down,115,102_CT_2,5879,115,115
4820,minimum_up,116,102_CT_2,5884,116,116
4821,minimum_down,116,102_CT_2,5885,116,116
4826,minimum_up,117,102_CT_2,5890,117,117
4827,minimum_down,117,102_CT_2,5891,117,117
4832,minimum_up,118,102_CT_2,5896,118,118
4833,minimum_down,118,102_CT_2,5897,118,118
4838,minimum_up,119,102_CT_2,5902,119,119
4839,minimum_down,119,102_CT_2,5903,119,119
5238,minimum_down,51,102_STEAM_3,6499,48,51
5243,minimum_down,52,102_STEAM_3,6505,49,52
5248,minimum_down,53,102_STEAM_3,6511,50,53
5253,minimum_down,54,102_STEAM_3,6517,51,54
5258,minimum_up,55,102_STEAM_3,6522,48,55
5259,minimum_down,55,102_STEAM_3,6523,52,55
5264,minimum_up,56,102_STEAM_3,6528,49,56
5265,minimum_down,56,102_STEAM_3,6529,53,56
5270,minimum_up,57,102_STEAM_3,6534,50,57
5271,minimum_down,57,102_STEAM_3,6535,54,57
5276,minimum_up,58,102_STEAM_3,6540,51,58
5277,minimum_down,58,102_STEAM_3,6541,55,58
5282,minimum_up,59,102_STEAM_3,6546,52,59
5283,minimum_down,59,102_STEAM_3,6547,56,59
5288,minimum_up,60,102_STEAM_3,6552,53,60
5289,minimum_down,60,102_STEAM_3,6553,57,60
5294,minimum_up,61,102_STEAM_3,6558,54,61
5295,minimum_down,61,102_STEAM_3,6559,58,61
5300,minimum_up,62,102_STEAM_3,6564,55,62
5301,minimum_down,62,102_STEAM_3,6565,59,62
5306,minimum_up,63,102_STEAM_3,6570,56,63
5307,minimum_down,63,102_STEAM_3,6571,60,63
5312,minimum_up,64,102_STEAM_3,6576,57,64
5313,minimum_down,64,102_STEAM_3,6577,61,64
5318,minimum_up,65,102_STEAM_3,6582,58,65
5319,minimum_down,65,102_STEAM_3,6583,62,65
5324,minimum_up,66,102_STEAM_3,6588,59,66
5325,minimum_down,66,102_STEAM_3,6589,63,66
5330,minimum_up,67,102_STEAM_3,6594,60,67
5331,minimum_down,67,102_STEAM_3,6595,64,67
5336,minimum_up,68,102_STEAM_3,6600,61,68
5337,minimum_down,68,102_STEAM_3,6601,65,68
5342,minimum_up,69,102_STEAM_3,6606,62,69
5343,minimum_down,69,102_STEAM_3,6607,66,69
5348,minimum_up,70,102_STEAM_3,6612,63,70
5349,minimum_down,70,102_STEAM_3,6613,67,70
5354,minimum_up,71,102_STEAM_3,6618,64,71
5355,minimum_down,71,102_STEAM_3,6619,68,71
5360,minimum_up,72,102_STEAM_3,6624,65,72
5361,minimum_down,72,102_STEAM_3,6625,69,72
5366,minimum_up,73,102_STEAM_3,6630,66,73
5367,minimum_down,73,102_STEAM_3,6631,70,73
5372,minimum_up,74,102_STEAM_3,6636,67,74
5373,minimum_down,74,102_STEAM_3,6637,71,74
5378,minimum_up,75,102_STEAM_3,6642,68,75
5379,minimum_down,75,102_STEAM_3,6643,72,75
5384,minimum_up,76,102_STEAM_3,6648,69,76
5385,minimum_down,76,102_STEAM_3,6649,73,76
5390,minimum_up,77,102_STEAM_3,6654,70,77
5391,minimum_down,77,102_STEAM_3,6655,74,77
5396,minimum_up,78,102_STEAM_3,6660,71,78
5397,minimum_down,78,102_STEAM_3,6661,75,78
5402,minimum_up,79,102_STEAM_3,6666,72,79
5403,minimum_down,79,102_STEAM_3,6667,76,79
5408,minimum_up,80,102_STEAM_3,6672,73,80
5409,minimum_down,80,102_STEAM_3,6673,77,80
5414,minimum_up,81,102_STEAM_3,6678,74,81
5415,minimum_down,81,102_STEAM_3,6679,78,81
5420,minimum_up,82,102_STEAM_3,6684,75,82
5421,minimum_down,82,102_STEAM_3,6685,79,82
5426,minimum_up,83,102_STEAM_3,6690,76,83
5427,minimum_down,83,102_STEAM_3,6691,80,83
5432,minimum_up,84,102_STEAM_3,6696,77,84
5433,minimum_down,84,102_STEAM_3,6697,81,84
5438,minimum_up,85,102_STEAM_3,6702,78,85
5439,minimum_down,85,102_STEAM_3,6703,82,85
5444,minimum_up,86,102_STEAM_3,6708,79,86
5445,minimum_down,86,102_STEAM_3,6709,83,86
5450,minimum_up,87,102_STEAM_3,6714,80,87
5451,minimum_down,87,102_STEAM_3,6715,84,87
5456,minimum_up,88,102_STEAM_3,6720,81,88
5457,minimum_down,88,102_STEAM_3,6721,85,88
5462,minimum_up,89,102_STEAM_3,6726,82,89
5463,minimum_down,89,102_STEAM_3,6727,86,89
5468,minimum_up,90,102_STEAM_3,6732,83,90
5469,minimum_down,90,102_STEAM_3,6733,87,90
5474,minimum_up,91,102_STEAM_3,6738,84,91
5475,minimum_down,91,102_STEAM_3,6739,88,91
5480,minimum_up,92,102_STEAM_3,6744,85,92
5481,minimum_down,92,102_STEAM_3,6745,89,92
5486,minimum_up,93,102_STEAM_3,6750,86,93
5487,minimum_down,93,102_STEAM_3,6751,90,93
5492,minimum_up,94,102_STEAM_3,6756,87,94
5493,minimum_down,94,102_STEAM_3,6757,91,94
5498,minimum_up,95,102_STEAM_3,6762,88,95
5499,minimum_down,95,102_STEAM_3,6763,92,95
5504,minimum_up,96,102_STEAM_3,6768,89,96
5505,minimum_down,96,102_STEAM_3,6769,93,96
5510,minimum_up,97,102_STEAM_3,6774,90,97
5511,minimum_down,97,102_STEAM_3,6775,94,97
5516,minimum_up,98,102_STEAM_3,6780,91,98
5517,minimum_down,98,102_STEAM_3,6781,95,98
5522,minimum_up,99,102_STEAM_3,6786,92,99
5523,minimum_down,99,102_STEAM_3,6787,96,99
5528,minimum_up,100,102_STEAM_3,6792,93,100
5529,minimum_down,100,102_STEAM_3,6793,97,100
5534,minimum_up,101,102_STEAM_3,6798,94,101
5535,minimum_down,101,102_STEAM_3,6799,98,101
5540,minimum_up,102,102_STEAM_3,6804,95,102
5541,minimum_down,102,102_STEAM_3,6805,99,102
5546,minimum_up,103,102_STEAM_3,6810,96,103
5547,minimum_down,103,102_STEAM_3,6811,100,103
5552,minimum_up,104,102_STEAM_3,6816,97,104
5553,minimum_down,104,102_STEAM_3,6817,101,104
5558,minimum_up,105,102_STEAM_3,6822,98,105
5559,minimum_down,105,102_STEAM_3,6823,102,105
5564,minimum_up,106,102_STEAM_3,6828,99,106
5565,minimum_down,106,102_STEAM_3,6829,103,106
5570,minimum_up,107,102_STEAM_3,6834,100,107
5571,minimum_down,107,102_STEAM_3,6835,104,107
5576,minimum_up,108,102_STEAM_3,6840,101,108
5577,minimum_down,108,102_STEAM_3,6841,105,108
5582,minimum_up,109,102_STEAM_3,6846,102,109
5583,minimum_down,109,102_STEAM_3,6847,106,109
5588,minimum_up,110,102_STEAM_3,6852,103,110
5589,minimum_down,110,102_STEAM_3,6853,107,110
5594,minimum_up,111,102_STEAM_3,6858,104,111
5595,minimum_down,111,102_STEAM_3,6859,108,111
5600,minimum_up,112,102_STEAM_3,6864,105,112
5601,minimum_down,112,102_STEAM_3,6865,109,112
5606,minimum_up,113,102_STEAM_3,6870,106,113
5607,minimum_down,113,102_STEAM_3,6871,110,113
5612,minimum_up,114,102_STEAM_3,6876,107,114
5613,minimum_down,114,102_STEAM_3,6877,111,114
5618,minimum_up,115,102_STEAM_3,6882,108,115
5619,minimum_down,115,102_STEAM_3,6883,112,115
5624,minimum_up,116,102_STEAM_3,6888,109,116
5625,minimum_down,116,102_STEAM_3,6889,113,116
5630,minimum_up,117,102_STEAM_3,6894,110,117
5631,minimum_down,117,102_STEAM_3,6895,114,117
5636,minimum_up,118,102_STEAM_3,6900,111,118
5637,minimum_down,118,102_STEAM_3,6901,115,118
5642,minimum_up,119,102_STEAM_3,6906,112,119
5643,minimum_down,119,102_STEAM_3,6907,116,119
6042,minimum_down,51,102_STEAM_4,7503,48,51
6047,minimum_down,52,102_STEAM_4,7509,49,52
6052,minimum_down,53,102_STEAM_4,7515,50,53
6057,minimum_down,54,102_STEAM_4,7521,51,54
6062,minimum_up,55,102_STEAM_4,7526,48,55
6063,minimum_down,55,102_STEAM_4,7527,52,55
6068,minimum_up,56,102_STEAM_4,7532,49,56
6069,minimum_down,56,102_STEAM_4,7533,53,56
6074,minimum_up,57,102_STEAM_4,7538,50,57
6075,minimum_down,57,102_STEAM_4,7539,54,57
6080,minimum_up,58,102_STEAM_4,7544,51,58
6081,minimum_down,58,102_STEAM_4,7545,55,58
6086,minimum_up,59,102_STEAM_4,7550,52,59
6087,minimum_down,59,102_STEAM_4,7551,56,59
6092,minimum_up,60,102_STEAM_4,7556,53,60
6093,minimum_down,60,102_STEAM_4,7557,57,60
6098,minimum_up,61,102_STEAM_4,7562,54,61
6099,minimum_down,61,102_STEAM_4,7563,58,61
6104,minimum_up,62,102_STEAM_4,7568,55,62
6105,minimum_down,62,102_STEAM_4,7569,59,62
6110,minimum_up,63,102_STEAM_4,7574,56,63
6111,minimum_down,63,102_STEAM_4,7575,60,63
6116,minimum_up,64,102_STEAM_4,7580,57,64
6117,minimum_down,64,102_STEAM_4,7581,61,64
6122,minimum_up,65,102_STEAM_4,7586,58,65
6123,minimum_down,65,102_STEAM_4,7587,62,65
6128,minimum_up,66,102_STEAM_4,7592,59,66
6129,minimum_down,66,102_STEAM_4,7593,63,66
6134,minimum_up,67,102_STEAM_4,7598,60,67
6135,minimum_down,67,102_STEAM_4,7599,64,67
6140,minimum_up,68,102_STEAM_4,7604,61,68
6141,minimum_down,68,102_STEAM_4,7605,65,68
6146,minimum_up,69,102_STEAM_4,7610,62,69
6147,minimum_down,69,102_STEAM_4,7611,66,69
6152,minimum_up,70,102_STEAM_4,7616,63,70
6153,minimum_down,70,102_STEAM_4,7617,67,70
6158,minimum_up,71,102_STEAM_4,7622,64,71
6159,minimum_down,71,102_STEAM_4,7623,68,71
6164,minimum_up,72,102_STEAM_4,7628,65,72
6165,minimum_down,72,102_STEAM_4,7629,69,72
6170,minimum_up,73,102_STEAM_4,7634,66,73
6171,minimum_down,73,102_STEAM_4,7635,70,73
6176,minimum_up,74,102_STEAM_4,7640,67,74
6177,minimum_down,74,102_STEAM_4,7641,71,74
6182,minimum_up,75,102_STEAM_4,7646,68,75
6183,minimum_down,75,102_STEAM_4,7647,72,75
6188,minimum_up,76,102_STEAM_4,7652,69,76
6189,minimum_down,76,102_STEAM_4,7653,73,76
6194,minimum_up,77,102_STEAM_4,7658,70,77
6195,minimum_down,77,102_STEAM_4,7659,74,77
6200,minimum_up,78,102_STEAM_4,7664,71,78
6201,minimum_down,78,102_STEAM_4,7665,75,78
6206,minimum_up,79,102_STEAM_4,7670,72,79
6207,minimum_down,79,102_STEAM_4,7671,76,79
6212,minimum_up,80,102_STEAM_4,7676,73,80
6213,minimum_down,80,102_STEAM_4,7677,77,80
6218,minimum_up,81,102_STEAM_4,7682,74,81
6219,minimum_down,81,102_STEAM_4,7683,78,81
6224,minimum_up,82,102_STEAM_4,7688,75,82
6225,minimum_down,82,102_STEAM_4,7689,79,82
6230,minimum_up,83,102_STEAM_4,7694,76,83
6231,minimum_down,83,102_STEAM_4,7695,80,83
6236,minimum_up,84,102_STEAM_4,7700,77,84
6237,minimum_down,84,102_STEAM_4,7701,81,84
6242,minimum_up,85,102_STEAM_4,7706,78,85
6243,minimum_down,85,102_STEAM_4,7707,82,85
6248,minimum_up,86,102_STEAM_4,7712,79,86
6249,minimum_down,86,102_STEAM_4,7713,83,86
6254,minimum_up,87,102_STEAM_4,7718,80,87
6255,minimum_down,87,102_STEAM_4,7719,84,87
6260,minimum_up,88,102_STEAM_4,7724,81,88
6261,minimum_down,88,102_STEAM_4,7725,85,88
6266,minimum_up,89,102_STEAM_4,7730,82,89
6267,minimum_down,89,102_STEAM_4,7731,86,89
6272,minimum_up,90,102_STEAM_4,7736,83,90
6273,minimum_down,90,102_STEAM_4,7737,87,90
6278,minimum_up,91,102_STEAM_4,7742,84,91
6279,minimum_down,91,102_STEAM_4,7743,88,91
6284,minimum_up,92,102_STEAM_4,7748,85,92
6285,minimum_down,92,102_STEAM_4,7749,89,92
6290,minimum_up,93,102_STEAM_4,7754,86,93
6291,minimum_down,93,102_STEAM_4,7755,90,93
6296,minimum_up,94,102_STEAM_4,7760,87,94
6297,minimum_down,94,102_STEAM_4,7761,91,94
6302,minimum_up,95,102_STEAM_4,7766,88,95
6303,minimum_down,95,102_STEAM_4,7767,92,95
6308,minimum_up,96,102_STEAM_4,7772,89,96
6309,minimum_down,96,102_STEAM_4,7773,93,96
6314,minimum_up,97,102_STEAM_4,7778,90,97
6315,minimum_down,97,102_STEAM_4,7779,94,97
6320,minimum_up,98,102_STEAM_4,7784,91,98
6321,minimum_down,98,102_STEAM_4,7785,95,98
6326,minimum_up,99,102_STEAM_4,7790,92,99
6327,minimum_down,99,102_STEAM_4,7791,96,99
6332,minimum_up,100,102_STEAM_4,7796,93,100
6333,minimum_down,100,102_STEAM_4,7797,97,100
6338,minimum_up,101,102_STEAM_4,7802,94,101
6339,minimum_down,101,102_STEAM_4,7803,98,101
6344,minimum_up,102,102_STEAM_4,7808,95,102
6345,minimum_down,102,102_STEAM_4,7809,99,102
6350,minimum_up,103,102_STEAM_4,7814,96,103
6351,minimum_down,103,102_STEAM_4,7815,100,103
6356,minimum_up,104,102_STEAM_4,7820,97,104
6357,minimum_down,104,102_STEAM_4,7821,101,104
6362,minimum_up,105,102_STEAM_4,7826,98,105
6363,minimum_down,105,102_STEAM_4,7827,102,105
6368,minimum_up,106,102_STEAM_4,7832,99,106
6369,minimum_down,106,102_STEAM_4,7833,103,106
6374,minimum_up,107,102_STEAM_4,7838,100,107
6375,minimum_down,107,102_STEAM_4,7839,104,107
6380,minimum_up,108,102_STEAM_4,7844,101,108
6381,minimum_down,108,102_STEAM_4,7845,105,108
6386,minimum_up,109,102_STEAM_4,7850,102,109
6387,minimum_down,109,102_STEAM_4,7851,106,109
6392,minimum_up,110,102_STEAM_4,7856,103,110
6393,minimum_down,110,102_STEAM_4,7857,107,110
6398,minimum_up,111,102_STEAM_4,7862,104,111
6399,minimum_down,111,102_STEAM_4,7863,108,111
6404,minimum_up,112,102_STEAM_4,7868,105,112
6405,minimum_down,112,102_STEAM_4,7869,109,112
6410,minimum_up,113,102_STEAM_4,7874,106,113
6411,minimum_down,113,102_STEAM_4,7875,110,113
6416,minimum_up,114,102_STEAM_4,7880,107,114
6417,minimum_down,114,102_STEAM_4,7881,111,114
6422,minimum_up,115,102_STEAM_4,7886,108,115
6423,minimum_down,115,102_STEAM_4,7887,112,115
6428,minimum_up,116,102_STEAM_4,7892,109,116
6429,minimum_down,116,102_STEAM_4,7893,113,116
6434,minimum_up,117,102_STEAM_4,7898,110,117
6435,minimum_down,117,102_STEAM_4,7899,114,117
6440,minimum_up,118,102_STEAM_4,7904,111,118
6441,minimum_down,118,102_STEAM_4,7905,115,118
6446,minimum_up,119,102_STEAM_4,7910,112,119
6447,minimum_down,119,102_STEAM_4,7911,116,119
6850,minimum_down,52,107_CC_1,8513,48,52
6855,minimum_down,53,107_CC_1,8519,49,53
6860,minimum_down,54,107_CC_1,8525,50,54
6865,minimum_up,55,107_CC_1,8530,48,55
6866,minimum_down,55,107_CC_1,8531,51,55
6871,minimum_up,56,107_CC_1,8536,49,56
6872,minimum_down,56,107_CC_1,8537,52,56
6877,minimum_up,57,107_CC_1,8542,50,57
6878,minimum_down,57,107_CC_1,8543,53,57
6883,minimum_up,58,107_CC_1,8548,51,58
6884,minimum_down,58,107_CC_1,8549,54,58
6889,minimum_up,59,107_CC_1,8554,52,59
6890,minimum_down,59,107_CC_1,8555,55,59
6895,minimum_up,60,107_CC_1,8560,53,60
6896,minimum_down,60,107_CC_1,8561,56,60
6901,minimum_up,61,107_CC_1,8566,54,61
6902,minimum_down,61,107_CC_1,8567,57,61
6907,minimum_up,62,107_CC_1,8572,55,62
6908,minimum_down,62,107_CC_1,8573,58,62
6913,minimum_up,63,107_CC_1,8578,56,63
6914,minimum_down,63,107_CC_1,8579,59,63
6919,minimum_up,64,107_CC_1,8584,57,64
6920,minimum_down,64,107_CC_1,8585,60,64
6925,minimum_up,65,107_CC_1,8590,58,65
6926,minimum_down,65,107_CC_1,8591,61,65
6931,minimum_up,66,107_CC_1,8596,59,66
6932,minimum_down,66,107_CC_1,8597,62,66
6937,minimum_up,67,107_CC_1,8602,60,67
6938,minimum_down,67,107_CC_1,8603,63,67
6943,minimum_up,68,107_CC_1,8608,61,68
6944,minimum_down,68,107_CC_1,8609,64,68
6949,minimum_up,69,107_CC_1,8614,62,69
6950,minimum_down,69,107_CC_1,8615,65,69
6955,minimum_up,70,107_CC_1,8620,63,70
6956,minimum_down,70,107_CC_1,8621,66,70
6961,minimum_up,71,107_CC_1,8626,64,71
6962,minimum_down,71,107_CC_1,8627,67,71
6967,minimum_up,72,107_CC_1,8632,65,72
6968,minimum_down,72,107_CC_1,8633,68,72
6973,minimum_up,73,107_CC_1,8638,66,73
6974,minimum_down,73,107_CC_1,8639,69,73
6979,minimum_up,74,107_CC_1,8644,67,74
6980,minimum_down,74,107_CC_1,8645,70,74
6985,minimum_up,75,107_CC_1,8650,68,75
6986,minimum_down,75,107_CC_1,8651,71,75
6991,minimum_up,76,107_CC_1,8656,69,76
6992,minimum_down,76,107_CC_1,8657,72,76
6997,minimum_up,77,107_CC_1,8662,70,77
6998,minimum_down,77,107_CC_1,8663,73,77
7003,minimum_up,78,107_CC_1,8668,71,78
7004,minimum_down,78,107_CC_1,8669,74,78
7009,minimum_up,79,107_CC_1,8674,72,79
7010,minimum_down,79,107_CC_1,8675,75,79
7015,minimum_up,80,107_CC_1,8680,73,80
7016,minimum_down,80,107_CC_1,8681,76,80
7021,minimum_up,81,107_CC_1,8686,74,81
7022,minimum_down,81,107_CC_1,8687,77,81
7027,minimum_up,82,107_CC_1,8692,75,82
7028,minimum_down,82,107_CC_1,8693,78,82
7033,minimum_up,83,107_CC_1,8698,76,83
7034,minimum_down,83,107_CC_1,8699,79,83
7039,minimum_up,84,107_CC_1,8704,77,84
7040,minimum_down,84,107_CC_1,8705,80,84
7045,minimum_up,85,107_CC_1,8710,78,85
7046,minimum_down,85,107_CC_1,8711,81,85
7051,minimum_up,86,107_CC_1,8716,79,86
7052,minimum_down,86,107_CC_1,8717,82,86
7057,minimum_up,87,107_CC_1,8722,80,87
7058,minimum_down,87,107_CC_1,8723,83,87
7063,minimum_up,88,107_CC_1,8728,81,88
7064,minimum_down,88,107_CC_1,8729,84,88
7069,minimum_up,89,107_CC_1,8734,82,89
7070,minimum_down,89,107_CC_1,8735,85,89
7075,minimum_up,90,107_CC_1,8740,83,90
7076,minimum_down,90,107_CC_1,8741,86,90
7081,minimum_up,91,107_CC_1,8746,84,91
7082,minimum_down,91,107_CC_1,8747,87,91
7087,minimum_up,92,107_CC_1,8752,85,92
7088,minimum_down,92,107_CC_1,8753,88,92
7093,minimum_up,93,107_CC_1,8758,86,93
7094,minimum_down,93,107_CC_1,8759,89,93
7099,minimum_up,94,107_CC_1,8764,87,94
7100,minimum_down,94,107_CC_1,8765,90,94
7105,minimum_up,95,107_CC_1,8770,88,95
7106,minimum_down,95,107_CC_1,8771,91,95
7111,minimum_up,96,107_CC_1,8776,89,96
7112,minimum_down,96,107_CC_1,8777,92,96
7117,minimum_up,97,107_CC_1,8782,90,97
7118,minimum_down,97,107_CC_1,8783,93,97
7123,minimum_up,98,107_CC_1,8788,91,98
7124,minimum_down,98,107_CC_1,8789,94,98
7129,minimum_up,99,107_CC_1,8794,92,99
7130,minimum_down,99,107_CC_1,8795,95,99
7135,minimum_up,100,107_CC_1,8800,93,100
7136,minimum_down,100,107_CC_1,8801,96,100
7141,minimum_up,101,107_CC_1,8806,94,101
7142,minimum_down,101,107_CC_1,8807,97,101
7147,minimum_up,102,107_CC_1,8812,95,102
7148,minimum_down,102,107_CC_1,8813,98,102
7153,minimum_up,103,107_CC_1,8818,96,103
7154,minimum_down,103,107_CC_1,8819,99,103
7159,minimum_up,104,107_CC_1,8824,97,104
7160,minimum_down,104,107_CC_1,8825,100,104
7165,minimum_up,105,107_CC_1,8830,98,105
7166,minimum_down,105,107_CC_1,8831,101,105
7171,minimum_up,106,107_CC_1,8836,99,106
7172,minimum_down,106,107_CC_1,8837,102,106
7177,minimum_up,107,107_CC_1,8842,100,107
7178,minimum_down,107,107_CC_1,8843,103,107
7183,minimum_up,108,107_CC_1,8848,101,108
7184,minimum_down,108,107_CC_1,8849,104,108
7189,minimum_up,109,107_CC_1,8854,102,109
7190,minimum_down,109,107_CC_1,8855,105,109
7195,minimum_up,110,107_CC_1,8860,103,110
7196,minimum_down,110,107_CC_1,8861,106,110
7201,minimum_up,111,107_CC_1,8866,104,111
7202,minimum_down,111,107_CC_1,8867,107,111
7207,minimum_up,112,107_CC_1,8872,105,112
7208,minimum_down,112,107_CC_1,8873,108,112
7213,minimum_up,113,107_CC_1,8878,106,113
7214,minimum_down,113,107_CC_1,8879,109,113
7219,minimum_up,114,107_CC_1,8884,107,114
7220,minimum_down,114,107_CC_1,8885,110,114
7225,minimum_up,115,107_CC_1,8890,108,115
7226,minimum_down,115,107_CC_1,8891,111,115
7231,minimum_up,116,107_CC_1,8896,109,116
7232,minimum_down,116,107_CC_1,8897,112,116
7237,minimum_up,117,107_CC_1,8902,110,117
7238,minimum_down,117,107_CC_1,8903,113,117
7243,minimum_up,118,107_CC_1,8908,111,118
7244,minimum_down,118,107_CC_1,8909,114,118
7249,minimum_up,119,107_CC_1,8914,112,119
7250,minimum_down,119,107_CC_1,8915,115,119
7645,minimum_up,50,113_CT_1,9504,48,50
7646,minimum_down,50,113_CT_1,9505,48,50
7651,minimum_up,51,113_CT_1,9510,49,51
7652,minimum_down,51,113_CT_1,9511,49,51
7657,minimum_up,52,113_CT_1,9516,50,52
7658,minimum_down,52,113_CT_1,9517,50,52
7663,minimum_up,53,113_CT_1,9522,51,53
7664,minimum_down,53,113_CT_1,9523,51,53
7669,minimum_up,54,113_CT_1,9528,52,54
7670,minimum_down,54,113_CT_1,9529,52,54
7675,minimum_up,55,113_CT_1,9534,53,55
7676,minimum_down,55,113_CT_1,9535,53,55
7681,minimum_up,56,113_CT_1,9540,54,56
7682,minimum_down,56,113_CT_1,9541,54,56
7687,minimum_up,57,113_CT_1,9546,55,57
7688,minimum_down,57,113_CT_1,9547,55,57
7693,minimum_up,58,113_CT_1,9552,56,58
7694,minimum_down,58,113_CT_1,9553,56,58
7699,minimum_up,59,113_CT_1,9558,57,59
7700,minimum_down,59,113_CT_1,9559,57,59
7705,minimum_up,60,113_CT_1,9564,58,60
7706,minimum_down,60,113_CT_1,9565,58,60
7711,minimum_up,61,113_CT_1,9570,59,61
7712,minimum_down,61,113_CT_1,9571,59,61
7717,minimum_up,62,113_CT_1,9576,60,62
7718,minimum_down,62,113_CT_1,9577,60,62
7723,minimum_up,63,113_CT_1,9582,61,63
7724,minimum_down,63,113_CT_1,9583,61,63
7729,minimum_up,64,113_CT_1,9588,62,64
7730,minimum_down,64,113_CT_1,9589,62,64
7735,minimum_up,65,113_CT_1,9594,63,65
7736,minimum_down,65,113_CT_1,9595,63,65
7741,minimum_up,66,113_CT_1,9600,64,66
7742,minimum_down,66,113_CT_1,9601,64,66
7747,minimum_up,67,113_CT_1,9606,65,67
7748,minimum_down,67,113_CT_1,9607,65,67
7753,minimum_up,68,113_CT_1,9612,66,68
7754,minimum_down,68,113_CT_1,9613,66,68
7759,minimum_up,69,113_CT_1,9618,67,69
7760,minimum_down,69,113_CT_1,9619,67,69
7765,minimum_up,70,113_CT_1,9624,68,70
7766,minimum_down,70,113_CT_1,9625,68,70
7771,minimum_up,71,113_CT_1,9630,69,71
7772,minimum_down,71,113_CT_1,9631,69,71
7777,minimum_up,72,113_CT_1,9636,70,72
7778,minimum_down,72,113_CT_1,9637,70,72
7783,minimum_up,73,113_CT_1,9642,71,73
7784,minimum_down,73,113_CT_1,9643,71,73
7789,minimum_up,74,113_CT_1,9648,72,74
7790,minimum_down,74,113_CT_1,9649,72,74
7795,minimum_up,75,113_CT_1,9654,73,75
7796,minimum_down,75,113_CT_1,9655,73,75
7801,minimum_up,76,113_CT_1,9660,74,76
7802,minimum_down,76,113_CT_1,9661,74,76
7807,minimum_up,77,113_CT_1,9666,75,77
7808,minimum_down,77,113_CT_1,9667,75,77
7813,minimum_up,78,113_CT_1,9672,76,78
7814,minimum_down,78,113_CT_1,9673,76,78
7819,minimum_up,79,113_CT_1,9678,77,79
7820,minimum_down,79,113_CT_1,9679,77,79
7825,minimum_up,80,113_CT_1,9684,78,80
7826,minimum_down,80,113_CT_1,9685,78,80
7831,minimum_up,81,113_CT_1,9690,79,81
7832,minimum_down,81,113_CT_1,9691,79,81
7837,minimum_up,82,113_CT_1,9696,80,82
7838,minimum_down,82,113_CT_1,9697,80,82
7843,minimum_up,83,113_CT_1,9702,81,83
7844,minimum_down,83,113_CT_1,9703,81,83
7849,minimum_up,84,113_CT_1,9708,82,84
7850,minimum_down,84,113_CT_1,9709,82,84
7855,minimum_up,85,113_CT_1,9714,83,85
7856,minimum_down,85,113_CT_1,9715,83,85
7861,minimum_up,86,113_CT_1,9720,84,86
7862,minimum_down,86,113_CT_1,9721,84,86
7867,minimum_up,87,113_CT_1,9726,85,87
7868,minimum_down,87,113_CT_1,9727,85,87
7873,minimum_up,88,113_CT_1,9732,86,88
7874,minimum_down,88,113_CT_1,9733,86,88
7879,minimum_up,89,113_CT_1,9738,87,89
7880,minimum_down,89,113_CT_1,9739,87,89
7885,minimum_up,90,113_CT_1,9744,88,90
7886,minimum_down,90,113_CT_1,9745,88,90
7891,minimum_up,91,113_CT_1,9750,89,91
7892,minimum_down,91,113_CT_1,9751,89,91
7897,minimum_up,92,113_CT_1,9756,90,92
7898,minimum_down,92,113_CT_1,9757,90,92
7903,minimum_up,93,113_CT_1,9762,91,93
7904,minimum_down,93,113_CT_1,9763,91,93
7909,minimum_up,94,113_CT_1,9768,92,94
7910,minimum_down,94,113_CT_1,9769,92,94
7915,minimum_up,95,113_CT_1,9774,93,95
7916,minimum_down,95,113_CT_1,9775,93,95
7921,minimum_up,96,113_CT_1,9780,94,96
7922,minimum_down,96,113_CT_1,9781,94,96
7927,minimum_up,97,113_CT_1,9786,95,97
7928,minimum_down,97,113_CT_1,9787,95,97
7933,minimum_up,98,113_CT_1,9792,96,98
7934,minimum_down,98,113_CT_1,9793,96,98
7939,minimum_up,99,113_CT_1,9798,97,99
7940,minimum_down,99,113_CT_1,9799,97,99
7945,minimum_up,100,113_CT_1,9804,98,100
7946,minimum_down,100,113_CT_1,9805,98,100
7951,minimum_up,101,113_CT_1,9810,99,101
7952,minimum_down,101,113_CT_1,9811,99,101
7957,minimum_up,102,113_CT_1,9816,100,102
7958,minimum_down,102,113_CT_1,9817,100,102
7963,minimum_up,103,113_CT_1,9822,101,103
7964,minimum_down,103,113_CT_1,9823,101,103
7969,minimum_up,104,113_CT_1,9828,102,104
7970,minimum_down,104,113_CT_1,9829,102,104
7975,minimum_up,105,113_CT_1,9834,103,105
7976,minimum_down,105,113_CT_1,9835,103,105
7981,minimum_up,106,113_CT_1,9840,104,106
7982,minimum_down,106,113_CT_1,9841,104,106
7987,minimum_up,107,113_CT_1,9846,105,107
7988,minimum_down,107,113_CT_1,9847,105,107
7993,minimum_up,108,113_CT_1,9852,106,108
7994,minimum_down,108,113_CT_1,9853,106,108
7999,minimum_up,109,113_CT_1,9858,107,109
8000,minimum_down,109,113_CT_1,9859,107,109
8005,minimum_up,110,113_CT_1,9864,108,110
8006,minimum_down,110,113_CT_1,9865,108,110
8011,minimum_up,111,113_CT_1,9870,109,111
8012,minimum_down,111,113_CT_1,9871,109,111
8017,minimum_up,112,113_CT_1,9876,110,112
8018,minimum_down,112,113_CT_1,9877,110,112
8023,minimum_up,113,113_CT_1,9882,111,113
8024,minimum_down,113,113_CT_1,9883,111,113
8029,minimum_up,114,113_CT_1,9888,112,114
8030,minimum_down,114,113_CT_1,9889,112,114
8035,minimum_up,115,113_CT_1,9894,113,115
8036,minimum_down,115,113_CT_1,9895,113,115
8041,minimum_up,116,113_CT_1,9900,114,116
8042,minimum_down,116,113_CT_1,9901,114,116
8047,minimum_up,117,113_CT_1,9906,115,117
8048,minimum_down,117,113_CT_1,9907,115,117
8053,minimum_up,118,113_CT_1,9912,116,118
8054,minimum_down,118,113_CT_1,9913,116,118
8059,minimum_up,119,113_CT_1,9918,117,119
8060,minimum_down,119,113_CT_1,9919,117,119
8455,minimum_up,50,113_CT_2,10508,48,50
8456,minimum_down,50,113_CT_2,10509,48,50
8461,minimum_up,51,113_CT_2,10514,49,51
8462,minimum_down,51,113_CT_2,10515,49,51
8467,minimum_up,52,113_CT_2,10520,50,52
8468,minimum_down,52,113_CT_2,10521,50,52
8473,minimum_up,53,113_CT_2,10526,51,53
8474,minimum_down,53,113_CT_2,10527,51,53
8479,minimum_up,54,113_CT_2,10532,52,54
8480,minimum_down,54,113_CT_2,10533,52,54
8485,minimum_up,55,113_CT_2,10538,53,55
8486,minimum_down,55,113_CT_2,10539,53,55
8491,minimum_up,56,113_CT_2,10544,54,56
8492,minimum_down,56,113_CT_2,10545,54,56
8497,minimum_up,57,113_CT_2,10550,55,57
8498,minimum_down,57,113_CT_2,10551,55,57
8503,minimum_up,58,113_CT_2,10556,56,58
8504,minimum_down,58,113_CT_2,10557,56,58
8509,minimum_up,59,113_CT_2,10562,57,59
8510,minimum_down,59,113_CT_2,10563,57,59
8515,minimum_up,60,113_CT_2,10568,58,60
8516,minimum_down,60,113_CT_2,10569,58,60
8521,minimum_up,61,113_CT_2,10574,59,61
8522,minimum_down,61,113_CT_2,10575,59,61
8527,minimum_up,62,113_CT_2,10580,60,62
8528,minimum_down,62,113_CT_2,10581,60,62
8533,minimum_up,63,113_CT_2,10586,61,63
8534,minimum_down,63,113_CT_2,10587,61,63
8539,minimum_up,64,113_CT_2,10592,62,64
8540,minimum_down,64,113_CT_2,10593,62,64
8545,minimum_up,65,113_CT_2,10598,63,65
8546,minimum_down,65,113_CT_2,10599,63,65
8551,minimum_up,66,113_CT_2,10604,64,66
8552,minimum_down,66,113_CT_2,10605,64,66
8557,minimum_up,67,113_CT_2,10610,65,67
8558,minimum_down,67,113_CT_2,10611,65,67
8563,minimum_up,68,113_CT_2,10616,66,68
8564,minimum_down,68,113_CT_2,10617,66,68
8569,minimum_up,69,113_CT_2,10622,67,69
8570,minimum_down,69,113_CT_2,10623,67,69
8575,minimum_up,70,113_CT_2,10628,68,70
8576,minimum_down,70,113_CT_2,10629,68,70
8581,minimum_up,71,113_CT_2,10634,69,71
8582,minimum_down,71,113_CT_2,10635,69,71
8587,minimum_up,72,113_CT_2,10640,70,72
8588,minimum_down,72,113_CT_2,10641,70,72
8593,minimum_up,73,113_CT_2,10646,71,73
8594,minimum_down,73,113_CT_2,10647,71,73
8599,minimum_up,74,113_CT_2,10652,72,74
8600,minimum_down,74,113_CT_2,10653,72,74
8605,minimum_up,75,113_CT_2,10658,73,75
8606,minimum_down,75,113_CT_2,10659,73,75
8611,minimum_up,76,113_CT_2,10664,74,76
8612,minimum_down,76,113_CT_2,10665,74,76
8617,minimum_up,77,113_CT_2,10670,75,77
8618,minimum_down,77,113_CT_2,10671,75,77
8623,minimum_up,78,113_CT_2,10676,76,78
8624,minimum_down,78,113_CT_2,10677,76,78
8629,minimum_up,79,113_CT_2,10682,77,79
8630,minimum_down,79,113_CT_2,10683,77,79
8635,minimum_up,80,113_CT_2,10688,78,80
8636,minimum_down,80,113_CT_2,10689,78,80
8641,minimum_up,81,113_CT_2,10694,79,81
8642,minimum_down,81,113_CT_2,10695,79,81
8647,minimum_up,82,113_CT_2,10700,80,82
8648,minimum_down,82,113_CT_2,10701,80,82
8653,minimum_up,83,113_CT_2,10706,81,83
8654,minimum_down,83,113_CT_2,10707,81,83
8659,minimum_up,84,113_CT_2,10712,82,84
8660,minimum_down,84,113_CT_2,10713,82,84
8665,minimum_up,85,113_CT_2,10718,83,85
8666,minimum_down,85,113_CT_2,10719,83,85
8671,minimum_up,86,113_CT_2,10724,84,86
8672,minimum_down,86,113_CT_2,10725,84,86
8677,minimum_up,87,113_CT_2,10730,85,87
8678,minimum_down,87,113_CT_2,10731,85,87
8683,minimum_up,88,113_CT_2,10736,86,88
8684,minimum_down,88,113_CT_2,10737,86,88
8689,minimum_up,89,113_CT_2,10742,87,89
8690,minimum_down,89,113_CT_2,10743,87,89
8695,minimum_up,90,113_CT_2,10748,88,90
8696,minimum_down,90,113_CT_2,10749,88,90
8701,minimum_up,91,113_CT_2,10754,89,91
8702,minimum_down,91,113_CT_2,10755,89,91
8707,minimum_up,92,113_CT_2,10760,90,92
8708,minimum_down,92,113_CT_2,10761,90,92
8713,minimum_up,93,113_CT_2,10766,91,93
8714,minimum_down,93,113_CT_2,10767,91,93
8719,minimum_up,94,113_CT_2,10772,92,94
8720,minimum_down,94,113_CT_2,10773,92,94
8725,minimum_up,95,113_CT_2,10778,93,95
8726,minimum_down,95,113_CT_2,10779,93,95
8731,minimum_up,96,113_CT_2,10784,94,96
8732,minimum_down,96,113_CT_2,10785,94,96
8737,minimum_up,97,113_CT_2,10790,95,97
8738,minimum_down,97,113_CT_2,10791,95,97
8743,minimum_up,98,113_CT_2,10796,96,98
8744,minimum_down,98,113_CT_2,10797,96,98
8749,minimum_up,99,113_CT_2,10802,97,99
8750,minimum_down,99,113_CT_2,10803,97,99
8755,minimum_up,100,113_CT_2,10808,98,100
8756,minimum_down,100,113_CT_2,10809,98,100
8761,minimum_up,101,113_CT_2,10814,99,101
8762,minimum_down,101,113_CT_2,10815,99,101
8767,minimum_up,102,113_CT_2,10820,100,102
8768,minimum_down,102,113_CT_2,10821,100,102
8773,minimum_up,103,113_CT_2,10826,101,103
8774,minimum_down,103,113_CT_2,10827,101,103
8779,minimum_up,104,113_CT_2,10832,102,104
8780,minimum_down,104,113_CT_2,10833,102,104
8785,minimum_up,105,113_CT_2,10838,103,105
8786,minimum_down,105,113_CT_2,10839,103,105
8791,minimum_up,106,113_CT_2,10844,104,106
8792,minimum_down,106,113_CT_2,10845,104,106
8797,minimum_up,107,113_CT_2,10850,105,107
8798,minimum_down,107,113_CT_2,10851,105,107
8803,minimum_up,108,113_CT_2,10856,106,108
8804,minimum_down,108,113_CT_2,10857,106,108
8809,minimum_up,109,113_CT_2,10862,107,109
8810,minimum_down,109,113_CT_2,10863,107,109
8815,minimum_up,110,113_CT_2,10868,108,110
8816,minimum_down,110,113_CT_2,10869,108,110
8821,minimum_up,111,113_CT_2,10874,109,111
8822,minimum_down,111,113_CT_2,10875,109,111
8827,minimum_up,112,113_CT_2,10880,110,112
8828,minimum_down,112,113_CT_2,10881,110,112
8833,minimum_up,113,113_CT_2,10886,111,113
8834,minimum_down,113,113_CT_2,10887,111,113
8839,minimum_up,114,113_CT_2,10892,112,114
8840,minimum_down,114,113_CT_2,10893,112,114
8845,minimum_up,115,113_CT_2,10898,113,115
8846,minimum_down,115,113_CT_2,10899,113,115
8851,minimum_up,116,113_CT_2,10904,114,116
8852,minimum_down,116,113_CT_2,10905,114,116
8857,minimum_up,117,113_CT_2,10910,115,117
8858,minimum_down,117,113_CT_2,10911,115,117
8863,minimum_up,118,113_CT_2,10916,116,118
8864,minimum_down,118,113_CT_2,10917,116,118
8869,minimum_up,119,113_CT_2,10922,117,119
8870,minimum_down,119,113_CT_2,10923,117,119
9265,minimum_up,50,113_CT_3,11512,48,50
9266,minimum_down,50,113_CT_3,11513,48,50
9271,minimum_up,51,113_CT_3,11518,49,51
9272,minimum_down,51,113_CT_3,11519,49,51
9277,minimum_up,52,113_CT_3,11524,50,52
9278,minimum_down,52,113_CT_3,11525,50,52
9283,minimum_up,53,113_CT_3,11530,51,53
9284,minimum_down,53,113_CT_3,11531,51,53
9289,minimum_up,54,113_CT_3,11536,52,54
9290,minimum_down,54,113_CT_3,11537,52,54
9295,minimum_up,55,113_CT_3,11542,53,55
9296,minimum_down,55,113_CT_3,11543,53,55
9301,minimum_up,56,113_CT_3,11548,54,56
9302,minimum_down,56,113_CT_3,11549,54,56
9307,minimum_up,57,113_CT_3,11554,55,57
9308,minimum_down,57,113_CT_3,11555,55,57
9313,minimum_up,58,113_CT_3,11560,56,58
9314,minimum_down,58,113_CT_3,11561,56,58
9319,minimum_up,59,113_CT_3,11566,57,59
9320,minimum_down,59,113_CT_3,11567,57,59
9325,minimum_up,60,113_CT_3,11572,58,60
9326,minimum_down,60,113_CT_3,11573,58,60
9331,minimum_up,61,113_CT_3,11578,59,61
9332,minimum_down,61,113_CT_3,11579,59,61
9337,minimum_up,62,113_CT_3,11584,60,62
9338,minimum_down,62,113_CT_3,11585,60,62
9343,minimum_up,63,113_CT_3,11590,61,63
9344,minimum_down,63,113_CT_3,11591,61,63
9349,minimum_up,64,113_CT_3,11596,62,64
9350,minimum_down,64,113_CT_3,11597,62,64
9355,minimum_up,65,113_CT_3,11602,63,65
9356,minimum_down,65,113_CT_3,11603,63,65
9361,minimum_up,66,113_CT_3,11608,64,66
9362,minimum_down,66,113_CT_3,11609,64,66
9367,minimum_up,67,113_CT_3,11614,65,67
9368,minimum_down,67,113_CT_3,11615,65,67
9373,minimum_up,68,113_CT_3,11620,66,68
9374,minimum_down,68,113_CT_3,11621,66,68
9379,minimum_up,69,113_CT_3,11626,67,69
9380,minimum_down,69,113_CT_3,11627,67,69
9385,minimum_up,70,113_CT_3,11632,68,70
9386,minimum_down,70,113_CT_3,11633,68,70
9391,minimum_up,71,113_CT_3,11638,69,71
9392,minimum_down,71,113_CT_3,11639,69,71
9397,minimum_up,72,113_CT_3,11644,70,72
9398,minimum_down,72,113_CT_3,11645,70,72
9403,minimum_up,73,113_CT_3,11650,71,73
9404,minimum_down,73,113_CT_3,11651,71,73
9409,minimum_up,74,113_CT_3,11656,72,74
9410,minimum_down,74,113_CT_3,11657,72,74
9415,minimum_up,75,113_CT_3,11662,73,75
9416,minimum_down,75,113_CT_3,11663,73,75
9421,minimum_up,76,113_CT_3,11668,74,76
9422,minimum_down,76,113_CT_3,11669,74,76
9427,minimum_up,77,113_CT_3,11674,75,77
9428,minimum_down,77,113_CT_3,11675,75,77
9433,minimum_up,78,113_CT_3,11680,76,78
9434,minimum_down,78,113_CT_3,11681,76,78
9439,minimum_up,79,113_CT_3,11686,77,79
9440,minimum_down,79,113_CT_3,11687,77,79
9445,minimum_up,80,113_CT_3,11692,78,80
9446,minimum_down,80,113_CT_3,11693,78,80
9451,minimum_up,81,113_CT_3,11698,79,81
9452,minimum_down,81,113_CT_3,11699,79,81
9457,minimum_up,82,113_CT_3,11704,80,82
9458,minimum_down,82,113_CT_3,11705,80,82
9463,minimum_up,83,113_CT_3,11710,81,83
9464,minimum_down,83,113_CT_3,11711,81,83
9469,minimum_up,84,113_CT_3,11716,82,84
9470,minimum_down,84,113_CT_3,11717,82,84
9475,minimum_up,85,113_CT_3,11722,83,85
9476,minimum_down,85,113_CT_3,11723,83,85
9481,minimum_up,86,113_CT_3,11728,84,86
9482,minimum_down,86,113_CT_3,11729,84,86
9487,minimum_up,87,113_CT_3,11734,85,87
9488,minimum_down,87,113_CT_3,11735,85,87
9493,minimum_up,88,113_CT_3,11740,86,88
9494,minimum_down,88,113_CT_3,11741,86,88
9499,minimum_up,89,113_CT_3,11746,87,89
9500,minimum_down,89,113_CT_3,11747,87,89
9505,minimum_up,90,113_CT_3,11752,88,90
9506,minimum_down,90,113_CT_3,11753,88,90
9511,minimum_up,91,113_CT_3,11758,89,91
9512,minimum_down,91,113_CT_3,11759,89,91
9517,minimum_up,92,113_CT_3,11764,90,92
9518,minimum_down,92,113_CT_3,11765,90,92
9523,minimum_up,93,113_CT_3,11770,91,93
9524,minimum_down,93,113_CT_3,11771,91,93
9529,minimum_up,94,113_CT_3,11776,92,94
9530,minimum_down,94,113_CT_3,11777,92,94
9535,minimum_up,95,113_CT_3,11782,93,95
9536,minimum_down,95,113_CT_3,11783,93,95
9541,minimum_up,96,113_CT_3,11788,94,96
9542,minimum_down,96,113_CT_3,11789,94,96
9547,minimum_up,97,113_CT_3,11794,95,97
9548,minimum_down,97,113_CT_3,11795,95,97
9553,minimum_up,98,113_CT_3,11800,96,98
9554,minimum_down,98,113_CT_3,11801,96,98
9559,minimum_up,99,113_CT_3,11806,97,99
9560,minimum_down,99,113_CT_3,11807,97,99
9565,minimum_up,100,113_CT_3,11812,98,100
9566,minimum_down,100,113_CT_3,11813,98,100
9571,minimum_up,101,113_CT_3,11818,99,101
9572,minimum_down,101,113_CT_3,11819,99,101
9577,minimum_up,102,113_CT_3,11824,100,102
9578,minimum_down,102,113_CT_3,11825,100,102
9583,minimum_up,103,113_CT_3,11830,101,103
9584,minimum_down,103,113_CT_3,11831,101,103
9589,minimum_up,104,113_CT_3,11836,102,104
9590,minimum_down,104,113_CT_3,11837,102,104
9595,minimum_up,105,113_CT_3,11842,103,105
9596,minimum_down,105,113_CT_3,11843,103,105
9601,minimum_up,106,113_CT_3,11848,104,106
9602,minimum_down,106,113_CT_3,11849,104,106
9607,minimum_up,107,113_CT_3,11854,105,107
9608,minimum_down,107,113_CT_3,11855,105,107
9613,minimum_up,108,113_CT_3,11860,106,108
9614,minimum_down,108,113_CT_3,11861,106,108
9619,minimum_up,109,113_CT_3,11866,107,109
9620,minimum_down,109,113_CT_3,11867,107,109
9625,minimum_up,110,113_CT_3,11872,108,110
9626,minimum_down,110,113_CT_3,11873,108,110
9631,minimum_up,111,113_CT_3,11878,109,111
9632,minimum_down,111,113_CT_3,11879,109,111
9637,minimum_up,112,113_CT_3,11884,110,112
9638,minimum_down,112,113_CT_3,11885,110,112
9643,minimum_up,113,113_CT_3,11890,111,113
9644,minimum_down,113,113_CT_3,11891,111,113
9649,minimum_up,114,113_CT_3,11896,112,114
9650,minimum_down,114,113_CT_3,11897,112,114
9655,minimum_up,115,113_CT_3,11902,113,115
9656,minimum_down,115,113_CT_3,11903,113,115
9661,minimum_up,116,113_CT_3,11908,114,116
9662,minimum_down,116,113_CT_3,11909,114,116
9667,minimum_up,117,113_CT_3,11914,115,117
9668,minimum_down,117,113_CT_3,11915,115,117
9673,minimum_up,118,113_CT_3,11920,116,118
9674,minimum_down,118,113_CT_3,11921,116,118
9679,minimum_up,119,113_CT_3,11926,117,119
9680,minimum_down,119,113_CT_3,11927,117,119
10075,minimum_up,50,113_CT_4,12516,48,50
10076,minimum_down,50,113_CT_4,12517,48,50
10081,minimum_up,51,113_CT_4,12522,49,51
10082,minimum_down,51,113_CT_4,12523,49,51
10087,minimum_up,52,113_CT_4,12528,50,52
10088,minimum_down,52,113_CT_4,12529,50,52
10093,minimum_up,53,113_CT_4,12534,51,53
10094,minimum_down,53,113_CT_4,12535,51,53
10099,minimum_up,54,113_CT_4,12540,52,54
10100,minimum_down,54,113_CT_4,12541,52,54
10105,minimum_up,55,113_CT_4,12546,53,55
10106,minimum_down,55,113_CT_4,12547,53,55
10111,minimum_up,56,113_CT_4,12552,54,56
10112,minimum_down,56,113_CT_4,12553,54,56
10117,minimum_up,57,113_CT_4,12558,55,57
10118,minimum_down,57,113_CT_4,12559,55,57
10123,minimum_up,58,113_CT_4,12564,56,58
10124,minimum_down,58,113_CT_4,12565,56,58
10129,minimum_up,59,113_CT_4,12570,57,59
10130,minimum_down,59,113_CT_4,12571,57,59
10135,minimum_up,60,113_CT_4,12576,58,60
10136,minimum_down,60,113_CT_4,12577,58,60
10141,minimum_up,61,113_CT_4,12582,59,61
10142,minimum_down,61,113_CT_4,12583,59,61
10147,minimum_up,62,113_CT_4,12588,60,62
10148,minimum_down,62,113_CT_4,12589,60,62
10153,minimum_up,63,113_CT_4,12594,61,63
10154,minimum_down,63,113_CT_4,12595,61,63
10159,minimum_up,64,113_CT_4,12600,62,64
10160,minimum_down,64,113_CT_4,12601,62,64
10165,minimum_up,65,113_CT_4,12606,63,65
10166,minimum_down,65,113_CT_4,12607,63,65
10171,minimum_up,66,113_CT_4,12612,64,66
10172,minimum_down,66,113_CT_4,12613,64,66
10177,minimum_up,67,113_CT_4,12618,65,67
10178,minimum_down,67,113_CT_4,12619,65,67
10183,minimum_up,68,113_CT_4,12624,66,68
10184,minimum_down,68,113_CT_4,12625,66,68
10189,minimum_up,69,113_CT_4,12630,67,69
10190,minimum_down,69,113_CT_4,12631,67,69
10195,minimum_up,70,113_CT_4,12636,68,70
10196,minimum_down,70,113_CT_4,12637,68,70
10201,minimum_up,71,113_CT_4,12642,69,71
10202,minimum_down,71,113_CT_4,12643,69,71
10207,minimum_up,72,113_CT_4,12648,70,72
10208,minimum_down,72,113_CT_4,12649,70,72
10213,minimum_up,73,113_CT_4,12654,71,73
10214,minimum_down,73,113_CT_4,12655,71,73
10219,minimum_up,74,113_CT_4,12660,72,74
10220,minimum_down,74,113_CT_4,12661,72,74
10225,minimum_up,75,113_CT_4,12666,73,75
10226,minimum_down,75,113_CT_4,12667,73,75
10231,minimum_up,76,113_CT_4,12672,74,76
10232,minimum_down,76,113_CT_4,12673,74,76
10237,minimum_up,77,113_CT_4,12678,75,77
10238,minimum_down,77,113_CT_4,12679,75,77
10243,minimum_up,78,113_CT_4,12684,76,78
10244,minimum_down,78,113_CT_4,12685,76,78
10249,minimum_up,79,113_CT_4,12690,77,79
10250,minimum_down,79,113_CT_4,12691,77,79
10255,minimum_up,80,113_CT_4,12696,78,80
10256,minimum_down,80,113_CT_4,12697,78,80
10261,minimum_up,81,113_CT_4,12702,79,81
10262,minimum_down,81,113_CT_4,12703,79,81
10267,minimum_up,82,113_CT_4,12708,80,82
10268,minimum_down,82,113_CT_4,12709,80,82
10273,minimum_up,83,113_CT_4,12714,81,83
10274,minimum_down,83,113_CT_4,12715,81,83
10279,minimum_up,84,113_CT_4,12720,82,84
10280,minimum_down,84,113_CT_4,12721,82,84
10285,minimum_up,85,113_CT_4,12726,83,85
10286,minimum_down,85,113_CT_4,12727,83,85
10291,minimum_up,86,113_CT_4,12732,84,86
10292,minimum_down,86,113_CT_4,12733,84,86
10297,minimum_up,87,113_CT_4,12738,85,87
10298,minimum_down,87,113_CT_4,12739,85,87
10303,minimum_up,88,113_CT_4,12744,86,88
10304,minimum_down,88,113_CT_4,12745,86,88
10309,minimum_up,89,113_CT_4,12750,87,89
10310,minimum_down,89,113_CT_4,12751,87,89
10315,minimum_up,90,113_CT_4,12756,88,90
10316,minimum_down,90,113_CT_4,12757,88,90
10321,minimum_up,91,113_CT_4,12762,89,91
10322,minimum_down,91,113_CT_4,12763,89,91
10327,minimum_up,92,113_CT_4,12768,90,92
10328,minimum_down,92,113_CT_4,12769,90,92
10333,minimum_up,93,113_CT_4,12774,91,93
10334,minimum_down,93,113_CT_4,12775,91,93
10339,minimum_up,94,113_CT_4,12780,92,94
10340,minimum_down,94,113_CT_4,12781,92,94
10345,minimum_up,95,113_CT_4,12786,93,95
10346,minimum_down,95,113_CT_4,12787,93,95
10351,minimum_up,96,113_CT_4,12792,94,96
10352,minimum_down,96,113_CT_4,12793,94,96
10357,minimum_up,97,113_CT_4,12798,95,97
10358,minimum_down,97,113_CT_4,12799,95,97
10363,minimum_up,98,113_CT_4,12804,96,98
10364,minimum_down,98,113_CT_4,12805,96,98
10369,minimum_up,99,113_CT_4,12810,97,99
10370,minimum_down,99,113_CT_4,12811,97,99
10375,minimum_up,100,113_CT_4,12816,98,100
10376,minimum_down,100,113_CT_4,12817,98,100
10381,minimum_up,101,113_CT_4,12822,99,101
10382,minimum_down,101,113_CT_4,12823,99,101
10387,minimum_up,102,113_CT_4,12828,100,102
10388,minimum_down,102,113_CT_4,12829,100,102
10393,minimum_up,103,113_CT_4,12834,101,103
10394,minimum_down,103,113_CT_4,12835,101,103
10399,minimum_up,104,113_CT_4,12840,102,104
10400,minimum_down,104,113_CT_4,12841,102,104
10405,minimum_up,105,113_CT_4,12846,103,105
10406,minimum_down,105,113_CT_4,12847,103,105
10411,minimum_up,106,113_CT_4,12852,104,106
10412,minimum_down,106,113_CT_4,12853,104,106
10417,minimum_up,107,113_CT_4,12858,105,107
10418,minimum_down,107,113_CT_4,12859,105,107
10423,minimum_up,108,113_CT_4,12864,106,108
10424,minimum_down,108,113_CT_4,12865,106,108
10429,minimum_up,109,113_CT_4,12870,107,109
10430,minimum_down,109,113_CT_4,12871,107,109
10435,minimum_up,110,113_CT_4,12876,108,110
10436,minimum_down,110,113_CT_4,12877,108,110
10441,minimum_up,111,113_CT_4,12882,109,111
10442,minimum_down,111,113_CT_4,12883,109,111
10447,minimum_up,112,113_CT_4,12888,110,112
10448,minimum_down,112,113_CT_4,12889,110,112
10453,minimum_up,113,113_CT_4,12894,111,113
10454,minimum_down,113,113_CT_4,12895,111,113
10459,minimum_up,114,113_CT_4,12900,112,114
10460,minimum_down,114,113_CT_4,12901,112,114
10465,minimum_up,115,113_CT_4,12906,113,115
10466,minimum_down,115,113_CT_4,12907,113,115
10471,minimum_up,116,113_CT_4,12912,114,116
10472,minimum_down,116,113_CT_4,12913,114,116
10477,minimum_up,117,113_CT_4,12918,115,117
10478,minimum_down,117,113_CT_4,12919,115,117
10483,minimum_up,118,113_CT_4,12924,116,118
10484,minimum_down,118,113_CT_4,12925,116,118
10489,minimum_up,119,113_CT_4,12930,117,119
10490,minimum_down,119,113_CT_4,12931,117,119
10881,minimum_down,49,115_STEAM_1,13515,48,49
10886,minimum_down,50,115_STEAM_1,13521,49,50
10891,minimum_up,51,115_STEAM_1,13526,48,51
10892,minimum_down,51,115_STEAM_1,13527,50,51
10897,minimum_up,52,115_STEAM_1,13532,49,52
10898,minimum_down,52,115_STEAM_1,13533,51,52
10903,minimum_up,53,115_STEAM_1,13538,50,53
10904,minimum_down,53,115_STEAM_1,13539,52,53
10909,minimum_up,54,115_STEAM_1,13544,51,54
10910,minimum_down,54,115_STEAM_1,13545,53,54
10915,minimum_up,55,115_STEAM_1,13550,52,55
10916,minimum_down,55,115_STEAM_1,13551,54,55
10921,minimum_up,56,115_STEAM_1,13556,53,56
10922,minimum_down,56,115_STEAM_1,13557,55,56
10927,minimum_up,57,115_STEAM_1,13562,54,57
10928,minimum_down,57,115_STEAM_1,13563,56,57
10933,minimum_up,58,115_STEAM_1,13568,55,58
10934,minimum_down,58,115_STEAM_1,13569,57,58
10939,minimum_up,59,115_STEAM_1,13574,56,59
10940,minimum_down,59,115_STEAM_1,13575,58,59
10945,minimum_up,60,115_STEAM_1,13580,57,60
10946,minimum_down,60,115_STEAM_1,13581,59,60
10951,minimum_up,61,115_STEAM_1,13586,58,61
10952,minimum_down,61,115_STEAM_1,13587,60,61
10957,minimum_up,62,115_STEAM_1,13592,59,62
10958,minimum_down,62,115_STEAM_1,13593,61,62
10963,minimum_up,63,115_STEAM_1,13598,60,63
10964,minimum_down,63,115_STEAM_1,13599,62,63
10969,minimum_up,64,115_STEAM_1,13604,61,64
10970,minimum_down,64,115_STEAM_1,13605,63,64
10975,minimum_up,65,115_STEAM_1,13610,62,65
10976,minimum_down,65,115_STEAM_1,13611,64,65
10981,minimum_up,66,115_STEAM_1,13616,63,66
10982,minimum_down,66,115_STEAM_1,13617,65,66
10987,minimum_up,67,115_STEAM_1,13622,64,67
10988,minimum_down,67,115_STEAM_1,13623,66,67
10993,minimum_up,68,115_STEAM_1,13628,65,68
10994,minimum_down,68,115_STEAM_1,13629,67,68
10999,minimum_up,69,115_STEAM_1,13634,66,69
11000,minimum_down,69,115_STEAM_1,13635,68,69
11005,minimum_up,70,115_STEAM_1,13640,67,70
11006,minimum_down,70,115_STEAM_1,13641,69,70
11011,minimum_up,71,115_STEAM_1,13646,68,71
11012,minimum_down,71,115_STEAM_1,13647,70,71
11017,minimum_up,72,115_STEAM_1,13652,69,72
11018,minimum_down,72,115_STEAM_1,13653,71,72
11023,minimum_up,73,115_STEAM_1,13658,70,73
11024,minimum_down,73,115_STEAM_1,13659,72,73
11029,minimum_up,74,115_STEAM_1,13664,71,74
11030,minimum_down,74,115_STEAM_1,13665,73,74
11035,minimum_up,75,115_STEAM_1,13670,72,75
11036,minimum_down,75,115_STEAM_1,13671,74,75
11041,minimum_up,76,115_STEAM_1,13676,73,76
11042,minimum_down,76,115_STEAM_1,13677,75,76
11047,minimum_up,77,115_STEAM_1,13682,74,77
11048,minimum_down,77,115_STEAM_1,13683,76,77
11053,minimum_up,78,115_STEAM_1,13688,75,78
11054,minimum_down,78,115_STEAM_1,13689,77,78
11059,minimum_up,79,115_STEAM_1,13694,76,79
11060,minimum_down,79,115_STEAM_1,13695,78,79
11065,minimum_up,80,115_STEAM_1,13700,77,80
11066,minimum_down,80,115_STEAM_1,13701,79,80
11071,minimum_up,81,115_STEAM_1,13706,78,81
11072,minimum_down,81,115_STEAM_1,13707,80,81
11077,minimum_up,82,115_STEAM_1,13712,79,82
11078,minimum_down,82,115_STEAM_1,13713,81,82
11083,minimum_up,83,115_STEAM_1,13718,80,83
11084,minimum_down,83,115_STEAM_1,13719,82,83
11089,minimum_up,84,115_STEAM_1,13724,81,84
11090,minimum_down,84,115_STEAM_1,13725,83,84
11095,minimum_up,85,115_STEAM_1,13730,82,85
11096,minimum_down,85,115_STEAM_1,13731,84,85
11101,minimum_up,86,115_STEAM_1,13736,83,86
11102,minimum_down,86,115_STEAM_1,13737,85,86
11107,minimum_up,87,115_STEAM_1,13742,84,87
11108,minimum_down,87,115_STEAM_1,13743,86,87
11113,minimum_up,88,115_STEAM_1,13748,85,88
11114,minimum_down,88,115_STEAM_1,13749,87,88
11119,minimum_up,89,115_STEAM_1,13754,86,89
11120,minimum_down,89,115_STEAM_1,13755,88,89
11125,minimum_up,90,115_STEAM_1,13760,87,90
11126,minimum_down,90,115_STEAM_1,13761,89,90
11131,minimum_up,91,115_STEAM_1,13766,88,91
11132,minimum_down,91,115_STEAM_1,13767,90,91
11137,minimum_up,92,115_STEAM_1,13772,89,92
11138,minimum_down,92,115_STEAM_1,13773,91,92
11143,minimum_up,93,115_STEAM_1,13778,90,93
11144,minimum_down,93,115_STEAM_1,13779,92,93
11149,minimum_up,94,115_STEAM_1,13784,91,94
11150,minimum_down,94,115_STEAM_1,13785,93,94
11155,minimum_up,95,115_STEAM_1,13790,92,95
11156,minimum_down,95,115_STEAM_1,13791,94,95
11161,minimum_up,96,115_STEAM_1,13796,93,96
11162,minimum_down,96,115_STEAM_1,13797,95,96
11167,minimum_up,97,115_STEAM_1,13802,94,97
11168,minimum_down,97,115_STEAM_1,13803,96,97
11173,minimum_up,98,115_STEAM_1,13808,95,98
11174,minimum_down,98,115_STEAM_1,13809,97,98
11179,minimum_up,99,115_STEAM_1,13814,96,99
11180,minimum_down,99,115_STEAM_1,13815,98,99
11185,minimum_up,100,115_STEAM_1,13820,97,100
11186,minimum_down,100,115_STEAM_1,13821,99,100
11191,minimum_up,101,115_STEAM_1,13826,98,101
11192,minimum_down,101,115_STEAM_1,13827,100,101
11197,minimum_up,102,115_STEAM_1,13832,99,102
11198,minimum_down,102,115_STEAM_1,13833,101,102
11203,minimum_up,103,115_STEAM_1,13838,100,103
11204,minimum_down,103,115_STEAM_1,13839,102,103
11209,minimum_up,104,115_STEAM_1,13844,101,104
11210,minimum_down,104,115_STEAM_1,13845,103,104
11215,minimum_up,105,115_STEAM_1,13850,102,105
11216,minimum_down,105,115_STEAM_1,13851,104,105
11221,minimum_up,106,115_STEAM_1,13856,103,106
11222,minimum_down,106,115_STEAM_1,13857,105,106
11227,minimum_up,107,115_STEAM_1,13862,104,107
11228,minimum_down,107,115_STEAM_1,13863,106,107
11233,minimum_up,108,115_STEAM_1,13868,105,108
11234,minimum_down,108,115_STEAM_1,13869,107,108
11239,minimum_up,109,115_STEAM_1,13874,106,109
11240,minimum_down,109,115_STEAM_1,13875,108,109
11245,minimum_up,110,115_STEAM_1,13880,107,110
11246,minimum_down,110,115_STEAM_1,13881,109,110
11251,minimum_up,111,115_STEAM_1,13886,108,111
11252,minimum_down,111,115_STEAM_1,13887,110,111
11257,minimum_up,112,115_STEAM_1,13892,109,112
11258,minimum_down,112,115_STEAM_1,13893,111,112
11263,minimum_up,113,115_STEAM_1,13898,110,113
11264,minimum_down,113,115_STEAM_1,13899,112,113
11269,minimum_up,114,115_STEAM_1,13904,111,114
11270,minimum_down,114,115_STEAM_1,13905,113,114
11275,minimum_up,115,115_STEAM_1,13910,112,115
11276,minimum_down,115,115_STEAM_1,13911,114,115
11281,minimum_up,116,115_STEAM_1,13916,113,116
11282,minimum_down,116,115_STEAM_1,13917,115,116
11287,minimum_up,117,115_STEAM_1,13922,114,117
11288,minimum_down,117,115_STEAM_1,13923,116,117
11293,minimum_up,118,115_STEAM_1,13928,115,118
11294,minimum_down,118,115_STEAM_1,13929,117,118
11299,minimum_up,119,115_STEAM_1,13934,116,119
11300,minimum_down,119,115_STEAM_1,13935,118,119
11691,minimum_down,49,115_STEAM_2,14519,48,49
11696,minimum_down,50,115_STEAM_2,14525,49,50
11701,minimum_up,51,115_STEAM_2,14530,48,51
11702,minimum_down,51,115_STEAM_2,14531,50,51
11707,minimum_up,52,115_STEAM_2,14536,49,52
11708,minimum_down,52,115_STEAM_2,14537,51,52
11713,minimum_up,53,115_STEAM_2,14542,50,53
11714,minimum_down,53,115_STEAM_2,14543,52,53
11719,minimum_up,54,115_STEAM_2,14548,51,54
11720,minimum_down,54,115_STEAM_2,14549,53,54
11725,minimum_up,55,115_STEAM_2,14554,52,55
11726,minimum_down,55,115_STEAM_2,14555,54,55
11731,minimum_up,56,115_STEAM_2,14560,53,56
11732,minimum_down,56,115_STEAM_2,14561,55,56
11737,minimum_up,57,115_STEAM_2,14566,54,57
11738,minimum_down,57,115_STEAM_2,14567,56,57
11743,minimum_up,58,115_STEAM_2,14572,55,58
11744,minimum_down,58,115_STEAM_2,14573,57,58
11749,minimum_up,59,115_STEAM_2,14578,56,59
11750,minimum_down,59,115_STEAM_2,14579,58,59
11755,minimum_up,60,115_STEAM_2,14584,57,60
11756,minimum_down,60,115_STEAM_2,14585,59,60
11761,minimum_up,61,115_STEAM_2,14590,58,61
11762,minimum_down,61,115_STEAM_2,14591,60,61
11767,minimum_up,62,115_STEAM_2,14596,59,62
11768,minimum_down,62,115_STEAM_2,14597,61,62
11773,minimum_up,63,115_STEAM_2,14602,60,63
11774,minimum_down,63,115_STEAM_2,14603,62,63
11779,minimum_up,64,115_STEAM_2,14608,61,64
11780,minimum_down,64,115_STEAM_2,14609,63,64
11785,minimum_up,65,115_STEAM_2,14614,62,65
11786,minimum_down,65,115_STEAM_2,14615,64,65
11791,minimum_up,66,115_STEAM_2,14620,63,66
11792,minimum_down,66,115_STEAM_2,14621,65,66
11797,minimum_up,67,115_STEAM_2,14626,64,67
11798,minimum_down,67,115_STEAM_2,14627,66,67
11803,minimum_up,68,115_STEAM_2,14632,65,68
11804,minimum_down,68,115_STEAM_2,14633,67,68
11809,minimum_up,69,115_STEAM_2,14638,66,69
11810,minimum_down,69,115_STEAM_2,14639,68,69
11815,minimum_up,70,115_STEAM_2,14644,67,70
11816,minimum_down,70,115_STEAM_2,14645,69,70
11821,minimum_up,71,115_STEAM_2,14650,68,71
11822,minimum_down,71,115_STEAM_2,14651,70,71
11827,minimum_up,72,115_STEAM_2,14656,69,72
11828,minimum_down,72,115_STEAM_2,14657,71,72
11833,minimum_up,73,115_STEAM_2,14662,70,73
11834,minimum_down,73,115_STEAM_2,14663,72,73
11839,minimum_up,74,115_STEAM_2,14668,71,74
11840,minimum_down,74,115_STEAM_2,14669,73,74
11845,minimum_up,75,115_STEAM_2,14674,72,75
11846,minimum_down,75,115_STEAM_2,14675,74,75
11851,minimum_up,76,115_STEAM_2,14680,73,76
11852,minimum_down,76,115_STEAM_2,14681,75,76
11857,minimum_up,77,115_STEAM_2,14686,74,77
11858,minimum_down,77,115_STEAM_2,14687,76,77
11863,minimum_up,78,115_STEAM_2,14692,75,78
11864,minimum_down,78,115_STEAM_2,14693,77,78
11869,minimum_up,79,115_STEAM_2,14698,76,79
11870,minimum_down,79,115_STEAM_2,14699,78,79
11875,minimum_up,80,115_STEAM_2,14704,77,80
11876,minimum_down,80,115_STEAM_2,14705,79,80
11881,minimum_up,81,115_STEAM_2,14710,78,81
11882,minimum_down,81,115_STEAM_2,14711,80,81
11887,minimum_up,82,115_STEAM_2,14716,79,82
11888,minimum_down,82,115_STEAM_2,14717,81,82
11893,minimum_up,83,115_STEAM_2,14722,80,83
11894,minimum_down,83,115_STEAM_2,14723,82,83
11899,minimum_up,84,115_STEAM_2,14728,81,84
11900,minimum_down,84,115_STEAM_2,14729,83,84
11905,minimum_up,85,115_STEAM_2,14734,82,85
11906,minimum_down,85,115_STEAM_2,14735,84,85
11911,minimum_up,86,115_STEAM_2,14740,83,86
11912,minimum_down,86,115_STEAM_2,14741,85,86
11917,minimum_up,87,115_STEAM_2,14746,84,87
11918,minimum_down,87,115_STEAM_2,14747,86,87
11923,minimum_up,88,115_STEAM_2,14752,85,88
11924,minimum_down,88,115_STEAM_2,14753,87,88
11929,minimum_up,89,115_STEAM_2,14758,86,89
11930,minimum_down,89,115_STEAM_2,14759,88,89
11935,minimum_up,90,115_STEAM_2,14764,87,90
11936,minimum_down,90,115_STEAM_2,14765,89,90
11941,minimum_up,91,115_STEAM_2,14770,88,91
11942,minimum_down,91,115_STEAM_2,14771,90,91
11947,minimum_up,92,115_STEAM_2,14776,89,92
11948,minimum_down,92,115_STEAM_2,14777,91,92
11953,minimum_up,93,115_STEAM_2,14782,90,93
11954,minimum_down,93,115_STEAM_2,14783,92,93
11959,minimum_up,94,115_STEAM_2,14788,91,94
11960,minimum_down,94,115_STEAM_2,14789,93,94
11965,minimum_up,95,115_STEAM_2,14794,92,95
11966,minimum_down,95,115_STEAM_2,14795,94,95
11971,minimum_up,96,115_STEAM_2,14800,93,96
11972,minimum_down,96,115_STEAM_2,14801,95,96
11977,minimum_up,97,115_STEAM_2,14806,94,97
11978,minimum_down,97,115_STEAM_2,14807,96,97
11983,minimum_up,98,115_STEAM_2,14812,95,98
11984,minimum_down,98,115_STEAM_2,14813,97,98
11989,minimum_up,99,115_STEAM_2,14818,96,99
11990,minimum_down,99,115_STEAM_2,14819,98,99
11995,minimum_up,100,115_STEAM_2,14824,97,100
11996,minimum_down,100,115_STEAM_2,14825,99,100
12001,minimum_up,101,115_STEAM_2,14830,98,101
12002,minimum_down,101,115_STEAM_2,14831,100,101
12007,minimum_up,102,115_STEAM_2,14836,99,102
12008,minimum_down,102,115_STEAM_2,14837,101,102
12013,minimum_up,103,115_STEAM_2,14842,100,103
12014,minimum_down,103,115_STEAM_2,14843,102,103
12019,minimum_up,104,115_STEAM_2,14848,101,104
12020,minimum_down,104,115_STEAM_2,14849,103,104
12025,minimum_up,105,115_STEAM_2,14854,102,105
12026,minimum_down,105,115_STEAM_2,14855,104,105
12031,minimum_up,106,115_STEAM_2,14860,103,106
12032,minimum_down,106,115_STEAM_2,14861,105,106
12037,minimum_up,107,115_STEAM_2,14866,104,107
12038,minimum_down,107,115_STEAM_2,14867,106,107
12043,minimum_up,108,115_STEAM_2,14872,105,108
12044,minimum_down,108,115_STEAM_2,14873,107,108
12049,minimum_up,109,115_STEAM_2,14878,106,109
12050,minimum_down,109,115_STEAM_2,14879,108,109
12055,minimum_up,110,115_STEAM_2,14884,107,110
12056,minimum_down,110,115_STEAM_2,14885,109,110
12061,minimum_up,111,115_STEAM_2,14890,108,111
12062,minimum_down,111,115_STEAM_2,14891,110,111
12067,minimum_up,112,115_STEAM_2,14896,109,112
12068,minimum_down,112,115_STEAM_2,14897,111,112
12073,minimum_up,113,115_STEAM_2,14902,110,113
12074,minimum_down,113,115_STEAM_2,14903,112,113
12079,minimum_up,114,115_STEAM_2,14908,111,114
12080,minimum_down,114,115_STEAM_2,14909,113,114
12085,minimum_up,115,115_STEAM_2,14914,112,115
12086,minimum_down,115,115_STEAM_2,14915,114,115
12091,minimum_up,116,115_STEAM_2,14920,113,116
12092,minimum_down,116,115_STEAM_2,14921,115,116
12097,minimum_up,117,115_STEAM_2,14926,114,117
12098,minimum_down,117,115_STEAM_2,14927,116,117
12103,minimum_up,118,115_STEAM_2,14932,115,118
12104,minimum_down,118,115_STEAM_2,14933,117,118
12109,minimum_up,119,115_STEAM_2,14938,116,119
12110,minimum_down,119,115_STEAM_2,14939,118,119
12525,minimum_up,55,115_STEAM_3,15558,48,55
12526,minimum_down,55,115_STEAM_3,15559,48,55
12531,minimum_up,56,115_STEAM_3,15564,49,56
12532,minimum_down,56,115_STEAM_3,15565,49,56
12537,minimum_up,57,115_STEAM_3,15570,50,57
12538,minimum_down,57,115_STEAM_3,15571,50,57
12543,minimum_up,58,115_STEAM_3,15576,51,58
12544,minimum_down,58,115_STEAM_3,15577,51,58
12549,minimum_up,59,115_STEAM_3,15582,52,59
12550,minimum_down,59,115_STEAM_3,15583,52,59
12555,minimum_up,60,115_STEAM_3,15588,53,60
12556,minimum_down,60,115_STEAM_3,15589,53,60
12561,minimum_up,61,115_STEAM_3,15594,54,61
12562,minimum_down,61,115_STEAM_3,15595,54,61
12567,minimum_up,62,115_STEAM_3,15600,55,62
12568,minimum_down,62,115_STEAM_3,15601,55,62
12573,minimum_up,63,115_STEAM_3,15606,56,63
12574,minimum_down,63,115_STEAM_3,15607,56,63
12579,minimum_up,64,115_STEAM_3,15612,57,64
12580,minimum_down,64,115_STEAM_3,15613,57,64
12585,minimum_up,65,115_STEAM_3,15618,58,65
12586,minimum_down,65,115_STEAM_3,15619,58,65
12591,minimum_up,66,115_STEAM_3,15624,59,66
12592,minimum_down,66,115_STEAM_3,15625,59,66
12597,minimum_up,67,115_STEAM_3,15630,60,67
12598,minimum_down,67,115_STEAM_3,15631,60,67
12603,minimum_up,68,115_STEAM_3,15636,61,68
12604,minimum_down,68,115_STEAM_3,15637,61,68
12609,minimum_up,69,115_STEAM_3,15642,62,69
12610,minimum_down,69,115_STEAM_3,15643,62,69
12615,minimum_up,70,115_STEAM_3,15648,63,70
12616,minimum_down,70,115_STEAM_3,15649,63,70
12621,minimum_up,71,115_STEAM_3,15654,64,71
12622,minimum_down,71,115_STEAM_3,15655,64,71
12627,minimum_up,72,115_STEAM_3,15660,65,72
12628,minimum_down,72,115_STEAM_3,15661,65,72
12633,minimum_up,73,115_STEAM_3,15666,66,73
12634,minimum_down,73,115_STEAM_3,15667,66,73
12639,minimum_up,74,115_STEAM_3,15672,67,74
12640,minimum_down,74,115_STEAM_3,15673,67,74
12645,minimum_up,75,115_STEAM_3,15678,68,75
12646,minimum_down,75,115_STEAM_3,15679,68,75
12651,minimum_up,76,115_STEAM_3,15684,69,76
12652,minimum_down,76,115_STEAM_3,15685,69,76
12657,minimum_up,77,115_STEAM_3,15690,70,77
12658,minimum_down,77,115_STEAM_3,15691,70,77
12663,minimum_up,78,115_STEAM_3,15696,71,78
12664,minimum_down,78,115_STEAM_3,15697,71,78
12669,minimum_up,79,115_STEAM_3,15702,72,79
12670,minimum_down,79,115_STEAM_3,15703,72,79
12675,minimum_up,80,115_STEAM_3,15708,73,80
12676,minimum_down,80,115_STEAM_3,15709,73,80
12681,minimum_up,81,115_STEAM_3,15714,74,81
12682,minimum_down,81,115_STEAM_3,15715,74,81
12687,minimum_up,82,115_STEAM_3,15720,75,82
12688,minimum_down,82,115_STEAM_3,15721,75,82
12693,minimum_up,83,115_STEAM_3,15726,76,83
12694,minimum_down,83,115_STEAM_3,15727,76,83
12699,minimum_up,84,115_STEAM_3,15732,77,84
12700,minimum_down,84,115_STEAM_3,15733,77,84
12705,minimum_up,85,115_STEAM_3,15738,78,85
12706,minimum_down,85,115_STEAM_3,15739,78,85
12711,minimum_up,86,115_STEAM_3,15744,79,86
12712,minimum_down,86,115_STEAM_3,15745,79,86
12717,minimum_up,87,115_STEAM_3,15750,80,87
12718,minimum_down,87,115_STEAM_3,15751,80,87
12723,minimum_up,88,115_STEAM_3,15756,81,88
12724,minimum_down,88,115_STEAM_3,15757,81,88
12729,minimum_up,89,115_STEAM_3,15762,82,89
12730,minimum_down,89,115_STEAM_3,15763,82,89
12735,minimum_up,90,115_STEAM_3,15768,83,90
12736,minimum_down,90,115_STEAM_3,15769,83,90
12741,minimum_up,91,115_STEAM_3,15774,84,91
12742,minimum_down,91,115_STEAM_3,15775,84,91
12747,minimum_up,92,115_STEAM_3,15780,85,92
12748,minimum_down,92,115_STEAM_3,15781,85,92
12753,minimum_up,93,115_STEAM_3,15786,86,93
12754,minimum_down,93,115_STEAM_3,15787,86,93
12759,minimum_up,94,115_STEAM_3,15792,87,94
12760,minimum_down,94,115_STEAM_3,15793,87,94
12765,minimum_up,95,115_STEAM_3,15798,88,95
12766,minimum_down,95,115_STEAM_3,15799,88,95
12771,minimum_up,96,115_STEAM_3,15804,89,96
12772,minimum_down,96,115_STEAM_3,15805,89,96
12777,minimum_up,97,115_STEAM_3,15810,90,97
12778,minimum_down,97,115_STEAM_3,15811,90,97
12783,minimum_up,98,115_STEAM_3,15816,91,98
12784,minimum_down,98,115_STEAM_3,15817,91,98
12789,minimum_up,99,115_STEAM_3,15822,92,99
12790,minimum_down,99,115_STEAM_3,15823,92,99
12795,minimum_up,100,115_STEAM_3,15828,93,100
12796,minimum_down,100,115_STEAM_3,15829,93,100
12801,minimum_up,101,115_STEAM_3,15834,94,101
12802,minimum_down,101,115_STEAM_3,15835,94,101
12807,minimum_up,102,115_STEAM_3,15840,95,102
12808,minimum_down,102,115_STEAM_3,15841,95,102
12813,minimum_up,103,115_STEAM_3,15846,96,103
12814,minimum_down,103,115_STEAM_3,15847,96,103
12819,minimum_up,104,115_STEAM_3,15852,97,104
12820,minimum_down,104,115_STEAM_3,15853,97,104
12825,minimum_up,105,115_STEAM_3,15858,98,105
12826,minimum_down,105,115_STEAM_3,15859,98,105
12831,minimum_up,106,115_STEAM_3,15864,99,106
12832,minimum_down,106,115_STEAM_3,15865,99,106
12837,minimum_up,107,115_STEAM_3,15870,100,107
12838,minimum_down,107,115_STEAM_3,15871,100,107
12843,minimum_up,108,115_STEAM_3,15876,101,108
12844,minimum_down,108,115_STEAM_3,15877,101,108
12849,minimum_up,109,115_STEAM_3,15882,102,109
12850,minimum_down,109,115_STEAM_3,15883,102,109
12855,minimum_up,110,115_STEAM_3,15888,103,110
12856,minimum_down,110,115_STEAM_3,15889,103,110
12861,minimum_up,111,115_STEAM_3,15894,104,111
12862,minimum_down,111,115_STEAM_3,15895,104,111
12867,minimum_up,112,115_STEAM_3,15900,105,112
12868,minimum_down,112,115_STEAM_3,15901,105,112
12873,minimum_up,113,115_STEAM_3,15906,106,113
12874,minimum_down,113,115_STEAM_3,15907,106,113
12879,minimum_up,114,115_STEAM_3,15912,107,114
12880,minimum_down,114,115_STEAM_3,15913,107,114
12885,minimum_up,115,115_STEAM_3,15918,108,115
12886,minimum_down,115,115_STEAM_3,15919,108,115
12891,minimum_up,116,115_STEAM_3,15924,109,116
12892,minimum_down,116,115_STEAM_3,15925,109,116
12897,minimum_up,117,115_STEAM_3,15930,110,117
12898,minimum_down,117,115_STEAM_3,15931,110,117
12903,minimum_up,118,115_STEAM_3,15936,111,118
12904,minimum_down,118,115_STEAM_3,15937,111,118
12909,minimum_up,119,115_STEAM_3,15942,112,119
12910,minimum_down,119,115_STEAM_3,15943,112,119
13325,minimum_up,55,116_STEAM_1,16562,48,55
13326,minimum_down,55,116_STEAM_1,16563,48,55
13331,minimum_up,56,116_STEAM_1,16568,49,56
13332,minimum_down,56,116_STEAM_1,16569,49,56
13337,minimum_up,57,116_STEAM_1,16574,50,57
13338,minimum_down,57,116_STEAM_1,16575,50,57
13343,minimum_up,58,116_STEAM_1,16580,51,58
13344,minimum_down,58,116_STEAM_1,16581,51,58
13349,minimum_up,59,116_STEAM_1,16586,52,59
13350,minimum_down,59,116_STEAM_1,16587,52,59
13355,minimum_up,60,116_STEAM_1,16592,53,60
13356,minimum_down,60,116_STEAM_1,16593,53,60
13361,minimum_up,61,116_STEAM_1,16598,54,61
13362,minimum_down,61,116_STEAM_1,16599,54,61
13367,minimum_up,62,116_STEAM_1,16604,55,62
13368,minimum_down,62,116_STEAM_1,16605,55,62
13373,minimum_up,63,116_STEAM_1,16610,56,63
13374,minimum_down,63,116_STEAM_1,16611,56,63
13379,minimum_up,64,116_STEAM_1,16616,57,64
13380,minimum_down,64,116_STEAM_1,16617,57,64
13385,minimum_up,65,116_STEAM_1,16622,58,65
13386,minimum_down,65,116_STEAM_1,16623,58,65
13391,minimum_up,66,116_STEAM_1,16628,59,66
13392,minimum_down,66,116_STEAM_1,16629,59,66
13397,minimum_up,67,116_STEAM_1,16634,60,67
13398,minimum_down,67,116_STEAM_1,16635,60,67
13403,minimum_up,68,116_STEAM_1,16640,61,68
13404,minimum_down,68,116_STEAM_1,16641,61,68
13409,minimum_up,69,116_STEAM_1,16646,62,69
13410,minimum_down,69,116_STEAM_1,16647,62,69
13415,minimum_up,70,116_STEAM_1,16652,63,70
13416,minimum_down,70,116_STEAM_1,16653,63,70
13421,minimum_up,71,116_STEAM_1,16658,64,71
13422,minimum_down,71,116_STEAM_1,16659,64,71
13427,minimum_up,72,116_STEAM_1,16664,65,72
13428,minimum_down,72,116_STEAM_1,16665,65,72
13433,minimum_up,73,116_STEAM_1,16670,66,73
13434,minimum_down,73,116_STEAM_1,16671,66,73
13439,minimum_up,74,116_STEAM_1,16676,67,74
13440,minimum_down,74,116_STEAM_1,16677,67,74
13445,minimum_up,75,116_STEAM_1,16682,68,75
13446,minimum_down,75,116_STEAM_1,16683,68,75
13451,minimum_up,76,116_STEAM_1,16688,69,76
13452,minimum_down,76,116_STEAM_1,16689,69,76
13457,minimum_up,77,116_STEAM_1,16694,70,77
13458,minimum_down,77,116_STEAM_1,16695,70,77
13463,minimum_up,78,116_STEAM_1,16700,71,78
13464,minimum_down,78,116_STEAM_1,16701,71,78
13469,minimum_up,79,116_STEAM_1,16706,72,79
13470,minimum_down,79,116_STEAM_1,16707,72,79
13475,minimum_up,80,116_STEAM_1,16712,73,80
13476,minimum_down,80,116_STEAM_1,16713,73,80
13481,minimum_up,81,116_STEAM_1,16718,74,81
13482,minimum_down,81,116_STEAM_1,16719,74,81
13487,minimum_up,82,116_STEAM_1,16724,75,82
13488,minimum_down,82,116_STEAM_1,16725,75,82
13493,minimum_up,83,116_STEAM_1,16730,76,83
13494,minimum_down,83,116_STEAM_1,16731,76,83
13499,minimum_up,84,116_STEAM_1,16736,77,84
13500,minimum_down,84,116_STEAM_1,16737,77,84
13505,minimum_up,85,116_STEAM_1,16742,78,85
13506,minimum_down,85,116_STEAM_1,16743,78,85
13511,minimum_up,86,116_STEAM_1,16748,79,86
13512,minimum_down,86,116_STEAM_1,16749,79,86
13517,minimum_up,87,116_STEAM_1,16754,80,87
13518,minimum_down,87,116_STEAM_1,16755,80,87
13523,minimum_up,88,116_STEAM_1,16760,81,88
13524,minimum_down,88,116_STEAM_1,16761,81,88
13529,minimum_up,89,116_STEAM_1,16766,82,89
13530,minimum_down,89,116_STEAM_1,16767,82,89
13535,minimum_up,90,116_STEAM_1,16772,83,90
13536,minimum_down,90,116_STEAM_1,16773,83,90
13541,minimum_up,91,116_STEAM_1,16778,84,91
13542,minimum_down,91,116_STEAM_1,16779,84,91
13547,minimum_up,92,116_STEAM_1,16784,85,92
13548,minimum_down,92,116_STEAM_1,16785,85,92
13553,minimum_up,93,116_STEAM_1,16790,86,93
13554,minimum_down,93,116_STEAM_1,16791,86,93
13559,minimum_up,94,116_STEAM_1,16796,87,94
13560,minimum_down,94,116_STEAM_1,16797,87,94
13565,minimum_up,95,116_STEAM_1,16802,88,95
13566,minimum_down,95,116_STEAM_1,16803,88,95
13571,minimum_up,96,116_STEAM_1,16808,89,96
13572,minimum_down,96,116_STEAM_1,16809,89,96
13577,minimum_up,97,116_STEAM_1,16814,90,97
13578,minimum_down,97,116_STEAM_1,16815,90,97
13583,minimum_up,98,116_STEAM_1,16820,91,98
13584,minimum_down,98,116_STEAM_1,16821,91,98
13589,minimum_up,99,116_STEAM_1,16826,92,99
13590,minimum_down,99,116_STEAM_1,16827,92,99
13595,minimum_up,100,116_STEAM_1,16832,93,100
13596,minimum_down,100,116_STEAM_1,16833,93,100
13601,minimum_up,101,116_STEAM_1,16838,94,101
13602,minimum_down,101,116_STEAM_1,16839,94,101
13607,minimum_up,102,116_STEAM_1,16844,95,102
13608,minimum_down,102,116_STEAM_1,16845,95,102
13613,minimum_up,103,116_STEAM_1,16850,96,103
13614,minimum_down,103,116_STEAM_1,16851,96,103
13619,minimum_up,104,116_STEAM_1,16856,97,104
13620,minimum_down,104,116_STEAM_1,16857,97,104
13625,minimum_up,105,116_STEAM_1,16862,98,105
13626,minimum_down,105,116_STEAM_1,16863,98,105
13631,minimum_up,106,116_STEAM_1,16868,99,106
13632,minimum_down,106,116_STEAM_1,16869,99,106
13637,minimum_up,107,116_STEAM_1,16874,100,107
13638,minimum_down,107,116_STEAM_1,16875,100,107
13643,minimum_up,108,116_STEAM_1,16880,101,108
13644,minimum_down,108,116_STEAM_1,16881,101,108
13649,minimum_up,109,116_STEAM_1,16886,102,109
13650,minimum_down,109,116_STEAM_1,16887,102,109
13655,minimum_up,110,116_STEAM_1,16892,103,110
13656,minimum_down,110,116_STEAM_1,16893,103,110
13661,minimum_up,111,116_STEAM_1,16898,104,111
13662,minimum_down,111,116_STEAM_1,16899,104,111
13667,minimum_up,112,116_STEAM_1,16904,105,112
13668,minimum_down,112,116_STEAM_1,16905,105,112
13673,minimum_up,113,116_STEAM_1,16910,106,113
13674,minimum_down,113,116_STEAM_1,16911,106,113
13679,minimum_up,114,116_STEAM_1,16916,107,114
13680,minimum_down,114,116_STEAM_1,16917,107,114
13685,minimum_up,115,116_STEAM_1,16922,108,115
13686,minimum_down,115,116_STEAM_1,16923,108,115
13691,minimum_up,116,116_STEAM_1,16928,109,116
13692,minimum_down,116,116_STEAM_1,16929,109,116
13697,minimum_up,117,116_STEAM_1,16934,110,117
13698,minimum_down,117,116_STEAM_1,16935,110,117
13703,minimum_up,118,116_STEAM_1,16940,111,118
13704,minimum_down,118,116_STEAM_1,16941,111,118
13709,minimum_up,119,116_STEAM_1,16946,112,119
13710,minimum_down,119,116_STEAM_1,16947,112,119
14113,minimum_down,52,118_CC_1,17549,48,52
14118,minimum_down,53,118_CC_1,17555,49,53
14123,minimum_down,54,118_CC_1,17561,50,54
14128,minimum_up,55,118_CC_1,17566,48,55
14129,minimum_down,55,118_CC_1,17567,51,55
14134,minimum_up,56,118_CC_1,17572,49,56
14135,minimum_down,56,118_CC_1,17573,52,56
14140,minimum_up,57,118_CC_1,17578,50,57
14141,minimum_down,57,118_CC_1,17579,53,57
14146,minimum_up,58,118_CC_1,17584,51,58
14147,minimum_down,58,118_CC_1,17585,54,58
14152,minimum_up,59,118_CC_1,17590,52,59
14153,minimum_down,59,118_CC_1,17591,55,59
14158,minimum_up,60,118_CC_1,17596,53,60
14159,minimum_down,60,118_CC_1,17597,56,60
14164,minimum_up,61,118_CC_1,17602,54,61
14165,minimum_down,61,118_CC_1,17603,57,61
14170,minimum_up,62,118_CC_1,17608,55,62
14171,minimum_down,62,118_CC_1,17609,58,62
14176,minimum_up,63,118_CC_1,17614,56,63
14177,minimum_down,63,118_CC_1,17615,59,63
14182,minimum_up,64,118_CC_1,17620,57,64
14183,minimum_down,64,118_CC_1,17621,60,64
14188,minimum_up,65,118_CC_1,17626,58,65
14189,minimum_down,65,118_CC_1,17627,61,65
14194,minimum_up,66,118_CC_1,17632,59,66
14195,minimum_down,66,118_CC_1,17633,62,66
14200,minimum_up,67,118_CC_1,17638,60,67
14201,minimum_down,67,118_CC_1,17639,63,67
14206,minimum_up,68,118_CC_1,17644,61,68
14207,minimum_down,68,118_CC_1,17645,64,68
14212,minimum_up,69,118_CC_1,17650,62,69
14213,minimum_down,69,118_CC_1,17651,65,69
14218,minimum_up,70,118_CC_1,17656,63,70
14219,minimum_down,70,118_CC_1,17657,66,70
14224,minimum_up,71,118_CC_1,17662,64,71
14225,minimum_down,71,118_CC_1,17663,67,71
14230,minimum_up,72,118_CC_1,17668,65,72
14231,minimum_down,72,118_CC_1,17669,68,72
14236,minimum_up,73,118_CC_1,17674,66,73
14237,minimum_down,73,118_CC_1,17675,69,73
14242,minimum_up,74,118_CC_1,17680,67,74
14243,minimum_down,74,118_CC_1,17681,70,74
14248,minimum_up,75,118_CC_1,17686,68,75
14249,minimum_down,75,118_CC_1,17687,71,75
14254,minimum_up,76,118_CC_1,17692,69,76
14255,minimum_down,76,118_CC_1,17693,72,76
14260,minimum_up,77,118_CC_1,17698,70,77
14261,minimum_down,77,118_CC_1,17699,73,77
14266,minimum_up,78,118_CC_1,17704,71,78
14267,minimum_down,78,118_CC_1,17705,74,78
14272,minimum_up,79,118_CC_1,17710,72,79
14273,minimum_down,79,118_CC_1,17711,75,79
14278,minimum_up,80,118_CC_1,17716,73,80
14279,minimum_down,80,118_CC_1,17717,76,80
14284,minimum_up,81,118_CC_1,17722,74,81
14285,minimum_down,81,118_CC_1,17723,77,81
14290,minimum_up,82,118_CC_1,17728,75,82
14291,minimum_down,82,118_CC_1,17729,78,82
14296,minimum_up,83,118_CC_1,17734,76,83
14297,minimum_down,83,118_CC_1,17735,79,83
14302,minimum_up,84,118_CC_1,17740,77,84
14303,minimum_down,84,118_CC_1,17741,80,84
14308,minimum_up,85,118_CC_1,17746,78,85
14309,minimum_down,85,118_CC_1,17747,81,85
14314,minimum_up,86,118_CC_1,17752,79,86
14315,minimum_down,86,118_CC_1,17753,82,86
14320,minimum_up,87,118_CC_1,17758,80,87
14321,minimum_down,87,118_CC_1,17759,83,87
14326,minimum_up,88,118_CC_1,17764,81,88
14327,minimum_down,88,118_CC_1,17765,84,88
14332,minimum_up,89,118_CC_1,17770,82,89
14333,minimum_down,89,118_CC_1,17771,85,89
14338,minimum_up,90,118_CC_1,17776,83,90
14339,minimum_down,90,118_CC_1,17777,86,90
14344,minimum_up,91,118_CC_1,17782,84,91
14345,minimum_down,91,118_CC_1,17783,87,91
14350,minimum_up,92,118_CC_1,17788,85,92
14351,minimum_down,92,118_CC_1,17789,88,92
14356,minimum_up,93,118_CC_1,17794,86,93
14357,minimum_down,93,118_CC_1,17795,89,93
14362,minimum_up,94,118_CC_1,17800,87,94
14363,minimum_down,94,118_CC_1,17801,90,94
14368,minimum_up,95,118_CC_1,17806,88,95
14369,minimum_down,95,118_CC_1,17807,91,95
14374,minimum_up,96,118_CC_1,17812,89,96
14375,minimum_down,96,118_CC_1,17813,92,96
14380,minimum_up,97,118_CC_1,17818,90,97
14381,minimum_down,97,118_CC_1,17819,93,97
14386,minimum_up,98,118_CC_1,17824,91,98
14387,minimum_down,98,118_CC_1,17825,94,98
14392,minimum_up,99,118_CC_1,17830,92,99
14393,minimum_down,99,118_CC_1,17831,95,99
14398,minimum_up,100,118_CC_1,17836,93,100
14399,minimum_down,100,118_CC_1,17837,96,100
14404,minimum_up,101,118_CC_1,17842,94,101
14405,minimum_down,101,118_CC_1,17843,97,101
14410,minimum_up,102,118_CC_1,17848,95,102
14411,minimum_down,102,118_CC_1,17849,98,102
14416,minimum_up,103,118_CC_1,17854,96,103
14417,minimum_down,103,118_CC_1,17855,99,103
14422,minimum_up,104,118_CC_1,17860,97,104
14423,minimum_down,104,118_CC_1,17861,100,104
14428,minimum_up,105,118_CC_1,17866,98,105
14429,minimum_down,105,118_CC_1,17867,101,105
14434,minimum_up,106,118_CC_1,17872,99,106
14435,minimum_down,106,118_CC_1,17873,102,106
14440,minimum_up,107,118_CC_1,17878,100,107
14441,minimum_down,107,118_CC_1,17879,103,107
14446,minimum_up,108,118_CC_1,17884,101,108
14447,minimum_down,108,118_CC_1,17885,104,108
14452,minimum_up,109,118_CC_1,17890,102,109
14453,minimum_down,109,118_CC_1,17891,105,109
14458,minimum_up,110,118_CC_1,17896,103,110
14459,minimum_down,110,118_CC_1,17897,106,110
14464,minimum_up,111,118_CC_1,17902,104,111
14465,minimum_down,111,118_CC_1,17903,107,111
14470,minimum_up,112,118_CC_1,17908,105,112
14471,minimum_down,112,118_CC_1,17909,108,112
14476,minimum_up,113,118_CC_1,17914,106,113
14477,minimum_down,113,118_CC_1,17915,109,113
14482,minimum_up,114,118_CC_1,17920,107,114
14483,minimum_down,114,118_CC_1,17921,110,114
14488,minimum_up,115,118_CC_1,17926,108,115
14489,minimum_down,115,118_CC_1,17927,111,115
14494,minimum_up,116,118_CC_1,17932,109,116
14495,minimum_down,116,118_CC_1,17933,112,116
14500,minimum_up,117,118_CC_1,17938,110,117
14501,minimum_down,117,118_CC_1,17939,113,117
14506,minimum_up,118,118_CC_1,17944,111,118
14507,minimum_down,118,118_CC_1,17945,114,118
14512,minimum_up,119,118_CC_1,17950,112,119
14513,minimum_down,119,118_CC_1,17951,115,119
14928,minimum_up,55,123_STEAM_2,18570,48,55
14929,minimum_down,55,123_STEAM_2,18571,48,55
14934,minimum_up,56,123_STEAM_2,18576,49,56
14935,minimum_down,56,123_STEAM_2,18577,49,56
14940,minimum_up,57,123_STEAM_2,18582,50,57
14941,minimum_down,57,123_STEAM_2,18583,50,57
14946,minimum_up,58,123_STEAM_2,18588,51,58
14947,minimum_down,58,123_STEAM_2,18589,51,58
14952,minimum_up,59,123_STEAM_2,18594,52,59
14953,minimum_down,59,123_STEAM_2,18595,52,59
14958,minimum_up,60,123_STEAM_2,18600,53,60
14959,minimum_down,60,123_STEAM_2,18601,53,60
14964,minimum_up,61,123_STEAM_2,18606,54,61
14965,minimum_down,61,123_STEAM_2,18607,54,61
14970,minimum_up,62,123_STEAM_2,18612,55,62
14971,minimum_down,62,123_STEAM_2,18613,55,62
14976,minimum_up,63,123_STEAM_2,18618,56,63
14977,minimum_down,63,123_STEAM_2,18619,56,63
14982,minimum_up,64,123_STEAM_2,18624,57,64
14983,minimum_down,64,123_STEAM_2,18625,57,64
14988,minimum_up,65,123_STEAM_2,18630,58,65
14989,minimum_down,65,123_STEAM_2,18631,58,65
14994,minimum_up,66,123_STEAM_2,18636,59,66
14995,minimum_down,66,123_STEAM_2,18637,59,66
15000,minimum_up,67,123_STEAM_2,18642,60,67
15001,minimum_down,67,123_STEAM_2,18643,60,67
15006,minimum_up,68,123_STEAM_2,18648,61,68
15007,minimum_down,68,123_STEAM_2,18649,61,68
15012,minimum_up,69,123_STEAM_2,18654,62,69
15013,minimum_down,69,123_STEAM_2,18655,62,69
15018,minimum_up,70,123_STEAM_2,18660,63,70
15019,minimum_down,70,123_STEAM_2,18661,63,70
15024,minimum_up,71,123_STEAM_2,18666,64,71
15025,minimum_down,71,123_STEAM_2,18667,64,71
15030,minimum_up,72,123_STEAM_2,18672,65,72
15031,minimum_down,72,123_STEAM_2,18673,65,72
15036,minimum_up,73,123_STEAM_2,18678,66,73
15037,minimum_down,73,123_STEAM_2,18679,66,73
15042,minimum_up,74,123_STEAM_2,18684,67,74
15043,minimum_down,74,123_STEAM_2,18685,67,74
15048,minimum_up,75,123_STEAM_2,18690,68,75
15049,minimum_down,75,123_STEAM_2,18691,68,75
15054,minimum_up,76,123_STEAM_2,18696,69,76
15055,minimum_down,76,123_STEAM_2,18697,69,76
15060,minimum_up,77,123_STEAM_2,18702,70,77
15061,minimum_down,77,123_STEAM_2,18703,70,77
15066,minimum_up,78,123_STEAM_2,18708,71,78
15067,minimum_down,78,123_STEAM_2,18709,71,78
15072,minimum_up,79,123_STEAM_2,18714,72,79
15073,minimum_down,79,123_STEAM_2,18715,72,79
15078,minimum_up,80,123_STEAM_2,18720,73,80
15079,minimum_down,80,123_STEAM_2,18721,73,80
15084,minimum_up,81,123_STEAM_2,18726,74,81
15085,minimum_down,81,123_STEAM_2,18727,74,81
15090,minimum_up,82,123_STEAM_2,18732,75,82
15091,minimum_down,82,123_STEAM_2,18733,75,82
15096,minimum_up,83,123_STEAM_2,18738,76,83
15097,minimum_down,83,123_STEAM_2,18739,76,83
15102,minimum_up,84,123_STEAM_2,18744,77,84
15103,minimum_down,84,123_STEAM_2,18745,77,84
15108,minimum_up,85,123_STEAM_2,18750,78,85
15109,minimum_down,85,123_STEAM_2,18751,78,85
15114,minimum_up,86,123_STEAM_2,18756,79,86
15115,minimum_down,86,123_STEAM_2,18757,79,86
15120,minimum_up,87,123_STEAM_2,18762,80,87
15121,minimum_down,87,123_STEAM_2,18763,80,87
15126,minimum_up,88,123_STEAM_2,18768,81,88
15127,minimum_down,88,123_STEAM_2,18769,81,88
15132,minimum_up,89,123_STEAM_2,18774,82,89
15133,minimum_down,89,123_STEAM_2,18775,82,89
15138,minimum_up,90,123_STEAM_2,18780,83,90
15139,minimum_down,90,123_STEAM_2,18781,83,90
15144,minimum_up,91,123_STEAM_2,18786,84,91
15145,minimum_down,91,123_STEAM_2,18787,84,91
15150,minimum_up,92,123_STEAM_2,18792,85,92
15151,minimum_down,92,123_STEAM_2,18793,85,92
15156,minimum_up,93,123_STEAM_2,18798,86,93
15157,minimum_down,93,123_STEAM_2,18799,86,93
15162,minimum_up,94,123_STEAM_2,18804,87,94
15163,minimum_down,94,123_STEAM_2,18805,87,94
15168,minimum_up,95,123_STEAM_2,18810,88,95
15169,minimum_down,95,123_STEAM_2,18811,88,95
15174,minimum_up,96,123_STEAM_2,18816,89,96
15175,minimum_down,96,123_STEAM_2,18817,89,96
15180,minimum_up,97,123_STEAM_2,18822,90,97
15181,minimum_down,97,123_STEAM_2,18823,90,97
15186,minimum_up,98,123_STEAM_2,18828,91,98
15187,minimum_down,98,123_STEAM_2,18829,91,98
15192,minimum_up,99,123_STEAM_2,18834,92,99
15193,minimum_down,99,123_STEAM_2,18835,92,99
15198,minimum_up,100,123_STEAM_2,18840,93,100
15199,minimum_down,100,123_STEAM_2,18841,93,100
15204,minimum_up,101,123_STEAM_2,18846,94,101
15205,minimum_down,101,123_STEAM_2,18847,94,101
15210,minimum_up,102,123_STEAM_2,18852,95,102
15211,minimum_down,102,123_STEAM_2,18853,95,102
15216,minimum_up,103,123_STEAM_2,18858,96,103
15217,minimum_down,103,123_STEAM_2,18859,96,103
15222,minimum_up,104,123_STEAM_2,18864,97,104
15223,minimum_down,104,123_STEAM_2,18865,97,104
15228,minimum_up,105,123_STEAM_2,18870,98,105
15229,minimum_down,105,123_STEAM_2,18871,98,105
15234,minimum_up,106,123_STEAM_2,18876,99,106
15235,minimum_down,106,123_STEAM_2,18877,99,106
15240,minimum_up,107,123_STEAM_2,18882,100,107
15241,minimum_down,107,123_STEAM_2,18883,100,107
15246,minimum_up,108,123_STEAM_2,18888,101,108
15247,minimum_down,108,123_STEAM_2,18889,101,108
15252,minimum_up,109,123_STEAM_2,18894,102,109
15253,minimum_down,109,123_STEAM_2,18895,102,109
15258,minimum_up,110,123_STEAM_2,18900,103,110
15259,minimum_down,110,123_STEAM_2,18901,103,110
15264,minimum_up,111,123_STEAM_2,18906,104,111
15265,minimum_down,111,123_STEAM_2,18907,104,111
15270,minimum_up,112,123_STEAM_2,18912,105,112
15271,minimum_down,112,123_STEAM_2,18913,105,112
15276,minimum_up,113,123_STEAM_2,18918,106,113
15277,minimum_down,113,123_STEAM_2,18919,106,113
15282,minimum_up,114,123_STEAM_2,18924,107,114
15283,minimum_down,114,123_STEAM_2,18925,107,114
15288,minimum_up,115,123_STEAM_2,18930,108,115
15289,minimum_down,115,123_STEAM_2,18931,108,115
15294,minimum_up,116,123_STEAM_2,18936,109,116
15295,minimum_down,116,123_STEAM_2,18937,109,116
15300,minimum_up,117,123_STEAM_2,18942,110,117
15301,minimum_down,117,123_STEAM_2,18943,110,117
15306,minimum_up,118,123_STEAM_2,18948,111,118
15307,minimum_down,118,123_STEAM_2,18949,111,118
15312,minimum_up,119,123_STEAM_2,18954,112,119
15313,minimum_down,119,123_STEAM_2,18955,112,119
15792,minimum_up,71,123_STEAM_3,19670,48,71
15797,minimum_up,72,123_STEAM_3,19676,49,72
15802,minimum_up,73,123_STEAM_3,19682,50,73
15807,minimum_up,74,123_STEAM_3,19688,51,74
15812,minimum_up,75,123_STEAM_3,19694,52,75
15817,minimum_up,76,123_STEAM_3,19700,53,76
15822,minimum_up,77,123_STEAM_3,19706,54,77
15827,minimum_up,78,123_STEAM_3,19712,55,78
15832,minimum_up,79,123_STEAM_3,19718,56,79
15837,minimum_up,80,123_STEAM_3,19724,57,80
15842,minimum_up,81,123_STEAM_3,19730,58,81
15847,minimum_up,82,123_STEAM_3,19736,59,82
15852,minimum_up,83,123_STEAM_3,19742,60,83
15857,minimum_up,84,123_STEAM_3,19748,61,84
15862,minimum_up,85,123_STEAM_3,19754,62,85
15867,minimum_up,86,123_STEAM_3,19760,63,86
15872,minimum_up,87,123_STEAM_3,19766,64,87
15877,minimum_up,88,123_STEAM_3,19772,65,88
15882,minimum_up,89,123_STEAM_3,19778,66,89
15887,minimum_up,90,123_STEAM_3,19784,67,90
15892,minimum_up,91,123_STEAM_3,19790,68,91
15897,minimum_up,92,123_STEAM_3,19796,69,92
15902,minimum_up,93,123_STEAM_3,19802,70,93
15907,minimum_up,94,123_STEAM_3,19808,71,94
15912,minimum_up,95,123_STEAM_3,19814,72,95
15913,minimum_down,95,123_STEAM_3,19815,48,95
15918,minimum_up,96,123_STEAM_3,19820,73,96
15919,minimum_down,96,123_STEAM_3,19821,49,96
15924,minimum_up,97,123_STEAM_3,19826,74,97
15925,minimum_down,97,123_STEAM_3,19827,50,97
15930,minimum_up,98,123_STEAM_3,19832,75,98
15931,minimum_down,98,123_STEAM_3,19833,51,98
15936,minimum_up,99,123_STEAM_3,19838,76,99
15937,minimum_down,99,123_STEAM_3,19839,52,99
15942,minimum_up,100,123_STEAM_3,19844,77,100
15943,minimum_down,100,123_STEAM_3,19845,53,100
15948,minimum_up,101,123_STEAM_3,19850,78,101
15949,minimum_down,101,123_STEAM_3,19851,54,101
15954,minimum_up,102,123_STEAM_3,19856,79,102
15955,minimum_down,102,123_STEAM_3,19857,55,102
15960,minimum_up,103,123_STEAM_3,19862,80,103
15961,minimum_down,103,123_STEAM_3,19863,56,103
15966,minimum_up,104,123_STEAM_3,19868,81,104
15967,minimum_down,104,123_STEAM_3,19869,57,104
15972,minimum_up,105,123_STEAM_3,19874,82,105
15973,minimum_down,105,123_STEAM_3,19875,58,105
15978,minimum_up,106,123_STEAM_3,19880,83,106
15979,minimum_down,106,123_STEAM_3,19881,59,106
15984,minimum_up,107,123_STEAM_3,19886,84,107
15985,minimum_down,107,123_STEAM_3,19887,60,107
15990,minimum_up,108,123_STEAM_3,19892,85,108
15991,minimum_down,108,123_STEAM_3,19893,61,108
15996,minimum_up,109,123_STEAM_3,19898,86,109
15997,minimum_down,109,123_STEAM_3,19899,62,109
16002,minimum_up,110,123_STEAM_3,19904,87,110
16003,minimum_down,110,123_STEAM_3,19905,63,110
16008,minimum_up,111,123_STEAM_3,19910,88,111
16009,minimum_down,111,123_STEAM_3,19911,64,111
16014,minimum_up,112,123_STEAM_3,19916,89,112
16015,minimum_down,112,123_STEAM_3,19917,65,112
16020,minimum_up,113,123_STEAM_3,19922,90,113
16021,minimum_down,113,123_STEAM_3,19923,66,113
16026,minimum_up,114,123_STEAM_3,19928,91,114
16027,minimum_down,114,123_STEAM_3,19929,67,114
16032,minimum_up,115,123_STEAM_3,19934,92,115
16033,minimum_down,115,123_STEAM_3,19935,68,115
16038,minimum_up,116,123_STEAM_3,19940,93,116
16039,minimum_down,116,123_STEAM_3,19941,69,116
16044,minimum_up,117,123_STEAM_3,19946,94,117
16045,minimum_down,117,123_STEAM_3,19947,70,117
16050,minimum_up,118,123_STEAM_3,19952,95,118
16051,minimum_down,118,123_STEAM_3,19953,71,118
16056,minimum_up,119,123_STEAM_3,19958,96,119
16057,minimum_down,119,123_STEAM_3,19959,72,119
16452,minimum_up,50,123_CT_1,20548,48,50
16453,minimum_down,50,123_CT_1,20549,48,50
16458,minimum_up,51,123_CT_1,20554,49,51
16459,minimum_down,51,123_CT_1,20555,49,51
16464,minimum_up,52,123_CT_1,20560,50,52
16465,minimum_down,52,123_CT_1,20561,50,52
16470,minimum_up,53,123_CT_1,20566,51,53
16471,minimum_down,53,123_CT_1,20567,51,53
16476,minimum_up,54,123_CT_1,20572,52,54
16477,minimum_down,54,123_CT_1,20573,52,54
16482,minimum_up,55,123_CT_1,20578,53,55
16483,minimum_down,55,123_CT_1,20579,53,55
16488,minimum_up,56,123_CT_1,20584,54,56
16489,minimum_down,56,123_CT_1,20585,54,56
16494,minimum_up,57,123_CT_1,20590,55,57
16495,minimum_down,57,123_CT_1,20591,55,57
16500,minimum_up,58,123_CT_1,20596,56,58
16501,minimum_down,58,123_CT_1,20597,56,58
16506,minimum_up,59,123_CT_1,20602,57,59
16507,minimum_down,59,123_CT_1,20603,57,59
16512,minimum_up,60,123_CT_1,20608,58,60
16513,minimum_down,60,123_CT_1,20609,58,60
16518,minimum_up,61,123_CT_1,20614,59,61
16519,minimum_down,61,123_CT_1,20615,59,61
16524,minimum_up,62,123_CT_1,20620,60,62
16525,minimum_down,62,123_CT_1,20621,60,62
16530,minimum_up,63,123_CT_1,20626,61,63
16531,minimum_down,63,123_CT_1,20627,61,63
16536,minimum_up,64,123_CT_1,20632,62,64
16537,minimum_down,64,123_CT_1,20633,62,64
16542,minimum_up,65,123_CT_1,20638,63,65
16543,minimum_down,65,123_CT_1,20639,63,65
16548,minimum_up,66,123_CT_1,20644,64,66
16549,minimum_down,66,123_CT_1,20645,64,66
16554,minimum_up,67,123_CT_1,20650,65,67
16555,minimum_down,67,123_CT_1,20651,65,67
16560,minimum_up,68,123_CT_1,20656,66,68
16561,minimum_down,68,123_CT_1,20657,66,68
16566,minimum_up,69,123_CT_1,20662,67,69
16567,minimum_down,69,123_CT_1,20663,67,69
16572,minimum_up,70,123_CT_1,20668,68,70
16573,minimum_down,70,123_CT_1,20669,68,70
16578,minimum_up,71,123_CT_1,20674,69,71
16579,minimum_down,71,123_CT_1,20675,69,71
16584,minimum_up,72,123_CT_1,20680,70,72
16585,minimum_down,72,123_CT_1,20681,70,72
16590,minimum_up,73,123_CT_1,20686,71,73
16591,minimum_down,73,123_CT_1,20687,71,73
16596,minimum_up,74,123_CT_1,20692,72,74
16597,minimum_down,74,123_CT_1,20693,72,74
16602,minimum_up,75,123_CT_1,20698,73,75
16603,minimum_down,75,123_CT_1,20699,73,75
16608,minimum_up,76,123_CT_1,20704,74,76
16609,minimum_down,76,123_CT_1,20705,74,76
16614,minimum_up,77,123_CT_1,20710,75,77
16615,minimum_down,77,123_CT_1,20711,75,77
16620,minimum_up,78,123_CT_1,20716,76,78
16621,minimum_down,78,123_CT_1,20717,76,78
16626,minimum_up,79,123_CT_1,20722,77,79
16627,minimum_down,79,123_CT_1,20723,77,79
16632,minimum_up,80,123_CT_1,20728,78,80
16633,minimum_down,80,123_CT_1,20729,78,80
16638,minimum_up,81,123_CT_1,20734,79,81
16639,minimum_down,81,123_CT_1,20735,79,81
16644,minimum_up,82,123_CT_1,20740,80,82
16645,minimum_down,82,123_CT_1,20741,80,82
16650,minimum_up,83,123_CT_1,20746,81,83
16651,minimum_down,83,123_CT_1,20747,81,83
16656,minimum_up,84,123_CT_1,20752,82,84
16657,minimum_down,84,123_CT_1,20753,82,84
16662,minimum_up,85,123_CT_1,20758,83,85
16663,minimum_down,85,123_CT_1,20759,83,85
16668,minimum_up,86,123_CT_1,20764,84,86
16669,minimum_down,86,123_CT_1,20765,84,86
16674,minimum_up,87,123_CT_1,20770,85,87
16675,minimum_down,87,123_CT_1,20771,85,87
16680,minimum_up,88,123_CT_1,20776,86,88
16681,minimum_down,88,123_CT_1,20777,86,88
16686,minimum_up,89,123_CT_1,20782,87,89
16687,minimum_down,89,123_CT_1,20783,87,89
16692,minimum_up,90,123_CT_1,20788,88,90
16693,minimum_down,90,123_CT_1,20789,88,90
16698,minimum_up,91,123_CT_1,20794,89,91
16699,minimum_down,91,123_CT_1,20795,89,91
16704,minimum_up,92,123_CT_1,20800,90,92
16705,minimum_down,92,123_CT_1,20801,90,92
16710,minimum_up,93,123_CT_1,20806,91,93
16711,minimum_down,93,123_CT_1,20807,91,93
16716,minimum_up,94,123_CT_1,20812,92,94
16717,minimum_down,94,123_CT_1,20813,92,94
16722,minimum_up,95,123_CT_1,20818,93,95
16723,minimum_down,95,123_CT_1,20819,93,95
16728,minimum_up,96,123_CT_1,20824,94,96
16729,minimum_down,96,123_CT_1,20825,94,96
16734,minimum_up,97,123_CT_1,20830,95,97
16735,minimum_down,97,123_CT_1,20831,95,97
16740,minimum_up,98,123_CT_1,20836,96,98
16741,minimum_down,98,123_CT_1,20837,96,98
16746,minimum_up,99,123_CT_1,20842,97,99
16747,minimum_down,99,123_CT_1,20843,97,99
16752,minimum_up,100,123_CT_1,20848,98,100
16753,minimum_down,100,123_CT_1,20849,98,100
16758,minimum_up,101,123_CT_1,20854,99,101
16759,minimum_down,101,123_CT_1,20855,99,101
16764,minimum_up,102,123_CT_1,20860,100,102
16765,minimum_down,102,123_CT_1,20861,100,102
16770,minimum_up,103,123_CT_1,20866,101,103
16771,minimum_down,103,123_CT_1,20867,101,103
16776,minimum_up,104,123_CT_1,20872,102,104
16777,minimum_down,104,123_CT_1,20873,102,104
16782,minimum_up,105,123_CT_1,20878,103,105
16783,minimum_down,105,123_CT_1,20879,103,105
16788,minimum_up,106,123_CT_1,20884,104,106
16789,minimum_down,106,123_CT_1,20885,104,106
16794,minimum_up,107,123_CT_1,20890,105,107
16795,minimum_down,107,123_CT_1,20891,105,107
16800,minimum_up,108,123_CT_1,20896,106,108
16801,minimum_down,108,123_CT_1,20897,106,108
16806,minimum_up,109,123_CT_1,20902,107,109
16807,minimum_down,109,123_CT_1,20903,107,109
16812,minimum_up,110,123_CT_1,20908,108,110
16813,minimum_down,110,123_CT_1,20909,108,110
16818,minimum_up,111,123_CT_1,20914,109,111
16819,minimum_down,111,123_CT_1,20915,109,111
16824,minimum_up,112,123_CT_1,20920,110,112
16825,minimum_down,112,123_CT_1,20921,110,112
16830,minimum_up,113,123_CT_1,20926,111,113
16831,minimum_down,113,123_CT_1,20927,111,113
16836,minimum_up,114,123_CT_1,20932,112,114
16837,minimum_down,114,123_CT_1,20933,112,114
16842,minimum_up,115,123_CT_1,20938,113,115
16843,minimum_down,115,123_CT_1,20939,113,115
16848,minimum_up,116,123_CT_1,20944,114,116
16849,minimum_down,116,123_CT_1,20945,114,116
16854,minimum_up,117,123_CT_1,20950,115,117
16855,minimum_down,117,123_CT_1,20951,115,117
16860,minimum_up,118,123_CT_1,20956,116,118
16861,minimum_down,118,123_CT_1,20957,116,118
16866,minimum_up,119,123_CT_1,20962,117,119
16867,minimum_down,119,123_CT_1,20963,117,119
17262,minimum_up,50,123_CT_4,21552,48,50
17263,minimum_down,50,123_CT_4,21553,48,50
17268,minimum_up,51,123_CT_4,21558,49,51
17269,minimum_down,51,123_CT_4,21559,49,51
17274,minimum_up,52,123_CT_4,21564,50,52
17275,minimum_down,52,123_CT_4,21565,50,52
17280,minimum_up,53,123_CT_4,21570,51,53
17281,minimum_down,53,123_CT_4,21571,51,53
17286,minimum_up,54,123_CT_4,21576,52,54
17287,minimum_down,54,123_CT_4,21577,52,54
17292,minimum_up,55,123_CT_4,21582,53,55
17293,minimum_down,55,123_CT_4,21583,53,55
17298,minimum_up,56,123_CT_4,21588,54,56
17299,minimum_down,56,123_CT_4,21589,54,56
17304,minimum_up,57,123_CT_4,21594,55,57
17305,minimum_down,57,123_CT_4,21595,55,57
17310,minimum_up,58,123_CT_4,21600,56,58
17311,minimum_down,58,123_CT_4,21601,56,58
17316,minimum_up,59,123_CT_4,21606,57,59
17317,minimum_down,59,123_CT_4,21607,57,59
17322,minimum_up,60,123_CT_4,21612,58,60
17323,minimum_down,60,123_CT_4,21613,58,60
17328,minimum_up,61,123_CT_4,21618,59,61
17329,minimum_down,61,123_CT_4,21619,59,61
17334,minimum_up,62,123_CT_4,21624,60,62
17335,minimum_down,62,123_CT_4,21625,60,62
17340,minimum_up,63,123_CT_4,21630,61,63
17341,minimum_down,63,123_CT_4,21631,61,63
17346,minimum_up,64,123_CT_4,21636,62,64
17347,minimum_down,64,123_CT_4,21637,62,64
17352,minimum_up,65,123_CT_4,21642,63,65
17353,minimum_down,65,123_CT_4,21643,63,65
17358,minimum_up,66,123_CT_4,21648,64,66
17359,minimum_down,66,123_CT_4,21649,64,66
17364,minimum_up,67,123_CT_4,21654,65,67
17365,minimum_down,67,123_CT_4,21655,65,67
17370,minimum_up,68,123_CT_4,21660,66,68
17371,minimum_down,68,123_CT_4,21661,66,68
17376,minimum_up,69,123_CT_4,21666,67,69
17377,minimum_down,69,123_CT_4,21667,67,69
17382,minimum_up,70,123_CT_4,21672,68,70
17383,minimum_down,70,123_CT_4,21673,68,70
17388,minimum_up,71,123_CT_4,21678,69,71
17389,minimum_down,71,123_CT_4,21679,69,71
17394,minimum_up,72,123_CT_4,21684,70,72
17395,minimum_down,72,123_CT_4,21685,70,72
17400,minimum_up,73,123_CT_4,21690,71,73
17401,minimum_down,73,123_CT_4,21691,71,73
17406,minimum_up,74,123_CT_4,21696,72,74
17407,minimum_down,74,123_CT_4,21697,72,74
17412,minimum_up,75,123_CT_4,21702,73,75
17413,minimum_down,75,123_CT_4,21703,73,75
17418,minimum_up,76,123_CT_4,21708,74,76
17419,minimum_down,76,123_CT_4,21709,74,76
17424,minimum_up,77,123_CT_4,21714,75,77
17425,minimum_down,77,123_CT_4,21715,75,77
17430,minimum_up,78,123_CT_4,21720,76,78
17431,minimum_down,78,123_CT_4,21721,76,78
17436,minimum_up,79,123_CT_4,21726,77,79
17437,minimum_down,79,123_CT_4,21727,77,79
17442,minimum_up,80,123_CT_4,21732,78,80
17443,minimum_down,80,123_CT_4,21733,78,80
17448,minimum_up,81,123_CT_4,21738,79,81
17449,minimum_down,81,123_CT_4,21739,79,81
17454,minimum_up,82,123_CT_4,21744,80,82
17455,minimum_down,82,123_CT_4,21745,80,82
17460,minimum_up,83,123_CT_4,21750,81,83
17461,minimum_down,83,123_CT_4,21751,81,83
17466,minimum_up,84,123_CT_4,21756,82,84
17467,minimum_down,84,123_CT_4,21757,82,84
17472,minimum_up,85,123_CT_4,21762,83,85
17473,minimum_down,85,123_CT_4,21763,83,85
17478,minimum_up,86,123_CT_4,21768,84,86
17479,minimum_down,86,123_CT_4,21769,84,86
17484,minimum_up,87,123_CT_4,21774,85,87
17485,minimum_down,87,123_CT_4,21775,85,87
17490,minimum_up,88,123_CT_4,21780,86,88
17491,minimum_down,88,123_CT_4,21781,86,88
17496,minimum_up,89,123_CT_4,21786,87,89
17497,minimum_down,89,123_CT_4,21787,87,89
17502,minimum_up,90,123_CT_4,21792,88,90
17503,minimum_down,90,123_CT_4,21793,88,90
17508,minimum_up,91,123_CT_4,21798,89,91
17509,minimum_down,91,123_CT_4,21799,89,91
17514,minimum_up,92,123_CT_4,21804,90,92
17515,minimum_down,92,123_CT_4,21805,90,92
17520,minimum_up,93,123_CT_4,21810,91,93
17521,minimum_down,93,123_CT_4,21811,91,93
17526,minimum_up,94,123_CT_4,21816,92,94
17527,minimum_down,94,123_CT_4,21817,92,94
17532,minimum_up,95,123_CT_4,21822,93,95
17533,minimum_down,95,123_CT_4,21823,93,95
17538,minimum_up,96,123_CT_4,21828,94,96
17539,minimum_down,96,123_CT_4,21829,94,96
17544,minimum_up,97,123_CT_4,21834,95,97
17545,minimum_down,97,123_CT_4,21835,95,97
17550,minimum_up,98,123_CT_4,21840,96,98
17551,minimum_down,98,123_CT_4,21841,96,98
17556,minimum_up,99,123_CT_4,21846,97,99
17557,minimum_down,99,123_CT_4,21847,97,99
17562,minimum_up,100,123_CT_4,21852,98,100
17563,minimum_down,100,123_CT_4,21853,98,100
17568,minimum_up,101,123_CT_4,21858,99,101
17569,minimum_down,101,123_CT_4,21859,99,101
17574,minimum_up,102,123_CT_4,21864,100,102
17575,minimum_down,102,123_CT_4,21865,100,102
17580,minimum_up,103,123_CT_4,21870,101,103
17581,minimum_down,103,123_CT_4,21871,101,103
17586,minimum_up,104,123_CT_4,21876,102,104
17587,minimum_down,104,123_CT_4,21877,102,104
17592,minimum_up,105,123_CT_4,21882,103,105
17593,minimum_down,105,123_CT_4,21883,103,105
17598,minimum_up,106,123_CT_4,21888,104,106
17599,minimum_down,106,123_CT_4,21889,104,106
17604,minimum_up,107,123_CT_4,21894,105,107
17605,minimum_down,107,123_CT_4,21895,105,107
17610,minimum_up,108,123_CT_4,21900,106,108
17611,minimum_down,108,123_CT_4,21901,106,108
17616,minimum_up,109,123_CT_4,21906,107,109
17617,minimum_down,109,123_CT_4,21907,107,109
17622,minimum_up,110,123_CT_4,21912,108,110
17623,minimum_down,110,123_CT_4,21913,108,110
17628,minimum_up,111,123_CT_4,21918,109,111
17629,minimum_down,111,123_CT_4,21919,109,111
17634,minimum_up,112,123_CT_4,21924,110,112
17635,minimum_down,112,123_CT_4,21925,110,112
17640,minimum_up,113,123_CT_4,21930,111,113
17641,minimum_down,113,123_CT_4,21931,111,113
17646,minimum_up,114,123_CT_4,21936,112,114
17647,minimum_down,114,123_CT_4,21937,112,114
17652,minimum_up,115,123_CT_4,21942,113,115
17653,minimum_down,115,123_CT_4,21943,113,115
17658,minimum_up,116,123_CT_4,21948,114,116
17659,minimum_down,116,123_CT_4,21949,114,116
17664,minimum_up,117,123_CT_4,21954,115,117
17665,minimum_down,117,123_CT_4,21955,115,117
17670,minimum_up,118,123_CT_4,21960,116,118
17671,minimum_down,118,123_CT_4,21961,116,118
17676,minimum_up,119,123_CT_4,21966,117,119
17677,minimum_down,119,123_CT_4,21967,117,119
18072,minimum_up,50,123_CT_5,22556,48,50
18073,minimum_down,50,123_CT_5,22557,48,50
18078,minimum_up,51,123_CT_5,22562,49,51
18079,minimum_down,51,123_CT_5,22563,49,51
18084,minimum_up,52,123_CT_5,22568,50,52
18085,minimum_down,52,123_CT_5,22569,50,52
18090,minimum_up,53,123_CT_5,22574,51,53
18091,minimum_down,53,123_CT_5,22575,51,53
18096,minimum_up,54,123_CT_5,22580,52,54
18097,minimum_down,54,123_CT_5,22581,52,54
18102,minimum_up,55,123_CT_5,22586,53,55
18103,minimum_down,55,123_CT_5,22587,53,55
18108,minimum_up,56,123_CT_5,22592,54,56
18109,minimum_down,56,123_CT_5,22593,54,56
18114,minimum_up,57,123_CT_5,22598,55,57
18115,minimum_down,57,123_CT_5,22599,55,57
18120,minimum_up,58,123_CT_5,22604,56,58
18121,minimum_down,58,123_CT_5,22605,56,58
18126,minimum_up,59,123_CT_5,22610,57,59
18127,minimum_down,59,123_CT_5,22611,57,59
18132,minimum_up,60,123_CT_5,22616,58,60
18133,minimum_down,60,123_CT_5,22617,58,60
18138,minimum_up,61,123_CT_5,22622,59,61
18139,minimum_down,61,123_CT_5,22623,59,61
18144,minimum_up,62,123_CT_5,22628,60,62
18145,minimum_down,62,123_CT_5,22629,60,62
18150,minimum_up,63,123_CT_5,22634,61,63
18151,minimum_down,63,123_CT_5,22635,61,63
18156,minimum_up,64,123_CT_5,22640,62,64
18157,minimum_down,64,123_CT_5,22641,62,64
18162,minimum_up,65,123_CT_5,22646,63,65
18163,minimum_down,65,123_CT_5,22647,63,65
18168,minimum_up,66,123_CT_5,22652,64,66
18169,minimum_down,66,123_CT_5,22653,64,66
18174,minimum_up,67,123_CT_5,22658,65,67
18175,minimum_down,67,123_CT_5,22659,65,67
18180,minimum_up,68,123_CT_5,22664,66,68
18181,minimum_down,68,123_CT_5,22665,66,68
18186,minimum_up,69,123_CT_5,22670,67,69
18187,minimum_down,69,123_CT_5,22671,67,69
18192,minimum_up,70,123_CT_5,22676,68,70
18193,minimum_down,70,123_CT_5,22677,68,70
18198,minimum_up,71,123_CT_5,22682,69,71
18199,minimum_down,71,123_CT_5,22683,69,71
18204,minimum_up,72,123_CT_5,22688,70,72
18205,minimum_down,72,123_CT_5,22689,70,72
18210,minimum_up,73,123_CT_5,22694,71,73
18211,minimum_down,73,123_CT_5,22695,71,73
18216,minimum_up,74,123_CT_5,22700,72,74
18217,minimum_down,74,123_CT_5,22701,72,74
18222,minimum_up,75,123_CT_5,22706,73,75
18223,minimum_down,75,123_CT_5,22707,73,75
18228,minimum_up,76,123_CT_5,22712,74,76
18229,minimum_down,76,123_CT_5,22713,74,76
18234,minimum_up,77,123_CT_5,22718,75,77
18235,minimum_down,77,123_CT_5,22719,75,77
18240,minimum_up,78,123_CT_5,22724,76,78
18241,minimum_down,78,123_CT_5,22725,76,78
18246,minimum_up,79,123_CT_5,22730,77,79
18247,minimum_down,79,123_CT_5,22731,77,79
18252,minimum_up,80,123_CT_5,22736,78,80
18253,minimum_down,80,123_CT_5,22737,78,80
18258,minimum_up,81,123_CT_5,22742,79,81
18259,minimum_down,81,123_CT_5,22743,79,81
18264,minimum_up,82,123_CT_5,22748,80,82
18265,minimum_down,82,123_CT_5,22749,80,82
18270,minimum_up,83,123_CT_5,22754,81,83
18271,minimum_down,83,123_CT_5,22755,81,83
18276,minimum_up,84,123_CT_5,22760,82,84
18277,minimum_down,84,123_CT_5,22761,82,84
18282,minimum_up,85,123_CT_5,22766,83,85
18283,minimum_down,85,123_CT_5,22767,83,85
18288,minimum_up,86,123_CT_5,22772,84,86
18289,minimum_down,86,123_CT_5,22773,84,86
18294,minimum_up,87,123_CT_5,22778,85,87
18295,minimum_down,87,123_CT_5,22779,85,87
18300,minimum_up,88,123_CT_5,22784,86,88
18301,minimum_down,88,123_CT_5,22785,86,88
18306,minimum_up,89,123_CT_5,22790,87,89
18307,minimum_down,89,123_CT_5,22791,87,89
18312,minimum_up,90,123_CT_5,22796,88,90
18313,minimum_down,90,123_CT_5,22797,88,90
18318,minimum_up,91,123_CT_5,22802,89,91
18319,minimum_down,91,123_CT_5,22803,89,91
18324,minimum_up,92,123_CT_5,22808,90,92
18325,minimum_down,92,123_CT_5,22809,90,92
18330,minimum_up,93,123_CT_5,22814,91,93
18331,minimum_down,93,123_CT_5,22815,91,93
18336,minimum_up,94,123_CT_5,22820,92,94
18337,minimum_down,94,123_CT_5,22821,92,94
18342,minimum_up,95,123_CT_5,22826,93,95
18343,minimum_down,95,123_CT_5,22827,93,95
18348,minimum_up,96,123_CT_5,22832,94,96
18349,minimum_down,96,123_CT_5,22833,94,96
18354,minimum_up,97,123_CT_5,22838,95,97
18355,minimum_down,97,123_CT_5,22839,95,97
18360,minimum_up,98,123_CT_5,22844,96,98
18361,minimum_down,98,123_CT_5,22845,96,98
18366,minimum_up,99,123_CT_5,22850,97,99
18367,minimum_down,99,123_CT_5,22851,97,99
18372,minimum_up,100,123_CT_5,22856,98,100
18373,minimum_down,100,123_CT_5,22857,98,100
18378,minimum_up,101,123_CT_5,22862,99,101
18379,minimum_down,101,123_CT_5,22863,99,101
18384,minimum_up,102,123_CT_5,22868,100,102
18385,minimum_down,102,123_CT_5,22869,100,102
18390,minimum_up,103,123_CT_5,22874,101,103
18391,minimum_down,103,123_CT_5,22875,101,103
18396,minimum_up,104,123_CT_5,22880,102,104
18397,minimum_down,104,123_CT_5,22881,102,104
18402,minimum_up,105,123_CT_5,22886,103,105
18403,minimum_down,105,123_CT_5,22887,103,105
18408,minimum_up,106,123_CT_5,22892,104,106
18409,minimum_down,106,123_CT_5,22893,104,106
18414,minimum_up,107,123_CT_5,22898,105,107
18415,minimum_down,107,123_CT_5,22899,105,107
18420,minimum_up,108,123_CT_5,22904,106,108
18421,minimum_down,108,123_CT_5,22905,106,108
18426,minimum_up,109,123_CT_5,22910,107,109
18427,minimum_down,109,123_CT_5,22911,107,109
18432,minimum_up,110,123_CT_5,22916,108,110
18433,minimum_down,110,123_CT_5,22917,108,110
18438,minimum_up,111,123_CT_5,22922,109,111
18439,minimum_down,111,123_CT_5,22923,109,111
18444,minimum_up,112,123_CT_5,22928,110,112
18445,minimum_down,112,123_CT_5,22929,110,112
18450,minimum_up,113,123_CT_5,22934,111,113
18451,minimum_down,113,123_CT_5,22935,111,113
18456,minimum_up,114,123_CT_5,22940,112,114
18457,minimum_down,114,123_CT_5,22941,112,114
18462,minimum_up,115,123_CT_5,22946,113,115
18463,minimum_down,115,123_CT_5,22947,113,115
18468,minimum_up,116,123_CT_5,22952,114,116
18469,minimum_down,116,123_CT_5,22953,114,116
18474,minimum_up,117,123_CT_5,22958,115,117
18475,minimum_down,117,123_CT_5,22959,115,117
18480,minimum_up,118,123_CT_5,22964,116,118
18481,minimum_down,118,123_CT_5,22965,116,118
18486,minimum_up,119,123_CT_5,22970,117,119
18487,minimum_down,119,123_CT_5,22971,117,119
18966,minimum_up,71,121_NUCLEAR_1,23686,48,71
18971,minimum_up,72,121_NUCLEAR_1,23692,49,72
18976,minimum_up,73,121_NUCLEAR_1,23698,50,73
18981,minimum_up,74,121_NUCLEAR_1,23704,51,74
18986,minimum_up,75,121_NUCLEAR_1,23710,52,75
18991,minimum_up,76,121_NUCLEAR_1,23716,53,76
18996,minimum_up,77,121_NUCLEAR_1,23722,54,77
19001,minimum_up,78,121_NUCLEAR_1,23728,55,78
19006,minimum_up,79,121_NUCLEAR_1,23734,56,79
19011,minimum_up,80,121_NUCLEAR_1,23740,57,80
19016,minimum_up,81,121_NUCLEAR_1,23746,58,81
19021,minimum_up,82,121_NUCLEAR_1,23752,59,82
19026,minimum_up,83,121_NUCLEAR_1,23758,60,83
19031,minimum_up,84,121_NUCLEAR_1,23764,61,84
19036,minimum_up,85,121_NUCLEAR_1,23770,62,85
19041,minimum_up,86,121_NUCLEAR_1,23776,63,86
19046,minimum_up,87,121_NUCLEAR_1,23782,64,87
19051,minimum_up,88,121_NUCLEAR_1,23788,65,88
19056,minimum_up,89,121_NUCLEAR_1,23794,66,89
19061,minimum_up,90,121_NUCLEAR_1,23800,67,90
19066,minimum_up,91,121_NUCLEAR_1,23806,68,91
19071,minimum_up,92,121_NUCLEAR_1,23812,69,92
19076,minimum_up,93,121_NUCLEAR_1,23818,70,93
19081,minimum_up,94,121_NUCLEAR_1,23824,71,94
19086,minimum_up,95,121_NUCLEAR_1,23830,72,95
19087,minimum_down,95,121_NUCLEAR_1,23831,48,95
19092,minimum_up,96,121_NUCLEAR_1,23836,73,96
19093,minimum_down,96,121_NUCLEAR_1,23837,49,96
19098,minimum_up,97,121_NUCLEAR_1,23842,74,97
19099,minimum_down,97,121_NUCLEAR_1,23843,50,97
19104,minimum_up,98,121_NUCLEAR_1,23848,75,98
19105,minimum_down,98,121_NUCLEAR_1,23849,51,98
19110,minimum_up,99,121_NUCLEAR_1,23854,76,99
19111,minimum_down,99,121_NUCLEAR_1,23855,52,99
19116,minimum_up,100,121_NUCLEAR_1,23860,77,100
19117,minimum_down,100,121_NUCLEAR_1,23861,53,100
19122,minimum_up,101,121_NUCLEAR_1,23866,78,101
19123,minimum_down,101,121_NUCLEAR_1,23867,54,101
19128,minimum_up,102,121_NUCLEAR_1,23872,79,102
19129,minimum_down,102,121_NUCLEAR_1,23873,55,102
19134,minimum_up,103,121_NUCLEAR_1,23878,80,103
19135,minimum_down,103,121_NUCLEAR_1,23879,56,103
19140,minimum_up,104,121_NUCLEAR_1,23884,81,104
19141,minimum_down,104,121_NUCLEAR_1,23885,57,104
19146,minimum_up,105,121_NUCLEAR_1,23890,82,105
19147,minimum_down,105,121_NUCLEAR_1,23891,58,105
19152,minimum_up,106,121_NUCLEAR_1,23896,83,106
19153,minimum_down,106,121_NUCLEAR_1,23897,59,106
19158,minimum_up,107,121_NUCLEAR_1,23902,84,107
19159,minimum_down,107,121_NUCLEAR_1,23903,60,107
19164,minimum_up,108,121_NUCLEAR_1,23908,85,108
19165,minimum_down,108,121_NUCLEAR_1,23909,61,108
19170,minimum_up,109,121_NUCLEAR_1,23914,86,109
19171,minimum_down,109,121_NUCLEAR_1,23915,62,109
19176,minimum_up,110,121_NUCLEAR_1,23920,87,110
19177,minimum_down,110,121_NUCLEAR_1,23921,63,110
19182,minimum_up,111,121_NUCLEAR_1,23926,88,111
19183,minimum_down,111,121_NUCLEAR_1,23927,64,111
19188,minimum_up,112,121_NUCLEAR_1,23932,89,112
19189,minimum_down,112,121_NUCLEAR_1,23933,65,112
19194,minimum_up,113,121_NUCLEAR_1,23938,90,113
19195,minimum_down,113,121_NUCLEAR_1,23939,66,113
19200,minimum_up,114,121_NUCLEAR_1,23944,91,114
19201,minimum_down,114,121_NUCLEAR_1,23945,67,114
19206,minimum_up,115,121_NUCLEAR_1,23950,92,115
19207,minimum_down,115,121_NUCLEAR_1,23951,68,115
19212,minimum_up,116,121_NUCLEAR_1,23956,93,116
19213,minimum_down,116,121_NUCLEAR_1,23957,69,116
19218,minimum_up,117,121_NUCLEAR_1,23962,94,117
19219,minimum_down,117,121_NUCLEAR_1,23963,70,117
19224,minimum_up,118,121_NUCLEAR_1,23968,95,118
19225,minimum_down,118,121_NUCLEAR_1,23969,71,118
19230,minimum_up,119,121_NUCLEAR_1,23974,96,119
19231,minimum_down,119,121_NUCLEAR_1,23975,72,119
