source_settlement_period,target_settlement_period,L1_cost_MW,pair_id,january_day,july_day,primary_ordinal_pair,universe
1,3,20203.814,2023-01-04__2023-07-05,2023-01-04,2023-07-05,True,pairwise_common
2,10,16689.79,2023-01-04__2023-07-05,2023-01-04,2023-07-05,True,pairwise_common
3,1,21155.242,2023-01-04__2023-07-05,2023-01-04,2023-07-05,True,pairwise_common
4,5,18642.866,2023-01-04__2023-07-05,2023-01-04,2023-07-05,True,pairwise_common
5,4,19364.956,2023-01-04__2023-07-05,2023-01-04,2023-07-05,True,pairwise_common
6,11,16205.788,2023-01-04__2023-07-05,2023-01-04,2023-07-05,True,pairwise_common
7,9,16551.31,2023-01-04__2023-07-05,2023-01-04,2023-07-05,True,pairwise_common
8,12,15588.962,2023-01-04__2023-07-05,2023-01-04,2023-07-05,True,pairwise_common
9,8,16709.068,2023-01-04__2023-07-05,2023-01-04,2023-07-05,True,pairwise_common
10,6,17803.416,2023-01-04__2023-07-05,2023-01-04,2023-07-05,True,pairwise_common
11,7,17798.684,2023-01-04__2023-07-05,2023-01-04,2023-07-05,True,pairwise_common
12,14,16051.082,2023-01-04__2023-07-05,2023-01-04,2023-07-05,True,pairwise_common
13,13,15729.984,2023-01-04__2023-07-05,2023-01-04,2023-07-05,True,pairwise_common
14,15,16443.068,2023-01-04__2023-07-05,2023-01-04,2023-07-05,True,pairwise_common
15,37,20914.734,2023-01-04__2023-07-05,2023-01-04,2023-07-05,True,pairwise_common
16,36,20632.322,2023-01-04__2023-07-05,2023-01-04,2023-07-05,True,pairwise_common
17,35,19561.474,2023-01-04__2023-07-05,2023-01-04,2023-07-05,True,pairwise_common
18,25,16074.912,2023-01-04__2023-07-05,2023-01-04,2023-07-05,True,pairwise_common
19,18,14774.768,2023-01-04__2023-07-05,2023-01-04,2023-07-05,True,pairwise_common
20,29,15967.512,2023-01-04__2023-07-05,2023-01-04,2023-07-05,True,pairwise_common
21,20,14411.148,2023-01-04__2023-07-05,2023-01-04,2023-07-05,True,pairwise_common
22,28,14586.938,2023-01-04__2023-07-05,2023-01-04,2023-07-05,True,pairwise_common
23,34,16529.72,2023-01-04__2023-07-05,2023-01-04,2023-07-05,True,pairwise_common
24,30,15936.068,2023-01-04__2023-07-05,2023-01-04,2023-07-05,True,pairwise_common
25,23,15199.79,2023-01-04__2023-07-05,2023-01-04,2023-07-05,True,pairwise_common
26,22,14869.37,2023-01-04__2023-07-05,2023-01-04,2023-07-05,True,pairwise_common
27,33,15813.582,2023-01-04__2023-07-05,2023-01-04,2023-07-05,True,pairwise_common
28,38,19220.106,2023-01-04__2023-07-05,2023-01-04,2023-07-05,True,pairwise_common
29,19,14259.89,2023-01-04__2023-07-05,2023-01-04,2023-07-05,True,pairwise_common
30,16,14153.568,2023-01-04__2023-07-05,2023-01-04,2023-07-05,True,pairwise_common
31,32,15843.342,2023-01-04__2023-07-05,2023-01-04,2023-07-05,True,pairwise_common
32,21,15064.604,2023-01-04__2023-07-05,2023-01-04,2023-07-05,True,pairwise_common
33,42,19968.472,2023-01-04__2023-07-05,2023-01-04,2023-07-05,True,pairwise_common
34,46,20807.836,2023-01-04__2023-07-05,2023-01-04,2023-07-05,True,pairwise_common
35,43,20148.136,2023-01-04__2023-07-05,2023-01-04,2023-07-05,True,pairwise_common
36,41,20392.954,2023-01-04__2023-07-05,2023-01-04,2023-07-05,True,pairwise_common
37,45,20627.086,2023-01-04__2023-07-05,2023-01-04,2023-07-05,True,pairwise_common
38,44,19693.536,2023-01-04__2023-07-05,2023-01-04,2023-07-05,True,pairwise_common
39,40,19988.172,2023-01-04__2023-07-05,2023-01-04,2023-07-05,True,pairwise_common
40,47,19470.054,2023-01-04__2023-07-05,2023-01-04,2023-07-05,True,pairwise_common
41,48,18156.172,2023-01-04__2023-07-05,2023-01-04,2023-07-05,True,pairwise_common
42,39,18940.562,2023-01-04__2023-07-05,2023-01-04,2023-07-05,True,pairwise_common
43,2,16299.856,2023-01-04__2023-07-05,2023-01-04,2023-07-05,True,pairwise_common
44,17,13479.644,2023-01-04__2023-07-05,2023-01-04,2023-07-05,True,pairwise_common
45,31,13642.096,2023-01-04__2023-07-05,2023-01-04,2023-07-05,True,pairwise_common
46,27,13058.232,2023-01-04__2023-07-05,2023-01-04,2023-07-05,True,pairwise_common
47,24,15467.412,2023-01-04__2023-07-05,2023-01-04,2023-07-05,True,pairwise_common
48,26,15289.268,2023-01-04__2023-07-05,2023-01-04,2023-07-05,True,pairwise_common
1,3,20203.814,2023-01-04__2023-07-05,2023-01-04,2023-07-05,True,fixed_common_eight_days
2,10,16689.79,2023-01-04__2023-07-05,2023-01-04,2023-07-05,True,fixed_common_eight_days
3,1,21155.242,2023-01-04__2023-07-05,2023-01-04,2023-07-05,True,fixed_common_eight_days
4,5,18642.866,2023-01-04__2023-07-05,2023-01-04,2023-07-05,True,fixed_common_eight_days
5,4,19364.956,2023-01-04__2023-07-05,2023-01-04,2023-07-05,True,fixed_common_eight_days
6,11,16205.788,2023-01-04__2023-07-05,2023-01-04,2023-07-05,True,fixed_common_eight_days
7,9,16551.31,2023-01-04__2023-07-05,2023-01-04,2023-07-05,True,fixed_common_eight_days
8,12,15588.962,2023-01-04__2023-07-05,2023-01-04,2023-07-05,True,fixed_common_eight_days
9,8,16709.068,2023-01-04__2023-07-05,2023-01-04,2023-07-05,True,fixed_common_eight_days
10,6,17803.416,2023-01-04__2023-07-05,2023-01-04,2023-07-05,True,fixed_common_eight_days
11,7,17798.684,2023-01-04__2023-07-05,2023-01-04,2023-07-05,True,fixed_common_eight_days
12,14,16051.082,2023-01-04__2023-07-05,2023-01-04,2023-07-05,True,fixed_common_eight_days
13,13,15729.984,2023-01-04__2023-07-05,2023-01-04,2023-07-05,True,fixed_common_eight_days
14,15,16443.068,2023-01-04__2023-07-05,2023-01-04,2023-07-05,True,fixed_common_eight_days
15,37,20914.734,2023-01-04__2023-07-05,2023-01-04,2023-07-05,True,fixed_common_eight_days
16,36,20632.322,2023-01-04__2023-07-05,2023-01-04,2023-07-05,True,fixed_common_eight_days
17,35,19561.474,2023-01-04__2023-07-05,2023-01-04,2023-07-05,True,fixed_common_eight_days
18,25,16074.912,2023-01-04__2023-07-05,2023-01-04,2023-07-05,True,fixed_common_eight_days
19,18,14774.768,2023-01-04__2023-07-05,2023-01-04,2023-07-05,True,fixed_common_eight_days
20,29,15967.512,2023-01-04__2023-07-05,2023-01-04,2023-07-05,True,fixed_common_eight_days
21,20,14411.148,2023-01-04__2023-07-05,2023-01-04,2023-07-05,True,fixed_common_eight_days
22,28,14586.938,2023-01-04__2023-07-05,2023-01-04,2023-07-05,True,fixed_common_eight_days
23,34,16529.72,2023-01-04__2023-07-05,2023-01-04,2023-07-05,True,fixed_common_eight_days
24,30,15936.068,2023-01-04__2023-07-05,2023-01-04,2023-07-05,True,fixed_common_eight_days
25,23,15199.79,2023-01-04__2023-07-05,2023-01-04,2023-07-05,True,fixed_common_eight_days
26,22,14869.37,2023-01-04__2023-07-05,2023-01-04,2023-07-05,True,fixed_common_eight_days
27,33,15813.582,2023-01-04__2023-07-05,2023-01-04,2023-07-05,True,fixed_common_eight_days
28,38,19220.106,2023-01-04__2023-07-05,2023-01-04,2023-07-05,True,fixed_common_eight_days
29,19,14259.89,2023-01-04__2023-07-05,2023-01-04,2023-07-05,True,fixed_common_eight_days
30,16,14153.568,2023-01-04__2023-07-05,2023-01-04,2023-07-05,True,fixed_common_eight_days
31,32,15843.342,2023-01-04__2023-07-05,2023-01-04,2023-07-05,True,fixed_common_eight_days
32,21,15064.604,2023-01-04__2023-07-05,2023-01-04,2023-07-05,True,fixed_common_eight_days
33,42,19968.472,2023-01-04__2023-07-05,2023-01-04,2023-07-05,True,fixed_common_eight_days
34,46,20807.836,2023-01-04__2023-07-05,2023-01-04,2023-07-05,True,fixed_common_eight_days
35,43,20148.136,2023-01-04__2023-07-05,2023-01-04,2023-07-05,True,fixed_common_eight_days
36,41,20392.954,2023-01-04__2023-07-05,2023-01-04,2023-07-05,True,fixed_common_eight_days
37,45,20627.086,2023-01-04__2023-07-05,2023-01-04,2023-07-05,True,fixed_common_eight_days
38,44,19693.536,2023-01-04__2023-07-05,2023-01-04,2023-07-05,True,fixed_common_eight_days
39,40,19988.172,2023-01-04__2023-07-05,2023-01-04,2023-07-05,True,fixed_common_eight_days
40,47,19470.054,2023-01-04__2023-07-05,2023-01-04,2023-07-05,True,fixed_common_eight_days
41,48,18156.172,2023-01-04__2023-07-05,2023-01-04,2023-07-05,True,fixed_common_eight_days
42,39,18940.562,2023-01-04__2023-07-05,2023-01-04,2023-07-05,True,fixed_common_eight_days
43,2,16299.856,2023-01-04__2023-07-05,2023-01-04,2023-07-05,True,fixed_common_eight_days
44,17,13479.644,2023-01-04__2023-07-05,2023-01-04,2023-07-05,True,fixed_common_eight_days
45,31,13642.096,2023-01-04__2023-07-05,2023-01-04,2023-07-05,True,fixed_common_eight_days
46,27,13058.232,2023-01-04__2023-07-05,2023-01-04,2023-07-05,True,fixed_common_eight_days
47,24,15467.412,2023-01-04__2023-07-05,2023-01-04,2023-07-05,True,fixed_common_eight_days
48,26,15289.268,2023-01-04__2023-07-05,2023-01-04,2023-07-05,True,fixed_common_eight_days
1,46,21997.164,2023-01-04__2023-07-12,2023-01-04,2023-07-12,False,pairwise_common
2,47,22224.482,2023-01-04__2023-07-12,2023-01-04,2023-07-12,False,pairwise_common
3,48,22161.686,2023-01-04__2023-07-12,2023-01-04,2023-07-12,False,pairwise_common
4,45,24191.72,2023-01-04__2023-07-12,2023-01-04,2023-07-12,False,pairwise_common
5,44,24671.866,2023-01-04__2023-07-12,2023-01-04,2023-07-12,False,pairwise_common
6,42,24559.1,2023-01-04__2023-07-12,2023-01-04,2023-07-12,False,pairwise_common
7,32,18775.502,2023-01-04__2023-07-12,2023-01-04,2023-07-12,False,pairwise_common
8,30,17572.578,2023-01-04__2023-07-12,2023-01-04,2023-07-12,False,pairwise_common
9,31,17844.002,2023-01-04__2023-07-12,2023-01-04,2023-07-12,False,pairwise_common
10,29,17595.006,2023-01-04__2023-07-12,2023-01-04,2023-07-12,False,pairwise_common
11,9,19540.576,2023-01-04__2023-07-12,2023-01-04,2023-07-12,False,pairwise_common
12,28,18218.504,2023-01-04__2023-07-12,2023-01-04,2023-07-12,False,pairwise_common
13,36,20278.786,2023-01-04__2023-07-12,2023-01-04,2023-07-12,False,pairwise_common
14,35,19670.06,2023-01-04__2023-07-12,2023-01-04,2023-07-12,False,pairwise_common
15,37,20427.716,2023-01-04__2023-07-12,2023-01-04,2023-07-12,False,pairwise_common
16,38,21128.454,2023-01-04__2023-07-12,2023-01-04,2023-07-12,False,pairwise_common
17,2,18242.224,2023-01-04__2023-07-12,2023-01-04,2023-07-12,False,pairwise_common
18,11,16764.722,2023-01-04__2023-07-12,2023-01-04,2023-07-12,False,pairwise_common
19,8,16101.68,2023-01-04__2023-07-12,2023-01-04,2023-07-12,False,pairwise_common
20,27,15507.228,2023-01-04__2023-07-12,2023-01-04,2023-07-12,False,pairwise_common
21,7,15884.852,2023-01-04__2023-07-12,2023-01-04,2023-07-12,False,pairwise_common
22,3,17709.194,2023-01-04__2023-07-12,2023-01-04,2023-07-12,False,pairwise_common
23,5,16993.752,2023-01-04__2023-07-12,2023-01-04,2023-07-12,False,pairwise_common
24,6,16529.958,2023-01-04__2023-07-12,2023-01-04,2023-07-12,False,pairwise_common
25,33,15593.028,2023-01-04__2023-07-12,2023-01-04,2023-07-12,False,pairwise_common
26,34,17051.622,2023-01-04__2023-07-12,2023-01-04,2023-07-12,False,pairwise_common
27,1,16370.402,2023-01-04__2023-07-12,2023-01-04,2023-07-12,False,pairwise_common
28,4,17236.706,2023-01-04__2023-07-12,2023-01-04,2023-07-12,False,pairwise_common
29,23,16043.048,2023-01-04__2023-07-12,2023-01-04,2023-07-12,False,pairwise_common
30,24,15276.7,2023-01-04__2023-07-12,2023-01-04,2023-07-12,False,pairwise_common
31,26,14776.902,2023-01-04__2023-07-12,2023-01-04,2023-07-12,False,pairwise_common
32,25,15415.052,2023-01-04__2023-07-12,2023-01-04,2023-07-12,False,pairwise_common
33,39,19888.862,2023-01-04__2023-07-12,2023-01-04,2023-07-12,False,pairwise_common
34,19,17874.488,2023-01-04__2023-07-12,2023-01-04,2023-07-12,False,pairwise_common
35,43,20865.886,2023-01-04__2023-07-12,2023-01-04,2023-07-12,False,pairwise_common
36,41,20130.196,2023-01-04__2023-07-12,2023-01-04,2023-07-12,False,pairwise_common
37,14,17488.602,2023-01-04__2023-07-12,2023-01-04,2023-07-12,False,pairwise_common
38,13,17410.71,2023-01-04__2023-07-12,2023-01-04,2023-07-12,False,pairwise_common
39,40,19075.87,2023-01-04__2023-07-12,2023-01-04,2023-07-12,False,pairwise_common
40,16,17430.686,2023-01-04__2023-07-12,2023-01-04,2023-07-12,False,pairwise_common
41,18,16639.744,2023-01-04__2023-07-12,2023-01-04,2023-07-12,False,pairwise_common
42,17,16551.652,2023-01-04__2023-07-12,2023-01-04,2023-07-12,False,pairwise_common
43,15,16736.558,2023-01-04__2023-07-12,2023-01-04,2023-07-12,False,pairwise_common
44,12,15750.46,2023-01-04__2023-07-12,2023-01-04,2023-07-12,False,pairwise_common
45,21,16750.298,2023-01-04__2023-07-12,2023-01-04,2023-07-12,False,pairwise_common
46,22,16582.904,2023-01-04__2023-07-12,2023-01-04,2023-07-12,False,pairwise_common
47,20,17895.348,2023-01-04__2023-07-12,2023-01-04,2023-07-12,False,pairwise_common
48,10,16566.914,2023-01-04__2023-07-12,2023-01-04,2023-07-12,False,pairwise_common
1,46,21997.164,2023-01-04__2023-07-12,2023-01-04,2023-07-12,False,fixed_common_eight_days
2,47,22224.482,2023-01-04__2023-07-12,2023-01-04,2023-07-12,False,fixed_common_eight_days
3,48,22161.686,2023-01-04__2023-07-12,2023-01-04,2023-07-12,False,fixed_common_eight_days
4,45,24191.72,2023-01-04__2023-07-12,2023-01-04,2023-07-12,False,fixed_common_eight_days
5,44,24671.866,2023-01-04__2023-07-12,2023-01-04,2023-07-12,False,fixed_common_eight_days
6,42,24559.1,2023-01-04__2023-07-12,2023-01-04,2023-07-12,False,fixed_common_eight_days
7,32,18775.502,2023-01-04__2023-07-12,2023-01-04,2023-07-12,False,fixed_common_eight_days
8,30,17572.578,2023-01-04__2023-07-12,2023-01-04,2023-07-12,False,fixed_common_eight_days
9,31,17844.002,2023-01-04__2023-07-12,2023-01-04,2023-07-12,False,fixed_common_eight_days
10,29,17595.006,2023-01-04__2023-07-12,2023-01-04,2023-07-12,False,fixed_common_eight_days
11,9,19540.576,2023-01-04__2023-07-12,2023-01-04,2023-07-12,False,fixed_common_eight_days
12,28,18218.504,2023-01-04__2023-07-12,2023-01-04,2023-07-12,False,fixed_common_eight_days
13,36,20278.786,2023-01-04__2023-07-12,2023-01-04,2023-07-12,False,fixed_common_eight_days
14,35,19670.06,2023-01-04__2023-07-12,2023-01-04,2023-07-12,False,fixed_common_eight_days
15,37,20427.716,2023-01-04__2023-07-12,2023-01-04,2023-07-12,False,fixed_common_eight_days
16,38,21128.454,2023-01-04__2023-07-12,2023-01-04,2023-07-12,False,fixed_common_eight_days
17,2,18242.224,2023-01-04__2023-07-12,2023-01-04,2023-07-12,False,fixed_common_eight_days
18,11,16764.722,2023-01-04__2023-07-12,2023-01-04,2023-07-12,False,fixed_common_eight_days
19,8,16101.68,2023-01-04__2023-07-12,2023-01-04,2023-07-12,False,fixed_common_eight_days
20,27,15507.228,2023-01-04__2023-07-12,2023-01-04,2023-07-12,False,fixed_common_eight_days
21,7,15884.852,2023-01-04__2023-07-12,2023-01-04,2023-07-12,False,fixed_common_eight_days
22,3,17709.194,2023-01-04__2023-07-12,2023-01-04,2023-07-12,False,fixed_common_eight_days
23,5,16993.752,2023-01-04__2023-07-12,2023-01-04,2023-07-12,False,fixed_common_eight_days
24,6,16529.958,2023-01-04__2023-07-12,2023-01-04,2023-07-12,False,fixed_common_eight_days
25,33,15593.028,2023-01-04__2023-07-12,2023-01-04,2023-07-12,False,fixed_common_eight_days
26,34,17051.622,2023-01-04__2023-07-12,2023-01-04,2023-07-12,False,fixed_common_eight_days
27,1,16370.402,2023-01-04__2023-07-12,2023-01-04,2023-07-12,False,fixed_common_eight_days
28,4,17236.706,2023-01-04__2023-07-12,2023-01-04,2023-07-12,False,fixed_common_eight_days
29,23,16043.048,2023-01-04__2023-07-12,2023-01-04,2023-07-12,False,fixed_common_eight_days
30,24,15276.7,2023-01-04__2023-07-12,2023-01-04,2023-07-12,False,fixed_common_eight_days
31,26,14776.902,2023-01-04__2023-07-12,2023-01-04,2023-07-12,False,fixed_common_eight_days
32,25,15415.052,2023-01-04__2023-07-12,2023-01-04,2023-07-12,False,fixed_common_eight_days
33,39,19888.862,2023-01-04__2023-07-12,2023-01-04,2023-07-12,False,fixed_common_eight_days
34,19,17874.488,2023-01-04__2023-07-12,2023-01-04,2023-07-12,False,fixed_common_eight_days
35,43,20865.886,2023-01-04__2023-07-12,2023-01-04,2023-07-12,False,fixed_common_eight_days
36,41,20130.196,2023-01-04__2023-07-12,2023-01-04,2023-07-12,False,fixed_common_eight_days
37,14,17488.602,2023-01-04__2023-07-12,2023-01-04,2023-07-12,False,fixed_common_eight_days
38,13,17410.71,2023-01-04__2023-07-12,2023-01-04,2023-07-12,False,fixed_common_eight_days
39,40,19075.87,2023-01-04__2023-07-12,2023-01-04,2023-07-12,False,fixed_common_eight_days
40,16,17430.686,2023-01-04__2023-07-12,2023-01-04,2023-07-12,False,fixed_common_eight_days
41,18,16639.744,2023-01-04__2023-07-12,2023-01-04,2023-07-12,False,fixed_common_eight_days
42,17,16551.652,2023-01-04__2023-07-12,2023-01-04,2023-07-12,False,fixed_common_eight_days
43,15,16736.558,2023-01-04__2023-07-12,2023-01-04,2023-07-12,False,fixed_common_eight_days
44,12,15750.46,2023-01-04__2023-07-12,2023-01-04,2023-07-12,False,fixed_common_eight_days
45,21,16750.298,2023-01-04__2023-07-12,2023-01-04,2023-07-12,False,fixed_common_eight_days
46,22,16582.904,2023-01-04__2023-07-12,2023-01-04,2023-07-12,False,fixed_common_eight_days
47,20,17895.348,2023-01-04__2023-07-12,2023-01-04,2023-07-12,False,fixed_common_eight_days
48,10,16566.914,2023-01-04__2023-07-12,2023-01-04,2023-07-12,False,fixed_common_eight_days
1,1,27788.348,2023-01-04__2023-07-19,2023-01-04,2023-07-19,False,pairwise_common
2,4,27721.656,2023-01-04__2023-07-19,2023-01-04,2023-07-19,False,pairwise_common
3,2,27324.02,2023-01-04__2023-07-19,2023-01-04,2023-07-19,False,pairwise_common
4,5,27772.998,2023-01-04__2023-07-19,2023-01-04,2023-07-19,False,pairwise_common
5,3,27310.3,2023-01-04__2023-07-19,2023-01-04,2023-07-19,False,pairwise_common
6,7,27930.846,2023-01-04__2023-07-19,2023-01-04,2023-07-19,False,pairwise_common
7,6,27922.782,2023-01-04__2023-07-19,2023-01-04,2023-07-19,False,pairwise_common
8,8,27552.392,2023-01-04__2023-07-19,2023-01-04,2023-07-19,False,pairwise_common
9,9,27993.564,2023-01-04__2023-07-19,2023-01-04,2023-07-19,False,pairwise_common
10,11,28361.84,2023-01-04__2023-07-19,2023-01-04,2023-07-19,False,pairwise_common
11,12,28327.754,2023-01-04__2023-07-19,2023-01-04,2023-07-19,False,pairwise_common
12,26,27509.368,2023-01-04__2023-07-19,2023-01-04,2023-07-19,False,pairwise_common
13,25,27322.638,2023-01-04__2023-07-19,2023-01-04,2023-07-19,False,pairwise_common
14,27,26142.116,2023-01-04__2023-07-19,2023-01-04,2023-07-19,False,pairwise_common
15,23,26564.844,2023-01-04__2023-07-19,2023-01-04,2023-07-19,False,pairwise_common
16,30,25218.024,2023-01-04__2023-07-19,2023-01-04,2023-07-19,False,pairwise_common
17,28,24630.152,2023-01-04__2023-07-19,2023-01-04,2023-07-19,False,pairwise_common
18,29,25245.648,2023-01-04__2023-07-19,2023-01-04,2023-07-19,False,pairwise_common
19,36,25826.366,2023-01-04__2023-07-19,2023-01-04,2023-07-19,False,pairwise_common
20,24,25695.842,2023-01-04__2023-07-19,2023-01-04,2023-07-19,False,pairwise_common
21,46,25769.958,2023-01-04__2023-07-19,2023-01-04,2023-07-19,False,pairwise_common
22,37,25827.554,2023-01-04__2023-07-19,2023-01-04,2023-07-19,False,pairwise_common
23,48,25005.286,2023-01-04__2023-07-19,2023-01-04,2023-07-19,False,pairwise_common
24,33,25119.284,2023-01-04__2023-07-19,2023-01-04,2023-07-19,False,pairwise_common
25,34,24982.474,2023-01-04__2023-07-19,2023-01-04,2023-07-19,False,pairwise_common
26,35,24545.588,2023-01-04__2023-07-19,2023-01-04,2023-07-19,False,pairwise_common
27,32,24511.88,2023-01-04__2023-07-19,2023-01-04,2023-07-19,False,pairwise_common
28,38,25204.348,2023-01-04__2023-07-19,2023-01-04,2023-07-19,False,pairwise_common
29,47,25233.266,2023-01-04__2023-07-19,2023-01-04,2023-07-19,False,pairwise_common
30,43,25124.866,2023-01-04__2023-07-19,2023-01-04,2023-07-19,False,pairwise_common
31,31,25019.274,2023-01-04__2023-07-19,2023-01-04,2023-07-19,False,pairwise_common
32,44,25219.452,2023-01-04__2023-07-19,2023-01-04,2023-07-19,False,pairwise_common
33,45,25168.616,2023-01-04__2023-07-19,2023-01-04,2023-07-19,False,pairwise_common
34,42,25181.284,2023-01-04__2023-07-19,2023-01-04,2023-07-19,False,pairwise_common
35,40,24871.322,2023-01-04__2023-07-19,2023-01-04,2023-07-19,False,pairwise_common
36,39,24447.136,2023-01-04__2023-07-19,2023-01-04,2023-07-19,False,pairwise_common
37,16,24752,2023-01-04__2023-07-19,2023-01-04,2023-07-19,False,pairwise_common
38,41,25025.836,2023-01-04__2023-07-19,2023-01-04,2023-07-19,False,pairwise_common
39,14,23953.306,2023-01-04__2023-07-19,2023-01-04,2023-07-19,False,pairwise_common
40,19,24325.766,2023-01-04__2023-07-19,2023-01-04,2023-07-19,False,pairwise_common
41,15,24129.27,2023-01-04__2023-07-19,2023-01-04,2023-07-19,False,pairwise_common
42,13,23905.492,2023-01-04__2023-07-19,2023-01-04,2023-07-19,False,pairwise_common
43,18,24623.59,2023-01-04__2023-07-19,2023-01-04,2023-07-19,False,pairwise_common
44,22,24117.992,2023-01-04__2023-07-19,2023-01-04,2023-07-19,False,pairwise_common
45,21,24475.514,2023-01-04__2023-07-19,2023-01-04,2023-07-19,False,pairwise_common
46,17,25178,2023-01-04__2023-07-19,2023-01-04,2023-07-19,False,pairwise_common
47,20,25584.894,2023-01-04__2023-07-19,2023-01-04,2023-07-19,False,pairwise_common
48,10,25835.716,2023-01-04__2023-07-19,2023-01-04,2023-07-19,False,pairwise_common
1,1,27788.348,2023-01-04__2023-07-19,2023-01-04,2023-07-19,False,fixed_common_eight_days
2,4,27721.656,2023-01-04__2023-07-19,2023-01-04,2023-07-19,False,fixed_common_eight_days
3,2,27324.02,2023-01-04__2023-07-19,2023-01-04,2023-07-19,False,fixed_common_eight_days
4,5,27772.998,2023-01-04__2023-07-19,2023-01-04,2023-07-19,False,fixed_common_eight_days
5,3,27310.3,2023-01-04__2023-07-19,2023-01-04,2023-07-19,False,fixed_common_eight_days
6,7,27930.846,2023-01-04__2023-07-19,2023-01-04,2023-07-19,False,fixed_common_eight_days
7,6,27922.782,2023-01-04__2023-07-19,2023-01-04,2023-07-19,False,fixed_common_eight_days
8,8,27552.392,2023-01-04__2023-07-19,2023-01-04,2023-07-19,False,fixed_common_eight_days
9,9,27993.564,2023-01-04__2023-07-19,2023-01-04,2023-07-19,False,fixed_common_eight_days
10,11,28361.84,2023-01-04__2023-07-19,2023-01-04,2023-07-19,False,fixed_common_eight_days
11,12,28327.754,2023-01-04__2023-07-19,2023-01-04,2023-07-19,False,fixed_common_eight_days
12,26,27509.368,2023-01-04__2023-07-19,2023-01-04,2023-07-19,False,fixed_common_eight_days
13,25,27322.638,2023-01-04__2023-07-19,2023-01-04,2023-07-19,False,fixed_common_eight_days
14,27,26142.116,2023-01-04__2023-07-19,2023-01-04,2023-07-19,False,fixed_common_eight_days
15,23,26564.844,2023-01-04__2023-07-19,2023-01-04,2023-07-19,False,fixed_common_eight_days
16,30,25218.024,2023-01-04__2023-07-19,2023-01-04,2023-07-19,False,fixed_common_eight_days
17,28,24630.152,2023-01-04__2023-07-19,2023-01-04,2023-07-19,False,fixed_common_eight_days
18,29,25245.648,2023-01-04__2023-07-19,2023-01-04,2023-07-19,False,fixed_common_eight_days
19,36,25826.366,2023-01-04__2023-07-19,2023-01-04,2023-07-19,False,fixed_common_eight_days
20,24,25695.842,2023-01-04__2023-07-19,2023-01-04,2023-07-19,False,fixed_common_eight_days
21,46,25769.958,2023-01-04__2023-07-19,2023-01-04,2023-07-19,False,fixed_common_eight_days
22,37,25827.554,2023-01-04__2023-07-19,2023-01-04,2023-07-19,False,fixed_common_eight_days
23,48,25005.286,2023-01-04__2023-07-19,2023-01-04,2023-07-19,False,fixed_common_eight_days
24,33,25119.284,2023-01-04__2023-07-19,2023-01-04,2023-07-19,False,fixed_common_eight_days
25,34,24982.474,2023-01-04__2023-07-19,2023-01-04,2023-07-19,False,fixed_common_eight_days
26,35,24545.588,2023-01-04__2023-07-19,2023-01-04,2023-07-19,False,fixed_common_eight_days
27,32,24511.88,2023-01-04__2023-07-19,2023-01-04,2023-07-19,False,fixed_common_eight_days
28,38,25204.348,2023-01-04__2023-07-19,2023-01-04,2023-07-19,False,fixed_common_eight_days
29,47,25233.266,2023-01-04__2023-07-19,2023-01-04,2023-07-19,False,fixed_common_eight_days
30,43,25124.866,2023-01-04__2023-07-19,2023-01-04,2023-07-19,False,fixed_common_eight_days
31,31,25019.274,2023-01-04__2023-07-19,2023-01-04,2023-07-19,False,fixed_common_eight_days
32,44,25219.452,2023-01-04__2023-07-19,2023-01-04,2023-07-19,False,fixed_common_eight_days
33,45,25168.616,2023-01-04__2023-07-19,2023-01-04,2023-07-19,False,fixed_common_eight_days
34,42,25181.284,2023-01-04__2023-07-19,2023-01-04,2023-07-19,False,fixed_common_eight_days
35,40,24871.322,2023-01-04__2023-07-19,2023-01-04,2023-07-19,False,fixed_common_eight_days
36,39,24447.136,2023-01-04__2023-07-19,2023-01-04,2023-07-19,False,fixed_common_eight_days
37,16,24752,2023-01-04__2023-07-19,2023-01-04,2023-07-19,False,fixed_common_eight_days
38,41,25025.836,2023-01-04__2023-07-19,2023-01-04,2023-07-19,False,fixed_common_eight_days
39,14,23953.306,2023-01-04__2023-07-19,2023-01-04,2023-07-19,False,fixed_common_eight_days
40,19,24325.766,2023-01-04__2023-07-19,2023-01-04,2023-07-19,False,fixed_common_eight_days
41,15,24129.27,2023-01-04__2023-07-19,2023-01-04,2023-07-19,False,fixed_common_eight_days
42,13,23905.492,2023-01-04__2023-07-19,2023-01-04,2023-07-19,False,fixed_common_eight_days
43,18,24623.59,2023-01-04__2023-07-19,2023-01-04,2023-07-19,False,fixed_common_eight_days
44,22,24117.992,2023-01-04__2023-07-19,2023-01-04,2023-07-19,False,fixed_common_eight_days
45,21,24475.514,2023-01-04__2023-07-19,2023-01-04,2023-07-19,False,fixed_common_eight_days
46,17,25178,2023-01-04__2023-07-19,2023-01-04,2023-07-19,False,fixed_common_eight_days
47,20,25584.894,2023-01-04__2023-07-19,2023-01-04,2023-07-19,False,fixed_common_eight_days
48,10,25835.716,2023-01-04__2023-07-19,2023-01-04,2023-07-19,False,fixed_common_eight_days
1,27,25397.896,2023-01-04__2023-07-26,2023-01-04,2023-07-26,False,pairwise_common
2,12,25382.59,2023-01-04__2023-07-26,2023-01-04,2023-07-26,False,pairwise_common
3,34,24769.316,2023-01-04__2023-07-26,2023-01-04,2023-07-26,False,pairwise_common
4,23,27003.868,2023-01-04__2023-07-26,2023-01-04,2023-07-26,False,pairwise_common
5,33,24835.752,2023-01-04__2023-07-26,2023-01-04,2023-07-26,False,pairwise_common
6,28,25491.766,2023-01-04__2023-07-26,2023-01-04,2023-07-26,False,pairwise_common
7,35,24344.228,2023-01-04__2023-07-26,2023-01-04,2023-07-26,False,pairwise_common
8,8,24922.158,2023-01-04__2023-07-26,2023-01-04,2023-07-26,False,pairwise_common
9,7,25575.724,2023-01-04__2023-07-26,2023-01-04,2023-07-26,False,pairwise_common
10,6,25700.69,2023-01-04__2023-07-26,2023-01-04,2023-07-26,False,pairwise_common
11,48,20042.726,2023-01-04__2023-07-26,2023-01-04,2023-07-26,False,pairwise_common
12,32,26429.084,2023-01-04__2023-07-26,2023-01-04,2023-07-26,False,pairwise_common
13,29,25449.964,2023-01-04__2023-07-26,2023-01-04,2023-07-26,False,pairwise_common
14,46,21715.816,2023-01-04__2023-07-26,2023-01-04,2023-07-26,False,pairwise_common
15,30,24242.866,2023-01-04__2023-07-26,2023-01-04,2023-07-26,False,pairwise_common
16,31,24117.7,2023-01-04__2023-07-26,2023-01-04,2023-07-26,False,pairwise_common
17,9,24002.254,2023-01-04__2023-07-26,2023-01-04,2023-07-26,False,pairwise_common
18,5,23679.23,2023-01-04__2023-07-26,2023-01-04,2023-07-26,False,pairwise_common
19,10,24085.638,2023-01-04__2023-07-26,2023-01-04,2023-07-26,False,pairwise_common
20,37,20777.87,2023-01-04__2023-07-26,2023-01-04,2023-07-26,False,pairwise_common
21,11,23165.158,2023-01-04__2023-07-26,2023-01-04,2023-07-26,False,pairwise_common
22,36,21144.712,2023-01-04__2023-07-26,2023-01-04,2023-07-26,False,pairwise_common
23,40,19067.806,2023-01-04__2023-07-26,2023-01-04,2023-07-26,False,pairwise_common
24,42,19061.042,2023-01-04__2023-07-26,2023-01-04,2023-07-26,False,pairwise_common
25,41,18967.314,2023-01-04__2023-07-26,2023-01-04,2023-07-26,False,pairwise_common
26,44,20293.948,2023-01-04__2023-07-26,2023-01-04,2023-07-26,False,pairwise_common
27,45,20170.334,2023-01-04__2023-07-26,2023-01-04,2023-07-26,False,pairwise_common
28,3,23759.002,2023-01-04__2023-07-26,2023-01-04,2023-07-26,False,pairwise_common
29,2,24462.552,2023-01-04__2023-07-26,2023-01-04,2023-07-26,False,pairwise_common
30,24,24509.944,2023-01-04__2023-07-26,2023-01-04,2023-07-26,False,pairwise_common
31,26,23887.406,2023-01-04__2023-07-26,2023-01-04,2023-07-26,False,pairwise_common
32,25,24288.358,2023-01-04__2023-07-26,2023-01-04,2023-07-26,False,pairwise_common
33,15,24157.91,2023-01-04__2023-07-26,2023-01-04,2023-07-26,False,pairwise_common
34,13,23887.562,2023-01-04__2023-07-26,2023-01-04,2023-07-26,False,pairwise_common
35,38,20245.65,2023-01-04__2023-07-26,2023-01-04,2023-07-26,False,pairwise_common
36,39,20829.7,2023-01-04__2023-07-26,2023-01-04,2023-07-26,False,pairwise_common
37,16,25231.266,2023-01-04__2023-07-26,2023-01-04,2023-07-26,False,pairwise_common
38,14,24770.21,2023-01-04__2023-07-26,2023-01-04,2023-07-26,False,pairwise_common
39,43,19842.392,2023-01-04__2023-07-26,2023-01-04,2023-07-26,False,pairwise_common
40,18,25231.498,2023-01-04__2023-07-26,2023-01-04,2023-07-26,False,pairwise_common
41,17,24662.78,2023-01-04__2023-07-26,2023-01-04,2023-07-26,False,pairwise_common
42,1,24629.716,2023-01-04__2023-07-26,2023-01-04,2023-07-26,False,pairwise_common
43,47,17204.812,2023-01-04__2023-07-26,2023-01-04,2023-07-26,False,pairwise_common
44,22,25195.312,2023-01-04__2023-07-26,2023-01-04,2023-07-26,False,pairwise_common
45,21,25139.258,2023-01-04__2023-07-26,2023-01-04,2023-07-26,False,pairwise_common
46,19,25346.356,2023-01-04__2023-07-26,2023-01-04,2023-07-26,False,pairwise_common
47,20,25545.692,2023-01-04__2023-07-26,2023-01-04,2023-07-26,False,pairwise_common
48,4,24338.456,2023-01-04__2023-07-26,2023-01-04,2023-07-26,False,pairwise_common
1,27,25397.896,2023-01-04__2023-07-26,2023-01-04,2023-07-26,False,fixed_common_eight_days
2,12,25382.59,2023-01-04__2023-07-26,2023-01-04,2023-07-26,False,fixed_common_eight_days
3,34,24769.316,2023-01-04__2023-07-26,2023-01-04,2023-07-26,False,fixed_common_eight_days
4,23,27003.868,2023-01-04__2023-07-26,2023-01-04,2023-07-26,False,fixed_common_eight_days
5,33,24835.752,2023-01-04__2023-07-26,2023-01-04,2023-07-26,False,fixed_common_eight_days
6,28,25491.766,2023-01-04__2023-07-26,2023-01-04,2023-07-26,False,fixed_common_eight_days
7,35,24344.228,2023-01-04__2023-07-26,2023-01-04,2023-07-26,False,fixed_common_eight_days
8,8,24922.158,2023-01-04__2023-07-26,2023-01-04,2023-07-26,False,fixed_common_eight_days
9,7,25575.724,2023-01-04__2023-07-26,2023-01-04,2023-07-26,False,fixed_common_eight_days
10,6,25700.69,2023-01-04__2023-07-26,2023-01-04,2023-07-26,False,fixed_common_eight_days
11,48,20042.726,2023-01-04__2023-07-26,2023-01-04,2023-07-26,False,fixed_common_eight_days
12,32,26429.084,2023-01-04__2023-07-26,2023-01-04,2023-07-26,False,fixed_common_eight_days
13,29,25449.964,2023-01-04__2023-07-26,2023-01-04,2023-07-26,False,fixed_common_eight_days
14,46,21715.816,2023-01-04__2023-07-26,2023-01-04,2023-07-26,False,fixed_common_eight_days
15,30,24242.866,2023-01-04__2023-07-26,2023-01-04,2023-07-26,False,fixed_common_eight_days
16,31,24117.7,2023-01-04__2023-07-26,2023-01-04,2023-07-26,False,fixed_common_eight_days
17,9,24002.254,2023-01-04__2023-07-26,2023-01-04,2023-07-26,False,fixed_common_eight_days
18,5,23679.23,2023-01-04__2023-07-26,2023-01-04,2023-07-26,False,fixed_common_eight_days
19,10,24085.638,2023-01-04__2023-07-26,2023-01-04,2023-07-26,False,fixed_common_eight_days
20,37,20777.87,2023-01-04__2023-07-26,2023-01-04,2023-07-26,False,fixed_common_eight_days
21,11,23165.158,2023-01-04__2023-07-26,2023-01-04,2023-07-26,False,fixed_common_eight_days
22,36,21144.712,2023-01-04__2023-07-26,2023-01-04,2023-07-26,False,fixed_common_eight_days
23,40,19067.806,2023-01-04__2023-07-26,2023-01-04,2023-07-26,False,fixed_common_eight_days
24,42,19061.042,2023-01-04__2023-07-26,2023-01-04,2023-07-26,False,fixed_common_eight_days
25,41,18967.314,2023-01-04__2023-07-26,2023-01-04,2023-07-26,False,fixed_common_eight_days
26,44,20293.948,2023-01-04__2023-07-26,2023-01-04,2023-07-26,False,fixed_common_eight_days
27,45,20170.334,2023-01-04__2023-07-26,2023-01-04,2023-07-26,False,fixed_common_eight_days
28,3,23759.002,2023-01-04__2023-07-26,2023-01-04,2023-07-26,False,fixed_common_eight_days
29,2,24462.552,2023-01-04__2023-07-26,2023-01-04,2023-07-26,False,fixed_common_eight_days
30,24,24509.944,2023-01-04__2023-07-26,2023-01-04,2023-07-26,False,fixed_common_eight_days
31,26,23887.406,2023-01-04__2023-07-26,2023-01-04,2023-07-26,False,fixed_common_eight_days
32,25,24288.358,2023-01-04__2023-07-26,2023-01-04,2023-07-26,False,fixed_common_eight_days
33,15,24157.91,2023-01-04__2023-07-26,2023-01-04,2023-07-26,False,fixed_common_eight_days
34,13,23887.562,2023-01-04__2023-07-26,2023-01-04,2023-07-26,False,fixed_common_eight_days
35,38,20245.65,2023-01-04__2023-07-26,2023-01-04,2023-07-26,False,fixed_common_eight_days
36,39,20829.7,2023-01-04__2023-07-26,2023-01-04,2023-07-26,False,fixed_common_eight_days
37,16,25231.266,2023-01-04__2023-07-26,2023-01-04,2023-07-26,False,fixed_common_eight_days
38,14,24770.21,2023-01-04__2023-07-26,2023-01-04,2023-07-26,False,fixed_common_eight_days
39,43,19842.392,2023-01-04__2023-07-26,2023-01-04,2023-07-26,False,fixed_common_eight_days
40,18,25231.498,2023-01-04__2023-07-26,2023-01-04,2023-07-26,False,fixed_common_eight_days
41,17,24662.78,2023-01-04__2023-07-26,2023-01-04,2023-07-26,False,fixed_common_eight_days
42,1,24629.716,2023-01-04__2023-07-26,2023-01-04,2023-07-26,False,fixed_common_eight_days
43,47,17204.812,2023-01-04__2023-07-26,2023-01-04,2023-07-26,False,fixed_common_eight_days
44,22,25195.312,2023-01-04__2023-07-26,2023-01-04,2023-07-26,False,fixed_common_eight_days
45,21,25139.258,2023-01-04__2023-07-26,2023-01-04,2023-07-26,False,fixed_common_eight_days
46,19,25346.356,2023-01-04__2023-07-26,2023-01-04,2023-07-26,False,fixed_common_eight_days
47,20,25545.692,2023-01-04__2023-07-26,2023-01-04,2023-07-26,False,fixed_common_eight_days
48,4,24338.456,2023-01-04__2023-07-26,2023-01-04,2023-07-26,False,fixed_common_eight_days
1,13,17987.03,2023-01-11__2023-07-05,2023-01-11,2023-07-05,False,pairwise_common
2,45,24847.516,2023-01-11__2023-07-05,2023-01-11,2023-07-05,False,pairwise_common
3,16,18587.166,2023-01-11__2023-07-05,2023-01-11,2023-07-05,False,pairwise_common
4,6,19674.14,2023-01-11__2023-07-05,2023-01-11,2023-07-05,False,pairwise_common
5,10,18991.998,2023-01-11__2023-07-05,2023-01-11,2023-07-05,False,pairwise_common
6,5,20619.074,2023-01-11__2023-07-05,2023-01-11,2023-07-05,False,pairwise_common
7,8,18854.084,2023-01-11__2023-07-05,2023-01-11,2023-07-05,False,pairwise_common
8,12,17887.194,2023-01-11__2023-07-05,2023-01-11,2023-07-05,False,pairwise_common
9,14,17571.332,2023-01-11__2023-07-05,2023-01-11,2023-07-05,False,pairwise_common
10,36,22706.28,2023-01-11__2023-07-05,2023-01-11,2023-07-05,False,pairwise_common
11,48,21011.864,2023-01-11__2023-07-05,2023-01-11,2023-07-05,False,pairwise_common
12,46,22273.982,2023-01-11__2023-07-05,2023-01-11,2023-07-05,False,pairwise_common
13,47,21427.03,2023-01-11__2023-07-05,2023-01-11,2023-07-05,False,pairwise_common
14,44,21798.122,2023-01-11__2023-07-05,2023-01-11,2023-07-05,False,pairwise_common
15,25,16725.77,2023-01-11__2023-07-05,2023-01-11,2023-07-05,False,pairwise_common
16,17,16884.74,2023-01-11__2023-07-05,2023-01-11,2023-07-05,False,pairwise_common
17,15,16428.678,2023-01-11__2023-07-05,2023-01-11,2023-07-05,False,pairwise_common
18,2,19724.826,2023-01-11__2023-07-05,2023-01-11,2023-07-05,False,pairwise_common
19,3,19667.136,2023-01-11__2023-07-05,2023-01-11,2023-07-05,False,pairwise_common
20,18,16296,2023-01-11__2023-07-05,2023-01-11,2023-07-05,False,pairwise_common
21,31,16588.802,2023-01-11__2023-07-05,2023-01-11,2023-07-05,False,pairwise_common
22,32,17069.988,2023-01-11__2023-07-05,2023-01-11,2023-07-05,False,pairwise_common
23,19,16376,2023-01-11__2023-07-05,2023-01-11,2023-07-05,False,pairwise_common
24,34,19455.11,2023-01-11__2023-07-05,2023-01-11,2023-07-05,False,pairwise_common
25,23,17351.604,2023-01-11__2023-07-05,2023-01-11,2023-07-05,False,pairwise_common
26,28,17273.066,2023-01-11__2023-07-05,2023-01-11,2023-07-05,False,pairwise_common
27,22,17880.716,2023-01-11__2023-07-05,2023-01-11,2023-07-05,False,pairwise_common
28,20,17366.34,2023-01-11__2023-07-05,2023-01-11,2023-07-05,False,pairwise_common
29,21,17567.42,2023-01-11__2023-07-05,2023-01-11,2023-07-05,False,pairwise_common
30,26,17951.44,2023-01-11__2023-07-05,2023-01-11,2023-07-05,False,pairwise_common
31,33,20896.736,2023-01-11__2023-07-05,2023-01-11,2023-07-05,False,pairwise_common
32,35,23310.772,2023-01-11__2023-07-05,2023-01-11,2023-07-05,False,pairwise_common
33,30,21063.844,2023-01-11__2023-07-05,2023-01-11,2023-07-05,False,pairwise_common
34,41,25573.738,2023-01-11__2023-07-05,2023-01-11,2023-07-05,False,pairwise_common
35,42,25161.51,2023-01-11__2023-07-05,2023-01-11,2023-07-05,False,pairwise_common
36,43,25417.546,2023-01-11__2023-07-05,2023-01-11,2023-07-05,False,pairwise_common
37,39,25611.244,2023-01-11__2023-07-05,2023-01-11,2023-07-05,False,pairwise_common
38,29,20816.152,2023-01-11__2023-07-05,2023-01-11,2023-07-05,False,pairwise_common
39,38,24704.93,2023-01-11__2023-07-05,2023-01-11,2023-07-05,False,pairwise_common
40,37,23757.212,2023-01-11__2023-07-05,2023-01-11,2023-07-05,False,pairwise_common
41,40,23551.666,2023-01-11__2023-07-05,2023-01-11,2023-07-05,False,pairwise_common
42,24,17836.768,2023-01-11__2023-07-05,2023-01-11,2023-07-05,False,pairwise_common
43,27,15554.996,2023-01-11__2023-07-05,2023-01-11,2023-07-05,False,pairwise_common
44,4,17640.15,2023-01-11__2023-07-05,2023-01-11,2023-07-05,False,pairwise_common
45,7,16384.792,2023-01-11__2023-07-05,2023-01-11,2023-07-05,False,pairwise_common
46,1,18161.298,2023-01-11__2023-07-05,2023-01-11,2023-07-05,False,pairwise_common
47,9,15776.688,2023-01-11__2023-07-05,2023-01-11,2023-07-05,False,pairwise_common
48,11,14436.194,2023-01-11__2023-07-05,2023-01-11,2023-07-05,False,pairwise_common
1,13,17986.08,2023-01-11__2023-07-05,2023-01-11,2023-07-05,False,fixed_common_eight_days
2,45,24847.376,2023-01-11__2023-07-05,2023-01-11,2023-07-05,False,fixed_common_eight_days
3,16,18575.746,2023-01-11__2023-07-05,2023-01-11,2023-07-05,False,fixed_common_eight_days
4,6,19674.03,2023-01-11__2023-07-05,2023-01-11,2023-07-05,False,fixed_common_eight_days
5,10,18991.888,2023-01-11__2023-07-05,2023-01-11,2023-07-05,False,fixed_common_eight_days
6,5,20618.974,2023-01-11__2023-07-05,2023-01-11,2023-07-05,False,fixed_common_eight_days
7,8,18853.974,2023-01-11__2023-07-05,2023-01-11,2023-07-05,False,fixed_common_eight_days
8,12,17887.044,2023-01-11__2023-07-05,2023-01-11,2023-07-05,False,fixed_common_eight_days
9,14,17568.672,2023-01-11__2023-07-05,2023-01-11,2023-07-05,False,fixed_common_eight_days
10,36,22687.53,2023-01-11__2023-07-05,2023-01-11,2023-07-05,False,fixed_common_eight_days
11,48,21011.764,2023-01-11__2023-07-05,2023-01-11,2023-07-05,False,fixed_common_eight_days
12,46,22273.892,2023-01-11__2023-07-05,2023-01-11,2023-07-05,False,fixed_common_eight_days
13,47,21426.93,2023-01-11__2023-07-05,2023-01-11,2023-07-05,False,fixed_common_eight_days
14,44,21797.952,2023-01-11__2023-07-05,2023-01-11,2023-07-05,False,fixed_common_eight_days
15,25,16701.37,2023-01-11__2023-07-05,2023-01-11,2023-07-05,False,fixed_common_eight_days
16,17,16879.6,2023-01-11__2023-07-05,2023-01-11,2023-07-05,False,fixed_common_eight_days
17,15,16424.028,2023-01-11__2023-07-05,2023-01-11,2023-07-05,False,fixed_common_eight_days
18,2,19724.726,2023-01-11__2023-07-05,2023-01-11,2023-07-05,False,fixed_common_eight_days
19,3,19667.026,2023-01-11__2023-07-05,2023-01-11,2023-07-05,False,fixed_common_eight_days
20,18,16295.88,2023-01-11__2023-07-05,2023-01-11,2023-07-05,False,fixed_common_eight_days
21,31,16545.282,2023-01-11__2023-07-05,2023-01-11,2023-07-05,False,fixed_common_eight_days
22,32,17029.998,2023-01-11__2023-07-05,2023-01-11,2023-07-05,False,fixed_common_eight_days
23,19,16375.91,2023-01-11__2023-07-05,2023-01-11,2023-07-05,False,fixed_common_eight_days
24,34,19414.84,2023-01-11__2023-07-05,2023-01-11,2023-07-05,False,fixed_common_eight_days
25,23,17313.484,2023-01-11__2023-07-05,2023-01-11,2023-07-05,False,fixed_common_eight_days
26,28,17256.306,2023-01-11__2023-07-05,2023-01-11,2023-07-05,False,fixed_common_eight_days
27,22,17845.606,2023-01-11__2023-07-05,2023-01-11,2023-07-05,False,fixed_common_eight_days
28,20,17350.22,2023-01-11__2023-07-05,2023-01-11,2023-07-05,False,fixed_common_eight_days
29,21,17523.83,2023-01-11__2023-07-05,2023-01-11,2023-07-05,False,fixed_common_eight_days
30,26,17932.66,2023-01-11__2023-07-05,2023-01-11,2023-07-05,False,fixed_common_eight_days
31,33,20864.276,2023-01-11__2023-07-05,2023-01-11,2023-07-05,False,fixed_common_eight_days
32,35,23289.362,2023-01-11__2023-07-05,2023-01-11,2023-07-05,False,fixed_common_eight_days
33,30,21032.954,2023-01-11__2023-07-05,2023-01-11,2023-07-05,False,fixed_common_eight_days
34,41,25571.698,2023-01-11__2023-07-05,2023-01-11,2023-07-05,False,fixed_common_eight_days
35,42,25160.73,2023-01-11__2023-07-05,2023-01-11,2023-07-05,False,fixed_common_eight_days
36,43,25417.506,2023-01-11__2023-07-05,2023-01-11,2023-07-05,False,fixed_common_eight_days
37,39,25601.444,2023-01-11__2023-07-05,2023-01-11,2023-07-05,False,fixed_common_eight_days
38,29,20802.182,2023-01-11__2023-07-05,2023-01-11,2023-07-05,False,fixed_common_eight_days
39,38,24688.45,2023-01-11__2023-07-05,2023-01-11,2023-07-05,False,fixed_common_eight_days
40,37,23734.372,2023-01-11__2023-07-05,2023-01-11,2023-07-05,False,fixed_common_eight_days
41,40,23546.816,2023-01-11__2023-07-05,2023-01-11,2023-07-05,False,fixed_common_eight_days
42,24,17812.448,2023-01-11__2023-07-05,2023-01-11,2023-07-05,False,fixed_common_eight_days
43,27,15549.086,2023-01-11__2023-07-05,2023-01-11,2023-07-05,False,fixed_common_eight_days
44,4,17640.05,2023-01-11__2023-07-05,2023-01-11,2023-07-05,False,fixed_common_eight_days
45,7,16384.692,2023-01-11__2023-07-05,2023-01-11,2023-07-05,False,fixed_common_eight_days
46,1,18161.198,2023-01-11__2023-07-05,2023-01-11,2023-07-05,False,fixed_common_eight_days
47,9,15776.588,2023-01-11__2023-07-05,2023-01-11,2023-07-05,False,fixed_common_eight_days
48,11,14436.084,2023-01-11__2023-07-05,2023-01-11,2023-07-05,False,fixed_common_eight_days
1,38,24125.466,2023-01-11__2023-07-12,2023-01-11,2023-07-12,True,pairwise_common
2,37,23270.158,2023-01-11__2023-07-12,2023-01-11,2023-07-12,True,pairwise_common
3,4,23178.852,2023-01-11__2023-07-12,2023-01-11,2023-07-12,True,pairwise_common
4,7,21508.432,2023-01-11__2023-07-12,2023-01-11,2023-07-12,True,pairwise_common
5,6,21962.72,2023-01-11__2023-07-12,2023-01-11,2023-07-12,True,pairwise_common
6,36,22627.376,2023-01-11__2023-07-12,2023-01-11,2023-07-12,True,pairwise_common
7,8,21225.074,2023-01-11__2023-07-12,2023-01-11,2023-07-12,True,pairwise_common
8,9,21427.574,2023-01-11__2023-07-12,2023-01-11,2023-07-12,True,pairwise_common
9,5,22400.942,2023-01-11__2023-07-12,2023-01-11,2023-07-12,True,pairwise_common
10,10,20381.768,2023-01-11__2023-07-12,2023-01-11,2023-07-12,True,pairwise_common
11,44,24378.048,2023-01-11__2023-07-12,2023-01-11,2023-07-12,True,pairwise_common
12,21,20379.526,2023-01-11__2023-07-12,2023-01-11,2023-07-12,True,pairwise_common
13,20,20416.06,2023-01-11__2023-07-12,2023-01-11,2023-07-12,True,pairwise_common
14,42,22862.448,2023-01-11__2023-07-12,2023-01-11,2023-07-12,True,pairwise_common
15,22,19050.72,2023-01-11__2023-07-12,2023-01-11,2023-07-12,True,pairwise_common
16,23,18407.84,2023-01-11__2023-07-12,2023-01-11,2023-07-12,True,pairwise_common
17,35,19675.972,2023-01-11__2023-07-12,2023-01-11,2023-07-12,True,pairwise_common
18,24,18550.816,2023-01-11__2023-07-12,2023-01-11,2023-07-12,True,pairwise_common
19,34,20008.248,2023-01-11__2023-07-12,2023-01-11,2023-07-12,True,pairwise_common
20,31,17228.86,2023-01-11__2023-07-12,2023-01-11,2023-07-12,True,pairwise_common
21,30,16663.606,2023-01-11__2023-07-12,2023-01-11,2023-07-12,True,pairwise_common
22,29,17007.004,2023-01-11__2023-07-12,2023-01-11,2023-07-12,True,pairwise_common
23,13,20643.882,2023-01-11__2023-07-12,2023-01-11,2023-07-12,True,pairwise_common
24,11,19328.354,2023-01-11__2023-07-12,2023-01-11,2023-07-12,True,pairwise_common
25,1,20674.364,2023-01-11__2023-07-12,2023-01-11,2023-07-12,True,pairwise_common
26,12,20863.74,2023-01-11__2023-07-12,2023-01-11,2023-07-12,True,pairwise_common
27,16,22447.846,2023-01-11__2023-07-12,2023-01-11,2023-07-12,True,pairwise_common
28,25,19182.476,2023-01-11__2023-07-12,2023-01-11,2023-07-12,True,pairwise_common
29,15,21910.008,2023-01-11__2023-07-12,2023-01-11,2023-07-12,True,pairwise_common
30,26,18480.878,2023-01-11__2023-07-12,2023-01-11,2023-07-12,True,pairwise_common
31,27,19373.158,2023-01-11__2023-07-12,2023-01-11,2023-07-12,True,pairwise_common
32,32,18756.296,2023-01-11__2023-07-12,2023-01-11,2023-07-12,True,pairwise_common
33,19,22258.6,2023-01-11__2023-07-12,2023-01-11,2023-07-12,True,pairwise_common
34,33,20095.968,2023-01-11__2023-07-12,2023-01-11,2023-07-12,True,pairwise_common
35,41,24789.04,2023-01-11__2023-07-12,2023-01-11,2023-07-12,True,pairwise_common
36,14,23255.026,2023-01-11__2023-07-12,2023-01-11,2023-07-12,True,pairwise_common
37,40,24928.372,2023-01-11__2023-07-12,2023-01-11,2023-07-12,True,pairwise_common
38,39,24162.402,2023-01-11__2023-07-12,2023-01-11,2023-07-12,True,pairwise_common
39,17,22494.23,2023-01-11__2023-07-12,2023-01-11,2023-07-12,True,pairwise_common
40,28,18638.758,2023-01-11__2023-07-12,2023-01-11,2023-07-12,True,pairwise_common
41,48,20753.348,2023-01-11__2023-07-12,2023-01-11,2023-07-12,True,pairwise_common
42,18,20165.996,2023-01-11__2023-07-12,2023-01-11,2023-07-12,True,pairwise_common
43,43,22014.792,2023-01-11__2023-07-12,2023-01-11,2023-07-12,True,pairwise_common
44,2,18460.352,2023-01-11__2023-07-12,2023-01-11,2023-07-12,True,pairwise_common
45,47,18374.718,2023-01-11__2023-07-12,2023-01-11,2023-07-12,True,pairwise_common
46,45,19826.014,2023-01-11__2023-07-12,2023-01-11,2023-07-12,True,pairwise_common
47,46,19475.668,2023-01-11__2023-07-12,2023-01-11,2023-07-12,True,pairwise_common
48,3,19196.392,2023-01-11__2023-07-12,2023-01-11,2023-07-12,True,pairwise_common
1,38,24109.786,2023-01-11__2023-07-12,2023-01-11,2023-07-12,True,fixed_common_eight_days
2,37,23249.008,2023-01-11__2023-07-12,2023-01-11,2023-07-12,True,fixed_common_eight_days
3,4,23178.752,2023-01-11__2023-07-12,2023-01-11,2023-07-12,True,fixed_common_eight_days
4,7,21508.332,2023-01-11__2023-07-12,2023-01-11,2023-07-12,True,fixed_common_eight_days
5,6,21962.61,2023-01-11__2023-07-12,2023-01-11,2023-07-12,True,fixed_common_eight_days
6,36,22600.186,2023-01-11__2023-07-12,2023-01-11,2023-07-12,True,fixed_common_eight_days
7,8,21224.974,2023-01-11__2023-07-12,2023-01-11,2023-07-12,True,fixed_common_eight_days
8,9,21427.474,2023-01-11__2023-07-12,2023-01-11,2023-07-12,True,fixed_common_eight_days
9,5,22400.842,2023-01-11__2023-07-12,2023-01-11,2023-07-12,True,fixed_common_eight_days
10,10,20381.678,2023-01-11__2023-07-12,2023-01-11,2023-07-12,True,fixed_common_eight_days
11,44,24377.878,2023-01-11__2023-07-12,2023-01-11,2023-07-12,True,fixed_common_eight_days
12,21,20364.736,2023-01-11__2023-07-12,2023-01-11,2023-07-12,True,fixed_common_eight_days
13,20,20400.89,2023-01-11__2023-07-12,2023-01-11,2023-07-12,True,fixed_common_eight_days
14,42,22861.588,2023-01-11__2023-07-12,2023-01-11,2023-07-12,True,fixed_common_eight_days
15,22,19037.79,2023-01-11__2023-07-12,2023-01-11,2023-07-12,True,fixed_common_eight_days
16,23,18390.11,2023-01-11__2023-07-12,2023-01-11,2023-07-12,True,fixed_common_eight_days
17,35,19641.252,2023-01-11__2023-07-12,2023-01-11,2023-07-12,True,fixed_common_eight_days
18,24,18527.566,2023-01-11__2023-07-12,2023-01-11,2023-07-12,True,fixed_common_eight_days
19,34,19967.348,2023-01-11__2023-07-12,2023-01-11,2023-07-12,True,fixed_common_eight_days
20,31,17180.59,2023-01-11__2023-07-12,2023-01-11,2023-07-12,True,fixed_common_eight_days
21,30,16613.746,2023-01-11__2023-07-12,2023-01-11,2023-07-12,True,fixed_common_eight_days
22,29,16957.144,2023-01-11__2023-07-12,2023-01-11,2023-07-12,True,fixed_common_eight_days
23,13,20641.152,2023-01-11__2023-07-12,2023-01-11,2023-07-12,True,fixed_common_eight_days
24,11,19328.304,2023-01-11__2023-07-12,2023-01-11,2023-07-12,True,fixed_common_eight_days
25,1,20674.264,2023-01-11__2023-07-12,2023-01-11,2023-07-12,True,fixed_common_eight_days
26,12,20862.89,2023-01-11__2023-07-12,2023-01-11,2023-07-12,True,fixed_common_eight_days
27,16,22436.926,2023-01-11__2023-07-12,2023-01-11,2023-07-12,True,fixed_common_eight_days
28,25,19139.016,2023-01-11__2023-07-12,2023-01-11,2023-07-12,True,fixed_common_eight_days
29,15,21901.828,2023-01-11__2023-07-12,2023-01-11,2023-07-12,True,fixed_common_eight_days
30,26,18438.638,2023-01-11__2023-07-12,2023-01-11,2023-07-12,True,fixed_common_eight_days
31,27,19330.798,2023-01-11__2023-07-12,2023-01-11,2023-07-12,True,fixed_common_eight_days
32,32,18712.556,2023-01-11__2023-07-12,2023-01-11,2023-07-12,True,fixed_common_eight_days
33,19,22245.82,2023-01-11__2023-07-12,2023-01-11,2023-07-12,True,fixed_common_eight_days
34,33,20049.718,2023-01-11__2023-07-12,2023-01-11,2023-07-12,True,fixed_common_eight_days
35,41,24787.17,2023-01-11__2023-07-12,2023-01-11,2023-07-12,True,fixed_common_eight_days
36,14,23250.186,2023-01-11__2023-07-12,2023-01-11,2023-07-12,True,fixed_common_eight_days
37,40,24923.382,2023-01-11__2023-07-12,2023-01-11,2023-07-12,True,fixed_common_eight_days
38,39,24152.702,2023-01-11__2023-07-12,2023-01-11,2023-07-12,True,fixed_common_eight_days
39,17,22476.73,2023-01-11__2023-07-12,2023-01-11,2023-07-12,True,fixed_common_eight_days
40,28,18589.658,2023-01-11__2023-07-12,2023-01-11,2023-07-12,True,fixed_common_eight_days
41,48,20753.258,2023-01-11__2023-07-12,2023-01-11,2023-07-12,True,fixed_common_eight_days
42,18,20144.656,2023-01-11__2023-07-12,2023-01-11,2023-07-12,True,fixed_common_eight_days
43,43,22014.722,2023-01-11__2023-07-12,2023-01-11,2023-07-12,True,fixed_common_eight_days
44,2,18460.252,2023-01-11__2023-07-12,2023-01-11,2023-07-12,True,fixed_common_eight_days
45,47,18374.618,2023-01-11__2023-07-12,2023-01-11,2023-07-12,True,fixed_common_eight_days
46,45,19825.884,2023-01-11__2023-07-12,2023-01-11,2023-07-12,True,fixed_common_eight_days
47,46,19475.578,2023-01-11__2023-07-12,2023-01-11,2023-07-12,True,fixed_common_eight_days
48,3,19196.292,2023-01-11__2023-07-12,2023-01-11,2023-07-12,True,fixed_common_eight_days
1,2,27604.936,2023-01-11__2023-07-19,2023-01-11,2023-07-19,False,pairwise_common
2,38,27625.616,2023-01-11__2023-07-19,2023-01-11,2023-07-19,False,pairwise_common
3,4,28130.704,2023-01-11__2023-07-19,2023-01-11,2023-07-19,False,pairwise_common
4,9,28320.178,2023-01-11__2023-07-19,2023-01-11,2023-07-19,False,pairwise_common
5,33,27613.104,2023-01-11__2023-07-19,2023-01-11,2023-07-19,False,pairwise_common
6,3,27930.8,2023-01-11__2023-07-19,2023-01-11,2023-07-19,False,pairwise_common
7,8,27996.118,2023-01-11__2023-07-19,2023-01-11,2023-07-19,False,pairwise_common
8,7,28071.318,2023-01-11__2023-07-19,2023-01-11,2023-07-19,False,pairwise_common
9,12,27759.158,2023-01-11__2023-07-19,2023-01-11,2023-07-19,False,pairwise_common
10,5,27109.234,2023-01-11__2023-07-19,2023-01-11,2023-07-19,False,pairwise_common
11,34,25622.934,2023-01-11__2023-07-19,2023-01-11,2023-07-19,False,pairwise_common
12,1,25729.546,2023-01-11__2023-07-19,2023-01-11,2023-07-19,False,pairwise_common
13,13,25530.244,2023-01-11__2023-07-19,2023-01-11,2023-07-19,False,pairwise_common
14,32,24976.64,2023-01-11__2023-07-19,2023-01-11,2023-07-19,False,pairwise_common
15,26,24929.126,2023-01-11__2023-07-19,2023-01-11,2023-07-19,False,pairwise_common
16,27,24162.922,2023-01-11__2023-07-19,2023-01-11,2023-07-19,False,pairwise_common
17,29,24594.508,2023-01-11__2023-07-19,2023-01-11,2023-07-19,False,pairwise_common
18,43,25655.64,2023-01-11__2023-07-19,2023-01-11,2023-07-19,False,pairwise_common
19,36,25197.59,2023-01-11__2023-07-19,2023-01-11,2023-07-19,False,pairwise_common
20,21,25768.782,2023-01-11__2023-07-19,2023-01-11,2023-07-19,False,pairwise_common
21,23,26385.254,2023-01-11__2023-07-19,2023-01-11,2023-07-19,False,pairwise_common
22,22,25730.254,2023-01-11__2023-07-19,2023-01-11,2023-07-19,False,pairwise_common
23,24,26421.534,2023-01-11__2023-07-19,2023-01-11,2023-07-19,False,pairwise_common
24,10,26814.186,2023-01-11__2023-07-19,2023-01-11,2023-07-19,False,pairwise_common
25,20,27178.614,2023-01-11__2023-07-19,2023-01-11,2023-07-19,False,pairwise_common
26,28,26039.54,2023-01-11__2023-07-19,2023-01-11,2023-07-19,False,pairwise_common
27,15,26895.258,2023-01-11__2023-07-19,2023-01-11,2023-07-19,False,pairwise_common
28,11,27391.082,2023-01-11__2023-07-19,2023-01-11,2023-07-19,False,pairwise_common
29,31,26215.134,2023-01-11__2023-07-19,2023-01-11,2023-07-19,False,pairwise_common
30,30,26442.772,2023-01-11__2023-07-19,2023-01-11,2023-07-19,False,pairwise_common
31,35,26898.67,2023-01-11__2023-07-19,2023-01-11,2023-07-19,False,pairwise_common
32,39,27669.578,2023-01-11__2023-07-19,2023-01-11,2023-07-19,False,pairwise_common
33,44,26808.59,2023-01-11__2023-07-19,2023-01-11,2023-07-19,False,pairwise_common
34,37,27172.682,2023-01-11__2023-07-19,2023-01-11,2023-07-19,False,pairwise_common
35,41,27345.528,2023-01-11__2023-07-19,2023-01-11,2023-07-19,False,pairwise_common
36,40,27622.112,2023-01-11__2023-07-19,2023-01-11,2023-07-19,False,pairwise_common
37,42,28088.848,2023-01-11__2023-07-19,2023-01-11,2023-07-19,False,pairwise_common
38,16,27166.306,2023-01-11__2023-07-19,2023-01-11,2023-07-19,False,pairwise_common
39,19,26736.632,2023-01-11__2023-07-19,2023-01-11,2023-07-19,False,pairwise_common
40,18,26427.288,2023-01-11__2023-07-19,2023-01-11,2023-07-19,False,pairwise_common
41,45,26197.228,2023-01-11__2023-07-19,2023-01-11,2023-07-19,False,pairwise_common
42,14,25064.062,2023-01-11__2023-07-19,2023-01-11,2023-07-19,False,pairwise_common
43,47,24863.814,2023-01-11__2023-07-19,2023-01-11,2023-07-19,False,pairwise_common
44,25,24489.002,2023-01-11__2023-07-19,2023-01-11,2023-07-19,False,pairwise_common
45,46,23571.814,2023-01-11__2023-07-19,2023-01-11,2023-07-19,False,pairwise_common
46,17,22880.25,2023-01-11__2023-07-19,2023-01-11,2023-07-19,False,pairwise_common
47,48,24176.942,2023-01-11__2023-07-19,2023-01-11,2023-07-19,False,pairwise_common
48,6,24355.512,2023-01-11__2023-07-19,2023-01-11,2023-07-19,False,pairwise_common
1,2,27604.836,2023-01-11__2023-07-19,2023-01-11,2023-07-19,False,fixed_common_eight_days
2,38,27617.006,2023-01-11__2023-07-19,2023-01-11,2023-07-19,False,fixed_common_eight_days
3,4,28130.614,2023-01-11__2023-07-19,2023-01-11,2023-07-19,False,fixed_common_eight_days
4,9,28320.088,2023-01-11__2023-07-19,2023-01-11,2023-07-19,False,fixed_common_eight_days
5,33,27581.684,2023-01-11__2023-07-19,2023-01-11,2023-07-19,False,fixed_common_eight_days
6,3,27930.7,2023-01-11__2023-07-19,2023-01-11,2023-07-19,False,fixed_common_eight_days
7,8,27996.018,2023-01-11__2023-07-19,2023-01-11,2023-07-19,False,fixed_common_eight_days
8,7,28071.218,2023-01-11__2023-07-19,2023-01-11,2023-07-19,False,fixed_common_eight_days
9,12,27758.698,2023-01-11__2023-07-19,2023-01-11,2023-07-19,False,fixed_common_eight_days
10,5,27109.134,2023-01-11__2023-07-19,2023-01-11,2023-07-19,False,fixed_common_eight_days
11,34,25603.524,2023-01-11__2023-07-19,2023-01-11,2023-07-19,False,fixed_common_eight_days
12,1,25729.456,2023-01-11__2023-07-19,2023-01-11,2023-07-19,False,fixed_common_eight_days
13,13,25529.324,2023-01-11__2023-07-19,2023-01-11,2023-07-19,False,fixed_common_eight_days
14,32,24953.14,2023-01-11__2023-07-19,2023-01-11,2023-07-19,False,fixed_common_eight_days
15,26,24903.036,2023-01-11__2023-07-19,2023-01-11,2023-07-19,False,fixed_common_eight_days
16,27,24129.172,2023-01-11__2023-07-19,2023-01-11,2023-07-19,False,fixed_common_eight_days
17,29,24560.838,2023-01-11__2023-07-19,2023-01-11,2023-07-19,False,fixed_common_eight_days
18,43,25655.5,2023-01-11__2023-07-19,2023-01-11,2023-07-19,False,fixed_common_eight_days
19,36,25180.01,2023-01-11__2023-07-19,2023-01-11,2023-07-19,False,fixed_common_eight_days
20,21,25732.812,2023-01-11__2023-07-19,2023-01-11,2023-07-19,False,fixed_common_eight_days
21,23,26345.714,2023-01-11__2023-07-19,2023-01-11,2023-07-19,False,fixed_common_eight_days
22,22,25702.794,2023-01-11__2023-07-19,2023-01-11,2023-07-19,False,fixed_common_eight_days
23,24,26389.524,2023-01-11__2023-07-19,2023-01-11,2023-07-19,False,fixed_common_eight_days
24,10,26814.086,2023-01-11__2023-07-19,2023-01-11,2023-07-19,False,fixed_common_eight_days
25,20,27159.834,2023-01-11__2023-07-19,2023-01-11,2023-07-19,False,fixed_common_eight_days
26,28,25999.07,2023-01-11__2023-07-19,2023-01-11,2023-07-19,False,fixed_common_eight_days
27,15,26887.928,2023-01-11__2023-07-19,2023-01-11,2023-07-19,False,fixed_common_eight_days
28,11,27390.982,2023-01-11__2023-07-19,2023-01-11,2023-07-19,False,fixed_common_eight_days
29,31,26190.264,2023-01-11__2023-07-19,2023-01-11,2023-07-19,False,fixed_common_eight_days
30,30,26399.832,2023-01-11__2023-07-19,2023-01-11,2023-07-19,False,fixed_common_eight_days
31,35,26885.23,2023-01-11__2023-07-19,2023-01-11,2023-07-19,False,fixed_common_eight_days
32,39,27659.818,2023-01-11__2023-07-19,2023-01-11,2023-07-19,False,fixed_common_eight_days
33,44,26808.42,2023-01-11__2023-07-19,2023-01-11,2023-07-19,False,fixed_common_eight_days
34,37,27159.822,2023-01-11__2023-07-19,2023-01-11,2023-07-19,False,fixed_common_eight_days
35,41,27343.528,2023-01-11__2023-07-19,2023-01-11,2023-07-19,False,fixed_common_eight_days
36,40,27617.472,2023-01-11__2023-07-19,2023-01-11,2023-07-19,False,fixed_common_eight_days
37,42,28088.188,2023-01-11__2023-07-19,2023-01-11,2023-07-19,False,fixed_common_eight_days
38,16,27150.496,2023-01-11__2023-07-19,2023-01-11,2023-07-19,False,fixed_common_eight_days
39,19,26721.272,2023-01-11__2023-07-19,2023-01-11,2023-07-19,False,fixed_common_eight_days
40,18,26407.998,2023-01-11__2023-07-19,2023-01-11,2023-07-19,False,fixed_common_eight_days
41,45,26197.128,2023-01-11__2023-07-19,2023-01-11,2023-07-19,False,fixed_common_eight_days
42,14,25060.362,2023-01-11__2023-07-19,2023-01-11,2023-07-19,False,fixed_common_eight_days
43,47,24863.724,2023-01-11__2023-07-19,2023-01-11,2023-07-19,False,fixed_common_eight_days
44,25,24462.732,2023-01-11__2023-07-19,2023-01-11,2023-07-19,False,fixed_common_eight_days
45,46,23571.714,2023-01-11__2023-07-19,2023-01-11,2023-07-19,False,fixed_common_eight_days
46,17,22857.94,2023-01-11__2023-07-19,2023-01-11,2023-07-19,False,fixed_common_eight_days
47,48,24176.842,2023-01-11__2023-07-19,2023-01-11,2023-07-19,False,fixed_common_eight_days
48,6,24355.412,2023-01-11__2023-07-19,2023-01-11,2023-07-19,False,fixed_common_eight_days
1,40,22025.508,2023-01-11__2023-07-26,2023-01-11,2023-07-26,False,pairwise_common
2,1,27781.412,2023-01-11__2023-07-26,2023-01-11,2023-07-26,False,pairwise_common
3,10,26481.562,2023-01-11__2023-07-26,2023-01-11,2023-07-26,False,pairwise_common
4,9,26489.376,2023-01-11__2023-07-26,2023-01-11,2023-07-26,False,pairwise_common
5,36,23825.842,2023-01-11__2023-07-26,2023-01-11,2023-07-26,False,pairwise_common
6,23,28125.356,2023-01-11__2023-07-26,2023-01-11,2023-07-26,False,pairwise_common
7,7,25948.776,2023-01-11__2023-07-26,2023-01-11,2023-07-26,False,pairwise_common
8,4,27194.526,2023-01-11__2023-07-26,2023-01-11,2023-07-26,False,pairwise_common
9,6,25309.592,2023-01-11__2023-07-26,2023-01-11,2023-07-26,False,pairwise_common
10,8,24722.238,2023-01-11__2023-07-26,2023-01-11,2023-07-26,False,pairwise_common
11,2,25877.422,2023-01-11__2023-07-26,2023-01-11,2023-07-26,False,pairwise_common
12,15,25251.45,2023-01-11__2023-07-26,2023-01-11,2023-07-26,False,pairwise_common
13,17,25463.736,2023-01-11__2023-07-26,2023-01-11,2023-07-26,False,pairwise_common
14,22,25231.578,2023-01-11__2023-07-26,2023-01-11,2023-07-26,False,pairwise_common
15,21,24917.358,2023-01-11__2023-07-26,2023-01-11,2023-07-26,False,pairwise_common
16,19,25692.754,2023-01-11__2023-07-26,2023-01-11,2023-07-26,False,pairwise_common
17,20,25917.3,2023-01-11__2023-07-26,2023-01-11,2023-07-26,False,pairwise_common
18,45,20753.56,2023-01-11__2023-07-26,2023-01-11,2023-07-26,False,pairwise_common
19,37,20839.976,2023-01-11__2023-07-26,2023-01-11,2023-07-26,False,pairwise_common
20,43,21216.632,2023-01-11__2023-07-26,2023-01-11,2023-07-26,False,pairwise_common
21,44,21069.97,2023-01-11__2023-07-26,2023-01-11,2023-07-26,False,pairwise_common
22,46,20374.418,2023-01-11__2023-07-26,2023-01-11,2023-07-26,False,pairwise_common
23,29,24926.416,2023-01-11__2023-07-26,2023-01-11,2023-07-26,False,pairwise_common
24,3,25841.508,2023-01-11__2023-07-26,2023-01-11,2023-07-26,False,pairwise_common
25,28,25593.922,2023-01-11__2023-07-26,2023-01-11,2023-07-26,False,pairwise_common
26,35,24278.476,2023-01-11__2023-07-26,2023-01-11,2023-07-26,False,pairwise_common
27,27,26086.42,2023-01-11__2023-07-26,2023-01-11,2023-07-26,False,pairwise_common
28,47,18775.736,2023-01-11__2023-07-26,2023-01-11,2023-07-26,False,pairwise_common
29,11,25091.236,2023-01-11__2023-07-26,2023-01-11,2023-07-26,False,pairwise_common
30,25,26517.472,2023-01-11__2023-07-26,2023-01-11,2023-07-26,False,pairwise_common
31,13,26339.742,2023-01-11__2023-07-26,2023-01-11,2023-07-26,False,pairwise_common
32,31,26272.726,2023-01-11__2023-07-26,2023-01-11,2023-07-26,False,pairwise_common
33,48,18225.276,2023-01-11__2023-07-26,2023-01-11,2023-07-26,False,pairwise_common
34,41,21050.464,2023-01-11__2023-07-26,2023-01-11,2023-07-26,False,pairwise_common
35,39,22925.236,2023-01-11__2023-07-26,2023-01-11,2023-07-26,False,pairwise_common
36,38,22691.344,2023-01-11__2023-07-26,2023-01-11,2023-07-26,False,pairwise_common
37,42,21568.296,2023-01-11__2023-07-26,2023-01-11,2023-07-26,False,pairwise_common
38,32,26135.618,2023-01-11__2023-07-26,2023-01-11,2023-07-26,False,pairwise_common
39,33,25050.096,2023-01-11__2023-07-26,2023-01-11,2023-07-26,False,pairwise_common
40,34,24589.308,2023-01-11__2023-07-26,2023-01-11,2023-07-26,False,pairwise_common
41,16,26170.172,2023-01-11__2023-07-26,2023-01-11,2023-07-26,False,pairwise_common
42,14,24979.978,2023-01-11__2023-07-26,2023-01-11,2023-07-26,False,pairwise_common
43,18,24935.802,2023-01-11__2023-07-26,2023-01-11,2023-07-26,False,pairwise_common
44,26,22634.824,2023-01-11__2023-07-26,2023-01-11,2023-07-26,False,pairwise_common
45,24,22859.096,2023-01-11__2023-07-26,2023-01-11,2023-07-26,False,pairwise_common
46,30,21183.546,2023-01-11__2023-07-26,2023-01-11,2023-07-26,False,pairwise_common
47,12,22552.412,2023-01-11__2023-07-26,2023-01-11,2023-07-26,False,pairwise_common
48,5,22175.438,2023-01-11__2023-07-26,2023-01-11,2023-07-26,False,pairwise_common
1,40,22024.848,2023-01-11__2023-07-26,2023-01-11,2023-07-26,False,fixed_common_eight_days
2,1,27781.312,2023-01-11__2023-07-26,2023-01-11,2023-07-26,False,fixed_common_eight_days
3,10,26481.472,2023-01-11__2023-07-26,2023-01-11,2023-07-26,False,fixed_common_eight_days
4,9,26489.276,2023-01-11__2023-07-26,2023-01-11,2023-07-26,False,fixed_common_eight_days
5,36,23823.042,2023-01-11__2023-07-26,2023-01-11,2023-07-26,False,fixed_common_eight_days
6,23,28097.016,2023-01-11__2023-07-26,2023-01-11,2023-07-26,False,fixed_common_eight_days
7,7,25948.686,2023-01-11__2023-07-26,2023-01-11,2023-07-26,False,fixed_common_eight_days
8,4,27194.426,2023-01-11__2023-07-26,2023-01-11,2023-07-26,False,fixed_common_eight_days
9,6,25309.492,2023-01-11__2023-07-26,2023-01-11,2023-07-26,False,fixed_common_eight_days
10,8,24722.138,2023-01-11__2023-07-26,2023-01-11,2023-07-26,False,fixed_common_eight_days
11,2,25877.332,2023-01-11__2023-07-26,2023-01-11,2023-07-26,False,fixed_common_eight_days
12,15,25240.33,2023-01-11__2023-07-26,2023-01-11,2023-07-26,False,fixed_common_eight_days
13,17,25439.726,2023-01-11__2023-07-26,2023-01-11,2023-07-26,False,fixed_common_eight_days
14,22,25204.248,2023-01-11__2023-07-26,2023-01-11,2023-07-26,False,fixed_common_eight_days
15,21,24882.458,2023-01-11__2023-07-26,2023-01-11,2023-07-26,False,fixed_common_eight_days
16,19,25663.274,2023-01-11__2023-07-26,2023-01-11,2023-07-26,False,fixed_common_eight_days
17,20,25880.45,2023-01-11__2023-07-26,2023-01-11,2023-07-26,False,fixed_common_eight_days
18,45,20753.47,2023-01-11__2023-07-26,2023-01-11,2023-07-26,False,fixed_common_eight_days
19,37,20836.936,2023-01-11__2023-07-26,2023-01-11,2023-07-26,False,fixed_common_eight_days
20,43,21216.532,2023-01-11__2023-07-26,2023-01-11,2023-07-26,False,fixed_common_eight_days
21,44,21069.87,2023-01-11__2023-07-26,2023-01-11,2023-07-26,False,fixed_common_eight_days
22,46,20374.318,2023-01-11__2023-07-26,2023-01-11,2023-07-26,False,fixed_common_eight_days
23,29,24917.756,2023-01-11__2023-07-26,2023-01-11,2023-07-26,False,fixed_common_eight_days
24,3,25841.408,2023-01-11__2023-07-26,2023-01-11,2023-07-26,False,fixed_common_eight_days
25,28,25578.772,2023-01-11__2023-07-26,2023-01-11,2023-07-26,False,fixed_common_eight_days
26,35,24274.376,2023-01-11__2023-07-26,2023-01-11,2023-07-26,False,fixed_common_eight_days
27,27,26069.21,2023-01-11__2023-07-26,2023-01-11,2023-07-26,False,fixed_common_eight_days
28,47,18775.636,2023-01-11__2023-07-26,2023-01-11,2023-07-26,False,fixed_common_eight_days
29,11,25091.136,2023-01-11__2023-07-26,2023-01-11,2023-07-26,False,fixed_common_eight_days
30,25,26485.082,2023-01-11__2023-07-26,2023-01-11,2023-07-26,False,fixed_common_eight_days
31,13,26337.782,2023-01-11__2023-07-26,2023-01-11,2023-07-26,False,fixed_common_eight_days
32,31,26261.766,2023-01-11__2023-07-26,2023-01-11,2023-07-26,False,fixed_common_eight_days
33,48,18225.186,2023-01-11__2023-07-26,2023-01-11,2023-07-26,False,fixed_common_eight_days
34,41,21050.424,2023-01-11__2023-07-26,2023-01-11,2023-07-26,False,fixed_common_eight_days
35,39,22923.906,2023-01-11__2023-07-26,2023-01-11,2023-07-26,False,fixed_common_eight_days
36,38,22689.824,2023-01-11__2023-07-26,2023-01-11,2023-07-26,False,fixed_common_eight_days
37,42,21568.136,2023-01-11__2023-07-26,2023-01-11,2023-07-26,False,fixed_common_eight_days
38,32,26125.398,2023-01-11__2023-07-26,2023-01-11,2023-07-26,False,fixed_common_eight_days
39,33,25046.216,2023-01-11__2023-07-26,2023-01-11,2023-07-26,False,fixed_common_eight_days
40,34,24584.868,2023-01-11__2023-07-26,2023-01-11,2023-07-26,False,fixed_common_eight_days
41,16,26160.302,2023-01-11__2023-07-26,2023-01-11,2023-07-26,False,fixed_common_eight_days
42,14,24974.708,2023-01-11__2023-07-26,2023-01-11,2023-07-26,False,fixed_common_eight_days
43,18,24908.562,2023-01-11__2023-07-26,2023-01-11,2023-07-26,False,fixed_common_eight_days
44,26,22611.404,2023-01-11__2023-07-26,2023-01-11,2023-07-26,False,fixed_common_eight_days
45,24,22817.916,2023-01-11__2023-07-26,2023-01-11,2023-07-26,False,fixed_common_eight_days
46,30,21168.816,2023-01-11__2023-07-26,2023-01-11,2023-07-26,False,fixed_common_eight_days
47,12,22552.072,2023-01-11__2023-07-26,2023-01-11,2023-07-26,False,fixed_common_eight_days
48,5,22175.348,2023-01-11__2023-07-26,2023-01-11,2023-07-26,False,fixed_common_eight_days
1,8,16906.206,2023-01-18__2023-07-05,2023-01-18,2023-07-05,False,pairwise_common
2,7,17994.468,2023-01-18__2023-07-05,2023-01-18,2023-07-05,False,pairwise_common
3,12,17667.23,2023-01-18__2023-07-05,2023-01-18,2023-07-05,False,pairwise_common
4,29,17326.936,2023-01-18__2023-07-05,2023-01-18,2023-07-05,False,pairwise_common
5,31,16594.852,2023-01-18__2023-07-05,2023-01-18,2023-07-05,False,pairwise_common
6,11,17103.324,2023-01-18__2023-07-05,2023-01-18,2023-07-05,False,pairwise_common
7,9,17446.938,2023-01-18__2023-07-05,2023-01-18,2023-07-05,False,pairwise_common
8,10,17211.734,2023-01-18__2023-07-05,2023-01-18,2023-07-05,False,pairwise_common
9,28,16505.812,2023-01-18__2023-07-05,2023-01-18,2023-07-05,False,pairwise_common
10,2,18268.244,2023-01-18__2023-07-05,2023-01-18,2023-07-05,False,pairwise_common
11,1,18304.384,2023-01-18__2023-07-05,2023-01-18,2023-07-05,False,pairwise_common
12,13,16898.764,2023-01-18__2023-07-05,2023-01-18,2023-07-05,False,pairwise_common
13,32,18854.692,2023-01-18__2023-07-05,2023-01-18,2023-07-05,False,pairwise_common
14,27,18900.414,2023-01-18__2023-07-05,2023-01-18,2023-07-05,False,pairwise_common
15,26,21282.304,2023-01-18__2023-07-05,2023-01-18,2023-07-05,False,pairwise_common
16,37,20555.09,2023-01-18__2023-07-05,2023-01-18,2023-07-05,False,pairwise_common
17,39,21490.54,2023-01-18__2023-07-05,2023-01-18,2023-07-05,False,pairwise_common
18,38,21699.296,2023-01-18__2023-07-05,2023-01-18,2023-07-05,False,pairwise_common
19,44,21235.114,2023-01-18__2023-07-05,2023-01-18,2023-07-05,False,pairwise_common
20,18,23155.034,2023-01-18__2023-07-05,2023-01-18,2023-07-05,False,pairwise_common
21,14,23782.92,2023-01-18__2023-07-05,2023-01-18,2023-07-05,False,pairwise_common
22,15,23121.41,2023-01-18__2023-07-05,2023-01-18,2023-07-05,False,pairwise_common
23,36,20736.822,2023-01-18__2023-07-05,2023-01-18,2023-07-05,False,pairwise_common
24,35,21284.78,2023-01-18__2023-07-05,2023-01-18,2023-07-05,False,pairwise_common
25,34,23059.346,2023-01-18__2023-07-05,2023-01-18,2023-07-05,False,pairwise_common
26,25,22504.022,2023-01-18__2023-07-05,2023-01-18,2023-07-05,False,pairwise_common
27,33,23490.474,2023-01-18__2023-07-05,2023-01-18,2023-07-05,False,pairwise_common
28,30,23383.516,2023-01-18__2023-07-05,2023-01-18,2023-07-05,False,pairwise_common
29,46,19049.184,2023-01-18__2023-07-05,2023-01-18,2023-07-05,False,pairwise_common
30,48,20891.22,2023-01-18__2023-07-05,2023-01-18,2023-07-05,False,pairwise_common
31,24,22371.88,2023-01-18__2023-07-05,2023-01-18,2023-07-05,False,pairwise_common
32,23,23594.224,2023-01-18__2023-07-05,2023-01-18,2023-07-05,False,pairwise_common
33,42,21235.032,2023-01-18__2023-07-05,2023-01-18,2023-07-05,False,pairwise_common
34,41,21788.164,2023-01-18__2023-07-05,2023-01-18,2023-07-05,False,pairwise_common
35,43,21499.778,2023-01-18__2023-07-05,2023-01-18,2023-07-05,False,pairwise_common
36,45,21668.892,2023-01-18__2023-07-05,2023-01-18,2023-07-05,False,pairwise_common
37,47,22605.118,2023-01-18__2023-07-05,2023-01-18,2023-07-05,False,pairwise_common
38,40,22152.502,2023-01-18__2023-07-05,2023-01-18,2023-07-05,False,pairwise_common
39,17,21414.528,2023-01-18__2023-07-05,2023-01-18,2023-07-05,False,pairwise_common
40,16,20741.982,2023-01-18__2023-07-05,2023-01-18,2023-07-05,False,pairwise_common
41,22,21369.468,2023-01-18__2023-07-05,2023-01-18,2023-07-05,False,pairwise_common
42,3,22427.002,2023-01-18__2023-07-05,2023-01-18,2023-07-05,False,pairwise_common
43,4,22016.37,2023-01-18__2023-07-05,2023-01-18,2023-07-05,False,pairwise_common
44,5,21011.236,2023-01-18__2023-07-05,2023-01-18,2023-07-05,False,pairwise_common
45,21,17142.05,2023-01-18__2023-07-05,2023-01-18,2023-07-05,False,pairwise_common
46,20,15560.224,2023-01-18__2023-07-05,2023-01-18,2023-07-05,False,pairwise_common
47,19,16250.898,2023-01-18__2023-07-05,2023-01-18,2023-07-05,False,pairwise_common
48,6,18772.886,2023-01-18__2023-07-05,2023-01-18,2023-07-05,False,pairwise_common
1,8,16906.096,2023-01-18__2023-07-05,2023-01-18,2023-07-05,False,fixed_common_eight_days
2,7,17994.368,2023-01-18__2023-07-05,2023-01-18,2023-07-05,False,fixed_common_eight_days
3,12,17667.08,2023-01-18__2023-07-05,2023-01-18,2023-07-05,False,fixed_common_eight_days
4,29,17312.966,2023-01-18__2023-07-05,2023-01-18,2023-07-05,False,fixed_common_eight_days
5,31,16551.332,2023-01-18__2023-07-05,2023-01-18,2023-07-05,False,fixed_common_eight_days
6,11,17103.214,2023-01-18__2023-07-05,2023-01-18,2023-07-05,False,fixed_common_eight_days
7,9,17446.838,2023-01-18__2023-07-05,2023-01-18,2023-07-05,False,fixed_common_eight_days
8,10,17211.624,2023-01-18__2023-07-05,2023-01-18,2023-07-05,False,fixed_common_eight_days
9,28,16489.052,2023-01-18__2023-07-05,2023-01-18,2023-07-05,False,fixed_common_eight_days
10,2,18268.144,2023-01-18__2023-07-05,2023-01-18,2023-07-05,False,fixed_common_eight_days
11,1,18304.284,2023-01-18__2023-07-05,2023-01-18,2023-07-05,False,fixed_common_eight_days
12,13,16897.814,2023-01-18__2023-07-05,2023-01-18,2023-07-05,False,fixed_common_eight_days
13,32,18814.702,2023-01-18__2023-07-05,2023-01-18,2023-07-05,False,fixed_common_eight_days
14,27,18894.504,2023-01-18__2023-07-05,2023-01-18,2023-07-05,False,fixed_common_eight_days
15,26,21263.524,2023-01-18__2023-07-05,2023-01-18,2023-07-05,False,fixed_common_eight_days
16,37,20532.25,2023-01-18__2023-07-05,2023-01-18,2023-07-05,False,fixed_common_eight_days
17,39,21480.74,2023-01-18__2023-07-05,2023-01-18,2023-07-05,False,fixed_common_eight_days
18,38,21682.816,2023-01-18__2023-07-05,2023-01-18,2023-07-05,False,fixed_common_eight_days
19,44,21234.944,2023-01-18__2023-07-05,2023-01-18,2023-07-05,False,fixed_common_eight_days
20,18,23154.914,2023-01-18__2023-07-05,2023-01-18,2023-07-05,False,fixed_common_eight_days
21,14,23780.26,2023-01-18__2023-07-05,2023-01-18,2023-07-05,False,fixed_common_eight_days
22,15,23116.76,2023-01-18__2023-07-05,2023-01-18,2023-07-05,False,fixed_common_eight_days
23,36,20718.072,2023-01-18__2023-07-05,2023-01-18,2023-07-05,False,fixed_common_eight_days
24,35,21263.37,2023-01-18__2023-07-05,2023-01-18,2023-07-05,False,fixed_common_eight_days
25,34,23019.076,2023-01-18__2023-07-05,2023-01-18,2023-07-05,False,fixed_common_eight_days
26,25,22479.622,2023-01-18__2023-07-05,2023-01-18,2023-07-05,False,fixed_common_eight_days
27,33,23458.014,2023-01-18__2023-07-05,2023-01-18,2023-07-05,False,fixed_common_eight_days
28,30,23352.626,2023-01-18__2023-07-05,2023-01-18,2023-07-05,False,fixed_common_eight_days
29,46,19049.094,2023-01-18__2023-07-05,2023-01-18,2023-07-05,False,fixed_common_eight_days
30,48,20891.12,2023-01-18__2023-07-05,2023-01-18,2023-07-05,False,fixed_common_eight_days
31,24,22347.56,2023-01-18__2023-07-05,2023-01-18,2023-07-05,False,fixed_common_eight_days
32,23,23556.104,2023-01-18__2023-07-05,2023-01-18,2023-07-05,False,fixed_common_eight_days
33,42,21234.252,2023-01-18__2023-07-05,2023-01-18,2023-07-05,False,fixed_common_eight_days
34,41,21786.124,2023-01-18__2023-07-05,2023-01-18,2023-07-05,False,fixed_common_eight_days
35,43,21499.738,2023-01-18__2023-07-05,2023-01-18,2023-07-05,False,fixed_common_eight_days
36,45,21668.752,2023-01-18__2023-07-05,2023-01-18,2023-07-05,False,fixed_common_eight_days
37,47,22605.018,2023-01-18__2023-07-05,2023-01-18,2023-07-05,False,fixed_common_eight_days
38,40,22147.652,2023-01-18__2023-07-05,2023-01-18,2023-07-05,False,fixed_common_eight_days
39,17,21409.388,2023-01-18__2023-07-05,2023-01-18,2023-07-05,False,fixed_common_eight_days
40,16,20730.562,2023-01-18__2023-07-05,2023-01-18,2023-07-05,False,fixed_common_eight_days
41,22,21334.358,2023-01-18__2023-07-05,2023-01-18,2023-07-05,False,fixed_common_eight_days
42,3,22426.892,2023-01-18__2023-07-05,2023-01-18,2023-07-05,False,fixed_common_eight_days
43,4,22016.27,2023-01-18__2023-07-05,2023-01-18,2023-07-05,False,fixed_common_eight_days
44,5,21011.136,2023-01-18__2023-07-05,2023-01-18,2023-07-05,False,fixed_common_eight_days
45,21,17098.46,2023-01-18__2023-07-05,2023-01-18,2023-07-05,False,fixed_common_eight_days
46,20,15544.104,2023-01-18__2023-07-05,2023-01-18,2023-07-05,False,fixed_common_eight_days
47,19,16250.808,2023-01-18__2023-07-05,2023-01-18,2023-07-05,False,fixed_common_eight_days
48,6,18772.776,2023-01-18__2023-07-05,2023-01-18,2023-07-05,False,fixed_common_eight_days
1,32,16638.01,2023-01-18__2023-07-12,2023-01-18,2023-07-12,False,pairwise_common
2,9,17729.8,2023-01-18__2023-07-12,2023-01-18,2023-07-12,False,pairwise_common
3,10,17908.582,2023-01-18__2023-07-12,2023-01-18,2023-07-12,False,pairwise_common
4,12,18163.932,2023-01-18__2023-07-12,2023-01-18,2023-07-12,False,pairwise_common
5,26,16363.756,2023-01-18__2023-07-12,2023-01-18,2023-07-12,False,pairwise_common
6,25,16655.088,2023-01-18__2023-07-12,2023-01-18,2023-07-12,False,pairwise_common
7,8,17337.076,2023-01-18__2023-07-12,2023-01-18,2023-07-12,False,pairwise_common
8,29,15473.354,2023-01-18__2023-07-12,2023-01-18,2023-07-12,False,pairwise_common
9,28,16119.96,2023-01-18__2023-07-12,2023-01-18,2023-07-12,False,pairwise_common
10,27,15591.334,2023-01-18__2023-07-12,2023-01-18,2023-07-12,False,pairwise_common
11,30,15257.164,2023-01-18__2023-07-12,2023-01-18,2023-07-12,False,pairwise_common
12,31,16324.566,2023-01-18__2023-07-12,2023-01-18,2023-07-12,False,pairwise_common
13,11,18479.888,2023-01-18__2023-07-12,2023-01-18,2023-07-12,False,pairwise_common
14,13,18621.478,2023-01-18__2023-07-12,2023-01-18,2023-07-12,False,pairwise_common
15,36,17338.456,2023-01-18__2023-07-12,2023-01-18,2023-07-12,False,pairwise_common
16,24,18307.904,2023-01-18__2023-07-12,2023-01-18,2023-07-12,False,pairwise_common
17,18,20310.844,2023-01-18__2023-07-12,2023-01-18,2023-07-12,False,pairwise_common
18,19,19834.31,2023-01-18__2023-07-12,2023-01-18,2023-07-12,False,pairwise_common
19,35,19499.524,2023-01-18__2023-07-12,2023-01-18,2023-07-12,False,pairwise_common
20,34,19762.294,2023-01-18__2023-07-12,2023-01-18,2023-07-12,False,pairwise_common
21,37,18952.556,2023-01-18__2023-07-12,2023-01-18,2023-07-12,False,pairwise_common
22,17,19584.6,2023-01-18__2023-07-12,2023-01-18,2023-07-12,False,pairwise_common
23,16,19195.218,2023-01-18__2023-07-12,2023-01-18,2023-07-12,False,pairwise_common
24,15,19464.376,2023-01-18__2023-07-12,2023-01-18,2023-07-12,False,pairwise_common
25,33,18750.142,2023-01-18__2023-07-12,2023-01-18,2023-07-12,False,pairwise_common
26,20,18793.296,2023-01-18__2023-07-12,2023-01-18,2023-07-12,False,pairwise_common
27,21,18392.356,2023-01-18__2023-07-12,2023-01-18,2023-07-12,False,pairwise_common
28,23,17875.002,2023-01-18__2023-07-12,2023-01-18,2023-07-12,False,pairwise_common
29,22,18250.852,2023-01-18__2023-07-12,2023-01-18,2023-07-12,False,pairwise_common
30,44,17809.252,2023-01-18__2023-07-12,2023-01-18,2023-07-12,False,pairwise_common
31,42,17797.05,2023-01-18__2023-07-12,2023-01-18,2023-07-12,False,pairwise_common
32,46,18823.922,2023-01-18__2023-07-12,2023-01-18,2023-07-12,False,pairwise_common
33,40,19440.476,2023-01-18__2023-07-12,2023-01-18,2023-07-12,False,pairwise_common
34,38,19909.612,2023-01-18__2023-07-12,2023-01-18,2023-07-12,False,pairwise_common
35,45,19666.982,2023-01-18__2023-07-12,2023-01-18,2023-07-12,False,pairwise_common
36,14,21283.536,2023-01-18__2023-07-12,2023-01-18,2023-07-12,False,pairwise_common
37,41,20554.852,2023-01-18__2023-07-12,2023-01-18,2023-07-12,False,pairwise_common
38,43,19873.318,2023-01-18__2023-07-12,2023-01-18,2023-07-12,False,pairwise_common
39,4,20421.096,2023-01-18__2023-07-12,2023-01-18,2023-07-12,False,pairwise_common
40,39,18783.148,2023-01-18__2023-07-12,2023-01-18,2023-07-12,False,pairwise_common
41,7,20440.722,2023-01-18__2023-07-12,2023-01-18,2023-07-12,False,pairwise_common
42,47,17094.312,2023-01-18__2023-07-12,2023-01-18,2023-07-12,False,pairwise_common
43,48,17121.318,2023-01-18__2023-07-12,2023-01-18,2023-07-12,False,pairwise_common
44,6,18767.824,2023-01-18__2023-07-12,2023-01-18,2023-07-12,False,pairwise_common
45,1,18500.524,2023-01-18__2023-07-12,2023-01-18,2023-07-12,False,pairwise_common
46,2,17858.862,2023-01-18__2023-07-12,2023-01-18,2023-07-12,False,pairwise_common
47,5,16441.488,2023-01-18__2023-07-12,2023-01-18,2023-07-12,False,pairwise_common
48,3,16689.196,2023-01-18__2023-07-12,2023-01-18,2023-07-12,False,pairwise_common
1,32,16594.27,2023-01-18__2023-07-12,2023-01-18,2023-07-12,False,fixed_common_eight_days
2,9,17729.7,2023-01-18__2023-07-12,2023-01-18,2023-07-12,False,fixed_common_eight_days
3,10,17908.492,2023-01-18__2023-07-12,2023-01-18,2023-07-12,False,fixed_common_eight_days
4,12,18163.082,2023-01-18__2023-07-12,2023-01-18,2023-07-12,False,fixed_common_eight_days
5,26,16321.516,2023-01-18__2023-07-12,2023-01-18,2023-07-12,False,fixed_common_eight_days
6,25,16611.628,2023-01-18__2023-07-12,2023-01-18,2023-07-12,False,fixed_common_eight_days
7,8,17336.976,2023-01-18__2023-07-12,2023-01-18,2023-07-12,False,fixed_common_eight_days
8,29,15423.494,2023-01-18__2023-07-12,2023-01-18,2023-07-12,False,fixed_common_eight_days
9,28,16070.86,2023-01-18__2023-07-12,2023-01-18,2023-07-12,False,fixed_common_eight_days
10,27,15548.974,2023-01-18__2023-07-12,2023-01-18,2023-07-12,False,fixed_common_eight_days
11,30,15207.304,2023-01-18__2023-07-12,2023-01-18,2023-07-12,False,fixed_common_eight_days
12,31,16276.296,2023-01-18__2023-07-12,2023-01-18,2023-07-12,False,fixed_common_eight_days
13,11,18479.838,2023-01-18__2023-07-12,2023-01-18,2023-07-12,False,fixed_common_eight_days
14,13,18618.748,2023-01-18__2023-07-12,2023-01-18,2023-07-12,False,fixed_common_eight_days
15,36,17311.266,2023-01-18__2023-07-12,2023-01-18,2023-07-12,False,fixed_common_eight_days
16,24,18284.654,2023-01-18__2023-07-12,2023-01-18,2023-07-12,False,fixed_common_eight_days
17,18,20289.504,2023-01-18__2023-07-12,2023-01-18,2023-07-12,False,fixed_common_eight_days
18,19,19821.53,2023-01-18__2023-07-12,2023-01-18,2023-07-12,False,fixed_common_eight_days
19,35,19464.804,2023-01-18__2023-07-12,2023-01-18,2023-07-12,False,fixed_common_eight_days
20,34,19721.394,2023-01-18__2023-07-12,2023-01-18,2023-07-12,False,fixed_common_eight_days
21,37,18931.406,2023-01-18__2023-07-12,2023-01-18,2023-07-12,False,fixed_common_eight_days
22,17,19567.1,2023-01-18__2023-07-12,2023-01-18,2023-07-12,False,fixed_common_eight_days
23,16,19184.298,2023-01-18__2023-07-12,2023-01-18,2023-07-12,False,fixed_common_eight_days
24,15,19456.196,2023-01-18__2023-07-12,2023-01-18,2023-07-12,False,fixed_common_eight_days
25,33,18703.892,2023-01-18__2023-07-12,2023-01-18,2023-07-12,False,fixed_common_eight_days
26,20,18778.126,2023-01-18__2023-07-12,2023-01-18,2023-07-12,False,fixed_common_eight_days
27,21,18377.566,2023-01-18__2023-07-12,2023-01-18,2023-07-12,False,fixed_common_eight_days
28,23,17857.272,2023-01-18__2023-07-12,2023-01-18,2023-07-12,False,fixed_common_eight_days
29,22,18237.922,2023-01-18__2023-07-12,2023-01-18,2023-07-12,False,fixed_common_eight_days
30,44,17809.082,2023-01-18__2023-07-12,2023-01-18,2023-07-12,False,fixed_common_eight_days
31,42,17796.19,2023-01-18__2023-07-12,2023-01-18,2023-07-12,False,fixed_common_eight_days
32,46,18823.832,2023-01-18__2023-07-12,2023-01-18,2023-07-12,False,fixed_common_eight_days
33,40,19435.486,2023-01-18__2023-07-12,2023-01-18,2023-07-12,False,fixed_common_eight_days
34,38,19893.932,2023-01-18__2023-07-12,2023-01-18,2023-07-12,False,fixed_common_eight_days
35,45,19666.852,2023-01-18__2023-07-12,2023-01-18,2023-07-12,False,fixed_common_eight_days
36,14,21278.696,2023-01-18__2023-07-12,2023-01-18,2023-07-12,False,fixed_common_eight_days
37,41,20552.982,2023-01-18__2023-07-12,2023-01-18,2023-07-12,False,fixed_common_eight_days
38,43,19873.248,2023-01-18__2023-07-12,2023-01-18,2023-07-12,False,fixed_common_eight_days
39,4,20420.996,2023-01-18__2023-07-12,2023-01-18,2023-07-12,False,fixed_common_eight_days
40,39,18773.448,2023-01-18__2023-07-12,2023-01-18,2023-07-12,False,fixed_common_eight_days
41,7,20440.622,2023-01-18__2023-07-12,2023-01-18,2023-07-12,False,fixed_common_eight_days
42,47,17094.212,2023-01-18__2023-07-12,2023-01-18,2023-07-12,False,fixed_common_eight_days
43,48,17121.228,2023-01-18__2023-07-12,2023-01-18,2023-07-12,False,fixed_common_eight_days
44,6,18767.714,2023-01-18__2023-07-12,2023-01-18,2023-07-12,False,fixed_common_eight_days
45,1,18500.424,2023-01-18__2023-07-12,2023-01-18,2023-07-12,False,fixed_common_eight_days
46,2,17858.762,2023-01-18__2023-07-12,2023-01-18,2023-07-12,False,fixed_common_eight_days
47,5,16441.388,2023-01-18__2023-07-12,2023-01-18,2023-07-12,False,fixed_common_eight_days
48,3,16689.096,2023-01-18__2023-07-12,2023-01-18,2023-07-12,False,fixed_common_eight_days
1,7,22659.364,2023-01-18__2023-07-19,2023-01-18,2023-07-19,True,pairwise_common
2,11,23020.83,2023-01-18__2023-07-19,2023-01-18,2023-07-19,True,pairwise_common
3,10,23012.598,2023-01-18__2023-07-19,2023-01-18,2023-07-19,True,pairwise_common
4,3,23584.092,2023-01-18__2023-07-19,2023-01-18,2023-07-19,True,pairwise_common
5,6,23697.692,2023-01-18__2023-07-19,2023-01-18,2023-07-19,True,pairwise_common
6,28,23815.136,2023-01-18__2023-07-19,2023-01-18,2023-07-19,True,pairwise_common
7,12,23669.034,2023-01-18__2023-07-19,2023-01-18,2023-07-19,True,pairwise_common
8,22,23469.328,2023-01-18__2023-07-19,2023-01-18,2023-07-19,True,pairwise_common
9,8,23296.746,2023-01-18__2023-07-19,2023-01-18,2023-07-19,True,pairwise_common
10,9,22678.934,2023-01-18__2023-07-19,2023-01-18,2023-07-19,True,pairwise_common
11,48,22277.378,2023-01-18__2023-07-19,2023-01-18,2023-07-19,True,pairwise_common
12,27,22521.822,2023-01-18__2023-07-19,2023-01-18,2023-07-19,True,pairwise_common
13,15,22027.008,2023-01-18__2023-07-19,2023-01-18,2023-07-19,True,pairwise_common
14,14,21254.234,2023-01-18__2023-07-19,2023-01-18,2023-07-19,True,pairwise_common
15,17,20469.646,2023-01-18__2023-07-19,2023-01-18,2023-07-19,True,pairwise_common
16,34,20038.592,2023-01-18__2023-07-19,2023-01-18,2023-07-19,True,pairwise_common
17,38,19826.746,2023-01-18__2023-07-19,2023-01-18,2023-07-19,True,pairwise_common
18,43,19977.8,2023-01-18__2023-07-19,2023-01-18,2023-07-19,True,pairwise_common
19,44,20123.044,2023-01-18__2023-07-19,2023-01-18,2023-07-19,True,pairwise_common
20,35,20249.488,2023-01-18__2023-07-19,2023-01-18,2023-07-19,True,pairwise_common
21,30,20518.036,2023-01-18__2023-07-19,2023-01-18,2023-07-19,True,pairwise_common
22,29,20336.592,2023-01-18__2023-07-19,2023-01-18,2023-07-19,True,pairwise_common
23,33,20774.512,2023-01-18__2023-07-19,2023-01-18,2023-07-19,True,pairwise_common
24,20,20224.048,2023-01-18__2023-07-19,2023-01-18,2023-07-19,True,pairwise_common
25,31,19979.114,2023-01-18__2023-07-19,2023-01-18,2023-07-19,True,pairwise_common
26,23,19899.68,2023-01-18__2023-07-19,2023-01-18,2023-07-19,True,pairwise_common
27,24,19930.404,2023-01-18__2023-07-19,2023-01-18,2023-07-19,True,pairwise_common
28,21,19515.89,2023-01-18__2023-07-19,2023-01-18,2023-07-19,True,pairwise_common
29,25,19857.67,2023-01-18__2023-07-19,2023-01-18,2023-07-19,True,pairwise_common
30,46,18970.258,2023-01-18__2023-07-19,2023-01-18,2023-07-19,True,pairwise_common
31,42,19147.068,2023-01-18__2023-07-19,2023-01-18,2023-07-19,True,pairwise_common
32,26,20917.232,2023-01-18__2023-07-19,2023-01-18,2023-07-19,True,pairwise_common
33,45,20103.264,2023-01-18__2023-07-19,2023-01-18,2023-07-19,True,pairwise_common
34,41,19774.824,2023-01-18__2023-07-19,2023-01-18,2023-07-19,True,pairwise_common
35,39,19655.88,2023-01-18__2023-07-19,2023-01-18,2023-07-19,True,pairwise_common
36,37,20832.036,2023-01-18__2023-07-19,2023-01-18,2023-07-19,True,pairwise_common
37,16,21944.892,2023-01-18__2023-07-19,2023-01-18,2023-07-19,True,pairwise_common
38,40,19746.156,2023-01-18__2023-07-19,2023-01-18,2023-07-19,True,pairwise_common
39,36,19355.764,2023-01-18__2023-07-19,2023-01-18,2023-07-19,True,pairwise_common
40,32,19591.608,2023-01-18__2023-07-19,2023-01-18,2023-07-19,True,pairwise_common
41,47,19755.118,2023-01-18__2023-07-19,2023-01-18,2023-07-19,True,pairwise_common
42,2,21053.634,2023-01-18__2023-07-19,2023-01-18,2023-07-19,True,pairwise_common
43,1,20734.86,2023-01-18__2023-07-19,2023-01-18,2023-07-19,True,pairwise_common
44,19,20180.154,2023-01-18__2023-07-19,2023-01-18,2023-07-19,True,pairwise_common
45,18,20046.28,2023-01-18__2023-07-19,2023-01-18,2023-07-19,True,pairwise_common
46,13,20299.37,2023-01-18__2023-07-19,2023-01-18,2023-07-19,True,pairwise_common
47,5,20457.748,2023-01-18__2023-07-19,2023-01-18,2023-07-19,True,pairwise_common
48,4,20394.132,2023-01-18__2023-07-19,2023-01-18,2023-07-19,True,pairwise_common
1,7,22659.264,2023-01-18__2023-07-19,2023-01-18,2023-07-19,True,fixed_common_eight_days
2,11,23020.73,2023-01-18__2023-07-19,2023-01-18,2023-07-19,True,fixed_common_eight_days
3,10,23012.498,2023-01-18__2023-07-19,2023-01-18,2023-07-19,True,fixed_common_eight_days
4,3,23583.992,2023-01-18__2023-07-19,2023-01-18,2023-07-19,True,fixed_common_eight_days
5,6,23697.592,2023-01-18__2023-07-19,2023-01-18,2023-07-19,True,fixed_common_eight_days
6,28,23774.666,2023-01-18__2023-07-19,2023-01-18,2023-07-19,True,fixed_common_eight_days
7,12,23668.574,2023-01-18__2023-07-19,2023-01-18,2023-07-19,True,fixed_common_eight_days
8,22,23441.868,2023-01-18__2023-07-19,2023-01-18,2023-07-19,True,fixed_common_eight_days
9,8,23296.646,2023-01-18__2023-07-19,2023-01-18,2023-07-19,True,fixed_common_eight_days
10,9,22678.844,2023-01-18__2023-07-19,2023-01-18,2023-07-19,True,fixed_common_eight_days
11,48,22277.278,2023-01-18__2023-07-19,2023-01-18,2023-07-19,True,fixed_common_eight_days
12,27,22488.072,2023-01-18__2023-07-19,2023-01-18,2023-07-19,True,fixed_common_eight_days
13,15,22019.678,2023-01-18__2023-07-19,2023-01-18,2023-07-19,True,fixed_common_eight_days
14,14,21250.534,2023-01-18__2023-07-19,2023-01-18,2023-07-19,True,fixed_common_eight_days
15,17,20447.336,2023-01-18__2023-07-19,2023-01-18,2023-07-19,True,fixed_common_eight_days
16,34,20019.182,2023-01-18__2023-07-19,2023-01-18,2023-07-19,True,fixed_common_eight_days
17,38,19818.136,2023-01-18__2023-07-19,2023-01-18,2023-07-19,True,fixed_common_eight_days
18,43,19977.66,2023-01-18__2023-07-19,2023-01-18,2023-07-19,True,fixed_common_eight_days
19,44,20122.874,2023-01-18__2023-07-19,2023-01-18,2023-07-19,True,fixed_common_eight_days
20,35,20236.048,2023-01-18__2023-07-19,2023-01-18,2023-07-19,True,fixed_common_eight_days
21,30,20475.096,2023-01-18__2023-07-19,2023-01-18,2023-07-19,True,fixed_common_eight_days
22,29,20302.922,2023-01-18__2023-07-19,2023-01-18,2023-07-19,True,fixed_common_eight_days
23,33,20743.092,2023-01-18__2023-07-19,2023-01-18,2023-07-19,True,fixed_common_eight_days
24,20,20205.268,2023-01-18__2023-07-19,2023-01-18,2023-07-19,True,fixed_common_eight_days
25,31,19954.244,2023-01-18__2023-07-19,2023-01-18,2023-07-19,True,fixed_common_eight_days
26,23,19860.14,2023-01-18__2023-07-19,2023-01-18,2023-07-19,True,fixed_common_eight_days
27,24,19898.394,2023-01-18__2023-07-19,2023-01-18,2023-07-19,True,fixed_common_eight_days
28,21,19479.92,2023-01-18__2023-07-19,2023-01-18,2023-07-19,True,fixed_common_eight_days
29,25,19831.4,2023-01-18__2023-07-19,2023-01-18,2023-07-19,True,fixed_common_eight_days
30,46,18970.158,2023-01-18__2023-07-19,2023-01-18,2023-07-19,True,fixed_common_eight_days
31,42,19146.408,2023-01-18__2023-07-19,2023-01-18,2023-07-19,True,fixed_common_eight_days
32,26,20891.142,2023-01-18__2023-07-19,2023-01-18,2023-07-19,True,fixed_common_eight_days
33,45,20103.164,2023-01-18__2023-07-19,2023-01-18,2023-07-19,True,fixed_common_eight_days
34,41,19772.824,2023-01-18__2023-07-19,2023-01-18,2023-07-19,True,fixed_common_eight_days
35,39,19646.12,2023-01-18__2023-07-19,2023-01-18,2023-07-19,True,fixed_common_eight_days
36,37,20819.176,2023-01-18__2023-07-19,2023-01-18,2023-07-19,True,fixed_common_eight_days
37,16,21929.082,2023-01-18__2023-07-19,2023-01-18,2023-07-19,True,fixed_common_eight_days
38,40,19741.516,2023-01-18__2023-07-19,2023-01-18,2023-07-19,True,fixed_common_eight_days
39,36,19338.184,2023-01-18__2023-07-19,2023-01-18,2023-07-19,True,fixed_common_eight_days
40,32,19568.108,2023-01-18__2023-07-19,2023-01-18,2023-07-19,True,fixed_common_eight_days
41,47,19755.028,2023-01-18__2023-07-19,2023-01-18,2023-07-19,True,fixed_common_eight_days
42,2,21053.534,2023-01-18__2023-07-19,2023-01-18,2023-07-19,True,fixed_common_eight_days
43,1,20734.77,2023-01-18__2023-07-19,2023-01-18,2023-07-19,True,fixed_common_eight_days
44,19,20164.794,2023-01-18__2023-07-19,2023-01-18,2023-07-19,True,fixed_common_eight_days
45,18,20026.99,2023-01-18__2023-07-19,2023-01-18,2023-07-19,True,fixed_common_eight_days
46,13,20298.45,2023-01-18__2023-07-19,2023-01-18,2023-07-19,True,fixed_common_eight_days
47,5,20457.648,2023-01-18__2023-07-19,2023-01-18,2023-07-19,True,fixed_common_eight_days
48,4,20394.042,2023-01-18__2023-07-19,2023-01-18,2023-07-19,True,fixed_common_eight_days
1,5,20209.648,2023-01-18__2023-07-26,2023-01-18,2023-07-26,False,pairwise_common
2,7,20344.026,2023-01-18__2023-07-26,2023-01-18,2023-07-26,False,pairwise_common
3,8,20802.464,2023-01-18__2023-07-26,2023-01-18,2023-07-26,False,pairwise_common
4,30,21735.458,2023-01-18__2023-07-26,2023-01-18,2023-07-26,False,pairwise_common
5,48,15894.93,2023-01-18__2023-07-26,2023-01-18,2023-07-26,False,pairwise_common
6,26,22677.114,2023-01-18__2023-07-26,2023-01-18,2023-07-26,False,pairwise_common
7,47,15989.032,2023-01-18__2023-07-26,2023-01-18,2023-07-26,False,pairwise_common
8,27,22318.98,2023-01-18__2023-07-26,2023-01-18,2023-07-26,False,pairwise_common
9,6,20958.29,2023-01-18__2023-07-26,2023-01-18,2023-07-26,False,pairwise_common
10,28,21121.342,2023-01-18__2023-07-26,2023-01-18,2023-07-26,False,pairwise_common
11,29,21247.782,2023-01-18__2023-07-26,2023-01-18,2023-07-26,False,pairwise_common
12,46,17888,2023-01-18__2023-07-26,2023-01-18,2023-07-26,False,pairwise_common
13,40,18745.308,2023-01-18__2023-07-26,2023-01-18,2023-07-26,False,pairwise_common
14,38,18396.692,2023-01-18__2023-07-26,2023-01-18,2023-07-26,False,pairwise_common
15,45,16127.542,2023-01-18__2023-07-26,2023-01-18,2023-07-26,False,pairwise_common
16,37,17786.166,2023-01-18__2023-07-26,2023-01-18,2023-07-26,False,pairwise_common
17,43,16735.976,2023-01-18__2023-07-26,2023-01-18,2023-07-26,False,pairwise_common
18,35,19622.066,2023-01-18__2023-07-26,2023-01-18,2023-07-26,False,pairwise_common
19,36,18677.102,2023-01-18__2023-07-26,2023-01-18,2023-07-26,False,pairwise_common
20,44,17006.304,2023-01-18__2023-07-26,2023-01-18,2023-07-26,False,pairwise_common
21,41,17122.1,2023-01-18__2023-07-26,2023-01-18,2023-07-26,False,pairwise_common
22,4,20937.302,2023-01-18__2023-07-26,2023-01-18,2023-07-26,False,pairwise_common
23,2,20790.836,2023-01-18__2023-07-26,2023-01-18,2023-07-26,False,pairwise_common
24,20,20750.088,2023-01-18__2023-07-26,2023-01-18,2023-07-26,False,pairwise_common
25,24,21156.47,2023-01-18__2023-07-26,2023-01-18,2023-07-26,False,pairwise_common
26,13,19617.016,2023-01-18__2023-07-26,2023-01-18,2023-07-26,False,pairwise_common
27,21,20209.274,2023-01-18__2023-07-26,2023-01-18,2023-07-26,False,pairwise_common
28,22,20176.352,2023-01-18__2023-07-26,2023-01-18,2023-07-26,False,pairwise_common
29,19,19658.046,2023-01-18__2023-07-26,2023-01-18,2023-07-26,False,pairwise_common
30,23,20419.232,2023-01-18__2023-07-26,2023-01-18,2023-07-26,False,pairwise_common
31,1,19647.526,2023-01-18__2023-07-26,2023-01-18,2023-07-26,False,pairwise_common
32,18,20780.272,2023-01-18__2023-07-26,2023-01-18,2023-07-26,False,pairwise_common
33,15,20639.486,2023-01-18__2023-07-26,2023-01-18,2023-07-26,False,pairwise_common
34,16,20700.498,2023-01-18__2023-07-26,2023-01-18,2023-07-26,False,pairwise_common
35,39,17864.758,2023-01-18__2023-07-26,2023-01-18,2023-07-26,False,pairwise_common
36,42,18042.362,2023-01-18__2023-07-26,2023-01-18,2023-07-26,False,pairwise_common
37,17,21877.788,2023-01-18__2023-07-26,2023-01-18,2023-07-26,False,pairwise_common
38,14,21018.338,2023-01-18__2023-07-26,2023-01-18,2023-07-26,False,pairwise_common
39,12,20397.616,2023-01-18__2023-07-26,2023-01-18,2023-07-26,False,pairwise_common
40,3,20472.248,2023-01-18__2023-07-26,2023-01-18,2023-07-26,False,pairwise_common
41,32,20475.46,2023-01-18__2023-07-26,2023-01-18,2023-07-26,False,pairwise_common
42,34,18462.786,2023-01-18__2023-07-26,2023-01-18,2023-07-26,False,pairwise_common
43,33,18901.558,2023-01-18__2023-07-26,2023-01-18,2023-07-26,False,pairwise_common
44,31,19654.85,2023-01-18__2023-07-26,2023-01-18,2023-07-26,False,pairwise_common
45,25,20137.176,2023-01-18__2023-07-26,2023-01-18,2023-07-26,False,pairwise_common
46,11,18549.49,2023-01-18__2023-07-26,2023-01-18,2023-07-26,False,pairwise_common
47,10,19047.39,2023-01-18__2023-07-26,2023-01-18,2023-07-26,False,pairwise_common
48,9,18614.742,2023-01-18__2023-07-26,2023-01-18,2023-07-26,False,pairwise_common
1,5,20209.558,2023-01-18__2023-07-26,2023-01-18,2023-07-26,False,fixed_common_eight_days
2,7,20343.936,2023-01-18__2023-07-26,2023-01-18,2023-07-26,False,fixed_common_eight_days
3,8,20802.364,2023-01-18__2023-07-26,2023-01-18,2023-07-26,False,fixed_common_eight_days
4,30,21720.728,2023-01-18__2023-07-26,2023-01-18,2023-07-26,False,fixed_common_eight_days
5,48,15894.84,2023-01-18__2023-07-26,2023-01-18,2023-07-26,False,fixed_common_eight_days
6,26,22653.694,2023-01-18__2023-07-26,2023-01-18,2023-07-26,False,fixed_common_eight_days
7,47,15988.932,2023-01-18__2023-07-26,2023-01-18,2023-07-26,False,fixed_common_eight_days
8,27,22301.77,2023-01-18__2023-07-26,2023-01-18,2023-07-26,False,fixed_common_eight_days
9,6,20958.19,2023-01-18__2023-07-26,2023-01-18,2023-07-26,False,fixed_common_eight_days
10,28,21106.192,2023-01-18__2023-07-26,2023-01-18,2023-07-26,False,fixed_common_eight_days
11,29,21239.122,2023-01-18__2023-07-26,2023-01-18,2023-07-26,False,fixed_common_eight_days
12,46,17887.9,2023-01-18__2023-07-26,2023-01-18,2023-07-26,False,fixed_common_eight_days
13,40,18744.648,2023-01-18__2023-07-26,2023-01-18,2023-07-26,False,fixed_common_eight_days
14,38,18395.172,2023-01-18__2023-07-26,2023-01-18,2023-07-26,False,fixed_common_eight_days
15,45,16127.452,2023-01-18__2023-07-26,2023-01-18,2023-07-26,False,fixed_common_eight_days
16,37,17783.126,2023-01-18__2023-07-26,2023-01-18,2023-07-26,False,fixed_common_eight_days
17,43,16735.876,2023-01-18__2023-07-26,2023-01-18,2023-07-26,False,fixed_common_eight_days
18,35,19617.966,2023-01-18__2023-07-26,2023-01-18,2023-07-26,False,fixed_common_eight_days
19,36,18674.302,2023-01-18__2023-07-26,2023-01-18,2023-07-26,False,fixed_common_eight_days
20,44,17006.204,2023-01-18__2023-07-26,2023-01-18,2023-07-26,False,fixed_common_eight_days
21,41,17122.06,2023-01-18__2023-07-26,2023-01-18,2023-07-26,False,fixed_common_eight_days
22,4,20937.202,2023-01-18__2023-07-26,2023-01-18,2023-07-26,False,fixed_common_eight_days
23,2,20790.746,2023-01-18__2023-07-26,2023-01-18,2023-07-26,False,fixed_common_eight_days
24,20,20713.238,2023-01-18__2023-07-26,2023-01-18,2023-07-26,False,fixed_common_eight_days
25,24,21115.29,2023-01-18__2023-07-26,2023-01-18,2023-07-26,False,fixed_common_eight_days
26,13,19615.056,2023-01-18__2023-07-26,2023-01-18,2023-07-26,False,fixed_common_eight_days
27,21,20174.374,2023-01-18__2023-07-26,2023-01-18,2023-07-26,False,fixed_common_eight_days
28,22,20149.022,2023-01-18__2023-07-26,2023-01-18,2023-07-26,False,fixed_common_eight_days
29,19,19628.566,2023-01-18__2023-07-26,2023-01-18,2023-07-26,False,fixed_common_eight_days
30,23,20390.892,2023-01-18__2023-07-26,2023-01-18,2023-07-26,False,fixed_common_eight_days
31,1,19647.426,2023-01-18__2023-07-26,2023-01-18,2023-07-26,False,fixed_common_eight_days
32,18,20753.032,2023-01-18__2023-07-26,2023-01-18,2023-07-26,False,fixed_common_eight_days
33,15,20628.366,2023-01-18__2023-07-26,2023-01-18,2023-07-26,False,fixed_common_eight_days
34,16,20690.628,2023-01-18__2023-07-26,2023-01-18,2023-07-26,False,fixed_common_eight_days
35,39,17863.428,2023-01-18__2023-07-26,2023-01-18,2023-07-26,False,fixed_common_eight_days
36,42,18042.202,2023-01-18__2023-07-26,2023-01-18,2023-07-26,False,fixed_common_eight_days
37,17,21853.778,2023-01-18__2023-07-26,2023-01-18,2023-07-26,False,fixed_common_eight_days
38,14,21013.068,2023-01-18__2023-07-26,2023-01-18,2023-07-26,False,fixed_common_eight_days
39,12,20397.276,2023-01-18__2023-07-26,2023-01-18,2023-07-26,False,fixed_common_eight_days
40,3,20472.148,2023-01-18__2023-07-26,2023-01-18,2023-07-26,False,fixed_common_eight_days
41,32,20465.24,2023-01-18__2023-07-26,2023-01-18,2023-07-26,False,fixed_common_eight_days
42,34,18458.346,2023-01-18__2023-07-26,2023-01-18,2023-07-26,False,fixed_common_eight_days
43,33,18897.678,2023-01-18__2023-07-26,2023-01-18,2023-07-26,False,fixed_common_eight_days
44,31,19643.89,2023-01-18__2023-07-26,2023-01-18,2023-07-26,False,fixed_common_eight_days
45,25,20104.786,2023-01-18__2023-07-26,2023-01-18,2023-07-26,False,fixed_common_eight_days
46,11,18549.39,2023-01-18__2023-07-26,2023-01-18,2023-07-26,False,fixed_common_eight_days
47,10,19047.3,2023-01-18__2023-07-26,2023-01-18,2023-07-26,False,fixed_common_eight_days
48,9,18614.642,2023-01-18__2023-07-26,2023-01-18,2023-07-26,False,fixed_common_eight_days
1,33,17593.94,2023-01-25__2023-07-05,2023-01-25,2023-07-05,False,pairwise_common
2,25,19420.778,2023-01-25__2023-07-05,2023-01-25,2023-07-05,False,pairwise_common
3,24,19380.63,2023-01-25__2023-07-05,2023-01-25,2023-07-05,False,pairwise_common
4,7,21605.876,2023-01-25__2023-07-05,2023-01-25,2023-07-05,False,pairwise_common
5,4,20488.112,2023-01-25__2023-07-05,2023-01-25,2023-07-05,False,pairwise_common
6,5,20665.75,2023-01-25__2023-07-05,2023-01-25,2023-07-05,False,pairwise_common
7,6,22062.986,2023-01-25__2023-07-05,2023-01-25,2023-07-05,False,pairwise_common
8,19,20281.86,2023-01-25__2023-07-05,2023-01-25,2023-07-05,False,pairwise_common
9,29,18543.952,2023-01-25__2023-07-05,2023-01-25,2023-07-05,False,pairwise_common
10,30,18073.31,2023-01-25__2023-07-05,2023-01-25,2023-07-05,False,pairwise_common
11,3,20017.046,2023-01-25__2023-07-05,2023-01-25,2023-07-05,False,pairwise_common
12,2,19959.656,2023-01-25__2023-07-05,2023-01-25,2023-07-05,False,pairwise_common
13,1,20886.16,2023-01-25__2023-07-05,2023-01-25,2023-07-05,False,pairwise_common
14,48,18615.502,2023-01-25__2023-07-05,2023-01-25,2023-07-05,False,pairwise_common
15,34,21334.826,2023-01-25__2023-07-05,2023-01-25,2023-07-05,False,pairwise_common
16,32,23545.966,2023-01-25__2023-07-05,2023-01-25,2023-07-05,False,pairwise_common
17,35,20531.972,2023-01-25__2023-07-05,2023-01-25,2023-07-05,False,pairwise_common
18,37,19983.452,2023-01-25__2023-07-05,2023-01-25,2023-07-05,False,pairwise_common
19,46,19904.544,2023-01-25__2023-07-05,2023-01-25,2023-07-05,False,pairwise_common
20,36,21100.926,2023-01-25__2023-07-05,2023-01-25,2023-07-05,False,pairwise_common
21,45,20202.874,2023-01-25__2023-07-05,2023-01-25,2023-07-05,False,pairwise_common
22,43,20392.244,2023-01-25__2023-07-05,2023-01-25,2023-07-05,False,pairwise_common
23,47,21727.756,2023-01-25__2023-07-05,2023-01-25,2023-07-05,False,pairwise_common
24,41,20684.502,2023-01-25__2023-07-05,2023-01-25,2023-07-05,False,pairwise_common
25,17,26973.258,2023-01-25__2023-07-05,2023-01-25,2023-07-05,False,pairwise_common
26,38,20455.468,2023-01-25__2023-07-05,2023-01-25,2023-07-05,False,pairwise_common
27,39,20740.432,2023-01-25__2023-07-05,2023-01-25,2023-07-05,False,pairwise_common
28,8,27088.086,2023-01-25__2023-07-05,2023-01-25,2023-07-05,False,pairwise_common
29,21,24864.442,2023-01-25__2023-07-05,2023-01-25,2023-07-05,False,pairwise_common
30,42,20064.614,2023-01-25__2023-07-05,2023-01-25,2023-07-05,False,pairwise_common
31,44,19704.332,2023-01-25__2023-07-05,2023-01-25,2023-07-05,False,pairwise_common
32,40,20376.096,2023-01-25__2023-07-05,2023-01-25,2023-07-05,False,pairwise_common
33,10,27790.776,2023-01-25__2023-07-05,2023-01-25,2023-07-05,False,pairwise_common
34,22,26035.124,2023-01-25__2023-07-05,2023-01-25,2023-07-05,False,pairwise_common
35,23,26065.662,2023-01-25__2023-07-05,2023-01-25,2023-07-05,False,pairwise_common
36,27,24895.686,2023-01-25__2023-07-05,2023-01-25,2023-07-05,False,pairwise_common
37,28,24873.072,2023-01-25__2023-07-05,2023-01-25,2023-07-05,False,pairwise_common
38,26,25240.928,2023-01-25__2023-07-05,2023-01-25,2023-07-05,False,pairwise_common
39,31,25113.96,2023-01-25__2023-07-05,2023-01-25,2023-07-05,False,pairwise_common
40,14,24938.744,2023-01-25__2023-07-05,2023-01-25,2023-07-05,False,pairwise_common
41,20,24245.326,2023-01-25__2023-07-05,2023-01-25,2023-07-05,False,pairwise_common
42,18,21776.332,2023-01-25__2023-07-05,2023-01-25,2023-07-05,False,pairwise_common
43,13,21483.226,2023-01-25__2023-07-05,2023-01-25,2023-07-05,False,pairwise_common
44,11,20825.034,2023-01-25__2023-07-05,2023-01-25,2023-07-05,False,pairwise_common
45,15,18511.648,2023-01-25__2023-07-05,2023-01-25,2023-07-05,False,pairwise_common
46,16,17041.382,2023-01-25__2023-07-05,2023-01-25,2023-07-05,False,pairwise_common
47,12,17676.32,2023-01-25__2023-07-05,2023-01-25,2023-07-05,False,pairwise_common
48,9,17768.318,2023-01-25__2023-07-05,2023-01-25,2023-07-05,False,pairwise_common
1,33,17561.48,2023-01-25__2023-07-05,2023-01-25,2023-07-05,False,fixed_common_eight_days
2,25,19396.378,2023-01-25__2023-07-05,2023-01-25,2023-07-05,False,fixed_common_eight_days
3,24,19356.31,2023-01-25__2023-07-05,2023-01-25,2023-07-05,False,fixed_common_eight_days
4,7,21605.776,2023-01-25__2023-07-05,2023-01-25,2023-07-05,False,fixed_common_eight_days
5,4,20488.012,2023-01-25__2023-07-05,2023-01-25,2023-07-05,False,fixed_common_eight_days
6,5,20665.65,2023-01-25__2023-07-05,2023-01-25,2023-07-05,False,fixed_common_eight_days
7,6,22062.876,2023-01-25__2023-07-05,2023-01-25,2023-07-05,False,fixed_common_eight_days
8,19,20281.77,2023-01-25__2023-07-05,2023-01-25,2023-07-05,False,fixed_common_eight_days
9,29,18529.982,2023-01-25__2023-07-05,2023-01-25,2023-07-05,False,fixed_common_eight_days
10,30,18042.42,2023-01-25__2023-07-05,2023-01-25,2023-07-05,False,fixed_common_eight_days
11,3,20016.936,2023-01-25__2023-07-05,2023-01-25,2023-07-05,False,fixed_common_eight_days
12,2,19959.556,2023-01-25__2023-07-05,2023-01-25,2023-07-05,False,fixed_common_eight_days
13,1,20886.06,2023-01-25__2023-07-05,2023-01-25,2023-07-05,False,fixed_common_eight_days
14,48,18615.402,2023-01-25__2023-07-05,2023-01-25,2023-07-05,False,fixed_common_eight_days
15,34,21294.556,2023-01-25__2023-07-05,2023-01-25,2023-07-05,False,fixed_common_eight_days
16,32,23505.976,2023-01-25__2023-07-05,2023-01-25,2023-07-05,False,fixed_common_eight_days
17,35,20510.562,2023-01-25__2023-07-05,2023-01-25,2023-07-05,False,fixed_common_eight_days
18,37,19960.612,2023-01-25__2023-07-05,2023-01-25,2023-07-05,False,fixed_common_eight_days
19,46,19904.454,2023-01-25__2023-07-05,2023-01-25,2023-07-05,False,fixed_common_eight_days
20,36,21082.176,2023-01-25__2023-07-05,2023-01-25,2023-07-05,False,fixed_common_eight_days
21,45,20202.734,2023-01-25__2023-07-05,2023-01-25,2023-07-05,False,fixed_common_eight_days
22,43,20392.204,2023-01-25__2023-07-05,2023-01-25,2023-07-05,False,fixed_common_eight_days
23,47,21727.656,2023-01-25__2023-07-05,2023-01-25,2023-07-05,False,fixed_common_eight_days
24,41,20682.462,2023-01-25__2023-07-05,2023-01-25,2023-07-05,False,fixed_common_eight_days
25,17,26968.118,2023-01-25__2023-07-05,2023-01-25,2023-07-05,False,fixed_common_eight_days
26,38,20438.988,2023-01-25__2023-07-05,2023-01-25,2023-07-05,False,fixed_common_eight_days
27,39,20730.632,2023-01-25__2023-07-05,2023-01-25,2023-07-05,False,fixed_common_eight_days
28,8,27087.976,2023-01-25__2023-07-05,2023-01-25,2023-07-05,False,fixed_common_eight_days
29,21,24820.852,2023-01-25__2023-07-05,2023-01-25,2023-07-05,False,fixed_common_eight_days
30,42,20063.834,2023-01-25__2023-07-05,2023-01-25,2023-07-05,False,fixed_common_eight_days
31,44,19704.162,2023-01-25__2023-07-05,2023-01-25,2023-07-05,False,fixed_common_eight_days
32,40,20371.246,2023-01-25__2023-07-05,2023-01-25,2023-07-05,False,fixed_common_eight_days
33,10,27790.666,2023-01-25__2023-07-05,2023-01-25,2023-07-05,False,fixed_common_eight_days
34,22,26000.014,2023-01-25__2023-07-05,2023-01-25,2023-07-05,False,fixed_common_eight_days
35,23,26027.542,2023-01-25__2023-07-05,2023-01-25,2023-07-05,False,fixed_common_eight_days
36,27,24889.776,2023-01-25__2023-07-05,2023-01-25,2023-07-05,False,fixed_common_eight_days
37,28,24856.312,2023-01-25__2023-07-05,2023-01-25,2023-07-05,False,fixed_common_eight_days
38,26,25222.148,2023-01-25__2023-07-05,2023-01-25,2023-07-05,False,fixed_common_eight_days
39,31,25070.44,2023-01-25__2023-07-05,2023-01-25,2023-07-05,False,fixed_common_eight_days
40,14,24936.084,2023-01-25__2023-07-05,2023-01-25,2023-07-05,False,fixed_common_eight_days
41,20,24229.206,2023-01-25__2023-07-05,2023-01-25,2023-07-05,False,fixed_common_eight_days
42,18,21776.212,2023-01-25__2023-07-05,2023-01-25,2023-07-05,False,fixed_common_eight_days
43,13,21482.276,2023-01-25__2023-07-05,2023-01-25,2023-07-05,False,fixed_common_eight_days
44,11,20824.924,2023-01-25__2023-07-05,2023-01-25,2023-07-05,False,fixed_common_eight_days
45,15,18506.998,2023-01-25__2023-07-05,2023-01-25,2023-07-05,False,fixed_common_eight_days
46,16,17029.962,2023-01-25__2023-07-05,2023-01-25,2023-07-05,False,fixed_common_eight_days
47,12,17676.17,2023-01-25__2023-07-05,2023-01-25,2023-07-05,False,fixed_common_eight_days
48,9,17768.218,2023-01-25__2023-07-05,2023-01-25,2023-07-05,False,fixed_common_eight_days
1,4,17340.694,2023-01-25__2023-07-12,2023-01-25,2023-07-12,False,pairwise_common
2,7,18893.738,2023-01-25__2023-07-12,2023-01-25,2023-07-12,False,pairwise_common
3,9,19382.586,2023-01-25__2023-07-12,2023-01-25,2023-07-12,False,pairwise_common
4,17,16578.998,2023-01-25__2023-07-12,2023-01-25,2023-07-12,False,pairwise_common
5,18,16536.224,2023-01-25__2023-07-12,2023-01-25,2023-07-12,False,pairwise_common
6,5,17901.898,2023-01-25__2023-07-12,2023-01-25,2023-07-12,False,pairwise_common
7,48,16943.43,2023-01-25__2023-07-12,2023-01-25,2023-07-12,False,pairwise_common
8,1,18580.752,2023-01-25__2023-07-12,2023-01-25,2023-07-12,False,pairwise_common
9,2,18444.266,2023-01-25__2023-07-12,2023-01-25,2023-07-12,False,pairwise_common
10,3,18575.396,2023-01-25__2023-07-12,2023-01-25,2023-07-12,False,pairwise_common
11,6,18094.052,2023-01-25__2023-07-12,2023-01-25,2023-07-12,False,pairwise_common
12,47,17191.958,2023-01-25__2023-07-12,2023-01-25,2023-07-12,False,pairwise_common
13,34,19460.158,2023-01-25__2023-07-12,2023-01-25,2023-07-12,False,pairwise_common
14,39,18657.904,2023-01-25__2023-07-12,2023-01-25,2023-07-12,False,pairwise_common
15,44,18065.746,2023-01-25__2023-07-12,2023-01-25,2023-07-12,False,pairwise_common
16,43,18804.98,2023-01-25__2023-07-12,2023-01-25,2023-07-12,False,pairwise_common
17,41,19407.036,2023-01-25__2023-07-12,2023-01-25,2023-07-12,False,pairwise_common
18,19,20660.596,2023-01-25__2023-07-12,2023-01-25,2023-07-12,False,pairwise_common
19,11,22813.594,2023-01-25__2023-07-12,2023-01-25,2023-07-12,False,pairwise_common
20,13,20920.964,2023-01-25__2023-07-12,2023-01-25,2023-07-12,False,pairwise_common
21,16,19740.836,2023-01-25__2023-07-12,2023-01-25,2023-07-12,False,pairwise_common
22,23,21810.852,2023-01-25__2023-07-12,2023-01-25,2023-07-12,False,pairwise_common
23,22,21743.198,2023-01-25__2023-07-12,2023-01-25,2023-07-12,False,pairwise_common
24,42,20282.686,2023-01-25__2023-07-12,2023-01-25,2023-07-12,False,pairwise_common
25,45,20811.966,2023-01-25__2023-07-12,2023-01-25,2023-07-12,False,pairwise_common
26,40,20470.914,2023-01-25__2023-07-12,2023-01-25,2023-07-12,False,pairwise_common
27,35,21773.298,2023-01-25__2023-07-12,2023-01-25,2023-07-12,False,pairwise_common
28,36,20806.564,2023-01-25__2023-07-12,2023-01-25,2023-07-12,False,pairwise_common
29,37,19883.468,2023-01-25__2023-07-12,2023-01-25,2023-07-12,False,pairwise_common
30,38,21388.752,2023-01-25__2023-07-12,2023-01-25,2023-07-12,False,pairwise_common
31,12,22272,2023-01-25__2023-07-12,2023-01-25,2023-07-12,False,pairwise_common
32,14,21544.752,2023-01-25__2023-07-12,2023-01-25,2023-07-12,False,pairwise_common
33,15,20930.05,2023-01-25__2023-07-12,2023-01-25,2023-07-12,False,pairwise_common
34,20,22139.608,2023-01-25__2023-07-12,2023-01-25,2023-07-12,False,pairwise_common
35,21,22355.004,2023-01-25__2023-07-12,2023-01-25,2023-07-12,False,pairwise_common
36,32,23442.31,2023-01-25__2023-07-12,2023-01-25,2023-07-12,False,pairwise_common
37,26,22418.696,2023-01-25__2023-07-12,2023-01-25,2023-07-12,False,pairwise_common
38,25,23146.568,2023-01-25__2023-07-12,2023-01-25,2023-07-12,False,pairwise_common
39,27,22426.604,2023-01-25__2023-07-12,2023-01-25,2023-07-12,False,pairwise_common
40,24,21565.922,2023-01-25__2023-07-12,2023-01-25,2023-07-12,False,pairwise_common
41,46,19541.376,2023-01-25__2023-07-12,2023-01-25,2023-07-12,False,pairwise_common
42,33,19736.42,2023-01-25__2023-07-12,2023-01-25,2023-07-12,False,pairwise_common
43,28,18699.166,2023-01-25__2023-07-12,2023-01-25,2023-07-12,False,pairwise_common
44,31,18652.118,2023-01-25__2023-07-12,2023-01-25,2023-07-12,False,pairwise_common
45,29,18057.932,2023-01-25__2023-07-12,2023-01-25,2023-07-12,False,pairwise_common
46,10,18308.318,2023-01-25__2023-07-12,2023-01-25,2023-07-12,False,pairwise_common
47,30,17437.73,2023-01-25__2023-07-12,2023-01-25,2023-07-12,False,pairwise_common
48,8,17725.712,2023-01-25__2023-07-12,2023-01-25,2023-07-12,False,pairwise_common
1,4,17340.594,2023-01-25__2023-07-12,2023-01-25,2023-07-12,False,fixed_common_eight_days
2,7,18893.638,2023-01-25__2023-07-12,2023-01-25,2023-07-12,False,fixed_common_eight_days
3,9,19382.486,2023-01-25__2023-07-12,2023-01-25,2023-07-12,False,fixed_common_eight_days
4,17,16561.498,2023-01-25__2023-07-12,2023-01-25,2023-07-12,False,fixed_common_eight_days
5,18,16514.884,2023-01-25__2023-07-12,2023-01-25,2023-07-12,False,fixed_common_eight_days
6,5,17901.798,2023-01-25__2023-07-12,2023-01-25,2023-07-12,False,fixed_common_eight_days
7,48,16943.34,2023-01-25__2023-07-12,2023-01-25,2023-07-12,False,fixed_common_eight_days
8,1,18580.652,2023-01-25__2023-07-12,2023-01-25,2023-07-12,False,fixed_common_eight_days
9,2,18444.166,2023-01-25__2023-07-12,2023-01-25,2023-07-12,False,fixed_common_eight_days
10,3,18575.296,2023-01-25__2023-07-12,2023-01-25,2023-07-12,False,fixed_common_eight_days
11,6,18093.942,2023-01-25__2023-07-12,2023-01-25,2023-07-12,False,fixed_common_eight_days
12,47,17191.858,2023-01-25__2023-07-12,2023-01-25,2023-07-12,False,fixed_common_eight_days
13,34,19419.258,2023-01-25__2023-07-12,2023-01-25,2023-07-12,False,fixed_common_eight_days
14,39,18648.204,2023-01-25__2023-07-12,2023-01-25,2023-07-12,False,fixed_common_eight_days
15,44,18065.576,2023-01-25__2023-07-12,2023-01-25,2023-07-12,False,fixed_common_eight_days
16,43,18804.91,2023-01-25__2023-07-12,2023-01-25,2023-07-12,False,fixed_common_eight_days
17,41,19405.166,2023-01-25__2023-07-12,2023-01-25,2023-07-12,False,fixed_common_eight_days
18,19,20647.816,2023-01-25__2023-07-12,2023-01-25,2023-07-12,False,fixed_common_eight_days
19,11,22813.544,2023-01-25__2023-07-12,2023-01-25,2023-07-12,False,fixed_common_eight_days
20,13,20918.234,2023-01-25__2023-07-12,2023-01-25,2023-07-12,False,fixed_common_eight_days
21,16,19729.916,2023-01-25__2023-07-12,2023-01-25,2023-07-12,False,fixed_common_eight_days
22,23,21793.122,2023-01-25__2023-07-12,2023-01-25,2023-07-12,False,fixed_common_eight_days
23,22,21730.268,2023-01-25__2023-07-12,2023-01-25,2023-07-12,False,fixed_common_eight_days
24,42,20281.826,2023-01-25__2023-07-12,2023-01-25,2023-07-12,False,fixed_common_eight_days
25,45,20811.836,2023-01-25__2023-07-12,2023-01-25,2023-07-12,False,fixed_common_eight_days
26,40,20465.924,2023-01-25__2023-07-12,2023-01-25,2023-07-12,False,fixed_common_eight_days
27,35,21738.578,2023-01-25__2023-07-12,2023-01-25,2023-07-12,False,fixed_common_eight_days
28,36,20779.374,2023-01-25__2023-07-12,2023-01-25,2023-07-12,False,fixed_common_eight_days
29,37,19862.318,2023-01-25__2023-07-12,2023-01-25,2023-07-12,False,fixed_common_eight_days
30,38,21373.072,2023-01-25__2023-07-12,2023-01-25,2023-07-12,False,fixed_common_eight_days
31,12,22271.15,2023-01-25__2023-07-12,2023-01-25,2023-07-12,False,fixed_common_eight_days
32,14,21539.912,2023-01-25__2023-07-12,2023-01-25,2023-07-12,False,fixed_common_eight_days
33,15,20921.87,2023-01-25__2023-07-12,2023-01-25,2023-07-12,False,fixed_common_eight_days
34,20,22124.438,2023-01-25__2023-07-12,2023-01-25,2023-07-12,False,fixed_common_eight_days
35,21,22340.214,2023-01-25__2023-07-12,2023-01-25,2023-07-12,False,fixed_common_eight_days
36,32,23398.57,2023-01-25__2023-07-12,2023-01-25,2023-07-12,False,fixed_common_eight_days
37,26,22376.456,2023-01-25__2023-07-12,2023-01-25,2023-07-12,False,fixed_common_eight_days
38,25,23103.108,2023-01-25__2023-07-12,2023-01-25,2023-07-12,False,fixed_common_eight_days
39,27,22384.244,2023-01-25__2023-07-12,2023-01-25,2023-07-12,False,fixed_common_eight_days
40,24,21542.672,2023-01-25__2023-07-12,2023-01-25,2023-07-12,False,fixed_common_eight_days
41,46,19541.286,2023-01-25__2023-07-12,2023-01-25,2023-07-12,False,fixed_common_eight_days
42,33,19690.17,2023-01-25__2023-07-12,2023-01-25,2023-07-12,False,fixed_common_eight_days
43,28,18650.066,2023-01-25__2023-07-12,2023-01-25,2023-07-12,False,fixed_common_eight_days
44,31,18603.848,2023-01-25__2023-07-12,2023-01-25,2023-07-12,False,fixed_common_eight_days
45,29,18008.072,2023-01-25__2023-07-12,2023-01-25,2023-07-12,False,fixed_common_eight_days
46,10,18308.228,2023-01-25__2023-07-12,2023-01-25,2023-07-12,False,fixed_common_eight_days
47,30,17387.87,2023-01-25__2023-07-12,2023-01-25,2023-07-12,False,fixed_common_eight_days
48,8,17725.612,2023-01-25__2023-07-12,2023-01-25,2023-07-12,False,fixed_common_eight_days
1,18,15220.4,2023-01-25__2023-07-19,2023-01-25,2023-07-19,False,pairwise_common
2,15,15679.75,2023-01-25__2023-07-19,2023-01-25,2023-07-19,False,pairwise_common
3,12,15837.632,2023-01-25__2023-07-19,2023-01-25,2023-07-19,False,pairwise_common
4,5,16245.374,2023-01-25__2023-07-19,2023-01-25,2023-07-19,False,pairwise_common
5,4,16334.322,2023-01-25__2023-07-19,2023-01-25,2023-07-19,False,pairwise_common
6,6,16226.474,2023-01-25__2023-07-19,2023-01-25,2023-07-19,False,pairwise_common
7,10,16224.226,2023-01-25__2023-07-19,2023-01-25,2023-07-19,False,pairwise_common
8,9,16414.89,2023-01-25__2023-07-19,2023-01-25,2023-07-19,False,pairwise_common
9,8,16185.54,2023-01-25__2023-07-19,2023-01-25,2023-07-19,False,pairwise_common
10,7,16528.242,2023-01-25__2023-07-19,2023-01-25,2023-07-19,False,pairwise_common
11,11,15476.952,2023-01-25__2023-07-19,2023-01-25,2023-07-19,False,pairwise_common
12,13,15294.17,2023-01-25__2023-07-19,2023-01-25,2023-07-19,False,pairwise_common
13,43,15038.716,2023-01-25__2023-07-19,2023-01-25,2023-07-19,False,pairwise_common
14,38,14739.756,2023-01-25__2023-07-19,2023-01-25,2023-07-19,False,pairwise_common
15,25,16542.202,2023-01-25__2023-07-19,2023-01-25,2023-07-19,False,pairwise_common
16,16,17193.572,2023-01-25__2023-07-19,2023-01-25,2023-07-19,False,pairwise_common
17,33,17414.004,2023-01-25__2023-07-19,2023-01-25,2023-07-19,False,pairwise_common
18,37,17177.882,2023-01-25__2023-07-19,2023-01-25,2023-07-19,False,pairwise_common
19,36,18022.088,2023-01-25__2023-07-19,2023-01-25,2023-07-19,False,pairwise_common
20,34,18293.684,2023-01-25__2023-07-19,2023-01-25,2023-07-19,False,pairwise_common
21,23,19008.802,2023-01-25__2023-07-19,2023-01-25,2023-07-19,False,pairwise_common
22,26,19682.21,2023-01-25__2023-07-19,2023-01-25,2023-07-19,False,pairwise_common
23,31,19427.236,2023-01-25__2023-07-19,2023-01-25,2023-07-19,False,pairwise_common
24,39,18399.124,2023-01-25__2023-07-19,2023-01-25,2023-07-19,False,pairwise_common
25,41,18151.998,2023-01-25__2023-07-19,2023-01-25,2023-07-19,False,pairwise_common
26,40,17956.658,2023-01-25__2023-07-19,2023-01-25,2023-07-19,False,pairwise_common
27,32,19293.238,2023-01-25__2023-07-19,2023-01-25,2023-07-19,False,pairwise_common
28,35,18515.342,2023-01-25__2023-07-19,2023-01-25,2023-07-19,False,pairwise_common
29,46,18603.602,2023-01-25__2023-07-19,2023-01-25,2023-07-19,False,pairwise_common
30,45,18463.178,2023-01-25__2023-07-19,2023-01-25,2023-07-19,False,pairwise_common
31,20,18862.834,2023-01-25__2023-07-19,2023-01-25,2023-07-19,False,pairwise_common
32,24,19254.132,2023-01-25__2023-07-19,2023-01-25,2023-07-19,False,pairwise_common
33,14,19991.09,2023-01-25__2023-07-19,2023-01-25,2023-07-19,False,pairwise_common
34,42,20111.214,2023-01-25__2023-07-19,2023-01-25,2023-07-19,False,pairwise_common
35,47,20281.918,2023-01-25__2023-07-19,2023-01-25,2023-07-19,False,pairwise_common
36,44,20854.962,2023-01-25__2023-07-19,2023-01-25,2023-07-19,False,pairwise_common
37,22,22938.488,2023-01-25__2023-07-19,2023-01-25,2023-07-19,False,pairwise_common
38,48,21096.288,2023-01-25__2023-07-19,2023-01-25,2023-07-19,False,pairwise_common
39,19,21669.514,2023-01-25__2023-07-19,2023-01-25,2023-07-19,False,pairwise_common
40,28,20869.98,2023-01-25__2023-07-19,2023-01-25,2023-07-19,False,pairwise_common
41,29,20575.584,2023-01-25__2023-07-19,2023-01-25,2023-07-19,False,pairwise_common
42,21,20345.666,2023-01-25__2023-07-19,2023-01-25,2023-07-19,False,pairwise_common
43,30,19753.444,2023-01-25__2023-07-19,2023-01-25,2023-07-19,False,pairwise_common
44,27,20166.234,2023-01-25__2023-07-19,2023-01-25,2023-07-19,False,pairwise_common
45,17,20300.642,2023-01-25__2023-07-19,2023-01-25,2023-07-19,False,pairwise_common
46,1,20507.188,2023-01-25__2023-07-19,2023-01-25,2023-07-19,False,pairwise_common
47,3,22467.912,2023-01-25__2023-07-19,2023-01-25,2023-07-19,False,pairwise_common
48,2,22506.584,2023-01-25__2023-07-19,2023-01-25,2023-07-19,False,pairwise_common
1,18,15201.11,2023-01-25__2023-07-19,2023-01-25,2023-07-19,False,fixed_common_eight_days
2,15,15672.42,2023-01-25__2023-07-19,2023-01-25,2023-07-19,False,fixed_common_eight_days
3,12,15837.172,2023-01-25__2023-07-19,2023-01-25,2023-07-19,False,fixed_common_eight_days
4,5,16245.274,2023-01-25__2023-07-19,2023-01-25,2023-07-19,False,fixed_common_eight_days
5,4,16334.232,2023-01-25__2023-07-19,2023-01-25,2023-07-19,False,fixed_common_eight_days
6,6,16226.374,2023-01-25__2023-07-19,2023-01-25,2023-07-19,False,fixed_common_eight_days
7,10,16224.126,2023-01-25__2023-07-19,2023-01-25,2023-07-19,False,fixed_common_eight_days
8,9,16414.8,2023-01-25__2023-07-19,2023-01-25,2023-07-19,False,fixed_common_eight_days
9,8,16185.44,2023-01-25__2023-07-19,2023-01-25,2023-07-19,False,fixed_common_eight_days
10,7,16528.142,2023-01-25__2023-07-19,2023-01-25,2023-07-19,False,fixed_common_eight_days
11,11,15476.852,2023-01-25__2023-07-19,2023-01-25,2023-07-19,False,fixed_common_eight_days
12,13,15293.25,2023-01-25__2023-07-19,2023-01-25,2023-07-19,False,fixed_common_eight_days
13,43,15038.576,2023-01-25__2023-07-19,2023-01-25,2023-07-19,False,fixed_common_eight_days
14,38,14731.146,2023-01-25__2023-07-19,2023-01-25,2023-07-19,False,fixed_common_eight_days
15,25,16515.932,2023-01-25__2023-07-19,2023-01-25,2023-07-19,False,fixed_common_eight_days
16,16,17177.762,2023-01-25__2023-07-19,2023-01-25,2023-07-19,False,fixed_common_eight_days
17,33,17382.584,2023-01-25__2023-07-19,2023-01-25,2023-07-19,False,fixed_common_eight_days
18,37,17165.022,2023-01-25__2023-07-19,2023-01-25,2023-07-19,False,fixed_common_eight_days
19,36,18004.508,2023-01-25__2023-07-19,2023-01-25,2023-07-19,False,fixed_common_eight_days
20,34,18274.274,2023-01-25__2023-07-19,2023-01-25,2023-07-19,False,fixed_common_eight_days
21,23,18969.262,2023-01-25__2023-07-19,2023-01-25,2023-07-19,False,fixed_common_eight_days
22,26,19656.12,2023-01-25__2023-07-19,2023-01-25,2023-07-19,False,fixed_common_eight_days
23,31,19402.366,2023-01-25__2023-07-19,2023-01-25,2023-07-19,False,fixed_common_eight_days
24,39,18389.364,2023-01-25__2023-07-19,2023-01-25,2023-07-19,False,fixed_common_eight_days
25,41,18149.998,2023-01-25__2023-07-19,2023-01-25,2023-07-19,False,fixed_common_eight_days
26,40,17952.018,2023-01-25__2023-07-19,2023-01-25,2023-07-19,False,fixed_common_eight_days
27,32,19269.738,2023-01-25__2023-07-19,2023-01-25,2023-07-19,False,fixed_common_eight_days
28,35,18501.902,2023-01-25__2023-07-19,2023-01-25,2023-07-19,False,fixed_common_eight_days
29,46,18603.502,2023-01-25__2023-07-19,2023-01-25,2023-07-19,False,fixed_common_eight_days
30,45,18463.078,2023-01-25__2023-07-19,2023-01-25,2023-07-19,False,fixed_common_eight_days
31,20,18844.054,2023-01-25__2023-07-19,2023-01-25,2023-07-19,False,fixed_common_eight_days
32,24,19222.122,2023-01-25__2023-07-19,2023-01-25,2023-07-19,False,fixed_common_eight_days
33,14,19987.39,2023-01-25__2023-07-19,2023-01-25,2023-07-19,False,fixed_common_eight_days
34,42,20110.554,2023-01-25__2023-07-19,2023-01-25,2023-07-19,False,fixed_common_eight_days
35,47,20281.828,2023-01-25__2023-07-19,2023-01-25,2023-07-19,False,fixed_common_eight_days
36,44,20854.792,2023-01-25__2023-07-19,2023-01-25,2023-07-19,False,fixed_common_eight_days
37,22,22911.028,2023-01-25__2023-07-19,2023-01-25,2023-07-19,False,fixed_common_eight_days
38,48,21096.188,2023-01-25__2023-07-19,2023-01-25,2023-07-19,False,fixed_common_eight_days
39,19,21654.154,2023-01-25__2023-07-19,2023-01-25,2023-07-19,False,fixed_common_eight_days
40,28,20829.51,2023-01-25__2023-07-19,2023-01-25,2023-07-19,False,fixed_common_eight_days
41,29,20541.914,2023-01-25__2023-07-19,2023-01-25,2023-07-19,False,fixed_common_eight_days
42,21,20309.696,2023-01-25__2023-07-19,2023-01-25,2023-07-19,False,fixed_common_eight_days
43,30,19710.504,2023-01-25__2023-07-19,2023-01-25,2023-07-19,False,fixed_common_eight_days
44,27,20132.484,2023-01-25__2023-07-19,2023-01-25,2023-07-19,False,fixed_common_eight_days
45,17,20278.332,2023-01-25__2023-07-19,2023-01-25,2023-07-19,False,fixed_common_eight_days
46,1,20507.098,2023-01-25__2023-07-19,2023-01-25,2023-07-19,False,fixed_common_eight_days
47,3,22467.812,2023-01-25__2023-07-19,2023-01-25,2023-07-19,False,fixed_common_eight_days
48,2,22506.484,2023-01-25__2023-07-19,2023-01-25,2023-07-19,False,fixed_common_eight_days
1,27,16746.906,2023-01-25__2023-07-26,2023-01-25,2023-07-26,True,pairwise_common
2,25,17394.29,2023-01-25__2023-07-26,2023-01-25,2023-07-26,True,pairwise_common
3,11,17159.74,2023-01-25__2023-07-26,2023-01-25,2023-07-26,True,pairwise_common
4,6,17282.38,2023-01-25__2023-07-26,2023-01-25,2023-07-26,True,pairwise_common
5,7,17433.902,2023-01-25__2023-07-26,2023-01-25,2023-07-26,True,pairwise_common
6,10,16836.384,2023-01-25__2023-07-26,2023-01-25,2023-07-26,True,pairwise_common
7,9,17246.438,2023-01-25__2023-07-26,2023-01-25,2023-07-26,True,pairwise_common
8,5,17388.34,2023-01-25__2023-07-26,2023-01-25,2023-07-26,True,pairwise_common
9,24,17168.348,2023-01-25__2023-07-26,2023-01-25,2023-07-26,True,pairwise_common
10,26,17589.74,2023-01-25__2023-07-26,2023-01-25,2023-07-26,True,pairwise_common
11,4,16616.77,2023-01-25__2023-07-26,2023-01-25,2023-07-26,True,pairwise_common
12,2,16336.882,2023-01-25__2023-07-26,2023-01-25,2023-07-26,True,pairwise_common
13,3,17395.848,2023-01-25__2023-07-26,2023-01-25,2023-07-26,True,pairwise_common
14,23,18170.034,2023-01-25__2023-07-26,2023-01-25,2023-07-26,True,pairwise_common
15,20,17499.976,2023-01-25__2023-07-26,2023-01-25,2023-07-26,True,pairwise_common
16,12,18018.584,2023-01-25__2023-07-26,2023-01-25,2023-07-26,True,pairwise_common
17,29,19509.474,2023-01-25__2023-07-26,2023-01-25,2023-07-26,True,pairwise_common
18,22,19677.256,2023-01-25__2023-07-26,2023-01-25,2023-07-26,True,pairwise_common
19,19,20209.114,2023-01-25__2023-07-26,2023-01-25,2023-07-26,True,pairwise_common
20,21,19947.57,2023-01-25__2023-07-26,2023-01-25,2023-07-26,True,pairwise_common
21,18,20334.28,2023-01-25__2023-07-26,2023-01-25,2023-07-26,True,pairwise_common
22,39,19549.604,2023-01-25__2023-07-26,2023-01-25,2023-07-26,True,pairwise_common
23,45,18859.81,2023-01-25__2023-07-26,2023-01-25,2023-07-26,True,pairwise_common
24,17,20172.714,2023-01-25__2023-07-26,2023-01-25,2023-07-26,True,pairwise_common
25,14,19116.71,2023-01-25__2023-07-26,2023-01-25,2023-07-26,True,pairwise_common
26,16,18839.714,2023-01-25__2023-07-26,2023-01-25,2023-07-26,True,pairwise_common
27,34,19130.856,2023-01-25__2023-07-26,2023-01-25,2023-07-26,True,pairwise_common
28,35,18503.364,2023-01-25__2023-07-26,2023-01-25,2023-07-26,True,pairwise_common
29,36,18056.16,2023-01-25__2023-07-26,2023-01-25,2023-07-26,True,pairwise_common
30,33,19390.234,2023-01-25__2023-07-26,2023-01-25,2023-07-26,True,pairwise_common
31,1,18871.23,2023-01-25__2023-07-26,2023-01-25,2023-07-26,True,pairwise_common
32,15,19451.272,2023-01-25__2023-07-26,2023-01-25,2023-07-26,True,pairwise_common
33,13,19810.77,2023-01-25__2023-07-26,2023-01-25,2023-07-26,True,pairwise_common
34,38,20025.11,2023-01-25__2023-07-26,2023-01-25,2023-07-26,True,pairwise_common
35,37,20509.458,2023-01-25__2023-07-26,2023-01-25,2023-07-26,True,pairwise_common
36,31,21942.964,2023-01-25__2023-07-26,2023-01-25,2023-07-26,True,pairwise_common
37,8,22778.844,2023-01-25__2023-07-26,2023-01-25,2023-07-26,True,pairwise_common
38,28,23122.358,2023-01-25__2023-07-26,2023-01-25,2023-07-26,True,pairwise_common
39,32,21684.988,2023-01-25__2023-07-26,2023-01-25,2023-07-26,True,pairwise_common
40,30,21827.066,2023-01-25__2023-07-26,2023-01-25,2023-07-26,True,pairwise_common
41,43,19202.37,2023-01-25__2023-07-26,2023-01-25,2023-07-26,True,pairwise_common
42,46,18844.314,2023-01-25__2023-07-26,2023-01-25,2023-07-26,True,pairwise_common
43,44,17402.846,2023-01-25__2023-07-26,2023-01-25,2023-07-26,True,pairwise_common
44,41,16880.566,2023-01-25__2023-07-26,2023-01-25,2023-07-26,True,pairwise_common
45,42,16824.18,2023-01-25__2023-07-26,2023-01-25,2023-07-26,True,pairwise_common
46,40,16980.454,2023-01-25__2023-07-26,2023-01-25,2023-07-26,True,pairwise_common
47,47,17687.552,2023-01-25__2023-07-26,2023-01-25,2023-07-26,True,pairwise_common
48,48,16944.416,2023-01-25__2023-07-26,2023-01-25,2023-07-26,True,pairwise_common
1,27,16729.696,2023-01-25__2023-07-26,2023-01-25,2023-07-26,True,fixed_common_eight_days
2,25,17361.9,2023-01-25__2023-07-26,2023-01-25,2023-07-26,True,fixed_common_eight_days
3,11,17159.64,2023-01-25__2023-07-26,2023-01-25,2023-07-26,True,fixed_common_eight_days
4,6,17282.28,2023-01-25__2023-07-26,2023-01-25,2023-07-26,True,fixed_common_eight_days
5,7,17433.812,2023-01-25__2023-07-26,2023-01-25,2023-07-26,True,fixed_common_eight_days
6,10,16836.294,2023-01-25__2023-07-26,2023-01-25,2023-07-26,True,fixed_common_eight_days
7,9,17246.338,2023-01-25__2023-07-26,2023-01-25,2023-07-26,True,fixed_common_eight_days
8,5,17388.25,2023-01-25__2023-07-26,2023-01-25,2023-07-26,True,fixed_common_eight_days
9,24,17127.168,2023-01-25__2023-07-26,2023-01-25,2023-07-26,True,fixed_common_eight_days
10,26,17566.32,2023-01-25__2023-07-26,2023-01-25,2023-07-26,True,fixed_common_eight_days
11,4,16616.67,2023-01-25__2023-07-26,2023-01-25,2023-07-26,True,fixed_common_eight_days
12,2,16336.792,2023-01-25__2023-07-26,2023-01-25,2023-07-26,True,fixed_common_eight_days
13,3,17395.748,2023-01-25__2023-07-26,2023-01-25,2023-07-26,True,fixed_common_eight_days
14,23,18141.694,2023-01-25__2023-07-26,2023-01-25,2023-07-26,True,fixed_common_eight_days
15,20,17463.126,2023-01-25__2023-07-26,2023-01-25,2023-07-26,True,fixed_common_eight_days
16,12,18018.244,2023-01-25__2023-07-26,2023-01-25,2023-07-26,True,fixed_common_eight_days
17,29,19500.814,2023-01-25__2023-07-26,2023-01-25,2023-07-26,True,fixed_common_eight_days
18,22,19649.926,2023-01-25__2023-07-26,2023-01-25,2023-07-26,True,fixed_common_eight_days
19,19,20179.634,2023-01-25__2023-07-26,2023-01-25,2023-07-26,True,fixed_common_eight_days
20,21,19912.67,2023-01-25__2023-07-26,2023-01-25,2023-07-26,True,fixed_common_eight_days
21,18,20307.04,2023-01-25__2023-07-26,2023-01-25,2023-07-26,True,fixed_common_eight_days
22,39,19548.274,2023-01-25__2023-07-26,2023-01-25,2023-07-26,True,fixed_common_eight_days
23,45,18859.72,2023-01-25__2023-07-26,2023-01-25,2023-07-26,True,fixed_common_eight_days
24,17,20148.704,2023-01-25__2023-07-26,2023-01-25,2023-07-26,True,fixed_common_eight_days
25,14,19111.44,2023-01-25__2023-07-26,2023-01-25,2023-07-26,True,fixed_common_eight_days
26,16,18829.844,2023-01-25__2023-07-26,2023-01-25,2023-07-26,True,fixed_common_eight_days
27,34,19126.416,2023-01-25__2023-07-26,2023-01-25,2023-07-26,True,fixed_common_eight_days
28,35,18499.264,2023-01-25__2023-07-26,2023-01-25,2023-07-26,True,fixed_common_eight_days
29,36,18053.36,2023-01-25__2023-07-26,2023-01-25,2023-07-26,True,fixed_common_eight_days
30,33,19386.354,2023-01-25__2023-07-26,2023-01-25,2023-07-26,True,fixed_common_eight_days
31,1,18871.13,2023-01-25__2023-07-26,2023-01-25,2023-07-26,True,fixed_common_eight_days
32,15,19440.152,2023-01-25__2023-07-26,2023-01-25,2023-07-26,True,fixed_common_eight_days
33,13,19808.81,2023-01-25__2023-07-26,2023-01-25,2023-07-26,True,fixed_common_eight_days
34,38,20023.59,2023-01-25__2023-07-26,2023-01-25,2023-07-26,True,fixed_common_eight_days
35,37,20506.418,2023-01-25__2023-07-26,2023-01-25,2023-07-26,True,fixed_common_eight_days
36,31,21932.004,2023-01-25__2023-07-26,2023-01-25,2023-07-26,True,fixed_common_eight_days
37,8,22778.744,2023-01-25__2023-07-26,2023-01-25,2023-07-26,True,fixed_common_eight_days
38,28,23107.208,2023-01-25__2023-07-26,2023-01-25,2023-07-26,True,fixed_common_eight_days
39,32,21674.768,2023-01-25__2023-07-26,2023-01-25,2023-07-26,True,fixed_common_eight_days
40,30,21812.336,2023-01-25__2023-07-26,2023-01-25,2023-07-26,True,fixed_common_eight_days
41,43,19202.27,2023-01-25__2023-07-26,2023-01-25,2023-07-26,True,fixed_common_eight_days
42,46,18844.214,2023-01-25__2023-07-26,2023-01-25,2023-07-26,True,fixed_common_eight_days
43,44,17402.746,2023-01-25__2023-07-26,2023-01-25,2023-07-26,True,fixed_common_eight_days
44,41,16880.526,2023-01-25__2023-07-26,2023-01-25,2023-07-26,True,fixed_common_eight_days
45,42,16824.02,2023-01-25__2023-07-26,2023-01-25,2023-07-26,True,fixed_common_eight_days
46,40,16979.794,2023-01-25__2023-07-26,2023-01-25,2023-07-26,True,fixed_common_eight_days
47,47,17687.452,2023-01-25__2023-07-26,2023-01-25,2023-07-26,True,fixed_common_eight_days
48,48,16944.326,2023-01-25__2023-07-26,2023-01-25,2023-07-26,True,fixed_common_eight_days
