row,family,hour_0based,uid,original_row,dwell_support_first_hour,dwell_support_last_hour
266,minimum_up,24,101_CT_1,312,24,24
267,minimum_down,24,101_CT_1,313,24,24
272,minimum_up,25,101_CT_1,318,25,25
273,minimum_down,25,101_CT_1,319,25,25
278,minimum_up,26,101_CT_1,324,26,26
279,minimum_down,26,101_CT_1,325,26,26
284,minimum_up,27,101_CT_1,330,27,27
285,minimum_down,27,101_CT_1,331,27,27
290,minimum_up,28,101_CT_1,336,28,28
291,minimum_down,28,101_CT_1,337,28,28
296,minimum_up,29,101_CT_1,342,29,29
297,minimum_down,29,101_CT_1,343,29,29
302,minimum_up,30,101_CT_1,348,30,30
303,minimum_down,30,101_CT_1,349,30,30
308,minimum_up,31,101_CT_1,354,31,31
309,minimum_down,31,101_CT_1,355,31,31
314,minimum_up,32,101_CT_1,360,32,32
315,minimum_down,32,101_CT_1,361,32,32
320,minimum_up,33,101_CT_1,366,33,33
321,minimum_down,33,101_CT_1,367,33,33
326,minimum_up,34,101_CT_1,372,34,34
327,minimum_down,34,101_CT_1,373,34,34
332,minimum_up,35,101_CT_1,378,35,35
333,minimum_down,35,101_CT_1,379,35,35
338,minimum_up,36,101_CT_1,384,36,36
339,minimum_down,36,101_CT_1,385,36,36
344,minimum_up,37,101_CT_1,390,37,37
345,minimum_down,37,101_CT_1,391,37,37
350,minimum_up,38,101_CT_1,396,38,38
351,minimum_down,38,101_CT_1,397,38,38
356,minimum_up,39,101_CT_1,402,39,39
357,minimum_down,39,101_CT_1,403,39,39
362,minimum_up,40,101_CT_1,408,40,40
363,minimum_down,40,101_CT_1,409,40,40
368,minimum_up,41,101_CT_1,414,41,41
369,minimum_down,41,101_CT_1,415,41,41
374,minimum_up,42,101_CT_1,420,42,42
375,minimum_down,42,101_CT_1,421,42,42
380,minimum_up,43,101_CT_1,426,43,43
381,minimum_down,43,101_CT_1,427,43,43
386,minimum_up,44,101_CT_1,432,44,44
387,minimum_down,44,101_CT_1,433,44,44
392,minimum_up,45,101_CT_1,438,45,45
393,minimum_down,45,101_CT_1,439,45,45
398,minimum_up,46,101_CT_1,444,46,46
399,minimum_down,46,101_CT_1,445,46,46
404,minimum_up,47,101_CT_1,450,47,47
405,minimum_down,47,101_CT_1,451,47,47
410,minimum_up,48,101_CT_1,456,48,48
411,minimum_down,48,101_CT_1,457,48,48
416,minimum_up,49,101_CT_1,462,49,49
417,minimum_down,49,101_CT_1,463,49,49
422,minimum_up,50,101_CT_1,468,50,50
423,minimum_down,50,101_CT_1,469,50,50
428,minimum_up,51,101_CT_1,474,51,51
429,minimum_down,51,101_CT_1,475,51,51
434,minimum_up,52,101_CT_1,480,52,52
435,minimum_down,52,101_CT_1,481,52,52
440,minimum_up,53,101_CT_1,486,53,53
441,minimum_down,53,101_CT_1,487,53,53
446,minimum_up,54,101_CT_1,492,54,54
447,minimum_down,54,101_CT_1,493,54,54
452,minimum_up,55,101_CT_1,498,55,55
453,minimum_down,55,101_CT_1,499,55,55
458,minimum_up,56,101_CT_1,504,56,56
459,minimum_down,56,101_CT_1,505,56,56
464,minimum_up,57,101_CT_1,510,57,57
465,minimum_down,57,101_CT_1,511,57,57
470,minimum_up,58,101_CT_1,516,58,58
471,minimum_down,58,101_CT_1,517,58,58
476,minimum_up,59,101_CT_1,522,59,59
477,minimum_down,59,101_CT_1,523,59,59
482,minimum_up,60,101_CT_1,528,60,60
483,minimum_down,60,101_CT_1,529,60,60
488,minimum_up,61,101_CT_1,534,61,61
489,minimum_down,61,101_CT_1,535,61,61
494,minimum_up,62,101_CT_1,540,62,62
495,minimum_down,62,101_CT_1,541,62,62
500,minimum_up,63,101_CT_1,546,63,63
501,minimum_down,63,101_CT_1,547,63,63
506,minimum_up,64,101_CT_1,552,64,64
507,minimum_down,64,101_CT_1,553,64,64
512,minimum_up,65,101_CT_1,558,65,65
513,minimum_down,65,101_CT_1,559,65,65
518,minimum_up,66,101_CT_1,564,66,66
519,minimum_down,66,101_CT_1,565,66,66
524,minimum_up,67,101_CT_1,570,67,67
525,minimum_down,67,101_CT_1,571,67,67
530,minimum_up,68,101_CT_1,576,68,68
531,minimum_down,68,101_CT_1,577,68,68
536,minimum_up,69,101_CT_1,582,69,69
537,minimum_down,69,101_CT_1,583,69,69
542,minimum_up,70,101_CT_1,588,70,70
543,minimum_down,70,101_CT_1,589,70,70
548,minimum_up,71,101_CT_1,594,71,71
549,minimum_down,71,101_CT_1,595,71,71
554,minimum_up,72,101_CT_1,600,72,72
555,minimum_down,72,101_CT_1,601,72,72
560,minimum_up,73,101_CT_1,606,73,73
561,minimum_down,73,101_CT_1,607,73,73
566,minimum_up,74,101_CT_1,612,74,74
567,minimum_down,74,101_CT_1,613,74,74
572,minimum_up,75,101_CT_1,618,75,75
573,minimum_down,75,101_CT_1,619,75,75
578,minimum_up,76,101_CT_1,624,76,76
579,minimum_down,76,101_CT_1,625,76,76
584,minimum_up,77,101_CT_1,630,77,77
585,minimum_down,77,101_CT_1,631,77,77
590,minimum_up,78,101_CT_1,636,78,78
591,minimum_down,78,101_CT_1,637,78,78
596,minimum_up,79,101_CT_1,642,79,79
597,minimum_down,79,101_CT_1,643,79,79
602,minimum_up,80,101_CT_1,648,80,80
603,minimum_down,80,101_CT_1,649,80,80
608,minimum_up,81,101_CT_1,654,81,81
609,minimum_down,81,101_CT_1,655,81,81
614,minimum_up,82,101_CT_1,660,82,82
615,minimum_down,82,101_CT_1,661,82,82
620,minimum_up,83,101_CT_1,666,83,83
621,minimum_down,83,101_CT_1,667,83,83
626,minimum_up,84,101_CT_1,672,84,84
627,minimum_down,84,101_CT_1,673,84,84
632,minimum_up,85,101_CT_1,678,85,85
633,minimum_down,85,101_CT_1,679,85,85
638,minimum_up,86,101_CT_1,684,86,86
639,minimum_down,86,101_CT_1,685,86,86
644,minimum_up,87,101_CT_1,690,87,87
645,minimum_down,87,101_CT_1,691,87,87
650,minimum_up,88,101_CT_1,696,88,88
651,minimum_down,88,101_CT_1,697,88,88
656,minimum_up,89,101_CT_1,702,89,89
657,minimum_down,89,101_CT_1,703,89,89
662,minimum_up,90,101_CT_1,708,90,90
663,minimum_down,90,101_CT_1,709,90,90
668,minimum_up,91,101_CT_1,714,91,91
669,minimum_down,91,101_CT_1,715,91,91
674,minimum_up,92,101_CT_1,720,92,92
675,minimum_down,92,101_CT_1,721,92,92
680,minimum_up,93,101_CT_1,726,93,93
681,minimum_down,93,101_CT_1,727,93,93
686,minimum_up,94,101_CT_1,732,94,94
687,minimum_down,94,101_CT_1,733,94,94
692,minimum_up,95,101_CT_1,738,95,95
693,minimum_down,95,101_CT_1,739,95,95
698,minimum_up,96,101_CT_1,744,96,96
699,minimum_down,96,101_CT_1,745,96,96
704,minimum_up,97,101_CT_1,750,97,97
705,minimum_down,97,101_CT_1,751,97,97
710,minimum_up,98,101_CT_1,756,98,98
711,minimum_down,98,101_CT_1,757,98,98
716,minimum_up,99,101_CT_1,762,99,99
717,minimum_down,99,101_CT_1,763,99,99
722,minimum_up,100,101_CT_1,768,100,100
723,minimum_down,100,101_CT_1,769,100,100
728,minimum_up,101,101_CT_1,774,101,101
729,minimum_down,101,101_CT_1,775,101,101
734,minimum_up,102,101_CT_1,780,102,102
735,minimum_down,102,101_CT_1,781,102,102
740,minimum_up,103,101_CT_1,786,103,103
741,minimum_down,103,101_CT_1,787,103,103
746,minimum_up,104,101_CT_1,792,104,104
747,minimum_down,104,101_CT_1,793,104,104
752,minimum_up,105,101_CT_1,798,105,105
753,minimum_down,105,101_CT_1,799,105,105
758,minimum_up,106,101_CT_1,804,106,106
759,minimum_down,106,101_CT_1,805,106,106
764,minimum_up,107,101_CT_1,810,107,107
765,minimum_down,107,101_CT_1,811,107,107
770,minimum_up,108,101_CT_1,816,108,108
771,minimum_down,108,101_CT_1,817,108,108
776,minimum_up,109,101_CT_1,822,109,109
777,minimum_down,109,101_CT_1,823,109,109
782,minimum_up,110,101_CT_1,828,110,110
783,minimum_down,110,101_CT_1,829,110,110
788,minimum_up,111,101_CT_1,834,111,111
789,minimum_down,111,101_CT_1,835,111,111
794,minimum_up,112,101_CT_1,840,112,112
795,minimum_down,112,101_CT_1,841,112,112
800,minimum_up,113,101_CT_1,846,113,113
801,minimum_down,113,101_CT_1,847,113,113
806,minimum_up,114,101_CT_1,852,114,114
807,minimum_down,114,101_CT_1,853,114,114
812,minimum_up,115,101_CT_1,858,115,115
813,minimum_down,115,101_CT_1,859,115,115
818,minimum_up,116,101_CT_1,864,116,116
819,minimum_down,116,101_CT_1,865,116,116
824,minimum_up,117,101_CT_1,870,117,117
825,minimum_down,117,101_CT_1,871,117,117
830,minimum_up,118,101_CT_1,876,118,118
831,minimum_down,118,101_CT_1,877,118,118
836,minimum_up,119,101_CT_1,882,119,119
837,minimum_down,119,101_CT_1,883,119,119
842,minimum_up,120,101_CT_1,888,120,120
843,minimum_down,120,101_CT_1,889,120,120
848,minimum_up,121,101_CT_1,894,121,121
849,minimum_down,121,101_CT_1,895,121,121
854,minimum_up,122,101_CT_1,900,122,122
855,minimum_down,122,101_CT_1,901,122,122
860,minimum_up,123,101_CT_1,906,123,123
861,minimum_down,123,101_CT_1,907,123,123
866,minimum_up,124,101_CT_1,912,124,124
867,minimum_down,124,101_CT_1,913,124,124
872,minimum_up,125,101_CT_1,918,125,125
873,minimum_down,125,101_CT_1,919,125,125
878,minimum_up,126,101_CT_1,924,126,126
879,minimum_down,126,101_CT_1,925,126,126
884,minimum_up,127,101_CT_1,930,127,127
885,minimum_down,127,101_CT_1,931,127,127
890,minimum_up,128,101_CT_1,936,128,128
891,minimum_down,128,101_CT_1,937,128,128
896,minimum_up,129,101_CT_1,942,129,129
897,minimum_down,129,101_CT_1,943,129,129
902,minimum_up,130,101_CT_1,948,130,130
903,minimum_down,130,101_CT_1,949,130,130
908,minimum_up,131,101_CT_1,954,131,131
909,minimum_down,131,101_CT_1,955,131,131
914,minimum_up,132,101_CT_1,960,132,132
915,minimum_down,132,101_CT_1,961,132,132
920,minimum_up,133,101_CT_1,966,133,133
921,minimum_down,133,101_CT_1,967,133,133
926,minimum_up,134,101_CT_1,972,134,134
927,minimum_down,134,101_CT_1,973,134,134
932,minimum_up,135,101_CT_1,978,135,135
933,minimum_down,135,101_CT_1,979,135,135
938,minimum_up,136,101_CT_1,984,136,136
939,minimum_down,136,101_CT_1,985,136,136
944,minimum_up,137,101_CT_1,990,137,137
945,minimum_down,137,101_CT_1,991,137,137
950,minimum_up,138,101_CT_1,996,138,138
951,minimum_down,138,101_CT_1,997,138,138
956,minimum_up,139,101_CT_1,1002,139,139
957,minimum_down,139,101_CT_1,1003,139,139
962,minimum_up,140,101_CT_1,1008,140,140
963,minimum_down,140,101_CT_1,1009,140,140
968,minimum_up,141,101_CT_1,1014,141,141
969,minimum_down,141,101_CT_1,1015,141,141
974,minimum_up,142,101_CT_1,1020,142,142
975,minimum_down,142,101_CT_1,1021,142,142
980,minimum_up,143,101_CT_1,1026,143,143
981,minimum_down,143,101_CT_1,1027,143,143
1176,minimum_up,24,101_CT_2,1316,24,24
1177,minimum_down,24,101_CT_2,1317,24,24
1182,minimum_up,25,101_CT_2,1322,25,25
1183,minimum_down,25,101_CT_2,1323,25,25
1188,minimum_up,26,101_CT_2,1328,26,26
1189,minimum_down,26,101_CT_2,1329,26,26
1194,minimum_up,27,101_CT_2,1334,27,27
1195,minimum_down,27,101_CT_2,1335,27,27
1200,minimum_up,28,101_CT_2,1340,28,28
1201,minimum_down,28,101_CT_2,1341,28,28
1206,minimum_up,29,101_CT_2,1346,29,29
1207,minimum_down,29,101_CT_2,1347,29,29
1212,minimum_up,30,101_CT_2,1352,30,30
1213,minimum_down,30,101_CT_2,1353,30,30
1218,minimum_up,31,101_CT_2,1358,31,31
1219,minimum_down,31,101_CT_2,1359,31,31
1224,minimum_up,32,101_CT_2,1364,32,32
1225,minimum_down,32,101_CT_2,1365,32,32
1230,minimum_up,33,101_CT_2,1370,33,33
1231,minimum_down,33,101_CT_2,1371,33,33
1236,minimum_up,34,101_CT_2,1376,34,34
1237,minimum_down,34,101_CT_2,1377,34,34
1242,minimum_up,35,101_CT_2,1382,35,35
1243,minimum_down,35,101_CT_2,1383,35,35
1248,minimum_up,36,101_CT_2,1388,36,36
1249,minimum_down,36,101_CT_2,1389,36,36
1254,minimum_up,37,101_CT_2,1394,37,37
1255,minimum_down,37,101_CT_2,1395,37,37
1260,minimum_up,38,101_CT_2,1400,38,38
1261,minimum_down,38,101_CT_2,1401,38,38
1266,minimum_up,39,101_CT_2,1406,39,39
1267,minimum_down,39,101_CT_2,1407,39,39
1272,minimum_up,40,101_CT_2,1412,40,40
1273,minimum_down,40,101_CT_2,1413,40,40
1278,minimum_up,41,101_CT_2,1418,41,41
1279,minimum_down,41,101_CT_2,1419,41,41
1284,minimum_up,42,101_CT_2,1424,42,42
1285,minimum_down,42,101_CT_2,1425,42,42
1290,minimum_up,43,101_CT_2,1430,43,43
1291,minimum_down,43,101_CT_2,1431,43,43
1296,minimum_up,44,101_CT_2,1436,44,44
1297,minimum_down,44,101_CT_2,1437,44,44
1302,minimum_up,45,101_CT_2,1442,45,45
1303,minimum_down,45,101_CT_2,1443,45,45
1308,minimum_up,46,101_CT_2,1448,46,46
1309,minimum_down,46,101_CT_2,1449,46,46
1314,minimum_up,47,101_CT_2,1454,47,47
1315,minimum_down,47,101_CT_2,1455,47,47
1320,minimum_up,48,101_CT_2,1460,48,48
1321,minimum_down,48,101_CT_2,1461,48,48
1326,minimum_up,49,101_CT_2,1466,49,49
1327,minimum_down,49,101_CT_2,1467,49,49
1332,minimum_up,50,101_CT_2,1472,50,50
1333,minimum_down,50,101_CT_2,1473,50,50
1338,minimum_up,51,101_CT_2,1478,51,51
1339,minimum_down,51,101_CT_2,1479,51,51
1344,minimum_up,52,101_CT_2,1484,52,52
1345,minimum_down,52,101_CT_2,1485,52,52
1350,minimum_up,53,101_CT_2,1490,53,53
1351,minimum_down,53,101_CT_2,1491,53,53
1356,minimum_up,54,101_CT_2,1496,54,54
1357,minimum_down,54,101_CT_2,1497,54,54
1362,minimum_up,55,101_CT_2,1502,55,55
1363,minimum_down,55,101_CT_2,1503,55,55
1368,minimum_up,56,101_CT_2,1508,56,56
1369,minimum_down,56,101_CT_2,1509,56,56
1374,minimum_up,57,101_CT_2,1514,57,57
1375,minimum_down,57,101_CT_2,1515,57,57
1380,minimum_up,58,101_CT_2,1520,58,58
1381,minimum_down,58,101_CT_2,1521,58,58
1386,minimum_up,59,101_CT_2,1526,59,59
1387,minimum_down,59,101_CT_2,1527,59,59
1392,minimum_up,60,101_CT_2,1532,60,60
1393,minimum_down,60,101_CT_2,1533,60,60
1398,minimum_up,61,101_CT_2,1538,61,61
1399,minimum_down,61,101_CT_2,1539,61,61
1404,minimum_up,62,101_CT_2,1544,62,62
1405,minimum_down,62,101_CT_2,1545,62,62
1410,minimum_up,63,101_CT_2,1550,63,63
1411,minimum_down,63,101_CT_2,1551,63,63
1416,minimum_up,64,101_CT_2,1556,64,64
1417,minimum_down,64,101_CT_2,1557,64,64
1422,minimum_up,65,101_CT_2,1562,65,65
1423,minimum_down,65,101_CT_2,1563,65,65
1428,minimum_up,66,101_CT_2,1568,66,66
1429,minimum_down,66,101_CT_2,1569,66,66
1434,minimum_up,67,101_CT_2,1574,67,67
1435,minimum_down,67,101_CT_2,1575,67,67
1440,minimum_up,68,101_CT_2,1580,68,68
1441,minimum_down,68,101_CT_2,1581,68,68
1446,minimum_up,69,101_CT_2,1586,69,69
1447,minimum_down,69,101_CT_2,1587,69,69
1452,minimum_up,70,101_CT_2,1592,70,70
1453,minimum_down,70,101_CT_2,1593,70,70
1458,minimum_up,71,101_CT_2,1598,71,71
1459,minimum_down,71,101_CT_2,1599,71,71
1464,minimum_up,72,101_CT_2,1604,72,72
1465,minimum_down,72,101_CT_2,1605,72,72
1470,minimum_up,73,101_CT_2,1610,73,73
1471,minimum_down,73,101_CT_2,1611,73,73
1476,minimum_up,74,101_CT_2,1616,74,74
1477,minimum_down,74,101_CT_2,1617,74,74
1482,minimum_up,75,101_CT_2,1622,75,75
1483,minimum_down,75,101_CT_2,1623,75,75
1488,minimum_up,76,101_CT_2,1628,76,76
1489,minimum_down,76,101_CT_2,1629,76,76
1494,minimum_up,77,101_CT_2,1634,77,77
1495,minimum_down,77,101_CT_2,1635,77,77
1500,minimum_up,78,101_CT_2,1640,78,78
1501,minimum_down,78,101_CT_2,1641,78,78
1506,minimum_up,79,101_CT_2,1646,79,79
1507,minimum_down,79,101_CT_2,1647,79,79
1512,minimum_up,80,101_CT_2,1652,80,80
1513,minimum_down,80,101_CT_2,1653,80,80
1518,minimum_up,81,101_CT_2,1658,81,81
1519,minimum_down,81,101_CT_2,1659,81,81
1524,minimum_up,82,101_CT_2,1664,82,82
1525,minimum_down,82,101_CT_2,1665,82,82
1530,minimum_up,83,101_CT_2,1670,83,83
1531,minimum_down,83,101_CT_2,1671,83,83
1536,minimum_up,84,101_CT_2,1676,84,84
1537,minimum_down,84,101_CT_2,1677,84,84
1542,minimum_up,85,101_CT_2,1682,85,85
1543,minimum_down,85,101_CT_2,1683,85,85
1548,minimum_up,86,101_CT_2,1688,86,86
1549,minimum_down,86,101_CT_2,1689,86,86
1554,minimum_up,87,101_CT_2,1694,87,87
1555,minimum_down,87,101_CT_2,1695,87,87
1560,minimum_up,88,101_CT_2,1700,88,88
1561,minimum_down,88,101_CT_2,1701,88,88
1566,minimum_up,89,101_CT_2,1706,89,89
1567,minimum_down,89,101_CT_2,1707,89,89
1572,minimum_up,90,101_CT_2,1712,90,90
1573,minimum_down,90,101_CT_2,1713,90,90
1578,minimum_up,91,101_CT_2,1718,91,91
1579,minimum_down,91,101_CT_2,1719,91,91
1584,minimum_up,92,101_CT_2,1724,92,92
1585,minimum_down,92,101_CT_2,1725,92,92
1590,minimum_up,93,101_CT_2,1730,93,93
1591,minimum_down,93,101_CT_2,1731,93,93
1596,minimum_up,94,101_CT_2,1736,94,94
1597,minimum_down,94,101_CT_2,1737,94,94
1602,minimum_up,95,101_CT_2,1742,95,95
1603,minimum_down,95,101_CT_2,1743,95,95
1608,minimum_up,96,101_CT_2,1748,96,96
1609,minimum_down,96,101_CT_2,1749,96,96
1614,minimum_up,97,101_CT_2,1754,97,97
1615,minimum_down,97,101_CT_2,1755,97,97
1620,minimum_up,98,101_CT_2,1760,98,98
1621,minimum_down,98,101_CT_2,1761,98,98
1626,minimum_up,99,101_CT_2,1766,99,99
1627,minimum_down,99,101_CT_2,1767,99,99
1632,minimum_up,100,101_CT_2,1772,100,100
1633,minimum_down,100,101_CT_2,1773,100,100
1638,minimum_up,101,101_CT_2,1778,101,101
1639,minimum_down,101,101_CT_2,1779,101,101
1644,minimum_up,102,101_CT_2,1784,102,102
1645,minimum_down,102,101_CT_2,1785,102,102
1650,minimum_up,103,101_CT_2,1790,103,103
1651,minimum_down,103,101_CT_2,1791,103,103
1656,minimum_up,104,101_CT_2,1796,104,104
1657,minimum_down,104,101_CT_2,1797,104,104
1662,minimum_up,105,101_CT_2,1802,105,105
1663,minimum_down,105,101_CT_2,1803,105,105
1668,minimum_up,106,101_CT_2,1808,106,106
1669,minimum_down,106,101_CT_2,1809,106,106
1674,minimum_up,107,101_CT_2,1814,107,107
1675,minimum_down,107,101_CT_2,1815,107,107
1680,minimum_up,108,101_CT_2,1820,108,108
1681,minimum_down,108,101_CT_2,1821,108,108
1686,minimum_up,109,101_CT_2,1826,109,109
1687,minimum_down,109,101_CT_2,1827,109,109
1692,minimum_up,110,101_CT_2,1832,110,110
1693,minimum_down,110,101_CT_2,1833,110,110
1698,minimum_up,111,101_CT_2,1838,111,111
1699,minimum_down,111,101_CT_2,1839,111,111
1704,minimum_up,112,101_CT_2,1844,112,112
1705,minimum_down,112,101_CT_2,1845,112,112
1710,minimum_up,113,101_CT_2,1850,113,113
1711,minimum_down,113,101_CT_2,1851,113,113
1716,minimum_up,114,101_CT_2,1856,114,114
1717,minimum_down,114,101_CT_2,1857,114,114
1722,minimum_up,115,101_CT_2,1862,115,115
1723,minimum_down,115,101_CT_2,1863,115,115
1728,minimum_up,116,101_CT_2,1868,116,116
1729,minimum_down,116,101_CT_2,1869,116,116
1734,minimum_up,117,101_CT_2,1874,117,117
1735,minimum_down,117,101_CT_2,1875,117,117
1740,minimum_up,118,101_CT_2,1880,118,118
1741,minimum_down,118,101_CT_2,1881,118,118
1746,minimum_up,119,101_CT_2,1886,119,119
1747,minimum_down,119,101_CT_2,1887,119,119
1752,minimum_up,120,101_CT_2,1892,120,120
1753,minimum_down,120,101_CT_2,1893,120,120
1758,minimum_up,121,101_CT_2,1898,121,121
1759,minimum_down,121,101_CT_2,1899,121,121
1764,minimum_up,122,101_CT_2,1904,122,122
1765,minimum_down,122,101_CT_2,1905,122,122
1770,minimum_up,123,101_CT_2,1910,123,123
1771,minimum_down,123,101_CT_2,1911,123,123
1776,minimum_up,124,101_CT_2,1916,124,124
1777,minimum_down,124,101_CT_2,1917,124,124
1782,minimum_up,125,101_CT_2,1922,125,125
1783,minimum_down,125,101_CT_2,1923,125,125
1788,minimum_up,126,101_CT_2,1928,126,126
1789,minimum_down,126,101_CT_2,1929,126,126
1794,minimum_up,127,101_CT_2,1934,127,127
1795,minimum_down,127,101_CT_2,1935,127,127
1800,minimum_up,128,101_CT_2,1940,128,128
1801,minimum_down,128,101_CT_2,1941,128,128
1806,minimum_up,129,101_CT_2,1946,129,129
1807,minimum_down,129,101_CT_2,1947,129,129
1812,minimum_up,130,101_CT_2,1952,130,130
1813,minimum_down,130,101_CT_2,1953,130,130
1818,minimum_up,131,101_CT_2,1958,131,131
1819,minimum_down,131,101_CT_2,1959,131,131
1824,minimum_up,132,101_CT_2,1964,132,132
1825,minimum_down,132,101_CT_2,1965,132,132
1830,minimum_up,133,101_CT_2,1970,133,133
1831,minimum_down,133,101_CT_2,1971,133,133
1836,minimum_up,134,101_CT_2,1976,134,134
1837,minimum_down,134,101_CT_2,1977,134,134
1842,minimum_up,135,101_CT_2,1982,135,135
1843,minimum_down,135,101_CT_2,1983,135,135
1848,minimum_up,136,101_CT_2,1988,136,136
1849,minimum_down,136,101_CT_2,1989,136,136
1854,minimum_up,137,101_CT_2,1994,137,137
1855,minimum_down,137,101_CT_2,1995,137,137
1860,minimum_up,138,101_CT_2,2000,138,138
1861,minimum_down,138,101_CT_2,2001,138,138
1866,minimum_up,139,101_CT_2,2006,139,139
1867,minimum_down,139,101_CT_2,2007,139,139
1872,minimum_up,140,101_CT_2,2012,140,140
1873,minimum_down,140,101_CT_2,2013,140,140
1878,minimum_up,141,101_CT_2,2018,141,141
1879,minimum_down,141,101_CT_2,2019,141,141
1884,minimum_up,142,101_CT_2,2024,142,142
1885,minimum_down,142,101_CT_2,2025,142,142
1890,minimum_up,143,101_CT_2,2030,143,143
1891,minimum_down,143,101_CT_2,2031,143,143
2098,minimum_down,27,101_STEAM_3,2339,24,27
2103,minimum_down,28,101_STEAM_3,2345,25,28
2108,minimum_down,29,101_STEAM_3,2351,26,29
2113,minimum_down,30,101_STEAM_3,2357,27,30
2118,minimum_up,31,101_STEAM_3,2362,24,31
2119,minimum_down,31,101_STEAM_3,2363,28,31
2124,minimum_up,32,101_STEAM_3,2368,25,32
2125,minimum_down,32,101_STEAM_3,2369,29,32
2130,minimum_up,33,101_STEAM_3,2374,26,33
2131,minimum_down,33,101_STEAM_3,2375,30,33
2136,minimum_up,34,101_STEAM_3,2380,27,34
2137,minimum_down,34,101_STEAM_3,2381,31,34
2142,minimum_up,35,101_STEAM_3,2386,28,35
2143,minimum_down,35,101_STEAM_3,2387,32,35
2148,minimum_up,36,101_STEAM_3,2392,29,36
2149,minimum_down,36,101_STEAM_3,2393,33,36
2154,minimum_up,37,101_STEAM_3,2398,30,37
2155,minimum_down,37,101_STEAM_3,2399,34,37
2160,minimum_up,38,101_STEAM_3,2404,31,38
2161,minimum_down,38,101_STEAM_3,2405,35,38
2166,minimum_up,39,101_STEAM_3,2410,32,39
2167,minimum_down,39,101_STEAM_3,2411,36,39
2172,minimum_up,40,101_STEAM_3,2416,33,40
2173,minimum_down,40,101_STEAM_3,2417,37,40
2178,minimum_up,41,101_STEAM_3,2422,34,41
2179,minimum_down,41,101_STEAM_3,2423,38,41
2184,minimum_up,42,101_STEAM_3,2428,35,42
2185,minimum_down,42,101_STEAM_3,2429,39,42
2190,minimum_up,43,101_STEAM_3,2434,36,43
2191,minimum_down,43,101_STEAM_3,2435,40,43
2196,minimum_up,44,101_STEAM_3,2440,37,44
2197,minimum_down,44,101_STEAM_3,2441,41,44
2202,minimum_up,45,101_STEAM_3,2446,38,45
2203,minimum_down,45,101_STEAM_3,2447,42,45
2208,minimum_up,46,101_STEAM_3,2452,39,46
2209,minimum_down,46,101_STEAM_3,2453,43,46
2214,minimum_up,47,101_STEAM_3,2458,40,47
2215,minimum_down,47,101_STEAM_3,2459,44,47
2220,minimum_up,48,101_STEAM_3,2464,41,48
2221,minimum_down,48,101_STEAM_3,2465,45,48
2226,minimum_up,49,101_STEAM_3,2470,42,49
2227,minimum_down,49,101_STEAM_3,2471,46,49
2232,minimum_up,50,101_STEAM_3,2476,43,50
2233,minimum_down,50,101_STEAM_3,2477,47,50
2238,minimum_up,51,101_STEAM_3,2482,44,51
2239,minimum_down,51,101_STEAM_3,2483,48,51
2244,minimum_up,52,101_STEAM_3,2488,45,52
2245,minimum_down,52,101_STEAM_3,2489,49,52
2250,minimum_up,53,101_STEAM_3,2494,46,53
2251,minimum_down,53,101_STEAM_3,2495,50,53
2256,minimum_up,54,101_STEAM_3,2500,47,54
2257,minimum_down,54,101_STEAM_3,2501,51,54
2262,minimum_up,55,101_STEAM_3,2506,48,55
2263,minimum_down,55,101_STEAM_3,2507,52,55
2268,minimum_up,56,101_STEAM_3,2512,49,56
2269,minimum_down,56,101_STEAM_3,2513,53,56
2274,minimum_up,57,101_STEAM_3,2518,50,57
2275,minimum_down,57,101_STEAM_3,2519,54,57
2280,minimum_up,58,101_STEAM_3,2524,51,58
2281,minimum_down,58,101_STEAM_3,2525,55,58
2286,minimum_up,59,101_STEAM_3,2530,52,59
2287,minimum_down,59,101_STEAM_3,2531,56,59
2292,minimum_up,60,101_STEAM_3,2536,53,60
2293,minimum_down,60,101_STEAM_3,2537,57,60
2298,minimum_up,61,101_STEAM_3,2542,54,61
2299,minimum_down,61,101_STEAM_3,2543,58,61
2304,minimum_up,62,101_STEAM_3,2548,55,62
2305,minimum_down,62,101_STEAM_3,2549,59,62
2310,minimum_up,63,101_STEAM_3,2554,56,63
2311,minimum_down,63,101_STEAM_3,2555,60,63
2316,minimum_up,64,101_STEAM_3,2560,57,64
2317,minimum_down,64,101_STEAM_3,2561,61,64
2322,minimum_up,65,101_STEAM_3,2566,58,65
2323,minimum_down,65,101_STEAM_3,2567,62,65
2328,minimum_up,66,101_STEAM_3,2572,59,66
2329,minimum_down,66,101_STEAM_3,2573,63,66
2334,minimum_up,67,101_STEAM_3,2578,60,67
2335,minimum_down,67,101_STEAM_3,2579,64,67
2340,minimum_up,68,101_STEAM_3,2584,61,68
2341,minimum_down,68,101_STEAM_3,2585,65,68
2346,minimum_up,69,101_STEAM_3,2590,62,69
2347,minimum_down,69,101_STEAM_3,2591,66,69
2352,minimum_up,70,101_STEAM_3,2596,63,70
2353,minimum_down,70,101_STEAM_3,2597,67,70
2358,minimum_up,71,101_STEAM_3,2602,64,71
2359,minimum_down,71,101_STEAM_3,2603,68,71
2364,minimum_up,72,101_STEAM_3,2608,65,72
2365,minimum_down,72,101_STEAM_3,2609,69,72
2370,minimum_up,73,101_STEAM_3,2614,66,73
2371,minimum_down,73,101_STEAM_3,2615,70,73
2376,minimum_up,74,101_STEAM_3,2620,67,74
2377,minimum_down,74,101_STEAM_3,2621,71,74
2382,minimum_up,75,101_STEAM_3,2626,68,75
2383,minimum_down,75,101_STEAM_3,2627,72,75
2388,minimum_up,76,101_STEAM_3,2632,69,76
2389,minimum_down,76,101_STEAM_3,2633,73,76
2394,minimum_up,77,101_STEAM_3,2638,70,77
2395,minimum_down,77,101_STEAM_3,2639,74,77
2400,minimum_up,78,101_STEAM_3,2644,71,78
2401,minimum_down,78,101_STEAM_3,2645,75,78
2406,minimum_up,79,101_STEAM_3,2650,72,79
2407,minimum_down,79,101_STEAM_3,2651,76,79
2412,minimum_up,80,101_STEAM_3,2656,73,80
2413,minimum_down,80,101_STEAM_3,2657,77,80
2418,minimum_up,81,101_STEAM_3,2662,74,81
2419,minimum_down,81,101_STEAM_3,2663,78,81
2424,minimum_up,82,101_STEAM_3,2668,75,82
2425,minimum_down,82,101_STEAM_3,2669,79,82
2430,minimum_up,83,101_STEAM_3,2674,76,83
2431,minimum_down,83,101_STEAM_3,2675,80,83
2436,minimum_up,84,101_STEAM_3,2680,77,84
2437,minimum_down,84,101_STEAM_3,2681,81,84
2442,minimum_up,85,101_STEAM_3,2686,78,85
2443,minimum_down,85,101_STEAM_3,2687,82,85
2448,minimum_up,86,101_STEAM_3,2692,79,86
2449,minimum_down,86,101_STEAM_3,2693,83,86
2454,minimum_up,87,101_STEAM_3,2698,80,87
2455,minimum_down,87,101_STEAM_3,2699,84,87
2460,minimum_up,88,101_STEAM_3,2704,81,88
2461,minimum_down,88,101_STEAM_3,2705,85,88
2466,minimum_up,89,101_STEAM_3,2710,82,89
2467,minimum_down,89,101_STEAM_3,2711,86,89
2472,minimum_up,90,101_STEAM_3,2716,83,90
2473,minimum_down,90,101_STEAM_3,2717,87,90
2478,minimum_up,91,101_STEAM_3,2722,84,91
2479,minimum_down,91,101_STEAM_3,2723,88,91
2484,minimum_up,92,101_STEAM_3,2728,85,92
2485,minimum_down,92,101_STEAM_3,2729,89,92
2490,minimum_up,93,101_STEAM_3,2734,86,93
2491,minimum_down,93,101_STEAM_3,2735,90,93
2496,minimum_up,94,101_STEAM_3,2740,87,94
2497,minimum_down,94,101_STEAM_3,2741,91,94
2502,minimum_up,95,101_STEAM_3,2746,88,95
2503,minimum_down,95,101_STEAM_3,2747,92,95
2508,minimum_up,96,101_STEAM_3,2752,89,96
2509,minimum_down,96,101_STEAM_3,2753,93,96
2514,minimum_up,97,101_STEAM_3,2758,90,97
2515,minimum_down,97,101_STEAM_3,2759,94,97
2520,minimum_up,98,101_STEAM_3,2764,91,98
2521,minimum_down,98,101_STEAM_3,2765,95,98
2526,minimum_up,99,101_STEAM_3,2770,92,99
2527,minimum_down,99,101_STEAM_3,2771,96,99
2532,minimum_up,100,101_STEAM_3,2776,93,100
2533,minimum_down,100,101_STEAM_3,2777,97,100
2538,minimum_up,101,101_STEAM_3,2782,94,101
2539,minimum_down,101,101_STEAM_3,2783,98,101
2544,minimum_up,102,101_STEAM_3,2788,95,102
2545,minimum_down,102,101_STEAM_3,2789,99,102
2550,minimum_up,103,101_STEAM_3,2794,96,103
2551,minimum_down,103,101_STEAM_3,2795,100,103
2556,minimum_up,104,101_STEAM_3,2800,97,104
2557,minimum_down,104,101_STEAM_3,2801,101,104
2562,minimum_up,105,101_STEAM_3,2806,98,105
2563,minimum_down,105,101_STEAM_3,2807,102,105
2568,minimum_up,106,101_STEAM_3,2812,99,106
2569,minimum_down,106,101_STEAM_3,2813,103,106
2574,minimum_up,107,101_STEAM_3,2818,100,107
2575,minimum_down,107,101_STEAM_3,2819,104,107
2580,minimum_up,108,101_STEAM_3,2824,101,108
2581,minimum_down,108,101_STEAM_3,2825,105,108
2586,minimum_up,109,101_STEAM_3,2830,102,109
2587,minimum_down,109,101_STEAM_3,2831,106,109
2592,minimum_up,110,101_STEAM_3,2836,103,110
2593,minimum_down,110,101_STEAM_3,2837,107,110
2598,minimum_up,111,101_STEAM_3,2842,104,111
2599,minimum_down,111,101_STEAM_3,2843,108,111
2604,minimum_up,112,101_STEAM_3,2848,105,112
2605,minimum_down,112,101_STEAM_3,2849,109,112
2610,minimum_up,113,101_STEAM_3,2854,106,113
2611,minimum_down,113,101_STEAM_3,2855,110,113
2616,minimum_up,114,101_STEAM_3,2860,107,114
2617,minimum_down,114,101_STEAM_3,2861,111,114
2622,minimum_up,115,101_STEAM_3,2866,108,115
2623,minimum_down,115,101_STEAM_3,2867,112,115
2628,minimum_up,116,101_STEAM_3,2872,109,116
2629,minimum_down,116,101_STEAM_3,2873,113,116
2634,minimum_up,117,101_STEAM_3,2878,110,117
2635,minimum_down,117,101_STEAM_3,2879,114,117
2640,minimum_up,118,101_STEAM_3,2884,111,118
2641,minimum_down,118,101_STEAM_3,2885,115,118
2646,minimum_up,119,101_STEAM_3,2890,112,119
2647,minimum_down,119,101_STEAM_3,2891,116,119
2652,minimum_up,120,101_STEAM_3,2896,113,120
2653,minimum_down,120,101_STEAM_3,2897,117,120
2658,minimum_up,121,101_STEAM_3,2902,114,121
2659,minimum_down,121,101_STEAM_3,2903,118,121
2664,minimum_up,122,101_STEAM_3,2908,115,122
2665,minimum_down,122,101_STEAM_3,2909,119,122
2670,minimum_up,123,101_STEAM_3,2914,116,123
2671,minimum_down,123,101_STEAM_3,2915,120,123
2676,minimum_up,124,101_STEAM_3,2920,117,124
2677,minimum_down,124,101_STEAM_3,2921,121,124
2682,minimum_up,125,101_STEAM_3,2926,118,125
2683,minimum_down,125,101_STEAM_3,2927,122,125
2688,minimum_up,126,101_STEAM_3,2932,119,126
2689,minimum_down,126,101_STEAM_3,2933,123,126
2694,minimum_up,127,101_STEAM_3,2938,120,127
2695,minimum_down,127,101_STEAM_3,2939,124,127
2700,minimum_up,128,101_STEAM_3,2944,121,128
2701,minimum_down,128,101_STEAM_3,2945,125,128
2706,minimum_up,129,101_STEAM_3,2950,122,129
2707,minimum_down,129,101_STEAM_3,2951,126,129
2712,minimum_up,130,101_STEAM_3,2956,123,130
2713,minimum_down,130,101_STEAM_3,2957,127,130
2718,minimum_up,131,101_STEAM_3,2962,124,131
2719,minimum_down,131,101_STEAM_3,2963,128,131
2724,minimum_up,132,101_STEAM_3,2968,125,132
2725,minimum_down,132,101_STEAM_3,2969,129,132
2730,minimum_up,133,101_STEAM_3,2974,126,133
2731,minimum_down,133,101_STEAM_3,2975,130,133
2736,minimum_up,134,101_STEAM_3,2980,127,134
2737,minimum_down,134,101_STEAM_3,2981,131,134
2742,minimum_up,135,101_STEAM_3,2986,128,135
2743,minimum_down,135,101_STEAM_3,2987,132,135
2748,minimum_up,136,101_STEAM_3,2992,129,136
2749,minimum_down,136,101_STEAM_3,2993,133,136
2754,minimum_up,137,101_STEAM_3,2998,130,137
2755,minimum_down,137,101_STEAM_3,2999,134,137
2760,minimum_up,138,101_STEAM_3,3004,131,138
2761,minimum_down,138,101_STEAM_3,3005,135,138
2766,minimum_up,139,101_STEAM_3,3010,132,139
2767,minimum_down,139,101_STEAM_3,3011,136,139
2772,minimum_up,140,101_STEAM_3,3016,133,140
2773,minimum_down,140,101_STEAM_3,3017,137,140
2778,minimum_up,141,101_STEAM_3,3022,134,141
2779,minimum_down,141,101_STEAM_3,3023,138,141
2784,minimum_up,142,101_STEAM_3,3028,135,142
2785,minimum_down,142,101_STEAM_3,3029,139,142
2790,minimum_up,143,101_STEAM_3,3034,136,143
2791,minimum_down,143,101_STEAM_3,3035,140,143
2998,minimum_down,27,101_STEAM_4,3343,24,27
3003,minimum_down,28,101_STEAM_4,3349,25,28
3008,minimum_down,29,101_STEAM_4,3355,26,29
3013,minimum_down,30,101_STEAM_4,3361,27,30
3018,minimum_up,31,101_STEAM_4,3366,24,31
3019,minimum_down,31,101_STEAM_4,3367,28,31
3024,minimum_up,32,101_STEAM_4,3372,25,32
3025,minimum_down,32,101_STEAM_4,3373,29,32
3030,minimum_up,33,101_STEAM_4,3378,26,33
3031,minimum_down,33,101_STEAM_4,3379,30,33
3036,minimum_up,34,101_STEAM_4,3384,27,34
3037,minimum_down,34,101_STEAM_4,3385,31,34
3042,minimum_up,35,101_STEAM_4,3390,28,35
3043,minimum_down,35,101_STEAM_4,3391,32,35
3048,minimum_up,36,101_STEAM_4,3396,29,36
3049,minimum_down,36,101_STEAM_4,3397,33,36
3054,minimum_up,37,101_STEAM_4,3402,30,37
3055,minimum_down,37,101_STEAM_4,3403,34,37
3060,minimum_up,38,101_STEAM_4,3408,31,38
3061,minimum_down,38,101_STEAM_4,3409,35,38
3066,minimum_up,39,101_STEAM_4,3414,32,39
3067,minimum_down,39,101_STEAM_4,3415,36,39
3072,minimum_up,40,101_STEAM_4,3420,33,40
3073,minimum_down,40,101_STEAM_4,3421,37,40
3078,minimum_up,41,101_STEAM_4,3426,34,41
3079,minimum_down,41,101_STEAM_4,3427,38,41
3084,minimum_up,42,101_STEAM_4,3432,35,42
3085,minimum_down,42,101_STEAM_4,3433,39,42
3090,minimum_up,43,101_STEAM_4,3438,36,43
3091,minimum_down,43,101_STEAM_4,3439,40,43
3096,minimum_up,44,101_STEAM_4,3444,37,44
3097,minimum_down,44,101_STEAM_4,3445,41,44
3102,minimum_up,45,101_STEAM_4,3450,38,45
3103,minimum_down,45,101_STEAM_4,3451,42,45
3108,minimum_up,46,101_STEAM_4,3456,39,46
3109,minimum_down,46,101_STEAM_4,3457,43,46
3114,minimum_up,47,101_STEAM_4,3462,40,47
3115,minimum_down,47,101_STEAM_4,3463,44,47
3120,minimum_up,48,101_STEAM_4,3468,41,48
3121,minimum_down,48,101_STEAM_4,3469,45,48
3126,minimum_up,49,101_STEAM_4,3474,42,49
3127,minimum_down,49,101_STEAM_4,3475,46,49
3132,minimum_up,50,101_STEAM_4,3480,43,50
3133,minimum_down,50,101_STEAM_4,3481,47,50
3138,minimum_up,51,101_STEAM_4,3486,44,51
3139,minimum_down,51,101_STEAM_4,3487,48,51
3144,minimum_up,52,101_STEAM_4,3492,45,52
3145,minimum_down,52,101_STEAM_4,3493,49,52
3150,minimum_up,53,101_STEAM_4,3498,46,53
3151,minimum_down,53,101_STEAM_4,3499,50,53
3156,minimum_up,54,101_STEAM_4,3504,47,54
3157,minimum_down,54,101_STEAM_4,3505,51,54
3162,minimum_up,55,101_STEAM_4,3510,48,55
3163,minimum_down,55,101_STEAM_4,3511,52,55
3168,minimum_up,56,101_STEAM_4,3516,49,56
3169,minimum_down,56,101_STEAM_4,3517,53,56
3174,minimum_up,57,101_STEAM_4,3522,50,57
3175,minimum_down,57,101_STEAM_4,3523,54,57
3180,minimum_up,58,101_STEAM_4,3528,51,58
3181,minimum_down,58,101_STEAM_4,3529,55,58
3186,minimum_up,59,101_STEAM_4,3534,52,59
3187,minimum_down,59,101_STEAM_4,3535,56,59
3192,minimum_up,60,101_STEAM_4,3540,53,60
3193,minimum_down,60,101_STEAM_4,3541,57,60
3198,minimum_up,61,101_STEAM_4,3546,54,61
3199,minimum_down,61,101_STEAM_4,3547,58,61
3204,minimum_up,62,101_STEAM_4,3552,55,62
3205,minimum_down,62,101_STEAM_4,3553,59,62
3210,minimum_up,63,101_STEAM_4,3558,56,63
3211,minimum_down,63,101_STEAM_4,3559,60,63
3216,minimum_up,64,101_STEAM_4,3564,57,64
3217,minimum_down,64,101_STEAM_4,3565,61,64
3222,minimum_up,65,101_STEAM_4,3570,58,65
3223,minimum_down,65,101_STEAM_4,3571,62,65
3228,minimum_up,66,101_STEAM_4,3576,59,66
3229,minimum_down,66,101_STEAM_4,3577,63,66
3234,minimum_up,67,101_STEAM_4,3582,60,67
3235,minimum_down,67,101_STEAM_4,3583,64,67
3240,minimum_up,68,101_STEAM_4,3588,61,68
3241,minimum_down,68,101_STEAM_4,3589,65,68
3246,minimum_up,69,101_STEAM_4,3594,62,69
3247,minimum_down,69,101_STEAM_4,3595,66,69
3252,minimum_up,70,101_STEAM_4,3600,63,70
3253,minimum_down,70,101_STEAM_4,3601,67,70
3258,minimum_up,71,101_STEAM_4,3606,64,71
3259,minimum_down,71,101_STEAM_4,3607,68,71
3264,minimum_up,72,101_STEAM_4,3612,65,72
3265,minimum_down,72,101_STEAM_4,3613,69,72
3270,minimum_up,73,101_STEAM_4,3618,66,73
3271,minimum_down,73,101_STEAM_4,3619,70,73
3276,minimum_up,74,101_STEAM_4,3624,67,74
3277,minimum_down,74,101_STEAM_4,3625,71,74
3282,minimum_up,75,101_STEAM_4,3630,68,75
3283,minimum_down,75,101_STEAM_4,3631,72,75
3288,minimum_up,76,101_STEAM_4,3636,69,76
3289,minimum_down,76,101_STEAM_4,3637,73,76
3294,minimum_up,77,101_STEAM_4,3642,70,77
3295,minimum_down,77,101_STEAM_4,3643,74,77
3300,minimum_up,78,101_STEAM_4,3648,71,78
3301,minimum_down,78,101_STEAM_4,3649,75,78
3306,minimum_up,79,101_STEAM_4,3654,72,79
3307,minimum_down,79,101_STEAM_4,3655,76,79
3312,minimum_up,80,101_STEAM_4,3660,73,80
3313,minimum_down,80,101_STEAM_4,3661,77,80
3318,minimum_up,81,101_STEAM_4,3666,74,81
3319,minimum_down,81,101_STEAM_4,3667,78,81
3324,minimum_up,82,101_STEAM_4,3672,75,82
3325,minimum_down,82,101_STEAM_4,3673,79,82
3330,minimum_up,83,101_STEAM_4,3678,76,83
3331,minimum_down,83,101_STEAM_4,3679,80,83
3336,minimum_up,84,101_STEAM_4,3684,77,84
3337,minimum_down,84,101_STEAM_4,3685,81,84
3342,minimum_up,85,101_STEAM_4,3690,78,85
3343,minimum_down,85,101_STEAM_4,3691,82,85
3348,minimum_up,86,101_STEAM_4,3696,79,86
3349,minimum_down,86,101_STEAM_4,3697,83,86
3354,minimum_up,87,101_STEAM_4,3702,80,87
3355,minimum_down,87,101_STEAM_4,3703,84,87
3360,minimum_up,88,101_STEAM_4,3708,81,88
3361,minimum_down,88,101_STEAM_4,3709,85,88
3366,minimum_up,89,101_STEAM_4,3714,82,89
3367,minimum_down,89,101_STEAM_4,3715,86,89
3372,minimum_up,90,101_STEAM_4,3720,83,90
3373,minimum_down,90,101_STEAM_4,3721,87,90
3378,minimum_up,91,101_STEAM_4,3726,84,91
3379,minimum_down,91,101_STEAM_4,3727,88,91
3384,minimum_up,92,101_STEAM_4,3732,85,92
3385,minimum_down,92,101_STEAM_4,3733,89,92
3390,minimum_up,93,101_STEAM_4,3738,86,93
3391,minimum_down,93,101_STEAM_4,3739,90,93
3396,minimum_up,94,101_STEAM_4,3744,87,94
3397,minimum_down,94,101_STEAM_4,3745,91,94
3402,minimum_up,95,101_STEAM_4,3750,88,95
3403,minimum_down,95,101_STEAM_4,3751,92,95
3408,minimum_up,96,101_STEAM_4,3756,89,96
3409,minimum_down,96,101_STEAM_4,3757,93,96
3414,minimum_up,97,101_STEAM_4,3762,90,97
3415,minimum_down,97,101_STEAM_4,3763,94,97
3420,minimum_up,98,101_STEAM_4,3768,91,98
3421,minimum_down,98,101_STEAM_4,3769,95,98
3426,minimum_up,99,101_STEAM_4,3774,92,99
3427,minimum_down,99,101_STEAM_4,3775,96,99
3432,minimum_up,100,101_STEAM_4,3780,93,100
3433,minimum_down,100,101_STEAM_4,3781,97,100
3438,minimum_up,101,101_STEAM_4,3786,94,101
3439,minimum_down,101,101_STEAM_4,3787,98,101
3444,minimum_up,102,101_STEAM_4,3792,95,102
3445,minimum_down,102,101_STEAM_4,3793,99,102
3450,minimum_up,103,101_STEAM_4,3798,96,103
3451,minimum_down,103,101_STEAM_4,3799,100,103
3456,minimum_up,104,101_STEAM_4,3804,97,104
3457,minimum_down,104,101_STEAM_4,3805,101,104
3462,minimum_up,105,101_STEAM_4,3810,98,105
3463,minimum_down,105,101_STEAM_4,3811,102,105
3468,minimum_up,106,101_STEAM_4,3816,99,106
3469,minimum_down,106,101_STEAM_4,3817,103,106
3474,minimum_up,107,101_STEAM_4,3822,100,107
3475,minimum_down,107,101_STEAM_4,3823,104,107
3480,minimum_up,108,101_STEAM_4,3828,101,108
3481,minimum_down,108,101_STEAM_4,3829,105,108
3486,minimum_up,109,101_STEAM_4,3834,102,109
3487,minimum_down,109,101_STEAM_4,3835,106,109
3492,minimum_up,110,101_STEAM_4,3840,103,110
3493,minimum_down,110,101_STEAM_4,3841,107,110
3498,minimum_up,111,101_STEAM_4,3846,104,111
3499,minimum_down,111,101_STEAM_4,3847,108,111
3504,minimum_up,112,101_STEAM_4,3852,105,112
3505,minimum_down,112,101_STEAM_4,3853,109,112
3510,minimum_up,113,101_STEAM_4,3858,106,113
3511,minimum_down,113,101_STEAM_4,3859,110,113
3516,minimum_up,114,101_STEAM_4,3864,107,114
3517,minimum_down,114,101_STEAM_4,3865,111,114
3522,minimum_up,115,101_STEAM_4,3870,108,115
3523,minimum_down,115,101_STEAM_4,3871,112,115
3528,minimum_up,116,101_STEAM_4,3876,109,116
3529,minimum_down,116,101_STEAM_4,3877,113,116
3534,minimum_up,117,101_STEAM_4,3882,110,117
3535,minimum_down,117,101_STEAM_4,3883,114,117
3540,minimum_up,118,101_STEAM_4,3888,111,118
3541,minimum_down,118,101_STEAM_4,3889,115,118
3546,minimum_up,119,101_STEAM_4,3894,112,119
3547,minimum_down,119,101_STEAM_4,3895,116,119
3552,minimum_up,120,101_STEAM_4,3900,113,120
3553,minimum_down,120,101_STEAM_4,3901,117,120
3558,minimum_up,121,101_STEAM_4,3906,114,121
3559,minimum_down,121,101_STEAM_4,3907,118,121
3564,minimum_up,122,101_STEAM_4,3912,115,122
3565,minimum_down,122,101_STEAM_4,3913,119,122
3570,minimum_up,123,101_STEAM_4,3918,116,123
3571,minimum_down,123,101_STEAM_4,3919,120,123
3576,minimum_up,124,101_STEAM_4,3924,117,124
3577,minimum_down,124,101_STEAM_4,3925,121,124
3582,minimum_up,125,101_STEAM_4,3930,118,125
3583,minimum_down,125,101_STEAM_4,3931,122,125
3588,minimum_up,126,101_STEAM_4,3936,119,126
3589,minimum_down,126,101_STEAM_4,3937,123,126
3594,minimum_up,127,101_STEAM_4,3942,120,127
3595,minimum_down,127,101_STEAM_4,3943,124,127
3600,minimum_up,128,101_STEAM_4,3948,121,128
3601,minimum_down,128,101_STEAM_4,3949,125,128
3606,minimum_up,129,101_STEAM_4,3954,122,129
3607,minimum_down,129,101_STEAM_4,3955,126,129
3612,minimum_up,130,101_STEAM_4,3960,123,130
3613,minimum_down,130,101_STEAM_4,3961,127,130
3618,minimum_up,131,101_STEAM_4,3966,124,131
3619,minimum_down,131,101_STEAM_4,3967,128,131
3624,minimum_up,132,101_STEAM_4,3972,125,132
3625,minimum_down,132,101_STEAM_4,3973,129,132
3630,minimum_up,133,101_STEAM_4,3978,126,133
3631,minimum_down,133,101_STEAM_4,3979,130,133
3636,minimum_up,134,101_STEAM_4,3984,127,134
3637,minimum_down,134,101_STEAM_4,3985,131,134
3642,minimum_up,135,101_STEAM_4,3990,128,135
3643,minimum_down,135,101_STEAM_4,3991,132,135
3648,minimum_up,136,101_STEAM_4,3996,129,136
3649,minimum_down,136,101_STEAM_4,3997,133,136
3654,minimum_up,137,101_STEAM_4,4002,130,137
3655,minimum_down,137,101_STEAM_4,4003,134,137
3660,minimum_up,138,101_STEAM_4,4008,131,138
3661,minimum_down,138,101_STEAM_4,4009,135,138
3666,minimum_up,139,101_STEAM_4,4014,132,139
3667,minimum_down,139,101_STEAM_4,4015,136,139
3672,minimum_up,140,101_STEAM_4,4020,133,140
3673,minimum_down,140,101_STEAM_4,4021,137,140
3678,minimum_up,141,101_STEAM_4,4026,134,141
3679,minimum_down,141,101_STEAM_4,4027,138,141
3684,minimum_up,142,101_STEAM_4,4032,135,142
3685,minimum_down,142,101_STEAM_4,4033,139,142
3690,minimum_up,143,101_STEAM_4,4038,136,143
3691,minimum_down,143,101_STEAM_4,4039,140,143
3886,minimum_up,24,102_CT_1,4328,24,24
3887,minimum_down,24,102_CT_1,4329,24,24
3892,minimum_up,25,102_CT_1,4334,25,25
3893,minimum_down,25,102_CT_1,4335,25,25
3898,minimum_up,26,102_CT_1,4340,26,26
3899,minimum_down,26,102_CT_1,4341,26,26
3904,minimum_up,27,102_CT_1,4346,27,27
3905,minimum_down,27,102_CT_1,4347,27,27
3910,minimum_up,28,102_CT_1,4352,28,28
3911,minimum_down,28,102_CT_1,4353,28,28
3916,minimum_up,29,102_CT_1,4358,29,29
3917,minimum_down,29,102_CT_1,4359,29,29
3922,minimum_up,30,102_CT_1,4364,30,30
3923,minimum_down,30,102_CT_1,4365,30,30
3928,minimum_up,31,102_CT_1,4370,31,31
3929,minimum_down,31,102_CT_1,4371,31,31
3934,minimum_up,32,102_CT_1,4376,32,32
3935,minimum_down,32,102_CT_1,4377,32,32
3940,minimum_up,33,102_CT_1,4382,33,33
3941,minimum_down,33,102_CT_1,4383,33,33
3946,minimum_up,34,102_CT_1,4388,34,34
3947,minimum_down,34,102_CT_1,4389,34,34
3952,minimum_up,35,102_CT_1,4394,35,35
3953,minimum_down,35,102_CT_1,4395,35,35
3958,minimum_up,36,102_CT_1,4400,36,36
3959,minimum_down,36,102_CT_1,4401,36,36
3964,minimum_up,37,102_CT_1,4406,37,37
3965,minimum_down,37,102_CT_1,4407,37,37
3970,minimum_up,38,102_CT_1,4412,38,38
3971,minimum_down,38,102_CT_1,4413,38,38
3976,minimum_up,39,102_CT_1,4418,39,39
3977,minimum_down,39,102_CT_1,4419,39,39
3982,minimum_up,40,102_CT_1,4424,40,40
3983,minimum_down,40,102_CT_1,4425,40,40
3988,minimum_up,41,102_CT_1,4430,41,41
3989,minimum_down,41,102_CT_1,4431,41,41
3994,minimum_up,42,102_CT_1,4436,42,42
3995,minimum_down,42,102_CT_1,4437,42,42
4000,minimum_up,43,102_CT_1,4442,43,43
4001,minimum_down,43,102_CT_1,4443,43,43
4006,minimum_up,44,102_CT_1,4448,44,44
4007,minimum_down,44,102_CT_1,4449,44,44
4012,minimum_up,45,102_CT_1,4454,45,45
4013,minimum_down,45,102_CT_1,4455,45,45
4018,minimum_up,46,102_CT_1,4460,46,46
4019,minimum_down,46,102_CT_1,4461,46,46
4024,minimum_up,47,102_CT_1,4466,47,47
4025,minimum_down,47,102_CT_1,4467,47,47
4030,minimum_up,48,102_CT_1,4472,48,48
4031,minimum_down,48,102_CT_1,4473,48,48
4036,minimum_up,49,102_CT_1,4478,49,49
4037,minimum_down,49,102_CT_1,4479,49,49
4042,minimum_up,50,102_CT_1,4484,50,50
4043,minimum_down,50,102_CT_1,4485,50,50
4048,minimum_up,51,102_CT_1,4490,51,51
4049,minimum_down,51,102_CT_1,4491,51,51
4054,minimum_up,52,102_CT_1,4496,52,52
4055,minimum_down,52,102_CT_1,4497,52,52
4060,minimum_up,53,102_CT_1,4502,53,53
4061,minimum_down,53,102_CT_1,4503,53,53
4066,minimum_up,54,102_CT_1,4508,54,54
4067,minimum_down,54,102_CT_1,4509,54,54
4072,minimum_up,55,102_CT_1,4514,55,55
4073,minimum_down,55,102_CT_1,4515,55,55
4078,minimum_up,56,102_CT_1,4520,56,56
4079,minimum_down,56,102_CT_1,4521,56,56
4084,minimum_up,57,102_CT_1,4526,57,57
4085,minimum_down,57,102_CT_1,4527,57,57
4090,minimum_up,58,102_CT_1,4532,58,58
4091,minimum_down,58,102_CT_1,4533,58,58
4096,minimum_up,59,102_CT_1,4538,59,59
4097,minimum_down,59,102_CT_1,4539,59,59
4102,minimum_up,60,102_CT_1,4544,60,60
4103,minimum_down,60,102_CT_1,4545,60,60
4108,minimum_up,61,102_CT_1,4550,61,61
4109,minimum_down,61,102_CT_1,4551,61,61
4114,minimum_up,62,102_CT_1,4556,62,62
4115,minimum_down,62,102_CT_1,4557,62,62
4120,minimum_up,63,102_CT_1,4562,63,63
4121,minimum_down,63,102_CT_1,4563,63,63
4126,minimum_up,64,102_CT_1,4568,64,64
4127,minimum_down,64,102_CT_1,4569,64,64
4132,minimum_up,65,102_CT_1,4574,65,65
4133,minimum_down,65,102_CT_1,4575,65,65
4138,minimum_up,66,102_CT_1,4580,66,66
4139,minimum_down,66,102_CT_1,4581,66,66
4144,minimum_up,67,102_CT_1,4586,67,67
4145,minimum_down,67,102_CT_1,4587,67,67
4150,minimum_up,68,102_CT_1,4592,68,68
4151,minimum_down,68,102_CT_1,4593,68,68
4156,minimum_up,69,102_CT_1,4598,69,69
4157,minimum_down,69,102_CT_1,4599,69,69
4162,minimum_up,70,102_CT_1,4604,70,70
4163,minimum_down,70,102_CT_1,4605,70,70
4168,minimum_up,71,102_CT_1,4610,71,71
4169,minimum_down,71,102_CT_1,4611,71,71
4174,minimum_up,72,102_CT_1,4616,72,72
4175,minimum_down,72,102_CT_1,4617,72,72
4180,minimum_up,73,102_CT_1,4622,73,73
4181,minimum_down,73,102_CT_1,4623,73,73
4186,minimum_up,74,102_CT_1,4628,74,74
4187,minimum_down,74,102_CT_1,4629,74,74
4192,minimum_up,75,102_CT_1,4634,75,75
4193,minimum_down,75,102_CT_1,4635,75,75
4198,minimum_up,76,102_CT_1,4640,76,76
4199,minimum_down,76,102_CT_1,4641,76,76
4204,minimum_up,77,102_CT_1,4646,77,77
4205,minimum_down,77,102_CT_1,4647,77,77
4210,minimum_up,78,102_CT_1,4652,78,78
4211,minimum_down,78,102_CT_1,4653,78,78
4216,minimum_up,79,102_CT_1,4658,79,79
4217,minimum_down,79,102_CT_1,4659,79,79
4222,minimum_up,80,102_CT_1,4664,80,80
4223,minimum_down,80,102_CT_1,4665,80,80
4228,minimum_up,81,102_CT_1,4670,81,81
4229,minimum_down,81,102_CT_1,4671,81,81
4234,minimum_up,82,102_CT_1,4676,82,82
4235,minimum_down,82,102_CT_1,4677,82,82
4240,minimum_up,83,102_CT_1,4682,83,83
4241,minimum_down,83,102_CT_1,4683,83,83
4246,minimum_up,84,102_CT_1,4688,84,84
4247,minimum_down,84,102_CT_1,4689,84,84
4252,minimum_up,85,102_CT_1,4694,85,85
4253,minimum_down,85,102_CT_1,4695,85,85
4258,minimum_up,86,102_CT_1,4700,86,86
4259,minimum_down,86,102_CT_1,4701,86,86
4264,minimum_up,87,102_CT_1,4706,87,87
4265,minimum_down,87,102_CT_1,4707,87,87
4270,minimum_up,88,102_CT_1,4712,88,88
4271,minimum_down,88,102_CT_1,4713,88,88
4276,minimum_up,89,102_CT_1,4718,89,89
4277,minimum_down,89,102_CT_1,4719,89,89
4282,minimum_up,90,102_CT_1,4724,90,90
4283,minimum_down,90,102_CT_1,4725,90,90
4288,minimum_up,91,102_CT_1,4730,91,91
4289,minimum_down,91,102_CT_1,4731,91,91
4294,minimum_up,92,102_CT_1,4736,92,92
4295,minimum_down,92,102_CT_1,4737,92,92
4300,minimum_up,93,102_CT_1,4742,93,93
4301,minimum_down,93,102_CT_1,4743,93,93
4306,minimum_up,94,102_CT_1,4748,94,94
4307,minimum_down,94,102_CT_1,4749,94,94
4312,minimum_up,95,102_CT_1,4754,95,95
4313,minimum_down,95,102_CT_1,4755,95,95
4318,minimum_up,96,102_CT_1,4760,96,96
4319,minimum_down,96,102_CT_1,4761,96,96
4324,minimum_up,97,102_CT_1,4766,97,97
4325,minimum_down,97,102_CT_1,4767,97,97
4330,minimum_up,98,102_CT_1,4772,98,98
4331,minimum_down,98,102_CT_1,4773,98,98
4336,minimum_up,99,102_CT_1,4778,99,99
4337,minimum_down,99,102_CT_1,4779,99,99
4342,minimum_up,100,102_CT_1,4784,100,100
4343,minimum_down,100,102_CT_1,4785,100,100
4348,minimum_up,101,102_CT_1,4790,101,101
4349,minimum_down,101,102_CT_1,4791,101,101
4354,minimum_up,102,102_CT_1,4796,102,102
4355,minimum_down,102,102_CT_1,4797,102,102
4360,minimum_up,103,102_CT_1,4802,103,103
4361,minimum_down,103,102_CT_1,4803,103,103
4366,minimum_up,104,102_CT_1,4808,104,104
4367,minimum_down,104,102_CT_1,4809,104,104
4372,minimum_up,105,102_CT_1,4814,105,105
4373,minimum_down,105,102_CT_1,4815,105,105
4378,minimum_up,106,102_CT_1,4820,106,106
4379,minimum_down,106,102_CT_1,4821,106,106
4384,minimum_up,107,102_CT_1,4826,107,107
4385,minimum_down,107,102_CT_1,4827,107,107
4390,minimum_up,108,102_CT_1,4832,108,108
4391,minimum_down,108,102_CT_1,4833,108,108
4396,minimum_up,109,102_CT_1,4838,109,109
4397,minimum_down,109,102_CT_1,4839,109,109
4402,minimum_up,110,102_CT_1,4844,110,110
4403,minimum_down,110,102_CT_1,4845,110,110
4408,minimum_up,111,102_CT_1,4850,111,111
4409,minimum_down,111,102_CT_1,4851,111,111
4414,minimum_up,112,102_CT_1,4856,112,112
4415,minimum_down,112,102_CT_1,4857,112,112
4420,minimum_up,113,102_CT_1,4862,113,113
4421,minimum_down,113,102_CT_1,4863,113,113
4426,minimum_up,114,102_CT_1,4868,114,114
4427,minimum_down,114,102_CT_1,4869,114,114
4432,minimum_up,115,102_CT_1,4874,115,115
4433,minimum_down,115,102_CT_1,4875,115,115
4438,minimum_up,116,102_CT_1,4880,116,116
4439,minimum_down,116,102_CT_1,4881,116,116
4444,minimum_up,117,102_CT_1,4886,117,117
4445,minimum_down,117,102_CT_1,4887,117,117
4450,minimum_up,118,102_CT_1,4892,118,118
4451,minimum_down,118,102_CT_1,4893,118,118
4456,minimum_up,119,102_CT_1,4898,119,119
4457,minimum_down,119,102_CT_1,4899,119,119
4462,minimum_up,120,102_CT_1,4904,120,120
4463,minimum_down,120,102_CT_1,4905,120,120
4468,minimum_up,121,102_CT_1,4910,121,121
4469,minimum_down,121,102_CT_1,4911,121,121
4474,minimum_up,122,102_CT_1,4916,122,122
4475,minimum_down,122,102_CT_1,4917,122,122
4480,minimum_up,123,102_CT_1,4922,123,123
4481,minimum_down,123,102_CT_1,4923,123,123
4486,minimum_up,124,102_CT_1,4928,124,124
4487,minimum_down,124,102_CT_1,4929,124,124
4492,minimum_up,125,102_CT_1,4934,125,125
4493,minimum_down,125,102_CT_1,4935,125,125
4498,minimum_up,126,102_CT_1,4940,126,126
4499,minimum_down,126,102_CT_1,4941,126,126
4504,minimum_up,127,102_CT_1,4946,127,127
4505,minimum_down,127,102_CT_1,4947,127,127
4510,minimum_up,128,102_CT_1,4952,128,128
4511,minimum_down,128,102_CT_1,4953,128,128
4516,minimum_up,129,102_CT_1,4958,129,129
4517,minimum_down,129,102_CT_1,4959,129,129
4522,minimum_up,130,102_CT_1,4964,130,130
4523,minimum_down,130,102_CT_1,4965,130,130
4528,minimum_up,131,102_CT_1,4970,131,131
4529,minimum_down,131,102_CT_1,4971,131,131
4534,minimum_up,132,102_CT_1,4976,132,132
4535,minimum_down,132,102_CT_1,4977,132,132
4540,minimum_up,133,102_CT_1,4982,133,133
4541,minimum_down,133,102_CT_1,4983,133,133
4546,minimum_up,134,102_CT_1,4988,134,134
4547,minimum_down,134,102_CT_1,4989,134,134
4552,minimum_up,135,102_CT_1,4994,135,135
4553,minimum_down,135,102_CT_1,4995,135,135
4558,minimum_up,136,102_CT_1,5000,136,136
4559,minimum_down,136,102_CT_1,5001,136,136
4564,minimum_up,137,102_CT_1,5006,137,137
4565,minimum_down,137,102_CT_1,5007,137,137
4570,minimum_up,138,102_CT_1,5012,138,138
4571,minimum_down,138,102_CT_1,5013,138,138
4576,minimum_up,139,102_CT_1,5018,139,139
4577,minimum_down,139,102_CT_1,5019,139,139
4582,minimum_up,140,102_CT_1,5024,140,140
4583,minimum_down,140,102_CT_1,5025,140,140
4588,minimum_up,141,102_CT_1,5030,141,141
4589,minimum_down,141,102_CT_1,5031,141,141
4594,minimum_up,142,102_CT_1,5036,142,142
4595,minimum_down,142,102_CT_1,5037,142,142
4600,minimum_up,143,102_CT_1,5042,143,143
4601,minimum_down,143,102_CT_1,5043,143,143
4796,minimum_up,24,102_CT_2,5332,24,24
4797,minimum_down,24,102_CT_2,5333,24,24
4802,minimum_up,25,102_CT_2,5338,25,25
4803,minimum_down,25,102_CT_2,5339,25,25
4808,minimum_up,26,102_CT_2,5344,26,26
4809,minimum_down,26,102_CT_2,5345,26,26
4814,minimum_up,27,102_CT_2,5350,27,27
4815,minimum_down,27,102_CT_2,5351,27,27
4820,minimum_up,28,102_CT_2,5356,28,28
4821,minimum_down,28,102_CT_2,5357,28,28
4826,minimum_up,29,102_CT_2,5362,29,29
4827,minimum_down,29,102_CT_2,5363,29,29
4832,minimum_up,30,102_CT_2,5368,30,30
4833,minimum_down,30,102_CT_2,5369,30,30
4838,minimum_up,31,102_CT_2,5374,31,31
4839,minimum_down,31,102_CT_2,5375,31,31
4844,minimum_up,32,102_CT_2,5380,32,32
4845,minimum_down,32,102_CT_2,5381,32,32
4850,minimum_up,33,102_CT_2,5386,33,33
4851,minimum_down,33,102_CT_2,5387,33,33
4856,minimum_up,34,102_CT_2,5392,34,34
4857,minimum_down,34,102_CT_2,5393,34,34
4862,minimum_up,35,102_CT_2,5398,35,35
4863,minimum_down,35,102_CT_2,5399,35,35
4868,minimum_up,36,102_CT_2,5404,36,36
4869,minimum_down,36,102_CT_2,5405,36,36
4874,minimum_up,37,102_CT_2,5410,37,37
4875,minimum_down,37,102_CT_2,5411,37,37
4880,minimum_up,38,102_CT_2,5416,38,38
4881,minimum_down,38,102_CT_2,5417,38,38
4886,minimum_up,39,102_CT_2,5422,39,39
4887,minimum_down,39,102_CT_2,5423,39,39
4892,minimum_up,40,102_CT_2,5428,40,40
4893,minimum_down,40,102_CT_2,5429,40,40
4898,minimum_up,41,102_CT_2,5434,41,41
4899,minimum_down,41,102_CT_2,5435,41,41
4904,minimum_up,42,102_CT_2,5440,42,42
4905,minimum_down,42,102_CT_2,5441,42,42
4910,minimum_up,43,102_CT_2,5446,43,43
4911,minimum_down,43,102_CT_2,5447,43,43
4916,minimum_up,44,102_CT_2,5452,44,44
4917,minimum_down,44,102_CT_2,5453,44,44
4922,minimum_up,45,102_CT_2,5458,45,45
4923,minimum_down,45,102_CT_2,5459,45,45
4928,minimum_up,46,102_CT_2,5464,46,46
4929,minimum_down,46,102_CT_2,5465,46,46
4934,minimum_up,47,102_CT_2,5470,47,47
4935,minimum_down,47,102_CT_2,5471,47,47
4940,minimum_up,48,102_CT_2,5476,48,48
4941,minimum_down,48,102_CT_2,5477,48,48
4946,minimum_up,49,102_CT_2,5482,49,49
4947,minimum_down,49,102_CT_2,5483,49,49
4952,minimum_up,50,102_CT_2,5488,50,50
4953,minimum_down,50,102_CT_2,5489,50,50
4958,minimum_up,51,102_CT_2,5494,51,51
4959,minimum_down,51,102_CT_2,5495,51,51
4964,minimum_up,52,102_CT_2,5500,52,52
4965,minimum_down,52,102_CT_2,5501,52,52
4970,minimum_up,53,102_CT_2,5506,53,53
4971,minimum_down,53,102_CT_2,5507,53,53
4976,minimum_up,54,102_CT_2,5512,54,54
4977,minimum_down,54,102_CT_2,5513,54,54
4982,minimum_up,55,102_CT_2,5518,55,55
4983,minimum_down,55,102_CT_2,5519,55,55
4988,minimum_up,56,102_CT_2,5524,56,56
4989,minimum_down,56,102_CT_2,5525,56,56
4994,minimum_up,57,102_CT_2,5530,57,57
4995,minimum_down,57,102_CT_2,5531,57,57
5000,minimum_up,58,102_CT_2,5536,58,58
5001,minimum_down,58,102_CT_2,5537,58,58
5006,minimum_up,59,102_CT_2,5542,59,59
5007,minimum_down,59,102_CT_2,5543,59,59
5012,minimum_up,60,102_CT_2,5548,60,60
5013,minimum_down,60,102_CT_2,5549,60,60
5018,minimum_up,61,102_CT_2,5554,61,61
5019,minimum_down,61,102_CT_2,5555,61,61
5024,minimum_up,62,102_CT_2,5560,62,62
5025,minimum_down,62,102_CT_2,5561,62,62
5030,minimum_up,63,102_CT_2,5566,63,63
5031,minimum_down,63,102_CT_2,5567,63,63
5036,minimum_up,64,102_CT_2,5572,64,64
5037,minimum_down,64,102_CT_2,5573,64,64
5042,minimum_up,65,102_CT_2,5578,65,65
5043,minimum_down,65,102_CT_2,5579,65,65
5048,minimum_up,66,102_CT_2,5584,66,66
5049,minimum_down,66,102_CT_2,5585,66,66
5054,minimum_up,67,102_CT_2,5590,67,67
5055,minimum_down,67,102_CT_2,5591,67,67
5060,minimum_up,68,102_CT_2,5596,68,68
5061,minimum_down,68,102_CT_2,5597,68,68
5066,minimum_up,69,102_CT_2,5602,69,69
5067,minimum_down,69,102_CT_2,5603,69,69
5072,minimum_up,70,102_CT_2,5608,70,70
5073,minimum_down,70,102_CT_2,5609,70,70
5078,minimum_up,71,102_CT_2,5614,71,71
5079,minimum_down,71,102_CT_2,5615,71,71
5084,minimum_up,72,102_CT_2,5620,72,72
5085,minimum_down,72,102_CT_2,5621,72,72
5090,minimum_up,73,102_CT_2,5626,73,73
5091,minimum_down,73,102_CT_2,5627,73,73
5096,minimum_up,74,102_CT_2,5632,74,74
5097,minimum_down,74,102_CT_2,5633,74,74
5102,minimum_up,75,102_CT_2,5638,75,75
5103,minimum_down,75,102_CT_2,5639,75,75
5108,minimum_up,76,102_CT_2,5644,76,76
5109,minimum_down,76,102_CT_2,5645,76,76
5114,minimum_up,77,102_CT_2,5650,77,77
5115,minimum_down,77,102_CT_2,5651,77,77
5120,minimum_up,78,102_CT_2,5656,78,78
5121,minimum_down,78,102_CT_2,5657,78,78
5126,minimum_up,79,102_CT_2,5662,79,79
5127,minimum_down,79,102_CT_2,5663,79,79
5132,minimum_up,80,102_CT_2,5668,80,80
5133,minimum_down,80,102_CT_2,5669,80,80
5138,minimum_up,81,102_CT_2,5674,81,81
5139,minimum_down,81,102_CT_2,5675,81,81
5144,minimum_up,82,102_CT_2,5680,82,82
5145,minimum_down,82,102_CT_2,5681,82,82
5150,minimum_up,83,102_CT_2,5686,83,83
5151,minimum_down,83,102_CT_2,5687,83,83
5156,minimum_up,84,102_CT_2,5692,84,84
5157,minimum_down,84,102_CT_2,5693,84,84
5162,minimum_up,85,102_CT_2,5698,85,85
5163,minimum_down,85,102_CT_2,5699,85,85
5168,minimum_up,86,102_CT_2,5704,86,86
5169,minimum_down,86,102_CT_2,5705,86,86
5174,minimum_up,87,102_CT_2,5710,87,87
5175,minimum_down,87,102_CT_2,5711,87,87
5180,minimum_up,88,102_CT_2,5716,88,88
5181,minimum_down,88,102_CT_2,5717,88,88
5186,minimum_up,89,102_CT_2,5722,89,89
5187,minimum_down,89,102_CT_2,5723,89,89
5192,minimum_up,90,102_CT_2,5728,90,90
5193,minimum_down,90,102_CT_2,5729,90,90
5198,minimum_up,91,102_CT_2,5734,91,91
5199,minimum_down,91,102_CT_2,5735,91,91
5204,minimum_up,92,102_CT_2,5740,92,92
5205,minimum_down,92,102_CT_2,5741,92,92
5210,minimum_up,93,102_CT_2,5746,93,93
5211,minimum_down,93,102_CT_2,5747,93,93
5216,minimum_up,94,102_CT_2,5752,94,94
5217,minimum_down,94,102_CT_2,5753,94,94
5222,minimum_up,95,102_CT_2,5758,95,95
5223,minimum_down,95,102_CT_2,5759,95,95
5228,minimum_up,96,102_CT_2,5764,96,96
5229,minimum_down,96,102_CT_2,5765,96,96
5234,minimum_up,97,102_CT_2,5770,97,97
5235,minimum_down,97,102_CT_2,5771,97,97
5240,minimum_up,98,102_CT_2,5776,98,98
5241,minimum_down,98,102_CT_2,5777,98,98
5246,minimum_up,99,102_CT_2,5782,99,99
5247,minimum_down,99,102_CT_2,5783,99,99
5252,minimum_up,100,102_CT_2,5788,100,100
5253,minimum_down,100,102_CT_2,5789,100,100
5258,minimum_up,101,102_CT_2,5794,101,101
5259,minimum_down,101,102_CT_2,5795,101,101
5264,minimum_up,102,102_CT_2,5800,102,102
5265,minimum_down,102,102_CT_2,5801,102,102
5270,minimum_up,103,102_CT_2,5806,103,103
5271,minimum_down,103,102_CT_2,5807,103,103
5276,minimum_up,104,102_CT_2,5812,104,104
5277,minimum_down,104,102_CT_2,5813,104,104
5282,minimum_up,105,102_CT_2,5818,105,105
5283,minimum_down,105,102_CT_2,5819,105,105
5288,minimum_up,106,102_CT_2,5824,106,106
5289,minimum_down,106,102_CT_2,5825,106,106
5294,minimum_up,107,102_CT_2,5830,107,107
5295,minimum_down,107,102_CT_2,5831,107,107
5300,minimum_up,108,102_CT_2,5836,108,108
5301,minimum_down,108,102_CT_2,5837,108,108
5306,minimum_up,109,102_CT_2,5842,109,109
5307,minimum_down,109,102_CT_2,5843,109,109
5312,minimum_up,110,102_CT_2,5848,110,110
5313,minimum_down,110,102_CT_2,5849,110,110
5318,minimum_up,111,102_CT_2,5854,111,111
5319,minimum_down,111,102_CT_2,5855,111,111
5324,minimum_up,112,102_CT_2,5860,112,112
5325,minimum_down,112,102_CT_2,5861,112,112
5330,minimum_up,113,102_CT_2,5866,113,113
5331,minimum_down,113,102_CT_2,5867,113,113
5336,minimum_up,114,102_CT_2,5872,114,114
5337,minimum_down,114,102_CT_2,5873,114,114
5342,minimum_up,115,102_CT_2,5878,115,115
5343,minimum_down,115,102_CT_2,5879,115,115
5348,minimum_up,116,102_CT_2,5884,116,116
5349,minimum_down,116,102_CT_2,5885,116,116
5354,minimum_up,117,102_CT_2,5890,117,117
5355,minimum_down,117,102_CT_2,5891,117,117
5360,minimum_up,118,102_CT_2,5896,118,118
5361,minimum_down,118,102_CT_2,5897,118,118
5366,minimum_up,119,102_CT_2,5902,119,119
5367,minimum_down,119,102_CT_2,5903,119,119
5372,minimum_up,120,102_CT_2,5908,120,120
5373,minimum_down,120,102_CT_2,5909,120,120
5378,minimum_up,121,102_CT_2,5914,121,121
5379,minimum_down,121,102_CT_2,5915,121,121
5384,minimum_up,122,102_CT_2,5920,122,122
5385,minimum_down,122,102_CT_2,5921,122,122
5390,minimum_up,123,102_CT_2,5926,123,123
5391,minimum_down,123,102_CT_2,5927,123,123
5396,minimum_up,124,102_CT_2,5932,124,124
5397,minimum_down,124,102_CT_2,5933,124,124
5402,minimum_up,125,102_CT_2,5938,125,125
5403,minimum_down,125,102_CT_2,5939,125,125
5408,minimum_up,126,102_CT_2,5944,126,126
5409,minimum_down,126,102_CT_2,5945,126,126
5414,minimum_up,127,102_CT_2,5950,127,127
5415,minimum_down,127,102_CT_2,5951,127,127
5420,minimum_up,128,102_CT_2,5956,128,128
5421,minimum_down,128,102_CT_2,5957,128,128
5426,minimum_up,129,102_CT_2,5962,129,129
5427,minimum_down,129,102_CT_2,5963,129,129
5432,minimum_up,130,102_CT_2,5968,130,130
5433,minimum_down,130,102_CT_2,5969,130,130
5438,minimum_up,131,102_CT_2,5974,131,131
5439,minimum_down,131,102_CT_2,5975,131,131
5444,minimum_up,132,102_CT_2,5980,132,132
5445,minimum_down,132,102_CT_2,5981,132,132
5450,minimum_up,133,102_CT_2,5986,133,133
5451,minimum_down,133,102_CT_2,5987,133,133
5456,minimum_up,134,102_CT_2,5992,134,134
5457,minimum_down,134,102_CT_2,5993,134,134
5462,minimum_up,135,102_CT_2,5998,135,135
5463,minimum_down,135,102_CT_2,5999,135,135
5468,minimum_up,136,102_CT_2,6004,136,136
5469,minimum_down,136,102_CT_2,6005,136,136
5474,minimum_up,137,102_CT_2,6010,137,137
5475,minimum_down,137,102_CT_2,6011,137,137
5480,minimum_up,138,102_CT_2,6016,138,138
5481,minimum_down,138,102_CT_2,6017,138,138
5486,minimum_up,139,102_CT_2,6022,139,139
5487,minimum_down,139,102_CT_2,6023,139,139
5492,minimum_up,140,102_CT_2,6028,140,140
5493,minimum_down,140,102_CT_2,6029,140,140
5498,minimum_up,141,102_CT_2,6034,141,141
5499,minimum_down,141,102_CT_2,6035,141,141
5504,minimum_up,142,102_CT_2,6040,142,142
5505,minimum_down,142,102_CT_2,6041,142,142
5510,minimum_up,143,102_CT_2,6046,143,143
5511,minimum_down,143,102_CT_2,6047,143,143
5718,minimum_down,27,102_STEAM_3,6355,24,27
5723,minimum_down,28,102_STEAM_3,6361,25,28
5728,minimum_down,29,102_STEAM_3,6367,26,29
5733,minimum_down,30,102_STEAM_3,6373,27,30
5738,minimum_up,31,102_STEAM_3,6378,24,31
5739,minimum_down,31,102_STEAM_3,6379,28,31
5744,minimum_up,32,102_STEAM_3,6384,25,32
5745,minimum_down,32,102_STEAM_3,6385,29,32
5750,minimum_up,33,102_STEAM_3,6390,26,33
5751,minimum_down,33,102_STEAM_3,6391,30,33
5756,minimum_up,34,102_STEAM_3,6396,27,34
5757,minimum_down,34,102_STEAM_3,6397,31,34
5762,minimum_up,35,102_STEAM_3,6402,28,35
5763,minimum_down,35,102_STEAM_3,6403,32,35
5768,minimum_up,36,102_STEAM_3,6408,29,36
5769,minimum_down,36,102_STEAM_3,6409,33,36
5774,minimum_up,37,102_STEAM_3,6414,30,37
5775,minimum_down,37,102_STEAM_3,6415,34,37
5780,minimum_up,38,102_STEAM_3,6420,31,38
5781,minimum_down,38,102_STEAM_3,6421,35,38
5786,minimum_up,39,102_STEAM_3,6426,32,39
5787,minimum_down,39,102_STEAM_3,6427,36,39
5792,minimum_up,40,102_STEAM_3,6432,33,40
5793,minimum_down,40,102_STEAM_3,6433,37,40
5798,minimum_up,41,102_STEAM_3,6438,34,41
5799,minimum_down,41,102_STEAM_3,6439,38,41
5804,minimum_up,42,102_STEAM_3,6444,35,42
5805,minimum_down,42,102_STEAM_3,6445,39,42
5810,minimum_up,43,102_STEAM_3,6450,36,43
5811,minimum_down,43,102_STEAM_3,6451,40,43
5816,minimum_up,44,102_STEAM_3,6456,37,44
5817,minimum_down,44,102_STEAM_3,6457,41,44
5822,minimum_up,45,102_STEAM_3,6462,38,45
5823,minimum_down,45,102_STEAM_3,6463,42,45
5828,minimum_up,46,102_STEAM_3,6468,39,46
5829,minimum_down,46,102_STEAM_3,6469,43,46
5834,minimum_up,47,102_STEAM_3,6474,40,47
5835,minimum_down,47,102_STEAM_3,6475,44,47
5840,minimum_up,48,102_STEAM_3,6480,41,48
5841,minimum_down,48,102_STEAM_3,6481,45,48
5846,minimum_up,49,102_STEAM_3,6486,42,49
5847,minimum_down,49,102_STEAM_3,6487,46,49
5852,minimum_up,50,102_STEAM_3,6492,43,50
5853,minimum_down,50,102_STEAM_3,6493,47,50
5858,minimum_up,51,102_STEAM_3,6498,44,51
5859,minimum_down,51,102_STEAM_3,6499,48,51
5864,minimum_up,52,102_STEAM_3,6504,45,52
5865,minimum_down,52,102_STEAM_3,6505,49,52
5870,minimum_up,53,102_STEAM_3,6510,46,53
5871,minimum_down,53,102_STEAM_3,6511,50,53
5876,minimum_up,54,102_STEAM_3,6516,47,54
5877,minimum_down,54,102_STEAM_3,6517,51,54
5882,minimum_up,55,102_STEAM_3,6522,48,55
5883,minimum_down,55,102_STEAM_3,6523,52,55
5888,minimum_up,56,102_STEAM_3,6528,49,56
5889,minimum_down,56,102_STEAM_3,6529,53,56
5894,minimum_up,57,102_STEAM_3,6534,50,57
5895,minimum_down,57,102_STEAM_3,6535,54,57
5900,minimum_up,58,102_STEAM_3,6540,51,58
5901,minimum_down,58,102_STEAM_3,6541,55,58
5906,minimum_up,59,102_STEAM_3,6546,52,59
5907,minimum_down,59,102_STEAM_3,6547,56,59
5912,minimum_up,60,102_STEAM_3,6552,53,60
5913,minimum_down,60,102_STEAM_3,6553,57,60
5918,minimum_up,61,102_STEAM_3,6558,54,61
5919,minimum_down,61,102_STEAM_3,6559,58,61
5924,minimum_up,62,102_STEAM_3,6564,55,62
5925,minimum_down,62,102_STEAM_3,6565,59,62
5930,minimum_up,63,102_STEAM_3,6570,56,63
5931,minimum_down,63,102_STEAM_3,6571,60,63
5936,minimum_up,64,102_STEAM_3,6576,57,64
5937,minimum_down,64,102_STEAM_3,6577,61,64
5942,minimum_up,65,102_STEAM_3,6582,58,65
5943,minimum_down,65,102_STEAM_3,6583,62,65
5948,minimum_up,66,102_STEAM_3,6588,59,66
5949,minimum_down,66,102_STEAM_3,6589,63,66
5954,minimum_up,67,102_STEAM_3,6594,60,67
5955,minimum_down,67,102_STEAM_3,6595,64,67
5960,minimum_up,68,102_STEAM_3,6600,61,68
5961,minimum_down,68,102_STEAM_3,6601,65,68
5966,minimum_up,69,102_STEAM_3,6606,62,69
5967,minimum_down,69,102_STEAM_3,6607,66,69
5972,minimum_up,70,102_STEAM_3,6612,63,70
5973,minimum_down,70,102_STEAM_3,6613,67,70
5978,minimum_up,71,102_STEAM_3,6618,64,71
5979,minimum_down,71,102_STEAM_3,6619,68,71
5984,minimum_up,72,102_STEAM_3,6624,65,72
5985,minimum_down,72,102_STEAM_3,6625,69,72
5990,minimum_up,73,102_STEAM_3,6630,66,73
5991,minimum_down,73,102_STEAM_3,6631,70,73
5996,minimum_up,74,102_STEAM_3,6636,67,74
5997,minimum_down,74,102_STEAM_3,6637,71,74
6002,minimum_up,75,102_STEAM_3,6642,68,75
6003,minimum_down,75,102_STEAM_3,6643,72,75
6008,minimum_up,76,102_STEAM_3,6648,69,76
6009,minimum_down,76,102_STEAM_3,6649,73,76
6014,minimum_up,77,102_STEAM_3,6654,70,77
6015,minimum_down,77,102_STEAM_3,6655,74,77
6020,minimum_up,78,102_STEAM_3,6660,71,78
6021,minimum_down,78,102_STEAM_3,6661,75,78
6026,minimum_up,79,102_STEAM_3,6666,72,79
6027,minimum_down,79,102_STEAM_3,6667,76,79
6032,minimum_up,80,102_STEAM_3,6672,73,80
6033,minimum_down,80,102_STEAM_3,6673,77,80
6038,minimum_up,81,102_STEAM_3,6678,74,81
6039,minimum_down,81,102_STEAM_3,6679,78,81
6044,minimum_up,82,102_STEAM_3,6684,75,82
6045,minimum_down,82,102_STEAM_3,6685,79,82
6050,minimum_up,83,102_STEAM_3,6690,76,83
6051,minimum_down,83,102_STEAM_3,6691,80,83
6056,minimum_up,84,102_STEAM_3,6696,77,84
6057,minimum_down,84,102_STEAM_3,6697,81,84
6062,minimum_up,85,102_STEAM_3,6702,78,85
6063,minimum_down,85,102_STEAM_3,6703,82,85
6068,minimum_up,86,102_STEAM_3,6708,79,86
6069,minimum_down,86,102_STEAM_3,6709,83,86
6074,minimum_up,87,102_STEAM_3,6714,80,87
6075,minimum_down,87,102_STEAM_3,6715,84,87
6080,minimum_up,88,102_STEAM_3,6720,81,88
6081,minimum_down,88,102_STEAM_3,6721,85,88
6086,minimum_up,89,102_STEAM_3,6726,82,89
6087,minimum_down,89,102_STEAM_3,6727,86,89
6092,minimum_up,90,102_STEAM_3,6732,83,90
6093,minimum_down,90,102_STEAM_3,6733,87,90
6098,minimum_up,91,102_STEAM_3,6738,84,91
6099,minimum_down,91,102_STEAM_3,6739,88,91
6104,minimum_up,92,102_STEAM_3,6744,85,92
6105,minimum_down,92,102_STEAM_3,6745,89,92
6110,minimum_up,93,102_STEAM_3,6750,86,93
6111,minimum_down,93,102_STEAM_3,6751,90,93
6116,minimum_up,94,102_STEAM_3,6756,87,94
6117,minimum_down,94,102_STEAM_3,6757,91,94
6122,minimum_up,95,102_STEAM_3,6762,88,95
6123,minimum_down,95,102_STEAM_3,6763,92,95
6128,minimum_up,96,102_STEAM_3,6768,89,96
6129,minimum_down,96,102_STEAM_3,6769,93,96
6134,minimum_up,97,102_STEAM_3,6774,90,97
6135,minimum_down,97,102_STEAM_3,6775,94,97
6140,minimum_up,98,102_STEAM_3,6780,91,98
6141,minimum_down,98,102_STEAM_3,6781,95,98
6146,minimum_up,99,102_STEAM_3,6786,92,99
6147,minimum_down,99,102_STEAM_3,6787,96,99
6152,minimum_up,100,102_STEAM_3,6792,93,100
6153,minimum_down,100,102_STEAM_3,6793,97,100
6158,minimum_up,101,102_STEAM_3,6798,94,101
6159,minimum_down,101,102_STEAM_3,6799,98,101
6164,minimum_up,102,102_STEAM_3,6804,95,102
6165,minimum_down,102,102_STEAM_3,6805,99,102
6170,minimum_up,103,102_STEAM_3,6810,96,103
6171,minimum_down,103,102_STEAM_3,6811,100,103
6176,minimum_up,104,102_STEAM_3,6816,97,104
6177,minimum_down,104,102_STEAM_3,6817,101,104
6182,minimum_up,105,102_STEAM_3,6822,98,105
6183,minimum_down,105,102_STEAM_3,6823,102,105
6188,minimum_up,106,102_STEAM_3,6828,99,106
6189,minimum_down,106,102_STEAM_3,6829,103,106
6194,minimum_up,107,102_STEAM_3,6834,100,107
6195,minimum_down,107,102_STEAM_3,6835,104,107
6200,minimum_up,108,102_STEAM_3,6840,101,108
6201,minimum_down,108,102_STEAM_3,6841,105,108
6206,minimum_up,109,102_STEAM_3,6846,102,109
6207,minimum_down,109,102_STEAM_3,6847,106,109
6212,minimum_up,110,102_STEAM_3,6852,103,110
6213,minimum_down,110,102_STEAM_3,6853,107,110
6218,minimum_up,111,102_STEAM_3,6858,104,111
6219,minimum_down,111,102_STEAM_3,6859,108,111
6224,minimum_up,112,102_STEAM_3,6864,105,112
6225,minimum_down,112,102_STEAM_3,6865,109,112
6230,minimum_up,113,102_STEAM_3,6870,106,113
6231,minimum_down,113,102_STEAM_3,6871,110,113
6236,minimum_up,114,102_STEAM_3,6876,107,114
6237,minimum_down,114,102_STEAM_3,6877,111,114
6242,minimum_up,115,102_STEAM_3,6882,108,115
6243,minimum_down,115,102_STEAM_3,6883,112,115
6248,minimum_up,116,102_STEAM_3,6888,109,116
6249,minimum_down,116,102_STEAM_3,6889,113,116
6254,minimum_up,117,102_STEAM_3,6894,110,117
6255,minimum_down,117,102_STEAM_3,6895,114,117
6260,minimum_up,118,102_STEAM_3,6900,111,118
6261,minimum_down,118,102_STEAM_3,6901,115,118
6266,minimum_up,119,102_STEAM_3,6906,112,119
6267,minimum_down,119,102_STEAM_3,6907,116,119
6272,minimum_up,120,102_STEAM_3,6912,113,120
6273,minimum_down,120,102_STEAM_3,6913,117,120
6278,minimum_up,121,102_STEAM_3,6918,114,121
6279,minimum_down,121,102_STEAM_3,6919,118,121
6284,minimum_up,122,102_STEAM_3,6924,115,122
6285,minimum_down,122,102_STEAM_3,6925,119,122
6290,minimum_up,123,102_STEAM_3,6930,116,123
6291,minimum_down,123,102_STEAM_3,6931,120,123
6296,minimum_up,124,102_STEAM_3,6936,117,124
6297,minimum_down,124,102_STEAM_3,6937,121,124
6302,minimum_up,125,102_STEAM_3,6942,118,125
6303,minimum_down,125,102_STEAM_3,6943,122,125
6308,minimum_up,126,102_STEAM_3,6948,119,126
6309,minimum_down,126,102_STEAM_3,6949,123,126
6314,minimum_up,127,102_STEAM_3,6954,120,127
6315,minimum_down,127,102_STEAM_3,6955,124,127
6320,minimum_up,128,102_STEAM_3,6960,121,128
6321,minimum_down,128,102_STEAM_3,6961,125,128
6326,minimum_up,129,102_STEAM_3,6966,122,129
6327,minimum_down,129,102_STEAM_3,6967,126,129
6332,minimum_up,130,102_STEAM_3,6972,123,130
6333,minimum_down,130,102_STEAM_3,6973,127,130
6338,minimum_up,131,102_STEAM_3,6978,124,131
6339,minimum_down,131,102_STEAM_3,6979,128,131
6344,minimum_up,132,102_STEAM_3,6984,125,132
6345,minimum_down,132,102_STEAM_3,6985,129,132
6350,minimum_up,133,102_STEAM_3,6990,126,133
6351,minimum_down,133,102_STEAM_3,6991,130,133
6356,minimum_up,134,102_STEAM_3,6996,127,134
6357,minimum_down,134,102_STEAM_3,6997,131,134
6362,minimum_up,135,102_STEAM_3,7002,128,135
6363,minimum_down,135,102_STEAM_3,7003,132,135
6368,minimum_up,136,102_STEAM_3,7008,129,136
6369,minimum_down,136,102_STEAM_3,7009,133,136
6374,minimum_up,137,102_STEAM_3,7014,130,137
6375,minimum_down,137,102_STEAM_3,7015,134,137
6380,minimum_up,138,102_STEAM_3,7020,131,138
6381,minimum_down,138,102_STEAM_3,7021,135,138
6386,minimum_up,139,102_STEAM_3,7026,132,139
6387,minimum_down,139,102_STEAM_3,7027,136,139
6392,minimum_up,140,102_STEAM_3,7032,133,140
6393,minimum_down,140,102_STEAM_3,7033,137,140
6398,minimum_up,141,102_STEAM_3,7038,134,141
6399,minimum_down,141,102_STEAM_3,7039,138,141
6404,minimum_up,142,102_STEAM_3,7044,135,142
6405,minimum_down,142,102_STEAM_3,7045,139,142
6410,minimum_up,143,102_STEAM_3,7050,136,143
6411,minimum_down,143,102_STEAM_3,7051,140,143
6618,minimum_down,27,102_STEAM_4,7359,24,27
6623,minimum_down,28,102_STEAM_4,7365,25,28
6628,minimum_down,29,102_STEAM_4,7371,26,29
6633,minimum_down,30,102_STEAM_4,7377,27,30
6638,minimum_up,31,102_STEAM_4,7382,24,31
6639,minimum_down,31,102_STEAM_4,7383,28,31
6644,minimum_up,32,102_STEAM_4,7388,25,32
6645,minimum_down,32,102_STEAM_4,7389,29,32
6650,minimum_up,33,102_STEAM_4,7394,26,33
6651,minimum_down,33,102_STEAM_4,7395,30,33
6656,minimum_up,34,102_STEAM_4,7400,27,34
6657,minimum_down,34,102_STEAM_4,7401,31,34
6662,minimum_up,35,102_STEAM_4,7406,28,35
6663,minimum_down,35,102_STEAM_4,7407,32,35
6668,minimum_up,36,102_STEAM_4,7412,29,36
6669,minimum_down,36,102_STEAM_4,7413,33,36
6674,minimum_up,37,102_STEAM_4,7418,30,37
6675,minimum_down,37,102_STEAM_4,7419,34,37
6680,minimum_up,38,102_STEAM_4,7424,31,38
6681,minimum_down,38,102_STEAM_4,7425,35,38
6686,minimum_up,39,102_STEAM_4,7430,32,39
6687,minimum_down,39,102_STEAM_4,7431,36,39
6692,minimum_up,40,102_STEAM_4,7436,33,40
6693,minimum_down,40,102_STEAM_4,7437,37,40
6698,minimum_up,41,102_STEAM_4,7442,34,41
6699,minimum_down,41,102_STEAM_4,7443,38,41
6704,minimum_up,42,102_STEAM_4,7448,35,42
6705,minimum_down,42,102_STEAM_4,7449,39,42
6710,minimum_up,43,102_STEAM_4,7454,36,43
6711,minimum_down,43,102_STEAM_4,7455,40,43
6716,minimum_up,44,102_STEAM_4,7460,37,44
6717,minimum_down,44,102_STEAM_4,7461,41,44
6722,minimum_up,45,102_STEAM_4,7466,38,45
6723,minimum_down,45,102_STEAM_4,7467,42,45
6728,minimum_up,46,102_STEAM_4,7472,39,46
6729,minimum_down,46,102_STEAM_4,7473,43,46
6734,minimum_up,47,102_STEAM_4,7478,40,47
6735,minimum_down,47,102_STEAM_4,7479,44,47
6740,minimum_up,48,102_STEAM_4,7484,41,48
6741,minimum_down,48,102_STEAM_4,7485,45,48
6746,minimum_up,49,102_STEAM_4,7490,42,49
6747,minimum_down,49,102_STEAM_4,7491,46,49
6752,minimum_up,50,102_STEAM_4,7496,43,50
6753,minimum_down,50,102_STEAM_4,7497,47,50
6758,minimum_up,51,102_STEAM_4,7502,44,51
6759,minimum_down,51,102_STEAM_4,7503,48,51
6764,minimum_up,52,102_STEAM_4,7508,45,52
6765,minimum_down,52,102_STEAM_4,7509,49,52
6770,minimum_up,53,102_STEAM_4,7514,46,53
6771,minimum_down,53,102_STEAM_4,7515,50,53
6776,minimum_up,54,102_STEAM_4,7520,47,54
6777,minimum_down,54,102_STEAM_4,7521,51,54
6782,minimum_up,55,102_STEAM_4,7526,48,55
6783,minimum_down,55,102_STEAM_4,7527,52,55
6788,minimum_up,56,102_STEAM_4,7532,49,56
6789,minimum_down,56,102_STEAM_4,7533,53,56
6794,minimum_up,57,102_STEAM_4,7538,50,57
6795,minimum_down,57,102_STEAM_4,7539,54,57
6800,minimum_up,58,102_STEAM_4,7544,51,58
6801,minimum_down,58,102_STEAM_4,7545,55,58
6806,minimum_up,59,102_STEAM_4,7550,52,59
6807,minimum_down,59,102_STEAM_4,7551,56,59
6812,minimum_up,60,102_STEAM_4,7556,53,60
6813,minimum_down,60,102_STEAM_4,7557,57,60
6818,minimum_up,61,102_STEAM_4,7562,54,61
6819,minimum_down,61,102_STEAM_4,7563,58,61
6824,minimum_up,62,102_STEAM_4,7568,55,62
6825,minimum_down,62,102_STEAM_4,7569,59,62
6830,minimum_up,63,102_STEAM_4,7574,56,63
6831,minimum_down,63,102_STEAM_4,7575,60,63
6836,minimum_up,64,102_STEAM_4,7580,57,64
6837,minimum_down,64,102_STEAM_4,7581,61,64
6842,minimum_up,65,102_STEAM_4,7586,58,65
6843,minimum_down,65,102_STEAM_4,7587,62,65
6848,minimum_up,66,102_STEAM_4,7592,59,66
6849,minimum_down,66,102_STEAM_4,7593,63,66
6854,minimum_up,67,102_STEAM_4,7598,60,67
6855,minimum_down,67,102_STEAM_4,7599,64,67
6860,minimum_up,68,102_STEAM_4,7604,61,68
6861,minimum_down,68,102_STEAM_4,7605,65,68
6866,minimum_up,69,102_STEAM_4,7610,62,69
6867,minimum_down,69,102_STEAM_4,7611,66,69
6872,minimum_up,70,102_STEAM_4,7616,63,70
6873,minimum_down,70,102_STEAM_4,7617,67,70
6878,minimum_up,71,102_STEAM_4,7622,64,71
6879,minimum_down,71,102_STEAM_4,7623,68,71
6884,minimum_up,72,102_STEAM_4,7628,65,72
6885,minimum_down,72,102_STEAM_4,7629,69,72
6890,minimum_up,73,102_STEAM_4,7634,66,73
6891,minimum_down,73,102_STEAM_4,7635,70,73
6896,minimum_up,74,102_STEAM_4,7640,67,74
6897,minimum_down,74,102_STEAM_4,7641,71,74
6902,minimum_up,75,102_STEAM_4,7646,68,75
6903,minimum_down,75,102_STEAM_4,7647,72,75
6908,minimum_up,76,102_STEAM_4,7652,69,76
6909,minimum_down,76,102_STEAM_4,7653,73,76
6914,minimum_up,77,102_STEAM_4,7658,70,77
6915,minimum_down,77,102_STEAM_4,7659,74,77
6920,minimum_up,78,102_STEAM_4,7664,71,78
6921,minimum_down,78,102_STEAM_4,7665,75,78
6926,minimum_up,79,102_STEAM_4,7670,72,79
6927,minimum_down,79,102_STEAM_4,7671,76,79
6932,minimum_up,80,102_STEAM_4,7676,73,80
6933,minimum_down,80,102_STEAM_4,7677,77,80
6938,minimum_up,81,102_STEAM_4,7682,74,81
6939,minimum_down,81,102_STEAM_4,7683,78,81
6944,minimum_up,82,102_STEAM_4,7688,75,82
6945,minimum_down,82,102_STEAM_4,7689,79,82
6950,minimum_up,83,102_STEAM_4,7694,76,83
6951,minimum_down,83,102_STEAM_4,7695,80,83
6956,minimum_up,84,102_STEAM_4,7700,77,84
6957,minimum_down,84,102_STEAM_4,7701,81,84
6962,minimum_up,85,102_STEAM_4,7706,78,85
6963,minimum_down,85,102_STEAM_4,7707,82,85
6968,minimum_up,86,102_STEAM_4,7712,79,86
6969,minimum_down,86,102_STEAM_4,7713,83,86
6974,minimum_up,87,102_STEAM_4,7718,80,87
6975,minimum_down,87,102_STEAM_4,7719,84,87
6980,minimum_up,88,102_STEAM_4,7724,81,88
6981,minimum_down,88,102_STEAM_4,7725,85,88
6986,minimum_up,89,102_STEAM_4,7730,82,89
6987,minimum_down,89,102_STEAM_4,7731,86,89
6992,minimum_up,90,102_STEAM_4,7736,83,90
6993,minimum_down,90,102_STEAM_4,7737,87,90
6998,minimum_up,91,102_STEAM_4,7742,84,91
6999,minimum_down,91,102_STEAM_4,7743,88,91
7004,minimum_up,92,102_STEAM_4,7748,85,92
7005,minimum_down,92,102_STEAM_4,7749,89,92
7010,minimum_up,93,102_STEAM_4,7754,86,93
7011,minimum_down,93,102_STEAM_4,7755,90,93
7016,minimum_up,94,102_STEAM_4,7760,87,94
7017,minimum_down,94,102_STEAM_4,7761,91,94
7022,minimum_up,95,102_STEAM_4,7766,88,95
7023,minimum_down,95,102_STEAM_4,7767,92,95
7028,minimum_up,96,102_STEAM_4,7772,89,96
7029,minimum_down,96,102_STEAM_4,7773,93,96
7034,minimum_up,97,102_STEAM_4,7778,90,97
7035,minimum_down,97,102_STEAM_4,7779,94,97
7040,minimum_up,98,102_STEAM_4,7784,91,98
7041,minimum_down,98,102_STEAM_4,7785,95,98
7046,minimum_up,99,102_STEAM_4,7790,92,99
7047,minimum_down,99,102_STEAM_4,7791,96,99
7052,minimum_up,100,102_STEAM_4,7796,93,100
7053,minimum_down,100,102_STEAM_4,7797,97,100
7058,minimum_up,101,102_STEAM_4,7802,94,101
7059,minimum_down,101,102_STEAM_4,7803,98,101
7064,minimum_up,102,102_STEAM_4,7808,95,102
7065,minimum_down,102,102_STEAM_4,7809,99,102
7070,minimum_up,103,102_STEAM_4,7814,96,103
7071,minimum_down,103,102_STEAM_4,7815,100,103
7076,minimum_up,104,102_STEAM_4,7820,97,104
7077,minimum_down,104,102_STEAM_4,7821,101,104
7082,minimum_up,105,102_STEAM_4,7826,98,105
7083,minimum_down,105,102_STEAM_4,7827,102,105
7088,minimum_up,106,102_STEAM_4,7832,99,106
7089,minimum_down,106,102_STEAM_4,7833,103,106
7094,minimum_up,107,102_STEAM_4,7838,100,107
7095,minimum_down,107,102_STEAM_4,7839,104,107
7100,minimum_up,108,102_STEAM_4,7844,101,108
7101,minimum_down,108,102_STEAM_4,7845,105,108
7106,minimum_up,109,102_STEAM_4,7850,102,109
7107,minimum_down,109,102_STEAM_4,7851,106,109
7112,minimum_up,110,102_STEAM_4,7856,103,110
7113,minimum_down,110,102_STEAM_4,7857,107,110
7118,minimum_up,111,102_STEAM_4,7862,104,111
7119,minimum_down,111,102_STEAM_4,7863,108,111
7124,minimum_up,112,102_STEAM_4,7868,105,112
7125,minimum_down,112,102_STEAM_4,7869,109,112
7130,minimum_up,113,102_STEAM_4,7874,106,113
7131,minimum_down,113,102_STEAM_4,7875,110,113
7136,minimum_up,114,102_STEAM_4,7880,107,114
7137,minimum_down,114,102_STEAM_4,7881,111,114
7142,minimum_up,115,102_STEAM_4,7886,108,115
7143,minimum_down,115,102_STEAM_4,7887,112,115
7148,minimum_up,116,102_STEAM_4,7892,109,116
7149,minimum_down,116,102_STEAM_4,7893,113,116
7154,minimum_up,117,102_STEAM_4,7898,110,117
7155,minimum_down,117,102_STEAM_4,7899,114,117
7160,minimum_up,118,102_STEAM_4,7904,111,118
7161,minimum_down,118,102_STEAM_4,7905,115,118
7166,minimum_up,119,102_STEAM_4,7910,112,119
7167,minimum_down,119,102_STEAM_4,7911,116,119
7172,minimum_up,120,102_STEAM_4,7916,113,120
7173,minimum_down,120,102_STEAM_4,7917,117,120
7178,minimum_up,121,102_STEAM_4,7922,114,121
7179,minimum_down,121,102_STEAM_4,7923,118,121
7184,minimum_up,122,102_STEAM_4,7928,115,122
7185,minimum_down,122,102_STEAM_4,7929,119,122
7190,minimum_up,123,102_STEAM_4,7934,116,123
7191,minimum_down,123,102_STEAM_4,7935,120,123
7196,minimum_up,124,102_STEAM_4,7940,117,124
7197,minimum_down,124,102_STEAM_4,7941,121,124
7202,minimum_up,125,102_STEAM_4,7946,118,125
7203,minimum_down,125,102_STEAM_4,7947,122,125
7208,minimum_up,126,102_STEAM_4,7952,119,126
7209,minimum_down,126,102_STEAM_4,7953,123,126
7214,minimum_up,127,102_STEAM_4,7958,120,127
7215,minimum_down,127,102_STEAM_4,7959,124,127
7220,minimum_up,128,102_STEAM_4,7964,121,128
7221,minimum_down,128,102_STEAM_4,7965,125,128
7226,minimum_up,129,102_STEAM_4,7970,122,129
7227,minimum_down,129,102_STEAM_4,7971,126,129
7232,minimum_up,130,102_STEAM_4,7976,123,130
7233,minimum_down,130,102_STEAM_4,7977,127,130
7238,minimum_up,131,102_STEAM_4,7982,124,131
7239,minimum_down,131,102_STEAM_4,7983,128,131
7244,minimum_up,132,102_STEAM_4,7988,125,132
7245,minimum_down,132,102_STEAM_4,7989,129,132
7250,minimum_up,133,102_STEAM_4,7994,126,133
7251,minimum_down,133,102_STEAM_4,7995,130,133
7256,minimum_up,134,102_STEAM_4,8000,127,134
7257,minimum_down,134,102_STEAM_4,8001,131,134
7262,minimum_up,135,102_STEAM_4,8006,128,135
7263,minimum_down,135,102_STEAM_4,8007,132,135
7268,minimum_up,136,102_STEAM_4,8012,129,136
7269,minimum_down,136,102_STEAM_4,8013,133,136
7274,minimum_up,137,102_STEAM_4,8018,130,137
7275,minimum_down,137,102_STEAM_4,8019,134,137
7280,minimum_up,138,102_STEAM_4,8024,131,138
7281,minimum_down,138,102_STEAM_4,8025,135,138
7286,minimum_up,139,102_STEAM_4,8030,132,139
7287,minimum_down,139,102_STEAM_4,8031,136,139
7292,minimum_up,140,102_STEAM_4,8036,133,140
7293,minimum_down,140,102_STEAM_4,8037,137,140
7298,minimum_up,141,102_STEAM_4,8042,134,141
7299,minimum_down,141,102_STEAM_4,8043,138,141
7304,minimum_up,142,102_STEAM_4,8048,135,142
7305,minimum_down,142,102_STEAM_4,8049,139,142
7310,minimum_up,143,102_STEAM_4,8054,136,143
7311,minimum_down,143,102_STEAM_4,8055,140,143
7522,minimum_down,28,107_CC_1,8369,24,28
7527,minimum_down,29,107_CC_1,8375,25,29
7532,minimum_down,30,107_CC_1,8381,26,30
7537,minimum_up,31,107_CC_1,8386,24,31
7538,minimum_down,31,107_CC_1,8387,27,31
7543,minimum_up,32,107_CC_1,8392,25,32
7544,minimum_down,32,107_CC_1,8393,28,32
7549,minimum_up,33,107_CC_1,8398,26,33
7550,minimum_down,33,107_CC_1,8399,29,33
7555,minimum_up,34,107_CC_1,8404,27,34
7556,minimum_down,34,107_CC_1,8405,30,34
7561,minimum_up,35,107_CC_1,8410,28,35
7562,minimum_down,35,107_CC_1,8411,31,35
7567,minimum_up,36,107_CC_1,8416,29,36
7568,minimum_down,36,107_CC_1,8417,32,36
7573,minimum_up,37,107_CC_1,8422,30,37
7574,minimum_down,37,107_CC_1,8423,33,37
7579,minimum_up,38,107_CC_1,8428,31,38
7580,minimum_down,38,107_CC_1,8429,34,38
7585,minimum_up,39,107_CC_1,8434,32,39
7586,minimum_down,39,107_CC_1,8435,35,39
7591,minimum_up,40,107_CC_1,8440,33,40
7592,minimum_down,40,107_CC_1,8441,36,40
7597,minimum_up,41,107_CC_1,8446,34,41
7598,minimum_down,41,107_CC_1,8447,37,41
7603,minimum_up,42,107_CC_1,8452,35,42
7604,minimum_down,42,107_CC_1,8453,38,42
7609,minimum_up,43,107_CC_1,8458,36,43
7610,minimum_down,43,107_CC_1,8459,39,43
7615,minimum_up,44,107_CC_1,8464,37,44
7616,minimum_down,44,107_CC_1,8465,40,44
7621,minimum_up,45,107_CC_1,8470,38,45
7622,minimum_down,45,107_CC_1,8471,41,45
7627,minimum_up,46,107_CC_1,8476,39,46
7628,minimum_down,46,107_CC_1,8477,42,46
7633,minimum_up,47,107_CC_1,8482,40,47
7634,minimum_down,47,107_CC_1,8483,43,47
7639,minimum_up,48,107_CC_1,8488,41,48
7640,minimum_down,48,107_CC_1,8489,44,48
7645,minimum_up,49,107_CC_1,8494,42,49
7646,minimum_down,49,107_CC_1,8495,45,49
7651,minimum_up,50,107_CC_1,8500,43,50
7652,minimum_down,50,107_CC_1,8501,46,50
7657,minimum_up,51,107_CC_1,8506,44,51
7658,minimum_down,51,107_CC_1,8507,47,51
7663,minimum_up,52,107_CC_1,8512,45,52
7664,minimum_down,52,107_CC_1,8513,48,52
7669,minimum_up,53,107_CC_1,8518,46,53
7670,minimum_down,53,107_CC_1,8519,49,53
7675,minimum_up,54,107_CC_1,8524,47,54
7676,minimum_down,54,107_CC_1,8525,50,54
7681,minimum_up,55,107_CC_1,8530,48,55
7682,minimum_down,55,107_CC_1,8531,51,55
7687,minimum_up,56,107_CC_1,8536,49,56
7688,minimum_down,56,107_CC_1,8537,52,56
7693,minimum_up,57,107_CC_1,8542,50,57
7694,minimum_down,57,107_CC_1,8543,53,57
7699,minimum_up,58,107_CC_1,8548,51,58
7700,minimum_down,58,107_CC_1,8549,54,58
7705,minimum_up,59,107_CC_1,8554,52,59
7706,minimum_down,59,107_CC_1,8555,55,59
7711,minimum_up,60,107_CC_1,8560,53,60
7712,minimum_down,60,107_CC_1,8561,56,60
7717,minimum_up,61,107_CC_1,8566,54,61
7718,minimum_down,61,107_CC_1,8567,57,61
7723,minimum_up,62,107_CC_1,8572,55,62
7724,minimum_down,62,107_CC_1,8573,58,62
7729,minimum_up,63,107_CC_1,8578,56,63
7730,minimum_down,63,107_CC_1,8579,59,63
7735,minimum_up,64,107_CC_1,8584,57,64
7736,minimum_down,64,107_CC_1,8585,60,64
7741,minimum_up,65,107_CC_1,8590,58,65
7742,minimum_down,65,107_CC_1,8591,61,65
7747,minimum_up,66,107_CC_1,8596,59,66
7748,minimum_down,66,107_CC_1,8597,62,66
7753,minimum_up,67,107_CC_1,8602,60,67
7754,minimum_down,67,107_CC_1,8603,63,67
7759,minimum_up,68,107_CC_1,8608,61,68
7760,minimum_down,68,107_CC_1,8609,64,68
7765,minimum_up,69,107_CC_1,8614,62,69
7766,minimum_down,69,107_CC_1,8615,65,69
7771,minimum_up,70,107_CC_1,8620,63,70
7772,minimum_down,70,107_CC_1,8621,66,70
7777,minimum_up,71,107_CC_1,8626,64,71
7778,minimum_down,71,107_CC_1,8627,67,71
7783,minimum_up,72,107_CC_1,8632,65,72
7784,minimum_down,72,107_CC_1,8633,68,72
7789,minimum_up,73,107_CC_1,8638,66,73
7790,minimum_down,73,107_CC_1,8639,69,73
7795,minimum_up,74,107_CC_1,8644,67,74
7796,minimum_down,74,107_CC_1,8645,70,74
7801,minimum_up,75,107_CC_1,8650,68,75
7802,minimum_down,75,107_CC_1,8651,71,75
7807,minimum_up,76,107_CC_1,8656,69,76
7808,minimum_down,76,107_CC_1,8657,72,76
7813,minimum_up,77,107_CC_1,8662,70,77
7814,minimum_down,77,107_CC_1,8663,73,77
7819,minimum_up,78,107_CC_1,8668,71,78
7820,minimum_down,78,107_CC_1,8669,74,78
7825,minimum_up,79,107_CC_1,8674,72,79
7826,minimum_down,79,107_CC_1,8675,75,79
7831,minimum_up,80,107_CC_1,8680,73,80
7832,minimum_down,80,107_CC_1,8681,76,80
7837,minimum_up,81,107_CC_1,8686,74,81
7838,minimum_down,81,107_CC_1,8687,77,81
7843,minimum_up,82,107_CC_1,8692,75,82
7844,minimum_down,82,107_CC_1,8693,78,82
7849,minimum_up,83,107_CC_1,8698,76,83
7850,minimum_down,83,107_CC_1,8699,79,83
7855,minimum_up,84,107_CC_1,8704,77,84
7856,minimum_down,84,107_CC_1,8705,80,84
7861,minimum_up,85,107_CC_1,8710,78,85
7862,minimum_down,85,107_CC_1,8711,81,85
7867,minimum_up,86,107_CC_1,8716,79,86
7868,minimum_down,86,107_CC_1,8717,82,86
7873,minimum_up,87,107_CC_1,8722,80,87
7874,minimum_down,87,107_CC_1,8723,83,87
7879,minimum_up,88,107_CC_1,8728,81,88
7880,minimum_down,88,107_CC_1,8729,84,88
7885,minimum_up,89,107_CC_1,8734,82,89
7886,minimum_down,89,107_CC_1,8735,85,89
7891,minimum_up,90,107_CC_1,8740,83,90
7892,minimum_down,90,107_CC_1,8741,86,90
7897,minimum_up,91,107_CC_1,8746,84,91
7898,minimum_down,91,107_CC_1,8747,87,91
7903,minimum_up,92,107_CC_1,8752,85,92
7904,minimum_down,92,107_CC_1,8753,88,92
7909,minimum_up,93,107_CC_1,8758,86,93
7910,minimum_down,93,107_CC_1,8759,89,93
7915,minimum_up,94,107_CC_1,8764,87,94
7916,minimum_down,94,107_CC_1,8765,90,94
7921,minimum_up,95,107_CC_1,8770,88,95
7922,minimum_down,95,107_CC_1,8771,91,95
7927,minimum_up,96,107_CC_1,8776,89,96
7928,minimum_down,96,107_CC_1,8777,92,96
7933,minimum_up,97,107_CC_1,8782,90,97
7934,minimum_down,97,107_CC_1,8783,93,97
7939,minimum_up,98,107_CC_1,8788,91,98
7940,minimum_down,98,107_CC_1,8789,94,98
7945,minimum_up,99,107_CC_1,8794,92,99
7946,minimum_down,99,107_CC_1,8795,95,99
7951,minimum_up,100,107_CC_1,8800,93,100
7952,minimum_down,100,107_CC_1,8801,96,100
7957,minimum_up,101,107_CC_1,8806,94,101
7958,minimum_down,101,107_CC_1,8807,97,101
7963,minimum_up,102,107_CC_1,8812,95,102
7964,minimum_down,102,107_CC_1,8813,98,102
7969,minimum_up,103,107_CC_1,8818,96,103
7970,minimum_down,103,107_CC_1,8819,99,103
7975,minimum_up,104,107_CC_1,8824,97,104
7976,minimum_down,104,107_CC_1,8825,100,104
7981,minimum_up,105,107_CC_1,8830,98,105
7982,minimum_down,105,107_CC_1,8831,101,105
7987,minimum_up,106,107_CC_1,8836,99,106
7988,minimum_down,106,107_CC_1,8837,102,106
7993,minimum_up,107,107_CC_1,8842,100,107
7994,minimum_down,107,107_CC_1,8843,103,107
7999,minimum_up,108,107_CC_1,8848,101,108
8000,minimum_down,108,107_CC_1,8849,104,108
8005,minimum_up,109,107_CC_1,8854,102,109
8006,minimum_down,109,107_CC_1,8855,105,109
8011,minimum_up,110,107_CC_1,8860,103,110
8012,minimum_down,110,107_CC_1,8861,106,110
8017,minimum_up,111,107_CC_1,8866,104,111
8018,minimum_down,111,107_CC_1,8867,107,111
8023,minimum_up,112,107_CC_1,8872,105,112
8024,minimum_down,112,107_CC_1,8873,108,112
8029,minimum_up,113,107_CC_1,8878,106,113
8030,minimum_down,113,107_CC_1,8879,109,113
8035,minimum_up,114,107_CC_1,8884,107,114
8036,minimum_down,114,107_CC_1,8885,110,114
8041,minimum_up,115,107_CC_1,8890,108,115
8042,minimum_down,115,107_CC_1,8891,111,115
8047,minimum_up,116,107_CC_1,8896,109,116
8048,minimum_down,116,107_CC_1,8897,112,116
8053,minimum_up,117,107_CC_1,8902,110,117
8054,minimum_down,117,107_CC_1,8903,113,117
8059,minimum_up,118,107_CC_1,8908,111,118
8060,minimum_down,118,107_CC_1,8909,114,118
8065,minimum_up,119,107_CC_1,8914,112,119
8066,minimum_down,119,107_CC_1,8915,115,119
8071,minimum_up,120,107_CC_1,8920,113,120
8072,minimum_down,120,107_CC_1,8921,116,120
8077,minimum_up,121,107_CC_1,8926,114,121
8078,minimum_down,121,107_CC_1,8927,117,121
8083,minimum_up,122,107_CC_1,8932,115,122
8084,minimum_down,122,107_CC_1,8933,118,122
8089,minimum_up,123,107_CC_1,8938,116,123
8090,minimum_down,123,107_CC_1,8939,119,123
8095,minimum_up,124,107_CC_1,8944,117,124
8096,minimum_down,124,107_CC_1,8945,120,124
8101,minimum_up,125,107_CC_1,8950,118,125
8102,minimum_down,125,107_CC_1,8951,121,125
8107,minimum_up,126,107_CC_1,8956,119,126
8108,minimum_down,126,107_CC_1,8957,122,126
8113,minimum_up,127,107_CC_1,8962,120,127
8114,minimum_down,127,107_CC_1,8963,123,127
8119,minimum_up,128,107_CC_1,8968,121,128
8120,minimum_down,128,107_CC_1,8969,124,128
8125,minimum_up,129,107_CC_1,8974,122,129
8126,minimum_down,129,107_CC_1,8975,125,129
8131,minimum_up,130,107_CC_1,8980,123,130
8132,minimum_down,130,107_CC_1,8981,126,130
8137,minimum_up,131,107_CC_1,8986,124,131
8138,minimum_down,131,107_CC_1,8987,127,131
8143,minimum_up,132,107_CC_1,8992,125,132
8144,minimum_down,132,107_CC_1,8993,128,132
8149,minimum_up,133,107_CC_1,8998,126,133
8150,minimum_down,133,107_CC_1,8999,129,133
8155,minimum_up,134,107_CC_1,9004,127,134
8156,minimum_down,134,107_CC_1,9005,130,134
8161,minimum_up,135,107_CC_1,9010,128,135
8162,minimum_down,135,107_CC_1,9011,131,135
8167,minimum_up,136,107_CC_1,9016,129,136
8168,minimum_down,136,107_CC_1,9017,132,136
8173,minimum_up,137,107_CC_1,9022,130,137
8174,minimum_down,137,107_CC_1,9023,133,137
8179,minimum_up,138,107_CC_1,9028,131,138
8180,minimum_down,138,107_CC_1,9029,134,138
8185,minimum_up,139,107_CC_1,9034,132,139
8186,minimum_down,139,107_CC_1,9035,135,139
8191,minimum_up,140,107_CC_1,9040,133,140
8192,minimum_down,140,107_CC_1,9041,136,140
8197,minimum_up,141,107_CC_1,9046,134,141
8198,minimum_down,141,107_CC_1,9047,137,141
8203,minimum_up,142,107_CC_1,9052,135,142
8204,minimum_down,142,107_CC_1,9053,138,142
8209,minimum_up,143,107_CC_1,9058,136,143
8210,minimum_down,143,107_CC_1,9059,139,143
8413,minimum_up,26,113_CT_1,9360,24,26
8414,minimum_down,26,113_CT_1,9361,24,26
8419,minimum_up,27,113_CT_1,9366,25,27
8420,minimum_down,27,113_CT_1,9367,25,27
8425,minimum_up,28,113_CT_1,9372,26,28
8426,minimum_down,28,113_CT_1,9373,26,28
8431,minimum_up,29,113_CT_1,9378,27,29
8432,minimum_down,29,113_CT_1,9379,27,29
8437,minimum_up,30,113_CT_1,9384,28,30
8438,minimum_down,30,113_CT_1,9385,28,30
8443,minimum_up,31,113_CT_1,9390,29,31
8444,minimum_down,31,113_CT_1,9391,29,31
8449,minimum_up,32,113_CT_1,9396,30,32
8450,minimum_down,32,113_CT_1,9397,30,32
8455,minimum_up,33,113_CT_1,9402,31,33
8456,minimum_down,33,113_CT_1,9403,31,33
8461,minimum_up,34,113_CT_1,9408,32,34
8462,minimum_down,34,113_CT_1,9409,32,34
8467,minimum_up,35,113_CT_1,9414,33,35
8468,minimum_down,35,113_CT_1,9415,33,35
8473,minimum_up,36,113_CT_1,9420,34,36
8474,minimum_down,36,113_CT_1,9421,34,36
8479,minimum_up,37,113_CT_1,9426,35,37
8480,minimum_down,37,113_CT_1,9427,35,37
8485,minimum_up,38,113_CT_1,9432,36,38
8486,minimum_down,38,113_CT_1,9433,36,38
8491,minimum_up,39,113_CT_1,9438,37,39
8492,minimum_down,39,113_CT_1,9439,37,39
8497,minimum_up,40,113_CT_1,9444,38,40
8498,minimum_down,40,113_CT_1,9445,38,40
8503,minimum_up,41,113_CT_1,9450,39,41
8504,minimum_down,41,113_CT_1,9451,39,41
8509,minimum_up,42,113_CT_1,9456,40,42
8510,minimum_down,42,113_CT_1,9457,40,42
8515,minimum_up,43,113_CT_1,9462,41,43
8516,minimum_down,43,113_CT_1,9463,41,43
8521,minimum_up,44,113_CT_1,9468,42,44
8522,minimum_down,44,113_CT_1,9469,42,44
8527,minimum_up,45,113_CT_1,9474,43,45
8528,minimum_down,45,113_CT_1,9475,43,45
8533,minimum_up,46,113_CT_1,9480,44,46
8534,minimum_down,46,113_CT_1,9481,44,46
8539,minimum_up,47,113_CT_1,9486,45,47
8540,minimum_down,47,113_CT_1,9487,45,47
8545,minimum_up,48,113_CT_1,9492,46,48
8546,minimum_down,48,113_CT_1,9493,46,48
8551,minimum_up,49,113_CT_1,9498,47,49
8552,minimum_down,49,113_CT_1,9499,47,49
8557,minimum_up,50,113_CT_1,9504,48,50
8558,minimum_down,50,113_CT_1,9505,48,50
8563,minimum_up,51,113_CT_1,9510,49,51
8564,minimum_down,51,113_CT_1,9511,49,51
8569,minimum_up,52,113_CT_1,9516,50,52
8570,minimum_down,52,113_CT_1,9517,50,52
8575,minimum_up,53,113_CT_1,9522,51,53
8576,minimum_down,53,113_CT_1,9523,51,53
8581,minimum_up,54,113_CT_1,9528,52,54
8582,minimum_down,54,113_CT_1,9529,52,54
8587,minimum_up,55,113_CT_1,9534,53,55
8588,minimum_down,55,113_CT_1,9535,53,55
8593,minimum_up,56,113_CT_1,9540,54,56
8594,minimum_down,56,113_CT_1,9541,54,56
8599,minimum_up,57,113_CT_1,9546,55,57
8600,minimum_down,57,113_CT_1,9547,55,57
8605,minimum_up,58,113_CT_1,9552,56,58
8606,minimum_down,58,113_CT_1,9553,56,58
8611,minimum_up,59,113_CT_1,9558,57,59
8612,minimum_down,59,113_CT_1,9559,57,59
8617,minimum_up,60,113_CT_1,9564,58,60
8618,minimum_down,60,113_CT_1,9565,58,60
8623,minimum_up,61,113_CT_1,9570,59,61
8624,minimum_down,61,113_CT_1,9571,59,61
8629,minimum_up,62,113_CT_1,9576,60,62
8630,minimum_down,62,113_CT_1,9577,60,62
8635,minimum_up,63,113_CT_1,9582,61,63
8636,minimum_down,63,113_CT_1,9583,61,63
8641,minimum_up,64,113_CT_1,9588,62,64
8642,minimum_down,64,113_CT_1,9589,62,64
8647,minimum_up,65,113_CT_1,9594,63,65
8648,minimum_down,65,113_CT_1,9595,63,65
8653,minimum_up,66,113_CT_1,9600,64,66
8654,minimum_down,66,113_CT_1,9601,64,66
8659,minimum_up,67,113_CT_1,9606,65,67
8660,minimum_down,67,113_CT_1,9607,65,67
8665,minimum_up,68,113_CT_1,9612,66,68
8666,minimum_down,68,113_CT_1,9613,66,68
8671,minimum_up,69,113_CT_1,9618,67,69
8672,minimum_down,69,113_CT_1,9619,67,69
8677,minimum_up,70,113_CT_1,9624,68,70
8678,minimum_down,70,113_CT_1,9625,68,70
8683,minimum_up,71,113_CT_1,9630,69,71
8684,minimum_down,71,113_CT_1,9631,69,71
8689,minimum_up,72,113_CT_1,9636,70,72
8690,minimum_down,72,113_CT_1,9637,70,72
8695,minimum_up,73,113_CT_1,9642,71,73
8696,minimum_down,73,113_CT_1,9643,71,73
8701,minimum_up,74,113_CT_1,9648,72,74
8702,minimum_down,74,113_CT_1,9649,72,74
8707,minimum_up,75,113_CT_1,9654,73,75
8708,minimum_down,75,113_CT_1,9655,73,75
8713,minimum_up,76,113_CT_1,9660,74,76
8714,minimum_down,76,113_CT_1,9661,74,76
8719,minimum_up,77,113_CT_1,9666,75,77
8720,minimum_down,77,113_CT_1,9667,75,77
8725,minimum_up,78,113_CT_1,9672,76,78
8726,minimum_down,78,113_CT_1,9673,76,78
8731,minimum_up,79,113_CT_1,9678,77,79
8732,minimum_down,79,113_CT_1,9679,77,79
8737,minimum_up,80,113_CT_1,9684,78,80
8738,minimum_down,80,113_CT_1,9685,78,80
8743,minimum_up,81,113_CT_1,9690,79,81
8744,minimum_down,81,113_CT_1,9691,79,81
8749,minimum_up,82,113_CT_1,9696,80,82
8750,minimum_down,82,113_CT_1,9697,80,82
8755,minimum_up,83,113_CT_1,9702,81,83
8756,minimum_down,83,113_CT_1,9703,81,83
8761,minimum_up,84,113_CT_1,9708,82,84
8762,minimum_down,84,113_CT_1,9709,82,84
8767,minimum_up,85,113_CT_1,9714,83,85
8768,minimum_down,85,113_CT_1,9715,83,85
8773,minimum_up,86,113_CT_1,9720,84,86
8774,minimum_down,86,113_CT_1,9721,84,86
8779,minimum_up,87,113_CT_1,9726,85,87
8780,minimum_down,87,113_CT_1,9727,85,87
8785,minimum_up,88,113_CT_1,9732,86,88
8786,minimum_down,88,113_CT_1,9733,86,88
8791,minimum_up,89,113_CT_1,9738,87,89
8792,minimum_down,89,113_CT_1,9739,87,89
8797,minimum_up,90,113_CT_1,9744,88,90
8798,minimum_down,90,113_CT_1,9745,88,90
8803,minimum_up,91,113_CT_1,9750,89,91
8804,minimum_down,91,113_CT_1,9751,89,91
8809,minimum_up,92,113_CT_1,9756,90,92
8810,minimum_down,92,113_CT_1,9757,90,92
8815,minimum_up,93,113_CT_1,9762,91,93
8816,minimum_down,93,113_CT_1,9763,91,93
8821,minimum_up,94,113_CT_1,9768,92,94
8822,minimum_down,94,113_CT_1,9769,92,94
8827,minimum_up,95,113_CT_1,9774,93,95
8828,minimum_down,95,113_CT_1,9775,93,95
8833,minimum_up,96,113_CT_1,9780,94,96
8834,minimum_down,96,113_CT_1,9781,94,96
8839,minimum_up,97,113_CT_1,9786,95,97
8840,minimum_down,97,113_CT_1,9787,95,97
8845,minimum_up,98,113_CT_1,9792,96,98
8846,minimum_down,98,113_CT_1,9793,96,98
8851,minimum_up,99,113_CT_1,9798,97,99
8852,minimum_down,99,113_CT_1,9799,97,99
8857,minimum_up,100,113_CT_1,9804,98,100
8858,minimum_down,100,113_CT_1,9805,98,100
8863,minimum_up,101,113_CT_1,9810,99,101
8864,minimum_down,101,113_CT_1,9811,99,101
8869,minimum_up,102,113_CT_1,9816,100,102
8870,minimum_down,102,113_CT_1,9817,100,102
8875,minimum_up,103,113_CT_1,9822,101,103
8876,minimum_down,103,113_CT_1,9823,101,103
8881,minimum_up,104,113_CT_1,9828,102,104
8882,minimum_down,104,113_CT_1,9829,102,104
8887,minimum_up,105,113_CT_1,9834,103,105
8888,minimum_down,105,113_CT_1,9835,103,105
8893,minimum_up,106,113_CT_1,9840,104,106
8894,minimum_down,106,113_CT_1,9841,104,106
8899,minimum_up,107,113_CT_1,9846,105,107
8900,minimum_down,107,113_CT_1,9847,105,107
8905,minimum_up,108,113_CT_1,9852,106,108
8906,minimum_down,108,113_CT_1,9853,106,108
8911,minimum_up,109,113_CT_1,9858,107,109
8912,minimum_down,109,113_CT_1,9859,107,109
8917,minimum_up,110,113_CT_1,9864,108,110
8918,minimum_down,110,113_CT_1,9865,108,110
8923,minimum_up,111,113_CT_1,9870,109,111
8924,minimum_down,111,113_CT_1,9871,109,111
8929,minimum_up,112,113_CT_1,9876,110,112
8930,minimum_down,112,113_CT_1,9877,110,112
8935,minimum_up,113,113_CT_1,9882,111,113
8936,minimum_down,113,113_CT_1,9883,111,113
8941,minimum_up,114,113_CT_1,9888,112,114
8942,minimum_down,114,113_CT_1,9889,112,114
8947,minimum_up,115,113_CT_1,9894,113,115
8948,minimum_down,115,113_CT_1,9895,113,115
8953,minimum_up,116,113_CT_1,9900,114,116
8954,minimum_down,116,113_CT_1,9901,114,116
8959,minimum_up,117,113_CT_1,9906,115,117
8960,minimum_down,117,113_CT_1,9907,115,117
8965,minimum_up,118,113_CT_1,9912,116,118
8966,minimum_down,118,113_CT_1,9913,116,118
8971,minimum_up,119,113_CT_1,9918,117,119
8972,minimum_down,119,113_CT_1,9919,117,119
8977,minimum_up,120,113_CT_1,9924,118,120
8978,minimum_down,120,113_CT_1,9925,118,120
8983,minimum_up,121,113_CT_1,9930,119,121
8984,minimum_down,121,113_CT_1,9931,119,121
8989,minimum_up,122,113_CT_1,9936,120,122
8990,minimum_down,122,113_CT_1,9937,120,122
8995,minimum_up,123,113_CT_1,9942,121,123
8996,minimum_down,123,113_CT_1,9943,121,123
9001,minimum_up,124,113_CT_1,9948,122,124
9002,minimum_down,124,113_CT_1,9949,122,124
9007,minimum_up,125,113_CT_1,9954,123,125
9008,minimum_down,125,113_CT_1,9955,123,125
9013,minimum_up,126,113_CT_1,9960,124,126
9014,minimum_down,126,113_CT_1,9961,124,126
9019,minimum_up,127,113_CT_1,9966,125,127
9020,minimum_down,127,113_CT_1,9967,125,127
9025,minimum_up,128,113_CT_1,9972,126,128
9026,minimum_down,128,113_CT_1,9973,126,128
9031,minimum_up,129,113_CT_1,9978,127,129
9032,minimum_down,129,113_CT_1,9979,127,129
9037,minimum_up,130,113_CT_1,9984,128,130
9038,minimum_down,130,113_CT_1,9985,128,130
9043,minimum_up,131,113_CT_1,9990,129,131
9044,minimum_down,131,113_CT_1,9991,129,131
9049,minimum_up,132,113_CT_1,9996,130,132
9050,minimum_down,132,113_CT_1,9997,130,132
9055,minimum_up,133,113_CT_1,10002,131,133
9056,minimum_down,133,113_CT_1,10003,131,133
9061,minimum_up,134,113_CT_1,10008,132,134
9062,minimum_down,134,113_CT_1,10009,132,134
9067,minimum_up,135,113_CT_1,10014,133,135
9068,minimum_down,135,113_CT_1,10015,133,135
9073,minimum_up,136,113_CT_1,10020,134,136
9074,minimum_down,136,113_CT_1,10021,134,136
9079,minimum_up,137,113_CT_1,10026,135,137
9080,minimum_down,137,113_CT_1,10027,135,137
9085,minimum_up,138,113_CT_1,10032,136,138
9086,minimum_down,138,113_CT_1,10033,136,138
9091,minimum_up,139,113_CT_1,10038,137,139
9092,minimum_down,139,113_CT_1,10039,137,139
9097,minimum_up,140,113_CT_1,10044,138,140
9098,minimum_down,140,113_CT_1,10045,138,140
9103,minimum_up,141,113_CT_1,10050,139,141
9104,minimum_down,141,113_CT_1,10051,139,141
9109,minimum_up,142,113_CT_1,10056,140,142
9110,minimum_down,142,113_CT_1,10057,140,142
9115,minimum_up,143,113_CT_1,10062,141,143
9116,minimum_down,143,113_CT_1,10063,141,143
9319,minimum_up,26,113_CT_2,10364,24,26
9320,minimum_down,26,113_CT_2,10365,24,26
9325,minimum_up,27,113_CT_2,10370,25,27
9326,minimum_down,27,113_CT_2,10371,25,27
9331,minimum_up,28,113_CT_2,10376,26,28
9332,minimum_down,28,113_CT_2,10377,26,28
9337,minimum_up,29,113_CT_2,10382,27,29
9338,minimum_down,29,113_CT_2,10383,27,29
9343,minimum_up,30,113_CT_2,10388,28,30
9344,minimum_down,30,113_CT_2,10389,28,30
9349,minimum_up,31,113_CT_2,10394,29,31
9350,minimum_down,31,113_CT_2,10395,29,31
9355,minimum_up,32,113_CT_2,10400,30,32
9356,minimum_down,32,113_CT_2,10401,30,32
9361,minimum_up,33,113_CT_2,10406,31,33
9362,minimum_down,33,113_CT_2,10407,31,33
9367,minimum_up,34,113_CT_2,10412,32,34
9368,minimum_down,34,113_CT_2,10413,32,34
9373,minimum_up,35,113_CT_2,10418,33,35
9374,minimum_down,35,113_CT_2,10419,33,35
9379,minimum_up,36,113_CT_2,10424,34,36
9380,minimum_down,36,113_CT_2,10425,34,36
9385,minimum_up,37,113_CT_2,10430,35,37
9386,minimum_down,37,113_CT_2,10431,35,37
9391,minimum_up,38,113_CT_2,10436,36,38
9392,minimum_down,38,113_CT_2,10437,36,38
9397,minimum_up,39,113_CT_2,10442,37,39
9398,minimum_down,39,113_CT_2,10443,37,39
9403,minimum_up,40,113_CT_2,10448,38,40
9404,minimum_down,40,113_CT_2,10449,38,40
9409,minimum_up,41,113_CT_2,10454,39,41
9410,minimum_down,41,113_CT_2,10455,39,41
9415,minimum_up,42,113_CT_2,10460,40,42
9416,minimum_down,42,113_CT_2,10461,40,42
9421,minimum_up,43,113_CT_2,10466,41,43
9422,minimum_down,43,113_CT_2,10467,41,43
9427,minimum_up,44,113_CT_2,10472,42,44
9428,minimum_down,44,113_CT_2,10473,42,44
9433,minimum_up,45,113_CT_2,10478,43,45
9434,minimum_down,45,113_CT_2,10479,43,45
9439,minimum_up,46,113_CT_2,10484,44,46
9440,minimum_down,46,113_CT_2,10485,44,46
9445,minimum_up,47,113_CT_2,10490,45,47
9446,minimum_down,47,113_CT_2,10491,45,47
9451,minimum_up,48,113_CT_2,10496,46,48
9452,minimum_down,48,113_CT_2,10497,46,48
9457,minimum_up,49,113_CT_2,10502,47,49
9458,minimum_down,49,113_CT_2,10503,47,49
9463,minimum_up,50,113_CT_2,10508,48,50
9464,minimum_down,50,113_CT_2,10509,48,50
9469,minimum_up,51,113_CT_2,10514,49,51
9470,minimum_down,51,113_CT_2,10515,49,51
9475,minimum_up,52,113_CT_2,10520,50,52
9476,minimum_down,52,113_CT_2,10521,50,52
9481,minimum_up,53,113_CT_2,10526,51,53
9482,minimum_down,53,113_CT_2,10527,51,53
9487,minimum_up,54,113_CT_2,10532,52,54
9488,minimum_down,54,113_CT_2,10533,52,54
9493,minimum_up,55,113_CT_2,10538,53,55
9494,minimum_down,55,113_CT_2,10539,53,55
9499,minimum_up,56,113_CT_2,10544,54,56
9500,minimum_down,56,113_CT_2,10545,54,56
9505,minimum_up,57,113_CT_2,10550,55,57
9506,minimum_down,57,113_CT_2,10551,55,57
9511,minimum_up,58,113_CT_2,10556,56,58
9512,minimum_down,58,113_CT_2,10557,56,58
9517,minimum_up,59,113_CT_2,10562,57,59
9518,minimum_down,59,113_CT_2,10563,57,59
9523,minimum_up,60,113_CT_2,10568,58,60
9524,minimum_down,60,113_CT_2,10569,58,60
9529,minimum_up,61,113_CT_2,10574,59,61
9530,minimum_down,61,113_CT_2,10575,59,61
9535,minimum_up,62,113_CT_2,10580,60,62
9536,minimum_down,62,113_CT_2,10581,60,62
9541,minimum_up,63,113_CT_2,10586,61,63
9542,minimum_down,63,113_CT_2,10587,61,63
9547,minimum_up,64,113_CT_2,10592,62,64
9548,minimum_down,64,113_CT_2,10593,62,64
9553,minimum_up,65,113_CT_2,10598,63,65
9554,minimum_down,65,113_CT_2,10599,63,65
9559,minimum_up,66,113_CT_2,10604,64,66
9560,minimum_down,66,113_CT_2,10605,64,66
9565,minimum_up,67,113_CT_2,10610,65,67
9566,minimum_down,67,113_CT_2,10611,65,67
9571,minimum_up,68,113_CT_2,10616,66,68
9572,minimum_down,68,113_CT_2,10617,66,68
9577,minimum_up,69,113_CT_2,10622,67,69
9578,minimum_down,69,113_CT_2,10623,67,69
9583,minimum_up,70,113_CT_2,10628,68,70
9584,minimum_down,70,113_CT_2,10629,68,70
9589,minimum_up,71,113_CT_2,10634,69,71
9590,minimum_down,71,113_CT_2,10635,69,71
9595,minimum_up,72,113_CT_2,10640,70,72
9596,minimum_down,72,113_CT_2,10641,70,72
9601,minimum_up,73,113_CT_2,10646,71,73
9602,minimum_down,73,113_CT_2,10647,71,73
9607,minimum_up,74,113_CT_2,10652,72,74
9608,minimum_down,74,113_CT_2,10653,72,74
9613,minimum_up,75,113_CT_2,10658,73,75
9614,minimum_down,75,113_CT_2,10659,73,75
9619,minimum_up,76,113_CT_2,10664,74,76
9620,minimum_down,76,113_CT_2,10665,74,76
9625,minimum_up,77,113_CT_2,10670,75,77
9626,minimum_down,77,113_CT_2,10671,75,77
9631,minimum_up,78,113_CT_2,10676,76,78
9632,minimum_down,78,113_CT_2,10677,76,78
9637,minimum_up,79,113_CT_2,10682,77,79
9638,minimum_down,79,113_CT_2,10683,77,79
9643,minimum_up,80,113_CT_2,10688,78,80
9644,minimum_down,80,113_CT_2,10689,78,80
9649,minimum_up,81,113_CT_2,10694,79,81
9650,minimum_down,81,113_CT_2,10695,79,81
9655,minimum_up,82,113_CT_2,10700,80,82
9656,minimum_down,82,113_CT_2,10701,80,82
9661,minimum_up,83,113_CT_2,10706,81,83
9662,minimum_down,83,113_CT_2,10707,81,83
9667,minimum_up,84,113_CT_2,10712,82,84
9668,minimum_down,84,113_CT_2,10713,82,84
9673,minimum_up,85,113_CT_2,10718,83,85
9674,minimum_down,85,113_CT_2,10719,83,85
9679,minimum_up,86,113_CT_2,10724,84,86
9680,minimum_down,86,113_CT_2,10725,84,86
9685,minimum_up,87,113_CT_2,10730,85,87
9686,minimum_down,87,113_CT_2,10731,85,87
9691,minimum_up,88,113_CT_2,10736,86,88
9692,minimum_down,88,113_CT_2,10737,86,88
9697,minimum_up,89,113_CT_2,10742,87,89
9698,minimum_down,89,113_CT_2,10743,87,89
9703,minimum_up,90,113_CT_2,10748,88,90
9704,minimum_down,90,113_CT_2,10749,88,90
9709,minimum_up,91,113_CT_2,10754,89,91
9710,minimum_down,91,113_CT_2,10755,89,91
9715,minimum_up,92,113_CT_2,10760,90,92
9716,minimum_down,92,113_CT_2,10761,90,92
9721,minimum_up,93,113_CT_2,10766,91,93
9722,minimum_down,93,113_CT_2,10767,91,93
9727,minimum_up,94,113_CT_2,10772,92,94
9728,minimum_down,94,113_CT_2,10773,92,94
9733,minimum_up,95,113_CT_2,10778,93,95
9734,minimum_down,95,113_CT_2,10779,93,95
9739,minimum_up,96,113_CT_2,10784,94,96
9740,minimum_down,96,113_CT_2,10785,94,96
9745,minimum_up,97,113_CT_2,10790,95,97
9746,minimum_down,97,113_CT_2,10791,95,97
9751,minimum_up,98,113_CT_2,10796,96,98
9752,minimum_down,98,113_CT_2,10797,96,98
9757,minimum_up,99,113_CT_2,10802,97,99
9758,minimum_down,99,113_CT_2,10803,97,99
9763,minimum_up,100,113_CT_2,10808,98,100
9764,minimum_down,100,113_CT_2,10809,98,100
9769,minimum_up,101,113_CT_2,10814,99,101
9770,minimum_down,101,113_CT_2,10815,99,101
9775,minimum_up,102,113_CT_2,10820,100,102
9776,minimum_down,102,113_CT_2,10821,100,102
9781,minimum_up,103,113_CT_2,10826,101,103
9782,minimum_down,103,113_CT_2,10827,101,103
9787,minimum_up,104,113_CT_2,10832,102,104
9788,minimum_down,104,113_CT_2,10833,102,104
9793,minimum_up,105,113_CT_2,10838,103,105
9794,minimum_down,105,113_CT_2,10839,103,105
9799,minimum_up,106,113_CT_2,10844,104,106
9800,minimum_down,106,113_CT_2,10845,104,106
9805,minimum_up,107,113_CT_2,10850,105,107
9806,minimum_down,107,113_CT_2,10851,105,107
9811,minimum_up,108,113_CT_2,10856,106,108
9812,minimum_down,108,113_CT_2,10857,106,108
9817,minimum_up,109,113_CT_2,10862,107,109
9818,minimum_down,109,113_CT_2,10863,107,109
9823,minimum_up,110,113_CT_2,10868,108,110
9824,minimum_down,110,113_CT_2,10869,108,110
9829,minimum_up,111,113_CT_2,10874,109,111
9830,minimum_down,111,113_CT_2,10875,109,111
9835,minimum_up,112,113_CT_2,10880,110,112
9836,minimum_down,112,113_CT_2,10881,110,112
9841,minimum_up,113,113_CT_2,10886,111,113
9842,minimum_down,113,113_CT_2,10887,111,113
9847,minimum_up,114,113_CT_2,10892,112,114
9848,minimum_down,114,113_CT_2,10893,112,114
9853,minimum_up,115,113_CT_2,10898,113,115
9854,minimum_down,115,113_CT_2,10899,113,115
9859,minimum_up,116,113_CT_2,10904,114,116
9860,minimum_down,116,113_CT_2,10905,114,116
9865,minimum_up,117,113_CT_2,10910,115,117
9866,minimum_down,117,113_CT_2,10911,115,117
9871,minimum_up,118,113_CT_2,10916,116,118
9872,minimum_down,118,113_CT_2,10917,116,118
9877,minimum_up,119,113_CT_2,10922,117,119
9878,minimum_down,119,113_CT_2,10923,117,119
9883,minimum_up,120,113_CT_2,10928,118,120
9884,minimum_down,120,113_CT_2,10929,118,120
9889,minimum_up,121,113_CT_2,10934,119,121
9890,minimum_down,121,113_CT_2,10935,119,121
9895,minimum_up,122,113_CT_2,10940,120,122
9896,minimum_down,122,113_CT_2,10941,120,122
9901,minimum_up,123,113_CT_2,10946,121,123
9902,minimum_down,123,113_CT_2,10947,121,123
9907,minimum_up,124,113_CT_2,10952,122,124
9908,minimum_down,124,113_CT_2,10953,122,124
9913,minimum_up,125,113_CT_2,10958,123,125
9914,minimum_down,125,113_CT_2,10959,123,125
9919,minimum_up,126,113_CT_2,10964,124,126
9920,minimum_down,126,113_CT_2,10965,124,126
9925,minimum_up,127,113_CT_2,10970,125,127
9926,minimum_down,127,113_CT_2,10971,125,127
9931,minimum_up,128,113_CT_2,10976,126,128
9932,minimum_down,128,113_CT_2,10977,126,128
9937,minimum_up,129,113_CT_2,10982,127,129
9938,minimum_down,129,113_CT_2,10983,127,129
9943,minimum_up,130,113_CT_2,10988,128,130
9944,minimum_down,130,113_CT_2,10989,128,130
9949,minimum_up,131,113_CT_2,10994,129,131
9950,minimum_down,131,113_CT_2,10995,129,131
9955,minimum_up,132,113_CT_2,11000,130,132
9956,minimum_down,132,113_CT_2,11001,130,132
9961,minimum_up,133,113_CT_2,11006,131,133
9962,minimum_down,133,113_CT_2,11007,131,133
9967,minimum_up,134,113_CT_2,11012,132,134
9968,minimum_down,134,113_CT_2,11013,132,134
9973,minimum_up,135,113_CT_2,11018,133,135
9974,minimum_down,135,113_CT_2,11019,133,135
9979,minimum_up,136,113_CT_2,11024,134,136
9980,minimum_down,136,113_CT_2,11025,134,136
9985,minimum_up,137,113_CT_2,11030,135,137
9986,minimum_down,137,113_CT_2,11031,135,137
9991,minimum_up,138,113_CT_2,11036,136,138
9992,minimum_down,138,113_CT_2,11037,136,138
9997,minimum_up,139,113_CT_2,11042,137,139
9998,minimum_down,139,113_CT_2,11043,137,139
10003,minimum_up,140,113_CT_2,11048,138,140
10004,minimum_down,140,113_CT_2,11049,138,140
10009,minimum_up,141,113_CT_2,11054,139,141
10010,minimum_down,141,113_CT_2,11055,139,141
10015,minimum_up,142,113_CT_2,11060,140,142
10016,minimum_down,142,113_CT_2,11061,140,142
10021,minimum_up,143,113_CT_2,11066,141,143
10022,minimum_down,143,113_CT_2,11067,141,143
10225,minimum_up,26,113_CT_3,11368,24,26
10226,minimum_down,26,113_CT_3,11369,24,26
10231,minimum_up,27,113_CT_3,11374,25,27
10232,minimum_down,27,113_CT_3,11375,25,27
10237,minimum_up,28,113_CT_3,11380,26,28
10238,minimum_down,28,113_CT_3,11381,26,28
10243,minimum_up,29,113_CT_3,11386,27,29
10244,minimum_down,29,113_CT_3,11387,27,29
10249,minimum_up,30,113_CT_3,11392,28,30
10250,minimum_down,30,113_CT_3,11393,28,30
10255,minimum_up,31,113_CT_3,11398,29,31
10256,minimum_down,31,113_CT_3,11399,29,31
10261,minimum_up,32,113_CT_3,11404,30,32
10262,minimum_down,32,113_CT_3,11405,30,32
10267,minimum_up,33,113_CT_3,11410,31,33
10268,minimum_down,33,113_CT_3,11411,31,33
10273,minimum_up,34,113_CT_3,11416,32,34
10274,minimum_down,34,113_CT_3,11417,32,34
10279,minimum_up,35,113_CT_3,11422,33,35
10280,minimum_down,35,113_CT_3,11423,33,35
10285,minimum_up,36,113_CT_3,11428,34,36
10286,minimum_down,36,113_CT_3,11429,34,36
10291,minimum_up,37,113_CT_3,11434,35,37
10292,minimum_down,37,113_CT_3,11435,35,37
10297,minimum_up,38,113_CT_3,11440,36,38
10298,minimum_down,38,113_CT_3,11441,36,38
10303,minimum_up,39,113_CT_3,11446,37,39
10304,minimum_down,39,113_CT_3,11447,37,39
10309,minimum_up,40,113_CT_3,11452,38,40
10310,minimum_down,40,113_CT_3,11453,38,40
10315,minimum_up,41,113_CT_3,11458,39,41
10316,minimum_down,41,113_CT_3,11459,39,41
10321,minimum_up,42,113_CT_3,11464,40,42
10322,minimum_down,42,113_CT_3,11465,40,42
10327,minimum_up,43,113_CT_3,11470,41,43
10328,minimum_down,43,113_CT_3,11471,41,43
10333,minimum_up,44,113_CT_3,11476,42,44
10334,minimum_down,44,113_CT_3,11477,42,44
10339,minimum_up,45,113_CT_3,11482,43,45
10340,minimum_down,45,113_CT_3,11483,43,45
10345,minimum_up,46,113_CT_3,11488,44,46
10346,minimum_down,46,113_CT_3,11489,44,46
10351,minimum_up,47,113_CT_3,11494,45,47
10352,minimum_down,47,113_CT_3,11495,45,47
10357,minimum_up,48,113_CT_3,11500,46,48
10358,minimum_down,48,113_CT_3,11501,46,48
10363,minimum_up,49,113_CT_3,11506,47,49
10364,minimum_down,49,113_CT_3,11507,47,49
10369,minimum_up,50,113_CT_3,11512,48,50
10370,minimum_down,50,113_CT_3,11513,48,50
10375,minimum_up,51,113_CT_3,11518,49,51
10376,minimum_down,51,113_CT_3,11519,49,51
10381,minimum_up,52,113_CT_3,11524,50,52
10382,minimum_down,52,113_CT_3,11525,50,52
10387,minimum_up,53,113_CT_3,11530,51,53
10388,minimum_down,53,113_CT_3,11531,51,53
10393,minimum_up,54,113_CT_3,11536,52,54
10394,minimum_down,54,113_CT_3,11537,52,54
10399,minimum_up,55,113_CT_3,11542,53,55
10400,minimum_down,55,113_CT_3,11543,53,55
10405,minimum_up,56,113_CT_3,11548,54,56
10406,minimum_down,56,113_CT_3,11549,54,56
10411,minimum_up,57,113_CT_3,11554,55,57
10412,minimum_down,57,113_CT_3,11555,55,57
10417,minimum_up,58,113_CT_3,11560,56,58
10418,minimum_down,58,113_CT_3,11561,56,58
10423,minimum_up,59,113_CT_3,11566,57,59
10424,minimum_down,59,113_CT_3,11567,57,59
10429,minimum_up,60,113_CT_3,11572,58,60
10430,minimum_down,60,113_CT_3,11573,58,60
10435,minimum_up,61,113_CT_3,11578,59,61
10436,minimum_down,61,113_CT_3,11579,59,61
10441,minimum_up,62,113_CT_3,11584,60,62
10442,minimum_down,62,113_CT_3,11585,60,62
10447,minimum_up,63,113_CT_3,11590,61,63
10448,minimum_down,63,113_CT_3,11591,61,63
10453,minimum_up,64,113_CT_3,11596,62,64
10454,minimum_down,64,113_CT_3,11597,62,64
10459,minimum_up,65,113_CT_3,11602,63,65
10460,minimum_down,65,113_CT_3,11603,63,65
10465,minimum_up,66,113_CT_3,11608,64,66
10466,minimum_down,66,113_CT_3,11609,64,66
10471,minimum_up,67,113_CT_3,11614,65,67
10472,minimum_down,67,113_CT_3,11615,65,67
10477,minimum_up,68,113_CT_3,11620,66,68
10478,minimum_down,68,113_CT_3,11621,66,68
10483,minimum_up,69,113_CT_3,11626,67,69
10484,minimum_down,69,113_CT_3,11627,67,69
10489,minimum_up,70,113_CT_3,11632,68,70
10490,minimum_down,70,113_CT_3,11633,68,70
10495,minimum_up,71,113_CT_3,11638,69,71
10496,minimum_down,71,113_CT_3,11639,69,71
10501,minimum_up,72,113_CT_3,11644,70,72
10502,minimum_down,72,113_CT_3,11645,70,72
10507,minimum_up,73,113_CT_3,11650,71,73
10508,minimum_down,73,113_CT_3,11651,71,73
10513,minimum_up,74,113_CT_3,11656,72,74
10514,minimum_down,74,113_CT_3,11657,72,74
10519,minimum_up,75,113_CT_3,11662,73,75
10520,minimum_down,75,113_CT_3,11663,73,75
10525,minimum_up,76,113_CT_3,11668,74,76
10526,minimum_down,76,113_CT_3,11669,74,76
10531,minimum_up,77,113_CT_3,11674,75,77
10532,minimum_down,77,113_CT_3,11675,75,77
10537,minimum_up,78,113_CT_3,11680,76,78
10538,minimum_down,78,113_CT_3,11681,76,78
10543,minimum_up,79,113_CT_3,11686,77,79
10544,minimum_down,79,113_CT_3,11687,77,79
10549,minimum_up,80,113_CT_3,11692,78,80
10550,minimum_down,80,113_CT_3,11693,78,80
10555,minimum_up,81,113_CT_3,11698,79,81
10556,minimum_down,81,113_CT_3,11699,79,81
10561,minimum_up,82,113_CT_3,11704,80,82
10562,minimum_down,82,113_CT_3,11705,80,82
10567,minimum_up,83,113_CT_3,11710,81,83
10568,minimum_down,83,113_CT_3,11711,81,83
10573,minimum_up,84,113_CT_3,11716,82,84
10574,minimum_down,84,113_CT_3,11717,82,84
10579,minimum_up,85,113_CT_3,11722,83,85
10580,minimum_down,85,113_CT_3,11723,83,85
10585,minimum_up,86,113_CT_3,11728,84,86
10586,minimum_down,86,113_CT_3,11729,84,86
10591,minimum_up,87,113_CT_3,11734,85,87
10592,minimum_down,87,113_CT_3,11735,85,87
10597,minimum_up,88,113_CT_3,11740,86,88
10598,minimum_down,88,113_CT_3,11741,86,88
10603,minimum_up,89,113_CT_3,11746,87,89
10604,minimum_down,89,113_CT_3,11747,87,89
10609,minimum_up,90,113_CT_3,11752,88,90
10610,minimum_down,90,113_CT_3,11753,88,90
10615,minimum_up,91,113_CT_3,11758,89,91
10616,minimum_down,91,113_CT_3,11759,89,91
10621,minimum_up,92,113_CT_3,11764,90,92
10622,minimum_down,92,113_CT_3,11765,90,92
10627,minimum_up,93,113_CT_3,11770,91,93
10628,minimum_down,93,113_CT_3,11771,91,93
10633,minimum_up,94,113_CT_3,11776,92,94
10634,minimum_down,94,113_CT_3,11777,92,94
10639,minimum_up,95,113_CT_3,11782,93,95
10640,minimum_down,95,113_CT_3,11783,93,95
10645,minimum_up,96,113_CT_3,11788,94,96
10646,minimum_down,96,113_CT_3,11789,94,96
10651,minimum_up,97,113_CT_3,11794,95,97
10652,minimum_down,97,113_CT_3,11795,95,97
10657,minimum_up,98,113_CT_3,11800,96,98
10658,minimum_down,98,113_CT_3,11801,96,98
10663,minimum_up,99,113_CT_3,11806,97,99
10664,minimum_down,99,113_CT_3,11807,97,99
10669,minimum_up,100,113_CT_3,11812,98,100
10670,minimum_down,100,113_CT_3,11813,98,100
10675,minimum_up,101,113_CT_3,11818,99,101
10676,minimum_down,101,113_CT_3,11819,99,101
10681,minimum_up,102,113_CT_3,11824,100,102
10682,minimum_down,102,113_CT_3,11825,100,102
10687,minimum_up,103,113_CT_3,11830,101,103
10688,minimum_down,103,113_CT_3,11831,101,103
10693,minimum_up,104,113_CT_3,11836,102,104
10694,minimum_down,104,113_CT_3,11837,102,104
10699,minimum_up,105,113_CT_3,11842,103,105
10700,minimum_down,105,113_CT_3,11843,103,105
10705,minimum_up,106,113_CT_3,11848,104,106
10706,minimum_down,106,113_CT_3,11849,104,106
10711,minimum_up,107,113_CT_3,11854,105,107
10712,minimum_down,107,113_CT_3,11855,105,107
10717,minimum_up,108,113_CT_3,11860,106,108
10718,minimum_down,108,113_CT_3,11861,106,108
10723,minimum_up,109,113_CT_3,11866,107,109
10724,minimum_down,109,113_CT_3,11867,107,109
10729,minimum_up,110,113_CT_3,11872,108,110
10730,minimum_down,110,113_CT_3,11873,108,110
10735,minimum_up,111,113_CT_3,11878,109,111
10736,minimum_down,111,113_CT_3,11879,109,111
10741,minimum_up,112,113_CT_3,11884,110,112
10742,minimum_down,112,113_CT_3,11885,110,112
10747,minimum_up,113,113_CT_3,11890,111,113
10748,minimum_down,113,113_CT_3,11891,111,113
10753,minimum_up,114,113_CT_3,11896,112,114
10754,minimum_down,114,113_CT_3,11897,112,114
10759,minimum_up,115,113_CT_3,11902,113,115
10760,minimum_down,115,113_CT_3,11903,113,115
10765,minimum_up,116,113_CT_3,11908,114,116
10766,minimum_down,116,113_CT_3,11909,114,116
10771,minimum_up,117,113_CT_3,11914,115,117
10772,minimum_down,117,113_CT_3,11915,115,117
10777,minimum_up,118,113_CT_3,11920,116,118
10778,minimum_down,118,113_CT_3,11921,116,118
10783,minimum_up,119,113_CT_3,11926,117,119
10784,minimum_down,119,113_CT_3,11927,117,119
10789,minimum_up,120,113_CT_3,11932,118,120
10790,minimum_down,120,113_CT_3,11933,118,120
10795,minimum_up,121,113_CT_3,11938,119,121
10796,minimum_down,121,113_CT_3,11939,119,121
10801,minimum_up,122,113_CT_3,11944,120,122
10802,minimum_down,122,113_CT_3,11945,120,122
10807,minimum_up,123,113_CT_3,11950,121,123
10808,minimum_down,123,113_CT_3,11951,121,123
10813,minimum_up,124,113_CT_3,11956,122,124
10814,minimum_down,124,113_CT_3,11957,122,124
10819,minimum_up,125,113_CT_3,11962,123,125
10820,minimum_down,125,113_CT_3,11963,123,125
10825,minimum_up,126,113_CT_3,11968,124,126
10826,minimum_down,126,113_CT_3,11969,124,126
10831,minimum_up,127,113_CT_3,11974,125,127
10832,minimum_down,127,113_CT_3,11975,125,127
10837,minimum_up,128,113_CT_3,11980,126,128
10838,minimum_down,128,113_CT_3,11981,126,128
10843,minimum_up,129,113_CT_3,11986,127,129
10844,minimum_down,129,113_CT_3,11987,127,129
10849,minimum_up,130,113_CT_3,11992,128,130
10850,minimum_down,130,113_CT_3,11993,128,130
10855,minimum_up,131,113_CT_3,11998,129,131
10856,minimum_down,131,113_CT_3,11999,129,131
10861,minimum_up,132,113_CT_3,12004,130,132
10862,minimum_down,132,113_CT_3,12005,130,132
10867,minimum_up,133,113_CT_3,12010,131,133
10868,minimum_down,133,113_CT_3,12011,131,133
10873,minimum_up,134,113_CT_3,12016,132,134
10874,minimum_down,134,113_CT_3,12017,132,134
10879,minimum_up,135,113_CT_3,12022,133,135
10880,minimum_down,135,113_CT_3,12023,133,135
10885,minimum_up,136,113_CT_3,12028,134,136
10886,minimum_down,136,113_CT_3,12029,134,136
10891,minimum_up,137,113_CT_3,12034,135,137
10892,minimum_down,137,113_CT_3,12035,135,137
10897,minimum_up,138,113_CT_3,12040,136,138
10898,minimum_down,138,113_CT_3,12041,136,138
10903,minimum_up,139,113_CT_3,12046,137,139
10904,minimum_down,139,113_CT_3,12047,137,139
10909,minimum_up,140,113_CT_3,12052,138,140
10910,minimum_down,140,113_CT_3,12053,138,140
10915,minimum_up,141,113_CT_3,12058,139,141
10916,minimum_down,141,113_CT_3,12059,139,141
10921,minimum_up,142,113_CT_3,12064,140,142
10922,minimum_down,142,113_CT_3,12065,140,142
10927,minimum_up,143,113_CT_3,12070,141,143
10928,minimum_down,143,113_CT_3,12071,141,143
11131,minimum_up,26,113_CT_4,12372,24,26
11132,minimum_down,26,113_CT_4,12373,24,26
11137,minimum_up,27,113_CT_4,12378,25,27
11138,minimum_down,27,113_CT_4,12379,25,27
11143,minimum_up,28,113_CT_4,12384,26,28
11144,minimum_down,28,113_CT_4,12385,26,28
11149,minimum_up,29,113_CT_4,12390,27,29
11150,minimum_down,29,113_CT_4,12391,27,29
11155,minimum_up,30,113_CT_4,12396,28,30
11156,minimum_down,30,113_CT_4,12397,28,30
11161,minimum_up,31,113_CT_4,12402,29,31
11162,minimum_down,31,113_CT_4,12403,29,31
11167,minimum_up,32,113_CT_4,12408,30,32
11168,minimum_down,32,113_CT_4,12409,30,32
11173,minimum_up,33,113_CT_4,12414,31,33
11174,minimum_down,33,113_CT_4,12415,31,33
11179,minimum_up,34,113_CT_4,12420,32,34
11180,minimum_down,34,113_CT_4,12421,32,34
11185,minimum_up,35,113_CT_4,12426,33,35
11186,minimum_down,35,113_CT_4,12427,33,35
11191,minimum_up,36,113_CT_4,12432,34,36
11192,minimum_down,36,113_CT_4,12433,34,36
11197,minimum_up,37,113_CT_4,12438,35,37
11198,minimum_down,37,113_CT_4,12439,35,37
11203,minimum_up,38,113_CT_4,12444,36,38
11204,minimum_down,38,113_CT_4,12445,36,38
11209,minimum_up,39,113_CT_4,12450,37,39
11210,minimum_down,39,113_CT_4,12451,37,39
11215,minimum_up,40,113_CT_4,12456,38,40
11216,minimum_down,40,113_CT_4,12457,38,40
11221,minimum_up,41,113_CT_4,12462,39,41
11222,minimum_down,41,113_CT_4,12463,39,41
11227,minimum_up,42,113_CT_4,12468,40,42
11228,minimum_down,42,113_CT_4,12469,40,42
11233,minimum_up,43,113_CT_4,12474,41,43
11234,minimum_down,43,113_CT_4,12475,41,43
11239,minimum_up,44,113_CT_4,12480,42,44
11240,minimum_down,44,113_CT_4,12481,42,44
11245,minimum_up,45,113_CT_4,12486,43,45
11246,minimum_down,45,113_CT_4,12487,43,45
11251,minimum_up,46,113_CT_4,12492,44,46
11252,minimum_down,46,113_CT_4,12493,44,46
11257,minimum_up,47,113_CT_4,12498,45,47
11258,minimum_down,47,113_CT_4,12499,45,47
11263,minimum_up,48,113_CT_4,12504,46,48
11264,minimum_down,48,113_CT_4,12505,46,48
11269,minimum_up,49,113_CT_4,12510,47,49
11270,minimum_down,49,113_CT_4,12511,47,49
11275,minimum_up,50,113_CT_4,12516,48,50
11276,minimum_down,50,113_CT_4,12517,48,50
11281,minimum_up,51,113_CT_4,12522,49,51
11282,minimum_down,51,113_CT_4,12523,49,51
11287,minimum_up,52,113_CT_4,12528,50,52
11288,minimum_down,52,113_CT_4,12529,50,52
11293,minimum_up,53,113_CT_4,12534,51,53
11294,minimum_down,53,113_CT_4,12535,51,53
11299,minimum_up,54,113_CT_4,12540,52,54
11300,minimum_down,54,113_CT_4,12541,52,54
11305,minimum_up,55,113_CT_4,12546,53,55
11306,minimum_down,55,113_CT_4,12547,53,55
11311,minimum_up,56,113_CT_4,12552,54,56
11312,minimum_down,56,113_CT_4,12553,54,56
11317,minimum_up,57,113_CT_4,12558,55,57
11318,minimum_down,57,113_CT_4,12559,55,57
11323,minimum_up,58,113_CT_4,12564,56,58
11324,minimum_down,58,113_CT_4,12565,56,58
11329,minimum_up,59,113_CT_4,12570,57,59
11330,minimum_down,59,113_CT_4,12571,57,59
11335,minimum_up,60,113_CT_4,12576,58,60
11336,minimum_down,60,113_CT_4,12577,58,60
11341,minimum_up,61,113_CT_4,12582,59,61
11342,minimum_down,61,113_CT_4,12583,59,61
11347,minimum_up,62,113_CT_4,12588,60,62
11348,minimum_down,62,113_CT_4,12589,60,62
11353,minimum_up,63,113_CT_4,12594,61,63
11354,minimum_down,63,113_CT_4,12595,61,63
11359,minimum_up,64,113_CT_4,12600,62,64
11360,minimum_down,64,113_CT_4,12601,62,64
11365,minimum_up,65,113_CT_4,12606,63,65
11366,minimum_down,65,113_CT_4,12607,63,65
11371,minimum_up,66,113_CT_4,12612,64,66
11372,minimum_down,66,113_CT_4,12613,64,66
11377,minimum_up,67,113_CT_4,12618,65,67
11378,minimum_down,67,113_CT_4,12619,65,67
11383,minimum_up,68,113_CT_4,12624,66,68
11384,minimum_down,68,113_CT_4,12625,66,68
11389,minimum_up,69,113_CT_4,12630,67,69
11390,minimum_down,69,113_CT_4,12631,67,69
11395,minimum_up,70,113_CT_4,12636,68,70
11396,minimum_down,70,113_CT_4,12637,68,70
11401,minimum_up,71,113_CT_4,12642,69,71
11402,minimum_down,71,113_CT_4,12643,69,71
11407,minimum_up,72,113_CT_4,12648,70,72
11408,minimum_down,72,113_CT_4,12649,70,72
11413,minimum_up,73,113_CT_4,12654,71,73
11414,minimum_down,73,113_CT_4,12655,71,73
11419,minimum_up,74,113_CT_4,12660,72,74
11420,minimum_down,74,113_CT_4,12661,72,74
11425,minimum_up,75,113_CT_4,12666,73,75
11426,minimum_down,75,113_CT_4,12667,73,75
11431,minimum_up,76,113_CT_4,12672,74,76
11432,minimum_down,76,113_CT_4,12673,74,76
11437,minimum_up,77,113_CT_4,12678,75,77
11438,minimum_down,77,113_CT_4,12679,75,77
11443,minimum_up,78,113_CT_4,12684,76,78
11444,minimum_down,78,113_CT_4,12685,76,78
11449,minimum_up,79,113_CT_4,12690,77,79
11450,minimum_down,79,113_CT_4,12691,77,79
11455,minimum_up,80,113_CT_4,12696,78,80
11456,minimum_down,80,113_CT_4,12697,78,80
11461,minimum_up,81,113_CT_4,12702,79,81
11462,minimum_down,81,113_CT_4,12703,79,81
11467,minimum_up,82,113_CT_4,12708,80,82
11468,minimum_down,82,113_CT_4,12709,80,82
11473,minimum_up,83,113_CT_4,12714,81,83
11474,minimum_down,83,113_CT_4,12715,81,83
11479,minimum_up,84,113_CT_4,12720,82,84
11480,minimum_down,84,113_CT_4,12721,82,84
11485,minimum_up,85,113_CT_4,12726,83,85
11486,minimum_down,85,113_CT_4,12727,83,85
11491,minimum_up,86,113_CT_4,12732,84,86
11492,minimum_down,86,113_CT_4,12733,84,86
11497,minimum_up,87,113_CT_4,12738,85,87
11498,minimum_down,87,113_CT_4,12739,85,87
11503,minimum_up,88,113_CT_4,12744,86,88
11504,minimum_down,88,113_CT_4,12745,86,88
11509,minimum_up,89,113_CT_4,12750,87,89
11510,minimum_down,89,113_CT_4,12751,87,89
11515,minimum_up,90,113_CT_4,12756,88,90
11516,minimum_down,90,113_CT_4,12757,88,90
11521,minimum_up,91,113_CT_4,12762,89,91
11522,minimum_down,91,113_CT_4,12763,89,91
11527,minimum_up,92,113_CT_4,12768,90,92
11528,minimum_down,92,113_CT_4,12769,90,92
11533,minimum_up,93,113_CT_4,12774,91,93
11534,minimum_down,93,113_CT_4,12775,91,93
11539,minimum_up,94,113_CT_4,12780,92,94
11540,minimum_down,94,113_CT_4,12781,92,94
11545,minimum_up,95,113_CT_4,12786,93,95
11546,minimum_down,95,113_CT_4,12787,93,95
11551,minimum_up,96,113_CT_4,12792,94,96
11552,minimum_down,96,113_CT_4,12793,94,96
11557,minimum_up,97,113_CT_4,12798,95,97
11558,minimum_down,97,113_CT_4,12799,95,97
11563,minimum_up,98,113_CT_4,12804,96,98
11564,minimum_down,98,113_CT_4,12805,96,98
11569,minimum_up,99,113_CT_4,12810,97,99
11570,minimum_down,99,113_CT_4,12811,97,99
11575,minimum_up,100,113_CT_4,12816,98,100
11576,minimum_down,100,113_CT_4,12817,98,100
11581,minimum_up,101,113_CT_4,12822,99,101
11582,minimum_down,101,113_CT_4,12823,99,101
11587,minimum_up,102,113_CT_4,12828,100,102
11588,minimum_down,102,113_CT_4,12829,100,102
11593,minimum_up,103,113_CT_4,12834,101,103
11594,minimum_down,103,113_CT_4,12835,101,103
11599,minimum_up,104,113_CT_4,12840,102,104
11600,minimum_down,104,113_CT_4,12841,102,104
11605,minimum_up,105,113_CT_4,12846,103,105
11606,minimum_down,105,113_CT_4,12847,103,105
11611,minimum_up,106,113_CT_4,12852,104,106
11612,minimum_down,106,113_CT_4,12853,104,106
11617,minimum_up,107,113_CT_4,12858,105,107
11618,minimum_down,107,113_CT_4,12859,105,107
11623,minimum_up,108,113_CT_4,12864,106,108
11624,minimum_down,108,113_CT_4,12865,106,108
11629,minimum_up,109,113_CT_4,12870,107,109
11630,minimum_down,109,113_CT_4,12871,107,109
11635,minimum_up,110,113_CT_4,12876,108,110
11636,minimum_down,110,113_CT_4,12877,108,110
11641,minimum_up,111,113_CT_4,12882,109,111
11642,minimum_down,111,113_CT_4,12883,109,111
11647,minimum_up,112,113_CT_4,12888,110,112
11648,minimum_down,112,113_CT_4,12889,110,112
11653,minimum_up,113,113_CT_4,12894,111,113
11654,minimum_down,113,113_CT_4,12895,111,113
11659,minimum_up,114,113_CT_4,12900,112,114
11660,minimum_down,114,113_CT_4,12901,112,114
11665,minimum_up,115,113_CT_4,12906,113,115
11666,minimum_down,115,113_CT_4,12907,113,115
11671,minimum_up,116,113_CT_4,12912,114,116
11672,minimum_down,116,113_CT_4,12913,114,116
11677,minimum_up,117,113_CT_4,12918,115,117
11678,minimum_down,117,113_CT_4,12919,115,117
11683,minimum_up,118,113_CT_4,12924,116,118
11684,minimum_down,118,113_CT_4,12925,116,118
11689,minimum_up,119,113_CT_4,12930,117,119
11690,minimum_down,119,113_CT_4,12931,117,119
11695,minimum_up,120,113_CT_4,12936,118,120
11696,minimum_down,120,113_CT_4,12937,118,120
11701,minimum_up,121,113_CT_4,12942,119,121
11702,minimum_down,121,113_CT_4,12943,119,121
11707,minimum_up,122,113_CT_4,12948,120,122
11708,minimum_down,122,113_CT_4,12949,120,122
11713,minimum_up,123,113_CT_4,12954,121,123
11714,minimum_down,123,113_CT_4,12955,121,123
11719,minimum_up,124,113_CT_4,12960,122,124
11720,minimum_down,124,113_CT_4,12961,122,124
11725,minimum_up,125,113_CT_4,12966,123,125
11726,minimum_down,125,113_CT_4,12967,123,125
11731,minimum_up,126,113_CT_4,12972,124,126
11732,minimum_down,126,113_CT_4,12973,124,126
11737,minimum_up,127,113_CT_4,12978,125,127
11738,minimum_down,127,113_CT_4,12979,125,127
11743,minimum_up,128,113_CT_4,12984,126,128
11744,minimum_down,128,113_CT_4,12985,126,128
11749,minimum_up,129,113_CT_4,12990,127,129
11750,minimum_down,129,113_CT_4,12991,127,129
11755,minimum_up,130,113_CT_4,12996,128,130
11756,minimum_down,130,113_CT_4,12997,128,130
11761,minimum_up,131,113_CT_4,13002,129,131
11762,minimum_down,131,113_CT_4,13003,129,131
11767,minimum_up,132,113_CT_4,13008,130,132
11768,minimum_down,132,113_CT_4,13009,130,132
11773,minimum_up,133,113_CT_4,13014,131,133
11774,minimum_down,133,113_CT_4,13015,131,133
11779,minimum_up,134,113_CT_4,13020,132,134
11780,minimum_down,134,113_CT_4,13021,132,134
11785,minimum_up,135,113_CT_4,13026,133,135
11786,minimum_down,135,113_CT_4,13027,133,135
11791,minimum_up,136,113_CT_4,13032,134,136
11792,minimum_down,136,113_CT_4,13033,134,136
11797,minimum_up,137,113_CT_4,13038,135,137
11798,minimum_down,137,113_CT_4,13039,135,137
11803,minimum_up,138,113_CT_4,13044,136,138
11804,minimum_down,138,113_CT_4,13045,136,138
11809,minimum_up,139,113_CT_4,13050,137,139
11810,minimum_down,139,113_CT_4,13051,137,139
11815,minimum_up,140,113_CT_4,13056,138,140
11816,minimum_down,140,113_CT_4,13057,138,140
11821,minimum_up,141,113_CT_4,13062,139,141
11822,minimum_down,141,113_CT_4,13063,139,141
11827,minimum_up,142,113_CT_4,13068,140,142
11828,minimum_down,142,113_CT_4,13069,140,142
11833,minimum_up,143,113_CT_4,13074,141,143
11834,minimum_down,143,113_CT_4,13075,141,143
12033,minimum_down,25,115_STEAM_1,13371,24,25
12038,minimum_down,26,115_STEAM_1,13377,25,26
12043,minimum_up,27,115_STEAM_1,13382,24,27
12044,minimum_down,27,115_STEAM_1,13383,26,27
12049,minimum_up,28,115_STEAM_1,13388,25,28
12050,minimum_down,28,115_STEAM_1,13389,27,28
12055,minimum_up,29,115_STEAM_1,13394,26,29
12056,minimum_down,29,115_STEAM_1,13395,28,29
12061,minimum_up,30,115_STEAM_1,13400,27,30
12062,minimum_down,30,115_STEAM_1,13401,29,30
12067,minimum_up,31,115_STEAM_1,13406,28,31
12068,minimum_down,31,115_STEAM_1,13407,30,31
12073,minimum_up,32,115_STEAM_1,13412,29,32
12074,minimum_down,32,115_STEAM_1,13413,31,32
12079,minimum_up,33,115_STEAM_1,13418,30,33
12080,minimum_down,33,115_STEAM_1,13419,32,33
12085,minimum_up,34,115_STEAM_1,13424,31,34
12086,minimum_down,34,115_STEAM_1,13425,33,34
12091,minimum_up,35,115_STEAM_1,13430,32,35
12092,minimum_down,35,115_STEAM_1,13431,34,35
12097,minimum_up,36,115_STEAM_1,13436,33,36
12098,minimum_down,36,115_STEAM_1,13437,35,36
12103,minimum_up,37,115_STEAM_1,13442,34,37
12104,minimum_down,37,115_STEAM_1,13443,36,37
12109,minimum_up,38,115_STEAM_1,13448,35,38
12110,minimum_down,38,115_STEAM_1,13449,37,38
12115,minimum_up,39,115_STEAM_1,13454,36,39
12116,minimum_down,39,115_STEAM_1,13455,38,39
12121,minimum_up,40,115_STEAM_1,13460,37,40
12122,minimum_down,40,115_STEAM_1,13461,39,40
12127,minimum_up,41,115_STEAM_1,13466,38,41
12128,minimum_down,41,115_STEAM_1,13467,40,41
12133,minimum_up,42,115_STEAM_1,13472,39,42
12134,minimum_down,42,115_STEAM_1,13473,41,42
12139,minimum_up,43,115_STEAM_1,13478,40,43
12140,minimum_down,43,115_STEAM_1,13479,42,43
12145,minimum_up,44,115_STEAM_1,13484,41,44
12146,minimum_down,44,115_STEAM_1,13485,43,44
12151,minimum_up,45,115_STEAM_1,13490,42,45
12152,minimum_down,45,115_STEAM_1,13491,44,45
12157,minimum_up,46,115_STEAM_1,13496,43,46
12158,minimum_down,46,115_STEAM_1,13497,45,46
12163,minimum_up,47,115_STEAM_1,13502,44,47
12164,minimum_down,47,115_STEAM_1,13503,46,47
12169,minimum_up,48,115_STEAM_1,13508,45,48
12170,minimum_down,48,115_STEAM_1,13509,47,48
12175,minimum_up,49,115_STEAM_1,13514,46,49
12176,minimum_down,49,115_STEAM_1,13515,48,49
12181,minimum_up,50,115_STEAM_1,13520,47,50
12182,minimum_down,50,115_STEAM_1,13521,49,50
12187,minimum_up,51,115_STEAM_1,13526,48,51
12188,minimum_down,51,115_STEAM_1,13527,50,51
12193,minimum_up,52,115_STEAM_1,13532,49,52
12194,minimum_down,52,115_STEAM_1,13533,51,52
12199,minimum_up,53,115_STEAM_1,13538,50,53
12200,minimum_down,53,115_STEAM_1,13539,52,53
12205,minimum_up,54,115_STEAM_1,13544,51,54
12206,minimum_down,54,115_STEAM_1,13545,53,54
12211,minimum_up,55,115_STEAM_1,13550,52,55
12212,minimum_down,55,115_STEAM_1,13551,54,55
12217,minimum_up,56,115_STEAM_1,13556,53,56
12218,minimum_down,56,115_STEAM_1,13557,55,56
12223,minimum_up,57,115_STEAM_1,13562,54,57
12224,minimum_down,57,115_STEAM_1,13563,56,57
12229,minimum_up,58,115_STEAM_1,13568,55,58
12230,minimum_down,58,115_STEAM_1,13569,57,58
12235,minimum_up,59,115_STEAM_1,13574,56,59
12236,minimum_down,59,115_STEAM_1,13575,58,59
12241,minimum_up,60,115_STEAM_1,13580,57,60
12242,minimum_down,60,115_STEAM_1,13581,59,60
12247,minimum_up,61,115_STEAM_1,13586,58,61
12248,minimum_down,61,115_STEAM_1,13587,60,61
12253,minimum_up,62,115_STEAM_1,13592,59,62
12254,minimum_down,62,115_STEAM_1,13593,61,62
12259,minimum_up,63,115_STEAM_1,13598,60,63
12260,minimum_down,63,115_STEAM_1,13599,62,63
12265,minimum_up,64,115_STEAM_1,13604,61,64
12266,minimum_down,64,115_STEAM_1,13605,63,64
12271,minimum_up,65,115_STEAM_1,13610,62,65
12272,minimum_down,65,115_STEAM_1,13611,64,65
12277,minimum_up,66,115_STEAM_1,13616,63,66
12278,minimum_down,66,115_STEAM_1,13617,65,66
12283,minimum_up,67,115_STEAM_1,13622,64,67
12284,minimum_down,67,115_STEAM_1,13623,66,67
12289,minimum_up,68,115_STEAM_1,13628,65,68
12290,minimum_down,68,115_STEAM_1,13629,67,68
12295,minimum_up,69,115_STEAM_1,13634,66,69
12296,minimum_down,69,115_STEAM_1,13635,68,69
12301,minimum_up,70,115_STEAM_1,13640,67,70
12302,minimum_down,70,115_STEAM_1,13641,69,70
12307,minimum_up,71,115_STEAM_1,13646,68,71
12308,minimum_down,71,115_STEAM_1,13647,70,71
12313,minimum_up,72,115_STEAM_1,13652,69,72
12314,minimum_down,72,115_STEAM_1,13653,71,72
12319,minimum_up,73,115_STEAM_1,13658,70,73
12320,minimum_down,73,115_STEAM_1,13659,72,73
12325,minimum_up,74,115_STEAM_1,13664,71,74
12326,minimum_down,74,115_STEAM_1,13665,73,74
12331,minimum_up,75,115_STEAM_1,13670,72,75
12332,minimum_down,75,115_STEAM_1,13671,74,75
12337,minimum_up,76,115_STEAM_1,13676,73,76
12338,minimum_down,76,115_STEAM_1,13677,75,76
12343,minimum_up,77,115_STEAM_1,13682,74,77
12344,minimum_down,77,115_STEAM_1,13683,76,77
12349,minimum_up,78,115_STEAM_1,13688,75,78
12350,minimum_down,78,115_STEAM_1,13689,77,78
12355,minimum_up,79,115_STEAM_1,13694,76,79
12356,minimum_down,79,115_STEAM_1,13695,78,79
12361,minimum_up,80,115_STEAM_1,13700,77,80
12362,minimum_down,80,115_STEAM_1,13701,79,80
12367,minimum_up,81,115_STEAM_1,13706,78,81
12368,minimum_down,81,115_STEAM_1,13707,80,81
12373,minimum_up,82,115_STEAM_1,13712,79,82
12374,minimum_down,82,115_STEAM_1,13713,81,82
12379,minimum_up,83,115_STEAM_1,13718,80,83
12380,minimum_down,83,115_STEAM_1,13719,82,83
12385,minimum_up,84,115_STEAM_1,13724,81,84
12386,minimum_down,84,115_STEAM_1,13725,83,84
12391,minimum_up,85,115_STEAM_1,13730,82,85
12392,minimum_down,85,115_STEAM_1,13731,84,85
12397,minimum_up,86,115_STEAM_1,13736,83,86
12398,minimum_down,86,115_STEAM_1,13737,85,86
12403,minimum_up,87,115_STEAM_1,13742,84,87
12404,minimum_down,87,115_STEAM_1,13743,86,87
12409,minimum_up,88,115_STEAM_1,13748,85,88
12410,minimum_down,88,115_STEAM_1,13749,87,88
12415,minimum_up,89,115_STEAM_1,13754,86,89
12416,minimum_down,89,115_STEAM_1,13755,88,89
12421,minimum_up,90,115_STEAM_1,13760,87,90
12422,minimum_down,90,115_STEAM_1,13761,89,90
12427,minimum_up,91,115_STEAM_1,13766,88,91
12428,minimum_down,91,115_STEAM_1,13767,90,91
12433,minimum_up,92,115_STEAM_1,13772,89,92
12434,minimum_down,92,115_STEAM_1,13773,91,92
12439,minimum_up,93,115_STEAM_1,13778,90,93
12440,minimum_down,93,115_STEAM_1,13779,92,93
12445,minimum_up,94,115_STEAM_1,13784,91,94
12446,minimum_down,94,115_STEAM_1,13785,93,94
12451,minimum_up,95,115_STEAM_1,13790,92,95
12452,minimum_down,95,115_STEAM_1,13791,94,95
12457,minimum_up,96,115_STEAM_1,13796,93,96
12458,minimum_down,96,115_STEAM_1,13797,95,96
12463,minimum_up,97,115_STEAM_1,13802,94,97
12464,minimum_down,97,115_STEAM_1,13803,96,97
12469,minimum_up,98,115_STEAM_1,13808,95,98
12470,minimum_down,98,115_STEAM_1,13809,97,98
12475,minimum_up,99,115_STEAM_1,13814,96,99
12476,minimum_down,99,115_STEAM_1,13815,98,99
12481,minimum_up,100,115_STEAM_1,13820,97,100
12482,minimum_down,100,115_STEAM_1,13821,99,100
12487,minimum_up,101,115_STEAM_1,13826,98,101
12488,minimum_down,101,115_STEAM_1,13827,100,101
12493,minimum_up,102,115_STEAM_1,13832,99,102
12494,minimum_down,102,115_STEAM_1,13833,101,102
12499,minimum_up,103,115_STEAM_1,13838,100,103
12500,minimum_down,103,115_STEAM_1,13839,102,103
12505,minimum_up,104,115_STEAM_1,13844,101,104
12506,minimum_down,104,115_STEAM_1,13845,103,104
12511,minimum_up,105,115_STEAM_1,13850,102,105
12512,minimum_down,105,115_STEAM_1,13851,104,105
12517,minimum_up,106,115_STEAM_1,13856,103,106
12518,minimum_down,106,115_STEAM_1,13857,105,106
12523,minimum_up,107,115_STEAM_1,13862,104,107
12524,minimum_down,107,115_STEAM_1,13863,106,107
12529,minimum_up,108,115_STEAM_1,13868,105,108
12530,minimum_down,108,115_STEAM_1,13869,107,108
12535,minimum_up,109,115_STEAM_1,13874,106,109
12536,minimum_down,109,115_STEAM_1,13875,108,109
12541,minimum_up,110,115_STEAM_1,13880,107,110
12542,minimum_down,110,115_STEAM_1,13881,109,110
12547,minimum_up,111,115_STEAM_1,13886,108,111
12548,minimum_down,111,115_STEAM_1,13887,110,111
12553,minimum_up,112,115_STEAM_1,13892,109,112
12554,minimum_down,112,115_STEAM_1,13893,111,112
12559,minimum_up,113,115_STEAM_1,13898,110,113
12560,minimum_down,113,115_STEAM_1,13899,112,113
12565,minimum_up,114,115_STEAM_1,13904,111,114
12566,minimum_down,114,115_STEAM_1,13905,113,114
12571,minimum_up,115,115_STEAM_1,13910,112,115
12572,minimum_down,115,115_STEAM_1,13911,114,115
12577,minimum_up,116,115_STEAM_1,13916,113,116
12578,minimum_down,116,115_STEAM_1,13917,115,116
12583,minimum_up,117,115_STEAM_1,13922,114,117
12584,minimum_down,117,115_STEAM_1,13923,116,117
12589,minimum_up,118,115_STEAM_1,13928,115,118
12590,minimum_down,118,115_STEAM_1,13929,117,118
12595,minimum_up,119,115_STEAM_1,13934,116,119
12596,minimum_down,119,115_STEAM_1,13935,118,119
12601,minimum_up,120,115_STEAM_1,13940,117,120
12602,minimum_down,120,115_STEAM_1,13941,119,120
12607,minimum_up,121,115_STEAM_1,13946,118,121
12608,minimum_down,121,115_STEAM_1,13947,120,121
12613,minimum_up,122,115_STEAM_1,13952,119,122
12614,minimum_down,122,115_STEAM_1,13953,121,122
12619,minimum_up,123,115_STEAM_1,13958,120,123
12620,minimum_down,123,115_STEAM_1,13959,122,123
12625,minimum_up,124,115_STEAM_1,13964,121,124
12626,minimum_down,124,115_STEAM_1,13965,123,124
12631,minimum_up,125,115_STEAM_1,13970,122,125
12632,minimum_down,125,115_STEAM_1,13971,124,125
12637,minimum_up,126,115_STEAM_1,13976,123,126
12638,minimum_down,126,115_STEAM_1,13977,125,126
12643,minimum_up,127,115_STEAM_1,13982,124,127
12644,minimum_down,127,115_STEAM_1,13983,126,127
12649,minimum_up,128,115_STEAM_1,13988,125,128
12650,minimum_down,128,115_STEAM_1,13989,127,128
12655,minimum_up,129,115_STEAM_1,13994,126,129
12656,minimum_down,129,115_STEAM_1,13995,128,129
12661,minimum_up,130,115_STEAM_1,14000,127,130
12662,minimum_down,130,115_STEAM_1,14001,129,130
12667,minimum_up,131,115_STEAM_1,14006,128,131
12668,minimum_down,131,115_STEAM_1,14007,130,131
12673,minimum_up,132,115_STEAM_1,14012,129,132
12674,minimum_down,132,115_STEAM_1,14013,131,132
12679,minimum_up,133,115_STEAM_1,14018,130,133
12680,minimum_down,133,115_STEAM_1,14019,132,133
12685,minimum_up,134,115_STEAM_1,14024,131,134
12686,minimum_down,134,115_STEAM_1,14025,133,134
12691,minimum_up,135,115_STEAM_1,14030,132,135
12692,minimum_down,135,115_STEAM_1,14031,134,135
12697,minimum_up,136,115_STEAM_1,14036,133,136
12698,minimum_down,136,115_STEAM_1,14037,135,136
12703,minimum_up,137,115_STEAM_1,14042,134,137
12704,minimum_down,137,115_STEAM_1,14043,136,137
12709,minimum_up,138,115_STEAM_1,14048,135,138
12710,minimum_down,138,115_STEAM_1,14049,137,138
12715,minimum_up,139,115_STEAM_1,14054,136,139
12716,minimum_down,139,115_STEAM_1,14055,138,139
12721,minimum_up,140,115_STEAM_1,14060,137,140
12722,minimum_down,140,115_STEAM_1,14061,139,140
12727,minimum_up,141,115_STEAM_1,14066,138,141
12728,minimum_down,141,115_STEAM_1,14067,140,141
12733,minimum_up,142,115_STEAM_1,14072,139,142
12734,minimum_down,142,115_STEAM_1,14073,141,142
12739,minimum_up,143,115_STEAM_1,14078,140,143
12740,minimum_down,143,115_STEAM_1,14079,142,143
12939,minimum_down,25,115_STEAM_2,14375,24,25
12944,minimum_down,26,115_STEAM_2,14381,25,26
12949,minimum_up,27,115_STEAM_2,14386,24,27
12950,minimum_down,27,115_STEAM_2,14387,26,27
12955,minimum_up,28,115_STEAM_2,14392,25,28
12956,minimum_down,28,115_STEAM_2,14393,27,28
12961,minimum_up,29,115_STEAM_2,14398,26,29
12962,minimum_down,29,115_STEAM_2,14399,28,29
12967,minimum_up,30,115_STEAM_2,14404,27,30
12968,minimum_down,30,115_STEAM_2,14405,29,30
12973,minimum_up,31,115_STEAM_2,14410,28,31
12974,minimum_down,31,115_STEAM_2,14411,30,31
12979,minimum_up,32,115_STEAM_2,14416,29,32
12980,minimum_down,32,115_STEAM_2,14417,31,32
12985,minimum_up,33,115_STEAM_2,14422,30,33
12986,minimum_down,33,115_STEAM_2,14423,32,33
12991,minimum_up,34,115_STEAM_2,14428,31,34
12992,minimum_down,34,115_STEAM_2,14429,33,34
12997,minimum_up,35,115_STEAM_2,14434,32,35
12998,minimum_down,35,115_STEAM_2,14435,34,35
13003,minimum_up,36,115_STEAM_2,14440,33,36
13004,minimum_down,36,115_STEAM_2,14441,35,36
13009,minimum_up,37,115_STEAM_2,14446,34,37
13010,minimum_down,37,115_STEAM_2,14447,36,37
13015,minimum_up,38,115_STEAM_2,14452,35,38
13016,minimum_down,38,115_STEAM_2,14453,37,38
13021,minimum_up,39,115_STEAM_2,14458,36,39
13022,minimum_down,39,115_STEAM_2,14459,38,39
13027,minimum_up,40,115_STEAM_2,14464,37,40
13028,minimum_down,40,115_STEAM_2,14465,39,40
13033,minimum_up,41,115_STEAM_2,14470,38,41
13034,minimum_down,41,115_STEAM_2,14471,40,41
13039,minimum_up,42,115_STEAM_2,14476,39,42
13040,minimum_down,42,115_STEAM_2,14477,41,42
13045,minimum_up,43,115_STEAM_2,14482,40,43
13046,minimum_down,43,115_STEAM_2,14483,42,43
13051,minimum_up,44,115_STEAM_2,14488,41,44
13052,minimum_down,44,115_STEAM_2,14489,43,44
13057,minimum_up,45,115_STEAM_2,14494,42,45
13058,minimum_down,45,115_STEAM_2,14495,44,45
13063,minimum_up,46,115_STEAM_2,14500,43,46
13064,minimum_down,46,115_STEAM_2,14501,45,46
13069,minimum_up,47,115_STEAM_2,14506,44,47
13070,minimum_down,47,115_STEAM_2,14507,46,47
13075,minimum_up,48,115_STEAM_2,14512,45,48
13076,minimum_down,48,115_STEAM_2,14513,47,48
13081,minimum_up,49,115_STEAM_2,14518,46,49
13082,minimum_down,49,115_STEAM_2,14519,48,49
13087,minimum_up,50,115_STEAM_2,14524,47,50
13088,minimum_down,50,115_STEAM_2,14525,49,50
13093,minimum_up,51,115_STEAM_2,14530,48,51
13094,minimum_down,51,115_STEAM_2,14531,50,51
13099,minimum_up,52,115_STEAM_2,14536,49,52
13100,minimum_down,52,115_STEAM_2,14537,51,52
13105,minimum_up,53,115_STEAM_2,14542,50,53
13106,minimum_down,53,115_STEAM_2,14543,52,53
13111,minimum_up,54,115_STEAM_2,14548,51,54
13112,minimum_down,54,115_STEAM_2,14549,53,54
13117,minimum_up,55,115_STEAM_2,14554,52,55
13118,minimum_down,55,115_STEAM_2,14555,54,55
13123,minimum_up,56,115_STEAM_2,14560,53,56
13124,minimum_down,56,115_STEAM_2,14561,55,56
13129,minimum_up,57,115_STEAM_2,14566,54,57
13130,minimum_down,57,115_STEAM_2,14567,56,57
13135,minimum_up,58,115_STEAM_2,14572,55,58
13136,minimum_down,58,115_STEAM_2,14573,57,58
13141,minimum_up,59,115_STEAM_2,14578,56,59
13142,minimum_down,59,115_STEAM_2,14579,58,59
13147,minimum_up,60,115_STEAM_2,14584,57,60
13148,minimum_down,60,115_STEAM_2,14585,59,60
13153,minimum_up,61,115_STEAM_2,14590,58,61
13154,minimum_down,61,115_STEAM_2,14591,60,61
13159,minimum_up,62,115_STEAM_2,14596,59,62
13160,minimum_down,62,115_STEAM_2,14597,61,62
13165,minimum_up,63,115_STEAM_2,14602,60,63
13166,minimum_down,63,115_STEAM_2,14603,62,63
13171,minimum_up,64,115_STEAM_2,14608,61,64
13172,minimum_down,64,115_STEAM_2,14609,63,64
13177,minimum_up,65,115_STEAM_2,14614,62,65
13178,minimum_down,65,115_STEAM_2,14615,64,65
13183,minimum_up,66,115_STEAM_2,14620,63,66
13184,minimum_down,66,115_STEAM_2,14621,65,66
13189,minimum_up,67,115_STEAM_2,14626,64,67
13190,minimum_down,67,115_STEAM_2,14627,66,67
13195,minimum_up,68,115_STEAM_2,14632,65,68
13196,minimum_down,68,115_STEAM_2,14633,67,68
13201,minimum_up,69,115_STEAM_2,14638,66,69
13202,minimum_down,69,115_STEAM_2,14639,68,69
13207,minimum_up,70,115_STEAM_2,14644,67,70
13208,minimum_down,70,115_STEAM_2,14645,69,70
13213,minimum_up,71,115_STEAM_2,14650,68,71
13214,minimum_down,71,115_STEAM_2,14651,70,71
13219,minimum_up,72,115_STEAM_2,14656,69,72
13220,minimum_down,72,115_STEAM_2,14657,71,72
13225,minimum_up,73,115_STEAM_2,14662,70,73
13226,minimum_down,73,115_STEAM_2,14663,72,73
13231,minimum_up,74,115_STEAM_2,14668,71,74
13232,minimum_down,74,115_STEAM_2,14669,73,74
13237,minimum_up,75,115_STEAM_2,14674,72,75
13238,minimum_down,75,115_STEAM_2,14675,74,75
13243,minimum_up,76,115_STEAM_2,14680,73,76
13244,minimum_down,76,115_STEAM_2,14681,75,76
13249,minimum_up,77,115_STEAM_2,14686,74,77
13250,minimum_down,77,115_STEAM_2,14687,76,77
13255,minimum_up,78,115_STEAM_2,14692,75,78
13256,minimum_down,78,115_STEAM_2,14693,77,78
13261,minimum_up,79,115_STEAM_2,14698,76,79
13262,minimum_down,79,115_STEAM_2,14699,78,79
13267,minimum_up,80,115_STEAM_2,14704,77,80
13268,minimum_down,80,115_STEAM_2,14705,79,80
13273,minimum_up,81,115_STEAM_2,14710,78,81
13274,minimum_down,81,115_STEAM_2,14711,80,81
13279,minimum_up,82,115_STEAM_2,14716,79,82
13280,minimum_down,82,115_STEAM_2,14717,81,82
13285,minimum_up,83,115_STEAM_2,14722,80,83
13286,minimum_down,83,115_STEAM_2,14723,82,83
13291,minimum_up,84,115_STEAM_2,14728,81,84
13292,minimum_down,84,115_STEAM_2,14729,83,84
13297,minimum_up,85,115_STEAM_2,14734,82,85
13298,minimum_down,85,115_STEAM_2,14735,84,85
13303,minimum_up,86,115_STEAM_2,14740,83,86
13304,minimum_down,86,115_STEAM_2,14741,85,86
13309,minimum_up,87,115_STEAM_2,14746,84,87
13310,minimum_down,87,115_STEAM_2,14747,86,87
13315,minimum_up,88,115_STEAM_2,14752,85,88
13316,minimum_down,88,115_STEAM_2,14753,87,88
13321,minimum_up,89,115_STEAM_2,14758,86,89
13322,minimum_down,89,115_STEAM_2,14759,88,89
13327,minimum_up,90,115_STEAM_2,14764,87,90
13328,minimum_down,90,115_STEAM_2,14765,89,90
13333,minimum_up,91,115_STEAM_2,14770,88,91
13334,minimum_down,91,115_STEAM_2,14771,90,91
13339,minimum_up,92,115_STEAM_2,14776,89,92
13340,minimum_down,92,115_STEAM_2,14777,91,92
13345,minimum_up,93,115_STEAM_2,14782,90,93
13346,minimum_down,93,115_STEAM_2,14783,92,93
13351,minimum_up,94,115_STEAM_2,14788,91,94
13352,minimum_down,94,115_STEAM_2,14789,93,94
13357,minimum_up,95,115_STEAM_2,14794,92,95
13358,minimum_down,95,115_STEAM_2,14795,94,95
13363,minimum_up,96,115_STEAM_2,14800,93,96
13364,minimum_down,96,115_STEAM_2,14801,95,96
13369,minimum_up,97,115_STEAM_2,14806,94,97
13370,minimum_down,97,115_STEAM_2,14807,96,97
13375,minimum_up,98,115_STEAM_2,14812,95,98
13376,minimum_down,98,115_STEAM_2,14813,97,98
13381,minimum_up,99,115_STEAM_2,14818,96,99
13382,minimum_down,99,115_STEAM_2,14819,98,99
13387,minimum_up,100,115_STEAM_2,14824,97,100
13388,minimum_down,100,115_STEAM_2,14825,99,100
13393,minimum_up,101,115_STEAM_2,14830,98,101
13394,minimum_down,101,115_STEAM_2,14831,100,101
13399,minimum_up,102,115_STEAM_2,14836,99,102
13400,minimum_down,102,115_STEAM_2,14837,101,102
13405,minimum_up,103,115_STEAM_2,14842,100,103
13406,minimum_down,103,115_STEAM_2,14843,102,103
13411,minimum_up,104,115_STEAM_2,14848,101,104
13412,minimum_down,104,115_STEAM_2,14849,103,104
13417,minimum_up,105,115_STEAM_2,14854,102,105
13418,minimum_down,105,115_STEAM_2,14855,104,105
13423,minimum_up,106,115_STEAM_2,14860,103,106
13424,minimum_down,106,115_STEAM_2,14861,105,106
13429,minimum_up,107,115_STEAM_2,14866,104,107
13430,minimum_down,107,115_STEAM_2,14867,106,107
13435,minimum_up,108,115_STEAM_2,14872,105,108
13436,minimum_down,108,115_STEAM_2,14873,107,108
13441,minimum_up,109,115_STEAM_2,14878,106,109
13442,minimum_down,109,115_STEAM_2,14879,108,109
13447,minimum_up,110,115_STEAM_2,14884,107,110
13448,minimum_down,110,115_STEAM_2,14885,109,110
13453,minimum_up,111,115_STEAM_2,14890,108,111
13454,minimum_down,111,115_STEAM_2,14891,110,111
13459,minimum_up,112,115_STEAM_2,14896,109,112
13460,minimum_down,112,115_STEAM_2,14897,111,112
13465,minimum_up,113,115_STEAM_2,14902,110,113
13466,minimum_down,113,115_STEAM_2,14903,112,113
13471,minimum_up,114,115_STEAM_2,14908,111,114
13472,minimum_down,114,115_STEAM_2,14909,113,114
13477,minimum_up,115,115_STEAM_2,14914,112,115
13478,minimum_down,115,115_STEAM_2,14915,114,115
13483,minimum_up,116,115_STEAM_2,14920,113,116
13484,minimum_down,116,115_STEAM_2,14921,115,116
13489,minimum_up,117,115_STEAM_2,14926,114,117
13490,minimum_down,117,115_STEAM_2,14927,116,117
13495,minimum_up,118,115_STEAM_2,14932,115,118
13496,minimum_down,118,115_STEAM_2,14933,117,118
13501,minimum_up,119,115_STEAM_2,14938,116,119
13502,minimum_down,119,115_STEAM_2,14939,118,119
13507,minimum_up,120,115_STEAM_2,14944,117,120
13508,minimum_down,120,115_STEAM_2,14945,119,120
13513,minimum_up,121,115_STEAM_2,14950,118,121
13514,minimum_down,121,115_STEAM_2,14951,120,121
13519,minimum_up,122,115_STEAM_2,14956,119,122
13520,minimum_down,122,115_STEAM_2,14957,121,122
13525,minimum_up,123,115_STEAM_2,14962,120,123
13526,minimum_down,123,115_STEAM_2,14963,122,123
13531,minimum_up,124,115_STEAM_2,14968,121,124
13532,minimum_down,124,115_STEAM_2,14969,123,124
13537,minimum_up,125,115_STEAM_2,14974,122,125
13538,minimum_down,125,115_STEAM_2,14975,124,125
13543,minimum_up,126,115_STEAM_2,14980,123,126
13544,minimum_down,126,115_STEAM_2,14981,125,126
13549,minimum_up,127,115_STEAM_2,14986,124,127
13550,minimum_down,127,115_STEAM_2,14987,126,127
13555,minimum_up,128,115_STEAM_2,14992,125,128
13556,minimum_down,128,115_STEAM_2,14993,127,128
13561,minimum_up,129,115_STEAM_2,14998,126,129
13562,minimum_down,129,115_STEAM_2,14999,128,129
13567,minimum_up,130,115_STEAM_2,15004,127,130
13568,minimum_down,130,115_STEAM_2,15005,129,130
13573,minimum_up,131,115_STEAM_2,15010,128,131
13574,minimum_down,131,115_STEAM_2,15011,130,131
13579,minimum_up,132,115_STEAM_2,15016,129,132
13580,minimum_down,132,115_STEAM_2,15017,131,132
13585,minimum_up,133,115_STEAM_2,15022,130,133
13586,minimum_down,133,115_STEAM_2,15023,132,133
13591,minimum_up,134,115_STEAM_2,15028,131,134
13592,minimum_down,134,115_STEAM_2,15029,133,134
13597,minimum_up,135,115_STEAM_2,15034,132,135
13598,minimum_down,135,115_STEAM_2,15035,134,135
13603,minimum_up,136,115_STEAM_2,15040,133,136
13604,minimum_down,136,115_STEAM_2,15041,135,136
13609,minimum_up,137,115_STEAM_2,15046,134,137
13610,minimum_down,137,115_STEAM_2,15047,136,137
13615,minimum_up,138,115_STEAM_2,15052,135,138
13616,minimum_down,138,115_STEAM_2,15053,137,138
13621,minimum_up,139,115_STEAM_2,15058,136,139
13622,minimum_down,139,115_STEAM_2,15059,138,139
13627,minimum_up,140,115_STEAM_2,15064,137,140
13628,minimum_down,140,115_STEAM_2,15065,139,140
13633,minimum_up,141,115_STEAM_2,15070,138,141
13634,minimum_down,141,115_STEAM_2,15071,140,141
13639,minimum_up,142,115_STEAM_2,15076,139,142
13640,minimum_down,142,115_STEAM_2,15077,141,142
13645,minimum_up,143,115_STEAM_2,15082,140,143
13646,minimum_down,143,115_STEAM_2,15083,142,143
13869,minimum_up,31,115_STEAM_3,15414,24,31
13870,minimum_down,31,115_STEAM_3,15415,24,31
13875,minimum_up,32,115_STEAM_3,15420,25,32
13876,minimum_down,32,115_STEAM_3,15421,25,32
13881,minimum_up,33,115_STEAM_3,15426,26,33
13882,minimum_down,33,115_STEAM_3,15427,26,33
13887,minimum_up,34,115_STEAM_3,15432,27,34
13888,minimum_down,34,115_STEAM_3,15433,27,34
13893,minimum_up,35,115_STEAM_3,15438,28,35
13894,minimum_down,35,115_STEAM_3,15439,28,35
13899,minimum_up,36,115_STEAM_3,15444,29,36
13900,minimum_down,36,115_STEAM_3,15445,29,36
13905,minimum_up,37,115_STEAM_3,15450,30,37
13906,minimum_down,37,115_STEAM_3,15451,30,37
13911,minimum_up,38,115_STEAM_3,15456,31,38
13912,minimum_down,38,115_STEAM_3,15457,31,38
13917,minimum_up,39,115_STEAM_3,15462,32,39
13918,minimum_down,39,115_STEAM_3,15463,32,39
13923,minimum_up,40,115_STEAM_3,15468,33,40
13924,minimum_down,40,115_STEAM_3,15469,33,40
13929,minimum_up,41,115_STEAM_3,15474,34,41
13930,minimum_down,41,115_STEAM_3,15475,34,41
13935,minimum_up,42,115_STEAM_3,15480,35,42
13936,minimum_down,42,115_STEAM_3,15481,35,42
13941,minimum_up,43,115_STEAM_3,15486,36,43
13942,minimum_down,43,115_STEAM_3,15487,36,43
13947,minimum_up,44,115_STEAM_3,15492,37,44
13948,minimum_down,44,115_STEAM_3,15493,37,44
13953,minimum_up,45,115_STEAM_3,15498,38,45
13954,minimum_down,45,115_STEAM_3,15499,38,45
13959,minimum_up,46,115_STEAM_3,15504,39,46
13960,minimum_down,46,115_STEAM_3,15505,39,46
13965,minimum_up,47,115_STEAM_3,15510,40,47
13966,minimum_down,47,115_STEAM_3,15511,40,47
13971,minimum_up,48,115_STEAM_3,15516,41,48
13972,minimum_down,48,115_STEAM_3,15517,41,48
13977,minimum_up,49,115_STEAM_3,15522,42,49
13978,minimum_down,49,115_STEAM_3,15523,42,49
13983,minimum_up,50,115_STEAM_3,15528,43,50
13984,minimum_down,50,115_STEAM_3,15529,43,50
13989,minimum_up,51,115_STEAM_3,15534,44,51
13990,minimum_down,51,115_STEAM_3,15535,44,51
13995,minimum_up,52,115_STEAM_3,15540,45,52
13996,minimum_down,52,115_STEAM_3,15541,45,52
14001,minimum_up,53,115_STEAM_3,15546,46,53
14002,minimum_down,53,115_STEAM_3,15547,46,53
14007,minimum_up,54,115_STEAM_3,15552,47,54
14008,minimum_down,54,115_STEAM_3,15553,47,54
14013,minimum_up,55,115_STEAM_3,15558,48,55
14014,minimum_down,55,115_STEAM_3,15559,48,55
14019,minimum_up,56,115_STEAM_3,15564,49,56
14020,minimum_down,56,115_STEAM_3,15565,49,56
14025,minimum_up,57,115_STEAM_3,15570,50,57
14026,minimum_down,57,115_STEAM_3,15571,50,57
14031,minimum_up,58,115_STEAM_3,15576,51,58
14032,minimum_down,58,115_STEAM_3,15577,51,58
14037,minimum_up,59,115_STEAM_3,15582,52,59
14038,minimum_down,59,115_STEAM_3,15583,52,59
14043,minimum_up,60,115_STEAM_3,15588,53,60
14044,minimum_down,60,115_STEAM_3,15589,53,60
14049,minimum_up,61,115_STEAM_3,15594,54,61
14050,minimum_down,61,115_STEAM_3,15595,54,61
14055,minimum_up,62,115_STEAM_3,15600,55,62
14056,minimum_down,62,115_STEAM_3,15601,55,62
14061,minimum_up,63,115_STEAM_3,15606,56,63
14062,minimum_down,63,115_STEAM_3,15607,56,63
14067,minimum_up,64,115_STEAM_3,15612,57,64
14068,minimum_down,64,115_STEAM_3,15613,57,64
14073,minimum_up,65,115_STEAM_3,15618,58,65
14074,minimum_down,65,115_STEAM_3,15619,58,65
14079,minimum_up,66,115_STEAM_3,15624,59,66
14080,minimum_down,66,115_STEAM_3,15625,59,66
14085,minimum_up,67,115_STEAM_3,15630,60,67
14086,minimum_down,67,115_STEAM_3,15631,60,67
14091,minimum_up,68,115_STEAM_3,15636,61,68
14092,minimum_down,68,115_STEAM_3,15637,61,68
14097,minimum_up,69,115_STEAM_3,15642,62,69
14098,minimum_down,69,115_STEAM_3,15643,62,69
14103,minimum_up,70,115_STEAM_3,15648,63,70
14104,minimum_down,70,115_STEAM_3,15649,63,70
14109,minimum_up,71,115_STEAM_3,15654,64,71
14110,minimum_down,71,115_STEAM_3,15655,64,71
14115,minimum_up,72,115_STEAM_3,15660,65,72
14116,minimum_down,72,115_STEAM_3,15661,65,72
14121,minimum_up,73,115_STEAM_3,15666,66,73
14122,minimum_down,73,115_STEAM_3,15667,66,73
14127,minimum_up,74,115_STEAM_3,15672,67,74
14128,minimum_down,74,115_STEAM_3,15673,67,74
14133,minimum_up,75,115_STEAM_3,15678,68,75
14134,minimum_down,75,115_STEAM_3,15679,68,75
14139,minimum_up,76,115_STEAM_3,15684,69,76
14140,minimum_down,76,115_STEAM_3,15685,69,76
14145,minimum_up,77,115_STEAM_3,15690,70,77
14146,minimum_down,77,115_STEAM_3,15691,70,77
14151,minimum_up,78,115_STEAM_3,15696,71,78
14152,minimum_down,78,115_STEAM_3,15697,71,78
14157,minimum_up,79,115_STEAM_3,15702,72,79
14158,minimum_down,79,115_STEAM_3,15703,72,79
14163,minimum_up,80,115_STEAM_3,15708,73,80
14164,minimum_down,80,115_STEAM_3,15709,73,80
14169,minimum_up,81,115_STEAM_3,15714,74,81
14170,minimum_down,81,115_STEAM_3,15715,74,81
14175,minimum_up,82,115_STEAM_3,15720,75,82
14176,minimum_down,82,115_STEAM_3,15721,75,82
14181,minimum_up,83,115_STEAM_3,15726,76,83
14182,minimum_down,83,115_STEAM_3,15727,76,83
14187,minimum_up,84,115_STEAM_3,15732,77,84
14188,minimum_down,84,115_STEAM_3,15733,77,84
14193,minimum_up,85,115_STEAM_3,15738,78,85
14194,minimum_down,85,115_STEAM_3,15739,78,85
14199,minimum_up,86,115_STEAM_3,15744,79,86
14200,minimum_down,86,115_STEAM_3,15745,79,86
14205,minimum_up,87,115_STEAM_3,15750,80,87
14206,minimum_down,87,115_STEAM_3,15751,80,87
14211,minimum_up,88,115_STEAM_3,15756,81,88
14212,minimum_down,88,115_STEAM_3,15757,81,88
14217,minimum_up,89,115_STEAM_3,15762,82,89
14218,minimum_down,89,115_STEAM_3,15763,82,89
14223,minimum_up,90,115_STEAM_3,15768,83,90
14224,minimum_down,90,115_STEAM_3,15769,83,90
14229,minimum_up,91,115_STEAM_3,15774,84,91
14230,minimum_down,91,115_STEAM_3,15775,84,91
14235,minimum_up,92,115_STEAM_3,15780,85,92
14236,minimum_down,92,115_STEAM_3,15781,85,92
14241,minimum_up,93,115_STEAM_3,15786,86,93
14242,minimum_down,93,115_STEAM_3,15787,86,93
14247,minimum_up,94,115_STEAM_3,15792,87,94
14248,minimum_down,94,115_STEAM_3,15793,87,94
14253,minimum_up,95,115_STEAM_3,15798,88,95
14254,minimum_down,95,115_STEAM_3,15799,88,95
14259,minimum_up,96,115_STEAM_3,15804,89,96
14260,minimum_down,96,115_STEAM_3,15805,89,96
14265,minimum_up,97,115_STEAM_3,15810,90,97
14266,minimum_down,97,115_STEAM_3,15811,90,97
14271,minimum_up,98,115_STEAM_3,15816,91,98
14272,minimum_down,98,115_STEAM_3,15817,91,98
14277,minimum_up,99,115_STEAM_3,15822,92,99
14278,minimum_down,99,115_STEAM_3,15823,92,99
14283,minimum_up,100,115_STEAM_3,15828,93,100
14284,minimum_down,100,115_STEAM_3,15829,93,100
14289,minimum_up,101,115_STEAM_3,15834,94,101
14290,minimum_down,101,115_STEAM_3,15835,94,101
14295,minimum_up,102,115_STEAM_3,15840,95,102
14296,minimum_down,102,115_STEAM_3,15841,95,102
14301,minimum_up,103,115_STEAM_3,15846,96,103
14302,minimum_down,103,115_STEAM_3,15847,96,103
14307,minimum_up,104,115_STEAM_3,15852,97,104
14308,minimum_down,104,115_STEAM_3,15853,97,104
14313,minimum_up,105,115_STEAM_3,15858,98,105
14314,minimum_down,105,115_STEAM_3,15859,98,105
14319,minimum_up,106,115_STEAM_3,15864,99,106
14320,minimum_down,106,115_STEAM_3,15865,99,106
14325,minimum_up,107,115_STEAM_3,15870,100,107
14326,minimum_down,107,115_STEAM_3,15871,100,107
14331,minimum_up,108,115_STEAM_3,15876,101,108
14332,minimum_down,108,115_STEAM_3,15877,101,108
14337,minimum_up,109,115_STEAM_3,15882,102,109
14338,minimum_down,109,115_STEAM_3,15883,102,109
14343,minimum_up,110,115_STEAM_3,15888,103,110
14344,minimum_down,110,115_STEAM_3,15889,103,110
14349,minimum_up,111,115_STEAM_3,15894,104,111
14350,minimum_down,111,115_STEAM_3,15895,104,111
14355,minimum_up,112,115_STEAM_3,15900,105,112
14356,minimum_down,112,115_STEAM_3,15901,105,112
14361,minimum_up,113,115_STEAM_3,15906,106,113
14362,minimum_down,113,115_STEAM_3,15907,106,113
14367,minimum_up,114,115_STEAM_3,15912,107,114
14368,minimum_down,114,115_STEAM_3,15913,107,114
14373,minimum_up,115,115_STEAM_3,15918,108,115
14374,minimum_down,115,115_STEAM_3,15919,108,115
14379,minimum_up,116,115_STEAM_3,15924,109,116
14380,minimum_down,116,115_STEAM_3,15925,109,116
14385,minimum_up,117,115_STEAM_3,15930,110,117
14386,minimum_down,117,115_STEAM_3,15931,110,117
14391,minimum_up,118,115_STEAM_3,15936,111,118
14392,minimum_down,118,115_STEAM_3,15937,111,118
14397,minimum_up,119,115_STEAM_3,15942,112,119
14398,minimum_down,119,115_STEAM_3,15943,112,119
14403,minimum_up,120,115_STEAM_3,15948,113,120
14404,minimum_down,120,115_STEAM_3,15949,113,120
14409,minimum_up,121,115_STEAM_3,15954,114,121
14410,minimum_down,121,115_STEAM_3,15955,114,121
14415,minimum_up,122,115_STEAM_3,15960,115,122
14416,minimum_down,122,115_STEAM_3,15961,115,122
14421,minimum_up,123,115_STEAM_3,15966,116,123
14422,minimum_down,123,115_STEAM_3,15967,116,123
14427,minimum_up,124,115_STEAM_3,15972,117,124
14428,minimum_down,124,115_STEAM_3,15973,117,124
14433,minimum_up,125,115_STEAM_3,15978,118,125
14434,minimum_down,125,115_STEAM_3,15979,118,125
14439,minimum_up,126,115_STEAM_3,15984,119,126
14440,minimum_down,126,115_STEAM_3,15985,119,126
14445,minimum_up,127,115_STEAM_3,15990,120,127
14446,minimum_down,127,115_STEAM_3,15991,120,127
14451,minimum_up,128,115_STEAM_3,15996,121,128
14452,minimum_down,128,115_STEAM_3,15997,121,128
14457,minimum_up,129,115_STEAM_3,16002,122,129
14458,minimum_down,129,115_STEAM_3,16003,122,129
14463,minimum_up,130,115_STEAM_3,16008,123,130
14464,minimum_down,130,115_STEAM_3,16009,123,130
14469,minimum_up,131,115_STEAM_3,16014,124,131
14470,minimum_down,131,115_STEAM_3,16015,124,131
14475,minimum_up,132,115_STEAM_3,16020,125,132
14476,minimum_down,132,115_STEAM_3,16021,125,132
14481,minimum_up,133,115_STEAM_3,16026,126,133
14482,minimum_down,133,115_STEAM_3,16027,126,133
14487,minimum_up,134,115_STEAM_3,16032,127,134
14488,minimum_down,134,115_STEAM_3,16033,127,134
14493,minimum_up,135,115_STEAM_3,16038,128,135
14494,minimum_down,135,115_STEAM_3,16039,128,135
14499,minimum_up,136,115_STEAM_3,16044,129,136
14500,minimum_down,136,115_STEAM_3,16045,129,136
14505,minimum_up,137,115_STEAM_3,16050,130,137
14506,minimum_down,137,115_STEAM_3,16051,130,137
14511,minimum_up,138,115_STEAM_3,16056,131,138
14512,minimum_down,138,115_STEAM_3,16057,131,138
14517,minimum_up,139,115_STEAM_3,16062,132,139
14518,minimum_down,139,115_STEAM_3,16063,132,139
14523,minimum_up,140,115_STEAM_3,16068,133,140
14524,minimum_down,140,115_STEAM_3,16069,133,140
14529,minimum_up,141,115_STEAM_3,16074,134,141
14530,minimum_down,141,115_STEAM_3,16075,134,141
14535,minimum_up,142,115_STEAM_3,16080,135,142
14536,minimum_down,142,115_STEAM_3,16081,135,142
14541,minimum_up,143,115_STEAM_3,16086,136,143
14542,minimum_down,143,115_STEAM_3,16087,136,143
14765,minimum_up,31,116_STEAM_1,16418,24,31
14766,minimum_down,31,116_STEAM_1,16419,24,31
14771,minimum_up,32,116_STEAM_1,16424,25,32
14772,minimum_down,32,116_STEAM_1,16425,25,32
14777,minimum_up,33,116_STEAM_1,16430,26,33
14778,minimum_down,33,116_STEAM_1,16431,26,33
14783,minimum_up,34,116_STEAM_1,16436,27,34
14784,minimum_down,34,116_STEAM_1,16437,27,34
14789,minimum_up,35,116_STEAM_1,16442,28,35
14790,minimum_down,35,116_STEAM_1,16443,28,35
14795,minimum_up,36,116_STEAM_1,16448,29,36
14796,minimum_down,36,116_STEAM_1,16449,29,36
14801,minimum_up,37,116_STEAM_1,16454,30,37
14802,minimum_down,37,116_STEAM_1,16455,30,37
14807,minimum_up,38,116_STEAM_1,16460,31,38
14808,minimum_down,38,116_STEAM_1,16461,31,38
14813,minimum_up,39,116_STEAM_1,16466,32,39
14814,minimum_down,39,116_STEAM_1,16467,32,39
14819,minimum_up,40,116_STEAM_1,16472,33,40
14820,minimum_down,40,116_STEAM_1,16473,33,40
14825,minimum_up,41,116_STEAM_1,16478,34,41
14826,minimum_down,41,116_STEAM_1,16479,34,41
14831,minimum_up,42,116_STEAM_1,16484,35,42
14832,minimum_down,42,116_STEAM_1,16485,35,42
14837,minimum_up,43,116_STEAM_1,16490,36,43
14838,minimum_down,43,116_STEAM_1,16491,36,43
14843,minimum_up,44,116_STEAM_1,16496,37,44
14844,minimum_down,44,116_STEAM_1,16497,37,44
14849,minimum_up,45,116_STEAM_1,16502,38,45
14850,minimum_down,45,116_STEAM_1,16503,38,45
14855,minimum_up,46,116_STEAM_1,16508,39,46
14856,minimum_down,46,116_STEAM_1,16509,39,46
14861,minimum_up,47,116_STEAM_1,16514,40,47
14862,minimum_down,47,116_STEAM_1,16515,40,47
14867,minimum_up,48,116_STEAM_1,16520,41,48
14868,minimum_down,48,116_STEAM_1,16521,41,48
14873,minimum_up,49,116_STEAM_1,16526,42,49
14874,minimum_down,49,116_STEAM_1,16527,42,49
14879,minimum_up,50,116_STEAM_1,16532,43,50
14880,minimum_down,50,116_STEAM_1,16533,43,50
14885,minimum_up,51,116_STEAM_1,16538,44,51
14886,minimum_down,51,116_STEAM_1,16539,44,51
14891,minimum_up,52,116_STEAM_1,16544,45,52
14892,minimum_down,52,116_STEAM_1,16545,45,52
14897,minimum_up,53,116_STEAM_1,16550,46,53
14898,minimum_down,53,116_STEAM_1,16551,46,53
14903,minimum_up,54,116_STEAM_1,16556,47,54
14904,minimum_down,54,116_STEAM_1,16557,47,54
14909,minimum_up,55,116_STEAM_1,16562,48,55
14910,minimum_down,55,116_STEAM_1,16563,48,55
14915,minimum_up,56,116_STEAM_1,16568,49,56
14916,minimum_down,56,116_STEAM_1,16569,49,56
14921,minimum_up,57,116_STEAM_1,16574,50,57
14922,minimum_down,57,116_STEAM_1,16575,50,57
14927,minimum_up,58,116_STEAM_1,16580,51,58
14928,minimum_down,58,116_STEAM_1,16581,51,58
14933,minimum_up,59,116_STEAM_1,16586,52,59
14934,minimum_down,59,116_STEAM_1,16587,52,59
14939,minimum_up,60,116_STEAM_1,16592,53,60
14940,minimum_down,60,116_STEAM_1,16593,53,60
14945,minimum_up,61,116_STEAM_1,16598,54,61
14946,minimum_down,61,116_STEAM_1,16599,54,61
14951,minimum_up,62,116_STEAM_1,16604,55,62
14952,minimum_down,62,116_STEAM_1,16605,55,62
14957,minimum_up,63,116_STEAM_1,16610,56,63
14958,minimum_down,63,116_STEAM_1,16611,56,63
14963,minimum_up,64,116_STEAM_1,16616,57,64
14964,minimum_down,64,116_STEAM_1,16617,57,64
14969,minimum_up,65,116_STEAM_1,16622,58,65
14970,minimum_down,65,116_STEAM_1,16623,58,65
14975,minimum_up,66,116_STEAM_1,16628,59,66
14976,minimum_down,66,116_STEAM_1,16629,59,66
14981,minimum_up,67,116_STEAM_1,16634,60,67
14982,minimum_down,67,116_STEAM_1,16635,60,67
14987,minimum_up,68,116_STEAM_1,16640,61,68
14988,minimum_down,68,116_STEAM_1,16641,61,68
14993,minimum_up,69,116_STEAM_1,16646,62,69
14994,minimum_down,69,116_STEAM_1,16647,62,69
14999,minimum_up,70,116_STEAM_1,16652,63,70
15000,minimum_down,70,116_STEAM_1,16653,63,70
15005,minimum_up,71,116_STEAM_1,16658,64,71
15006,minimum_down,71,116_STEAM_1,16659,64,71
15011,minimum_up,72,116_STEAM_1,16664,65,72
15012,minimum_down,72,116_STEAM_1,16665,65,72
15017,minimum_up,73,116_STEAM_1,16670,66,73
15018,minimum_down,73,116_STEAM_1,16671,66,73
15023,minimum_up,74,116_STEAM_1,16676,67,74
15024,minimum_down,74,116_STEAM_1,16677,67,74
15029,minimum_up,75,116_STEAM_1,16682,68,75
15030,minimum_down,75,116_STEAM_1,16683,68,75
15035,minimum_up,76,116_STEAM_1,16688,69,76
15036,minimum_down,76,116_STEAM_1,16689,69,76
15041,minimum_up,77,116_STEAM_1,16694,70,77
15042,minimum_down,77,116_STEAM_1,16695,70,77
15047,minimum_up,78,116_STEAM_1,16700,71,78
15048,minimum_down,78,116_STEAM_1,16701,71,78
15053,minimum_up,79,116_STEAM_1,16706,72,79
15054,minimum_down,79,116_STEAM_1,16707,72,79
15059,minimum_up,80,116_STEAM_1,16712,73,80
15060,minimum_down,80,116_STEAM_1,16713,73,80
15065,minimum_up,81,116_STEAM_1,16718,74,81
15066,minimum_down,81,116_STEAM_1,16719,74,81
15071,minimum_up,82,116_STEAM_1,16724,75,82
15072,minimum_down,82,116_STEAM_1,16725,75,82
15077,minimum_up,83,116_STEAM_1,16730,76,83
15078,minimum_down,83,116_STEAM_1,16731,76,83
15083,minimum_up,84,116_STEAM_1,16736,77,84
15084,minimum_down,84,116_STEAM_1,16737,77,84
15089,minimum_up,85,116_STEAM_1,16742,78,85
15090,minimum_down,85,116_STEAM_1,16743,78,85
15095,minimum_up,86,116_STEAM_1,16748,79,86
15096,minimum_down,86,116_STEAM_1,16749,79,86
15101,minimum_up,87,116_STEAM_1,16754,80,87
15102,minimum_down,87,116_STEAM_1,16755,80,87
15107,minimum_up,88,116_STEAM_1,16760,81,88
15108,minimum_down,88,116_STEAM_1,16761,81,88
15113,minimum_up,89,116_STEAM_1,16766,82,89
15114,minimum_down,89,116_STEAM_1,16767,82,89
15119,minimum_up,90,116_STEAM_1,16772,83,90
15120,minimum_down,90,116_STEAM_1,16773,83,90
15125,minimum_up,91,116_STEAM_1,16778,84,91
15126,minimum_down,91,116_STEAM_1,16779,84,91
15131,minimum_up,92,116_STEAM_1,16784,85,92
15132,minimum_down,92,116_STEAM_1,16785,85,92
15137,minimum_up,93,116_STEAM_1,16790,86,93
15138,minimum_down,93,116_STEAM_1,16791,86,93
15143,minimum_up,94,116_STEAM_1,16796,87,94
15144,minimum_down,94,116_STEAM_1,16797,87,94
15149,minimum_up,95,116_STEAM_1,16802,88,95
15150,minimum_down,95,116_STEAM_1,16803,88,95
15155,minimum_up,96,116_STEAM_1,16808,89,96
15156,minimum_down,96,116_STEAM_1,16809,89,96
15161,minimum_up,97,116_STEAM_1,16814,90,97
15162,minimum_down,97,116_STEAM_1,16815,90,97
15167,minimum_up,98,116_STEAM_1,16820,91,98
15168,minimum_down,98,116_STEAM_1,16821,91,98
15173,minimum_up,99,116_STEAM_1,16826,92,99
15174,minimum_down,99,116_STEAM_1,16827,92,99
15179,minimum_up,100,116_STEAM_1,16832,93,100
15180,minimum_down,100,116_STEAM_1,16833,93,100
15185,minimum_up,101,116_STEAM_1,16838,94,101
15186,minimum_down,101,116_STEAM_1,16839,94,101
15191,minimum_up,102,116_STEAM_1,16844,95,102
15192,minimum_down,102,116_STEAM_1,16845,95,102
15197,minimum_up,103,116_STEAM_1,16850,96,103
15198,minimum_down,103,116_STEAM_1,16851,96,103
15203,minimum_up,104,116_STEAM_1,16856,97,104
15204,minimum_down,104,116_STEAM_1,16857,97,104
15209,minimum_up,105,116_STEAM_1,16862,98,105
15210,minimum_down,105,116_STEAM_1,16863,98,105
15215,minimum_up,106,116_STEAM_1,16868,99,106
15216,minimum_down,106,116_STEAM_1,16869,99,106
15221,minimum_up,107,116_STEAM_1,16874,100,107
15222,minimum_down,107,116_STEAM_1,16875,100,107
15227,minimum_up,108,116_STEAM_1,16880,101,108
15228,minimum_down,108,116_STEAM_1,16881,101,108
15233,minimum_up,109,116_STEAM_1,16886,102,109
15234,minimum_down,109,116_STEAM_1,16887,102,109
15239,minimum_up,110,116_STEAM_1,16892,103,110
15240,minimum_down,110,116_STEAM_1,16893,103,110
15245,minimum_up,111,116_STEAM_1,16898,104,111
15246,minimum_down,111,116_STEAM_1,16899,104,111
15251,minimum_up,112,116_STEAM_1,16904,105,112
15252,minimum_down,112,116_STEAM_1,16905,105,112
15257,minimum_up,113,116_STEAM_1,16910,106,113
15258,minimum_down,113,116_STEAM_1,16911,106,113
15263,minimum_up,114,116_STEAM_1,16916,107,114
15264,minimum_down,114,116_STEAM_1,16917,107,114
15269,minimum_up,115,116_STEAM_1,16922,108,115
15270,minimum_down,115,116_STEAM_1,16923,108,115
15275,minimum_up,116,116_STEAM_1,16928,109,116
15276,minimum_down,116,116_STEAM_1,16929,109,116
15281,minimum_up,117,116_STEAM_1,16934,110,117
15282,minimum_down,117,116_STEAM_1,16935,110,117
15287,minimum_up,118,116_STEAM_1,16940,111,118
15288,minimum_down,118,116_STEAM_1,16941,111,118
15293,minimum_up,119,116_STEAM_1,16946,112,119
15294,minimum_down,119,116_STEAM_1,16947,112,119
15299,minimum_up,120,116_STEAM_1,16952,113,120
15300,minimum_down,120,116_STEAM_1,16953,113,120
15305,minimum_up,121,116_STEAM_1,16958,114,121
15306,minimum_down,121,116_STEAM_1,16959,114,121
15311,minimum_up,122,116_STEAM_1,16964,115,122
15312,minimum_down,122,116_STEAM_1,16965,115,122
15317,minimum_up,123,116_STEAM_1,16970,116,123
15318,minimum_down,123,116_STEAM_1,16971,116,123
15323,minimum_up,124,116_STEAM_1,16976,117,124
15324,minimum_down,124,116_STEAM_1,16977,117,124
15329,minimum_up,125,116_STEAM_1,16982,118,125
15330,minimum_down,125,116_STEAM_1,16983,118,125
15335,minimum_up,126,116_STEAM_1,16988,119,126
15336,minimum_down,126,116_STEAM_1,16989,119,126
15341,minimum_up,127,116_STEAM_1,16994,120,127
15342,minimum_down,127,116_STEAM_1,16995,120,127
15347,minimum_up,128,116_STEAM_1,17000,121,128
15348,minimum_down,128,116_STEAM_1,17001,121,128
15353,minimum_up,129,116_STEAM_1,17006,122,129
15354,minimum_down,129,116_STEAM_1,17007,122,129
15359,minimum_up,130,116_STEAM_1,17012,123,130
15360,minimum_down,130,116_STEAM_1,17013,123,130
15365,minimum_up,131,116_STEAM_1,17018,124,131
15366,minimum_down,131,116_STEAM_1,17019,124,131
15371,minimum_up,132,116_STEAM_1,17024,125,132
15372,minimum_down,132,116_STEAM_1,17025,125,132
15377,minimum_up,133,116_STEAM_1,17030,126,133
15378,minimum_down,133,116_STEAM_1,17031,126,133
15383,minimum_up,134,116_STEAM_1,17036,127,134
15384,minimum_down,134,116_STEAM_1,17037,127,134
15389,minimum_up,135,116_STEAM_1,17042,128,135
15390,minimum_down,135,116_STEAM_1,17043,128,135
15395,minimum_up,136,116_STEAM_1,17048,129,136
15396,minimum_down,136,116_STEAM_1,17049,129,136
15401,minimum_up,137,116_STEAM_1,17054,130,137
15402,minimum_down,137,116_STEAM_1,17055,130,137
15407,minimum_up,138,116_STEAM_1,17060,131,138
15408,minimum_down,138,116_STEAM_1,17061,131,138
15413,minimum_up,139,116_STEAM_1,17066,132,139
15414,minimum_down,139,116_STEAM_1,17067,132,139
15419,minimum_up,140,116_STEAM_1,17072,133,140
15420,minimum_down,140,116_STEAM_1,17073,133,140
15425,minimum_up,141,116_STEAM_1,17078,134,141
15426,minimum_down,141,116_STEAM_1,17079,134,141
15431,minimum_up,142,116_STEAM_1,17084,135,142
15432,minimum_down,142,116_STEAM_1,17085,135,142
15437,minimum_up,143,116_STEAM_1,17090,136,143
15438,minimum_down,143,116_STEAM_1,17091,136,143
15649,minimum_down,28,118_CC_1,17405,24,28
15654,minimum_down,29,118_CC_1,17411,25,29
15659,minimum_down,30,118_CC_1,17417,26,30
15664,minimum_up,31,118_CC_1,17422,24,31
15665,minimum_down,31,118_CC_1,17423,27,31
15670,minimum_up,32,118_CC_1,17428,25,32
15671,minimum_down,32,118_CC_1,17429,28,32
15676,minimum_up,33,118_CC_1,17434,26,33
15677,minimum_down,33,118_CC_1,17435,29,33
15682,minimum_up,34,118_CC_1,17440,27,34
15683,minimum_down,34,118_CC_1,17441,30,34
15688,minimum_up,35,118_CC_1,17446,28,35
15689,minimum_down,35,118_CC_1,17447,31,35
15694,minimum_up,36,118_CC_1,17452,29,36
15695,minimum_down,36,118_CC_1,17453,32,36
15700,minimum_up,37,118_CC_1,17458,30,37
15701,minimum_down,37,118_CC_1,17459,33,37
15706,minimum_up,38,118_CC_1,17464,31,38
15707,minimum_down,38,118_CC_1,17465,34,38
15712,minimum_up,39,118_CC_1,17470,32,39
15713,minimum_down,39,118_CC_1,17471,35,39
15718,minimum_up,40,118_CC_1,17476,33,40
15719,minimum_down,40,118_CC_1,17477,36,40
15724,minimum_up,41,118_CC_1,17482,34,41
15725,minimum_down,41,118_CC_1,17483,37,41
15730,minimum_up,42,118_CC_1,17488,35,42
15731,minimum_down,42,118_CC_1,17489,38,42
15736,minimum_up,43,118_CC_1,17494,36,43
15737,minimum_down,43,118_CC_1,17495,39,43
15742,minimum_up,44,118_CC_1,17500,37,44
15743,minimum_down,44,118_CC_1,17501,40,44
15748,minimum_up,45,118_CC_1,17506,38,45
15749,minimum_down,45,118_CC_1,17507,41,45
15754,minimum_up,46,118_CC_1,17512,39,46
15755,minimum_down,46,118_CC_1,17513,42,46
15760,minimum_up,47,118_CC_1,17518,40,47
15761,minimum_down,47,118_CC_1,17519,43,47
15766,minimum_up,48,118_CC_1,17524,41,48
15767,minimum_down,48,118_CC_1,17525,44,48
15772,minimum_up,49,118_CC_1,17530,42,49
15773,minimum_down,49,118_CC_1,17531,45,49
15778,minimum_up,50,118_CC_1,17536,43,50
15779,minimum_down,50,118_CC_1,17537,46,50
15784,minimum_up,51,118_CC_1,17542,44,51
15785,minimum_down,51,118_CC_1,17543,47,51
15790,minimum_up,52,118_CC_1,17548,45,52
15791,minimum_down,52,118_CC_1,17549,48,52
15796,minimum_up,53,118_CC_1,17554,46,53
15797,minimum_down,53,118_CC_1,17555,49,53
15802,minimum_up,54,118_CC_1,17560,47,54
15803,minimum_down,54,118_CC_1,17561,50,54
15808,minimum_up,55,118_CC_1,17566,48,55
15809,minimum_down,55,118_CC_1,17567,51,55
15814,minimum_up,56,118_CC_1,17572,49,56
15815,minimum_down,56,118_CC_1,17573,52,56
15820,minimum_up,57,118_CC_1,17578,50,57
15821,minimum_down,57,118_CC_1,17579,53,57
15826,minimum_up,58,118_CC_1,17584,51,58
15827,minimum_down,58,118_CC_1,17585,54,58
15832,minimum_up,59,118_CC_1,17590,52,59
15833,minimum_down,59,118_CC_1,17591,55,59
15838,minimum_up,60,118_CC_1,17596,53,60
15839,minimum_down,60,118_CC_1,17597,56,60
15844,minimum_up,61,118_CC_1,17602,54,61
15845,minimum_down,61,118_CC_1,17603,57,61
15850,minimum_up,62,118_CC_1,17608,55,62
15851,minimum_down,62,118_CC_1,17609,58,62
15856,minimum_up,63,118_CC_1,17614,56,63
15857,minimum_down,63,118_CC_1,17615,59,63
15862,minimum_up,64,118_CC_1,17620,57,64
15863,minimum_down,64,118_CC_1,17621,60,64
15868,minimum_up,65,118_CC_1,17626,58,65
15869,minimum_down,65,118_CC_1,17627,61,65
15874,minimum_up,66,118_CC_1,17632,59,66
15875,minimum_down,66,118_CC_1,17633,62,66
15880,minimum_up,67,118_CC_1,17638,60,67
15881,minimum_down,67,118_CC_1,17639,63,67
15886,minimum_up,68,118_CC_1,17644,61,68
15887,minimum_down,68,118_CC_1,17645,64,68
15892,minimum_up,69,118_CC_1,17650,62,69
15893,minimum_down,69,118_CC_1,17651,65,69
15898,minimum_up,70,118_CC_1,17656,63,70
15899,minimum_down,70,118_CC_1,17657,66,70
15904,minimum_up,71,118_CC_1,17662,64,71
15905,minimum_down,71,118_CC_1,17663,67,71
15910,minimum_up,72,118_CC_1,17668,65,72
15911,minimum_down,72,118_CC_1,17669,68,72
15916,minimum_up,73,118_CC_1,17674,66,73
15917,minimum_down,73,118_CC_1,17675,69,73
15922,minimum_up,74,118_CC_1,17680,67,74
15923,minimum_down,74,118_CC_1,17681,70,74
15928,minimum_up,75,118_CC_1,17686,68,75
15929,minimum_down,75,118_CC_1,17687,71,75
15934,minimum_up,76,118_CC_1,17692,69,76
15935,minimum_down,76,118_CC_1,17693,72,76
15940,minimum_up,77,118_CC_1,17698,70,77
15941,minimum_down,77,118_CC_1,17699,73,77
15946,minimum_up,78,118_CC_1,17704,71,78
15947,minimum_down,78,118_CC_1,17705,74,78
15952,minimum_up,79,118_CC_1,17710,72,79
15953,minimum_down,79,118_CC_1,17711,75,79
15958,minimum_up,80,118_CC_1,17716,73,80
15959,minimum_down,80,118_CC_1,17717,76,80
15964,minimum_up,81,118_CC_1,17722,74,81
15965,minimum_down,81,118_CC_1,17723,77,81
15970,minimum_up,82,118_CC_1,17728,75,82
15971,minimum_down,82,118_CC_1,17729,78,82
15976,minimum_up,83,118_CC_1,17734,76,83
15977,minimum_down,83,118_CC_1,17735,79,83
15982,minimum_up,84,118_CC_1,17740,77,84
15983,minimum_down,84,118_CC_1,17741,80,84
15988,minimum_up,85,118_CC_1,17746,78,85
15989,minimum_down,85,118_CC_1,17747,81,85
15994,minimum_up,86,118_CC_1,17752,79,86
15995,minimum_down,86,118_CC_1,17753,82,86
16000,minimum_up,87,118_CC_1,17758,80,87
16001,minimum_down,87,118_CC_1,17759,83,87
16006,minimum_up,88,118_CC_1,17764,81,88
16007,minimum_down,88,118_CC_1,17765,84,88
16012,minimum_up,89,118_CC_1,17770,82,89
16013,minimum_down,89,118_CC_1,17771,85,89
16018,minimum_up,90,118_CC_1,17776,83,90
16019,minimum_down,90,118_CC_1,17777,86,90
16024,minimum_up,91,118_CC_1,17782,84,91
16025,minimum_down,91,118_CC_1,17783,87,91
16030,minimum_up,92,118_CC_1,17788,85,92
16031,minimum_down,92,118_CC_1,17789,88,92
16036,minimum_up,93,118_CC_1,17794,86,93
16037,minimum_down,93,118_CC_1,17795,89,93
16042,minimum_up,94,118_CC_1,17800,87,94
16043,minimum_down,94,118_CC_1,17801,90,94
16048,minimum_up,95,118_CC_1,17806,88,95
16049,minimum_down,95,118_CC_1,17807,91,95
16054,minimum_up,96,118_CC_1,17812,89,96
16055,minimum_down,96,118_CC_1,17813,92,96
16060,minimum_up,97,118_CC_1,17818,90,97
16061,minimum_down,97,118_CC_1,17819,93,97
16066,minimum_up,98,118_CC_1,17824,91,98
16067,minimum_down,98,118_CC_1,17825,94,98
16072,minimum_up,99,118_CC_1,17830,92,99
16073,minimum_down,99,118_CC_1,17831,95,99
16078,minimum_up,100,118_CC_1,17836,93,100
16079,minimum_down,100,118_CC_1,17837,96,100
16084,minimum_up,101,118_CC_1,17842,94,101
16085,minimum_down,101,118_CC_1,17843,97,101
16090,minimum_up,102,118_CC_1,17848,95,102
16091,minimum_down,102,118_CC_1,17849,98,102
16096,minimum_up,103,118_CC_1,17854,96,103
16097,minimum_down,103,118_CC_1,17855,99,103
16102,minimum_up,104,118_CC_1,17860,97,104
16103,minimum_down,104,118_CC_1,17861,100,104
16108,minimum_up,105,118_CC_1,17866,98,105
16109,minimum_down,105,118_CC_1,17867,101,105
16114,minimum_up,106,118_CC_1,17872,99,106
16115,minimum_down,106,118_CC_1,17873,102,106
16120,minimum_up,107,118_CC_1,17878,100,107
16121,minimum_down,107,118_CC_1,17879,103,107
16126,minimum_up,108,118_CC_1,17884,101,108
16127,minimum_down,108,118_CC_1,17885,104,108
16132,minimum_up,109,118_CC_1,17890,102,109
16133,minimum_down,109,118_CC_1,17891,105,109
16138,minimum_up,110,118_CC_1,17896,103,110
16139,minimum_down,110,118_CC_1,17897,106,110
16144,minimum_up,111,118_CC_1,17902,104,111
16145,minimum_down,111,118_CC_1,17903,107,111
16150,minimum_up,112,118_CC_1,17908,105,112
16151,minimum_down,112,118_CC_1,17909,108,112
16156,minimum_up,113,118_CC_1,17914,106,113
16157,minimum_down,113,118_CC_1,17915,109,113
16162,minimum_up,114,118_CC_1,17920,107,114
16163,minimum_down,114,118_CC_1,17921,110,114
16168,minimum_up,115,118_CC_1,17926,108,115
16169,minimum_down,115,118_CC_1,17927,111,115
16174,minimum_up,116,118_CC_1,17932,109,116
16175,minimum_down,116,118_CC_1,17933,112,116
16180,minimum_up,117,118_CC_1,17938,110,117
16181,minimum_down,117,118_CC_1,17939,113,117
16186,minimum_up,118,118_CC_1,17944,111,118
16187,minimum_down,118,118_CC_1,17945,114,118
16192,minimum_up,119,118_CC_1,17950,112,119
16193,minimum_down,119,118_CC_1,17951,115,119
16198,minimum_up,120,118_CC_1,17956,113,120
16199,minimum_down,120,118_CC_1,17957,116,120
16204,minimum_up,121,118_CC_1,17962,114,121
16205,minimum_down,121,118_CC_1,17963,117,121
16210,minimum_up,122,118_CC_1,17968,115,122
16211,minimum_down,122,118_CC_1,17969,118,122
16216,minimum_up,123,118_CC_1,17974,116,123
16217,minimum_down,123,118_CC_1,17975,119,123
16222,minimum_up,124,118_CC_1,17980,117,124
16223,minimum_down,124,118_CC_1,17981,120,124
16228,minimum_up,125,118_CC_1,17986,118,125
16229,minimum_down,125,118_CC_1,17987,121,125
16234,minimum_up,126,118_CC_1,17992,119,126
16235,minimum_down,126,118_CC_1,17993,122,126
16240,minimum_up,127,118_CC_1,17998,120,127
16241,minimum_down,127,118_CC_1,17999,123,127
16246,minimum_up,128,118_CC_1,18004,121,128
16247,minimum_down,128,118_CC_1,18005,124,128
16252,minimum_up,129,118_CC_1,18010,122,129
16253,minimum_down,129,118_CC_1,18011,125,129
16258,minimum_up,130,118_CC_1,18016,123,130
16259,minimum_down,130,118_CC_1,18017,126,130
16264,minimum_up,131,118_CC_1,18022,124,131
16265,minimum_down,131,118_CC_1,18023,127,131
16270,minimum_up,132,118_CC_1,18028,125,132
16271,minimum_down,132,118_CC_1,18029,128,132
16276,minimum_up,133,118_CC_1,18034,126,133
16277,minimum_down,133,118_CC_1,18035,129,133
16282,minimum_up,134,118_CC_1,18040,127,134
16283,minimum_down,134,118_CC_1,18041,130,134
16288,minimum_up,135,118_CC_1,18046,128,135
16289,minimum_down,135,118_CC_1,18047,131,135
16294,minimum_up,136,118_CC_1,18052,129,136
16295,minimum_down,136,118_CC_1,18053,132,136
16300,minimum_up,137,118_CC_1,18058,130,137
16301,minimum_down,137,118_CC_1,18059,133,137
16306,minimum_up,138,118_CC_1,18064,131,138
16307,minimum_down,138,118_CC_1,18065,134,138
16312,minimum_up,139,118_CC_1,18070,132,139
16313,minimum_down,139,118_CC_1,18071,135,139
16318,minimum_up,140,118_CC_1,18076,133,140
16319,minimum_down,140,118_CC_1,18077,136,140
16324,minimum_up,141,118_CC_1,18082,134,141
16325,minimum_down,141,118_CC_1,18083,137,141
16330,minimum_up,142,118_CC_1,18088,135,142
16331,minimum_down,142,118_CC_1,18089,138,142
16336,minimum_up,143,118_CC_1,18094,136,143
16337,minimum_down,143,118_CC_1,18095,139,143
16560,minimum_up,31,123_STEAM_2,18426,24,31
16561,minimum_down,31,123_STEAM_2,18427,24,31
16566,minimum_up,32,123_STEAM_2,18432,25,32
16567,minimum_down,32,123_STEAM_2,18433,25,32
16572,minimum_up,33,123_STEAM_2,18438,26,33
16573,minimum_down,33,123_STEAM_2,18439,26,33
16578,minimum_up,34,123_STEAM_2,18444,27,34
16579,minimum_down,34,123_STEAM_2,18445,27,34
16584,minimum_up,35,123_STEAM_2,18450,28,35
16585,minimum_down,35,123_STEAM_2,18451,28,35
16590,minimum_up,36,123_STEAM_2,18456,29,36
16591,minimum_down,36,123_STEAM_2,18457,29,36
16596,minimum_up,37,123_STEAM_2,18462,30,37
16597,minimum_down,37,123_STEAM_2,18463,30,37
16602,minimum_up,38,123_STEAM_2,18468,31,38
16603,minimum_down,38,123_STEAM_2,18469,31,38
16608,minimum_up,39,123_STEAM_2,18474,32,39
16609,minimum_down,39,123_STEAM_2,18475,32,39
16614,minimum_up,40,123_STEAM_2,18480,33,40
16615,minimum_down,40,123_STEAM_2,18481,33,40
16620,minimum_up,41,123_STEAM_2,18486,34,41
16621,minimum_down,41,123_STEAM_2,18487,34,41
16626,minimum_up,42,123_STEAM_2,18492,35,42
16627,minimum_down,42,123_STEAM_2,18493,35,42
16632,minimum_up,43,123_STEAM_2,18498,36,43
16633,minimum_down,43,123_STEAM_2,18499,36,43
16638,minimum_up,44,123_STEAM_2,18504,37,44
16639,minimum_down,44,123_STEAM_2,18505,37,44
16644,minimum_up,45,123_STEAM_2,18510,38,45
16645,minimum_down,45,123_STEAM_2,18511,38,45
16650,minimum_up,46,123_STEAM_2,18516,39,46
16651,minimum_down,46,123_STEAM_2,18517,39,46
16656,minimum_up,47,123_STEAM_2,18522,40,47
16657,minimum_down,47,123_STEAM_2,18523,40,47
16662,minimum_up,48,123_STEAM_2,18528,41,48
16663,minimum_down,48,123_STEAM_2,18529,41,48
16668,minimum_up,49,123_STEAM_2,18534,42,49
16669,minimum_down,49,123_STEAM_2,18535,42,49
16674,minimum_up,50,123_STEAM_2,18540,43,50
16675,minimum_down,50,123_STEAM_2,18541,43,50
16680,minimum_up,51,123_STEAM_2,18546,44,51
16681,minimum_down,51,123_STEAM_2,18547,44,51
16686,minimum_up,52,123_STEAM_2,18552,45,52
16687,minimum_down,52,123_STEAM_2,18553,45,52
16692,minimum_up,53,123_STEAM_2,18558,46,53
16693,minimum_down,53,123_STEAM_2,18559,46,53
16698,minimum_up,54,123_STEAM_2,18564,47,54
16699,minimum_down,54,123_STEAM_2,18565,47,54
16704,minimum_up,55,123_STEAM_2,18570,48,55
16705,minimum_down,55,123_STEAM_2,18571,48,55
16710,minimum_up,56,123_STEAM_2,18576,49,56
16711,minimum_down,56,123_STEAM_2,18577,49,56
16716,minimum_up,57,123_STEAM_2,18582,50,57
16717,minimum_down,57,123_STEAM_2,18583,50,57
16722,minimum_up,58,123_STEAM_2,18588,51,58
16723,minimum_down,58,123_STEAM_2,18589,51,58
16728,minimum_up,59,123_STEAM_2,18594,52,59
16729,minimum_down,59,123_STEAM_2,18595,52,59
16734,minimum_up,60,123_STEAM_2,18600,53,60
16735,minimum_down,60,123_STEAM_2,18601,53,60
16740,minimum_up,61,123_STEAM_2,18606,54,61
16741,minimum_down,61,123_STEAM_2,18607,54,61
16746,minimum_up,62,123_STEAM_2,18612,55,62
16747,minimum_down,62,123_STEAM_2,18613,55,62
16752,minimum_up,63,123_STEAM_2,18618,56,63
16753,minimum_down,63,123_STEAM_2,18619,56,63
16758,minimum_up,64,123_STEAM_2,18624,57,64
16759,minimum_down,64,123_STEAM_2,18625,57,64
16764,minimum_up,65,123_STEAM_2,18630,58,65
16765,minimum_down,65,123_STEAM_2,18631,58,65
16770,minimum_up,66,123_STEAM_2,18636,59,66
16771,minimum_down,66,123_STEAM_2,18637,59,66
16776,minimum_up,67,123_STEAM_2,18642,60,67
16777,minimum_down,67,123_STEAM_2,18643,60,67
16782,minimum_up,68,123_STEAM_2,18648,61,68
16783,minimum_down,68,123_STEAM_2,18649,61,68
16788,minimum_up,69,123_STEAM_2,18654,62,69
16789,minimum_down,69,123_STEAM_2,18655,62,69
16794,minimum_up,70,123_STEAM_2,18660,63,70
16795,minimum_down,70,123_STEAM_2,18661,63,70
16800,minimum_up,71,123_STEAM_2,18666,64,71
16801,minimum_down,71,123_STEAM_2,18667,64,71
16806,minimum_up,72,123_STEAM_2,18672,65,72
16807,minimum_down,72,123_STEAM_2,18673,65,72
16812,minimum_up,73,123_STEAM_2,18678,66,73
16813,minimum_down,73,123_STEAM_2,18679,66,73
16818,minimum_up,74,123_STEAM_2,18684,67,74
16819,minimum_down,74,123_STEAM_2,18685,67,74
16824,minimum_up,75,123_STEAM_2,18690,68,75
16825,minimum_down,75,123_STEAM_2,18691,68,75
16830,minimum_up,76,123_STEAM_2,18696,69,76
16831,minimum_down,76,123_STEAM_2,18697,69,76
16836,minimum_up,77,123_STEAM_2,18702,70,77
16837,minimum_down,77,123_STEAM_2,18703,70,77
16842,minimum_up,78,123_STEAM_2,18708,71,78
16843,minimum_down,78,123_STEAM_2,18709,71,78
16848,minimum_up,79,123_STEAM_2,18714,72,79
16849,minimum_down,79,123_STEAM_2,18715,72,79
16854,minimum_up,80,123_STEAM_2,18720,73,80
16855,minimum_down,80,123_STEAM_2,18721,73,80
16860,minimum_up,81,123_STEAM_2,18726,74,81
16861,minimum_down,81,123_STEAM_2,18727,74,81
16866,minimum_up,82,123_STEAM_2,18732,75,82
16867,minimum_down,82,123_STEAM_2,18733,75,82
16872,minimum_up,83,123_STEAM_2,18738,76,83
16873,minimum_down,83,123_STEAM_2,18739,76,83
16878,minimum_up,84,123_STEAM_2,18744,77,84
16879,minimum_down,84,123_STEAM_2,18745,77,84
16884,minimum_up,85,123_STEAM_2,18750,78,85
16885,minimum_down,85,123_STEAM_2,18751,78,85
16890,minimum_up,86,123_STEAM_2,18756,79,86
16891,minimum_down,86,123_STEAM_2,18757,79,86
16896,minimum_up,87,123_STEAM_2,18762,80,87
16897,minimum_down,87,123_STEAM_2,18763,80,87
16902,minimum_up,88,123_STEAM_2,18768,81,88
16903,minimum_down,88,123_STEAM_2,18769,81,88
16908,minimum_up,89,123_STEAM_2,18774,82,89
16909,minimum_down,89,123_STEAM_2,18775,82,89
16914,minimum_up,90,123_STEAM_2,18780,83,90
16915,minimum_down,90,123_STEAM_2,18781,83,90
16920,minimum_up,91,123_STEAM_2,18786,84,91
16921,minimum_down,91,123_STEAM_2,18787,84,91
16926,minimum_up,92,123_STEAM_2,18792,85,92
16927,minimum_down,92,123_STEAM_2,18793,85,92
16932,minimum_up,93,123_STEAM_2,18798,86,93
16933,minimum_down,93,123_STEAM_2,18799,86,93
16938,minimum_up,94,123_STEAM_2,18804,87,94
16939,minimum_down,94,123_STEAM_2,18805,87,94
16944,minimum_up,95,123_STEAM_2,18810,88,95
16945,minimum_down,95,123_STEAM_2,18811,88,95
16950,minimum_up,96,123_STEAM_2,18816,89,96
16951,minimum_down,96,123_STEAM_2,18817,89,96
16956,minimum_up,97,123_STEAM_2,18822,90,97
16957,minimum_down,97,123_STEAM_2,18823,90,97
16962,minimum_up,98,123_STEAM_2,18828,91,98
16963,minimum_down,98,123_STEAM_2,18829,91,98
16968,minimum_up,99,123_STEAM_2,18834,92,99
16969,minimum_down,99,123_STEAM_2,18835,92,99
16974,minimum_up,100,123_STEAM_2,18840,93,100
16975,minimum_down,100,123_STEAM_2,18841,93,100
16980,minimum_up,101,123_STEAM_2,18846,94,101
16981,minimum_down,101,123_STEAM_2,18847,94,101
16986,minimum_up,102,123_STEAM_2,18852,95,102
16987,minimum_down,102,123_STEAM_2,18853,95,102
16992,minimum_up,103,123_STEAM_2,18858,96,103
16993,minimum_down,103,123_STEAM_2,18859,96,103
16998,minimum_up,104,123_STEAM_2,18864,97,104
16999,minimum_down,104,123_STEAM_2,18865,97,104
17004,minimum_up,105,123_STEAM_2,18870,98,105
17005,minimum_down,105,123_STEAM_2,18871,98,105
17010,minimum_up,106,123_STEAM_2,18876,99,106
17011,minimum_down,106,123_STEAM_2,18877,99,106
17016,minimum_up,107,123_STEAM_2,18882,100,107
17017,minimum_down,107,123_STEAM_2,18883,100,107
17022,minimum_up,108,123_STEAM_2,18888,101,108
17023,minimum_down,108,123_STEAM_2,18889,101,108
17028,minimum_up,109,123_STEAM_2,18894,102,109
17029,minimum_down,109,123_STEAM_2,18895,102,109
17034,minimum_up,110,123_STEAM_2,18900,103,110
17035,minimum_down,110,123_STEAM_2,18901,103,110
17040,minimum_up,111,123_STEAM_2,18906,104,111
17041,minimum_down,111,123_STEAM_2,18907,104,111
17046,minimum_up,112,123_STEAM_2,18912,105,112
17047,minimum_down,112,123_STEAM_2,18913,105,112
17052,minimum_up,113,123_STEAM_2,18918,106,113
17053,minimum_down,113,123_STEAM_2,18919,106,113
17058,minimum_up,114,123_STEAM_2,18924,107,114
17059,minimum_down,114,123_STEAM_2,18925,107,114
17064,minimum_up,115,123_STEAM_2,18930,108,115
17065,minimum_down,115,123_STEAM_2,18931,108,115
17070,minimum_up,116,123_STEAM_2,18936,109,116
17071,minimum_down,116,123_STEAM_2,18937,109,116
17076,minimum_up,117,123_STEAM_2,18942,110,117
17077,minimum_down,117,123_STEAM_2,18943,110,117
17082,minimum_up,118,123_STEAM_2,18948,111,118
17083,minimum_down,118,123_STEAM_2,18949,111,118
17088,minimum_up,119,123_STEAM_2,18954,112,119
17089,minimum_down,119,123_STEAM_2,18955,112,119
17094,minimum_up,120,123_STEAM_2,18960,113,120
17095,minimum_down,120,123_STEAM_2,18961,113,120
17100,minimum_up,121,123_STEAM_2,18966,114,121
17101,minimum_down,121,123_STEAM_2,18967,114,121
17106,minimum_up,122,123_STEAM_2,18972,115,122
17107,minimum_down,122,123_STEAM_2,18973,115,122
17112,minimum_up,123,123_STEAM_2,18978,116,123
17113,minimum_down,123,123_STEAM_2,18979,116,123
17118,minimum_up,124,123_STEAM_2,18984,117,124
17119,minimum_down,124,123_STEAM_2,18985,117,124
17124,minimum_up,125,123_STEAM_2,18990,118,125
17125,minimum_down,125,123_STEAM_2,18991,118,125
17130,minimum_up,126,123_STEAM_2,18996,119,126
17131,minimum_down,126,123_STEAM_2,18997,119,126
17136,minimum_up,127,123_STEAM_2,19002,120,127
17137,minimum_down,127,123_STEAM_2,19003,120,127
17142,minimum_up,128,123_STEAM_2,19008,121,128
17143,minimum_down,128,123_STEAM_2,19009,121,128
17148,minimum_up,129,123_STEAM_2,19014,122,129
17149,minimum_down,129,123_STEAM_2,19015,122,129
17154,minimum_up,130,123_STEAM_2,19020,123,130
17155,minimum_down,130,123_STEAM_2,19021,123,130
17160,minimum_up,131,123_STEAM_2,19026,124,131
17161,minimum_down,131,123_STEAM_2,19027,124,131
17166,minimum_up,132,123_STEAM_2,19032,125,132
17167,minimum_down,132,123_STEAM_2,19033,125,132
17172,minimum_up,133,123_STEAM_2,19038,126,133
17173,minimum_down,133,123_STEAM_2,19039,126,133
17178,minimum_up,134,123_STEAM_2,19044,127,134
17179,minimum_down,134,123_STEAM_2,19045,127,134
17184,minimum_up,135,123_STEAM_2,19050,128,135
17185,minimum_down,135,123_STEAM_2,19051,128,135
17190,minimum_up,136,123_STEAM_2,19056,129,136
17191,minimum_down,136,123_STEAM_2,19057,129,136
17196,minimum_up,137,123_STEAM_2,19062,130,137
17197,minimum_down,137,123_STEAM_2,19063,130,137
17202,minimum_up,138,123_STEAM_2,19068,131,138
17203,minimum_down,138,123_STEAM_2,19069,131,138
17208,minimum_up,139,123_STEAM_2,19074,132,139
17209,minimum_down,139,123_STEAM_2,19075,132,139
17214,minimum_up,140,123_STEAM_2,19080,133,140
17215,minimum_down,140,123_STEAM_2,19081,133,140
17220,minimum_up,141,123_STEAM_2,19086,134,141
17221,minimum_down,141,123_STEAM_2,19087,134,141
17226,minimum_up,142,123_STEAM_2,19092,135,142
17227,minimum_down,142,123_STEAM_2,19093,135,142
17232,minimum_up,143,123_STEAM_2,19098,136,143
17233,minimum_down,143,123_STEAM_2,19099,136,143
17520,minimum_up,47,123_STEAM_3,19526,24,47
17525,minimum_up,48,123_STEAM_3,19532,25,48
17530,minimum_up,49,123_STEAM_3,19538,26,49
17535,minimum_up,50,123_STEAM_3,19544,27,50
17540,minimum_up,51,123_STEAM_3,19550,28,51
17545,minimum_up,52,123_STEAM_3,19556,29,52
17550,minimum_up,53,123_STEAM_3,19562,30,53
17555,minimum_up,54,123_STEAM_3,19568,31,54
17560,minimum_up,55,123_STEAM_3,19574,32,55
17565,minimum_up,56,123_STEAM_3,19580,33,56
17570,minimum_up,57,123_STEAM_3,19586,34,57
17575,minimum_up,58,123_STEAM_3,19592,35,58
17580,minimum_up,59,123_STEAM_3,19598,36,59
17585,minimum_up,60,123_STEAM_3,19604,37,60
17590,minimum_up,61,123_STEAM_3,19610,38,61
17595,minimum_up,62,123_STEAM_3,19616,39,62
17600,minimum_up,63,123_STEAM_3,19622,40,63
17605,minimum_up,64,123_STEAM_3,19628,41,64
17610,minimum_up,65,123_STEAM_3,19634,42,65
17615,minimum_up,66,123_STEAM_3,19640,43,66
17620,minimum_up,67,123_STEAM_3,19646,44,67
17625,minimum_up,68,123_STEAM_3,19652,45,68
17630,minimum_up,69,123_STEAM_3,19658,46,69
17635,minimum_up,70,123_STEAM_3,19664,47,70
17640,minimum_up,71,123_STEAM_3,19670,48,71
17641,minimum_down,71,123_STEAM_3,19671,24,71
17646,minimum_up,72,123_STEAM_3,19676,49,72
17647,minimum_down,72,123_STEAM_3,19677,25,72
17652,minimum_up,73,123_STEAM_3,19682,50,73
17653,minimum_down,73,123_STEAM_3,19683,26,73
17658,minimum_up,74,123_STEAM_3,19688,51,74
17659,minimum_down,74,123_STEAM_3,19689,27,74
17664,minimum_up,75,123_STEAM_3,19694,52,75
17665,minimum_down,75,123_STEAM_3,19695,28,75
17670,minimum_up,76,123_STEAM_3,19700,53,76
17671,minimum_down,76,123_STEAM_3,19701,29,76
17676,minimum_up,77,123_STEAM_3,19706,54,77
17677,minimum_down,77,123_STEAM_3,19707,30,77
17682,minimum_up,78,123_STEAM_3,19712,55,78
17683,minimum_down,78,123_STEAM_3,19713,31,78
17688,minimum_up,79,123_STEAM_3,19718,56,79
17689,minimum_down,79,123_STEAM_3,19719,32,79
17694,minimum_up,80,123_STEAM_3,19724,57,80
17695,minimum_down,80,123_STEAM_3,19725,33,80
17700,minimum_up,81,123_STEAM_3,19730,58,81
17701,minimum_down,81,123_STEAM_3,19731,34,81
17706,minimum_up,82,123_STEAM_3,19736,59,82
17707,minimum_down,82,123_STEAM_3,19737,35,82
17712,minimum_up,83,123_STEAM_3,19742,60,83
17713,minimum_down,83,123_STEAM_3,19743,36,83
17718,minimum_up,84,123_STEAM_3,19748,61,84
17719,minimum_down,84,123_STEAM_3,19749,37,84
17724,minimum_up,85,123_STEAM_3,19754,62,85
17725,minimum_down,85,123_STEAM_3,19755,38,85
17730,minimum_up,86,123_STEAM_3,19760,63,86
17731,minimum_down,86,123_STEAM_3,19761,39,86
17736,minimum_up,87,123_STEAM_3,19766,64,87
17737,minimum_down,87,123_STEAM_3,19767,40,87
17742,minimum_up,88,123_STEAM_3,19772,65,88
17743,minimum_down,88,123_STEAM_3,19773,41,88
17748,minimum_up,89,123_STEAM_3,19778,66,89
17749,minimum_down,89,123_STEAM_3,19779,42,89
17754,minimum_up,90,123_STEAM_3,19784,67,90
17755,minimum_down,90,123_STEAM_3,19785,43,90
17760,minimum_up,91,123_STEAM_3,19790,68,91
17761,minimum_down,91,123_STEAM_3,19791,44,91
17766,minimum_up,92,123_STEAM_3,19796,69,92
17767,minimum_down,92,123_STEAM_3,19797,45,92
17772,minimum_up,93,123_STEAM_3,19802,70,93
17773,minimum_down,93,123_STEAM_3,19803,46,93
17778,minimum_up,94,123_STEAM_3,19808,71,94
17779,minimum_down,94,123_STEAM_3,19809,47,94
17784,minimum_up,95,123_STEAM_3,19814,72,95
17785,minimum_down,95,123_STEAM_3,19815,48,95
17790,minimum_up,96,123_STEAM_3,19820,73,96
17791,minimum_down,96,123_STEAM_3,19821,49,96
17796,minimum_up,97,123_STEAM_3,19826,74,97
17797,minimum_down,97,123_STEAM_3,19827,50,97
17802,minimum_up,98,123_STEAM_3,19832,75,98
17803,minimum_down,98,123_STEAM_3,19833,51,98
17808,minimum_up,99,123_STEAM_3,19838,76,99
17809,minimum_down,99,123_STEAM_3,19839,52,99
17814,minimum_up,100,123_STEAM_3,19844,77,100
17815,minimum_down,100,123_STEAM_3,19845,53,100
17820,minimum_up,101,123_STEAM_3,19850,78,101
17821,minimum_down,101,123_STEAM_3,19851,54,101
17826,minimum_up,102,123_STEAM_3,19856,79,102
17827,minimum_down,102,123_STEAM_3,19857,55,102
17832,minimum_up,103,123_STEAM_3,19862,80,103
17833,minimum_down,103,123_STEAM_3,19863,56,103
17838,minimum_up,104,123_STEAM_3,19868,81,104
17839,minimum_down,104,123_STEAM_3,19869,57,104
17844,minimum_up,105,123_STEAM_3,19874,82,105
17845,minimum_down,105,123_STEAM_3,19875,58,105
17850,minimum_up,106,123_STEAM_3,19880,83,106
17851,minimum_down,106,123_STEAM_3,19881,59,106
17856,minimum_up,107,123_STEAM_3,19886,84,107
17857,minimum_down,107,123_STEAM_3,19887,60,107
17862,minimum_up,108,123_STEAM_3,19892,85,108
17863,minimum_down,108,123_STEAM_3,19893,61,108
17868,minimum_up,109,123_STEAM_3,19898,86,109
17869,minimum_down,109,123_STEAM_3,19899,62,109
17874,minimum_up,110,123_STEAM_3,19904,87,110
17875,minimum_down,110,123_STEAM_3,19905,63,110
17880,minimum_up,111,123_STEAM_3,19910,88,111
17881,minimum_down,111,123_STEAM_3,19911,64,111
17886,minimum_up,112,123_STEAM_3,19916,89,112
17887,minimum_down,112,123_STEAM_3,19917,65,112
17892,minimum_up,113,123_STEAM_3,19922,90,113
17893,minimum_down,113,123_STEAM_3,19923,66,113
17898,minimum_up,114,123_STEAM_3,19928,91,114
17899,minimum_down,114,123_STEAM_3,19929,67,114
17904,minimum_up,115,123_STEAM_3,19934,92,115
17905,minimum_down,115,123_STEAM_3,19935,68,115
17910,minimum_up,116,123_STEAM_3,19940,93,116
17911,minimum_down,116,123_STEAM_3,19941,69,116
17916,minimum_up,117,123_STEAM_3,19946,94,117
17917,minimum_down,117,123_STEAM_3,19947,70,117
17922,minimum_up,118,123_STEAM_3,19952,95,118
17923,minimum_down,118,123_STEAM_3,19953,71,118
17928,minimum_up,119,123_STEAM_3,19958,96,119
17929,minimum_down,119,123_STEAM_3,19959,72,119
17934,minimum_up,120,123_STEAM_3,19964,97,120
17935,minimum_down,120,123_STEAM_3,19965,73,120
17940,minimum_up,121,123_STEAM_3,19970,98,121
17941,minimum_down,121,123_STEAM_3,19971,74,121
17946,minimum_up,122,123_STEAM_3,19976,99,122
17947,minimum_down,122,123_STEAM_3,19977,75,122
17952,minimum_up,123,123_STEAM_3,19982,100,123
17953,minimum_down,123,123_STEAM_3,19983,76,123
17958,minimum_up,124,123_STEAM_3,19988,101,124
17959,minimum_down,124,123_STEAM_3,19989,77,124
17964,minimum_up,125,123_STEAM_3,19994,102,125
17965,minimum_down,125,123_STEAM_3,19995,78,125
17970,minimum_up,126,123_STEAM_3,20000,103,126
17971,minimum_down,126,123_STEAM_3,20001,79,126
17976,minimum_up,127,123_STEAM_3,20006,104,127
17977,minimum_down,127,123_STEAM_3,20007,80,127
17982,minimum_up,128,123_STEAM_3,20012,105,128
17983,minimum_down,128,123_STEAM_3,20013,81,128
17988,minimum_up,129,123_STEAM_3,20018,106,129
17989,minimum_down,129,123_STEAM_3,20019,82,129
17994,minimum_up,130,123_STEAM_3,20024,107,130
17995,minimum_down,130,123_STEAM_3,20025,83,130
18000,minimum_up,131,123_STEAM_3,20030,108,131
18001,minimum_down,131,123_STEAM_3,20031,84,131
18006,minimum_up,132,123_STEAM_3,20036,109,132
18007,minimum_down,132,123_STEAM_3,20037,85,132
18012,minimum_up,133,123_STEAM_3,20042,110,133
18013,minimum_down,133,123_STEAM_3,20043,86,133
18018,minimum_up,134,123_STEAM_3,20048,111,134
18019,minimum_down,134,123_STEAM_3,20049,87,134
18024,minimum_up,135,123_STEAM_3,20054,112,135
18025,minimum_down,135,123_STEAM_3,20055,88,135
18030,minimum_up,136,123_STEAM_3,20060,113,136
18031,minimum_down,136,123_STEAM_3,20061,89,136
18036,minimum_up,137,123_STEAM_3,20066,114,137
18037,minimum_down,137,123_STEAM_3,20067,90,137
18042,minimum_up,138,123_STEAM_3,20072,115,138
18043,minimum_down,138,123_STEAM_3,20073,91,138
18048,minimum_up,139,123_STEAM_3,20078,116,139
18049,minimum_down,139,123_STEAM_3,20079,92,139
18054,minimum_up,140,123_STEAM_3,20084,117,140
18055,minimum_down,140,123_STEAM_3,20085,93,140
18060,minimum_up,141,123_STEAM_3,20090,118,141
18061,minimum_down,141,123_STEAM_3,20091,94,141
18066,minimum_up,142,123_STEAM_3,20096,119,142
18067,minimum_down,142,123_STEAM_3,20097,95,142
18072,minimum_up,143,123_STEAM_3,20102,120,143
18073,minimum_down,143,123_STEAM_3,20103,96,143
18276,minimum_up,26,123_CT_1,20404,24,26
18277,minimum_down,26,123_CT_1,20405,24,26
18282,minimum_up,27,123_CT_1,20410,25,27
18283,minimum_down,27,123_CT_1,20411,25,27
18288,minimum_up,28,123_CT_1,20416,26,28
18289,minimum_down,28,123_CT_1,20417,26,28
18294,minimum_up,29,123_CT_1,20422,27,29
18295,minimum_down,29,123_CT_1,20423,27,29
18300,minimum_up,30,123_CT_1,20428,28,30
18301,minimum_down,30,123_CT_1,20429,28,30
18306,minimum_up,31,123_CT_1,20434,29,31
18307,minimum_down,31,123_CT_1,20435,29,31
18312,minimum_up,32,123_CT_1,20440,30,32
18313,minimum_down,32,123_CT_1,20441,30,32
18318,minimum_up,33,123_CT_1,20446,31,33
18319,minimum_down,33,123_CT_1,20447,31,33
18324,minimum_up,34,123_CT_1,20452,32,34
18325,minimum_down,34,123_CT_1,20453,32,34
18330,minimum_up,35,123_CT_1,20458,33,35
18331,minimum_down,35,123_CT_1,20459,33,35
18336,minimum_up,36,123_CT_1,20464,34,36
18337,minimum_down,36,123_CT_1,20465,34,36
18342,minimum_up,37,123_CT_1,20470,35,37
18343,minimum_down,37,123_CT_1,20471,35,37
18348,minimum_up,38,123_CT_1,20476,36,38
18349,minimum_down,38,123_CT_1,20477,36,38
18354,minimum_up,39,123_CT_1,20482,37,39
18355,minimum_down,39,123_CT_1,20483,37,39
18360,minimum_up,40,123_CT_1,20488,38,40
18361,minimum_down,40,123_CT_1,20489,38,40
18366,minimum_up,41,123_CT_1,20494,39,41
18367,minimum_down,41,123_CT_1,20495,39,41
18372,minimum_up,42,123_CT_1,20500,40,42
18373,minimum_down,42,123_CT_1,20501,40,42
18378,minimum_up,43,123_CT_1,20506,41,43
18379,minimum_down,43,123_CT_1,20507,41,43
18384,minimum_up,44,123_CT_1,20512,42,44
18385,minimum_down,44,123_CT_1,20513,42,44
18390,minimum_up,45,123_CT_1,20518,43,45
18391,minimum_down,45,123_CT_1,20519,43,45
18396,minimum_up,46,123_CT_1,20524,44,46
18397,minimum_down,46,123_CT_1,20525,44,46
18402,minimum_up,47,123_CT_1,20530,45,47
18403,minimum_down,47,123_CT_1,20531,45,47
18408,minimum_up,48,123_CT_1,20536,46,48
18409,minimum_down,48,123_CT_1,20537,46,48
18414,minimum_up,49,123_CT_1,20542,47,49
18415,minimum_down,49,123_CT_1,20543,47,49
18420,minimum_up,50,123_CT_1,20548,48,50
18421,minimum_down,50,123_CT_1,20549,48,50
18426,minimum_up,51,123_CT_1,20554,49,51
18427,minimum_down,51,123_CT_1,20555,49,51
18432,minimum_up,52,123_CT_1,20560,50,52
18433,minimum_down,52,123_CT_1,20561,50,52
18438,minimum_up,53,123_CT_1,20566,51,53
18439,minimum_down,53,123_CT_1,20567,51,53
18444,minimum_up,54,123_CT_1,20572,52,54
18445,minimum_down,54,123_CT_1,20573,52,54
18450,minimum_up,55,123_CT_1,20578,53,55
18451,minimum_down,55,123_CT_1,20579,53,55
18456,minimum_up,56,123_CT_1,20584,54,56
18457,minimum_down,56,123_CT_1,20585,54,56
18462,minimum_up,57,123_CT_1,20590,55,57
18463,minimum_down,57,123_CT_1,20591,55,57
18468,minimum_up,58,123_CT_1,20596,56,58
18469,minimum_down,58,123_CT_1,20597,56,58
18474,minimum_up,59,123_CT_1,20602,57,59
18475,minimum_down,59,123_CT_1,20603,57,59
18480,minimum_up,60,123_CT_1,20608,58,60
18481,minimum_down,60,123_CT_1,20609,58,60
18486,minimum_up,61,123_CT_1,20614,59,61
18487,minimum_down,61,123_CT_1,20615,59,61
18492,minimum_up,62,123_CT_1,20620,60,62
18493,minimum_down,62,123_CT_1,20621,60,62
18498,minimum_up,63,123_CT_1,20626,61,63
18499,minimum_down,63,123_CT_1,20627,61,63
18504,minimum_up,64,123_CT_1,20632,62,64
18505,minimum_down,64,123_CT_1,20633,62,64
18510,minimum_up,65,123_CT_1,20638,63,65
18511,minimum_down,65,123_CT_1,20639,63,65
18516,minimum_up,66,123_CT_1,20644,64,66
18517,minimum_down,66,123_CT_1,20645,64,66
18522,minimum_up,67,123_CT_1,20650,65,67
18523,minimum_down,67,123_CT_1,20651,65,67
18528,minimum_up,68,123_CT_1,20656,66,68
18529,minimum_down,68,123_CT_1,20657,66,68
18534,minimum_up,69,123_CT_1,20662,67,69
18535,minimum_down,69,123_CT_1,20663,67,69
18540,minimum_up,70,123_CT_1,20668,68,70
18541,minimum_down,70,123_CT_1,20669,68,70
18546,minimum_up,71,123_CT_1,20674,69,71
18547,minimum_down,71,123_CT_1,20675,69,71
18552,minimum_up,72,123_CT_1,20680,70,72
18553,minimum_down,72,123_CT_1,20681,70,72
18558,minimum_up,73,123_CT_1,20686,71,73
18559,minimum_down,73,123_CT_1,20687,71,73
18564,minimum_up,74,123_CT_1,20692,72,74
18565,minimum_down,74,123_CT_1,20693,72,74
18570,minimum_up,75,123_CT_1,20698,73,75
18571,minimum_down,75,123_CT_1,20699,73,75
18576,minimum_up,76,123_CT_1,20704,74,76
18577,minimum_down,76,123_CT_1,20705,74,76
18582,minimum_up,77,123_CT_1,20710,75,77
18583,minimum_down,77,123_CT_1,20711,75,77
18588,minimum_up,78,123_CT_1,20716,76,78
18589,minimum_down,78,123_CT_1,20717,76,78
18594,minimum_up,79,123_CT_1,20722,77,79
18595,minimum_down,79,123_CT_1,20723,77,79
18600,minimum_up,80,123_CT_1,20728,78,80
18601,minimum_down,80,123_CT_1,20729,78,80
18606,minimum_up,81,123_CT_1,20734,79,81
18607,minimum_down,81,123_CT_1,20735,79,81
18612,minimum_up,82,123_CT_1,20740,80,82
18613,minimum_down,82,123_CT_1,20741,80,82
18618,minimum_up,83,123_CT_1,20746,81,83
18619,minimum_down,83,123_CT_1,20747,81,83
18624,minimum_up,84,123_CT_1,20752,82,84
18625,minimum_down,84,123_CT_1,20753,82,84
18630,minimum_up,85,123_CT_1,20758,83,85
18631,minimum_down,85,123_CT_1,20759,83,85
18636,minimum_up,86,123_CT_1,20764,84,86
18637,minimum_down,86,123_CT_1,20765,84,86
18642,minimum_up,87,123_CT_1,20770,85,87
18643,minimum_down,87,123_CT_1,20771,85,87
18648,minimum_up,88,123_CT_1,20776,86,88
18649,minimum_down,88,123_CT_1,20777,86,88
18654,minimum_up,89,123_CT_1,20782,87,89
18655,minimum_down,89,123_CT_1,20783,87,89
18660,minimum_up,90,123_CT_1,20788,88,90
18661,minimum_down,90,123_CT_1,20789,88,90
18666,minimum_up,91,123_CT_1,20794,89,91
18667,minimum_down,91,123_CT_1,20795,89,91
18672,minimum_up,92,123_CT_1,20800,90,92
18673,minimum_down,92,123_CT_1,20801,90,92
18678,minimum_up,93,123_CT_1,20806,91,93
18679,minimum_down,93,123_CT_1,20807,91,93
18684,minimum_up,94,123_CT_1,20812,92,94
18685,minimum_down,94,123_CT_1,20813,92,94
18690,minimum_up,95,123_CT_1,20818,93,95
18691,minimum_down,95,123_CT_1,20819,93,95
18696,minimum_up,96,123_CT_1,20824,94,96
18697,minimum_down,96,123_CT_1,20825,94,96
18702,minimum_up,97,123_CT_1,20830,95,97
18703,minimum_down,97,123_CT_1,20831,95,97
18708,minimum_up,98,123_CT_1,20836,96,98
18709,minimum_down,98,123_CT_1,20837,96,98
18714,minimum_up,99,123_CT_1,20842,97,99
18715,minimum_down,99,123_CT_1,20843,97,99
18720,minimum_up,100,123_CT_1,20848,98,100
18721,minimum_down,100,123_CT_1,20849,98,100
18726,minimum_up,101,123_CT_1,20854,99,101
18727,minimum_down,101,123_CT_1,20855,99,101
18732,minimum_up,102,123_CT_1,20860,100,102
18733,minimum_down,102,123_CT_1,20861,100,102
18738,minimum_up,103,123_CT_1,20866,101,103
18739,minimum_down,103,123_CT_1,20867,101,103
18744,minimum_up,104,123_CT_1,20872,102,104
18745,minimum_down,104,123_CT_1,20873,102,104
18750,minimum_up,105,123_CT_1,20878,103,105
18751,minimum_down,105,123_CT_1,20879,103,105
18756,minimum_up,106,123_CT_1,20884,104,106
18757,minimum_down,106,123_CT_1,20885,104,106
18762,minimum_up,107,123_CT_1,20890,105,107
18763,minimum_down,107,123_CT_1,20891,105,107
18768,minimum_up,108,123_CT_1,20896,106,108
18769,minimum_down,108,123_CT_1,20897,106,108
18774,minimum_up,109,123_CT_1,20902,107,109
18775,minimum_down,109,123_CT_1,20903,107,109
18780,minimum_up,110,123_CT_1,20908,108,110
18781,minimum_down,110,123_CT_1,20909,108,110
18786,minimum_up,111,123_CT_1,20914,109,111
18787,minimum_down,111,123_CT_1,20915,109,111
18792,minimum_up,112,123_CT_1,20920,110,112
18793,minimum_down,112,123_CT_1,20921,110,112
18798,minimum_up,113,123_CT_1,20926,111,113
18799,minimum_down,113,123_CT_1,20927,111,113
18804,minimum_up,114,123_CT_1,20932,112,114
18805,minimum_down,114,123_CT_1,20933,112,114
18810,minimum_up,115,123_CT_1,20938,113,115
18811,minimum_down,115,123_CT_1,20939,113,115
18816,minimum_up,116,123_CT_1,20944,114,116
18817,minimum_down,116,123_CT_1,20945,114,116
18822,minimum_up,117,123_CT_1,20950,115,117
18823,minimum_down,117,123_CT_1,20951,115,117
18828,minimum_up,118,123_CT_1,20956,116,118
18829,minimum_down,118,123_CT_1,20957,116,118
18834,minimum_up,119,123_CT_1,20962,117,119
18835,minimum_down,119,123_CT_1,20963,117,119
18840,minimum_up,120,123_CT_1,20968,118,120
18841,minimum_down,120,123_CT_1,20969,118,120
18846,minimum_up,121,123_CT_1,20974,119,121
18847,minimum_down,121,123_CT_1,20975,119,121
18852,minimum_up,122,123_CT_1,20980,120,122
18853,minimum_down,122,123_CT_1,20981,120,122
18858,minimum_up,123,123_CT_1,20986,121,123
18859,minimum_down,123,123_CT_1,20987,121,123
18864,minimum_up,124,123_CT_1,20992,122,124
18865,minimum_down,124,123_CT_1,20993,122,124
18870,minimum_up,125,123_CT_1,20998,123,125
18871,minimum_down,125,123_CT_1,20999,123,125
18876,minimum_up,126,123_CT_1,21004,124,126
18877,minimum_down,126,123_CT_1,21005,124,126
18882,minimum_up,127,123_CT_1,21010,125,127
18883,minimum_down,127,123_CT_1,21011,125,127
18888,minimum_up,128,123_CT_1,21016,126,128
18889,minimum_down,128,123_CT_1,21017,126,128
18894,minimum_up,129,123_CT_1,21022,127,129
18895,minimum_down,129,123_CT_1,21023,127,129
18900,minimum_up,130,123_CT_1,21028,128,130
18901,minimum_down,130,123_CT_1,21029,128,130
18906,minimum_up,131,123_CT_1,21034,129,131
18907,minimum_down,131,123_CT_1,21035,129,131
18912,minimum_up,132,123_CT_1,21040,130,132
18913,minimum_down,132,123_CT_1,21041,130,132
18918,minimum_up,133,123_CT_1,21046,131,133
18919,minimum_down,133,123_CT_1,21047,131,133
18924,minimum_up,134,123_CT_1,21052,132,134
18925,minimum_down,134,123_CT_1,21053,132,134
18930,minimum_up,135,123_CT_1,21058,133,135
18931,minimum_down,135,123_CT_1,21059,133,135
18936,minimum_up,136,123_CT_1,21064,134,136
18937,minimum_down,136,123_CT_1,21065,134,136
18942,minimum_up,137,123_CT_1,21070,135,137
18943,minimum_down,137,123_CT_1,21071,135,137
18948,minimum_up,138,123_CT_1,21076,136,138
18949,minimum_down,138,123_CT_1,21077,136,138
18954,minimum_up,139,123_CT_1,21082,137,139
18955,minimum_down,139,123_CT_1,21083,137,139
18960,minimum_up,140,123_CT_1,21088,138,140
18961,minimum_down,140,123_CT_1,21089,138,140
18966,minimum_up,141,123_CT_1,21094,139,141
18967,minimum_down,141,123_CT_1,21095,139,141
18972,minimum_up,142,123_CT_1,21100,140,142
18973,minimum_down,142,123_CT_1,21101,140,142
18978,minimum_up,143,123_CT_1,21106,141,143
18979,minimum_down,143,123_CT_1,21107,141,143
19182,minimum_up,26,123_CT_4,21408,24,26
19183,minimum_down,26,123_CT_4,21409,24,26
19188,minimum_up,27,123_CT_4,21414,25,27
19189,minimum_down,27,123_CT_4,21415,25,27
19194,minimum_up,28,123_CT_4,21420,26,28
19195,minimum_down,28,123_CT_4,21421,26,28
19200,minimum_up,29,123_CT_4,21426,27,29
19201,minimum_down,29,123_CT_4,21427,27,29
19206,minimum_up,30,123_CT_4,21432,28,30
19207,minimum_down,30,123_CT_4,21433,28,30
19212,minimum_up,31,123_CT_4,21438,29,31
19213,minimum_down,31,123_CT_4,21439,29,31
19218,minimum_up,32,123_CT_4,21444,30,32
19219,minimum_down,32,123_CT_4,21445,30,32
19224,minimum_up,33,123_CT_4,21450,31,33
19225,minimum_down,33,123_CT_4,21451,31,33
19230,minimum_up,34,123_CT_4,21456,32,34
19231,minimum_down,34,123_CT_4,21457,32,34
19236,minimum_up,35,123_CT_4,21462,33,35
19237,minimum_down,35,123_CT_4,21463,33,35
19242,minimum_up,36,123_CT_4,21468,34,36
19243,minimum_down,36,123_CT_4,21469,34,36
19248,minimum_up,37,123_CT_4,21474,35,37
19249,minimum_down,37,123_CT_4,21475,35,37
19254,minimum_up,38,123_CT_4,21480,36,38
19255,minimum_down,38,123_CT_4,21481,36,38
19260,minimum_up,39,123_CT_4,21486,37,39
19261,minimum_down,39,123_CT_4,21487,37,39
19266,minimum_up,40,123_CT_4,21492,38,40
19267,minimum_down,40,123_CT_4,21493,38,40
19272,minimum_up,41,123_CT_4,21498,39,41
19273,minimum_down,41,123_CT_4,21499,39,41
19278,minimum_up,42,123_CT_4,21504,40,42
19279,minimum_down,42,123_CT_4,21505,40,42
19284,minimum_up,43,123_CT_4,21510,41,43
19285,minimum_down,43,123_CT_4,21511,41,43
19290,minimum_up,44,123_CT_4,21516,42,44
19291,minimum_down,44,123_CT_4,21517,42,44
19296,minimum_up,45,123_CT_4,21522,43,45
19297,minimum_down,45,123_CT_4,21523,43,45
19302,minimum_up,46,123_CT_4,21528,44,46
19303,minimum_down,46,123_CT_4,21529,44,46
19308,minimum_up,47,123_CT_4,21534,45,47
19309,minimum_down,47,123_CT_4,21535,45,47
19314,minimum_up,48,123_CT_4,21540,46,48
19315,minimum_down,48,123_CT_4,21541,46,48
19320,minimum_up,49,123_CT_4,21546,47,49
19321,minimum_down,49,123_CT_4,21547,47,49
19326,minimum_up,50,123_CT_4,21552,48,50
19327,minimum_down,50,123_CT_4,21553,48,50
19332,minimum_up,51,123_CT_4,21558,49,51
19333,minimum_down,51,123_CT_4,21559,49,51
19338,minimum_up,52,123_CT_4,21564,50,52
19339,minimum_down,52,123_CT_4,21565,50,52
19344,minimum_up,53,123_CT_4,21570,51,53
19345,minimum_down,53,123_CT_4,21571,51,53
19350,minimum_up,54,123_CT_4,21576,52,54
19351,minimum_down,54,123_CT_4,21577,52,54
19356,minimum_up,55,123_CT_4,21582,53,55
19357,minimum_down,55,123_CT_4,21583,53,55
19362,minimum_up,56,123_CT_4,21588,54,56
19363,minimum_down,56,123_CT_4,21589,54,56
19368,minimum_up,57,123_CT_4,21594,55,57
19369,minimum_down,57,123_CT_4,21595,55,57
19374,minimum_up,58,123_CT_4,21600,56,58
19375,minimum_down,58,123_CT_4,21601,56,58
19380,minimum_up,59,123_CT_4,21606,57,59
19381,minimum_down,59,123_CT_4,21607,57,59
19386,minimum_up,60,123_CT_4,21612,58,60
19387,minimum_down,60,123_CT_4,21613,58,60
19392,minimum_up,61,123_CT_4,21618,59,61
19393,minimum_down,61,123_CT_4,21619,59,61
19398,minimum_up,62,123_CT_4,21624,60,62
19399,minimum_down,62,123_CT_4,21625,60,62
19404,minimum_up,63,123_CT_4,21630,61,63
19405,minimum_down,63,123_CT_4,21631,61,63
19410,minimum_up,64,123_CT_4,21636,62,64
19411,minimum_down,64,123_CT_4,21637,62,64
19416,minimum_up,65,123_CT_4,21642,63,65
19417,minimum_down,65,123_CT_4,21643,63,65
19422,minimum_up,66,123_CT_4,21648,64,66
19423,minimum_down,66,123_CT_4,21649,64,66
19428,minimum_up,67,123_CT_4,21654,65,67
19429,minimum_down,67,123_CT_4,21655,65,67
19434,minimum_up,68,123_CT_4,21660,66,68
19435,minimum_down,68,123_CT_4,21661,66,68
19440,minimum_up,69,123_CT_4,21666,67,69
19441,minimum_down,69,123_CT_4,21667,67,69
19446,minimum_up,70,123_CT_4,21672,68,70
19447,minimum_down,70,123_CT_4,21673,68,70
19452,minimum_up,71,123_CT_4,21678,69,71
19453,minimum_down,71,123_CT_4,21679,69,71
19458,minimum_up,72,123_CT_4,21684,70,72
19459,minimum_down,72,123_CT_4,21685,70,72
19464,minimum_up,73,123_CT_4,21690,71,73
19465,minimum_down,73,123_CT_4,21691,71,73
19470,minimum_up,74,123_CT_4,21696,72,74
19471,minimum_down,74,123_CT_4,21697,72,74
19476,minimum_up,75,123_CT_4,21702,73,75
19477,minimum_down,75,123_CT_4,21703,73,75
19482,minimum_up,76,123_CT_4,21708,74,76
19483,minimum_down,76,123_CT_4,21709,74,76
19488,minimum_up,77,123_CT_4,21714,75,77
19489,minimum_down,77,123_CT_4,21715,75,77
19494,minimum_up,78,123_CT_4,21720,76,78
19495,minimum_down,78,123_CT_4,21721,76,78
19500,minimum_up,79,123_CT_4,21726,77,79
19501,minimum_down,79,123_CT_4,21727,77,79
19506,minimum_up,80,123_CT_4,21732,78,80
19507,minimum_down,80,123_CT_4,21733,78,80
19512,minimum_up,81,123_CT_4,21738,79,81
19513,minimum_down,81,123_CT_4,21739,79,81
19518,minimum_up,82,123_CT_4,21744,80,82
19519,minimum_down,82,123_CT_4,21745,80,82
19524,minimum_up,83,123_CT_4,21750,81,83
19525,minimum_down,83,123_CT_4,21751,81,83
19530,minimum_up,84,123_CT_4,21756,82,84
19531,minimum_down,84,123_CT_4,21757,82,84
19536,minimum_up,85,123_CT_4,21762,83,85
19537,minimum_down,85,123_CT_4,21763,83,85
19542,minimum_up,86,123_CT_4,21768,84,86
19543,minimum_down,86,123_CT_4,21769,84,86
19548,minimum_up,87,123_CT_4,21774,85,87
19549,minimum_down,87,123_CT_4,21775,85,87
19554,minimum_up,88,123_CT_4,21780,86,88
19555,minimum_down,88,123_CT_4,21781,86,88
19560,minimum_up,89,123_CT_4,21786,87,89
19561,minimum_down,89,123_CT_4,21787,87,89
19566,minimum_up,90,123_CT_4,21792,88,90
19567,minimum_down,90,123_CT_4,21793,88,90
19572,minimum_up,91,123_CT_4,21798,89,91
19573,minimum_down,91,123_CT_4,21799,89,91
19578,minimum_up,92,123_CT_4,21804,90,92
19579,minimum_down,92,123_CT_4,21805,90,92
19584,minimum_up,93,123_CT_4,21810,91,93
19585,minimum_down,93,123_CT_4,21811,91,93
19590,minimum_up,94,123_CT_4,21816,92,94
19591,minimum_down,94,123_CT_4,21817,92,94
19596,minimum_up,95,123_CT_4,21822,93,95
19597,minimum_down,95,123_CT_4,21823,93,95
19602,minimum_up,96,123_CT_4,21828,94,96
19603,minimum_down,96,123_CT_4,21829,94,96
19608,minimum_up,97,123_CT_4,21834,95,97
19609,minimum_down,97,123_CT_4,21835,95,97
19614,minimum_up,98,123_CT_4,21840,96,98
19615,minimum_down,98,123_CT_4,21841,96,98
19620,minimum_up,99,123_CT_4,21846,97,99
19621,minimum_down,99,123_CT_4,21847,97,99
19626,minimum_up,100,123_CT_4,21852,98,100
19627,minimum_down,100,123_CT_4,21853,98,100
19632,minimum_up,101,123_CT_4,21858,99,101
19633,minimum_down,101,123_CT_4,21859,99,101
19638,minimum_up,102,123_CT_4,21864,100,102
19639,minimum_down,102,123_CT_4,21865,100,102
19644,minimum_up,103,123_CT_4,21870,101,103
19645,minimum_down,103,123_CT_4,21871,101,103
19650,minimum_up,104,123_CT_4,21876,102,104
19651,minimum_down,104,123_CT_4,21877,102,104
19656,minimum_up,105,123_CT_4,21882,103,105
19657,minimum_down,105,123_CT_4,21883,103,105
19662,minimum_up,106,123_CT_4,21888,104,106
19663,minimum_down,106,123_CT_4,21889,104,106
19668,minimum_up,107,123_CT_4,21894,105,107
19669,minimum_down,107,123_CT_4,21895,105,107
19674,minimum_up,108,123_CT_4,21900,106,108
19675,minimum_down,108,123_CT_4,21901,106,108
19680,minimum_up,109,123_CT_4,21906,107,109
19681,minimum_down,109,123_CT_4,21907,107,109
19686,minimum_up,110,123_CT_4,21912,108,110
19687,minimum_down,110,123_CT_4,21913,108,110
19692,minimum_up,111,123_CT_4,21918,109,111
19693,minimum_down,111,123_CT_4,21919,109,111
19698,minimum_up,112,123_CT_4,21924,110,112
19699,minimum_down,112,123_CT_4,21925,110,112
19704,minimum_up,113,123_CT_4,21930,111,113
19705,minimum_down,113,123_CT_4,21931,111,113
19710,minimum_up,114,123_CT_4,21936,112,114
19711,minimum_down,114,123_CT_4,21937,112,114
19716,minimum_up,115,123_CT_4,21942,113,115
19717,minimum_down,115,123_CT_4,21943,113,115
19722,minimum_up,116,123_CT_4,21948,114,116
19723,minimum_down,116,123_CT_4,21949,114,116
19728,minimum_up,117,123_CT_4,21954,115,117
19729,minimum_down,117,123_CT_4,21955,115,117
19734,minimum_up,118,123_CT_4,21960,116,118
19735,minimum_down,118,123_CT_4,21961,116,118
19740,minimum_up,119,123_CT_4,21966,117,119
19741,minimum_down,119,123_CT_4,21967,117,119
19746,minimum_up,120,123_CT_4,21972,118,120
19747,minimum_down,120,123_CT_4,21973,118,120
19752,minimum_up,121,123_CT_4,21978,119,121
19753,minimum_down,121,123_CT_4,21979,119,121
19758,minimum_up,122,123_CT_4,21984,120,122
19759,minimum_down,122,123_CT_4,21985,120,122
19764,minimum_up,123,123_CT_4,21990,121,123
19765,minimum_down,123,123_CT_4,21991,121,123
19770,minimum_up,124,123_CT_4,21996,122,124
19771,minimum_down,124,123_CT_4,21997,122,124
19776,minimum_up,125,123_CT_4,22002,123,125
19777,minimum_down,125,123_CT_4,22003,123,125
19782,minimum_up,126,123_CT_4,22008,124,126
19783,minimum_down,126,123_CT_4,22009,124,126
19788,minimum_up,127,123_CT_4,22014,125,127
19789,minimum_down,127,123_CT_4,22015,125,127
19794,minimum_up,128,123_CT_4,22020,126,128
19795,minimum_down,128,123_CT_4,22021,126,128
19800,minimum_up,129,123_CT_4,22026,127,129
19801,minimum_down,129,123_CT_4,22027,127,129
19806,minimum_up,130,123_CT_4,22032,128,130
19807,minimum_down,130,123_CT_4,22033,128,130
19812,minimum_up,131,123_CT_4,22038,129,131
19813,minimum_down,131,123_CT_4,22039,129,131
19818,minimum_up,132,123_CT_4,22044,130,132
19819,minimum_down,132,123_CT_4,22045,130,132
19824,minimum_up,133,123_CT_4,22050,131,133
19825,minimum_down,133,123_CT_4,22051,131,133
19830,minimum_up,134,123_CT_4,22056,132,134
19831,minimum_down,134,123_CT_4,22057,132,134
19836,minimum_up,135,123_CT_4,22062,133,135
19837,minimum_down,135,123_CT_4,22063,133,135
19842,minimum_up,136,123_CT_4,22068,134,136
19843,minimum_down,136,123_CT_4,22069,134,136
19848,minimum_up,137,123_CT_4,22074,135,137
19849,minimum_down,137,123_CT_4,22075,135,137
19854,minimum_up,138,123_CT_4,22080,136,138
19855,minimum_down,138,123_CT_4,22081,136,138
19860,minimum_up,139,123_CT_4,22086,137,139
19861,minimum_down,139,123_CT_4,22087,137,139
19866,minimum_up,140,123_CT_4,22092,138,140
19867,minimum_down,140,123_CT_4,22093,138,140
19872,minimum_up,141,123_CT_4,22098,139,141
19873,minimum_down,141,123_CT_4,22099,139,141
19878,minimum_up,142,123_CT_4,22104,140,142
19879,minimum_down,142,123_CT_4,22105,140,142
19884,minimum_up,143,123_CT_4,22110,141,143
19885,minimum_down,143,123_CT_4,22111,141,143
20088,minimum_up,26,123_CT_5,22412,24,26
20089,minimum_down,26,123_CT_5,22413,24,26
20094,minimum_up,27,123_CT_5,22418,25,27
20095,minimum_down,27,123_CT_5,22419,25,27
20100,minimum_up,28,123_CT_5,22424,26,28
20101,minimum_down,28,123_CT_5,22425,26,28
20106,minimum_up,29,123_CT_5,22430,27,29
20107,minimum_down,29,123_CT_5,22431,27,29
20112,minimum_up,30,123_CT_5,22436,28,30
20113,minimum_down,30,123_CT_5,22437,28,30
20118,minimum_up,31,123_CT_5,22442,29,31
20119,minimum_down,31,123_CT_5,22443,29,31
20124,minimum_up,32,123_CT_5,22448,30,32
20125,minimum_down,32,123_CT_5,22449,30,32
20130,minimum_up,33,123_CT_5,22454,31,33
20131,minimum_down,33,123_CT_5,22455,31,33
20136,minimum_up,34,123_CT_5,22460,32,34
20137,minimum_down,34,123_CT_5,22461,32,34
20142,minimum_up,35,123_CT_5,22466,33,35
20143,minimum_down,35,123_CT_5,22467,33,35
20148,minimum_up,36,123_CT_5,22472,34,36
20149,minimum_down,36,123_CT_5,22473,34,36
20154,minimum_up,37,123_CT_5,22478,35,37
20155,minimum_down,37,123_CT_5,22479,35,37
20160,minimum_up,38,123_CT_5,22484,36,38
20161,minimum_down,38,123_CT_5,22485,36,38
20166,minimum_up,39,123_CT_5,22490,37,39
20167,minimum_down,39,123_CT_5,22491,37,39
20172,minimum_up,40,123_CT_5,22496,38,40
20173,minimum_down,40,123_CT_5,22497,38,40
20178,minimum_up,41,123_CT_5,22502,39,41
20179,minimum_down,41,123_CT_5,22503,39,41
20184,minimum_up,42,123_CT_5,22508,40,42
20185,minimum_down,42,123_CT_5,22509,40,42
20190,minimum_up,43,123_CT_5,22514,41,43
20191,minimum_down,43,123_CT_5,22515,41,43
20196,minimum_up,44,123_CT_5,22520,42,44
20197,minimum_down,44,123_CT_5,22521,42,44
20202,minimum_up,45,123_CT_5,22526,43,45
20203,minimum_down,45,123_CT_5,22527,43,45
20208,minimum_up,46,123_CT_5,22532,44,46
20209,minimum_down,46,123_CT_5,22533,44,46
20214,minimum_up,47,123_CT_5,22538,45,47
20215,minimum_down,47,123_CT_5,22539,45,47
20220,minimum_up,48,123_CT_5,22544,46,48
20221,minimum_down,48,123_CT_5,22545,46,48
20226,minimum_up,49,123_CT_5,22550,47,49
20227,minimum_down,49,123_CT_5,22551,47,49
20232,minimum_up,50,123_CT_5,22556,48,50
20233,minimum_down,50,123_CT_5,22557,48,50
20238,minimum_up,51,123_CT_5,22562,49,51
20239,minimum_down,51,123_CT_5,22563,49,51
20244,minimum_up,52,123_CT_5,22568,50,52
20245,minimum_down,52,123_CT_5,22569,50,52
20250,minimum_up,53,123_CT_5,22574,51,53
20251,minimum_down,53,123_CT_5,22575,51,53
20256,minimum_up,54,123_CT_5,22580,52,54
20257,minimum_down,54,123_CT_5,22581,52,54
20262,minimum_up,55,123_CT_5,22586,53,55
20263,minimum_down,55,123_CT_5,22587,53,55
20268,minimum_up,56,123_CT_5,22592,54,56
20269,minimum_down,56,123_CT_5,22593,54,56
20274,minimum_up,57,123_CT_5,22598,55,57
20275,minimum_down,57,123_CT_5,22599,55,57
20280,minimum_up,58,123_CT_5,22604,56,58
20281,minimum_down,58,123_CT_5,22605,56,58
20286,minimum_up,59,123_CT_5,22610,57,59
20287,minimum_down,59,123_CT_5,22611,57,59
20292,minimum_up,60,123_CT_5,22616,58,60
20293,minimum_down,60,123_CT_5,22617,58,60
20298,minimum_up,61,123_CT_5,22622,59,61
20299,minimum_down,61,123_CT_5,22623,59,61
20304,minimum_up,62,123_CT_5,22628,60,62
20305,minimum_down,62,123_CT_5,22629,60,62
20310,minimum_up,63,123_CT_5,22634,61,63
20311,minimum_down,63,123_CT_5,22635,61,63
20316,minimum_up,64,123_CT_5,22640,62,64
20317,minimum_down,64,123_CT_5,22641,62,64
20322,minimum_up,65,123_CT_5,22646,63,65
20323,minimum_down,65,123_CT_5,22647,63,65
20328,minimum_up,66,123_CT_5,22652,64,66
20329,minimum_down,66,123_CT_5,22653,64,66
20334,minimum_up,67,123_CT_5,22658,65,67
20335,minimum_down,67,123_CT_5,22659,65,67
20340,minimum_up,68,123_CT_5,22664,66,68
20341,minimum_down,68,123_CT_5,22665,66,68
20346,minimum_up,69,123_CT_5,22670,67,69
20347,minimum_down,69,123_CT_5,22671,67,69
20352,minimum_up,70,123_CT_5,22676,68,70
20353,minimum_down,70,123_CT_5,22677,68,70
20358,minimum_up,71,123_CT_5,22682,69,71
20359,minimum_down,71,123_CT_5,22683,69,71
20364,minimum_up,72,123_CT_5,22688,70,72
20365,minimum_down,72,123_CT_5,22689,70,72
20370,minimum_up,73,123_CT_5,22694,71,73
20371,minimum_down,73,123_CT_5,22695,71,73
20376,minimum_up,74,123_CT_5,22700,72,74
20377,minimum_down,74,123_CT_5,22701,72,74
20382,minimum_up,75,123_CT_5,22706,73,75
20383,minimum_down,75,123_CT_5,22707,73,75
20388,minimum_up,76,123_CT_5,22712,74,76
20389,minimum_down,76,123_CT_5,22713,74,76
20394,minimum_up,77,123_CT_5,22718,75,77
20395,minimum_down,77,123_CT_5,22719,75,77
20400,minimum_up,78,123_CT_5,22724,76,78
20401,minimum_down,78,123_CT_5,22725,76,78
20406,minimum_up,79,123_CT_5,22730,77,79
20407,minimum_down,79,123_CT_5,22731,77,79
20412,minimum_up,80,123_CT_5,22736,78,80
20413,minimum_down,80,123_CT_5,22737,78,80
20418,minimum_up,81,123_CT_5,22742,79,81
20419,minimum_down,81,123_CT_5,22743,79,81
20424,minimum_up,82,123_CT_5,22748,80,82
20425,minimum_down,82,123_CT_5,22749,80,82
20430,minimum_up,83,123_CT_5,22754,81,83
20431,minimum_down,83,123_CT_5,22755,81,83
20436,minimum_up,84,123_CT_5,22760,82,84
20437,minimum_down,84,123_CT_5,22761,82,84
20442,minimum_up,85,123_CT_5,22766,83,85
20443,minimum_down,85,123_CT_5,22767,83,85
20448,minimum_up,86,123_CT_5,22772,84,86
20449,minimum_down,86,123_CT_5,22773,84,86
20454,minimum_up,87,123_CT_5,22778,85,87
20455,minimum_down,87,123_CT_5,22779,85,87
20460,minimum_up,88,123_CT_5,22784,86,88
20461,minimum_down,88,123_CT_5,22785,86,88
20466,minimum_up,89,123_CT_5,22790,87,89
20467,minimum_down,89,123_CT_5,22791,87,89
20472,minimum_up,90,123_CT_5,22796,88,90
20473,minimum_down,90,123_CT_5,22797,88,90
20478,minimum_up,91,123_CT_5,22802,89,91
20479,minimum_down,91,123_CT_5,22803,89,91
20484,minimum_up,92,123_CT_5,22808,90,92
20485,minimum_down,92,123_CT_5,22809,90,92
20490,minimum_up,93,123_CT_5,22814,91,93
20491,minimum_down,93,123_CT_5,22815,91,93
20496,minimum_up,94,123_CT_5,22820,92,94
20497,minimum_down,94,123_CT_5,22821,92,94
20502,minimum_up,95,123_CT_5,22826,93,95
20503,minimum_down,95,123_CT_5,22827,93,95
20508,minimum_up,96,123_CT_5,22832,94,96
20509,minimum_down,96,123_CT_5,22833,94,96
20514,minimum_up,97,123_CT_5,22838,95,97
20515,minimum_down,97,123_CT_5,22839,95,97
20520,minimum_up,98,123_CT_5,22844,96,98
20521,minimum_down,98,123_CT_5,22845,96,98
20526,minimum_up,99,123_CT_5,22850,97,99
20527,minimum_down,99,123_CT_5,22851,97,99
20532,minimum_up,100,123_CT_5,22856,98,100
20533,minimum_down,100,123_CT_5,22857,98,100
20538,minimum_up,101,123_CT_5,22862,99,101
20539,minimum_down,101,123_CT_5,22863,99,101
20544,minimum_up,102,123_CT_5,22868,100,102
20545,minimum_down,102,123_CT_5,22869,100,102
20550,minimum_up,103,123_CT_5,22874,101,103
20551,minimum_down,103,123_CT_5,22875,101,103
20556,minimum_up,104,123_CT_5,22880,102,104
20557,minimum_down,104,123_CT_5,22881,102,104
20562,minimum_up,105,123_CT_5,22886,103,105
20563,minimum_down,105,123_CT_5,22887,103,105
20568,minimum_up,106,123_CT_5,22892,104,106
20569,minimum_down,106,123_CT_5,22893,104,106
20574,minimum_up,107,123_CT_5,22898,105,107
20575,minimum_down,107,123_CT_5,22899,105,107
20580,minimum_up,108,123_CT_5,22904,106,108
20581,minimum_down,108,123_CT_5,22905,106,108
20586,minimum_up,109,123_CT_5,22910,107,109
20587,minimum_down,109,123_CT_5,22911,107,109
20592,minimum_up,110,123_CT_5,22916,108,110
20593,minimum_down,110,123_CT_5,22917,108,110
20598,minimum_up,111,123_CT_5,22922,109,111
20599,minimum_down,111,123_CT_5,22923,109,111
20604,minimum_up,112,123_CT_5,22928,110,112
20605,minimum_down,112,123_CT_5,22929,110,112
20610,minimum_up,113,123_CT_5,22934,111,113
20611,minimum_down,113,123_CT_5,22935,111,113
20616,minimum_up,114,123_CT_5,22940,112,114
20617,minimum_down,114,123_CT_5,22941,112,114
20622,minimum_up,115,123_CT_5,22946,113,115
20623,minimum_down,115,123_CT_5,22947,113,115
20628,minimum_up,116,123_CT_5,22952,114,116
20629,minimum_down,116,123_CT_5,22953,114,116
20634,minimum_up,117,123_CT_5,22958,115,117
20635,minimum_down,117,123_CT_5,22959,115,117
20640,minimum_up,118,123_CT_5,22964,116,118
20641,minimum_down,118,123_CT_5,22965,116,118
20646,minimum_up,119,123_CT_5,22970,117,119
20647,minimum_down,119,123_CT_5,22971,117,119
20652,minimum_up,120,123_CT_5,22976,118,120
20653,minimum_down,120,123_CT_5,22977,118,120
20658,minimum_up,121,123_CT_5,22982,119,121
20659,minimum_down,121,123_CT_5,22983,119,121
20664,minimum_up,122,123_CT_5,22988,120,122
20665,minimum_down,122,123_CT_5,22989,120,122
20670,minimum_up,123,123_CT_5,22994,121,123
20671,minimum_down,123,123_CT_5,22995,121,123
20676,minimum_up,124,123_CT_5,23000,122,124
20677,minimum_down,124,123_CT_5,23001,122,124
20682,minimum_up,125,123_CT_5,23006,123,125
20683,minimum_down,125,123_CT_5,23007,123,125
20688,minimum_up,126,123_CT_5,23012,124,126
20689,minimum_down,126,123_CT_5,23013,124,126
20694,minimum_up,127,123_CT_5,23018,125,127
20695,minimum_down,127,123_CT_5,23019,125,127
20700,minimum_up,128,123_CT_5,23024,126,128
20701,minimum_down,128,123_CT_5,23025,126,128
20706,minimum_up,129,123_CT_5,23030,127,129
20707,minimum_down,129,123_CT_5,23031,127,129
20712,minimum_up,130,123_CT_5,23036,128,130
20713,minimum_down,130,123_CT_5,23037,128,130
20718,minimum_up,131,123_CT_5,23042,129,131
20719,minimum_down,131,123_CT_5,23043,129,131
20724,minimum_up,132,123_CT_5,23048,130,132
20725,minimum_down,132,123_CT_5,23049,130,132
20730,minimum_up,133,123_CT_5,23054,131,133
20731,minimum_down,133,123_CT_5,23055,131,133
20736,minimum_up,134,123_CT_5,23060,132,134
20737,minimum_down,134,123_CT_5,23061,132,134
20742,minimum_up,135,123_CT_5,23066,133,135
20743,minimum_down,135,123_CT_5,23067,133,135
20748,minimum_up,136,123_CT_5,23072,134,136
20749,minimum_down,136,123_CT_5,23073,134,136
20754,minimum_up,137,123_CT_5,23078,135,137
20755,minimum_down,137,123_CT_5,23079,135,137
20760,minimum_up,138,123_CT_5,23084,136,138
20761,minimum_down,138,123_CT_5,23085,136,138
20766,minimum_up,139,123_CT_5,23090,137,139
20767,minimum_down,139,123_CT_5,23091,137,139
20772,minimum_up,140,123_CT_5,23096,138,140
20773,minimum_down,140,123_CT_5,23097,138,140
20778,minimum_up,141,123_CT_5,23102,139,141
20779,minimum_down,141,123_CT_5,23103,139,141
20784,minimum_up,142,123_CT_5,23108,140,142
20785,minimum_down,142,123_CT_5,23109,140,142
20790,minimum_up,143,123_CT_5,23114,141,143
20791,minimum_down,143,123_CT_5,23115,141,143
21078,minimum_up,47,121_NUCLEAR_1,23542,24,47
21083,minimum_up,48,121_NUCLEAR_1,23548,25,48
21088,minimum_up,49,121_NUCLEAR_1,23554,26,49
21093,minimum_up,50,121_NUCLEAR_1,23560,27,50
21098,minimum_up,51,121_NUCLEAR_1,23566,28,51
21103,minimum_up,52,121_NUCLEAR_1,23572,29,52
21108,minimum_up,53,121_NUCLEAR_1,23578,30,53
21113,minimum_up,54,121_NUCLEAR_1,23584,31,54
21118,minimum_up,55,121_NUCLEAR_1,23590,32,55
21123,minimum_up,56,121_NUCLEAR_1,23596,33,56
21128,minimum_up,57,121_NUCLEAR_1,23602,34,57
21133,minimum_up,58,121_NUCLEAR_1,23608,35,58
21138,minimum_up,59,121_NUCLEAR_1,23614,36,59
21143,minimum_up,60,121_NUCLEAR_1,23620,37,60
21148,minimum_up,61,121_NUCLEAR_1,23626,38,61
21153,minimum_up,62,121_NUCLEAR_1,23632,39,62
21158,minimum_up,63,121_NUCLEAR_1,23638,40,63
21163,minimum_up,64,121_NUCLEAR_1,23644,41,64
21168,minimum_up,65,121_NUCLEAR_1,23650,42,65
21173,minimum_up,66,121_NUCLEAR_1,23656,43,66
21178,minimum_up,67,121_NUCLEAR_1,23662,44,67
21183,minimum_up,68,121_NUCLEAR_1,23668,45,68
21188,minimum_up,69,121_NUCLEAR_1,23674,46,69
21193,minimum_up,70,121_NUCLEAR_1,23680,47,70
21198,minimum_up,71,121_NUCLEAR_1,23686,48,71
21199,minimum_down,71,121_NUCLEAR_1,23687,24,71
21204,minimum_up,72,121_NUCLEAR_1,23692,49,72
21205,minimum_down,72,121_NUCLEAR_1,23693,25,72
21210,minimum_up,73,121_NUCLEAR_1,23698,50,73
21211,minimum_down,73,121_NUCLEAR_1,23699,26,73
21216,minimum_up,74,121_NUCLEAR_1,23704,51,74
21217,minimum_down,74,121_NUCLEAR_1,23705,27,74
21222,minimum_up,75,121_NUCLEAR_1,23710,52,75
21223,minimum_down,75,121_NUCLEAR_1,23711,28,75
21228,minimum_up,76,121_NUCLEAR_1,23716,53,76
21229,minimum_down,76,121_NUCLEAR_1,23717,29,76
21234,minimum_up,77,121_NUCLEAR_1,23722,54,77
21235,minimum_down,77,121_NUCLEAR_1,23723,30,77
21240,minimum_up,78,121_NUCLEAR_1,23728,55,78
21241,minimum_down,78,121_NUCLEAR_1,23729,31,78
21246,minimum_up,79,121_NUCLEAR_1,23734,56,79
21247,minimum_down,79,121_NUCLEAR_1,23735,32,79
21252,minimum_up,80,121_NUCLEAR_1,23740,57,80
21253,minimum_down,80,121_NUCLEAR_1,23741,33,80
21258,minimum_up,81,121_NUCLEAR_1,23746,58,81
21259,minimum_down,81,121_NUCLEAR_1,23747,34,81
21264,minimum_up,82,121_NUCLEAR_1,23752,59,82
21265,minimum_down,82,121_NUCLEAR_1,23753,35,82
21270,minimum_up,83,121_NUCLEAR_1,23758,60,83
21271,minimum_down,83,121_NUCLEAR_1,23759,36,83
21276,minimum_up,84,121_NUCLEAR_1,23764,61,84
21277,minimum_down,84,121_NUCLEAR_1,23765,37,84
21282,minimum_up,85,121_NUCLEAR_1,23770,62,85
21283,minimum_down,85,121_NUCLEAR_1,23771,38,85
21288,minimum_up,86,121_NUCLEAR_1,23776,63,86
21289,minimum_down,86,121_NUCLEAR_1,23777,39,86
21294,minimum_up,87,121_NUCLEAR_1,23782,64,87
21295,minimum_down,87,121_NUCLEAR_1,23783,40,87
21300,minimum_up,88,121_NUCLEAR_1,23788,65,88
21301,minimum_down,88,121_NUCLEAR_1,23789,41,88
21306,minimum_up,89,121_NUCLEAR_1,23794,66,89
21307,minimum_down,89,121_NUCLEAR_1,23795,42,89
21312,minimum_up,90,121_NUCLEAR_1,23800,67,90
21313,minimum_down,90,121_NUCLEAR_1,23801,43,90
21318,minimum_up,91,121_NUCLEAR_1,23806,68,91
21319,minimum_down,91,121_NUCLEAR_1,23807,44,91
21324,minimum_up,92,121_NUCLEAR_1,23812,69,92
21325,minimum_down,92,121_NUCLEAR_1,23813,45,92
21330,minimum_up,93,121_NUCLEAR_1,23818,70,93
21331,minimum_down,93,121_NUCLEAR_1,23819,46,93
21336,minimum_up,94,121_NUCLEAR_1,23824,71,94
21337,minimum_down,94,121_NUCLEAR_1,23825,47,94
21342,minimum_up,95,121_NUCLEAR_1,23830,72,95
21343,minimum_down,95,121_NUCLEAR_1,23831,48,95
21348,minimum_up,96,121_NUCLEAR_1,23836,73,96
21349,minimum_down,96,121_NUCLEAR_1,23837,49,96
21354,minimum_up,97,121_NUCLEAR_1,23842,74,97
21355,minimum_down,97,121_NUCLEAR_1,23843,50,97
21360,minimum_up,98,121_NUCLEAR_1,23848,75,98
21361,minimum_down,98,121_NUCLEAR_1,23849,51,98
21366,minimum_up,99,121_NUCLEAR_1,23854,76,99
21367,minimum_down,99,121_NUCLEAR_1,23855,52,99
21372,minimum_up,100,121_NUCLEAR_1,23860,77,100
21373,minimum_down,100,121_NUCLEAR_1,23861,53,100
21378,minimum_up,101,121_NUCLEAR_1,23866,78,101
21379,minimum_down,101,121_NUCLEAR_1,23867,54,101
21384,minimum_up,102,121_NUCLEAR_1,23872,79,102
21385,minimum_down,102,121_NUCLEAR_1,23873,55,102
21390,minimum_up,103,121_NUCLEAR_1,23878,80,103
21391,minimum_down,103,121_NUCLEAR_1,23879,56,103
21396,minimum_up,104,121_NUCLEAR_1,23884,81,104
21397,minimum_down,104,121_NUCLEAR_1,23885,57,104
21402,minimum_up,105,121_NUCLEAR_1,23890,82,105
21403,minimum_down,105,121_NUCLEAR_1,23891,58,105
21408,minimum_up,106,121_NUCLEAR_1,23896,83,106
21409,minimum_down,106,121_NUCLEAR_1,23897,59,106
21414,minimum_up,107,121_NUCLEAR_1,23902,84,107
21415,minimum_down,107,121_NUCLEAR_1,23903,60,107
21420,minimum_up,108,121_NUCLEAR_1,23908,85,108
21421,minimum_down,108,121_NUCLEAR_1,23909,61,108
21426,minimum_up,109,121_NUCLEAR_1,23914,86,109
21427,minimum_down,109,121_NUCLEAR_1,23915,62,109
21432,minimum_up,110,121_NUCLEAR_1,23920,87,110
21433,minimum_down,110,121_NUCLEAR_1,23921,63,110
21438,minimum_up,111,121_NUCLEAR_1,23926,88,111
21439,minimum_down,111,121_NUCLEAR_1,23927,64,111
21444,minimum_up,112,121_NUCLEAR_1,23932,89,112
21445,minimum_down,112,121_NUCLEAR_1,23933,65,112
21450,minimum_up,113,121_NUCLEAR_1,23938,90,113
21451,minimum_down,113,121_NUCLEAR_1,23939,66,113
21456,minimum_up,114,121_NUCLEAR_1,23944,91,114
21457,minimum_down,114,121_NUCLEAR_1,23945,67,114
21462,minimum_up,115,121_NUCLEAR_1,23950,92,115
21463,minimum_down,115,121_NUCLEAR_1,23951,68,115
21468,minimum_up,116,121_NUCLEAR_1,23956,93,116
21469,minimum_down,116,121_NUCLEAR_1,23957,69,116
21474,minimum_up,117,121_NUCLEAR_1,23962,94,117
21475,minimum_down,117,121_NUCLEAR_1,23963,70,117
21480,minimum_up,118,121_NUCLEAR_1,23968,95,118
21481,minimum_down,118,121_NUCLEAR_1,23969,71,118
21486,minimum_up,119,121_NUCLEAR_1,23974,96,119
21487,minimum_down,119,121_NUCLEAR_1,23975,72,119
21492,minimum_up,120,121_NUCLEAR_1,23980,97,120
21493,minimum_down,120,121_NUCLEAR_1,23981,73,120
21498,minimum_up,121,121_NUCLEAR_1,23986,98,121
21499,minimum_down,121,121_NUCLEAR_1,23987,74,121
21504,minimum_up,122,121_NUCLEAR_1,23992,99,122
21505,minimum_down,122,121_NUCLEAR_1,23993,75,122
21510,minimum_up,123,121_NUCLEAR_1,23998,100,123
21511,minimum_down,123,121_NUCLEAR_1,23999,76,123
21516,minimum_up,124,121_NUCLEAR_1,24004,101,124
21517,minimum_down,124,121_NUCLEAR_1,24005,77,124
21522,minimum_up,125,121_NUCLEAR_1,24010,102,125
21523,minimum_down,125,121_NUCLEAR_1,24011,78,125
21528,minimum_up,126,121_NUCLEAR_1,24016,103,126
21529,minimum_down,126,121_NUCLEAR_1,24017,79,126
21534,minimum_up,127,121_NUCLEAR_1,24022,104,127
21535,minimum_down,127,121_NUCLEAR_1,24023,80,127
21540,minimum_up,128,121_NUCLEAR_1,24028,105,128
21541,minimum_down,128,121_NUCLEAR_1,24029,81,128
21546,minimum_up,129,121_NUCLEAR_1,24034,106,129
21547,minimum_down,129,121_NUCLEAR_1,24035,82,129
21552,minimum_up,130,121_NUCLEAR_1,24040,107,130
21553,minimum_down,130,121_NUCLEAR_1,24041,83,130
21558,minimum_up,131,121_NUCLEAR_1,24046,108,131
21559,minimum_down,131,121_NUCLEAR_1,24047,84,131
21564,minimum_up,132,121_NUCLEAR_1,24052,109,132
21565,minimum_down,132,121_NUCLEAR_1,24053,85,132
21570,minimum_up,133,121_NUCLEAR_1,24058,110,133
21571,minimum_down,133,121_NUCLEAR_1,24059,86,133
21576,minimum_up,134,121_NUCLEAR_1,24064,111,134
21577,minimum_down,134,121_NUCLEAR_1,24065,87,134
21582,minimum_up,135,121_NUCLEAR_1,24070,112,135
21583,minimum_down,135,121_NUCLEAR_1,24071,88,135
21588,minimum_up,136,121_NUCLEAR_1,24076,113,136
21589,minimum_down,136,121_NUCLEAR_1,24077,89,136
21594,minimum_up,137,121_NUCLEAR_1,24082,114,137
21595,minimum_down,137,121_NUCLEAR_1,24083,90,137
21600,minimum_up,138,121_NUCLEAR_1,24088,115,138
21601,minimum_down,138,121_NUCLEAR_1,24089,91,138
21606,minimum_up,139,121_NUCLEAR_1,24094,116,139
21607,minimum_down,139,121_NUCLEAR_1,24095,92,139
21612,minimum_up,140,121_NUCLEAR_1,24100,117,140
21613,minimum_down,140,121_NUCLEAR_1,24101,93,140
21618,minimum_up,141,121_NUCLEAR_1,24106,118,141
21619,minimum_down,141,121_NUCLEAR_1,24107,94,141
21624,minimum_up,142,121_NUCLEAR_1,24112,119,142
21625,minimum_down,142,121_NUCLEAR_1,24113,95,142
21630,minimum_up,143,121_NUCLEAR_1,24118,120,143
21631,minimum_down,143,121_NUCLEAR_1,24119,96,143
