name,carrier,included_internal_coordinate
South_Beach_Wind_Turbine_Somerton,wind_onshore,True
Swaffham_1___Ecotech_Wind_Park,wind_onshore,True
Mynydd_Gorddu_Wind_Farm,wind_onshore,True
Cefn_Croes_Wind_Farm,wind_onshore,True
Carno_'B'_Wind_Farm,wind_onshore,True
Carno_'A'_Wind_Farm,wind_onshore,True
Cemmaes_'B'_Wind_Farm,wind_onshore,True
Trysglwyn_Wind_Farm,wind_onshore,True
Hafoty_Ucha_'2'_and_'3'_Wind_Turbine,wind_onshore,True
Royal_Seaforth_Dock_Wind_Farm,wind_onshore,True
Cemmaes_'C'_Wind_Farm,wind_onshore,True
Llanbabo_Wind_Farm,wind_onshore,True
Tow_Law_Wind_Farm,wind_onshore,True
Kirkheaton_Wind_Farm,wind_onshore,True
Great_Eppleton_Wind_Farm,wind_onshore,True
Great_Orton_Wind_Farm_Extension,wind_onshore,True
Harlock_Hill_Wind_Farm,wind_onshore,True
Wharrels_Hill_Wind_Farm,wind_onshore,True
Siddick_Wind_Farm,wind_onshore,True
Oldside_Wind_Farm,wind_onshore,True
Haverigg_Extension_Wind_Farm,wind_onshore,True
Blaen_Bowi_Wind_Farm,wind_onshore,True
Parc_Cynog_Wind_Farm,wind_onshore,True
Moel_Maelogen_A,wind_onshore,True
Out_Newton_Wind_Farm,wind_onshore,True
Brockholes_Wind_Cluster,wind_onshore,True
Kilbraur_Windfarm_Farlary___Extension,wind_onshore,True
Maesgwyn,wind_onshore,True
Spicer_Hill_Wind_Farm,wind_onshore,True
Ford_Motor_Company_Ltd_Extension,wind_onshore,True
FMC_Technologies,wind_onshore,True
Boyndie_Airfield_Extension,wind_onshore,True
Blue_Gates_Farm,wind_onshore,True
Celcon_Blocks_Ltd,wind_onshore,True
Hammar's_Hill,wind_onshore,True
"F_M_C_Land,_Pitreavie_Business_Park",wind_onshore,True
Strath_of_Brydock___Extension,wind_onshore,True
Hare_Hill_East_Ayrshire,wind_onshore,True
Kirkby_Moor,wind_onshore,True
Bambers_II,wind_onshore,True
Millennium_Extension_II,wind_onshore,True
Cairnmore_Farm,wind_onshore,True
St_Fergus_Moss_Wind_Farm,wind_onshore,True
"West_Hill,_Flotta",wind_onshore,True
Chelker_Reservoir_Retention_of_Turbines,wind_onshore,True
Whitelee_Windfarm_Extension_phase_2,wind_onshore,True
Hill_of_Balquhindachy_extension,wind_onshore,True
Taff_Ely_Wind_Farm,wind_onshore,True
Mossmorran_Wind_Farm,wind_onshore,True
Courtstone_Wind_Turbine,wind_onshore,True
Lairg_Wind_Farm,wind_onshore,True
G24_Innovations_Turbine,wind_onshore,True
Mornflake_Oats_Wind_Turbine,wind_onshore,True
Clochnahill_Wind_Farm,wind_onshore,True
St_John_Hill,wind_onshore,True
Bryn_Blaen_Wind_Farm,wind_onshore,True
MARCH_SEWAGE_TREATMENT_WORKS___WIND_TURBINE,wind_onshore,True
Burnfoot_Hill,wind_onshore,True
Chelker_Reservoir,wind_onshore,True
Strath_of_Brydock,wind_onshore,True
House_O'Hill,wind_onshore,True
Bagmoor,wind_onshore,True
Croda_Chemicals_Europe,wind_onshore,True
"Eastman_Chemicals,_Workington",wind_onshore,True
Lindhurst_Wind_Farm,wind_onshore,True
Craigengelt,wind_onshore,True
Saltend_Wind_Turbine,wind_onshore,True
Loftsome_Bridge,wind_onshore,True
Nissan_Wind_Farm,wind_onshore,True
Parc_Cynog_Extension,wind_onshore,True
Ranson_Moor_phase_1,wind_onshore,True
Ranson_Moor_Wind_Farm_Phase_2,wind_onshore,True
West_Durham_Wind_Farm,wind_onshore,True
Dyffryn_Brodyn_Wind_Farm,wind_onshore,True
North_Red_Bog,wind_onshore,True
Milton_Keynes_Wind_Farm,wind_onshore,True
Broom_Hill_Farm,wind_onshore,True
Winscales_Moor,wind_onshore,True
Wind_Farm_Africa_Alive,wind_onshore,True
Beinn_Tharsuinn_Extension_Beinn_nan_Oighrean,wind_onshore,True
St_John's_Well,wind_onshore,True
Hellrigg_Wind_farm,wind_onshore,True
Bryn_titli_Windfarm,wind_onshore,True
Delabole_Repowering,wind_onshore,True
Whittlesey,wind_onshore,True
Advanced_Manufacturing_Research_Centre,wind_onshore,True
Solutia_UK_Ltd,wind_onshore,True
High_Haswell_Wind_Farm,wind_onshore,True
Llandinam_Windfarm,wind_onshore,True
Goonhilly_Downs_Wind_Farm_Repower,wind_onshore,True
MSD_Cramlington,wind_onshore,True
Skelmonae_Wind_Farm,wind_onshore,True
Carn_Vean,wind_onshore,True
Dewlay_Cheese_Wind_Turbine,wind_onshore,True
Coal_Clough_Wind_Farm,wind_onshore,True
Myres_Hill,wind_onshore,True
High_Sharpley_Wind_Farm,wind_onshore,True
National_Wind_Turbine_Test_Site,wind_onshore,True
Little_Cheyne_Court_Wind_Farm,wind_onshore,True
Long_Hill_Road,wind_onshore,True
Ness_point_Wind_Turbine_1,wind_onshore,True
Causeymire,wind_onshore,True
Hadyard_Hill,wind_onshore,True
Hare_Hill_B,wind_onshore,True
Crystal_Rig_Phase_1,wind_onshore,True
Black_Law,wind_onshore,True
Ardrossan,wind_onshore,True
Braes_O'Doune,wind_onshore,True
Thorfinn_Wind_Farm___NM1500,wind_onshore,True
Boulfruich,wind_onshore,True
Bicker_Fen,wind_onshore,True
Stags_Holt,wind_onshore,True
Glass_Moor,wind_onshore,True
Gedney_Marsh,wind_onshore,True
Ben_Aketil,wind_onshore,True
Knabs_Ridge_Windfarm,wind_onshore,True
Kelburn,wind_onshore,True
Ramsey_1,wind_onshore,True
Bambers_Farm,wind_onshore,True
Ford_Wind_Park___Dagenham,wind_onshore,True
Swaffham_Plashes_II,wind_onshore,True
Shooters_Bottom_Wind_Park,wind_onshore,True
Caton_Moor_Windfarm_Repowering,wind_onshore,True
Moel_Maelogen_A_Phase_2,wind_onshore,True
Scout_Moor_Windfarm,wind_onshore,True
The_Haven,wind_onshore,True
The_Hollies,wind_onshore,True
Tullo_Farm,wind_onshore,True
Avonmouth_Port,wind_onshore,True
Dummuie,wind_onshore,True
Earlsburn,wind_onshore,True
Kilbraur_Windfarm,wind_onshore,True
Achany_Wind_Farm,wind_onshore,True
Bilbster_Wind_Farm,wind_onshore,True
Green_Park,wind_onshore,True
Carcant_Windfarm,wind_onshore,True
Butterwick_Moor,wind_onshore,True
Hagshaw_Hill_Wind_Farm_Extension,wind_onshore,True
Southern_Law,wind_onshore,True
Llangwyryfon,wind_onshore,True
Pates_Hill,wind_onshore,True
Roskrow_Wind_Turbines,wind_onshore,True
Greendykeside,wind_onshore,True
Loscar_Farm,wind_onshore,True
Langley_Moor,wind_onshore,True
Arecleoch_Windfarm,wind_onshore,True
Mark_Hill,wind_onshore,True
Westmill_Wind_Farm,wind_onshore,True
Lodge_Farm_1,wind_onshore,True
"Carno_'A'and_'B'_Wind_Farm,_Extension",wind_onshore,True
Achairn,wind_onshore,True
High_Hedley_Hope_2_Extension,wind_onshore,True
Beinn_an_Tuirc,wind_onshore,True
Cnoc_Donn_Arnicle,wind_onshore,True
Beinn_Ghlas_Wind_Farm,wind_onshore,True
"Bendealt_Wind_Farm,_Highland",wind_onshore,True
Meall_an_Tuirc_Wind_Farm,wind_onshore,True
An_Suidhe,wind_onshore,True
Roughside_Hill,wind_onshore,True
Bowbeat_Wind_Farm,wind_onshore,True
Hagshaw_Hill_Wind_Farm,wind_onshore,True
Arnish_Moor,wind_onshore,True
Burgar_Hill,wind_onshore,True
Thorfinn_Wind_Farm___NM2000,wind_onshore,True
Hill_of_Lybster,wind_onshore,True
Burradale_Hill,wind_onshore,True
Glens_of_Foudland,wind_onshore,True
Castle_Pill___Repowering,wind_onshore,True
New_Holland,wind_onshore,True
Weston_Airfield_Wind_Turbines,wind_onshore,True
Orton_Park_Farm,wind_onshore,True
PROMISED_LAND_FARM,wind_onshore,True
Nethercott_Farm,wind_onshore,True
Bonerbo_Wind_Turbines,wind_onshore,True
Princes_Gate_Spring_Water,wind_onshore,True
Phase_1_Bettyhill_Wind_Farm,wind_onshore,True
Sibelco_Brassington,wind_onshore,True
Lambrigg_Wind_Farm,wind_onshore,True
Askam,wind_onshore,True
Bears_Down_Wind_Farm,wind_onshore,True
Welton_Of_Creuchies,wind_onshore,True
Droop_Hill_Wind_Farm_x,wind_onshore,True
Denhill,wind_onshore,True
Haddo,wind_onshore,True
Gairnieston_Farm,wind_onshore,True
"Burgar_Hill_land_Near,_Evie",wind_onshore,True
Tod_Hill_Farm_Wind_Turbines,wind_onshore,True
Moorhouse_Farm,wind_onshore,True
Royd_Moor,wind_onshore,True
Stroupster_Wind_Farm___additional_turbine,wind_onshore,True
Little_Belhus_Restoration_Site,wind_onshore,True
Crystal_Rig_Wind_Farm_Phase_2a,wind_onshore,True
Clachan_Flats_Wind_Farm,wind_onshore,True
Fen_Farm,wind_onshore,True
Darracott_Moor,wind_onshore,True
Lochhead_Farm,wind_onshore,True
Toddleburn,wind_onshore,True
Crimp_Wind_Farm,wind_onshore,True
Hedley_Hope,wind_onshore,True
Tangy_Wind_Farm/Tangy_1,wind_onshore,True
Coldham_Hall,wind_onshore,True
Whitemill_Wind_Farm,wind_onshore,True
Green_Knowes,wind_onshore,True
Whitelee,wind_onshore,True
Great_Orton,wind_onshore,True
Winscales_Phase_I_and_II,wind_onshore,True
Holmside_Hall,wind_onshore,True
High_Volts_Wind_Farm,wind_onshore,True
Hare_Hill,wind_onshore,True
Great_Eppleton_Farm_Repowering,wind_onshore,True
Haswell_Moor,wind_onshore,True
Worksop___B&Q,wind_onshore,True
Cold_Northcott,wind_onshore,True
Upper_Ardgrain_Wind_Farm,wind_onshore,True
Rothiesholm,wind_onshore,True
Hill_of_Easterton,wind_onshore,True
Port_of_Liverpool___wind,wind_onshore,True
Rothes_Wind_Cairn_Uish,wind_onshore,True
Crystal_Rig_Extension_II,wind_onshore,True
Glenkerie_Wind_Farm,wind_onshore,True
Lissett_Airfield_Wind_Farm,wind_onshore,True
Methlick_Farmers_Wind_Energy_Project,wind_onshore,True
Rheidol_Wind_Farm,wind_onshore,True
Deucheran_Hill,wind_onshore,True
Bryn_Du,wind_onshore,True
Dun_Law,wind_onshore,True
Black_Hill_Borders,wind_onshore,True
Four_Burrows_Wind_Farm,wind_onshore,True
Dun_Law_Extension,wind_onshore,True
Lochelbank_Wind_Farm_II,wind_onshore,True
Cruach_Mhor,wind_onshore,True
Wern_Ddu_Wind_Farm,wind_onshore,True
Muirake,wind_onshore,True
Millennium_Extension,wind_onshore,True
Rusholme_Wind_Farm,wind_onshore,True
Longpark,wind_onshore,True
Walkway,wind_onshore,True
Coldham,wind_onshore,True
Red_Tile,wind_onshore,True
Deeping_St_Nicholas_Wind_Farm,wind_onshore,True
Lowca_Wind_Farm,wind_onshore,True
Fairfield_Farm,wind_onshore,True
Haverigg_Repowering_Haverigg_II,wind_onshore,True
Beinneun_Windfarm_Extension,wind_onshore,True
Ewe_Hill_extension,wind_onshore,True
Melton_Common_Wind_Cluster,wind_onshore,True
Moy_Wind_Farm_2nd_Application,wind_onshore,True
Rosehill_Wind_Turbines,wind_onshore,True
Twin_Rivers,wind_onshore,True
Blyth_Harbour_Wind_Farm,wind_onshore,True
Penrhys_Wind_Farm/Ferndale_Power_Factory,wind_onshore,True
Gordonbush,wind_onshore,True
Avonmouth_Wind_Power,wind_onshore,True
Gordonstown_Hill_Wind_Farm,wind_onshore,True
The_Rosti_Factory,wind_onshore,True
Ben_Aketil_Extension,wind_onshore,True
Lochcarnan_Community_Windfarm,wind_onshore,True
The_Grange_Wind_Farm,wind_onshore,True
Humphrey_Group,wind_onshore,True
Rodbaston,wind_onshore,True
Boundary_Lane,wind_onshore,True
Nutberry_Wind_Farm,wind_onshore,True
Penny_Hill_Lane,wind_onshore,True
West_Knock_Wind_Cluster,wind_onshore,True
Low_Spinney_Wind_Farm,wind_onshore,True
Westfield,wind_onshore,True
Swinford_Wind_Farm,wind_onshore,True
Burnt_House_Farm,wind_onshore,True
Calder_Water_Community_Wind_Farm,wind_onshore,True
Millour_Hill_Community_Windfarm_,wind_onshore,True
Netherton_of_Windyhills,wind_onshore,True
Gallowhill,wind_onshore,True
Frodsham_Marsh,wind_onshore,True
Brechfa_Forest_West,wind_onshore,True
Greenhill_Croft,wind_onshore,True
Severn_Trent_STW,wind_onshore,True
Spaldington_Airfield,wind_onshore,True
Hillhead_of_Auquhirie,wind_onshore,True
Middleton_Wind_Farm,wind_onshore,True
Orchard_End_,wind_onshore,True
Mynydd_Bwllfa_Wind_Farm___Resubmission,wind_onshore,True
Tirgwynt,wind_onshore,True
Garreg_Lwyd,wind_onshore,True
Castle_of_Auchry_Farm,wind_onshore,True
Little_Byth,wind_onshore,True
Yonderton_Farm,wind_onshore,True
Oakdale_Business_Park,wind_onshore,True
Boddington_Reservoir,wind_onshore,True
HMP_Standford_Hill,wind_onshore,True
Sharpness_Docks,wind_onshore,True
Sancton_Hill,wind_onshore,True
Port_of_Sheerness_Wind_Farm_was_Lappel_Bank,wind_onshore,True
Stonish_Hill_Bilsthorpe,wind_onshore,True
Stags_Holt_Extension,wind_onshore,True
North_Yell_Wind_Farm_Garth_Community_Wind_Farm,wind_onshore,True
Glenurquhart_and_Strathglass_Wind_Farm_project,wind_onshore,True
Damhead_Farm,wind_onshore,True
Hyndburn_Wind_Farm,wind_onshore,True
Tedder_Hill_Wind_cluster,wind_onshore,True
Lynemouth_Windfarm_Resubmission,wind_onshore,True
Wingates_Wind_Farm,wind_onshore,True
Wathegar_wind_farm,wind_onshore,True
Allt_Dearg_Wind_Farmers_LLP,wind_onshore,True
Hameldon_Hill_extension,wind_onshore,True
Dalby,wind_onshore,True
Glass_moor_Extension,wind_onshore,True
Cour_Wind_Farm,wind_onshore,True
Upper_Wheedlemont_Farm,wind_onshore,True
Shielburn_Farm,wind_onshore,True
Beinneun,wind_onshore,True
Seamer_Wind_Farm___Hambleton,wind_onshore,True
Fanny_House_Farm/Heysham_Moss,wind_onshore,True
Newthorpe_Wind_Turbine,wind_onshore,True
Chelveston_Renewable_Energy_Park_Wind_Farm_Bedford,wind_onshore,True
Torrance_Farm,wind_onshore,True
Land_at_Overside_and_Greenwellheads_Farms,wind_onshore,True
Lancaster_University_wind,wind_onshore,True
Myreton_Crossroads,wind_onshore,True
Auchinderran_Wind_Farm,wind_onshore,True
The_Limes_Wind_Turbines,wind_onshore,True
Milton_of_Fisherie_Wind_Cluster,wind_onshore,True
Blantyre_Muir_Wind_Farm,wind_onshore,True
Lilbourne_Wind_Farm,wind_onshore,True
Tullo_Wind_Farm_North_Extension_Shiels_Wind_Farm,wind_onshore,True
Easter_Melrose_Wind_Energy_Project,wind_onshore,True
Newton_Marsh_Wind_Project,wind_onshore,True
North_Pickenham_Airfield,wind_onshore,True
Wythegill_Wind_Turbine,wind_onshore,True
Roos_Wind_Farm_Resubmission,wind_onshore,True
Backhill_of_Yonderton_Wind_Cluster,wind_onshore,True
Spurness_Wind_Farm_Repowering,wind_onshore,True
St_Johns_Wells_Wind_Cluster_Extension,wind_onshore,True
GlaxoSmithKline_Wind_Project,wind_onshore,True
K_L_Technologies_Wind_Turbine,wind_onshore,True
Ardoch_and_Over_Enoch_Wind_Farm_Over_Enoch,wind_onshore,True
Ystgellog_Farm_Wind_Farm_,wind_onshore,True
NEILSTON_WIND_FARM,wind_onshore,True
Greencroft_Estate_Turbines,wind_onshore,True
Crossness_Sewage_Works_Turbine,wind_onshore,True
Muirhall_Extension,wind_onshore,True
Freasdail_Wind_Farm,wind_onshore,True
Nash_Waste_Water_Treatment_Works_Turbine,wind_onshore,True
Marston_Vale_Country_Park_Wind_Turbine,wind_onshore,True
Energy_Works_Hull___Wind_Turbine,wind_onshore,True
Mynydd_Y_Gwrhyd_Windfarm,wind_onshore,True
Severn_Trent_Water___Stoke_Bardolph_Wind_Turbine,wind_onshore,True
Barns_of_Ayre_Wind_Turbines_2,wind_onshore,True
Newton_Down,wind_onshore,True
North_Steads_Wind_Farm_,wind_onshore,True
Hill_of_Tillymorgan_Kirkton_Farm_Wind_turbines_,wind_onshore,True
LADEHEAD_FARM___WIND_TURBINES,wind_onshore,True
Garlenick_Estate_2___Wind_Turbines,wind_onshore,True
Goonabarn_Farm_Wind_Turbines,wind_onshore,True
Bloodhills___repowering,wind_onshore,True
Ardoch_and_Over_Enoch_Wind_Farm_Ardoch,wind_onshore,True
Avonmouth_Port_II,wind_onshore,True
Tween_Bridge_Windfarm,wind_onshore,True
Mynydd_Portref,wind_onshore,True
Fforch_Nest_Wind_Farm_pt2,wind_onshore,True
Wadlow_Wind_Farm,wind_onshore,True
Bradwell_Wind_Farm_Repower,wind_onshore,True
Hazlehead,wind_onshore,True
Kiln_Pit_Hill_Windfarm,wind_onshore,True
Otterham_Down_Wind_Farm,wind_onshore,True
Sixpenny_Wood_Windfarm,wind_onshore,True
Earl's_Hall,wind_onshore,True
Mawdesley_Moss,wind_onshore,True
Chelveston_Renewable_Energy_Park_Wind_Farm_East_Northamptonshire,wind_onshore,True
Bewick_Drift,wind_onshore,True
Hall_Farm_Routh,wind_onshore,True
Rothes_Wind_Farm_Extension_II,wind_onshore,True
Fforch_Nest_Wind_Farm_pt1,wind_onshore,True
Hampole_Wind_Farm,wind_onshore,True
Blackstone_Edge,wind_onshore,True
Marr_Windfarm,wind_onshore,True
Nissan_Motors_Plant_Extn,wind_onshore,True
Hill_of_Fiddes,wind_onshore,True
Cotton_Farm,wind_onshore,True
Land_at_Flimby_Hall_Farm_,wind_onshore,True
Carland_Cross_Wind_Farm_Repowering,wind_onshore,True
Yelvertoft_Wind_Farm,wind_onshore,True
Mains_of_Hatton,wind_onshore,True
Whitelee_Windfarm_Extension_Phase_1,wind_onshore,True
Tilbury_Docks,wind_onshore,True
Seamer_Windfarm___Stockton_on_Tees,wind_onshore,True
South_Sharpley_Wind_Farm_Revised,wind_onshore,True
Armistead_Wind_Farm,wind_onshore,True
Withernwick,wind_onshore,True
Loch_Sminig_Wind_Project,wind_onshore,True
Burton_Pidsea_Wadworth_Hill_Wind_Farm,wind_onshore,True
Camster,wind_onshore,True
Bu_Farm,wind_onshore,True
Drumderg,wind_onshore,True
Clyde_Wind_Farm,wind_onshore,True
Novar_Wind_Farm_Extension,wind_onshore,True
Hill_of_Towie_Drummuir,wind_onshore,True
Ewe_Hill,wind_onshore,True
Middlemoor,wind_onshore,True
Baillie_Wind_Farm,wind_onshore,True
Braich_Ddu,wind_onshore,True
Drone_Hill,wind_onshore,True
Tangy_Wind_Farm_Extension/Tangy_2,wind_onshore,True
Ray_Wind_Farm,wind_onshore,True
Calliachar,wind_onshore,True
Griffin_Wind_farm,wind_onshore,True
High_Pow_Farm_,wind_onshore,True
St._Johns_Hill,wind_onshore,True
Blackcraig,wind_onshore,True
Fullabrook_Down_Wind_Farm,wind_onshore,True
Little_Raith_Farm,wind_onshore,True
Pant_y_wal,wind_onshore,True
Green_Rigg,wind_onshore,True
Rosehall_Hill_Forest_Windfarm,wind_onshore,True
Bankend_Rig,wind_onshore,True
Hill_of_Easterton_Extension,wind_onshore,True
Batsworthy_Cross,wind_onshore,True
Fallago_Rig,wind_onshore,True
Cathkin_Braes_Wind_Farm_Castlemilk,wind_onshore,True
Mynydd_y_Betws,wind_onshore,True
Ark_Hill,wind_onshore,True
Pentland_Road_Wind_Farm,wind_onshore,True
Turncole_Wind_Farm,wind_onshore,True
Derby_Sewage_Treatment_Works,wind_onshore,True
Grange_,wind_onshore,True
Goole_Fields_ll_Wind_Farm,wind_onshore,True
Edintore_Wind_Farm,wind_onshore,True
Gremista_Wind_Farm,wind_onshore,True
Common_Barn_Wind_Farm,wind_onshore,True
Clentrie_Wind_Farm_Gevens,wind_onshore,True
Kelmarsh_Wind_Farm_Resubmission,wind_onshore,True
Torrance_Farm_Wind_Park_Extension,wind_onshore,True
Goathill_Quarry_Turbine,wind_onshore,True
Skeddoway_Farm_Wind_Turbine_,wind_onshore,True
Middle_Balbeggie_Wind_Turbines,wind_onshore,True
Upper_Holton_Wind_Farm,wind_onshore,True
Tallentire_Hill,wind_onshore,True
Meikle_Carewe_,wind_onshore,True
Andershaw,wind_onshore,True
East_Midlands_Airport,wind_onshore,True
Kildrummy_Windfarm,wind_onshore,True
Airfield_Farm_Podington_,wind_onshore,True
Dunmaglass_Wind_Farm,wind_onshore,True
Harestanes,wind_onshore,True
Corriemoillie,wind_onshore,True
Hill_of_Stroupster_Windfarm,wind_onshore,True
Burn_of_Whilk,wind_onshore,True
Lochluichart,wind_onshore,True
Burnhead,wind_onshore,True
Easter_Tolmauds,wind_onshore,True
Maerdy,wind_onshore,True
Woodlands_Barton_Wind_Project,wind_onshore,True
Westnewton,wind_onshore,True
Hare_Hill_Extension,wind_onshore,True
Avonmouth_Port___extension,wind_onshore,True
Barmoor_South_Wind_Farm_,wind_onshore,True
Winwick,wind_onshore,True
Sisters,wind_onshore,True
East_Youlstone_Wind_Farm,wind_onshore,True
Hill_of_Skilmafilly_Cloffrickford_Denmore_Wind_Farm,wind_onshore,True
Heysham_South_Wind_Farm,wind_onshore,True
Woolley_Hill_Wind_Farm,wind_onshore,True
Furness_Wind_Farm/High_Winds_Harlock_Repowering_,wind_onshore,True
Clyde_Wind_Farm_Extension_Clyde_2,wind_onshore,True
Quixwood_Moor,wind_onshore,True
Auchadaduie_Wind_Farm,wind_onshore,True
Mynydd_Brombil_Wind_Farm,wind_onshore,True
Mynydd_Portref_Wind_Farm_extension,wind_onshore,True
Longlands_Lane,wind_onshore,True
Ryder_Point_Quarry_Wind_Turbines,wind_onshore,True
Burton_Wold_Wind_Farm___Northern_Extension_,wind_onshore,True
Pearie_Law_Wind_Farm,wind_onshore,True
Crystal_Rig_Wind_Farm_Phase_III,wind_onshore,True
Drumduff,wind_onshore,True
Rhodders_Wind_Farm,wind_onshore,True
Harburnhead_Wind_Farm,wind_onshore,True
Dunsland_Cross_Wind_Farm,wind_onshore,True
Potato_Pot_Wind_Farm,wind_onshore,True
Millour_Hill_Community_Windfarm_Extension_,wind_onshore,True
Blantyre_Muir_Wind_Farm_extension,wind_onshore,True
Dorenell_Wind_Farm_Previously_Site_A_and_B_Scaut_Hill,wind_onshore,True
Earlsburn_North_Kingsburn_Wind_Farm,wind_onshore,True
Wryde_Croft,wind_onshore,True
Wandylaw,wind_onshore,True
Black_Law_Extension___1a,wind_onshore,True
Bishopthorpe,wind_onshore,True
Keadby_Wind_Farm,wind_onshore,True
Berry_Burn,wind_onshore,True
Afton_Wind_Farm,wind_onshore,True
Tormywheel,wind_onshore,True
Den_Brook,wind_onshore,True
Dersalloch,wind_onshore,True
Point_Wind_/_Beinn_Ghrideag_Farm,wind_onshore,True
Muirhall_South,wind_onshore,True
Double_Arches_Quarry_Wind_Turbine,wind_onshore,True
Lochend_Wind_Farm,wind_onshore,True
Hallburn_Farm_,wind_onshore,True
Coal_Clough_Wind_Farm_Repowering,wind_onshore,True
Shepham_Lane_,wind_onshore,True
Sober_Hill_Wind_Farm_,wind_onshore,True
Srondoire_Community_Wind_Farm,wind_onshore,True
Achlachan_Wind_Farm,wind_onshore,True
A'Chruach_Phase_1,wind_onshore,True
"Aikengall_II,_Wester_Dod_Community_Wind_Farm",wind_onshore,True
Alveston_Wind_Park,wind_onshore,True
Auchrobert_Wind_Farm,wind_onshore,True
Boardinghouse_Wind_Farm,wind_onshore,True
Bogenlea_Farm,wind_onshore,True
BROWNIELEYS___3_WIND_TURBINES,wind_onshore,True
Cairnborrow_,wind_onshore,True
Crook_Hill_Calderdale_MBC_1_of_2,wind_onshore,True
Deuchries,wind_onshore,True
Dungavel_Hill,wind_onshore,True
Earlseat,wind_onshore,True
Easter_Tulloch_Wind_Farm_Tullo_Extension,wind_onshore,True
Galawhistle,wind_onshore,True
Gayton_Le_Marsh_Wind_Farm,wind_onshore,True
GlaxoSmithKline_Wind_Project_Turbine_4,wind_onshore,True
Goole_Fields,wind_onshore,True
Greenvale_AP_Wind_Turbine_,wind_onshore,True
Hill_of_Glaschyle_Wind_Farm,wind_onshore,True
Kilgallioch_wind_farm,wind_onshore,True
Lambs_Hill,wind_onshore,True
Lochluichart_Extension,wind_onshore,True
M1_Wind_Farm,wind_onshore,True
New_Rides_Wind_Farm,wind_onshore,True
Noble_Foods,wind_onshore,True
Ovenden_Moor_Repower_,wind_onshore,True
Pant_y_wal_extension,wind_onshore,True
Park_Spring_Wind_Farm,wind_onshore,True
Brotherton_formerly_Paul_Matthew_Hill_wind_turbines,wind_onshore,True
Pen_Bryn_Oer_Wind_Farm,wind_onshore,True
Ramsey_Wind_Farm_Extension,wind_onshore,True
Red_Gap_Moor_Wind_Farm,wind_onshore,True
Todmorden_Moor__,wind_onshore,True
Tom_Nan_Clach,wind_onshore,True
Tullo_Wind_Farm_South_Ext.,wind_onshore,True
Watford_Lodge,wind_onshore,True
Wathegar_2_Wind_Farm,wind_onshore,True
West_Browncastle,wind_onshore,True
Brochloch_Rig_formerly_Windy_Standard_II,wind_onshore,True
Withernwick_extension,wind_onshore,True
Pogbie_Wind_Farm_1,wind_onshore,True
Barlockhart_Moor,wind_onshore,True
Minnygap,wind_onshore,True
Middle_Muir_Wind_Farm,wind_onshore,True
Sanquhar_Community_Windfarm,wind_onshore,True
Balmurrie_Fell_Wind_Farm,wind_onshore,True
Burnfoot_Hill_Extension,wind_onshore,True
Airies_Farm,wind_onshore,True
Craig_Wind_Farm_Extension,wind_onshore,True
Lawrence_Landfill,wind_onshore,True
Plascow_wind_cluster_,wind_onshore,True
Maesgwyn_Wind_Farm___extension,wind_onshore,True
Halifax_Farm,wind_onshore,True
Norton_Fields_Farm,wind_onshore,True
Carscreugh_Renewable_Energy_Park,wind_onshore,True
Whiteside_Hill,wind_onshore,True
North_Rhins,wind_onshore,True
Jacksbank_Wind_Farm_Glenbervie,wind_onshore,True
New_Albion_Wind_Farm,wind_onshore,True
Sunnyside_wind_cluster,wind_onshore,True
Keith_Hill_,wind_onshore,True
Minsca,wind_onshore,True
Artfield_Fell,wind_onshore,True
Wether_Hill,wind_onshore,True
Dalswinton,wind_onshore,True
Craig_Wind_Farm,wind_onshore,True
Beinn_an_Tuirc_Phase_2,wind_onshore,True
Aikengall,wind_onshore,True
Brochloch_Rig_1_formerly_Windy_Standard,wind_onshore,True
Hawton_Wind_Farm,wind_onshore,True
Beck_Burn_,wind_onshore,True
Clocaenog_Forest_Wind_Farm,wind_onshore,True
Hoprigshiels_Community_Wind_Farm,wind_onshore,True
Black_Law_Extension___1b,wind_onshore,True
Glen_App,wind_onshore,True
Pen_Y_Cymoedd,wind_onshore,True
Stronelairg_Wind_Farm,wind_onshore,True
M1_J18_Wind_Turbines,wind_onshore,True
Tullymurdoch_Wind_Farm,wind_onshore,True
Penmanshiel_Wind_Farm,wind_onshore,True
Kinegar_Quarry_,wind_onshore,True
St._Breock_Re_Power_,wind_onshore,True
Carraig_Gheal,wind_onshore,True
Langhope_Rig,wind_onshore,True
Clashindarroch_,wind_onshore,True
Galsworthy_Wind_Park,wind_onshore,True
Strathy_North,wind_onshore,True
Mid_Hill___Phase_II,wind_onshore,True
Monan_Hill_Wind_Turbines,wind_onshore,True
French_Farm,wind_onshore,True
Glenchamber_Wind_Farm,wind_onshore,True
Bhlaraidh_previously_Balmacaan,wind_onshore,True
Moor_House_Wind_Farm_,wind_onshore,True
Kype_Muir_Wind_Farm,wind_onshore,True
Llynfi_Afan_Renewable_Energy_Park,wind_onshore,True
Assel_Valley_Wind_Farm,wind_onshore,True
Bad_a_Cheo_Wind_Farm,wind_onshore,True
Fraisthorpe_Wind_Farm,wind_onshore,True
Mynydd_Y_Gwair_Wind_Farm_,wind_onshore,True
Jack's_Lane_Wind_Farm,wind_onshore,True
Denzell_Downs_Wind_Farm,wind_onshore,True
Reaps_Moss_Wind_Farm_,wind_onshore,True
"Llynfi_Renewable_Energy_Park,_Land_at_Mynydd_Caerau",wind_onshore,True
Chiplow,wind_onshore,True
Hook_Moor,wind_onshore,True
Crook_Hill_Rochdale_MBC_2_of_2,wind_onshore,True
Far_Marsh_Farm_,wind_onshore,True
Wear_Point,wind_onshore,True
Middlewick_wind_farm,wind_onshore,True
Blyth_Harbour_Wind_Farm_re_power,wind_onshore,True
Corriegarth,wind_onshore,True
Carsington_Pasture,wind_onshore,True
Langford_Wind_Farm,wind_onshore,True
Mid_Hill_I,wind_onshore,True
Ardrossan_Extension,wind_onshore,True
Beinn_Tharsuinn_Windfarm_Project,wind_onshore,True
Blaengwen_,wind_onshore,True
Boyndie_Airfield,wind_onshore,True
Burton_Wold_Windfarm,wind_onshore,True
Edinbane_Wind_Farm,wind_onshore,True
Fairburn,wind_onshore,True
Farr_Wind_Farm,wind_onshore,True
Ffynnon_Oer_Wind_Farm,wind_onshore,True
Flotta,wind_onshore,True
Forss_Wind_Farm_Extension,wind_onshore,True
Michelin_Tyre_Co_Ltd___Dundee,wind_onshore,True
Millennium_Windfarm,wind_onshore,True
Muirhall,wind_onshore,True
Mynydd_Clogau_Wind_Farm,wind_onshore,True
New_Barn_Farm,wind_onshore,True
North_Pickenham,wind_onshore,True
Paul's_Hill_and_Extension,wind_onshore,True
Tir_Mostyn_And_Foel_Goch_Wind_Farm,wind_onshore,True
Trimdon_Grange,wind_onshore,True
Wardlaw_Wood,wind_onshore,True
Southrigg,wind_onshore,True
Kingspan,wind_onshore,True
Binn_Eco_Park___Wind_Farm,wind_onshore,True
Gawnsmoss_Cluster,wind_onshore,True
Quarrendon_Fields,wind_onshore,True
Newstead_and_Annesley_Wind_Turbine_,wind_onshore,True
Beckton_Sewage_Treatment_Works,wind_onshore,True
Melton_Waste_Park_,wind_onshore,True
Burton_Wold_Wind_Farm_South,wind_onshore,True
ANP_Newport_Wind_Turbine,wind_onshore,True
Brenig_Wind_Farm,wind_onshore,True
Pogbie_Wind_Farm_2,wind_onshore,True
"Parc_Stormy,_Stormy_Down",wind_onshore,True
Bodtegir,wind_onshore,True
West_of_Rhiwfelin_Fach_Farm,wind_onshore,True
Marshill_Farm,wind_onshore,True
Woodlands_Wind_Farm,wind_onshore,True
Accolade_Wines,wind_onshore,True
Craigannet_Farm_Wind_Turbine,wind_onshore,True
Ferneylea_Farm,wind_onshore,True
Forss_Wind_Farm,wind_onshore,True
Mounteneys_and_Cherry_Rock_Wind_Turbines,wind_onshore,True
Hywind_Scotland_Pilot_Park_Hywind_2_Demonstrator,wind_offshore,True
Beatrice_Demonstrator,wind_offshore,True
Burbo_Bank,wind_offshore,True
Gunfleet_Sands___Demo_Extension,wind_offshore,True
Gunfleet_Sands_II ,wind_offshore,True
Gunfleet_Sands_Offshore_Wind_Scheme,wind_offshore,True
Inner_Dowsing ,wind_offshore,True
Kentish_Flats ,wind_offshore,True
Lynn,wind_offshore,True
North_Hoyle ,wind_offshore,True
Rhyl_Flats ,wind_offshore,True
Robin_Rigg_East,wind_offshore,True
Robin_Rigg_West,wind_offshore,True
Scroby_Sands ,wind_offshore,True
Thanet ,wind_offshore,True
Walney 1,wind_offshore,True
Kentish_Flats_2,wind_offshore,True
European_Offshore_Wind_Deployment_Centre_EOWDC_Aberdeen_Bay___Demonstration_site,wind_offshore,True
Walney 2,wind_offshore,True
Ormonde_Offshore,wind_offshore,True
Greater_Gabbard_Wind_Farm,wind_offshore,True
London_Array Phase_1,wind_offshore,True
Sheringham_Shoal ,wind_offshore,True
Centrica_Lincs,wind_offshore,True
Teeside_Offshore_Wind_Farm,wind_offshore,True
Race_Bank_Phase_1,wind_offshore,True
West_of_Duddon_Sands,wind_offshore,True
Rampion_Offshore_Wind_Farm_Hastings_Zone,wind_offshore,True
Beatrice,wind_offshore,True
Blyth_Offshore Wind_Test_Site,wind_offshore,True
Hornsea_1___Heron_&_Njord,wind_offshore,True
Galloper_Wind_Farm,wind_offshore,True
Levenmouth_demonstration_turbine_Fife_Energy_Park,wind_offshore,True
Walney_3,wind_offshore,True
Dudgeon_East ,wind_offshore,True
Burbo_Bank_Extension_Burbo_Bank_2,wind_offshore,True
Gwynt_y_Mor ,wind_offshore,True
Humber_Gateway_A,wind_offshore,True
Westermost_Rough_A,wind_offshore,True
Barrow ,wind_offshore,True
Race_Bank_Phase_2,wind_offshore,True
Fen_Farm_Solar_Park,solar_pv,True
Manor_Farm,solar_pv,True
Nanterrow_Farm,solar_pv,True
Howton_Farm,solar_pv,True
East_Langford_Farm,solar_pv,True
Trevemper_solar_farm,solar_pv,True
Chester_Energy_East_Woolley_Farm,solar_pv,True
Chynoweth_Farm,solar_pv,True
Carlton_Farm_Solar_farm,solar_pv,True
Wheal_Jane,solar_pv,True
Cantelupe_Solar_Farm,solar_pv,True
Benbole_Farm,solar_pv,True
Langage_Solar_Farm,solar_pv,True
Grange_Solar_Farm,solar_pv,True
Ebbsfleet_Farm_Solar_Farm,solar_pv,True
Westcott_Venture_Park_Phase_2_&_3,solar_pv,True
Summerway_Drove,solar_pv,True
Puriton_Solar_Farm,solar_pv,True
Toyota_Solar_Farm,solar_pv,True
Long_Sutton_Butterfly_And_Wildlife_Park,solar_pv,True
Long_Sutton_Butterfly_And_Wildlife_Park_extension,solar_pv,True
Springhill_Solar_Park_Northwick,solar_pv,True
Westmill_Farm___PV,solar_pv,True
Rhosygilwen_Solar_Farm,solar_pv,True
Llancayo_Solar_Farm,solar_pv,True
Shacks_Barn_Solar_Farm,solar_pv,True
Carines_Farm_Solar_Array,solar_pv,True
Trigon_Solar_Farm,solar_pv,True
Chittering_Solar_Farm_Extension,solar_pv,True
Tredinnick_Fields,solar_pv,True
Summercourt_Solar_Farm_Glebe_Farm,solar_pv,True
Higher_Trevartha_Farm,solar_pv,True
Beechgrove_Farm,solar_pv,True
PARK_WOOD_SOLAR_FARM,solar_pv,True
Promens_Solar,solar_pv,True
Malmesbury_Solar,solar_pv,True
Trefullock_Solar_Farm,solar_pv,True
Lower_Coombe_Farm_Solar,solar_pv,True
Durrants_Farm_Solar,solar_pv,True
Dunsfold_Park_Solar_Farm,solar_pv,True
Alan_Bartlett_&_Sons_Solar,solar_pv,True
Tavells_Lane_Solar_Farm,solar_pv,True
LITTLE_TREVEASE_SOLAR_PARK,solar_pv,True
Cobbs_Cross_Solar_Park,solar_pv,True
NOTTINGTON_LANE_SOLAR_FARM,solar_pv,True
RUDGE_FARM_SOLAR_FARM,solar_pv,True
CRINACOTT_SOLAR_FARM_Pyworthy,solar_pv,True
Chawton_Farm_Solar_Farm,solar_pv,True
VENTNOR_ROAD_SOLAR_PARK,solar_pv,True
ROOKERY_FARM_SOLAR_FARM,solar_pv,True
Little_White_Alice_Solar_Park,solar_pv,True
Park_Wall_Solar_Park,solar_pv,True
Hall_Farm_Solar_park,solar_pv,True
Oulton_Airfield_Solar_Farm_Phase_1,solar_pv,True
Chalcroft_Solar_Park,solar_pv,True
Bradford_Solar_Park,solar_pv,True
Lower_Coombe_Farm_Bean_Field,solar_pv,True
Ffos_Las_Racecourse,solar_pv,True
Woodforde_Farm,solar_pv,True
Kingston_Farm,solar_pv,True
Spriggs_Farm,solar_pv,True
Rotherdale_Farm,solar_pv,True
Turves_Solar_Farm_,solar_pv,True
Rexton_Cross,solar_pv,True
Hatchlands_Farm,solar_pv,True
Land_At_Potash_Farm,solar_pv,True
Land_at_Upper_Clayhill_Farm,solar_pv,True
Towerbrook_Farm_Banwell_Solar_Farm,solar_pv,True
Twin_Elm_Solar_Farm,solar_pv,True
Hardingham_Solar_Farm,solar_pv,True
Hollamoor_Farm_PV,solar_pv,True
Langlands_Solar_Farm,solar_pv,True
Langunnett_Solar_Farm,solar_pv,True
Manston_Solar_Farm,solar_pv,True
Marsh_House_Solar_Park,solar_pv,True
Morrisons_roof_mounted_solar,solar_pv,True
Rickfield_Farm_solar_park,solar_pv,True
Tump_Solar_Farm,solar_pv,True
West_Farm_Solar,solar_pv,True
Owls_Lodge_Farm,solar_pv,True
Beckley_Solar_Farm,solar_pv,True
Oakham_Farm,solar_pv,True
Limberlost_Farm,solar_pv,True
Office_Field,solar_pv,True
Sandys_Moor_Road,solar_pv,True
Skylark_Meadow_Solar_park,solar_pv,True
Aldi_Distribution_Centre___Darlington,solar_pv,True
Bishops_Sutton,solar_pv,True
Blackawton_Solar_Farm,solar_pv,True
BMW_UK_Manufacturing_Ltd,solar_pv,True
Land_to_the_East_of_Burton_Lane,solar_pv,True
Land_west_of_Hawkspur_Green_Hill_Hall_Solar,solar_pv,True
Kingspan_Insulation_Solar_Installation,solar_pv,True
Langley_Hall_Farm,solar_pv,True
Pond_Farm,solar_pv,True
Nether_Mill_Farm_,solar_pv,True
NEWNTON_DAIRY_FARM,solar_pv,True
Pierces_Farm,solar_pv,True
Rew_Farm_Solar_Farm,solar_pv,True
Westbury_Closed_Landfill_Site,solar_pv,True
Wiggin_Hill_Solar_Farm___Phase_2,solar_pv,True
Grain_Harvesters_Ltd,solar_pv,True
Hyde_Farm,solar_pv,True
St_Francis_Farm,solar_pv,True
Bishops_Waltham_Solar_Farm,solar_pv,True
Nova_Scotia_Farm_solar_park,solar_pv,True
"Hall_Farm,_East_Beckham",solar_pv,True
Cefn_Betingau_Farm,solar_pv,True
Hill_Farm_Solar_Park_VoWH,solar_pv,True
Wix_Lodge,solar_pv,True
Saxley_Farm,solar_pv,True
Snarlton_Farm_Melksham_solar_farm,solar_pv,True
Lackford_Estate_Solar_Park,solar_pv,True
Colpmans_Farm,solar_pv,True
Porvair_International_Ltd,solar_pv,True
Willsland_Solar_farm,solar_pv,True
Frying_Down_Copse_Solar_Farm,solar_pv,True
Wilmingham_Lane_Solar_Farm,solar_pv,True
Chilton_Cantelo_Solar_Farm,solar_pv,True
Beaford_Brook_Solar_Park,solar_pv,True
Hayford_Farm,solar_pv,True
Halse_Farm,solar_pv,True
STRETE_FARM_SOLAR_FARM,solar_pv,True
Tregassow_Farm___Solar_Modules,solar_pv,True
Higher_Hatherleigh_Solar_Farm_extension,solar_pv,True
Pont_Andrew_Solar_Farm,solar_pv,True
Cairnhill_Farm_solar_park,solar_pv,True
Manston_Solar_Farm_extension_Westwood,solar_pv,True
Newlands_Farm_Solar_,solar_pv,True
Fen_Road,solar_pv,True
Long_Meadow_Farm,solar_pv,True
Liverton_Farm,solar_pv,True
Home_Farm_Knowlton___solar,solar_pv,True
Lake_Farm,solar_pv,True
Parkhouse_Corner_Orta_Solar,solar_pv,True
Sandhill_Solar_Park,solar_pv,True
Mingay_Farm,solar_pv,True
Jordanston_Solar_Farm,solar_pv,True
Aldi_Distribution_Centre___Neston,solar_pv,True
Rodbourne_Rail_Farm___Solar_Park,solar_pv,True
Barnby_Moor,solar_pv,True
Knockworthy_Farm,solar_pv,True
Raglington_Farm,solar_pv,True
Stables_Farm,solar_pv,True
Luson_Farm,solar_pv,True
Kellygreen_Farm,solar_pv,True
Grove_Farm_solar,solar_pv,True
Marston_Solar_Farm,solar_pv,True
Tredown_Solar_Farm,solar_pv,True
Slaughtergate_Farm,solar_pv,True
Kia_Ora_Farm,solar_pv,True
Ellicombe_Farm,solar_pv,True
Southcombe_Farm,solar_pv,True
West_Bradley_Farm,solar_pv,True
Whiddon_Farm,solar_pv,True
Lovedean_Farm,solar_pv,True
Higher_Knapp_Farm,solar_pv,True
Park_Farm,solar_pv,True
Dunkeswell_Airfield,solar_pv,True
Langenhoe_Solar_Farm,solar_pv,True
Kentishes_Solar_Farm_,solar_pv,True
Marley_Thatch_Solar_Farm,solar_pv,True
Newlands_Farm_East_Devon,solar_pv,True
Goldthorpe,solar_pv,True
Barley_Wood_Farm_Lane,solar_pv,True
Battens_Farm_Solar_Park,solar_pv,True
Combermere_Abbey,solar_pv,True
Foxburrow_Farm,solar_pv,True
Great_Houndbeare_Farm,solar_pv,True
Condover_Green_Farm,solar_pv,True
Hurst_Farm,solar_pv,True
Ikea_Distribution_Centre_,solar_pv,True
Jaguar_Land_Rover_,solar_pv,True
Leverton_Ings,solar_pv,True
Little_Morton_Solar_Farm,solar_pv,True
Lodge_Farm___Orston,solar_pv,True
Lowther_Farms,solar_pv,True
Mackies_Dairy_PV,solar_pv,True
Mingay_Farm___extension,solar_pv,True
Redcourt_Farm,solar_pv,True
Sowerby_Lodge_Farm,solar_pv,True
Stone_Hill,solar_pv,True
Taunton_Racecourse,solar_pv,True
The_Stables,solar_pv,True
Vantage_Point,solar_pv,True
Wilsom_Farm,solar_pv,True
Woodlands_Farm_Solar_Park,solar_pv,True
Bowerhouse_Farm,solar_pv,True
Brickyard_Barn_,solar_pv,True
Bronwylfa_Reservoir,solar_pv,True
Land_At_Court_Farm,solar_pv,True
Crapnell_Farm_Solar_Farm,solar_pv,True
Danes_Farm___extension,solar_pv,True
Ellough_Airfield_Resubmission,solar_pv,True
Ermine_Street_Farm_solar_park,solar_pv,True
Eynsham_Solar_Farm,solar_pv,True
Ford_Farm_Ashurst,solar_pv,True
Priors_Byne_Farm,solar_pv,True
Scottow_Moor___RAF_Coltishall_Solar_Farm_Phase_1,solar_pv,True
Owls_Lodge_Farm_Extension,solar_pv,True
Hawksland_Solar,solar_pv,True
Middle_Treworder_Farm,solar_pv,True
Black_Bush_Farm,solar_pv,True
Goonhilly_Downs___PV,solar_pv,True
Higher_Tregarne_Solar_Farm,solar_pv,True
Causilgey_Solar_Farm,solar_pv,True
Ninnis_Farm_Solar,solar_pv,True
Trelow_Farm,solar_pv,True
Hewas_Solar_Farm,solar_pv,True
Great_Knowle_Farm_Solar,solar_pv,True
Airfield_Farm_PV,solar_pv,True
Lower_Bodiniel_Farm,solar_pv,True
Shelswell_Park_Solar_Farm,solar_pv,True
Chittering_Solar_Farm,solar_pv,True
Kernow_Solar_Farm,solar_pv,True
Limes_Farm_Solar_Farm,solar_pv,True
Bratton_Fleming_Solar_Farm,solar_pv,True
Lee_Farm,solar_pv,True
Woodlands_Barton_Solar_Farm,solar_pv,True
Winsdon_Farm,solar_pv,True
The_Manor_of_Cadland_Estate,solar_pv,True
Trenouth_Farm,solar_pv,True
Callington_Solar_Farm,solar_pv,True
St_Columb_Major_Solar_Farm,solar_pv,True
Crossways_Pit_Solar_Farm,solar_pv,True
Ayshford_Court_Farm,solar_pv,True
Andover_Solar_Farm,solar_pv,True
Oving_Solar_Farm,solar_pv,True
Grange_Farm_Cornwall,solar_pv,True
Shipton_Bellinger___Park_House_Corner_Solar_Farm,solar_pv,True
Wyld_Meadow_Solar_Farm,solar_pv,True
Shooters_Bottom_Solar_Park,solar_pv,True
Goldenhaye_Field_Solar_Farm,solar_pv,True
Clearwell_Farm___solar,solar_pv,True
Danes_Farm,solar_pv,True
Langstone_Court_Road_Solar_Farm,solar_pv,True
Five_Oaks_Solar_Farm,solar_pv,True
Culworth_House_Solar_Farm,solar_pv,True
Warleigh_Barton_Solar_Farm,solar_pv,True
Trenoweth_Solar_Farm,solar_pv,True
Wymeswold_Airfield,solar_pv,True
Higher_Hatherleigh_Solar_Farm,solar_pv,True
Barton_Solar_Farm,solar_pv,True
Clann_Solar_Farm,solar_pv,True
Dolmans_Hill_Redbridge_Farm_Solar_Arrays,solar_pv,True
North_Norfolk_Business_Centre_Solar_Park,solar_pv,True
Horsacott_Farm_Solar_Park,solar_pv,True
Broxted_Solar_Farm_Stradishall_Airfield,solar_pv,True
Pentylands_Farm,solar_pv,True
Trefinnick_Farm,solar_pv,True
Four_Burrows_Solar_farm,solar_pv,True
Rudbaxton_Solar_Park,solar_pv,True
Hope_Solar_Farm,solar_pv,True
Culmhead_Solar_Farm_,solar_pv,True
Wheal_Alfred_Road_Solar_Farm,solar_pv,True
Blatchworthy_Farm,solar_pv,True
Parsonage_Barn_extension,solar_pv,True
BIOSSENCE_SOLAR_PARK,solar_pv,True
HENDRA_HOLIDAY_PARK_SOLAR_FARM,solar_pv,True
EASTACOMBE_SOLAR_FARM,solar_pv,True
Wrexham_Social_Housing_PV,solar_pv,True
Creathorne_Farm____Solar_Farm,solar_pv,True
Higher_Pirzwell_Solar_Farm,solar_pv,True
Broadgate_Solar_Farm,solar_pv,True
CRAYSMARSH_SOLAR_FARM,solar_pv,True
SOLAR_PARK___WHITCHURCH_FARM,solar_pv,True
THE_HOLLIES_SOLAR_PARK___SKEGNESS,solar_pv,True
AMBLESTON_SOLAR_PANELS,solar_pv,True
Ford_Farm_Solar_Farm,solar_pv,True
Canworthy_Water,solar_pv,True
Foxcombe_Farm_Solar_Park,solar_pv,True
Liddeston_Ridge_Solar_Park_Milford_Haven,solar_pv,True
Bodwen_Solar_Park,solar_pv,True
Treswarrow_Solar_Park,solar_pv,True
Carnemough_Farm_Solar_Park,solar_pv,True
Aller_Court_Farm_Solar_Park,solar_pv,True
Derriton_Fields_Solar_Farm,solar_pv,True
Cleave_Farm_Solar_Park,solar_pv,True
Four_Burrows_Farm__Extension_2,solar_pv,True
Chelworth_Industrial_Estate_Solar_Park,solar_pv,True
Drapers_Farm_Solar_Park,solar_pv,True
Week_Farm_Solar_Park,solar_pv,True
Langton_Farm_Solar_park,solar_pv,True
Says_Court_Farm_solar_park,solar_pv,True
Ketton_solar_farm,solar_pv,True
The_Manor_of_Cadland_Estate___extension,solar_pv,True
Rowles_Farm_solar_park,solar_pv,True
Ryston_Estate_Solar_Park,solar_pv,True
Reaches_Farm_Solar_Park,solar_pv,True
Watchfield_Lawn,solar_pv,True
Witches_Solar_Farm,solar_pv,True
Burntstalk_Solar_Park,solar_pv,True
Claypit_Moor_Solar_Farm_Lexham,solar_pv,True
Holton_Airfield,solar_pv,True
Goose_Willow_Farm,solar_pv,True
Chediston_Hall_Solar_Park,solar_pv,True
Burthy_Farm,solar_pv,True
Caeremlyn_Solar_Farm,solar_pv,True
Hazard_Farm,solar_pv,True
Home_Farm_Merton___solar,solar_pv,True
Rudge_Hill_Farm,solar_pv,True
Sevor_Farm,solar_pv,True
Marsh_Farm,solar_pv,True
Four_Burrows_Solar_farm_Extension_1,solar_pv,True
Old_Rides_solar_Farm,solar_pv,True
Parabel_North_Beer_Solar_Farm,solar_pv,True
Crockers_Hele,solar_pv,True
Bentley_Motors_Ltd_1,solar_pv,True
Northwick_Estate_Extension,solar_pv,True
North_Of_Field_Barn,solar_pv,True
Wroughton_Airfield_Solar_Park,solar_pv,True
Forest_Heath_Solar_Farm,solar_pv,True
Abbey_Farm,solar_pv,True
Land_at_Soho_Farm,solar_pv,True
Land_South_West_Of_Apollo_Business_Park,solar_pv,True
Manor_Farm_Monmouthshire,solar_pv,True
Land_at_Mill_Farm,solar_pv,True
Land_at_East_Farm,solar_pv,True
New_Rendy_Farm,solar_pv,True
Reydon_Farm,solar_pv,True
Copley_Farm,solar_pv,True
Ellough_Airfield_Ellough_2_extension,solar_pv,True
Nanteague_Farm,solar_pv,True
Grange_Farm_Burton_Pedwardine,solar_pv,True
Wheat_Leasows_Solar_Park,solar_pv,True
Honington_Solar_Farm,solar_pv,True
Hill_Farm_Solar_Park,solar_pv,True
Homeland_Solar_Farm,solar_pv,True
East_Fairlee,solar_pv,True
Fairwind_Farm,solar_pv,True
Redlands_Farm,solar_pv,True
Fenton_Home_Farm,solar_pv,True
Abbots_Ripton_Solar_Farm,solar_pv,True
South_Lees_Farm,solar_pv,True
Southwick_Estate,solar_pv,True
Waterloo_solar_park,solar_pv,True
Ketton_solar_farm___phase_2,solar_pv,True
Oak_Cottage,solar_pv,True
Sycamore_Farm,solar_pv,True
North_Wayton_Farm,solar_pv,True
South_Creake_Solar_Farm,solar_pv,True
Pen_Y_Cae_solar_farm,solar_pv,True
Rose_And_Crown_Farm,solar_pv,True
Wickfield_Farm,solar_pv,True
Rookery_Farm,solar_pv,True
Seaview_Farm,solar_pv,True
Chelveston_Airfield___extension,solar_pv,True
Huddlesford_Farm,solar_pv,True
Park_Lane,solar_pv,True
Gypsom_Solar_Farm,solar_pv,True
Polmaugan_Farm,solar_pv,True
Land_at_Gilley's_Mill_Dam,solar_pv,True
East_Lenham_Solar_Farm,solar_pv,True
Steventon_Solar_Park,solar_pv,True
Westwood_Farm_Solar_Park,solar_pv,True
Meadow_Farm_solar_park,solar_pv,True
Sutton_Mawr_Farm,solar_pv,True
Carloggas_Farm_Solar_Park,solar_pv,True
Lincoln_Farm,solar_pv,True
Llwyn_Du_Solar_Farm,solar_pv,True
West_Hill_Farm_solar,solar_pv,True
Elms_Farm,solar_pv,True
Rock_Farm_/_Goldborough_Farm_Rookwood,solar_pv,True
Great_Wilbraham_Solar_Farm,solar_pv,True
Somerton_Door_Farm,solar_pv,True
Barugh_Farm,solar_pv,True
Lains_Farm,solar_pv,True
Great_Seabrook_Farm,solar_pv,True
Cotgrave_solar_farm,solar_pv,True
Parkview_solar_park,solar_pv,True
Overton,solar_pv,True
Lower_Basset_Down_Farm,solar_pv,True
Morfa_Farm,solar_pv,True
Barton_Close_Farm,solar_pv,True
Wiggin_Hill_Solar_Farm___Phase_1,solar_pv,True
Wilton_Farm_pv,solar_pv,True
Canada_Farm,solar_pv,True
Hoback_Farm,solar_pv,True
The_Rainbows_Solar_Farm,solar_pv,True
Salcey_Solar_Farm,solar_pv,True
Hillsmoor_Solar_Farm,solar_pv,True
Desford_Solar_Farm,solar_pv,True
Iwood_Lane_Solar_Farm,solar_pv,True
Playters_Solar_Farm,solar_pv,True
Bypass_Nurseries_Solar_Farm,solar_pv,True
Warrington_Home_Solar_Scheme,solar_pv,True
Babergh_Home_Solar_Scheme,solar_pv,True
Mid_Suffolk_Home_Solar_Scheme,solar_pv,True
Garn_Solar_Farm,solar_pv,True
Trethosa_Farm_Solar_Park,solar_pv,True
Garvinack_Farm_Solar_Park,solar_pv,True
Caswell_Farm_Solar_Park,solar_pv,True
Epwell_Grounds_Farm_solar_park,solar_pv,True
Pant_Y_Moch_Farm,solar_pv,True
Woolbridge_Solar_Park,solar_pv,True
Tengore_Lane_,solar_pv,True
Manor_Farm_Dorset,solar_pv,True
Hadlow_Place_solar_farm,solar_pv,True
Bassingbourn_Solar_Farm,solar_pv,True
Lower_Pennington_Farm,solar_pv,True
Goose_Willow_Farm___extension,solar_pv,True
Avenue_Farm,solar_pv,True
Sywell_Road,solar_pv,True
Gosfield_Airfield,solar_pv,True
Exning,solar_pv,True
Grange_Farm_Avon,solar_pv,True
Land_at_East_Farm___extension,solar_pv,True
Laughton_Level,solar_pv,True
Croydon_/_Church_Farm_Royston,solar_pv,True
Hadley_Farm_Orta_Membury_Solar_Farm,solar_pv,True
Manor_Farm_Wiltshire_,solar_pv,True
Tonge_Corner_Farm,solar_pv,True
Oaklands_Farm_,solar_pv,True
North_East_of_Ainderby_Steeple,solar_pv,True
Errol_Estate,solar_pv,True
Grange_Farm,solar_pv,True
Wraysbury_Landfill,solar_pv,True
Wisbridge_Farm,solar_pv,True
Caddington_Solar_Farm_Phase_1,solar_pv,True
Capeland_Farm,solar_pv,True
Castle_Combe_Circuit,solar_pv,True
Castle_Eaton_Farm,solar_pv,True
Chancery_Farm_Ardleigh,solar_pv,True
Clapham_solar_farm,solar_pv,True
Chelveston_Airfield,solar_pv,True
Chisbon_Solar_Farm_Frowick_Lane,solar_pv,True
Clawdd_Ddu_PV,solar_pv,True
Congresbury_Solar_Farm,solar_pv,True
Abergelli_Glas_Solar_Farm,solar_pv,True
Anthony_Estate_Solar_Farm,solar_pv,True
Aston_House_Solar_Farm,solar_pv,True
Bakers_Farm_solar,solar_pv,True
Balls_Wood_Solar_Farm,solar_pv,True
Barn_Farm_,solar_pv,True
Bay_Farm,solar_pv,True
Berwick_solar_farm,solar_pv,True
Bidwell_Solar_Farm_,solar_pv,True
Bilsham_Farm,solar_pv,True
Blackwell_Grange_Solar_Farm,solar_pv,True
Blenches_Mill,solar_pv,True
Bobbing_solar_farm,solar_pv,True
Bodmin_2_Solar_Farm,solar_pv,True
Bottom_Plain,solar_pv,True
Braydon_Manor_Farm,solar_pv,True
Bulls_Head_Farm_North,solar_pv,True
Burrowton_Farm,solar_pv,True
Ebbsfleet_Solar_Farm,solar_pv,True
Court_Colman_solar_park,solar_pv,True
Cowdown_Lane,solar_pv,True
Crannaford_Solar_Farm,solar_pv,True
Cwmcaesingrug_Farm,solar_pv,True
Decoy_Farm_House_Solar_Modules,solar_pv,True
Hadley_Solar_Farm,solar_pv,True
Hall_Farm_Solar_Farm_Newbold_Verdon,solar_pv,True
Hammond_Court_Farm,solar_pv,True
Hatch_Penn_Farm_PV,solar_pv,True
Hayford_Farm___extension,solar_pv,True
High_Penn_Solar_Park,solar_pv,True
Highfields_Farm_Braintree,solar_pv,True
Highfields_Farm_Colchester,solar_pv,True
Hill_End_Farm,solar_pv,True
Holwell_Hill,solar_pv,True
Hook_Valley_Solar_Park,solar_pv,True
Partridge_Farm,solar_pv,True
Aspatria,solar_pv,True
Penare_Farm_Solar_Farm,solar_pv,True
Pencoose_Farm,solar_pv,True
Pensipple_Farm,solar_pv,True
Pingewood_Road_South,solar_pv,True
Pingry_Farm___Phase_1,solar_pv,True
Pitworthy_Farm_Solar_Park,solar_pv,True
Primrose_Hill_Farm,solar_pv,True
Pyde_Drove,solar_pv,True
Race_farm,solar_pv,True
Radcliffe_Solar_Farm,solar_pv,True
Redhall_Industrial_Estate,solar_pv,True
Ring_O_Bells_Farm,solar_pv,True
Roanhead_Farm,solar_pv,True
Rotherdale_Farm___extension,solar_pv,True
Roundponds_Farm_Solar_Park,solar_pv,True
Hopton_Road_Industrial_Estate,solar_pv,True
Field_House_Solar_/_Hursley_Road,solar_pv,True
Kencot_Hill_Solar_Farm,solar_pv,True
KERNICK_MICA_DAM___SOLAR_FARM,solar_pv,True
Landmead_Farm_East_Hanney,solar_pv,True
Lower_Newton_Farm,solar_pv,True
Lower_Slade_Farm,solar_pv,True
Lower_Ufford_Lane,solar_pv,True
Lynt_Farm,solar_pv,True
Marchington_Solar_Farm,solar_pv,True
Monksham_Solar_Farm,solar_pv,True
Moorhouse_Lane,solar_pv,True
Morton_Wood_Farm,solar_pv,True
Natewood_Farm,solar_pv,True
Netley_Landfill_Solar,solar_pv,True
New_Stone_House,solar_pv,True
North_Creake_Airfield_,solar_pv,True
North_of_Newton_Farm,solar_pv,True
Roves_Farm_Solar_,solar_pv,True
Salhouse_Solar_Farm,solar_pv,True
Norton_Hall,solar_pv,True
Oaklands_Plantation,solar_pv,True
Packington_Solar_Farm,solar_pv,True
SAUNDERCROFT_SOLAR_FARM,solar_pv,True
Sedbury_Park,solar_pv,True
Six_Hills_Solar_Farm,solar_pv,True
South_Newton_Farm,solar_pv,True
Southdown_Quarry,solar_pv,True
Southfield_Farm_Solar_Park_,solar_pv,True
Spittleborough_Farm,solar_pv,True
Stanton_solar_park,solar_pv,True
Stantway_Solar_Farm,solar_pv,True
Stonebarrow_Farm,solar_pv,True
Stowbridge_Farm,solar_pv,True
Stratton_Hall_Solar_Park,solar_pv,True
Sutton_Montis_Road_Solar_Park_/_Sutton_Bridge_Solar_Farm,solar_pv,True
Thame_solar_farm,solar_pv,True
The_Flit,solar_pv,True
The_Old_Airfield,solar_pv,True
Thorne_Farm,solar_pv,True
Tiers_Cross_Solar_Farm,solar_pv,True
Tilmanstone_Colliery,solar_pv,True
Toggam_Farm,solar_pv,True
Tower_Hill_Farm,solar_pv,True
Toyota_Motor_Manufacturing_Uk___Deeside,solar_pv,True
Trench_Farm,solar_pv,True
Troughton_Farm,solar_pv,True
Turweston_Solar_Farm,solar_pv,True
Upper_Farm_solar_park,solar_pv,True
Upper_Huntingford_Farm,solar_pv,True
Walnut_Yard_Phase_1,solar_pv,True
Water_Eaton_Farm_/_Port_Farm,solar_pv,True
Wedgehill_Farm,solar_pv,True
West_Raynham,solar_pv,True
Westerfield_Farm,solar_pv,True
Westover_Farm_,solar_pv,True
Whitley_Farm_1_of_2,solar_pv,True
Whitley_Farm_2_of_2,solar_pv,True
Whitton_Mawr,solar_pv,True
Winham_Farm_,solar_pv,True
Woden_Park,solar_pv,True
West_Kingsmill_Farm_Solar_Park,solar_pv,True
Bommertown_Solar_Farm,solar_pv,True
West_Ditchen_Farm_,solar_pv,True
Lower_Marsh_Farm,solar_pv,True
Bodorgan_Solar_Farm,solar_pv,True
Chapel_Lane_Parley_Solar_Farm_Phase_2,solar_pv,True
Arkwright_Solar_Farm,solar_pv,True
Charity_Farm_Burlton_Solar_Farm,solar_pv,True
Verwood_Solar_Farm,solar_pv,True
Parciau_Farm_Solar_Park,solar_pv,True
Smith_Hall_Farm_Solar_Park,solar_pv,True
Bystock_Solar_Farm,solar_pv,True
Bedborough_Farm,solar_pv,True
Cranham_Golf_Course_Solar_Park,solar_pv,True
Hurcott_Copse_Solar_Farm,solar_pv,True
Grange_Farm_Solar_Farm,solar_pv,True
Trehawke_Barton_Doddycross_Solar_Farm,solar_pv,True
Newton_Ferrers_solar_park,solar_pv,True
Nancrossa_Farm_solar_park,solar_pv,True
Pitts_Farm,solar_pv,True
Walmoor_Farm_solar_park,solar_pv,True
Trequite_Farm_solar_park_,solar_pv,True
Bentley_Estate,solar_pv,True
New_Row_Farm,solar_pv,True
MALMAYNES_HALL_FARM,solar_pv,True
Crucis_Park,solar_pv,True
Treguff_Farm_,solar_pv,True
Kenardington_Place_Farm,solar_pv,True
Henbury_Quarry,solar_pv,True
Grange_Farm_Kirkby_on_Bain,solar_pv,True
Boxted_Airfield,solar_pv,True
Rectory_Farm/Emberton,solar_pv,True
St_Francis_Court_Farm,solar_pv,True
Berry_Court_Farm,solar_pv,True
Walkers_Wood_Solar_Park,solar_pv,True
Odell_Glebe_Solar_Farm,solar_pv,True
Hunstrete_Wilmington_Farm,solar_pv,True
Lower_Severalls_Farm,solar_pv,True
Burton_Farm,solar_pv,True
Sundorne_Grove,solar_pv,True
Lower_End_Farm,solar_pv,True
Skegness_Solar_Park,solar_pv,True
Land_north_of_Temple_Normanton,solar_pv,True
Helland_Meads_,solar_pv,True
Crow_Trees_Farm,solar_pv,True
Priest_Weston,solar_pv,True
Horam,solar_pv,True
Turves/Burtnhouse_Solar_Farm_Extension,solar_pv,True
Coombe_Farm,solar_pv,True
Higher_Hill_Farm_extension,solar_pv,True
Mount_Farm,solar_pv,True
Hafod_Y_Dafal_Farm,solar_pv,True
Barr_Farm,solar_pv,True
BAE_Samlesbury_Aerodrome,solar_pv,True
Shoals_Hook_Farm,solar_pv,True
Littlewood_Farm,solar_pv,True
Cherry_Tree_Farm,solar_pv,True
Lodge_Farm,solar_pv,True
Bumpers_Farm_Phase_1,solar_pv,True
Birch_Airfield,solar_pv,True
Gaultney_Solar_Park,solar_pv,True
Puriton_Landfill_Solar_Farm,solar_pv,True
Hunciecroft_Farm,solar_pv,True
Rolleston_Park_Farm,solar_pv,True
Prestop_Park_Farm,solar_pv,True
Yardwall_Manor,solar_pv,True
Royston_Solar_Farm_Phase_1_a,solar_pv,True
Bradenstoke_solar_park,solar_pv,True
Deepdale_Farm,solar_pv,True
Manor_Farm_Horton,solar_pv,True
Penrhiwarwydd_Farm,solar_pv,True
Nowhere_Farm,solar_pv,True
Langar_Lane,solar_pv,True
Pitchford,solar_pv,True
Condover_Airfield,solar_pv,True
Askern_Colliery_solar_farm,solar_pv,True
Maesgwyn_solar_farm,solar_pv,True
Church_Farm,solar_pv,True
Folly_Farm,solar_pv,True
Stowbridge_Farm___Extension_Phase_2,solar_pv,True
Black_Peak_Farm,solar_pv,True
"Jubilee_Farm,_Barnby_Moor",solar_pv,True
Newnham_Estate,solar_pv,True
Wambrook_Farm,solar_pv,True
Gawcott_Fields_Farm,solar_pv,True
Mount_Mill_Farm_,solar_pv,True
Handley_Park_,solar_pv,True
Tollgate_Farm,solar_pv,True
North_Farm_Spetisbury,solar_pv,True
Chapel_Lane_Parley_Solar_Farm_Phase_3,solar_pv,True
GDL_Wymeswold_Solar_Farm/land_off_the_A6006,solar_pv,True
Hillhouse_Farm,solar_pv,True
Gib_Lane_Aston_Clinton_solar_park,solar_pv,True
Outwood_Farm_Phase_1,solar_pv,True
Raventhorpe_Farm,solar_pv,True
Manor_Farm_Castle_Cary,solar_pv,True
Maes_Bach_Farm,solar_pv,True
Sheepbridge_Court_Farm,solar_pv,True
Elton_solar_farm,solar_pv,True
Cross_Roads_Plantation,solar_pv,True
Munceys_Farm,solar_pv,True
Luscott_Barton,solar_pv,True
Kinmel_1_CIC,solar_pv,True
Owls_Hatch_Road,solar_pv,True
Wilbees_Farm_,solar_pv,True
Winterbrook,solar_pv,True
Welbeck_Solar_/_Hazel_Gap,solar_pv,True
Homestead_Farm_Alderton,solar_pv,True
Arna_Wood_Solar,solar_pv,True
Knottingley_A,solar_pv,True
Clayhill_Farm,solar_pv,True
Paddock_Wood,solar_pv,True
Wick_Farm_Burnham_on_Crouch,solar_pv,True
Netherfield_Lane,solar_pv,True
Upper_Meadowley_Farm,solar_pv,True
Wick_Farm_Solar_Park,solar_pv,True
High_Leas,solar_pv,True
Atherstone,solar_pv,True
The_Elms,solar_pv,True
Hunters_Race_Solar_Park,solar_pv,True
Parham_Airfield_Great_Glenham,solar_pv,True
Chapel_Lane_Parley_Solar_Farm_Phase_1,solar_pv,True
Welbeck_Colliery,solar_pv,True
Priory_Farm,solar_pv,True
Norrington_Common_Solar_Farm,solar_pv,True
Hendre_Fawr_Farm,solar_pv,True
Northmoor,solar_pv,True
Manor_Farm___Shripney,solar_pv,True
Chelwood_Solar_Farm,solar_pv,True
Manor_Farm___Pertenhall,solar_pv,True
Hardingham_Solar_Farm___extension,solar_pv,True
Brooks_Farm_Solar_Park,solar_pv,True
Christchurch_Energy,solar_pv,True
Yarburgh_Grove_Farm,solar_pv,True
Taplins_Farm_solar_park,solar_pv,True
Homestead_Farm,solar_pv,True
The_Kickles,solar_pv,True
Eakring_Solar_Farm,solar_pv,True
Egmanton_Solar_Farm_,solar_pv,True
Branston_solar_park,solar_pv,True
Golden_Hill,solar_pv,True
Chapel_Hill,solar_pv,True
Pen_Rhiw_Caradog,solar_pv,True
Vine_Farm_Solar_Park,solar_pv,True
Coombeshead_Solar_Farm,solar_pv,True
Decoy_Farm,solar_pv,True
Easington_Farm_Chalgrove,solar_pv,True
Gelliwern_Isaf_Farm,solar_pv,True
Sawmills_Solar_Farm,solar_pv,True
Walland_Farm,solar_pv,True
Weycock_Road,solar_pv,True
Higher_Bye_Farm,solar_pv,True
Cockhill_Solar_Farm,solar_pv,True
Bentham_Farm,solar_pv,True
Boscombe_Airfield,solar_pv,True
Shotwick_Solar_Farm,solar_pv,True
Winnards_Perch_Solar_Farm,solar_pv,True
Lodge_Farm_Poulshot,solar_pv,True
Glebe_Farm_Solar_Energy_Park,solar_pv,True
Bryn_yr_Odyn_Solar_Farm,solar_pv,True
Rhyd_y_Pandy_Solar_Farm,solar_pv,True
Saron_Road_solar_park,solar_pv,True
Tiln_Farm_solar_park,solar_pv,True
Langford_Solar_Farm,solar_pv,True
Stokes_Marsh_Farm,solar_pv,True
West_Hall_Solar_Farm,solar_pv,True
Stowbridge_Farm___Extension_Phase_1,solar_pv,True
Bourne_Park_Solar,solar_pv,True
Hall_Farm,solar_pv,True
Brynteg_Farm,solar_pv,True
Stonepit_Farm,solar_pv,True
Yerbeston_Gate_Farm,solar_pv,True
Grange_Farm_Lincolnshire,solar_pv,True
Molehill_Farm,solar_pv,True
Pashley_Farm,solar_pv,True
Fiskerton_Airfield_Phase_1,solar_pv,True
Hendai_Farm,solar_pv,True
Bury_Lane_Fruit_Farm,solar_pv,True
Marsh_Farm_Hilperton,solar_pv,True
Ashlawn_Farm,solar_pv,True
Cuckoo_Grove_Farm,solar_pv,True
Gedling_Solar_Farm,solar_pv,True
Bilsthorpe_Quarry_Solar_Park,solar_pv,True
Littlebourne,solar_pv,True
Wellingborough_Solar_Farm,solar_pv,True
Baglan_Bay_Solar_Farm___Phase_1,solar_pv,True
Gover_Farm_Solar_Park,solar_pv,True
Kerriers_Solar_Park,solar_pv,True
Hullavington_Solar_Park,solar_pv,True
Crossness_Sewage_Works_PV,solar_pv,True
Higher_Hill_Farm,solar_pv,True
Manor_Farm_Keinton_Mandeville,solar_pv,True
Walton_WTW_PV,solar_pv,True
Wolseley_National_Distribution_Centre,solar_pv,True
East_Midlands_Distribution_Centre,solar_pv,True
Land_at_High_Point_Farm,solar_pv,True
Land_at_Newlands_Farm,solar_pv,True
Eckland_Lodge_Farm,solar_pv,True
Caddington_Solar_Farm_Phase_2,solar_pv,True
Montys_Farm,solar_pv,True
Merston_Solar_Park,solar_pv,True
Fambridge_Road/Canewdon_Road,solar_pv,True
Roskrow_Farm,solar_pv,True
Hale_Farm,solar_pv,True
Pylle_Southern_solar_park_Lower_Easton_Farm,solar_pv,True
Land_at_Darran_Farm,solar_pv,True
Wisbech_Solar_Farm,solar_pv,True
Rhug_Estate,solar_pv,True
Snettisham_Solar_Farm,solar_pv,True
West_Hill_Farm,solar_pv,True
Cold_Harbour_Farm,solar_pv,True
Land_at_Whatton_Road,solar_pv,True
Upper_Wick_Solar_Farm,solar_pv,True
Marshwood_Farm,solar_pv,True
House_OHill_Solar_Farm,solar_pv,True
Hawkers_Farm_,solar_pv,True
Woodtown_Farm,solar_pv,True
Land_at_Tangmere_Airfield,solar_pv,True
Land_at_Coton_Park_Colliery,solar_pv,True
Chapel_Farm,solar_pv,True
Cairnmore_Solar_Park,solar_pv,True
Bake_Farm_Solar_Farm,solar_pv,True
Thompson_House_Equestrian_farm,solar_pv,True
Red_Hill_Farm,solar_pv,True
Stoneshill_Farm_,solar_pv,True
Carlam_Hill_Education_CIC,solar_pv,True
Caldecote_Manor_Farm,solar_pv,True
Crundale_/_Fenton_Home_Farm_extension,solar_pv,True
Fieldscale,solar_pv,True
Iwade_Solar_Farm,solar_pv,True
Kingsland_Barton_Solar_Farm_,solar_pv,True
Lee_Moor_China_Clay_Works,solar_pv,True
Littleton,solar_pv,True
Lount_solar_farm,solar_pv,True
New_Mains_Of_Guynd_Farm,solar_pv,True
Orchard_Farm,solar_pv,True
Salford_Lodge,solar_pv,True
The_Grange,solar_pv,True
Tiddiecross_Solar_Farm,solar_pv,True
Tooleys_Farm,solar_pv,True
Trickey_Warren,solar_pv,True
Twemlows,solar_pv,True
Tyddyn_Cae_Nefyn,solar_pv,True
Abbots_Ann,solar_pv,True
Margate_Solar_Farm,solar_pv,True
Laceby_Solar_Farm,solar_pv,True
Land_East_of_White_Horse_Lane,solar_pv,True
Westfield_Farm,solar_pv,True
West_Woodlands_,solar_pv,True
Mendennick_Farm_,solar_pv,True
Cockett_Valley,solar_pv,True
Rampisham_North,solar_pv,True
Severn_Road_Solar_Park,solar_pv,True
Land_at_Sutor_Farm,solar_pv,True
Land_North_East_Of_Penrose_Far,solar_pv,True
Land_At_Ferry_Farm,solar_pv,True
Land_at_Brookbarn_Farm,solar_pv,True
Field_at_School_Aycliffe_Lane,solar_pv,True
Capel_Grange_Solar_Park,solar_pv,True
Pentre_farm,solar_pv,True
Land_At_Rymes_Farm_Phase_1,solar_pv,True
Llancadle_Farm,solar_pv,True
Land_At_Rymes_Farm_Phase_2/Grange_Solar_Farm,solar_pv,True
Trowle_Common,solar_pv,True
Canopus_Farm,solar_pv,True
Land_At_Guston_Court_Farm,solar_pv,True
Pressock_Farm,solar_pv,True
Rufford_Lane,solar_pv,True
Land_to_the_north_and_south_of_Cakers_Lane_Wilsom,solar_pv,True
Collacott_Farm,solar_pv,True
Tonedale_Farm,solar_pv,True
Lindridge_Farm,solar_pv,True
Abbots_Ripton_Solar_Farm_ext.,solar_pv,True
Fleetwood_Water_Treatment_Works,solar_pv,True
Triangle_Solar_Farm_Park,solar_pv,True
Land_at_Lower_House_Farm,solar_pv,True
Aldi_Distribution_Centre,solar_pv,True
Bromfield_Sand_and_Gravel,solar_pv,True
Land_at_Heywood_Grange,solar_pv,True
Ravens_Close,solar_pv,True
Forest_Farm,solar_pv,True
Land_West_of_Roberts_Wall_Far,solar_pv,True
Drayton_Manor_Farm,solar_pv,True
Somersal_Mill_Farm,solar_pv,True
Land_Opposite_Tyn_Y_Pistyll,solar_pv,True
Land_South_of_Highfield_House,solar_pv,True
Rhewl_Farm,solar_pv,True
Land_at_Dayfields_Farm,solar_pv,True
MMD_Shipping_Services,solar_pv,True
Newton_Margate,solar_pv,True
Eveley_Farm_,solar_pv,True
Court_Farm_,solar_pv,True
Green_Farm,solar_pv,True
Home_Farm,solar_pv,True
Land_at_Thornborough_Grounds,solar_pv,True
Port_of_Barry____Site_1,solar_pv,True
Southern_Counties_Shooting_Ground_Phase_1_,solar_pv,True
Fanny_House_Farm,solar_pv,True
Chard_Solar_Park,solar_pv,True
Marshborough_Farm_solar_park_,solar_pv,True
Fiskerton_Airfield_Phase_2,solar_pv,True
"Langley_Priory,_Walnut_Yard_Phase_2",solar_pv,True
Bluegates_Solar_Park,solar_pv,True
Land_To_The_East_Of_Back_Lane,solar_pv,True
Axe_View_Solar_Farm,solar_pv,True
Land_at_Fell_View_Farm_Phase_1,solar_pv,True
South_of_Henley_Hall,solar_pv,True
Place_Barton_Farm,solar_pv,True
Lower_Stanley_Farm,solar_pv,True
Land_Parcel_North_of_Goddards,solar_pv,True
"Ld_At_Lawrence_End_Park_&,_Dane_Street",solar_pv,True
"Gravel_Works,_Wasing_Estate",solar_pv,True
Drakelow_Solar_Farm,solar_pv,True
Land_at_Five_Oaks_Farm,solar_pv,True
Knolton_Farmhouse_Cheese_Solar_Farm,solar_pv,True
Blakenhall_Park_Solar_Farm,solar_pv,True
Grantham_Solar_Farm,solar_pv,True
Agricultural_Land_at_Trecastle,solar_pv,True
Sharland_Solar_Farm,solar_pv,True
Short_Hazel_Solar_Farm,solar_pv,True
Mill_Hill_Farm,solar_pv,True
"Little_Irchester,_Higham_Road_Solar_Farm",solar_pv,True
Land_North_of_Chiltern_Greeen,solar_pv,True
Bilsborrow_Solar_Farm,solar_pv,True
Hill_Farm,solar_pv,True
Padleywood_Farm,solar_pv,True
Tiln_Farm_Retford_extension,solar_pv,True
Tower_Hayes_Farm,solar_pv,True
Sheriffhales_Solar_Farm,solar_pv,True
Land_Adjacent_Claypits_Farm_a,solar_pv,True
Land_Adjacent_Claypits_Farm_b_Birch_Estate,solar_pv,True
Fferm_Bryn_Bachau,solar_pv,True
Scottow_Moor___RAF_Coltishall_Solar_Farm_Phase_2,solar_pv,True
West_Carclaze_Solar_Farm,solar_pv,True
Flixborough_Industrial_Estate,solar_pv,True
Land_adjacent_to_Church_Road,solar_pv,True
Lady_Hole_Farm,solar_pv,True
Land_at_Christs_Hospital_School,solar_pv,True
Creswell_Solar_Park_,solar_pv,True
Pollington_Solar_Farm,solar_pv,True
Land_NW_Of_Pickhill_Bridge_Farm,solar_pv,True
Moneystone_Quarry_Solar_Farm,solar_pv,True
Pingry_Farm___Phase_2,solar_pv,True
Kenninghall_Solar_/_Hazeldick_Solar,solar_pv,True
Wogaston_Solar_Farm,solar_pv,True
Crugmore_Farm,solar_pv,True
Rydon_Farm,solar_pv,True
"Solar_farm_at_land_at_The_Willows,_Uttoxeter",solar_pv,True
Highwood_Lane,solar_pv,True
Yorkley_Solar_Park,solar_pv,True
Solar_Farm_at_Fields_Farm_Phase_1,solar_pv,True
Land_at_Beech_Farm,solar_pv,True
Aberporth_Solar_Farm,solar_pv,True
Hoplass_Farm,solar_pv,True
Chelveston_Renewable_Energy_Park___Solar_Extension,solar_pv,True
Grove_Solar_Park_Phase_1,solar_pv,True
Fell_View_Farm_Phase_2,solar_pv,True
Land_At_Chiddinglye_Farm,solar_pv,True
Land_of_coal_pit_lane,solar_pv,True
Huntingfield_Solar_Farm,solar_pv,True
Astley_Solar_Farm,solar_pv,True
Majors_Hill/Turners_Hill_Solar_Farm,solar_pv,True
Land_South_Of_Bryn_Cyrnau_Isaf,solar_pv,True
Ashby_Solar_Farm_a,solar_pv,True
Land_South_of_Knock_Lane,solar_pv,True
Land_south_of_Brick_Kiln_Road,solar_pv,True
Averhill_Farm,solar_pv,True
Morton_House_Marchington,solar_pv,True
Biglis_Farm,solar_pv,True
Milborne_Port_Solar_Farm,solar_pv,True
Land_At_Cwm_Bargoed,solar_pv,True
Land_South_Off_Ollerton_Road,solar_pv,True
Land_At_Swanland_Road,solar_pv,True
Rookery_Business_Park,solar_pv,True
Land_North_of_Sandhutton_Lane,solar_pv,True
"Land_West_Of_Hunger_Hill_Farm
",solar_pv,True
Land_East_Of_Honeysome_Road,solar_pv,True
Salford_Road_Solar_Farm_,solar_pv,True
Ld_NW_Of_Ratcliffe_House_Farm,solar_pv,True
"Land_at_Woodhouse_Farm___________
",solar_pv,True
"Parklands_________
",solar_pv,True
Amcor_Flexibles,solar_pv,True
Waterditch_Solar_Farm,solar_pv,True
Land_Off_Ingarsby_Lane,solar_pv,True
Nissan_Test_Track,solar_pv,True
Cooper_House_Farm,solar_pv,True
Land_at_Pollington_Airfield,solar_pv,True
"Land_at_Poles_Hole_Farm_____
",solar_pv,True
"Staining_Wood_Farm
",solar_pv,True
"Land_between_Orton_Park_Farm____
",solar_pv,True
"Site_To_North_East_Of,_Lochcraigs_Farm
",solar_pv,True
"West_Mains_of_Kinblethmont_
",solar_pv,True
"Land_West_Side_of_Axe_and_Cleaver_Lane_
",solar_pv,True
"Land_To_The_North_Of_Moor_Farm_______
",solar_pv,True
Henley_Solar_Farm,solar_pv,True
Crown_Farm,solar_pv,True
Eaglescliffe_Solar_Farm,solar_pv,True
Tyddyn_Gwyn_Gelli_Gron_Farm,solar_pv,True
Thornton_Lane,solar_pv,True
Penycae_Solar_Farm,solar_pv,True
Land_at_Ingles_Hill_Farm,solar_pv,True
"Southbrook_Solar_Farm________________
",solar_pv,True
Green_Croft_Solar_Farm,solar_pv,True
Upper_Pant_Ysgawen_Farm/Crumlin,solar_pv,True
Land_at_Oxcroft_Stocking_Ground,solar_pv,True
West_Strathore_Solar_Limited,solar_pv,True
Land_at_Meadow_Farm,solar_pv,True
Hungerford_Farm,solar_pv,True
Land_at_Morfa_Camp,solar_pv,True
Land_South_of_Pogmore_Spinney,solar_pv,True
Abbey_Fields_Farm,solar_pv,True
Ernesettle_Solar_Farm,solar_pv,True
SPF_Thirty_Acres_Farm,solar_pv,True
Killan_Farm_Solar_Array_Extens,solar_pv,True
Land_East_of_Appleton_Farm,solar_pv,True
Land_At_Debdale_Lane,solar_pv,True
Land_at_Ash_Row_Farm,solar_pv,True
Land_at_Stripe_Farm,solar_pv,True
Land_at_Bolsover_Moor_Quarry,solar_pv,True
Land_To_The_North_Of_Dairy_House_Farm,solar_pv,True
Pennington_Recycling_Centre,solar_pv,True
Land_west_of_Welton_Road,solar_pv,True
Twin_Yards_Solar_Farm,solar_pv,True
Land_of_Green_Lane,solar_pv,True
Land_At__Actrees_Farm,solar_pv,True
Land_at_Bowden_Lane,solar_pv,True
Land_at_Stalbridge_Park,solar_pv,True
Frog's_Loke_Solar_Farm,solar_pv,True
Manmoel_Road_Solar_Park,solar_pv,True
Huntspill_Level_Solar_Park,solar_pv,True
Land_at_Box_Road,solar_pv,True
Land_south_of_Wood_Lane_Safeguard_Bradwell,solar_pv,True
Newton_Downs_Farm,solar_pv,True
Bunn's_Hill_Solar_Park,solar_pv,True
Rushmoor_Lane_Farm_Cheshire_Coppice,solar_pv,True
Fullenton_Solar_Farm,solar_pv,True
Cwm_Derwyn_Farm,solar_pv,True
Land_to_the_west_of_Ashfordby_Business_Park,solar_pv,True
York_Solar_Farm,solar_pv,True
Land_Off_Folly_Lane,solar_pv,True
Land_At_Bake_Farm,solar_pv,True
Land_To_The_South_Of_Todderstaffe,solar_pv,True
Strettington_Solar_Farm,solar_pv,True
Cressing_Solar_Farm_Phase_1,solar_pv,True
Land_north_of_Ashton_Road,solar_pv,True
Parc_Cynog,solar_pv,True
Albrighton_Solar_farm,solar_pv,True
Clapton_Farm_Solar_Park,solar_pv,True
Galton_Manor_Solar_Park,solar_pv,True
Wormit_Solar_Farm,solar_pv,True
The_Breck,solar_pv,True
North_Tenement,solar_pv,True
Cwrt_Henllys_Farm,solar_pv,True
Land_at_Wreay,solar_pv,True
Common_Farm,solar_pv,True
Fields_Farm_Agden,solar_pv,True
Land_at_Hill_Farm,solar_pv,True
Land_to_North_West_of_Lodge_Farm_Park_Farm,solar_pv,True
Seaton_Road_Solar_Farm,solar_pv,True
Wick_Lane_Solar_Ltd,solar_pv,True
Otherton_Farm,solar_pv,True
Nanthenfoel_Farms,solar_pv,True
Land_at_Green_Farm,solar_pv,True
West_Venn_Solar_Farm_,solar_pv,True
Corntown_Farm,solar_pv,True
Wally_Corner_Landfill_Site,solar_pv,True
Land_North_of_the_Wood_at_Averill_Farm,solar_pv,True
Sudforth_Lane_Kellingley_Solar_Farm,solar_pv,True
Berthlwyd_Farm,solar_pv,True
Pinguin_Foods,solar_pv,True
Land_East_of_Lawn_Lane,solar_pv,True
Land_off_Ford_Lane,solar_pv,True
Woodhouse_Fields_Farm,solar_pv,True
Land_off_Hooklands_Lane,solar_pv,True
High_Dyke_Mill_Farm,solar_pv,True
Land_West_of_Parsonage_Wood,solar_pv,True
Land_at_Oldstone_Farm,solar_pv,True
Shortheath_Solar_Park,solar_pv,True
Holtwood_Farm,solar_pv,True
Nectar_Way_Regional_Distribution_Centre,solar_pv,True
Gib_Lane_Solar_farm_Extension,solar_pv,True
Land_east_of_Littledown_Business_Park,solar_pv,True
Lyreco___Telford_Distribution_Centre,solar_pv,True
Port_of_Barry____Site_2,solar_pv,True
Holly_Farm_Solar_Park,solar_pv,True
Worsted_Farm,solar_pv,True
Basin_Bridge_Farm,solar_pv,True
B&Q_Swindon_DC,solar_pv,True
Stragglethorpe_Road_farm,solar_pv,True
Land_at_Bluehouse_Farm,solar_pv,True
Potters_Bar_Solar_Farm,solar_pv,True
Stob_House_Farm,solar_pv,True
Granville_Road_Solar_Farm,solar_pv,True
Lower_Venn_Farm,solar_pv,True
Littlewood_Lane_Solar,solar_pv,True
Peterlee_Solar_Farm,solar_pv,True
Land_On_The_East_Side_Of_Fosse_Way,solar_pv,True
Briar_Solar_Farm,solar_pv,True
Bent_Spur_Solar_Farm,solar_pv,True
Blaby_Solar_Farm,solar_pv,True
Bilsthorpe_Land_off_Forest_Lane,solar_pv,True
Godley_Water_Treatment_Works,solar_pv,True
Greaves_Solar_Farm,solar_pv,True
Balhearty_Solar,solar_pv,True
Weddington_Farm,solar_pv,True
Middle_Balbeggie,solar_pv,True
Widehurst_Farm,solar_pv,True
Screwfix_Direct,solar_pv,True
Land_at_Biggin_Lane,solar_pv,True
Land_at_Barnham,solar_pv,True
Ebnal_Lodge_,solar_pv,True
Southill_Solar_,solar_pv,True
"Carver_Hay,_moss_lane",solar_pv,True
St_Helen's_Lane,solar_pv,True
Avonmouth,solar_pv,True
Newport_Began_Road,solar_pv,True
Land_to_the_south_of_Hill_Farm_,solar_pv,True
Mill_Farm_,solar_pv,True
Southern_Counties_Shooting_Ground_Phase_2_,solar_pv,True
Parkhill_Solar_Farm,solar_pv,True
Dura_Park_Bynea_Industrial_Site,solar_pv,True
Brook_Hall_Farm_,solar_pv,True
Land_off_Moss_Side_Lane_,solar_pv,True
Barvills_Solar_Farm_,solar_pv,True
Cairnmore_Solar_Park_extension,solar_pv,True
London_Southend_Airport_,solar_pv,True
Thameside_DC,solar_pv,True
Moss_Thorn_Farm,solar_pv,True
Caergarw_Farm,solar_pv,True
Rolls_Royce_Filton_Campus_Building_184,solar_pv,True
Rolls_Royce_Filton_Campus_Building_185,solar_pv,True
ParkerSteel_Shoreham_Plant,solar_pv,True
Bourne_Farm,solar_pv,True
Londons_Queen_Elizabeth_II_reservoir,solar_pv,True
Barnfield_Solar_Park,solar_pv,True
Popehill_Farm,solar_pv,True
Waltham_Point_Distribution_Centre,solar_pv,True
Knottingley_B,solar_pv,True
Western_International_Market,solar_pv,True
Land_East_of_Horton_Road_,solar_pv,True
Salford_Road,solar_pv,True
Grove_Solar_Park_Phase_2,solar_pv,True
Williams_Farm,solar_pv,True
Kirton_Solar_PV_Farm,solar_pv,True
Bury_Green_Farm_Solar,solar_pv,True
Misson_Solar_Farm,solar_pv,True
Lancaster_Wastewater_Treatment_Works,solar_pv,True
Whitman_Laboratories,solar_pv,True
Binsted_Farm,solar_pv,True
Oakfield_Farm,solar_pv,True
Oakfield_Farm___extension,solar_pv,True
Former_Westhampnett_Landfill,solar_pv,True
Bentley_Motors,solar_pv,True
DPD_Distribution_Centre,solar_pv,True
Bywaters_Materials_Recovery_Facility_Solar_Array,solar_pv,True
High_Meadow_Farm,solar_pv,True
Deep_Moor_Landfill_Site_,solar_pv,True
Testwood_Water_Supply_Works,solar_pv,True
Rosedew_Farm,solar_pv,True
Dengemarsh_Road,solar_pv,True
Haigh_Hall_Solar_Farm_,solar_pv,True
Next_Distribution_Centre_Doncaster,solar_pv,True
Sytchwythy_Fields,solar_pv,True
Clifton_Marsh_Wastewater_Treatment_Works,solar_pv,True
Sherburn,solar_pv,True
Aldi___Cardiff,solar_pv,True
Oak_Grove_Farm,solar_pv,True
Lathom_Pilkington_Technical_Centre,solar_pv,True
Stormy_Down_Solar_Farm,solar_pv,True
Huntington_Water_Treatment_Works,solar_pv,True
Creacombe_Solar_Farm,solar_pv,True
Cranfield_Airfield,solar_pv,True
Chamber_16_Cold_Store,solar_pv,True
Tilbury_LCY2,solar_pv,True
Dunfermline_EDI4,solar_pv,True
Burneside_Mill,solar_pv,True
Leeways,solar_pv,True
Moog_Controls_Factory,solar_pv,True
Tesco_Lottbridge_Drove,solar_pv,True
The_Hazeley_Academy,solar_pv,True
Tesco_Extra_Hazelmere,solar_pv,True
Amazon_Omega_Business_Park,solar_pv,True
Iron_Mountain_Site,solar_pv,True
Ainsdale_Wastewater_Treatment_Works,solar_pv,True
Lochaber_High_School_Resubmission,solar_pv,True
Volmary_Site,solar_pv,True
Invergordon_Academy,solar_pv,True
National_Space_Centre,solar_pv,True
Tesco_Queensway_Place,solar_pv,True
The_Oxfordshire_Golf_Club,solar_pv,True
Buckingham_Tesco_Superstore,solar_pv,True
Henry_Colbeck_Office,solar_pv,True
William_Harvey_Hospital,solar_pv,True
Jaywick_Water_Recycling_Centre,solar_pv,True
Lag_Farm,solar_pv,True
Litchardon_Cross_Solar_Farm,solar_pv,True
Central_Park___Solar_photovaltics,solar_pv,True
Morrisons_Store_148_Cheriton_Road___Solar_Array,solar_pv,True
Horsey_Levels___Solar_Farm,solar_pv,True
Station_Road___Solar_Array,solar_pv,True
"Denton_Hall_Farm_Road,_Denton___Solar_Photovoltaic_System",solar_pv,True
"London_Road,_Irchester___Solar_Farm",solar_pv,True
"Bryngolwg_Farm,_Hirwaun___Solar_farm",solar_pv,True
"Tout_Lane,_Charlton_Adam___Solar_Photovoltaic_System",solar_pv,True
Loch_Eilde_Mor_Hydro_Kinlochleven_extension,small_hydro,True
Beeston_Weir_Hydro_Scheme,small_hydro,True
Llyn_Brianne_Dam,small_hydro,True
Elan_Valley_Hydro_Scheme,small_hydro,True
Turret_water_treatment_works,small_hydro,True
Inverfarigaig,small_hydro,True
Kingairloch,small_hydro,True
Douglas_Water_Hydro,small_hydro,True
Inverlael_Hydro,small_hydro,True
River_E_Hydro_Scheme,small_hydro,True
Innerhadden_Burn_Hydro,small_hydro,True
Cuileig_Hydro_Scheme,small_hydro,True
Garrogie_Hydro_Scheme,small_hydro,True
Inver_Hydro,small_hydro,True
Loch_An_Laoigh_Hydro,small_hydro,True
Leacann_Hydro,small_hydro,True
Uisge_Dubh_Hydro,small_hydro,True
Ederline_Hydro,small_hydro,True
River_Lochy_Hydro,small_hydro,True
River_Taodail_Hydro,small_hydro,True
Donich_Water_Hydro,small_hydro,True
Glen_Fyne_'Merk'_Hydro,small_hydro,True
Beinn_Eagagach_Hydro,small_hydro,True
Allt_Garbh_hydro,small_hydro,True
Carnoch_Hydro,small_hydro,True
Kilmelfort,small_hydro,True
Dalchonzie,small_hydro,True
Lednock,small_hydro,True
Lubreoch,small_hydro,True
Loch_Ericht,small_hydro,True
Lussa,small_hydro,True
Mullardoch_Tunnel,small_hydro,True
Achanalt,small_hydro,True
Mucomir,small_hydro,True
Lairg,small_hydro,True
Cuaich,small_hydro,True
Innerwick_Hydro,small_hydro,True
Allt_Fionn___resubmission,small_hydro,True
Derrydarroch,small_hydro,True
Cia_Aig_Hydro,small_hydro,True
Ardtalnaig_Hydro_Scheme,small_hydro,True
Invervar_Hydro_,small_hydro,True
Bruar_Hydro_Scheme,small_hydro,True
Garbhaig_Hydro_Scheme,small_hydro,True
Chonais_Hydro,small_hydro,True
Ardtornish_Estate_Upgrade_to_existing,small_hydro,True
Maldie_Burn,small_hydro,True
Black_Rock,small_hydro,True
Ben_Glas,small_hydro,True
Allt_Ladaidh_Hydro,small_hydro,True
Badachro_hydro_scheme_,small_hydro,True
Chaorach_Hydro,small_hydro,True
Grudie,small_hydro,True
Langwell_Estate_hydro_scheme,small_hydro,True
Ghuilbinn_Hydro_Scheme,small_hydro,True
Nevis_Range,small_hydro,True
Abhainn_Gleann_Nam_Fiadh,small_hydro,True
Allt_Cheanna_Mhuir_Hydro,small_hydro,True
Braevallich,small_hydro,True
Keltneyburn_Hydro,small_hydro,True
Ceannacroc_,small_hydro,True
Bruach_Caorainn_Hydro_Scheme,small_hydro,True
Llyn_Celyn_,small_hydro,True
Caban_Coch,small_hydro,True
River_Coiltie_Hydro_Scheme,small_hydro,True
Eas_a_Ghaill,small_hydro,True
River_Pattack_,small_hydro,True
Great_Glen_Scheme,large_hydro,True
Glendoe_Hydro_Scheme,large_hydro,True
Kinlochleven_Hydro_Power_Station,large_hydro,True
Pitlochry,large_hydro,True
Aigas,large_hydro,True
Kilmorack,large_hydro,True
Orrin,large_hydro,True
Tor_Achilty,large_hydro,True
Ceannacroc,large_hydro,True
Invergarry,large_hydro,True
Livishie,large_hydro,True
Cashlie,large_hydro,True
Dolgarrog,large_hydro,True
Lochaber,large_hydro,True
SR_2000_FoW___EMEC,tidal_stream,True
Inner_Sound_Phase_1A_MeyGen,tidal_stream,True
Magallanes_FoW___EMEC,tidal_stream,True
Shetland_Tidal_Array,tidal_stream,True
Wello_Penguin_Device_Billia_Croo___EMEC,shoreline_wave,True
Hayle_Wave_Hub_Test_Site,shoreline_wave,True
embedded_solar_Beauly,embedded_solar,True
embedded_solar_Bramford,embedded_solar,True
embedded_solar_Bramley,embedded_solar,True
embedded_solar_Daines,embedded_solar,True
embedded_solar_Deeside,embedded_solar,True
embedded_solar_Denny/Bonnybridge,embedded_solar,True
embedded_solar_Eccles,embedded_solar,True
embedded_solar_Errochty,embedded_solar,True
embedded_solar_Feckenham,embedded_solar,True
embedded_solar_Harker,embedded_solar,True
embedded_solar_Keadby,embedded_solar,True
embedded_solar_Kemsley,embedded_solar,True
embedded_solar_London,embedded_solar,True
embedded_solar_Lovedean,embedded_solar,True
embedded_solar_Melksham,embedded_solar,True
embedded_solar_Neilston,embedded_solar,True
embedded_solar_Pelham,embedded_solar,True
embedded_solar_Penwortham,embedded_solar,True
embedded_solar_Peterhead,embedded_solar,True
embedded_solar_Ratcliffe,embedded_solar,True
embedded_solar_S.W.Penisula,embedded_solar,True
embedded_solar_Sellindge,embedded_solar,True
embedded_solar_Stella West,embedded_solar,True
embedded_solar_Strathaven,embedded_solar,True
embedded_solar_Sundon/East Claydon,embedded_solar,True
embedded_solar_Th. Marsh/Stocksbridge,embedded_solar,True
embedded_solar_Thornton/Drax/Eggborough,embedded_solar,True
embedded_solar_Torness,embedded_solar,True
embedded_solar_Walpole,embedded_solar,True
embedded_wind_Beauly,embedded_wind,True
embedded_wind_Bramford,embedded_wind,True
embedded_wind_Bramley,embedded_wind,True
embedded_wind_Daines,embedded_wind,True
embedded_wind_Deeside,embedded_wind,True
embedded_wind_Denny/Bonnybridge,embedded_wind,True
embedded_wind_Eccles,embedded_wind,True
embedded_wind_Errochty,embedded_wind,True
embedded_wind_Feckenham,embedded_wind,True
embedded_wind_Harker,embedded_wind,True
embedded_wind_Keadby,embedded_wind,True
embedded_wind_Kemsley,embedded_wind,True
embedded_wind_London,embedded_wind,True
embedded_wind_Lovedean,embedded_wind,True
embedded_wind_Melksham,embedded_wind,True
embedded_wind_Neilston,embedded_wind,True
embedded_wind_Pelham,embedded_wind,True
embedded_wind_Penwortham,embedded_wind,True
embedded_wind_Peterhead,embedded_wind,True
embedded_wind_Ratcliffe,embedded_wind,True
embedded_wind_S.W.Penisula,embedded_wind,True
embedded_wind_Sellindge,embedded_wind,True
embedded_wind_Stella West,embedded_wind,True
embedded_wind_Strathaven,embedded_wind,True
embedded_wind_Sundon/East Claydon,embedded_wind,True
embedded_wind_Th. Marsh/Stocksbridge,embedded_wind,True
embedded_wind_Thornton/Drax/Eggborough,embedded_wind,True
embedded_wind_Torness,embedded_wind,True
embedded_wind_Walpole,embedded_wind,True
Baglan Bay GT,OCGT,True
Sutton Bridge,CCGT,True
Baglan Bay,CCGT,True
Severn Power,CCGT,True
Peterborough,OCGT,True
Glanford Brigg,OCGT,True
Drax - coal units,coal,True
Drax GT,OCGT,True
Blackburn,CCGT,True
Damhead Creek,CCGT,True
Rye House,CCGT,True
Shoreham,CCGT,True
Castleford,CCGT,True
Sandbach,CCGT,True
Thornhill,CCGT,True
West Burton,coal,True
West Burton GT,OCGT,True
West Burton CCGT,CCGT,True
Barkantine Heat & Power *,OCGT,True
London Heat & Power *,OCGT,True
Hartlepool,nuclear,True
Heysham 1,nuclear,True
Heysham 2,nuclear,True
Hinkley Point B,nuclear,True
Hunterston B,nuclear,True
Torness,nuclear,True
Sizewell B,nuclear,True
South Humber Bank,CCGT,True
Langage,CCGT,True
Corby,CCGT,True
Carrington,CCGT,True
Fellside CHP*,CCGT,True
Rocksavage,CCGT,True
Coryton,CCGT,True
Spalding,CCGT,True
Marchwood,CCGT,True
Cowes,oil,True
Didcot GT,oil,True
Little Barford GT,oil,True
Didcot B,CCGT,True
Great Yarmouth,CCGT,True
Little Barford,CCGT,True
Pembroke,CCGT,True
Staythorpe C,CCGT,True
Seabank,CCGT,True
Wilton GT*,CCGT,True
Keadby GT,OCGT,True
Lerwick,oil,True
Thatcham,oil,True
Arnish,oil,True
Barra,oil,True
Bowmore,oil,True
Kirkwall,oil,True
"Loch Carnan, South Uist",oil,True
Stornoway,oil,True
Tiree,oil,True
Burghfield,OCGT,True
Chickerell,OCGT,True
Chippenham,OCGT,True
Peterhead,CCGT,True
Keadby,CCGT,True
Medway,CCGT,True
Pilkington - Greengate *,OCGT,True
Indian Queens,oil,True
Saltend*,CCGT,True
Ratcliffe,coal,True
Grain GT,OCGT,True
Grain (OCGT),oil,True
Ratcliffe GT,oil,True
Taylor's Lane GT,oil,True
Cottam Development Centre,CCGT,True
Enfield,CCGT,True
Grain CHP*,CCGT,True
Killingholme,OCGT,True
Connahs Quay,CCGT,True
VPI Immingham*,CCGT,True
gen_biomass_82,biomass,True
gen_biomass_83,biomass,True
gen_biomass_84,biomass,True
gen_biomass_85,biomass,True
gen_biomass_86,biomass,True
gen_biomass_87,biomass,True
gen_biomass_88,biomass,True
gen_biomass_89,biomass,True
gen_biomass_90,biomass,True
gen_biomass_91,biomass,True
gen_biomass_92,biomass,True
gen_biomass_93,biomass,True
gen_biomass_94,biomass,True
gen_biomass_95,biomass,True
gen_biomass_96,biomass,True
gen_biomass_97,biomass,True
gen_biomass_98,biomass,True
gen_biomass_99,biomass,True
gen_biomass_100,biomass,True
gen_biomass_101,biomass,True
gen_biomass_102,biomass,True
gen_biomass_103,biomass,True
gen_biomass_104,biomass,True
gen_biomass_105,biomass,True
gen_biomass_106,biomass,True
gen_biomass_107,biomass,True
gen_biomass_108,biomass,True
gen_biomass_109,biomass,True
gen_biomass_110,biomass,True
gen_biomass_111,biomass,True
gen_biomass_112,biomass,True
gen_biomass_113,biomass,True
gen_biomass_114,biomass,True
gen_biomass_115,biomass,True
gen_biomass_116,biomass,True
gen_biomass_117,biomass,True
gen_biomass_118,biomass,True
gen_biomass_119,biomass,True
gen_biomass_120,biomass,True
gen_biomass_121,biomass,True
gen_biomass_122,biomass,True
gen_biomass_123,biomass,True
gen_biomass_124,biomass,True
gen_biomass_125,biomass,True
gen_biomass_126,biomass,True
gen_biomass_127,biomass,True
gen_biomass_128,biomass,True
gen_biomass_129,biomass,True
gen_biomass_130,biomass,True
gen_biomass_131,biomass,True
gen_biomass_132,biomass,True
gen_biomass_133,biomass,True
gen_biomass_134,biomass,True
gen_biomass_135,biomass,True
gen_biomass_136,biomass,True
gen_biomass_137,biomass,True
gen_biomass_138,biomass,True
gen_biomass_139,biomass,True
gen_biomass_140,biomass,True
gen_biomass_141,biomass,True
gen_biomass_142,biomass,True
gen_biomass_143,biomass,True
gen_biomass_144,biomass,True
gen_biomass_145,biomass,True
gen_biomass_146,biomass,True
gen_biomass_147,biomass,True
gen_biomass_148,biomass,True
gen_biomass_149,biomass,True
gen_biomass_150,biomass,True
gen_biomass_151,biomass,True
gen_biomass_152,biomass,True
gen_biomass_153,biomass,True
gen_biomass_154,biomass,True
gen_biomass_155,biomass,True
gen_biomass_156,biomass,True
gen_biomass_157,biomass,True
gen_biomass_158,biomass,True
gen_biomass_159,biomass,True
gen_biomass_160,biomass,True
gen_biomass_161,biomass,True
gen_biomass_162,biomass,True
gen_biomass_163,biomass,True
gen_biomass_164,biomass,True
gen_biomass_165,biomass,True
gen_biomass_166,biomass,True
gen_biomass_167,biomass,True
gen_waste_to_energy_168,waste_to_energy,True
gen_waste_to_energy_169,waste_to_energy,True
gen_waste_to_energy_170,waste_to_energy,True
gen_waste_to_energy_171,waste_to_energy,True
gen_waste_to_energy_172,waste_to_energy,True
gen_waste_to_energy_173,waste_to_energy,True
gen_waste_to_energy_174,waste_to_energy,True
gen_waste_to_energy_175,waste_to_energy,True
gen_waste_to_energy_176,waste_to_energy,True
gen_waste_to_energy_177,waste_to_energy,True
gen_waste_to_energy_178,waste_to_energy,True
gen_waste_to_energy_179,waste_to_energy,True
gen_waste_to_energy_180,waste_to_energy,True
gen_waste_to_energy_181,waste_to_energy,True
gen_waste_to_energy_182,waste_to_energy,True
gen_waste_to_energy_183,waste_to_energy,True
gen_waste_to_energy_184,waste_to_energy,True
gen_waste_to_energy_185,waste_to_energy,True
gen_waste_to_energy_186,waste_to_energy,True
gen_waste_to_energy_187,waste_to_energy,True
gen_waste_to_energy_188,waste_to_energy,True
gen_waste_to_energy_189,waste_to_energy,True
gen_waste_to_energy_190,waste_to_energy,True
gen_waste_to_energy_191,waste_to_energy,True
gen_waste_to_energy_192,waste_to_energy,True
gen_waste_to_energy_193,waste_to_energy,True
gen_waste_to_energy_194,waste_to_energy,True
gen_waste_to_energy_195,waste_to_energy,True
gen_waste_to_energy_196,waste_to_energy,True
gen_waste_to_energy_197,waste_to_energy,True
gen_waste_to_energy_198,waste_to_energy,True
gen_waste_to_energy_199,waste_to_energy,True
gen_waste_to_energy_200,waste_to_energy,True
gen_waste_to_energy_201,waste_to_energy,True
gen_waste_to_energy_202,waste_to_energy,True
gen_waste_to_energy_203,waste_to_energy,True
gen_waste_to_energy_204,waste_to_energy,True
gen_waste_to_energy_205,waste_to_energy,True
gen_waste_to_energy_206,waste_to_energy,True
gen_waste_to_energy_207,waste_to_energy,True
gen_waste_to_energy_208,waste_to_energy,True
gen_waste_to_energy_209,waste_to_energy,True
gen_waste_to_energy_210,waste_to_energy,True
gen_waste_to_energy_211,waste_to_energy,True
gen_waste_to_energy_212,waste_to_energy,True
gen_waste_to_energy_213,waste_to_energy,True
gen_waste_to_energy_214,waste_to_energy,True
gen_waste_to_energy_215,waste_to_energy,True
gen_waste_to_energy_216,waste_to_energy,True
gen_waste_to_energy_217,waste_to_energy,True
gen_waste_to_energy_218,waste_to_energy,True
gen_waste_to_energy_219,waste_to_energy,True
gen_waste_to_energy_220,waste_to_energy,True
gen_waste_to_energy_221,waste_to_energy,True
gen_waste_to_energy_222,waste_to_energy,True
gen_waste_to_energy_223,waste_to_energy,True
gen_waste_to_energy_224,waste_to_energy,True
gen_waste_to_energy_225,waste_to_energy,True
gen_waste_to_energy_226,waste_to_energy,True
gen_waste_to_energy_227,waste_to_energy,True
gen_waste_to_energy_228,waste_to_energy,True
gen_waste_to_energy_229,waste_to_energy,True
gen_waste_to_energy_230,waste_to_energy,True
gen_waste_to_energy_231,waste_to_energy,True
gen_waste_to_energy_232,waste_to_energy,True
gen_waste_to_energy_233,waste_to_energy,True
gen_waste_to_energy_234,waste_to_energy,True
gen_waste_to_energy_235,waste_to_energy,True
gen_waste_to_energy_236,waste_to_energy,True
gen_waste_to_energy_237,waste_to_energy,True
gen_waste_to_energy_238,waste_to_energy,True
gen_waste_to_energy_239,waste_to_energy,True
gen_waste_to_energy_240,waste_to_energy,True
gen_waste_to_energy_241,waste_to_energy,True
gen_waste_to_energy_242,waste_to_energy,True
gen_waste_to_energy_243,waste_to_energy,True
gen_waste_to_energy_244,waste_to_energy,True
gen_biogas_245,biogas,True
gen_biogas_246,biogas,True
gen_biogas_247,biogas,True
gen_biogas_248,biogas,True
gen_biogas_249,biogas,True
gen_biogas_250,biogas,True
gen_biogas_251,biogas,True
gen_biogas_252,biogas,True
gen_biogas_253,biogas,True
gen_biogas_254,biogas,True
gen_biogas_255,biogas,True
gen_biogas_256,biogas,True
gen_biogas_257,biogas,True
gen_biogas_258,biogas,True
gen_biogas_259,biogas,True
gen_biogas_260,biogas,True
gen_biogas_261,biogas,True
gen_biogas_262,biogas,True
gen_biogas_263,biogas,True
gen_biogas_264,biogas,True
gen_biogas_265,biogas,True
gen_biogas_266,biogas,True
gen_biogas_267,biogas,True
gen_biogas_268,biogas,True
gen_biogas_269,biogas,True
gen_biogas_270,biogas,True
gen_biogas_271,biogas,True
gen_biogas_272,biogas,True
gen_biogas_273,biogas,True
gen_biogas_274,biogas,True
gen_biogas_275,biogas,True
gen_biogas_276,biogas,True
gen_biogas_277,biogas,True
gen_biogas_278,biogas,True
gen_biogas_279,biogas,True
gen_biogas_280,biogas,True
gen_biogas_281,biogas,True
gen_biogas_282,biogas,True
gen_biogas_283,biogas,True
gen_biogas_284,biogas,True
gen_biogas_285,biogas,True
gen_biogas_286,biogas,True
gen_biogas_287,biogas,True
gen_biogas_288,biogas,True
gen_biogas_289,biogas,True
gen_biogas_290,biogas,True
gen_biogas_291,biogas,True
gen_biogas_292,biogas,True
gen_biogas_293,biogas,True
gen_biogas_294,biogas,True
gen_biogas_295,biogas,True
gen_biogas_296,biogas,True
gen_biogas_297,biogas,True
gen_biogas_298,biogas,True
gen_biogas_299,biogas,True
gen_biogas_300,biogas,True
gen_biogas_301,biogas,True
gen_biogas_302,biogas,True
gen_biogas_303,biogas,True
gen_biogas_304,biogas,True
gen_biogas_305,biogas,True
gen_biogas_306,biogas,True
gen_biogas_307,biogas,True
gen_biogas_308,biogas,True
gen_biogas_309,biogas,True
gen_biogas_310,biogas,True
gen_biogas_311,biogas,True
gen_biogas_312,biogas,True
gen_biogas_313,biogas,True
gen_biogas_314,biogas,True
gen_biogas_315,biogas,True
gen_biogas_316,biogas,True
gen_biogas_317,biogas,True
gen_biogas_318,biogas,True
gen_biogas_319,biogas,True
gen_biogas_320,biogas,True
gen_biogas_321,biogas,True
gen_biogas_322,biogas,True
gen_biogas_323,biogas,True
gen_biogas_324,biogas,True
gen_biogas_325,biogas,True
gen_biogas_326,biogas,True
gen_biogas_327,biogas,True
gen_biogas_328,biogas,True
gen_biogas_329,biogas,True
gen_biogas_330,biogas,True
gen_biogas_331,biogas,True
gen_biogas_332,biogas,True
gen_biogas_333,biogas,True
gen_biogas_334,biogas,True
gen_biogas_335,biogas,True
gen_biogas_336,biogas,True
gen_biogas_337,biogas,True
gen_biogas_338,biogas,True
gen_biogas_339,biogas,True
gen_biogas_340,biogas,True
gen_biogas_341,biogas,True
gen_biogas_342,biogas,True
gen_biogas_343,biogas,True
gen_biogas_344,biogas,True
gen_biogas_345,biogas,True
gen_biogas_346,biogas,True
gen_biogas_347,biogas,True
gen_biogas_348,biogas,True
gen_biogas_349,biogas,True
gen_biogas_350,biogas,True
gen_biogas_351,biogas,True
gen_biogas_352,biogas,True
gen_biogas_353,biogas,True
gen_biogas_354,biogas,True
gen_biogas_355,biogas,True
gen_biogas_356,biogas,True
gen_biogas_357,biogas,True
gen_biogas_358,biogas,True
gen_biogas_359,biogas,True
gen_biogas_360,biogas,True
gen_biogas_361,biogas,True
gen_biogas_362,biogas,True
gen_biogas_363,biogas,True
gen_biogas_364,biogas,True
gen_biogas_365,biogas,True
gen_biogas_366,biogas,True
gen_biogas_367,biogas,True
gen_biogas_368,biogas,True
gen_biogas_369,biogas,True
gen_biogas_370,biogas,True
gen_biogas_371,biogas,True
gen_biogas_372,biogas,True
gen_biogas_373,biogas,True
gen_biogas_374,biogas,True
gen_biogas_375,biogas,True
gen_biogas_376,biogas,True
gen_biogas_377,biogas,True
gen_biogas_378,biogas,True
gen_biogas_379,biogas,True
gen_biogas_380,biogas,True
gen_biogas_381,biogas,True
gen_biogas_382,biogas,True
gen_biogas_383,biogas,True
gen_biogas_384,biogas,True
gen_biogas_385,biogas,True
gen_biogas_386,biogas,True
gen_biogas_387,biogas,True
gen_biogas_388,biogas,True
gen_biogas_389,biogas,True
gen_biogas_390,biogas,True
gen_biogas_391,biogas,True
gen_biogas_392,biogas,True
gen_biogas_393,biogas,True
gen_landfill_gas_394,landfill_gas,True
gen_landfill_gas_395,landfill_gas,True
gen_landfill_gas_396,landfill_gas,True
gen_landfill_gas_397,landfill_gas,True
gen_landfill_gas_398,landfill_gas,True
gen_landfill_gas_399,landfill_gas,True
gen_landfill_gas_400,landfill_gas,True
gen_landfill_gas_401,landfill_gas,True
gen_landfill_gas_402,landfill_gas,True
gen_landfill_gas_403,landfill_gas,True
gen_landfill_gas_404,landfill_gas,True
gen_landfill_gas_405,landfill_gas,True
gen_landfill_gas_406,landfill_gas,True
gen_landfill_gas_407,landfill_gas,True
gen_landfill_gas_408,landfill_gas,True
gen_landfill_gas_409,landfill_gas,True
gen_landfill_gas_410,landfill_gas,True
gen_landfill_gas_411,landfill_gas,True
gen_landfill_gas_412,landfill_gas,True
gen_landfill_gas_413,landfill_gas,True
gen_landfill_gas_414,landfill_gas,True
gen_landfill_gas_415,landfill_gas,True
gen_landfill_gas_416,landfill_gas,True
gen_landfill_gas_417,landfill_gas,True
gen_landfill_gas_418,landfill_gas,True
gen_landfill_gas_419,landfill_gas,True
gen_landfill_gas_420,landfill_gas,True
gen_landfill_gas_421,landfill_gas,True
gen_landfill_gas_422,landfill_gas,True
gen_landfill_gas_423,landfill_gas,True
gen_landfill_gas_424,landfill_gas,True
gen_landfill_gas_425,landfill_gas,True
gen_landfill_gas_426,landfill_gas,True
gen_landfill_gas_427,landfill_gas,True
gen_landfill_gas_428,landfill_gas,True
gen_landfill_gas_429,landfill_gas,True
gen_landfill_gas_430,landfill_gas,True
gen_landfill_gas_431,landfill_gas,True
gen_landfill_gas_432,landfill_gas,True
gen_landfill_gas_433,landfill_gas,True
gen_landfill_gas_434,landfill_gas,True
gen_landfill_gas_435,landfill_gas,True
gen_landfill_gas_436,landfill_gas,True
gen_landfill_gas_437,landfill_gas,True
gen_landfill_gas_438,landfill_gas,True
gen_landfill_gas_439,landfill_gas,True
gen_landfill_gas_440,landfill_gas,True
gen_landfill_gas_441,landfill_gas,True
gen_landfill_gas_442,landfill_gas,True
gen_landfill_gas_443,landfill_gas,True
gen_landfill_gas_444,landfill_gas,True
gen_landfill_gas_445,landfill_gas,True
gen_landfill_gas_446,landfill_gas,True
gen_landfill_gas_447,landfill_gas,True
gen_landfill_gas_448,landfill_gas,True
gen_landfill_gas_449,landfill_gas,True
gen_landfill_gas_450,landfill_gas,True
gen_landfill_gas_451,landfill_gas,True
gen_landfill_gas_452,landfill_gas,True
gen_landfill_gas_453,landfill_gas,True
gen_landfill_gas_454,landfill_gas,True
gen_landfill_gas_455,landfill_gas,True
gen_landfill_gas_456,landfill_gas,True
gen_landfill_gas_457,landfill_gas,True
gen_landfill_gas_458,landfill_gas,True
gen_landfill_gas_459,landfill_gas,True
gen_landfill_gas_460,landfill_gas,True
gen_landfill_gas_461,landfill_gas,True
gen_landfill_gas_462,landfill_gas,True
gen_landfill_gas_463,landfill_gas,True
gen_landfill_gas_464,landfill_gas,True
gen_landfill_gas_465,landfill_gas,True
gen_landfill_gas_466,landfill_gas,True
gen_landfill_gas_467,landfill_gas,True
gen_landfill_gas_468,landfill_gas,True
gen_landfill_gas_469,landfill_gas,True
gen_landfill_gas_470,landfill_gas,True
gen_landfill_gas_471,landfill_gas,True
gen_landfill_gas_472,landfill_gas,True
gen_landfill_gas_473,landfill_gas,True
gen_landfill_gas_474,landfill_gas,True
gen_landfill_gas_475,landfill_gas,True
gen_landfill_gas_476,landfill_gas,True
gen_landfill_gas_477,landfill_gas,True
gen_landfill_gas_478,landfill_gas,True
gen_landfill_gas_479,landfill_gas,True
gen_landfill_gas_480,landfill_gas,True
gen_landfill_gas_481,landfill_gas,True
gen_landfill_gas_482,landfill_gas,True
gen_landfill_gas_483,landfill_gas,True
gen_landfill_gas_484,landfill_gas,True
gen_landfill_gas_485,landfill_gas,True
gen_landfill_gas_486,landfill_gas,True
gen_landfill_gas_487,landfill_gas,True
gen_landfill_gas_488,landfill_gas,True
gen_landfill_gas_489,landfill_gas,True
gen_landfill_gas_490,landfill_gas,True
gen_landfill_gas_491,landfill_gas,True
gen_landfill_gas_492,landfill_gas,True
gen_landfill_gas_493,landfill_gas,True
gen_landfill_gas_494,landfill_gas,True
gen_landfill_gas_495,landfill_gas,True
gen_landfill_gas_496,landfill_gas,True
gen_landfill_gas_497,landfill_gas,True
gen_landfill_gas_498,landfill_gas,True
gen_landfill_gas_499,landfill_gas,True
gen_landfill_gas_500,landfill_gas,True
gen_landfill_gas_501,landfill_gas,True
gen_landfill_gas_502,landfill_gas,True
gen_landfill_gas_503,landfill_gas,True
gen_landfill_gas_504,landfill_gas,True
gen_landfill_gas_505,landfill_gas,True
gen_landfill_gas_506,landfill_gas,True
gen_landfill_gas_507,landfill_gas,True
gen_landfill_gas_508,landfill_gas,True
gen_landfill_gas_509,landfill_gas,True
gen_landfill_gas_510,landfill_gas,True
gen_landfill_gas_511,landfill_gas,True
gen_landfill_gas_512,landfill_gas,True
gen_landfill_gas_513,landfill_gas,True
gen_landfill_gas_514,landfill_gas,True
gen_landfill_gas_515,landfill_gas,True
gen_landfill_gas_516,landfill_gas,True
gen_landfill_gas_517,landfill_gas,True
gen_landfill_gas_518,landfill_gas,True
gen_landfill_gas_519,landfill_gas,True
gen_landfill_gas_520,landfill_gas,True
gen_landfill_gas_521,landfill_gas,True
gen_landfill_gas_522,landfill_gas,True
gen_landfill_gas_523,landfill_gas,True
gen_landfill_gas_524,landfill_gas,True
gen_landfill_gas_525,landfill_gas,True
gen_landfill_gas_526,landfill_gas,True
gen_landfill_gas_527,landfill_gas,True
gen_landfill_gas_528,landfill_gas,True
gen_landfill_gas_529,landfill_gas,True
gen_landfill_gas_530,landfill_gas,True
gen_landfill_gas_531,landfill_gas,True
gen_landfill_gas_532,landfill_gas,True
gen_landfill_gas_533,landfill_gas,True
gen_landfill_gas_534,landfill_gas,True
gen_landfill_gas_535,landfill_gas,True
gen_landfill_gas_536,landfill_gas,True
gen_landfill_gas_537,landfill_gas,True
gen_landfill_gas_538,landfill_gas,True
gen_landfill_gas_539,landfill_gas,True
gen_landfill_gas_540,landfill_gas,True
gen_landfill_gas_541,landfill_gas,True
gen_landfill_gas_542,landfill_gas,True
gen_landfill_gas_543,landfill_gas,True
gen_landfill_gas_544,landfill_gas,True
gen_landfill_gas_545,landfill_gas,True
gen_landfill_gas_546,landfill_gas,True
gen_landfill_gas_547,landfill_gas,True
gen_landfill_gas_548,landfill_gas,True
gen_landfill_gas_549,landfill_gas,True
gen_landfill_gas_550,landfill_gas,True
gen_landfill_gas_551,landfill_gas,True
gen_landfill_gas_552,landfill_gas,True
gen_landfill_gas_553,landfill_gas,True
gen_landfill_gas_554,landfill_gas,True
gen_landfill_gas_555,landfill_gas,True
gen_landfill_gas_556,landfill_gas,True
gen_landfill_gas_557,landfill_gas,True
gen_landfill_gas_558,landfill_gas,True
gen_landfill_gas_559,landfill_gas,True
gen_landfill_gas_560,landfill_gas,True
gen_landfill_gas_561,landfill_gas,True
gen_landfill_gas_562,landfill_gas,True
gen_landfill_gas_563,landfill_gas,True
gen_landfill_gas_564,landfill_gas,True
gen_landfill_gas_565,landfill_gas,True
gen_landfill_gas_566,landfill_gas,True
gen_landfill_gas_567,landfill_gas,True
gen_landfill_gas_568,landfill_gas,True
gen_landfill_gas_569,landfill_gas,True
gen_landfill_gas_570,landfill_gas,True
gen_landfill_gas_571,landfill_gas,True
gen_landfill_gas_572,landfill_gas,True
gen_landfill_gas_573,landfill_gas,True
gen_landfill_gas_574,landfill_gas,True
gen_landfill_gas_575,landfill_gas,True
gen_landfill_gas_576,landfill_gas,True
gen_landfill_gas_577,landfill_gas,True
gen_landfill_gas_578,landfill_gas,True
gen_landfill_gas_579,landfill_gas,True
gen_landfill_gas_580,landfill_gas,True
gen_landfill_gas_581,landfill_gas,True
gen_landfill_gas_582,landfill_gas,True
gen_landfill_gas_583,landfill_gas,True
gen_landfill_gas_584,landfill_gas,True
gen_landfill_gas_585,landfill_gas,True
gen_landfill_gas_586,landfill_gas,True
gen_landfill_gas_587,landfill_gas,True
gen_landfill_gas_588,landfill_gas,True
gen_landfill_gas_589,landfill_gas,True
gen_landfill_gas_590,landfill_gas,True
gen_landfill_gas_591,landfill_gas,True
gen_landfill_gas_592,landfill_gas,True
gen_landfill_gas_593,landfill_gas,True
gen_landfill_gas_594,landfill_gas,True
gen_landfill_gas_595,landfill_gas,True
gen_landfill_gas_596,landfill_gas,True
gen_landfill_gas_597,landfill_gas,True
gen_landfill_gas_598,landfill_gas,True
gen_landfill_gas_599,landfill_gas,True
gen_landfill_gas_600,landfill_gas,True
gen_landfill_gas_601,landfill_gas,True
gen_landfill_gas_602,landfill_gas,True
gen_landfill_gas_603,landfill_gas,True
gen_landfill_gas_604,landfill_gas,True
gen_landfill_gas_605,landfill_gas,True
gen_landfill_gas_606,landfill_gas,True
gen_landfill_gas_607,landfill_gas,True
gen_landfill_gas_608,landfill_gas,True
gen_landfill_gas_609,landfill_gas,True
gen_landfill_gas_610,landfill_gas,True
gen_landfill_gas_611,landfill_gas,True
gen_landfill_gas_612,landfill_gas,True
gen_landfill_gas_613,landfill_gas,True
gen_landfill_gas_614,landfill_gas,True
gen_landfill_gas_615,landfill_gas,True
gen_landfill_gas_616,landfill_gas,True
gen_landfill_gas_617,landfill_gas,True
gen_landfill_gas_618,landfill_gas,True
gen_landfill_gas_619,landfill_gas,True
gen_landfill_gas_620,landfill_gas,True
gen_landfill_gas_621,landfill_gas,True
gen_landfill_gas_622,landfill_gas,True
gen_landfill_gas_623,landfill_gas,True
gen_landfill_gas_624,landfill_gas,True
gen_landfill_gas_625,landfill_gas,True
gen_landfill_gas_626,landfill_gas,True
gen_landfill_gas_627,landfill_gas,True
gen_landfill_gas_628,landfill_gas,True
gen_landfill_gas_629,landfill_gas,True
gen_landfill_gas_630,landfill_gas,True
gen_landfill_gas_631,landfill_gas,True
gen_landfill_gas_632,landfill_gas,True
gen_landfill_gas_633,landfill_gas,True
gen_landfill_gas_634,landfill_gas,True
gen_landfill_gas_635,landfill_gas,True
gen_landfill_gas_636,landfill_gas,True
gen_landfill_gas_637,landfill_gas,True
gen_landfill_gas_638,landfill_gas,True
gen_landfill_gas_639,landfill_gas,True
gen_landfill_gas_640,landfill_gas,True
gen_landfill_gas_641,landfill_gas,True
gen_landfill_gas_642,landfill_gas,True
gen_landfill_gas_643,landfill_gas,True
gen_landfill_gas_644,landfill_gas,True
gen_landfill_gas_645,landfill_gas,True
gen_landfill_gas_646,landfill_gas,True
gen_landfill_gas_647,landfill_gas,True
gen_landfill_gas_648,landfill_gas,True
gen_landfill_gas_649,landfill_gas,True
gen_landfill_gas_650,landfill_gas,True
gen_landfill_gas_651,landfill_gas,True
gen_landfill_gas_652,landfill_gas,True
gen_landfill_gas_653,landfill_gas,True
gen_landfill_gas_654,landfill_gas,True
gen_landfill_gas_655,landfill_gas,True
gen_landfill_gas_656,landfill_gas,True
gen_landfill_gas_657,landfill_gas,True
gen_landfill_gas_658,landfill_gas,True
gen_landfill_gas_659,landfill_gas,True
gen_landfill_gas_660,landfill_gas,True
gen_landfill_gas_661,landfill_gas,True
gen_sewage_gas_662,sewage_gas,True
gen_sewage_gas_663,sewage_gas,True
gen_sewage_gas_664,sewage_gas,True
gen_sewage_gas_665,sewage_gas,True
gen_sewage_gas_666,sewage_gas,True
gen_sewage_gas_667,sewage_gas,True
gen_sewage_gas_668,sewage_gas,True
gen_sewage_gas_669,sewage_gas,True
gen_sewage_gas_670,sewage_gas,True
gen_sewage_gas_671,sewage_gas,True
gen_sewage_gas_672,sewage_gas,True
gen_sewage_gas_673,sewage_gas,True
gen_advanced_biofuel_674,advanced_biofuel,True
gen_advanced_biofuel_675,advanced_biofuel,True
gen_advanced_biofuel_676,advanced_biofuel,True
gen_advanced_biofuel_677,advanced_biofuel,True
gen_advanced_biofuel_678,advanced_biofuel,True
gen_advanced_biofuel_679,advanced_biofuel,True
gen_advanced_biofuel_680,advanced_biofuel,True
gen_advanced_biofuel_681,advanced_biofuel,True
gen_advanced_biofuel_682,advanced_biofuel,True
gen_advanced_biofuel_683,advanced_biofuel,True
gen_advanced_biofuel_684,advanced_biofuel,True
gen_advanced_biofuel_685,advanced_biofuel,True
gen_advanced_biofuel_686,advanced_biofuel,True
gen_advanced_biofuel_687,advanced_biofuel,True
gen_advanced_biofuel_688,advanced_biofuel,True
gen_advanced_biofuel_689,advanced_biofuel,True
gen_advanced_biofuel_690,advanced_biofuel,True
gen_advanced_biofuel_691,advanced_biofuel,True
gen_advanced_biofuel_692,advanced_biofuel,True
gen_advanced_biofuel_693,advanced_biofuel,True
gen_advanced_biofuel_694,advanced_biofuel,True
gen_advanced_biofuel_695,advanced_biofuel,True
gen_advanced_biofuel_696,advanced_biofuel,True
gen_advanced_biofuel_697,advanced_biofuel,True
gen_advanced_biofuel_698,advanced_biofuel,True
gen_advanced_biofuel_699,advanced_biofuel,True
gen_advanced_biofuel_700,advanced_biofuel,True
gen_advanced_biofuel_701,advanced_biofuel,True
EU_supply_Britned,EU_import,False
EU_supply_IFA,EU_import,False
EU_supply_Nemo Link,EU_import,False
EU_supply_Moyle,EU_import,False
EU_supply_Auchencrosh (interconnector CCT),EU_import,False
EU_supply_East West Interconnector,EU_import,False
EU_supply_Greenlink,EU_import,False
