path,sha256,bytes
FILE_ALLOWLIST.txt,619ad8e01dbb15a77aa4da4e6d55a448b57310ffbb962d8d985a135eae2751f8,241176
PACKAGE_PROVENANCE.json,46167cdda7a74e40b98cc3226b330d5475b468b14deee08f6df43e7bb38f0598,2307
README_CHECKPOINT02_AR.md,47e10f18e51f60e7d20081cc98ef9589607d6b9816d31a13c2a38f1b23ea3f3c,3280
README_CHECKPOINT03_AR.md,7e3a322144f09dc00608295a018d73d6cea4d5301a6faaa38518bc01edb13c32,5399
README_CHECKPOINT04_AR.md,97992800510d60c7556995514d45a1eedbd1b5e3a353b56a11d5d409c2505768,5203
README_CHECKPOINT05_AR.md,019479f7d61093f4c984d47c3e487fd0486e43c4a4bb098dc938826c06f71491,6442
README_CHECKPOINT_AR.md,08e7264f0ef4d1d625ddce91e6efafe46897d1ddb4f6840145a3eae2c19520bb,3489
REPRODUCTION_CHECKPOINT.md,53820629158b3ec8dca74bedb0ac32121e356d649401369d445b4acd5b7d82a1,2428
STRICT_FLOW_CANDIDATE.json,b12ed6b369d4ae8421f8f1b342421c24407871b45bde82211ebfad21809aab18,157
docs/TEMPORAL_INFORMATION_MATH_AUDIT.md,e02647b4a3a429b715edb318f8053c9dfc45ec0f6e3b751d9e9479394597caa8,19888
docs/TEMPORAL_INFORMATION_PROTOCOL.md,906c575e8c8470dc381967b3dc34078854eb7587a05970040933794e5026801d,5149
docs/TEMPORAL_LP_CERTIFICATE.md,47f9b4abeefadde049cb2378c186636c457ff145d4c21041adf1961c4ce2c900,3487
docs/V8R1_RTS_INPUTS.md,c91d2235d54c138889bf7c13c0c1b09122b27d399195c240337555b9bd0aa19e,3003
docs/research8h/ADDITIONAL_PRIOR_ART.md,15847753cca1760a9a95f883f5bfe38d84042cd09f64dd86faf71b9d15794091,5295
docs/research8h/BRANCH_FLOW_ENCODING_CODE_REVIEW.md,98673de7e4182cc28a6e0c58be08590c48da14c087c84208bbf00d8d6a2d4a41,4233
docs/research8h/BRANCH_FLOW_ENCODING_DESIGN.md,e4845e2bc8c5b97ab457b53e23a36c2d06b7cc6649a0c48e7bf274862a958c6b,13093
docs/research8h/BRANCH_FLOW_ENCODING_DESIGN_REVIEW.md,f898dc366ca4cfd9adb28304c7421a6abcd90d4fdfed14a4d862d57679e4aa0a,3419
docs/research8h/BRANCH_FLOW_ENCODING_POSTRUN_REVIEW.md,8db6b4d9a9ecaf2d9caaed313fc1b5717f394c01c8994cbab77d62dad8f643aa,3018
docs/research8h/BRANCH_FLOW_ENCODING_PREPARED_REVIEW.md,de170758fe9d023c1b295af7ee39ac8e8ffc829158ee515bc9b87d9716505310,2618
docs/research8h/BRANCH_FLOW_ENCODING_PROTOCOL.md,2e96ae15a1b37d10cb12e354e65238f4cd1479e3c2fc39c9717bc9d5ed21c9e7,11777
docs/research8h/BRANCH_FLOW_STRICT_ENERGY_CODE_REVIEW.md,836bb2923b7225ca63238d97dc6c33415e24531fec565946de30a5daade4000b,1677
docs/research8h/BRANCH_FLOW_STRICT_ENERGY_DESIGN.md,7f836a4a8dd38c9b30341491301e753d1e2a3228740cb96daa705b560629606c,10391
docs/research8h/BRANCH_FLOW_STRICT_ENERGY_POSTRUN_REVIEW.md,c39f40d81725a1775a75e1842a4ab73cc483d42b551772c8ccf3d0a2ceb5bfbb,3820
docs/research8h/BRANCH_FLOW_STRICT_ENERGY_PREPARED_REVIEW.md,eb8d462c6f540646d905c29d88b791c19d0dac290a69f45cb27723e380afb238,1537
docs/research8h/BRANCH_FLOW_STRICT_ENERGY_PROTOCOL.md,608003f505015b89ed6f36bdf87ef81e39ff4c0e07463206bfe613031be30886,7680
docs/research8h/CAP_BAND_INDEPENDENT_REVIEW.md,df061c155370a7f02b8938d6659b303e5166880e38e69ade8ec55587a69f3b2e,4247
docs/research8h/CAP_BAND_PROTOCOL.md,07bc7d0f5355d99c2477cf71752f20b58e69347b60270fbbe690cc522a592283,3329
docs/research8h/CLOCK_CONDITIONED_PRIOR_ART_FINAL.md,54bc87ad2fdb6f1298f07fe736d911b18adf89cfacd7ca1eaa7f14c10bddddf2,9351
docs/research8h/DAY_BLOCK_CODE_REVIEW.md,93a899a223f24e7619898f786fa81e4c125c77971d2d6defcd79af8898cd2508,4939
docs/research8h/DAY_BLOCK_PERTURBATION_DESIGN_REVIEW.md,8e447109f0fbc164504330d3d179be6e7ed7ff34cfcb360a2afe457169659525,12443
docs/research8h/DAY_BLOCK_POSTRUN_REVIEW.md,3699d488ead69042cdc755b8f6f8b6d9ec5090f9495537d8642455ff3c5bdbcc,5588
docs/research8h/DAY_BLOCK_PREPARED_REVIEW.md,13a1714d567b34124de8aa9a1e2e4ff4fccff97b18218ff173e841f56a4540cc,6106
docs/research8h/DAY_BLOCK_PROTOCOL.md,b557ac53749616f13c600ddf2b02712e3fbd307083659dea05e65c108a659933,3517
docs/research8h/DAY_FIXED_IDENTITY_PROTOCOL.md,fce6d2d69e76ca98081a68f138ee6591408fb61c305288ba482d17896d320e30,5413
docs/research8h/DRAFT_MANUSCRIPT_DELTA_REVIEW.md,a80b40549754123c60334258e60dde84624ad10f555da66677df0cf4ed8d11de,6493
docs/research8h/DRAFT_MANUSCRIPT_SCIENTIFIC_REVIEW.md,41e5b0788ae66ba97be41ef3f02a6be9236416dcfc0f506644f98fa110520d55,12216
docs/research8h/ENERGY_LP_REFINEMENT_PROTOCOL.md,083ac02d802f955f5598b44cab73994db6461a988c5ef07fe23008d53c352dc9,4431
docs/research8h/ENERGY_PRICE_BOUNDS.md,01a4aa80f2e681033c2603f5eb3897e4f38705c3b321dcc7e7c9248fbf3c1617,4389
docs/research8h/EVIDENCE_CLAIM_MAP.md,f6e006bd92789dd98e2fb41e1e54ee762153c4d22bfd436ee40ba54dbce840b5,5990
docs/research8h/EXACT_FIXED_SCHEDULE_CODE_REVIEW.md,3c708af46a89f44b9a2054e5a1b75490dab207040c520605ca7deaf663306329,5075
docs/research8h/EXACT_FIXED_SCHEDULE_POSTRUN_REVIEW.md,cb3d648c51a51082d94f28d158a3a848e6074964e59d8f3d6a82f6ad25bc8f57,2665
docs/research8h/EXACT_FIXED_SCHEDULE_PREPARED_REVIEW.md,11bc784e0573b9413202f0a6840131a4da10993a337c56ab668f2040550da98b,2993
docs/research8h/EXACT_FIXED_SCHEDULE_WITNESS_DESIGN.md,115c517a8504140c4477ef567fc53155fc7462eb75ac3f8abecc6929311b5873,15860
docs/research8h/EXACT_FIXED_SCHEDULE_WITNESS_PROTOCOL.md,d3b3c39a62ca74e2b09cb46e456da5ab2812092eb9c9c25d548a7718e548acab,14410
docs/research8h/FIXED_REFERENCE_SERVICE_PROTOCOL.md,452c081f808fdadab7116be158aa23cb51ef9c43acea52439d5563bf9182e90e,2319
docs/research8h/FIXED_REFERENCE_SERVICE_REVIEW.md,94145a90db40af737a83babca03b2b18c1c6785885719a11c5e9061d91a5956e,5355
docs/research8h/FRESH_JANUARY_ENERGY_CODE_REVIEW.md,ded99a57facd01ff7d4f7a9ad7da5c9939eb19588d96856b46231a4e609db799,4693
docs/research8h/FRESH_JANUARY_ENERGY_POSTRUN_REVIEW.md,833b8a5be970c56cd1ccc980e02083c42d6304bffd02e6ed5d9e54cffcda3627,5701
docs/research8h/FRESH_JANUARY_ENERGY_PREPARED_REVIEW.md,39b62b6ae4d538d6655a4f8c4972fcbe8da2f1df699005d5869ef99e3d7cd8a4,3589
docs/research8h/FRESH_JANUARY_ENERGY_PROTOCOL.md,56ad8786aedeabab42374bb91d923c6453c4f468414a19bea54d352a3e9e8bca,8190
docs/research8h/FRESH_JANUARY_NEGATIVE_CERTIFICATES_REVIEW.md,fe85e608e33f98321dc19434fb685be78019cde1877642354c0a93434bdf36eb,2153
docs/research8h/FRESH_JANUARY_REFERENCE_POSTRUN_REVIEW.md,9614e325850bc51f0562c4c51685e53f3673605cde9ec12dbbcf02c6a4f410f9,2071
docs/research8h/FRESH_JANUARY_REFERENCE_PREPARED_REVIEW.md,6061850f7d13e77a0bfe17bc27815b0c5b6df4d5d9aedcac6e5c9b52c3605779,3139
docs/research8h/FRESH_JANUARY_TARGET_POSTRUN_REVIEW.md,ef592b4ac73fcdab1be202453355ad2e6913f2c51102b5c68a7584fd2644a1ee,2088
docs/research8h/FRESH_JANUARY_TARGET_PREPARED_REVIEW.md,4b14e5551ad35fd7633f313411a0d54537488b7e5cfce10fb3ca8010e4314674,2619
docs/research8h/FRESH_JANUARY_WEEKS_CODE_REVIEW.md,6570702bc21dfcec680f83b912ef77cfff79ebe4113cecc9819f68a421de4b0c,3707
docs/research8h/FRESH_JANUARY_WEEKS_DESIGN_PROPOSAL.md,3323167b51d48c8ea555f06275c92f2dae96b699829ad19c77ce44e8eeffd10f,7398
docs/research8h/FRESH_JANUARY_WEEKS_PROTOCOL.md,00cdcb9fde261660cc78e549e1bfd3426b81b1632ecf20e9f1ab86f23c0b39fd,8809
docs/research8h/GONZATO_PRIMARY_BODY_ADDENDUM.md,42a49db2544793292cab0e8852c367416ce91a42272704c51012259d3a153e0e,1469
docs/research8h/HOD_COMPACT_CERTIFICATE_DESIGN_ASSESSMENT.md,e66fc13a0601c4c261e52e17df17b4124270274028bdf4c3120476de0447d784,6958
docs/research8h/HOD_FIXED_RAY_ROOT_REVIEW.md,1a72c7a63ed57892d1511a20001447d8f38be074290688c370832144f1b99377,1285
docs/research8h/HOD_FIXED_RAY_TRANSFER_PROTOCOL.md,2f90ae2c16907a32136c491d9b2ba2ae93a59e23ddbf8eb212d0175173915fd5,5835
docs/research8h/HOD_REOPTIMIZED_SUBSET_DESIGN.md,f458caafe3fccc0c2468532a20f0811097ba5ba41526c0e93bf0786279677648,4885
docs/research8h/HOD_REOPTIMIZED_SUBSET_POSTRUN_REVIEW.md,85e1a0aa4a2b1e3b66d8698b43fa2dafaefd4531fb50b00e07db8e98b2c53c4d,2603
docs/research8h/HOD_REOPTIMIZED_SUBSET_PREPARED_REVIEW.md,22f5a8a35029cb8d86f8be6885216be17ea6e981034926aabed4027270390103,3681
docs/research8h/HOD_REOPTIMIZED_SUBSET_PROTOCOL.md,eafa85dba6f772668a263f19f37eac086915cb1d6d599fabdc91ebac097ff0d2,8044
docs/research8h/HOUR_OF_DAY_CODE_REVIEW.md,af7c28b6f88a018b2f4a25eaf4b3a1ebe04fb80966a3b15e6a1a65f9af768b9d,3920
docs/research8h/HOUR_OF_DAY_POSTRUN_REVIEW.md,81a1d4e8c4a30fa5fdc1bcdf1b220e51d61e7bd0d3e9ab8fbb9d504de086ddb5,4906
docs/research8h/HOUR_OF_DAY_PREPARED_REVIEW.md,5fb4db26fbb0f4be69d58277d0b0720ef02dcef7e0a25499326430ac0a0bf562,4097
docs/research8h/HOUR_OF_DAY_PROTOCOL.md,09b3a45af4224c65b03dd4d3972750ba417f0f26ccc153e51fa9ca3ae4d9829b,6469
docs/research8h/HOUR_OF_DAY_UNCAPPED_POSTRUN_REVIEW.md,9d39c3b27450e8b61168c3fe3641ebd113ef59a86082f565312be842afb78a8d,3537
docs/research8h/HOUR_OF_DAY_UNCAPPED_PREPARED_REVIEW.md,5be2481800b4e400267bf0fffff45c5e757cabb651e495653056af0d2d6589de,4869
docs/research8h/HOUR_OF_DAY_UNCAPPED_PROTOCOL.md,52a37e5b49e43dbc8f7d9c7900f5d14e25b6dc5c59f3007bba30f1bd05c79b91,7317
docs/research8h/KEBRICH_2026_PRIOR_ART_ADDENDUM.md,7261753168232e5dad09bc642187ea484243a2dfd6930499f513c512c4dd00f8,1371
docs/research8h/KGRAM_INDEPENDENT_REVIEW.md,9f498f1cbb9397554adab81dcd72a3a30ceac1eb8c06bc3a5e8b5107341ff3db,8284
docs/research8h/KGRAM_PRIOR_ART.md,db9690ab2e5f9db0f2230d3f843feb07a6f4600289284444fbe8bb1087fb0838,15021
docs/research8h/LIBRARY_ACCESS_READING_LIMIT.md,deb8c13c342588938660a001f1ba6a57a8116dadb0bc99d889a0dcf62212486c,1309
docs/research8h/LITERATURE_CERTIFICATES.md,d2ecc4792ea503c337d0937dbad9962e1b6b6408f01ecabcf328e354e04b0e5c,22700
docs/research8h/LOCALITY_PROTOCOL.md,aef9bcab5a150085297e03a3c23ed41092e6e35e58e7520d7dace56293beb8b8,4753
docs/research8h/MANUSCRIPT_V2_CLAIM_REVIEW.md,c2d33a188d3a2060094aa63aac7e5fc730cc4a14021b5d6337f7fd1aef9d67cc,6343
docs/research8h/MANUSCRIPT_V2_SCIENTIFIC_REVIEW.md,81eea4d800b9f7ba4670f9ad25be384ea52e71d76b0c8c7cf35c90c0fd427377,10072
docs/research8h/MARKOV_MIP_PROTOCOL.md,9ec41a22d72290c50b23e3ff8f1790d893d51982462c1682b5bc0a736c38f2ee,2833
docs/research8h/MARKOV_TWINS_PROTOCOL.md,32672778c2e728f804a6ce83d5ffeb184a3a09520d4d539907e5f47a9f7362fc,3058
docs/research8h/MARKOV_TWINS_REVIEW.md,e6310c1aef98883079a0b4a5f1250c33306e9bbf70e9e6ae506004603ef08d8a,5323
docs/research8h/MEAN_REPAIR_PROTOCOL.md,46a5de8ce4654442230010ace68c204c03904e30709b2ee97be1b2ac670a4755,5911
docs/research8h/MEAN_REPAIR_REVIEW.md,62f4015a05b3f5f3a94c66205df7df4a419db22497279db36807c5344fa7e244,14080
docs/research8h/NEW_AREA_FEASIBILITY_ASSESSMENT.md,d626d9921a8e4258b2596a82b0c609cd1e8ae3cca841bff1dd67f0ebcfd08bb6,16374
docs/research8h/NOMINAL_BALANCE_AUDIT_POSTRUN_REVIEW.md,80d4dcf2d47566a2d4c5d06d1a82060899d1887dcfcdcc92983a13c8678f8be5,1758
docs/research8h/NOMINAL_BALANCE_AUDIT_PROTOCOL.md,918a28a4fc07c7f65b890fe3c9aa85323bb0e3f73438dc29600332015706e4df,1518
docs/research8h/NOMINAL_BALANCE_AUDIT_REVIEW.md,5154145596ac2ca831fd982f20731572d3a5797f42ddda401c2dfbc2252da700,3846
docs/research8h/NOVELTY_DECISION.md,5e67fbf25656a705234cc8506f5a9f682362343c2cf60cf5a625b3d4e135c8ad,18259
docs/research8h/NO_DWELL_SYMMETRY_CODE_REVIEW.md,f65b0f325e8ca228eaa8c95c1c456d047b565bfbbe45c1bf875556c6d58c176e,3354
docs/research8h/NO_DWELL_SYMMETRY_POSTRUN_REVIEW.md,c70fb2a5229d54542820231741ac37eedf746e582baa8eeab67fd70dab96817e,3466
docs/research8h/NO_DWELL_SYMMETRY_PROTOCOL.md,e0057d461800739ca028db9611b175d16e7ac5faa2c386a8f281b0819d4c0e3c,5259
docs/research8h/OBSERVATION_AUDIT.md,828706b35629c9ac73215b27e748b45eb9be17cca6c0fee157e68fb0b786a938,4683
docs/research8h/PGLIB_EXTERNAL_FEASIBILITY_ASSESSMENT.md,d143bd6d4a6374f64639485ca9ea899bad36e55ecfb9e293e81d01ddeaf68205,10328
docs/research8h/PORTABILITY_COMPLETENESS_ASSESSMENT.md,811741b5c09bc8b9a54c322e9dcddea7b66c5fb7305ea78be737b632d7776616,10947
docs/research8h/PORTABLE_CLOSED_REPLAY_CODE_REVIEW.md,eb3284fb6330e10ce764bf0aae4d3eae1c61a891d3af84d98bfe1f66a453db3d,5657
docs/research8h/PORTABLE_CLOSED_REPLAY_PROTOCOL.md,88864255bcd8bb479df79c100e6d67628647c03f97ef6dfade07d4add7544f12,5431
docs/research8h/PORTABLE_CLOSED_REPLAY_READOUT.md,79534a5aaef4109fcbec1953826e4bb730d7c5f4aac9427b5f46cdb519cb527d,5887
docs/research8h/PORTABLE_NEW_RESULTS_CODE_REVIEW.md,ade505113845bf0f3cdb2724dc03b20a05a63a5ea2ab71894b69579022e2a3cb,4750
docs/research8h/PORTABLE_NEW_RESULTS_DESIGN_REVIEW.md,24d1b1d9df8c236427432d01068f9d3af1e4abf8ce6a42bd162f306f37f5f6cb,3807
docs/research8h/PORTABLE_NEW_RESULTS_POSTRUN_REVIEW.md,5fdeccb7598b8b489c248284a572a1803d1e29efe546afed1a32e7801522349c,2208
docs/research8h/PORTABLE_NEW_RESULTS_PREPARED_REVIEW.md,5199820434008e50e748613845830bf1d1f89914070cbf172d087beb414d74fe,2486
docs/research8h/PORTABLE_NEW_RESULTS_REPLAY_DESIGN.md,738a2017e4b6421cf6e9f298a715b842d9af9d9764db20da7d73672cc5adb71f,21715
docs/research8h/PORTABLE_NEW_RESULTS_REPLAY_PROTOCOL.md,72093987ce0d0ea421ed5238e1cad8a977c233b1b26953610569f44b72e82df2,11240
docs/research8h/PORTABLE_NEW_RESULTS_REPLAY_READOUT.md,edddc704448dfc725fb51d493d93b201684bf5cd743a7d4597308a48b411c862,4693
docs/research8h/PORTABLE_STRICT_FLOW_REPLAY_PROTOCOL.md,7d619dc7c7e7bb76da71dd7ee2496f507875bbd5ed0fb356e50417791e66557a,9621
docs/research8h/PUBLISHED_REPRESENTATION_COMPARATOR_DESIGN.md,9326e0d6e73ee39da0a5875df6d61498776c982c1fc74f019a4113741f06496e,14302
docs/research8h/QUERY_COMPLEXITY_ASSESSMENT.md,473bfb524bbd03d96b837441fb41dcba81d17fdfddd549d0138a49ea781998df,13788
docs/research8h/REFERENCE_METADATA_AUDIT.json,289a9fbade2eff6026fa5f27c71ae8089f57303b2b6427edae8e937c0887ff70,1478
docs/research8h/REFERENCE_PRIMARY_METADATA_AUDIT.md,e087533499ac77bd69e5aaf098de088c50acf705bcba9210c3e679f9feb96a47,5241
docs/research8h/RELOCATION_SMOKE_READOUT.md,d0e0357e2cac8d36604e05090f7e3c690b327e0d5b2d7db50fb3dc22b44b15ee,1801
docs/research8h/RESEARCH_STATUS_AR.md,23d5282467f2d81ba31df067643903fe0fe1d136c569f31e90787bb31709835c,4956
docs/research8h/RISES_AUTHOR_CHAPTER_NOTES.md,3266d38cbd91e81bed36136055d0deb203882f8068975ad0440926301e1a0b27,1694
docs/research8h/SAFE_BOUND_PRIMARY_BODY_ADDENDUM.md,e5d6de2c788df6399147177c5e294c3829ed41cdb80516ca24a44cde5e219240,1648
docs/research8h/SAFE_BOUND_PRIOR_ART.md,694f581cd5b6e9f4369e6c0ecb4e6ab1f760a7b265d7ad4a69c4d98747e642fe,3653
docs/research8h/SEASONAL_CAP_CONTINUATION_CODE_REVIEW.md,e6156c4eda75125f2920443c7c82ebe9733a5c4554e5e58312a5cd5f11721ba5,3758
docs/research8h/SEASONAL_CAP_CONTINUATION_POSTRUN_REVIEW.md,cc0b41d31a2d90478b74f47086f98f10d69a8426e28574248743c5e1d206c568,3959
docs/research8h/SEASONAL_CAP_CONTINUATION_PREPARED_REVIEW.md,e3b15590a6570bb770429997cb87160fbae90c46ae67b59dc86d0ca6704c6c80,4556
docs/research8h/SEASONAL_CAP_CONTINUATION_PROTOCOL.md,14349e3ea185f0cd4089ab5d2745afbbd4c7d5240064893b5f3ffe0065b6bbb2,8225
docs/research8h/SEASONAL_REFERENCE_CONTINUATION_PROTOCOL.md,b0100c2cae77bb1c38c206a10107ad3c9488a3b466386c02118f371df317d505,6009
docs/research8h/SEASONAL_REFERENCE_CONTINUATION_REVIEW.md,d45e49f2945b682931ed41d89ca6d3a4d96370b651115bc0c30e5819227b8288,6356
docs/research8h/SEASONAL_REFERENCE_PROTOCOL.md,c8d8612432e2f04fba9625af0629b74a99942f86a0deff4633b7fbf4795aff99,5476
docs/research8h/SEASONAL_RULE_TRANSFER_PROTOCOL.md,1d23f7f7b9c1a9e818edc49be0194641cc13fe98190ad432872abf0c65464c8b,5048
docs/research8h/SEASONAL_TRANSFER_DESIGN.md,809e533b4e0cb7e9b3d69d1032a743ff6dc63172c2b06ba9234ac2b9cbcf674e,17775
docs/research8h/SEASONAL_TRANSFER_INDEPENDENT_REVIEW.md,8158c2fc9b969ca796f161a854684c81929d84b0218ce36a686a35171146304d,8962
docs/research8h/SEASONAL_TRANSFER_PROTOCOL.md,0cec867e58d48a1f4ee4ff07e127e6bff5173817e0cc5faa8f30771baba92b40,5641
docs/research8h/SEASONAL_UNCAPPED_FOLLOWUP_DESIGN.md,1401d08dca4506200b4a5e2fa84ec7c8d01984c4d86c72550cdddf80c8f0be61,3624
docs/research8h/SEASONAL_UNCAPPED_FOLLOWUP_REVIEW.md,cb6d3d376987da54776214f404b912e834fe0e8e91097fca9976a5655329a572,3253
docs/research8h/SEASONAL_UNCAPPED_PROTOCOL.md,90434553f65c8f97bf5b59f68966c97547f18b6f1b92ec317e30b0cbdef9479c,4895
docs/research8h/SEASONAL_UNCAPPED_REVIEW.md,8834fb4090f56328f5b2aa0c2b839b80ab06f21094dbb568a86150f9449fd7d4,9244
docs/research8h/SERVICE_CAP_NOVELTY_ASSESSMENT.md,7584e6ee987d45063c128053ed3bf7f619a8777ea4337c00b4522ae3e5d6f1f5,12955
docs/research8h/SERVICE_CAP_PROTOCOL.md,847e0aa44d4b6464f71f81f68131d6281103eeead4da19fd14b088342df4a41f,2263
docs/research8h/SERVICE_CAP_REVIEW.md,fee9ece9504a642430cadde82869e3b1dbad42b4ea0395e09f5be567d5dbc65d,5295
docs/research8h/SERVICE_NETWORK_MIP_PROTOCOL.md,8cea2f0776e83b0bd8c5c846f18e9e60013346b171b9a1dcfe26835052fcaf21,3649
docs/research8h/SERVICE_NETWORK_PROTOCOL.md,ab798db4f275f709dd6bfca31a534d46267c681d7460942ac0dbbeb194edab51,3283
docs/research8h/SPARSE_FARKAS_PROTOCOL.md,153e0a45577ef893d5154839d5a8760ab225ee432b52834765ec3da3e3248f54,3954
docs/research8h/STANDALONE_VERIFIER.md,5ed2ed1c00a4129f6e73bf968d39002634476d6b0921892639b9ccd51af1d790,10694
docs/research8h/STANDALONE_VERIFIER_ROOT_REVIEW.md,46484e0ec9b81f2db13f3ae62d5b0f19bf847eef7173e5e8bcd9db7cfed42719,1280
docs/research8h/STRICT_BALANCE_BRANCH_PATH_DESIGN_REVIEW.md,de40dff9e2ea2f77675623b9fa156b96aaa5f4132676f0790ae100c7779b0f75,4334
docs/research8h/STRICT_BALANCE_PATHS_CODE_REVIEW.md,662a7abe38531c5f82d73eb1876bb517b6c775eebfed6ff5d63bed5f91c3c75e,4544
docs/research8h/STRICT_BALANCE_PATHS_POSTRUN_REVIEW.md,6cab97197abcd1b6f7bd35a7b834461b75c324806c46ec55087f566fb9e9ba3a,3792
docs/research8h/STRICT_BALANCE_PATHS_PREPARED_REVIEW.md,091047d862e61b4306863a937bb28dd4cde0a5115638727fef6bccbbb394986b,2398
docs/research8h/STRICT_BALANCE_PATHS_PROTOCOL.md,6c28f25ae326bdf1fc195d8dccba270c02f464567fe90f02df76b85027b1f735,9108
docs/research8h/STRICT_NOMINAL_WITNESS_DESIGN_ASSESSMENT.md,022df1398385fd7efa6c2868747ee3d09dfed34a332fb290a467e35299bd7c25,13190
docs/research8h/TAU_FIXED_EVIDENCE_CODE_REVIEW.md,7d6483c7e8c50d5abf8f0ecf9af550572680876bed97706c2c51e5fdbf61cb10,3357
docs/research8h/TAU_FIXED_EVIDENCE_POSTRUN_REVIEW.md,3323300c5c54ddc8ab4183ab78fdccce96e6ef0b42b5f8202ff1c650617f6c9d,2445
docs/research8h/TAU_FIXED_EVIDENCE_PREPARED_REVIEW.md,2ea022d641ff6334347d42699dbf1169e43e431ae588d4a0a34babcfc415ecad,2100
docs/research8h/TAU_FIXED_EVIDENCE_PROTOCOL.md,2c2e5094d5a0baf1e0e7b518348ba05b87f8b517f48dc6a392904149a5339217,8433
docs/research8h/TAU_FIXED_EVIDENCE_SENSITIVITY_DESIGN.md,f655d05286058d191cfb1d20b891b606ec19eef0c85f36d5e623c2e8cd72fb1e,17372
docs/research8h/THREE_WEEK_PLOT_CODE_REVIEW.md,d1ce8aa263c5426bdb1ae8fa9afca792e8c26d16979c3bccad71e9754685c347,3159
docs/research8h/TRANSFER_PROTOCOL.md,4284f5ee16ae0ac5a2cbad0db7bfecaf3062c5453aec866d4bb173866b6a4d32,5814
docs/research8h/U_ONLY_CONTINUATION_PROTOCOL.md,5b557dd0f1c70a07d8e570ff9874477886dd68de45c6c2e47098c4460691d52f,4395
docs/research8h/U_ONLY_RECOVERY_REVIEW.md,5f4af015980ebf6c8608e5a4142d9818d5ecdb8e9db060b78c835b917ef78c7e,7514
docs/research8h/manuscript_v1/DOCUMENT_QA.json,be7426a3692cfdfcf9db7c251ddce2edb652b4405d6996d6424945c38602db4b,1264
docs/research8h/manuscript_v1/FILE_MANIFEST.csv,38a41203ad30b71516f8ba5ac84d7525e611cd8762f4340a8527e0b08f481bc5,1021
docs/research8h/manuscript_v1/README.md,007f3f09cdf23c5e9c39d03ed902ea7a797353ad6b104aee00ca59b91179d386,1490
docs/research8h/manuscript_v1/Scientific_Decision_AR_DRAFT.docx,0ffd3c981712b69615dc4a27d6d93c99f4f17cdc00ee2d1e4a4342be356ee18f,127428
docs/research8h/manuscript_v1/Scientific_Decision_AR_DRAFT.md,7161db6c2c0649e30ef9da775bbc98eb556e9e610693f07a2877132764f9dbb8,18967
docs/research8h/manuscript_v1/Scientific_Decision_AR_DRAFT.pdf,f4e6927b8d7283a90b5d1ffc8ee2e50799edebddc34ac6f11c48e1782616f7f5,268678
docs/research8h/manuscript_v1/Temporal_Feasibility_Research_Note_DRAFT.docx,a643ddc877ebeadbd227f8d46251c843d850d8032bb2afa7b96e0e9890cc6633,132033
docs/research8h/manuscript_v1/Temporal_Feasibility_Research_Note_DRAFT.md,e42383cea3d7b12d8b3c3341df83bcecd1df8c69854da006037f915066e7370d,26923
docs/research8h/manuscript_v1/Temporal_Feasibility_Research_Note_DRAFT.pdf,deb5c33ac869568933499526dd29c5c98adcd7542087ec6c09c980d06c3408d5,261552
docs/research8h/manuscript_v1/decision_ar.json,feae8e1da5fe685a08265b8214793fb0a2b4572eb6e1430b0299a50f36cfe3fc,21309
docs/research8h/manuscript_v1/note_en.json,8cc3a5b4badf38fd9e040c7deed0e67809733acd21376922694111e8312d5105,32745
docs/research8h/manuscript_v2/DOCUMENT_QA.json,ce64c3c6b2f41ba95c1775da36377b836dd9c23be15b81a1800684a1f422a407,3177
docs/research8h/manuscript_v2/FILE_MANIFEST.csv,5e0e055a78633279046515c685176dedc8b0f8e7ff667f0dfcecbe52e95b3788,1050
docs/research8h/manuscript_v2/README.md,499931a319576e02bb8d29baff7d320ba6a91650f149eb04e02419f90d89bedf,1936
docs/research8h/manuscript_v2/Scientific_Decision_AR_v2_DRAFT.docx,27bf973ff891725e1f6b8a2e1dd545d05880e88b03ab726111e5a21e629101e3,179778
docs/research8h/manuscript_v2/Scientific_Decision_AR_v2_DRAFT.md,91ffbece6319097972a952b4bfdb6ad2cb9f4d502f029b24b4512fc0fa766d32,22121
docs/research8h/manuscript_v2/Scientific_Decision_AR_v2_DRAFT.pdf,b2799d47049f77ccc916601e855e69a560cdbfe6e9a4280f9ff037e4524c70c5,337187
docs/research8h/manuscript_v2/Temporal_Feasibility_Research_Note_v2_DRAFT.docx,7b1ea5263b3d5b86a3d0ec29a98a8fb203a33f50089a0d66c3181718c89adbf8,184606
docs/research8h/manuscript_v2/Temporal_Feasibility_Research_Note_v2_DRAFT.md,d2f6b6254f043b4110c70927774fd04faf5c9642691833f97cd0bd4ab94be17b,30326
docs/research8h/manuscript_v2/Temporal_Feasibility_Research_Note_v2_DRAFT.pdf,ba486a45c8414891e03149a45fcd5fee87d45c6405ef75c89f459fc3a22d1c4f,331383
docs/research8h/manuscript_v2/decision_ar.json,40af9a6256b53a86fb3fb13a264dd31eb87c2ebefc8ecc7b7b90fa4a52433891,24978
docs/research8h/manuscript_v2/note_en.json,f989e3ed8ac7bd6261647be3150562a88c8216bfe95107aa25b57c35d8ef7aad,36663
reproducibility/ACQUISITION.md,1af2eaa169c9051ddc4d49509d4b678dfd9dcad1891f96d3d8bd70e11a840073,2968
reproducibility/CITATION.cff,7ad8c2939bbb53fcc732a946dee40589bb12d94e9df5e19be70caab1d4cc89a7,1617
reproducibility/DATA_DICTIONARY.md,a6dee9e36eb2893925fd1aff7e12c81bcbc925babf5e29eb19803090431d3e5c,2647
reproducibility/LICENSE-CODE.txt,2b1667d3e64bc4183b969ddfff6af3672338cc0ca8ad9ebd882a980041e99f77,1230
reproducibility/LICENSE-DATA.md,1cf4684564518971ac6bd4b15d2683f09fe8e2b43382ed50ef954dcdc829d76a,936
reproducibility/LICENSE_SCOPE.md,0cb3af51529f9984e9a99d9183762588a8940c610381ee82cc4812cac61faec7,1274
reproducibility/README.md,a32dc24e528c86cf5a8199c7453cb33c4e799eca30b6682eb66131e8c5e23c13,4047
reproducibility/THIRD_PARTY_NOTICES.md,cdd345a5818c8f1c7c9b9755c4a765620b4bb882d83cdf36cdce06af770c5d8f,1943
reproducibility/code/acquire_elexon_evidence.py,03cfd01d1a121bfe9589302eec7f3f84c5f27d8ea99ff8bee915d8b8e2aea7be,3468
reproducibility/code/analyze_elexon_evidence.py,33bc0f615d1fd65b27cbdb9abfcd285ce415cf1e938cb75da19b3cf56fd72f07,14515
reproducibility/code/research/README.md,bc91949e21d3e57fdc531eaf1e9347c70d39139a16f524e441cbb33200ce56a3,1845
reproducibility/code/research/audit_pypsa_gb_chronology.py,58107692af36470d6696ba6cb6f3542e6509ee9080580b2366217f9c120e17ae,2392
reproducibility/code/research/native_minud_independent.py,f085b1744d9effbce77b3c210e20766d3eccc215d2c44be4ef6fd71acfb14024,3311
reproducibility/code/research/native_minud_repair_independent.py,2b3addd0271a45f31428e61407d4ef1218998d1f278c250091b4feeb8ff02e94,3827
reproducibility/code/research/reproduce_chronology_repairs.py,ea1873a0586a830d7c6a0978d5298f5f77f49569358afbbed8c36bea1869d53c,4791
reproducibility/code/research/reproduce_gb_replication_metrics.py,8fb75c3c085e87d09f2a9ab0b0775b4017a2d43f5efc7529ae1583bc5b3498d0,1639
reproducibility/code/research/reproduce_network_repair_upper_bound.py,a47915e03cc40e8bdf7b8ab148131d7ff7a9bca19137400a4cfb7b602a0516de,4855
reproducibility/code/research/requirements.txt,be2b30240752c7879e055fc5e215d6678c71543a90a9150efda965f77851ff8f,81
reproducibility/code/research/run_ac_fixed_fast2.py,f5fde27dcb23e2ae18abaa2ca9560926a031477a3f3a3e207732bff0875c3b59,13435
reproducibility/code/research/run_ac_shared.py,1b1061ab163a10e959cbaa7477b54b73143e83ddf90e2a531b8319189836623b,13098
reproducibility/code/research/solve_network_milp_v8_highspy.py,7b42a0377e76740a921d75c1d6c6d3c18e408f656acf3289b67481c76964c9a4,4809
reproducibility/code/research/test_casadi_ac.py,7222444988a3ccb488d9f26f97509915496f00becbfd2255e208123d7a5c4e99,6676
reproducibility/code/research/verify_native_ramp_witness.py,b51239e7c3c4710865cc4cd6375485e2a6b8d36b1bbfac588c9ef8e5869f5cf5,2585
reproducibility/code/research/verify_network_repair_witness.py,faa1b35af421449869d173a1ccc64646c2d0f46940480d5d213ae10118a37b91,3795
reproducibility/code/verify_26_claims.py,7524b1a1b8aa9c33ae6f311582ffc3df5465790ca9ca7acec09f1fa0b5d64140,7343
reproducibility/code/verify_manifest.py,6ad9d5f7a041ed7cd62eb09c4d8c2e05a70ec0ce79fec876ea8a676d692026a6,1133
reproducibility/data/processed/ac_shared/ac_projection_results.csv,40eb525b76039cdad4639f77c1c466e6646d3ec90e0106ec2b7b0a7cacad1e4f,33379
reproducibility/data/processed/chronology/native_minud_repair_month_07.csv,91f0f2d1589481c3ea72f3ac203c279198916eda33953cfe8f0df97c3b73d47f,3589
reproducibility/data/processed/elexon/b1610_mean_coordinate_changes.csv,7605caaac7075844537c14170b995088b0795f7c87f0f1fb39db6fa01f943f84,26373
reproducibility/data/processed/elexon/b1610_operational_evidence_metrics.csv,f94b2e9addc41c2e77c5fe1e1917d950f7c73b7180dfa710f23c6fe2cb0b5422,3643
reproducibility/data/processed/elexon/b1610_operational_evidence_metrics.json,16740c2d180fb28665aacf341af316f21e652c0e1ed1468af1acf6d89d574539,4309
reproducibility/data/processed/elexon/b1610_optimal_transport_matching.csv,c8ea6a51bb2e056aff04dc5317653735e12bfc5e2914ff49fa91c54d82dad6be,1187
reproducibility/data/processed/gb/coordinate_classification.csv,34522644d1271cbd6446eed26b93662a360e7ad20d06a1bdd951553a2dcc4ab8,100703
reproducibility/data/processed/gb/january_generator_dispatch.csv,c81a51fe0d397e2d8c8aaed17fb29228eeb86da92207584804f7b1eb7893b7e6,3879339
reproducibility/data/processed/gb/july_generator_dispatch.csv,92877ce89785f129e1bdf7d7b0e3dcbe8e596d2d6933dfde37e70a9bb4f9137c,4613760
reproducibility/data/processed/network_repair/network_repair_mean.csv,928b803c98e1af4728515c73b13138c6fd49030a6f1dfae618df24ca4317fe93,3485
reproducibility/data/processed/rts/month_01_first_week_dispatch.csv,f5d9f2b20a52b7f93463963a55cff7cbf49eed9347c8ca94cecd72af442b2317,62349
reproducibility/data/processed/rts/month_02_first_week_dispatch.csv,1676a4eba451ce0c535f92d346e9e40da385d6ff0eb55079865f6ba8baecfd63,63084
reproducibility/data/processed/rts/month_03_first_week_dispatch.csv,aaa0a82e82c512a54ec6f89afa4e00656aa7cf660d9f9929ad9c0493479f5dc8,62551
reproducibility/data/processed/rts/month_04_first_week_dispatch.csv,360bd259f073b0d4a3bd7439875e2cb7cbf727fabe3576de7c9c8e3e4ef7b748,63099
reproducibility/data/processed/rts/month_05_first_week_dispatch.csv,864cd1ec8eb9fd8bada370a70d1d1d0357aeee8fde76a92078d0a2fa4a557b16,63438
reproducibility/data/processed/rts/month_06_first_week_dispatch.csv,aa60706b354904fa04b5563bb85ffcf000c40a1a8a10b1fe84c2f2b66e6ae348,63041
reproducibility/data/processed/rts/month_07_first_week_dispatch.csv,5b16ff77d70404dc131402ec7ee0fabae32f7ab8c560b9557188f65a480ed42e,61483
reproducibility/data/processed/rts/month_10_first_week_dispatch.csv,cbd2aaecafad94e93303cee3eb29cbdf4f416775575a89a55e11a4c650e5ff15,62934
reproducibility/native_sources/FILE_MANIFEST.csv,8b18311c646c0ae68d85765c57b690e2db5b5ffc071d1ab1b734b2db88d866b8,2881
reproducibility/native_sources/README.md,4711609d3df39b1413637e6412dfe226274963d5a63ffaf7c6451778e287775b,5632
reproducibility/native_sources/path_map.json,0e3373b39e774671b470543af26ce0e9f9e9f758ca0d03159f2b0b9443291c3a,582
reproducibility/native_sources/rts_inputs/LICENSE-CODE.txt,2b1667d3e64bc4183b969ddfff6af3672338cc0ca8ad9ebd882a980041e99f77,1230
reproducibility/native_sources/rts_inputs/LICENSE-DATA.md,1cf4684564518971ac6bd4b15d2683f09fe8e2b43382ed50ef954dcdc829d76a,936
reproducibility/native_sources/rts_inputs/code/dscgrid_model.py,01d3e67440b1380b62ed68da07e61ac6895b930ada583ffa8af09a370850be78,5694
reproducibility/native_sources/rts_inputs/processed/month_01_first_week_dispatch.csv,f5d9f2b20a52b7f93463963a55cff7cbf49eed9347c8ca94cecd72af442b2317,62349
reproducibility/native_sources/rts_inputs/processed/month_01_first_week_hourly_summary.csv,7a12b6c605cbc66f59823afc03351ca54ed213b5744b0cd19b5dd9f92df4e8c4,3936
reproducibility/native_sources/rts_inputs/processed/month_04_first_week_dispatch.csv,360bd259f073b0d4a3bd7439875e2cb7cbf727fabe3576de7c9c8e3e4ef7b748,63099
reproducibility/native_sources/rts_inputs/processed/month_04_first_week_hourly_summary.csv,d94418e507716cc91ece2da868b0527a97efeff83aae00fac495efcea5adabe4,4214
reproducibility/native_sources/rts_inputs/processed/month_07_first_week_dispatch.csv,5b16ff77d70404dc131402ec7ee0fabae32f7ab8c560b9557188f65a480ed42e,61483
reproducibility/native_sources/rts_inputs/processed/month_07_first_week_hourly_summary.csv,1b8ecce0d833d812c4c34fec97a43f118aba99aae3189058a833f633a9bf6b2f,4214
reproducibility/native_sources/rts_inputs/processed/month_10_first_week_dispatch.csv,cbd2aaecafad94e93303cee3eb29cbdf4f416775575a89a55e11a4c650e5ff15,62934
reproducibility/native_sources/rts_inputs/processed/month_10_first_week_hourly_summary.csv,d4ad220fc51b2f964bdc564ad1228595c500634c128d909bc421add5bc411aed,4214
reproducibility/native_sources/rts_inputs/raw/RTS-GMLC_v0.2.3/UPSTREAM_README.md,9643002ac6b0d0eb85351c8477a3155ec082fd0583a17fb20b9756bc17ecba63,4778
reproducibility/native_sources/rts_inputs/raw/RTS-GMLC_v0.2.3/branch.csv,e92d16d13b1c5d2899f7871c0c99c3eb94605528beef157bf9e1ccbcffe5ef4e,7142
reproducibility/native_sources/rts_inputs/raw/RTS-GMLC_v0.2.3/bus.csv,cec3f776222812d43eaeaf7ac85b577719dc565f354a04e120c12a647ddb710e,7003
reproducibility/native_sources/rts_inputs/raw/RTS-GMLC_v0.2.3/gen.csv,988466f29132b73739de60c9204dd4a2a9ceb0adf572e5966c086611272f4068,32451
reproducibility/native_sources/rts_inputs/raw/RTS-GMLC_v0.2.3/timeseries_data_files/Hydro/DAY_AHEAD_hydro.csv,4030660920df850138472c5561322c71e5037813c8e3232d3f9bde512a40606d,934239
reproducibility/native_sources/rts_inputs/raw/RTS-GMLC_v0.2.3/timeseries_data_files/Load/DAY_AHEAD_regional_Load.csv,7a9470d32d49068a91334cb36db54cceb2feb5cb1f702b0fa0847af8bac6cf21,423702
reproducibility/native_sources/rts_inputs/raw/RTS-GMLC_v0.2.3/timeseries_data_files/PV/DAY_AHEAD_pv.csv,bfede6e558df5ea0f244b6326940a4ee0b95138643aa8a062897c67134c9c185,842651
reproducibility/native_sources/rts_inputs/raw/RTS-GMLC_v0.2.3/timeseries_data_files/RTPV/DAY_AHEAD_rtpv.csv,13a6933c2e0a513e1a453143876dadef6977e6add7701a21f56fe6a753afce42,935828
reproducibility/native_sources/rts_inputs/raw/RTS-GMLC_v0.2.3/timeseries_data_files/WIND/DAY_AHEAD_wind.csv,6a1a8dc7d10a518523b3b319902ecc1ca1c400223832b26c6edb3a6e69d01dbc,279519
reproducibility/native_sources/source_bindings.json,dbb2996f09065829eb8a789e7cb8ab9ec0eb8f7f0ddb1ccbe073884b157a063c,59337
reproducibility/native_sources/verification.json,293b6e8ecc7b9a4ed8212232025a5d6553458e548eba47fc2ce4f124b92640ce,1001
reproducibility/provenance/ELEXON_SOURCE_QUERY_REGISTER.md,7fa85c4a32315ea20f8c3bb73de458c0b383386f96d0ea0bb8622195265ec3c2,1097
reproducibility/provenance/PACKAGE_SHA256_MANIFEST.csv,cca222acf5a4f4d46765ca8353171cf3a8de252eed102e3e8d973d529a6ba254,6376
reproducibility/provenance/elexon_input_sha256_register.csv,e7c2091eb0db70bb218a0434f9c1b1b02def92d6d6919d509bb833508f34d81e,7027
reproducibility/provenance/omitted_and_derived_input_sha256.csv,a4970c86cdbd29b432dffbc43d9aa7d7ac1b96339074aa14fa12f6956362ebb5,23029
reproducibility/provenance/public_snapshot_changes.json,5e2cd0f99bc8df1d0eb4a97e7f6e5b512ae1f1e627cec0d4a12ed3cf02d6de38,1979
reproducibility/provenance/pypsa_gb_generation_environment.json,3395e23fb83006076a633442c723d1fd8d881b79e6a12618d3ac52d7d6895c06,183
reproducibility/provenance/pypsa_gb_scenario_freeze.yaml,c5fede23582a37a9c64954bb36d2cc0c67cba76cd765dbec4f2f8ab46457b86c,716
reproducibility/provenance/pypsa_gb_source_lock.json,b7eef870d5a5553e404d3ec738fd0087b9a619583dd99f4801319756ec328230,98
reproducibility/provenance/release_scope.json,21b014c0063b976b6fcaa585d982cc6760d6e64b713ea30dc5e8802424893c3a,1385
reproducibility/provenance/v8_execution_environment.json,0e17ce56b86ac58d0b51e61e73d37b1a7165442258e0591ab37ccb6f3d5685db,396
reproducibility/replay_closed_research.py,c6cf226ac82ecb5551dee2241e89b2fd1c990fdde3e27878758331b3f998fb85,29519
reproducibility/replay_new_closed_results.py,073d04a21dac59fc34926912ac3a58b6399b32e40017584047828608a5606b51,51760
reproducibility/replay_strict_flow.py,52dbe3b74c1709a36ab23b31768a8e1f1c24a1daa00df2abba7b03bd2e96fad7,28935
reproducibility/requirements.txt,8b55525734e95334b4f6232b661b464fa08b2973c285d3d5a8a3fcfd2bda9011,51
reproducibility/verification/26_claims/clean_room_claim_audit.csv,96e2ce2a04749cb5f8c4378c172eb8b705a1853bfa9fe5f6bdce09e81656fd12,4445
reproducibility/verification/26_claims/clean_room_claim_audit.json,0680ae9b4e7a2ec7e2de65e837b1b828ec161432e1766e98d0656da884e2866b,303
reproducibility/verification/environment.json,9befec21e89b5393a2e076e6db7515b4ea8e26d87459b7d21402f072387ed45e,210
results/research8h/branch_flow_encoding/FINAL_READOUT.md,32c2e03e50fe0b1b1b66f631f0acf2b631780ed8ac651cfba535647887b40beb,6798
results/research8h/branch_flow_encoding/artifact_manifest.csv,a86ee29993a253e7018965cf9ce66dc177e220129eba849a4529960a09e237c4,39475
results/research8h/branch_flow_encoding/calls.json,8669f1331420bb1af4753698205c5864b7761a3d81d03574fad0177784758efd,1385
results/research8h/branch_flow_encoding/completion.json,dae984b065f83fcbf70bdd657f27bc41c417434e9359ee401a40b016eb91105a,479
results/research8h/branch_flow_encoding/constant_rows.json,55dcf2b4bc005330a5dda1116b2deb7b2811c4fdfadc8e1e813ef681432992c1,3451802
results/research8h/branch_flow_encoding/exact_blocks.json.gz,203a58efc2c98c040a5412cec004a6e5abb28f7730396ed4200cb3f1f9f907eb,485483
results/research8h/branch_flow_encoding/execution_marker.json,caa1ac64f2b587c8b2342b217109a7b2ad1d1899b230cc2795339afb806b46f1,185
results/research8h/branch_flow_encoding/fixed_schedule.json,b9d489ad87be1c54bf3ac067e132eba2d6b01d9916fc0212a7fabbf7cc899130,1291165
results/research8h/branch_flow_encoding/identity_control_classification.json,32bbf4c7812ebec5840c9f2903c28fd07671e2c899f3da8ce105f3edc5436db9,152
results/research8h/branch_flow_encoding/identity_proposal/basis.json,4c3df1c3bfd09163d19412ff24afef160b3ed5773a403f54ef9fab4b12da9c43,536834
results/research8h/branch_flow_encoding/identity_proposal/bounds.npz,199ea06979eedb859a06f6019ce6aae444b3572c599cc7303ea59fafc8a13b03,50761
results/research8h/branch_flow_encoding/identity_proposal/hour_000.json,07e679cf8401f55f15b293f211fe408f139e081a3cfec14dbe688874bd2cbfc2,70504
results/research8h/branch_flow_encoding/identity_proposal/hour_001.json,710b961fdb82fb6ebf8fcb028a9609308f0718d11f8f672c0e994081d90227aa,70522
results/research8h/branch_flow_encoding/identity_proposal/hour_002.json,240624fcf085a94a7564dad47c5d966871f2e6b8342882371e7b39c96a79fe7c,70561
results/research8h/branch_flow_encoding/identity_proposal/hour_003.json,e7d5d478749edff3fc09975befbdb9a092891d21d60d0ab732a60fd35a3e61f4,70539
results/research8h/branch_flow_encoding/identity_proposal/hour_004.json,bcb36f8c66fb84bc4a593afb30ee9822aa0286105b2c28d7d078c7e4d6de0bcb,70686
results/research8h/branch_flow_encoding/identity_proposal/hour_005.json,91eea8ce587cf087a566549e93795f8721e41c3c713eb6dd17c1c1af1b935b3a,70773
results/research8h/branch_flow_encoding/identity_proposal/hour_006.json,68cd0e6ce60b4724c52e7d4aef78af5c40c591b44cb7d24788d1802a0d78ba7d,70835
results/research8h/branch_flow_encoding/identity_proposal/hour_007.json,334c0c810dd32eacae3f952ae72c980198de80001acb2824ad935d9f89727ff7,71310
results/research8h/branch_flow_encoding/identity_proposal/hour_008.json,ff32dd05f38250a2a405493a3df4c1c68c22cb2b51d0e9bf944d3de55bdff240,71308
results/research8h/branch_flow_encoding/identity_proposal/hour_009.json,0c4286af4ca4660735c7cb2f53435d0bfb29d9fc5e2c983442bfb79c33f70330,71114
results/research8h/branch_flow_encoding/identity_proposal/hour_010.json,bd6131eb5b52b4bdd61ed9257b7d8c50dc5e46554a1edb8e2ad488588ca4194f,71209
results/research8h/branch_flow_encoding/identity_proposal/hour_011.json,fc407d794975ff426533cf2f12ca4958ee6a4eb34a09c9ed95d372d37a1c005a,71206
results/research8h/branch_flow_encoding/identity_proposal/hour_012.json,a1c9d144df546a0d3fb7077c82e358877342817bb3f45948d10ced18e79d01fd,71074
results/research8h/branch_flow_encoding/identity_proposal/hour_013.json,bf2e0e2002fd340a175d30f2521f79491aaee66f312740b4be6a7d649b810bba,71235
results/research8h/branch_flow_encoding/identity_proposal/hour_014.json,762e0fcef9a0b999a874a6449430a1797b75ec43f70dd3c819a45acbb0e3299d,71063
results/research8h/branch_flow_encoding/identity_proposal/hour_015.json,7ec8a325f1b08b7d2d287915420c0ca9e4cb75a535df059cf3e72065799efacd,71171
results/research8h/branch_flow_encoding/identity_proposal/hour_016.json,02d2631579df658ca9bd9480ea1c9c17f74fc56ae147ae3319f2b534b25ba9e7,70866
results/research8h/branch_flow_encoding/identity_proposal/hour_017.json,758a0806eab082fdb04d0762efaacedddaf2bd7e4de941b6b5b3492d450e7298,70698
results/research8h/branch_flow_encoding/identity_proposal/hour_018.json,93162ce49d544ae678c7390d12dd0eede8ad31ecad0ef71f09b97bf4f388dfc7,70339
results/research8h/branch_flow_encoding/identity_proposal/hour_019.json,8658105ac02665541de2875a459d65e790296047e2dc6b5a1595888e629aa9d8,70741
results/research8h/branch_flow_encoding/identity_proposal/hour_020.json,b80a847852ea1e9a36baa17c4f74a205ac5ede56de83005e14c0970a905b1933,70741
results/research8h/branch_flow_encoding/identity_proposal/hour_021.json,a7e140c9112a1cf51ad3bae401b0b8d506309e48dea0edcff2e78c6ce44d178c,70836
results/research8h/branch_flow_encoding/identity_proposal/hour_022.json,eefaf31ad3cb8985dc603f8333221e33d46f59928d24b4abdb5d83c6ce1734c9,70876
results/research8h/branch_flow_encoding/identity_proposal/hour_023.json,fd218556b12e6091cdaf45f543caa638d2e2470624ced37689bb7914255c54b9,70599
results/research8h/branch_flow_encoding/identity_proposal/hour_024.json,fcb19de124d8ddd141532c7c6a2cae8654fbc98e264bfc82b4284af22ef4c418,70663
results/research8h/branch_flow_encoding/identity_proposal/hour_025.json,1fc5005c0458e51a4ef45a97e3346757dcc7a5ef41cff191188c618774d493c9,70690
results/research8h/branch_flow_encoding/identity_proposal/hour_026.json,8ad8f7ef267ce6b522b87cb0262b14480121ea5b9386ac0bbb04bdbab3c98aee,70680
results/research8h/branch_flow_encoding/identity_proposal/hour_027.json,65e6c46bc6908f63d9a87c0bb61b3d250020f071bbb410e85071e70396b5fa98,70655
results/research8h/branch_flow_encoding/identity_proposal/hour_028.json,d89e70ed342cc1f52e8a9a126a4d324e2928228a5f545d8c1dd973785590efb0,70710
results/research8h/branch_flow_encoding/identity_proposal/hour_029.json,9b16be0313ee327275135ddbc674158624781d7d333ebbc14295d5d8f111f59b,70845
results/research8h/branch_flow_encoding/identity_proposal/hour_030.json,7989ac5b792ba1d8a725efb29bbc3c5ce742fdda02d6fdd0ff45a84c584b9d3d,70895
results/research8h/branch_flow_encoding/identity_proposal/hour_031.json,43afcdac2644f9c7eb1a1f02914aa55657bf011a7a1c20d9955cec99a0a4fb4f,71008
results/research8h/branch_flow_encoding/identity_proposal/hour_032.json,406aac93af799180af5fa083a42ec3e4b047a55da9896a0e90aff60483b7a627,70744
results/research8h/branch_flow_encoding/identity_proposal/hour_033.json,454dbd49bc06cda2944366d75f8552209ff85e88adb1a66ad0e6039380378092,70965
results/research8h/branch_flow_encoding/identity_proposal/hour_034.json,ac10c7bae32bb949aea505f6c6bc4aa908e0cabde777b83cbdd074cee6536842,70780
results/research8h/branch_flow_encoding/identity_proposal/hour_035.json,4eb2ac7cc70569b4e7745842467d192f77c16e946e556245f89010039df96600,70630
results/research8h/branch_flow_encoding/identity_proposal/hour_036.json,7a2747fcfe1776a15632885366b4d3edd965137ecfb9e436c33a4a93f43f4e39,70983
results/research8h/branch_flow_encoding/identity_proposal/hour_037.json,45dcc97c7f599937268c88edef1427d19a8fcfc3ac6a130e48c16aa98dd48913,70732
results/research8h/branch_flow_encoding/identity_proposal/hour_038.json,c12815cca77bd8e2ecfe86e7e7e7e547ae0279a425f2d5aef14a93025b87d8c8,70787
results/research8h/branch_flow_encoding/identity_proposal/hour_039.json,504cd1cb572c4ba5119099a5968a39b0d09c10175ec516a4d496708424e43a73,70893
results/research8h/branch_flow_encoding/identity_proposal/hour_040.json,dac69b62789ee626582fa8e56d7db2e01fe9594a845e29af10183e41149c6361,70881
results/research8h/branch_flow_encoding/identity_proposal/hour_041.json,14f1166324c3fb04d8d5d246d6435693c1a638c1bf5efeb38fcad0ae806d0427,70831
results/research8h/branch_flow_encoding/identity_proposal/hour_042.json,d5c420c79f6010b10092fa0387628ae57debbbb78dcff9d649553684687f2b45,70827
results/research8h/branch_flow_encoding/identity_proposal/hour_043.json,1928733c3f28764b61e7ca5bb3212c3fb63f3c42f9bf031690f3298a25bbfa3d,70821
results/research8h/branch_flow_encoding/identity_proposal/hour_044.json,8353619ffe6b99b5527973b4c382cf33a08a83283422609839bf4eef43972953,70794
results/research8h/branch_flow_encoding/identity_proposal/hour_045.json,479d1fcd5db3d9e66d40df801de596d022e147b22e6210e4de6882a17bb5c847,70687
results/research8h/branch_flow_encoding/identity_proposal/hour_046.json,4a8132b2f5f3b5f13d2adb6d38169f31557ed959e578d49ffd4f023cf0ecb814,70679
results/research8h/branch_flow_encoding/identity_proposal/hour_047.json,702ed836d0cc339c3cbf982e2c2b5295c2484546cba2400180efc1ae13b45ab9,70679
results/research8h/branch_flow_encoding/identity_proposal/hour_048.json,8eae97698b6d7d39458fbe61b0fa1706e534a03234f0f19407b05c0cdea5ee27,70695
results/research8h/branch_flow_encoding/identity_proposal/hour_049.json,f9816a78ac0e990529115e9ec5229c74bc08b429713f4577d5dcbeee5a863e65,70659
results/research8h/branch_flow_encoding/identity_proposal/hour_050.json,3c5e2376f94347b723881724f6f973ffb13b14772728668e1be302fe97bfaef6,70660
results/research8h/branch_flow_encoding/identity_proposal/hour_051.json,157500ab1660a4308004e5d7947db92f64b4535b2c4c8830ce670b0ecef8a654,70695
results/research8h/branch_flow_encoding/identity_proposal/hour_052.json,746b45dc6998b4e72dd5150848468b9e497565f5efea7afad45c78d8978c9114,70671
results/research8h/branch_flow_encoding/identity_proposal/hour_053.json,94288c5bab35361f2e65586aacc53966fb3cfc3cf4a4f3d0bd5641395330bd94,70962
results/research8h/branch_flow_encoding/identity_proposal/hour_054.json,9a5ae0ed8de0296cebf8da8a9b188988efd137d611d31ca18c19cceb8e5aedd4,70938
results/research8h/branch_flow_encoding/identity_proposal/hour_055.json,7b3c93b3cb20680ffac2ffbcbab1912f4a9f8bbb4f43fe172765ba9d4fe89aba,70880
results/research8h/branch_flow_encoding/identity_proposal/hour_056.json,386ba03d160f2ee1ac922bfeb3512cf48e5a8c22479ba69eb083076f919f0ef1,70747
results/research8h/branch_flow_encoding/identity_proposal/hour_057.json,ab427e0eae189c15367160a322ff7d4a82d466477773ba73e0451f83d8797972,70900
results/research8h/branch_flow_encoding/identity_proposal/hour_058.json,6c5717260afbb390bc366fbeee7855b58a59b15ebd5a578deb5e0bb0d0c11e3a,71026
results/research8h/branch_flow_encoding/identity_proposal/hour_059.json,ddab8d7d080862fdb84d38217aae741f8f820bea8d05998d233279703f0827c7,70902
results/research8h/branch_flow_encoding/identity_proposal/hour_060.json,c1c9dc8b7ee75331695d118eb4d3e962c40ceaafc41a036530ad6ed8627bdc2a,70905
results/research8h/branch_flow_encoding/identity_proposal/hour_061.json,b319a6047319e9dceb0c0240ed302f25f39c2f4ba888608fe7e621aa7157eb8c,71039
results/research8h/branch_flow_encoding/identity_proposal/hour_062.json,fdda45e213e8d8933cfa01fbe04fda9196e778386a4f06a8a5f1944826b36ad1,71037
results/research8h/branch_flow_encoding/identity_proposal/hour_063.json,3ca1ec7eca90f82d74a6b39a6e4174031372c7c3c328926792c844d92c9a29fd,71345
results/research8h/branch_flow_encoding/identity_proposal/hour_064.json,d48461ecdf074158cdc5091524d13375f55e28337371131332d2f76efec29c99,70772
results/research8h/branch_flow_encoding/identity_proposal/hour_065.json,0b604fe5f797a472325d1f9fca7c4c0e8e9abd945923f084ee374c5cd7615143,70837
results/research8h/branch_flow_encoding/identity_proposal/hour_066.json,bc441863299ad4d3d74c8ff65dc958d283e9f2d0e9cacb9d21a215305f20d17f,70849
results/research8h/branch_flow_encoding/identity_proposal/hour_067.json,00e42be1f4ae73a92c0bdce4c666e0c9a5bfa4557b077d7db69638e5e2b458ef,70843
results/research8h/branch_flow_encoding/identity_proposal/hour_068.json,e2ecf9e40a2cfdc17995776bc1882885fb4eb939f7806de47fae605ec5f2d5b9,70820
results/research8h/branch_flow_encoding/identity_proposal/hour_069.json,60cfb62c1af6443c4189a3a648d975c1cb4b4cdcec700206a573c2656bf185e4,70853
results/research8h/branch_flow_encoding/identity_proposal/hour_070.json,73b06a943719b4c50c057b7980b2fa04e8875b2cbfc147d0eb7b76021dbc57a2,70805
results/research8h/branch_flow_encoding/identity_proposal/hour_071.json,aed20cb72199b086798504316a67bd01606e1759c31e2f811123fc4b92759f22,70773
results/research8h/branch_flow_encoding/identity_proposal/hour_072.json,d4190e9f6adcd872f8babfdda3bac566a2d9dc3e10e95796df62b529b494cee2,70807
results/research8h/branch_flow_encoding/identity_proposal/hour_073.json,27a3633aae0027e7a110fcd7b2e839a48b386281908535a69b1af7d0623b95a5,70723
results/research8h/branch_flow_encoding/identity_proposal/hour_074.json,c60464043f586433d0dc2739f095f92a152a94d87f17e9e72ed179f59b924cc3,70780
results/research8h/branch_flow_encoding/identity_proposal/hour_075.json,de4b53969fd57158e4eaf2e18d3b81806acc70c56fb86314b04acf7496a4c5e7,70802
results/research8h/branch_flow_encoding/identity_proposal/hour_076.json,28f4a5ccb7b438273f0c5ef0b3afbe7f32a38a39ffd99712c97b974affcccca7,70825
results/research8h/branch_flow_encoding/identity_proposal/hour_077.json,a1fc62490ba71170f5ee5e288f0818a0e4c6acd23f5947782a51324b041bf612,70920
results/research8h/branch_flow_encoding/identity_proposal/hour_078.json,c3f152f99c28b45c9e8efac532d872d0c506a1412319eeb82a1d6bef9a38176d,70897
results/research8h/branch_flow_encoding/identity_proposal/hour_079.json,57b334cde9417ad07dd7efacb220308033b168566922fed71d3d9c8eaff32ac5,71227
results/research8h/branch_flow_encoding/identity_proposal/hour_080.json,28f6d3ca0f0e1002a9a4b4794a7d38a8ceb9eeacb230e30fcc35eebdfdb20068,71282
results/research8h/branch_flow_encoding/identity_proposal/hour_081.json,3aaaa1514069b8b14c636380ba5d3070b501d2e1b73d37f8e69254d489aa4089,71292
results/research8h/branch_flow_encoding/identity_proposal/hour_082.json,939f19330bc0c0612acfe3e79cea29c696f9a305104100c74c9f12c6ce1a7f84,71382
results/research8h/branch_flow_encoding/identity_proposal/hour_083.json,bd8ef6370424968877148c5802e4068620cf6534f6e816e13a558e38c2fedcce,71458
results/research8h/branch_flow_encoding/identity_proposal/hour_084.json,ad61c363599580cf9feeccc44acb01711c0b0ec600029a922266639ff409130b,71319
results/research8h/branch_flow_encoding/identity_proposal/hour_085.json,55e6f00d0956b8b13fecb4424f1486da52007f24a2389dac1c6341127ef6950d,71235
results/research8h/branch_flow_encoding/identity_proposal/hour_086.json,adda75705cd02ec69a7047cc24eb20f220cb04635478d92fefd3b28c2d246e3f,70914
results/research8h/branch_flow_encoding/identity_proposal/hour_087.json,ff9ead3e219ba49c813b9e25db4699f5b49c488afb66e24b55e4e0533d5b343c,71061
results/research8h/branch_flow_encoding/identity_proposal/hour_088.json,cc744e696644acbc862ee6d774c6f4650523ef3b34bb0942194def1d6da6dc75,70862
results/research8h/branch_flow_encoding/identity_proposal/hour_089.json,e77018cae79319add5980027d180fbbed5a27975acbb51796efe0e8a31ed5321,70842
results/research8h/branch_flow_encoding/identity_proposal/hour_090.json,b8c19c6db4c84c23093e10d7e5b957d6b10d03daa135fd5a20eac60f23106b1e,70874
results/research8h/branch_flow_encoding/identity_proposal/hour_091.json,0fa53324d5408866af949798b0469dd12de956af3fe1e5da6eb0f803bc117ddf,70861
results/research8h/branch_flow_encoding/identity_proposal/hour_092.json,bb8eb058e16bf543b2d837c6ff974dd43c4a86484998d304e72e1d4fcb26f786,70886
results/research8h/branch_flow_encoding/identity_proposal/hour_093.json,63a402fa7d5f49a4587d83df479e781b9da886294eda92e2e8aac354d79b8d5b,70676
results/research8h/branch_flow_encoding/identity_proposal/hour_094.json,cc5e4e01f520d992218bd20dd2a1ddd6eee66fcfd5e184f2519b0fceb839cd99,70674
results/research8h/branch_flow_encoding/identity_proposal/hour_095.json,a871aebdae4dad706f1bbf8097da221ab60edfb944c0c7950a71d9b7c7d43d29,70665
results/research8h/branch_flow_encoding/identity_proposal/hour_096.json,103a407a6ccb8ada90aff791235d8e11061bb443e4f8d4c717fcf2d7863bd6ed,70681
results/research8h/branch_flow_encoding/identity_proposal/hour_097.json,257fcb94b0539db5d4443c9333a83504d44979cb79efc0087ef72c1efbaafce6,70632
results/research8h/branch_flow_encoding/identity_proposal/hour_098.json,c08abf2d6c45c1d60f8016c6e676800e15c4bf2fe37aee4762f462c592057a18,70688
results/research8h/branch_flow_encoding/identity_proposal/hour_099.json,51c2530adf50324b1da49e29ff504c3ea3450a532d8a916620b94ca6a166b746,70693
results/research8h/branch_flow_encoding/identity_proposal/hour_100.json,010fa1caad31ba1f8e945aa59f882b77524227eda2a0063c898e66f71e95aec4,70700
results/research8h/branch_flow_encoding/identity_proposal/hour_101.json,93b616f62bdd2572e287751978902c0571fe78fd8678b607d97f614c2b3d7010,70848
results/research8h/branch_flow_encoding/identity_proposal/hour_102.json,02985dfd0434873690b2b08da0338f4034da6d7691628eb64d67e838a9cabe00,70749
results/research8h/branch_flow_encoding/identity_proposal/hour_103.json,c745558a78dba135e22496d885bc653b6cb638f57aa6e49231819ae010029785,70810
results/research8h/branch_flow_encoding/identity_proposal/hour_104.json,c4ae0cb622e661621fedb2736e87e5a55f6684cacb6a68d12f2711427d4b8fd5,70909
results/research8h/branch_flow_encoding/identity_proposal/hour_105.json,67326870879e0a57dc2ec1889ccb543a6531ff81f513f25bc8ef4386a3cb90ce,70992
results/research8h/branch_flow_encoding/identity_proposal/hour_106.json,223cb54bbfe117463030f8750a7cea0820d2e3e312fa23683988f4f8821c3c0d,70866
results/research8h/branch_flow_encoding/identity_proposal/hour_107.json,a53d060d937f88256dcdafeb5f8ff4c5bb4ae92ee89964569b8faf5ae3a5fe4e,71155
results/research8h/branch_flow_encoding/identity_proposal/hour_108.json,435087fe796959a7012b68127b67f2baca154d9720144a8ef63478bcc6a9ab8f,70882
results/research8h/branch_flow_encoding/identity_proposal/hour_109.json,f5446d83985669b3193b2c0cb1738aef550d74f2def890c877da2ca9bdded7fa,70804
results/research8h/branch_flow_encoding/identity_proposal/hour_110.json,bea68c4f07ae5ead866b859a0f2dffacb4b8a1b128f12cea734edb023238586e,70827
results/research8h/branch_flow_encoding/identity_proposal/hour_111.json,37875176f7d129736d3c42a791cc55fc42cca175e4ba5e2be87ab95a57eb856d,70859
results/research8h/branch_flow_encoding/identity_proposal/hour_112.json,902010defdb35a91f471164f74529db2a26b35ae91501b5c2b61cd55b0684ebe,70823
results/research8h/branch_flow_encoding/identity_proposal/hour_113.json,9a98b0cf4ed769849e35eff17352a6adc8cbebbfd064d95aefa6f3fdfa8e07ca,70754
results/research8h/branch_flow_encoding/identity_proposal/hour_114.json,42336e8ec53d4eadd703bacd1b0956a720d28cf5c893878100576ba7333d42a0,70891
results/research8h/branch_flow_encoding/identity_proposal/hour_115.json,5f97446e78b212e3e336c5aec0740055947d6eb66390427b7d6c8e53fbf4f1a1,70820
results/research8h/branch_flow_encoding/identity_proposal/hour_116.json,34859dd8c743f7297b4d99893a3858c085c8e8ca9ab44fac2ce7bbefde07327a,70860
results/research8h/branch_flow_encoding/identity_proposal/hour_117.json,d6aa318cc02ad0068d7663ecd03b8258cf9e87b426bbeece7e5257dd25544faf,70683
results/research8h/branch_flow_encoding/identity_proposal/hour_118.json,00ff1cedfdd85553b8ef8a59c52b21edbe3003d05bbd4e1966e5662589be50fd,70693
results/research8h/branch_flow_encoding/identity_proposal/hour_119.json,bd67ae79760999d3f85f9f72e07ffd91ffc812178f4b81f02d1750667aaef12e,70670
results/research8h/branch_flow_encoding/identity_proposal/hour_120.json,aa649fdac02c497670ae441859817d8f12baf42ff04d3a398fd6043b02396262,70683
results/research8h/branch_flow_encoding/identity_proposal/hour_121.json,00d7815a64fc023b8919c3024fb87f2180a36f541c4a08066633ddd3d4384718,70690
results/research8h/branch_flow_encoding/identity_proposal/hour_122.json,de1a8bfc5780e3eaff51aa2b939cd61c32b01c52d62af9034225e2b69b6d02c4,70678
results/research8h/branch_flow_encoding/identity_proposal/hour_123.json,2a6020b8b09ac08456ad569cf7a8cba3c257ab078c74c5c05b8b592829160e0b,70698
results/research8h/branch_flow_encoding/identity_proposal/hour_124.json,d6338dcc05d709a7310003617f425621054cd7da60feda50fb853ff8af37a642,70731
results/research8h/branch_flow_encoding/identity_proposal/hour_125.json,5fbab88a28a357be7ce78bf10f4516f2f08004d45c7de426887f5a986d08118a,70932
results/research8h/branch_flow_encoding/identity_proposal/hour_126.json,3d1bd83399b181f1a419f7ceff7693f33dbd4df728e04ec20d4d64405a3c6c21,70862
results/research8h/branch_flow_encoding/identity_proposal/hour_127.json,d9c3f2cf48a40121156ef8b3583a925ac18e9f6a31f3621207c54acff8d3944d,71197
results/research8h/branch_flow_encoding/identity_proposal/hour_128.json,7a605c6da7ad473f9eb2574a1ac9161739bdbd91c5734701a23eb9b3b2130fd9,70791
results/research8h/branch_flow_encoding/identity_proposal/hour_129.json,d3b07da3ac4d8a5542fd142b606a3a4ede10d461e8811a08025eb6089d527530,70910
results/research8h/branch_flow_encoding/identity_proposal/hour_130.json,0cca3caa0eac2c71fea82384fc25423fed424b9e5a2f3d5ff4e44772f50b127a,70919
results/research8h/branch_flow_encoding/identity_proposal/hour_131.json,f3b3dabeb9448068a167ec4de6dc87759aecf2e762a7a1d297ecc6eb2790e2f0,70874
results/research8h/branch_flow_encoding/identity_proposal/hour_132.json,39056518abb7a30396015d5a3c84a606fd59766b2bc05cfb4bcd6dfaae63ee98,70793
results/research8h/branch_flow_encoding/identity_proposal/hour_133.json,1ca3acec9dad7707245be2e659df88fd604a792d55250d13c95d4ec99ef063ee,71044
results/research8h/branch_flow_encoding/identity_proposal/hour_134.json,9ec1127e3f77a2417c0cc72d1911445beb19e5af9fde418c51b08727338b3483,70778
results/research8h/branch_flow_encoding/identity_proposal/hour_135.json,df5038dc873af99269cbb3a47407b51293f4639102ac090198e35398a0aba817,70662
results/research8h/branch_flow_encoding/identity_proposal/hour_136.json,37d43b29b5b2646acdf7f522ce71717f86efef841d369e36b3a5e8a29f04e3a4,70776
results/research8h/branch_flow_encoding/identity_proposal/hour_137.json,66cf99b329810e86eeba2a40a221805cbc35d968cc060f228e9a657ba0417ab9,70813
results/research8h/branch_flow_encoding/identity_proposal/hour_138.json,076c9d26394b0dbf8503c7e1289cd41ba071986bf567436709b3dcbb8615007c,70466
results/research8h/branch_flow_encoding/identity_proposal/hour_139.json,035f9869905d03b336155a04b745fe738c4f01996ac0c12432b80449bb8f43ac,70723
results/research8h/branch_flow_encoding/identity_proposal/hour_140.json,8cdb901f3125c9819163449d2ecb679bdaecb0b1c0080bc6fa116ec4f763c988,70708
results/research8h/branch_flow_encoding/identity_proposal/hour_141.json,6798ba4a964bf715f27fc2935c1d5be9ca7c76dbb52a9ba6dba4a6698db5e4ab,70685
results/research8h/branch_flow_encoding/identity_proposal/hour_142.json,d76f92bfa7619d8154eb68178f0b7b8e4e3c7a4b5ccace1d4b1fe218cbcc9af9,70640
results/research8h/branch_flow_encoding/identity_proposal/hour_143.json,3da7f3b540ece5e050d99ea44faacb0d006800a8188d23ebcc897c817e3c9aef,70654
results/research8h/branch_flow_encoding/identity_proposal/hour_144.json,e40a81f96e77a1525eb9d2c07b7bbd7a541b0eac4860b4e4dc3fa8d3343e3a55,70665
results/research8h/branch_flow_encoding/identity_proposal/hour_145.json,faec6b13b19c5cc65f6e1de904e2d6073d86c088aecac1bc8a8b6f6169a36f46,70670
results/research8h/branch_flow_encoding/identity_proposal/hour_146.json,ebcb73fa57d38fc37cf11d92a70735fcc5e3dc074be018e3c2a96b14ed30ec3a,70666
results/research8h/branch_flow_encoding/identity_proposal/hour_147.json,06c90b9772997358047e7b66dcb86bb07419d799c48518f72202e87a78d5d6e0,70659
results/research8h/branch_flow_encoding/identity_proposal/hour_148.json,8e95dc15a1f4a6c1cdbf15e2d082c06a3ff405ed6a224bbf0accd8a9944a2b07,70908
results/research8h/branch_flow_encoding/identity_proposal/hour_149.json,7e392516f0e871c93ab2fe8c34cf297787691979d4bfb12ca346a9edcf013406,70904
results/research8h/branch_flow_encoding/identity_proposal/hour_150.json,eaeb093566304c2e89b33104b93fd2b6ff401ba7051847f441b9188c06fa99b2,70854
results/research8h/branch_flow_encoding/identity_proposal/hour_151.json,275eb657678f263732b28aa2d0d3fc219e202c4e880138927c2b061376745ca3,71167
results/research8h/branch_flow_encoding/identity_proposal/hour_152.json,415132bdacde1d6b30ba90cbadc349266c237f86bd23ddd3bc6d5f51829a5969,70706
results/research8h/branch_flow_encoding/identity_proposal/hour_153.json,66cba52e7e95a5f037ca3f0a166850b774acb68907c539b2c2cf8dd4edbb0b2a,70961
results/research8h/branch_flow_encoding/identity_proposal/hour_154.json,2594fcaf92f19295c9677108404e7f95d538508da2b1fc0d92fa30be635fd88d,70853
results/research8h/branch_flow_encoding/identity_proposal/hour_155.json,51f1ce0cf8eed0ffaaffcbe1b5da8d40f216bbf70f088189597142ec79f29816,70674
results/research8h/branch_flow_encoding/identity_proposal/hour_156.json,3d0d97727a95fb9a1f29972961c58d481c5db261bc76ae7942c1c7569b3f2512,70704
results/research8h/branch_flow_encoding/identity_proposal/hour_157.json,4784c795f4b45627aa19e38f89397b1f5b35ad9cc9da32f2477eae29be6a39af,70914
results/research8h/branch_flow_encoding/identity_proposal/hour_158.json,f4a642588b46ee7e86ff79877bb29cc58a84a9ac8355234d32751629b5c77e3c,71030
results/research8h/branch_flow_encoding/identity_proposal/hour_159.json,ae020cb160a43d13b8086dbbc282f30b8034ef8e218ea3e8552e8489c36d69e1,71014
results/research8h/branch_flow_encoding/identity_proposal/hour_160.json,52344be79af9bc562c132fb2e594ad2aa8df3ff1e6b9b137fa8b1bc2fc205554,70315
results/research8h/branch_flow_encoding/identity_proposal/hour_161.json,18e6310e8247cdcdfd984c30304d84f5e4a0c512a7ad3d56bc4f0e0fe98372c1,70775
results/research8h/branch_flow_encoding/identity_proposal/hour_162.json,94558924e07176e4631b528f7cd42c08008f5dce22498a652a7d9a6e5a2e5d92,70491
results/research8h/branch_flow_encoding/identity_proposal/hour_163.json,b4a461d200537c9bd6c9cf14472214d319b2b8244a29ec31eb401cd7b23aebf8,70790
results/research8h/branch_flow_encoding/identity_proposal/hour_164.json,8785ab05d3a4c0249734557b09d41dd15e3f0b48ee4f701f662291418290baf5,70760
results/research8h/branch_flow_encoding/identity_proposal/hour_165.json,068e2573d44e118119aa991b90deb96ccfea98a3fe2dff66c34cd023a70d86d2,70683
results/research8h/branch_flow_encoding/identity_proposal/hour_166.json,c8d3da3d2e86a56be260b6c4fe36434adf60bdd2fe1ec7e99347ae597703bb53,70684
results/research8h/branch_flow_encoding/identity_proposal/hour_167.json,d92300aef4e256638d70d2177a59b32a81476b5884995d7f0c33c73494aa4894,70669
results/research8h/branch_flow_encoding/identity_proposal/hour_outcomes.json,d7dc4864d5dce9fb3715b20aed168a5096cf24497122400aaff5d1b1212dd338,10479
results/research8h/branch_flow_encoding/identity_proposal/integrality.npz,faf9f5cc4b5aa1fef0ba7aef6a81bc9ad58babb2b423fa274470f0933770f124,264
results/research8h/branch_flow_encoding/identity_proposal/launch_decision.json,88c95aabdf1b9f982ed41049aff435900d4a6c697ca82516f1e6c502ccaba57b,152
results/research8h/branch_flow_encoding/identity_proposal/matrix.npz,8af3fb3b1e500e12211a6e9fbb8f0945aebf750e33969410c2c3b22756a2cfdd,92449
results/research8h/branch_flow_encoding/identity_proposal/model_metadata.json,d8b008519765b2adca0df891d9309fc8b4df6cd37d4347e2686892994db6501b,243
results/research8h/branch_flow_encoding/identity_proposal/numerical_point.npz,4eceb36bb2a1e38347a0b07f8a16c8fc84f433002e5836aabe3788ed32068d0b,105322
results/research8h/branch_flow_encoding/identity_proposal/objective.npz,eae9a25016fac2e2c5e797b585649614eee1e56e5270ae55e4dac1c6f0872d4f,1090
results/research8h/branch_flow_encoding/identity_proposal/row_metadata.csv.gz,1c4f57452cdeb3385f7a027a2d01fa08e504f614254c111186c811417980df9e,132238
results/research8h/branch_flow_encoding/identity_proposal/solver.log,c70db3bf50540d61477b21505c49d176e65c2f6ddaf363e5f682895f99eacb7e,715
results/research8h/branch_flow_encoding/identity_proposal/solver_result.json,f61dcf6cc29db87763ab7c43daca528b3403608761c8aaca52474e0ea04290e8,430
results/research8h/branch_flow_encoding/input_manifest.json,0981491f326dbd3f34e2825d501cbff54d74bf18e5c3d924edf420a4950532d4,27560
results/research8h/branch_flow_encoding/january_identity/bounds.npz,62d6be9a96fc2eed61d403f06b6283a9e7883141a318eb7c582fd0002b619d5a,50459
results/research8h/branch_flow_encoding/january_identity/graph.json,26b2c627a197f1c935ed743b3824e02d16b563162b79991cc0ed4f40de491c3a,13573
results/research8h/branch_flow_encoding/january_identity/integrality.npz,b7edefe877df7e0ca60056219002a63ead96c78926a403cb8e4d697f2a67838c,286
results/research8h/branch_flow_encoding/january_identity/matrix.npz,b252364e8d204bd5c407888ac50779c80f4855f36ef258a08f3276839aecad6b,207024
results/research8h/branch_flow_encoding/january_identity/model_metadata.json,776acdb52349fa3568ebfef821a9563eb17cbf11c0da6716b5b4accbd0a974a4,2740
results/research8h/branch_flow_encoding/january_identity/native_inputs.npz,5f917f58e4fd50ae1e0d9198fd84e81f57adb1f24b530d1ed5bb71d99714a960,26497
results/research8h/branch_flow_encoding/january_identity/native_spec.json,9a2c78233792adb44a3a50ba7510769185457660551f92892941eeda1bacffd3,18523
results/research8h/branch_flow_encoding/january_identity/objective.npz,f104697baf043a1c57e6c757164e8cc705b5cbddff44950fb11ef1c2240ab980,912
results/research8h/branch_flow_encoding/january_identity/permutation.csv,94352d5ec4282e9757c259bd336faae046eecbba3231b57b96e7a60257252580,2361
results/research8h/branch_flow_encoding/january_identity/rational_point.json,fa947ac8a4d3a26fdb14bb4f7e0966d6a565c4b0ff3be9d5de31ff8b73e2b69e,10539290
results/research8h/branch_flow_encoding/january_identity/representation_differences.json,7320dc2eea55387917e9731ba395bd1464be448dc63d912e2a0cff32835958ec,16321
results/research8h/branch_flow_encoding/january_identity/row_metadata.csv.gz,37600e34c9459eaa2adf5c6bd1f8ffeb6ee24d17e10079e745dea86ecd7c47d2,219373
results/research8h/branch_flow_encoding/january_identity/strict_point_check.json,2625dff69f271c615c68abfb4024943992dab3500cab43d5d1e3bd6327d016ef,2368
results/research8h/branch_flow_encoding/outcomes.json,61e01182edb2f6567472294654aff8d36175b21e67fbc0225c7ecdb9665c18d1,19014
results/research8h/branch_flow_encoding/preparation_report.json,8743fc64dd01629971781e589798194d40700868c890bcd0f1de57cd1c0e3aef,677
results/research8h/branch_flow_encoding/prepared_freeze.json,7fa38542370a116f8011ec04ad451ad26d698122920a9f1e1f0a4ecc62fa18b5,1310
results/research8h/branch_flow_encoding/seed_26093200/basis.json,f4e16ea12acec881e7d5f839ca3cfa299ebbb3f54f6872588c4bb1b210f25cb0,958769
results/research8h/branch_flow_encoding/seed_26093200/bounds.npz,1ce6bf836d5f07a3d57d708012a7ac59a6d5a8de32aa9b1c91563a0ff1dfe2a1,50540
results/research8h/branch_flow_encoding/seed_26093200/classification.json,f96952a1be30bf5f70a59d54222c65f601984ce3ab75bc74218f64dfb0d7939e,8364
results/research8h/branch_flow_encoding/seed_26093200/graph.json,26b2c627a197f1c935ed743b3824e02d16b563162b79991cc0ed4f40de491c3a,13573
results/research8h/branch_flow_encoding/seed_26093200/integrality.npz,b7edefe877df7e0ca60056219002a63ead96c78926a403cb8e4d697f2a67838c,286
results/research8h/branch_flow_encoding/seed_26093200/launch_decision.json,5261a840a5e3345668336d022ff422dfbc9f6e112cecafc6d671a4905cd11023,148
results/research8h/branch_flow_encoding/seed_26093200/matrix.npz,b252364e8d204bd5c407888ac50779c80f4855f36ef258a08f3276839aecad6b,207024
results/research8h/branch_flow_encoding/seed_26093200/model_metadata.json,776acdb52349fa3568ebfef821a9563eb17cbf11c0da6716b5b4accbd0a974a4,2740
results/research8h/branch_flow_encoding/seed_26093200/native_inputs.npz,c6e3efd7ddb65960db87eac29707eae40862bb8ea04dc00a5d2c2035d96af177,26578
results/research8h/branch_flow_encoding/seed_26093200/native_spec.json,9a2c78233792adb44a3a50ba7510769185457660551f92892941eeda1bacffd3,18523
results/research8h/branch_flow_encoding/seed_26093200/numerical_point.npz,ca73ee2db29c139bad4816ce7c68fda4f9cb2c545c40735a5d0ff21858208288,111950
results/research8h/branch_flow_encoding/seed_26093200/objective.npz,f104697baf043a1c57e6c757164e8cc705b5cbddff44950fb11ef1c2240ab980,912
results/research8h/branch_flow_encoding/seed_26093200/permutation.csv,09fd54c4a7ed25ba0ade5e7499ad45bd11ee63a7bfa46116b57685cc79ad31c7,2361
results/research8h/branch_flow_encoding/seed_26093200/raw_solver_ray.npz,96dd7c18a9bad311d7b124e042275e9e194155320ec88caf81d8c0080caa3821,10122
results/research8h/branch_flow_encoding/seed_26093200/ray_+1_projected.json,a769cb3177e7c2fe8c43454964d53c6139222d351c6bb95d94bf76fe901eb228,280822
results/research8h/branch_flow_encoding/seed_26093200/ray_+1_raw.json,a844752daf379676dad114c3a91b631a60aba61bf2a34b5907998eecd64eda4a,287974
results/research8h/branch_flow_encoding/seed_26093200/ray_-1_projected.json,4d9d0a7ff3492f36eaf9ae02fa0af79aef98e94515de2a78461711de9dc538d7,212539
results/research8h/branch_flow_encoding/seed_26093200/ray_-1_raw.json,59d9bd8cb2c4bc44859c9658bdf1a629d1fd4c4deae5446a3080162fe89d6584,288644
results/research8h/branch_flow_encoding/seed_26093200/representation_differences.json,152c552c4c43bbc4eaab2fcc84ca70512ffa87796c862a2fd841d4b6e14c59dc,16321
results/research8h/branch_flow_encoding/seed_26093200/row_metadata.csv.gz,0007452bc9980c2a92e36be73dbc6b2786dddc17e07c0361ed511d1f98bf43f5,219373
results/research8h/branch_flow_encoding/seed_26093200/solver.log,3d87955f5d01733b56da6f82a3104958c7adf0c3891dd1e10c2b9e8d32046468,733
results/research8h/branch_flow_encoding/seed_26093200/solver_result.json,221589109020d334fde8fa84139812de4819423eec3afca9a98d2dcadbf5965d,429
results/research8h/branch_flow_encoding/seed_26093201/basis.json,d7d21fecba627e91f3a4e4365a4cdfc1b646bd715563f49bba9bbf6492ccdacf,958769
results/research8h/branch_flow_encoding/seed_26093201/bounds.npz,d57b6b30be386aef55220681cb044cc126f9ba97e7f95742ca034c73cc8836d8,50974
results/research8h/branch_flow_encoding/seed_26093201/classification.json,a24ad6a2e46a7d10fd1d4094e3fe69f91b710c8711c1dbb93bd47a31075e71c4,8703
results/research8h/branch_flow_encoding/seed_26093201/graph.json,26b2c627a197f1c935ed743b3824e02d16b563162b79991cc0ed4f40de491c3a,13573
results/research8h/branch_flow_encoding/seed_26093201/integrality.npz,b7edefe877df7e0ca60056219002a63ead96c78926a403cb8e4d697f2a67838c,286
results/research8h/branch_flow_encoding/seed_26093201/launch_decision.json,02c8c5b227d6b4c6248bd66debfbd4215623320e95d4030355798fe557ff2b78,148
results/research8h/branch_flow_encoding/seed_26093201/matrix.npz,b252364e8d204bd5c407888ac50779c80f4855f36ef258a08f3276839aecad6b,207024
results/research8h/branch_flow_encoding/seed_26093201/model_metadata.json,776acdb52349fa3568ebfef821a9563eb17cbf11c0da6716b5b4accbd0a974a4,2740
results/research8h/branch_flow_encoding/seed_26093201/native_inputs.npz,dcb27717a55c3c4548faa722f8e2f88cfbffd1e963f3ca5bf33e93e7c34e964e,26557
results/research8h/branch_flow_encoding/seed_26093201/native_spec.json,9a2c78233792adb44a3a50ba7510769185457660551f92892941eeda1bacffd3,18523
results/research8h/branch_flow_encoding/seed_26093201/numerical_point.npz,6645f9b440944ad432d425e896fa3fcfe7c7bb3c916c57a666a4ea957514a842,112687
results/research8h/branch_flow_encoding/seed_26093201/objective.npz,f104697baf043a1c57e6c757164e8cc705b5cbddff44950fb11ef1c2240ab980,912
results/research8h/branch_flow_encoding/seed_26093201/permutation.csv,dd41797ff4b27820d9ba8ca7159ee4b6a0636a8d19f1c955fb3ed5b7f9fe6fa2,2361
results/research8h/branch_flow_encoding/seed_26093201/raw_solver_ray.npz,88baf65cc0f1aacb2625f35e5ca6a8c45be643f85e88921eeb663de056d9d8b0,10552
results/research8h/branch_flow_encoding/seed_26093201/ray_+1_projected.json,82f4e4bf3c9d0a5859a69b8b52551e2ccb20998e2644a002872f1e73545f0793,280135
results/research8h/branch_flow_encoding/seed_26093201/ray_+1_raw.json,536c49d64f522de07a370c508da1dd116e2e067795907ff6e6d0cedb9a515c1d,285127
results/research8h/branch_flow_encoding/seed_26093201/ray_-1_projected.json,6d1d721340b2859abf915e7cca5a28ee742ff02d84f0fff00155fc23d90dd2c4,204715
results/research8h/branch_flow_encoding/seed_26093201/ray_-1_raw.json,ea8a43ff9cb60928258feefe48ff049b2cea68dff5e5a64b2f48242263eac334,285591
results/research8h/branch_flow_encoding/seed_26093201/representation_differences.json,242ac3d6ba79e4efc36de6d22e4e8ffa92127990ac4c2b137ad5ac8ec93f5ebd,16321
results/research8h/branch_flow_encoding/seed_26093201/row_metadata.csv.gz,681a9f9ac1f4b686f0bb7ce236cc685101123667a0c1da06b10bec154ba5130b,219373
results/research8h/branch_flow_encoding/seed_26093201/solver.log,e3c44225d16114844907643aa15a61c89cbea3333a80490bd165fb91450da043,733
results/research8h/branch_flow_encoding/seed_26093201/solver_result.json,1a4433732439ed534c18f0a2117c4d7bbd573293d5dcf533dc4ea4155ba3bd9b,428
results/research8h/branch_flow_encoding/seed_26100200/bounds.npz,5fdd448eabbd3f11d5f72d5df96da78c39db4cd3b6df1c5251537ddfa43e4301,50715
results/research8h/branch_flow_encoding/seed_26100200/graph.json,26b2c627a197f1c935ed743b3824e02d16b563162b79991cc0ed4f40de491c3a,13573
results/research8h/branch_flow_encoding/seed_26100200/integrality.npz,b7edefe877df7e0ca60056219002a63ead96c78926a403cb8e4d697f2a67838c,286
results/research8h/branch_flow_encoding/seed_26100200/matrix.npz,b252364e8d204bd5c407888ac50779c80f4855f36ef258a08f3276839aecad6b,207024
results/research8h/branch_flow_encoding/seed_26100200/model_metadata.json,776acdb52349fa3568ebfef821a9563eb17cbf11c0da6716b5b4accbd0a974a4,2740
results/research8h/branch_flow_encoding/seed_26100200/native_inputs.npz,8b258f1910910e251e0f876ec7b7dc37fdf9f4cc6ab7339483e8e4f019d9cbef,26495
results/research8h/branch_flow_encoding/seed_26100200/native_spec.json,9a2c78233792adb44a3a50ba7510769185457660551f92892941eeda1bacffd3,18523
results/research8h/branch_flow_encoding/seed_26100200/objective.npz,f104697baf043a1c57e6c757164e8cc705b5cbddff44950fb11ef1c2240ab980,912
results/research8h/branch_flow_encoding/seed_26100200/permutation.csv,262f53569da110bab80082593e10eff92098b8a755b759a89f4147e2e8c12d7d,2361
results/research8h/branch_flow_encoding/seed_26100200/rational_point.json,2a0a6534c7b23ae53ef64716771483104960d8821dcc6ad180cde3d4eb2f4452,10539290
results/research8h/branch_flow_encoding/seed_26100200/representation_differences.json,0f6cf4fdb4128d18d53943dd1b2ec64a347ecbdb3df2f37a80ef291ede231daa,16321
results/research8h/branch_flow_encoding/seed_26100200/row_metadata.csv.gz,9f59862a9242520a5de5264cb5282b5fd0b991aaf884cc72d5e96790bab05306,219373
results/research8h/branch_flow_encoding/seed_26100200/strict_point_check.json,97fd70c3642c0e10d1168ef74342557c4410aa55198482a11025f1024becdef2,2368
results/research8h/branch_flow_energy_implementation_tests.json,ffb52d2c34b5304ff7fe6c5b6be4d84d7afd1aa55c4a1c0258d2024f90e17235,286
results/research8h/branch_flow_energy_independent_review/postrun_review.json,ccd2bf67e39d985082707f97116276b3534c11dbbbd20430fe3637bc49739985,73409
results/research8h/branch_flow_energy_independent_review/postrun_review.py,6f6c53d69c2a7eb594d697b631140481b2c614eea8bade846b3cabebede0a76a,23700
results/research8h/branch_flow_energy_prepared_review.json,c041f71f5a5935d3bdae0f3ef979f1eee2a0b21b9e2afb2f124c09d0a668596b,1002
results/research8h/branch_flow_energy_prepared_review.py,f8efe7a937fd5b649e31c895ba50790fb48f09ff3f152fd6e771980527662a0f,8684
results/research8h/branch_flow_implementation_tests.json,47e1c82e58a108449531f6b72d1eed4dedc477352efab7e2e12b4bc29d56267a,456
results/research8h/branch_flow_independent_review/postrun_review.json,b0820ff52180c1c20b6d34ef6189dce33b2344223dc58936285a72cc3284991b,40275
results/research8h/branch_flow_independent_review/postrun_review.py,c14de94fc61de56ce4366edf3dc940979701fa69051e9046de989662e34d6ea6,20466
results/research8h/branch_flow_prepared_review.json,19d5a9ca7cf293c8390a5a998aecabda769b5eff496b51d6ffb512fc4ad9660e,3807
results/research8h/branch_flow_prepared_review.py,54fd65020f351203d4ae43c8a8e71af4c82e27511446865798879d4c1f0aec1b,15141
results/research8h/branch_flow_prepared_review_attempt01.json,a62b26096c65334185e6fa9cd7d03757dc7b601a30114a4dc5ed0599b21b473a,492
results/research8h/branch_flow_prepared_review_attempt01.py,13ced214136a147ab75a38ec2760bd947c357b5bfd92198a80b7589f4e491bf7,15075
results/research8h/branch_flow_strict_energy/FINAL_READOUT.md,cb7d120e0f87d73fd7373bda73956566f9b46502c72d7ffa1cf4bf21dc5b3457,6645
results/research8h/branch_flow_strict_energy/artifact_manifest.csv,89475add4fdc688cf7227a201fa870712602cc67269b0ad7bacdfa7f8ef65648,71031
results/research8h/branch_flow_strict_energy/calls.json,ea787289d35784810faa8af84ed18c38bc9284406783f10b16eb8e596e0cba51,1677
results/research8h/branch_flow_strict_energy/completion.json,6adde0c24ddd34ce2e37dd9964aa8c7065825a37593268029eb8c35084915488,287
results/research8h/branch_flow_strict_energy/execution_marker.json,f597bd98a6b1ce7a6125059aff13d04215675e5d11fa93cbdd91c8d8133fb08c,141
results/research8h/branch_flow_strict_energy/input_manifest.json,7ffffe82e6046daff5dcd610337c2e8cb333009c38ec9acfcdb9741f8cbadbb7,97308
results/research8h/branch_flow_strict_energy/january_identity/basis.json,aca2b8031efd2a935b7d93847ffb8c99560549e87249d73a38f947c4f3c4293e,958754
results/research8h/branch_flow_strict_energy/january_identity/bounds.npz,b6206716ac4447c2483f4c4d267fc55e769b128194a7750dbbbcb81204e438ce,50454
results/research8h/branch_flow_strict_energy/january_identity/cap_deletion.json,7eadf074772488f3f16dbe39e05482ce7b69b615a291282602cd3a6e3f19388e,403503
results/research8h/branch_flow_strict_energy/january_identity/fixed_schedule.json,b9d489ad87be1c54bf3ac067e132eba2d6b01d9916fc0212a7fabbf7cc899130,1291165
results/research8h/branch_flow_strict_energy/january_identity/graph.json,26b2c627a197f1c935ed743b3824e02d16b563162b79991cc0ed4f40de491c3a,13573
results/research8h/branch_flow_strict_energy/january_identity/identity_upper.json,75679adb0dec7d60d4cc53555a4a47caa3c64658fa2b35db0c6d47968eaf57ee,2401
results/research8h/branch_flow_strict_energy/january_identity/integrality.npz,b7edefe877df7e0ca60056219002a63ead96c78926a403cb8e4d697f2a67838c,286
results/research8h/branch_flow_strict_energy/january_identity/launch_decision.json,00e83a96d7e5d753531c2b0e169b88c962058ce3319fd02d1fb82fcc1833db54,116
results/research8h/branch_flow_strict_energy/january_identity/lower_+1_projected.json,1ac29f31f1dca4937c0508462e0f0af528206a805d71640efa4acd57c0981ade,1315582
results/research8h/branch_flow_strict_energy/january_identity/lower_+1_raw.json,b2b354b9eb4d5185e1b63cda0d33df6cd8aa8b3a3fc576f8aac3c91a236961e2,256585
results/research8h/branch_flow_strict_energy/january_identity/lower_-1_projected.json,a64eaccbde82ef56d7f1fd12fb6ba24e804e0197ea6125924a49fa2fa2d23704,1331161
results/research8h/branch_flow_strict_energy/january_identity/lower_-1_raw.json,0f6c181c85ecefaaacf887d2213e328dea794f02d23cd089271ca06a15501a92,257612
results/research8h/branch_flow_strict_energy/january_identity/lower_bound.json,46bda97d0062233e836fe626e17cd74f8209fb50816d3ecbee07265fc103334f,666
results/research8h/branch_flow_strict_energy/january_identity/lower_zero.json,08727788f39c7e8e8fe22cd507fff49c1fb54936666f0516c21e5e63108b4181,463829
results/research8h/branch_flow_strict_energy/january_identity/matrix.npz,1a2d01f03b4115793467c0f28c900db565bec012c469c13824e1ad1970804643,201064
results/research8h/branch_flow_strict_energy/january_identity/model_metadata.json,8fac72da0ad1ecb23897df2dfa17b8a876179a41ede718e048033f021e45b5da,2955
results/research8h/branch_flow_strict_energy/january_identity/native_inputs.npz,5f917f58e4fd50ae1e0d9198fd84e81f57adb1f24b530d1ed5bb71d99714a960,26497
results/research8h/branch_flow_strict_energy/january_identity/native_spec.json,9a2c78233792adb44a3a50ba7510769185457660551f92892941eeda1bacffd3,18523
results/research8h/branch_flow_strict_energy/january_identity/numerical_point.npz,e039ab69d39807f2abb4b1a4ebaad859d65b0b3ddf95bec0cdcbf09a362d88a7,83636
results/research8h/branch_flow_strict_energy/january_identity/objective.npz,f104697baf043a1c57e6c757164e8cc705b5cbddff44950fb11ef1c2240ab980,912
results/research8h/branch_flow_strict_energy/january_identity/permutation.csv,94352d5ec4282e9757c259bd336faae046eecbba3231b57b96e7a60257252580,2361
results/research8h/branch_flow_strict_energy/january_identity/rational_point.json,5815c5f86f72b23636884e8112a04764ab75243d3ce206040bbb6fb5c588dab3,10539290
results/research8h/branch_flow_strict_energy/january_identity/raw_row_dual.npz,540057f84999c50e34d94a4babd95d11fda93862fd3e46fe9df41fc848bc0ee6,8137
results/research8h/branch_flow_strict_energy/january_identity/row_metadata.csv.gz,e6d1c115f29ecac379771719527c4c0b6dcd194c3a296b055be1edb1e2e04d4b,218626
results/research8h/branch_flow_strict_energy/january_identity/solver.log,32f3cad5872f54b3522340ef95c32dee84b24aac8797c4e1978a0d0e1b1b9bfc,716
results/research8h/branch_flow_strict_energy/january_identity/solver_result.json,e6096ec1b85f2f9541c63ccc0ed41d9a40c81ed5f109e1eba7a33e7fff72116b,309
results/research8h/branch_flow_strict_energy/outcomes.json,ec069eaf704bb60536fbca167ec799722ffc34092f8a2a2a9c405fb543ef4a13,12330
results/research8h/branch_flow_strict_energy/preparation_report.json,f85c9708a7a4b453200be35bf1e3759c365781f0f923171cf2bc573cb91870c9,419
results/research8h/branch_flow_strict_energy/prepared_freeze.json,9c82ea7bbd9caa178967a0a91cc897852984f8abb5da52a3349a908f6c41e61b,780
results/research8h/branch_flow_strict_energy/seed_26093200/basis.json,d04bc64c66f2aa4949d6588e0dbd97415879002f614c55bd22c23171508e44f6,958754
results/research8h/branch_flow_strict_energy/seed_26093200/bounds.npz,d435543efdd6cadda06227ce20f5d09f2eff068feaaa709bfcc7b31ded1d3286,50537
results/research8h/branch_flow_strict_energy/seed_26093200/cap_deletion.json,06ac09be37eb7157316c80f394ac042aff1d6000cc91f3161f340d3ac23472b2,403503
results/research8h/branch_flow_strict_energy/seed_26093200/fixed_schedule.json,189f2df915336ac90331f0754ad27f157d3b15f395fc6195573062cdbd4f190d,1291165
results/research8h/branch_flow_strict_energy/seed_26093200/graph.json,26b2c627a197f1c935ed743b3824e02d16b563162b79991cc0ed4f40de491c3a,13573
results/research8h/branch_flow_strict_energy/seed_26093200/integrality.npz,b7edefe877df7e0ca60056219002a63ead96c78926a403cb8e4d697f2a67838c,286
results/research8h/branch_flow_strict_energy/seed_26093200/launch_decision.json,78b84482657c2ee852c09cccf343b6d3e70ee9aad67281a65145bb81c739274d,117
results/research8h/branch_flow_strict_energy/seed_26093200/lower_+1_projected.json,5dcc185c10c857d638bd25a5d7fd7d21d7455ed9590327c23007f8cf491f0f8f,1435761
results/research8h/branch_flow_strict_energy/seed_26093200/lower_+1_raw.json,288e007588dc4d3e5f26444f8bc49a0fa114b721d512abc79e820f82001d2cdd,309252
results/research8h/branch_flow_strict_energy/seed_26093200/lower_-1_projected.json,f4360ce5409d7496c981cd2b9639ccd9287f9e809d16d7c441e189dbf3cd82af,1436009
results/research8h/branch_flow_strict_energy/seed_26093200/lower_-1_raw.json,1afe99a9bb3946b96bc7cb595e2b66557ef6a5e68b2b7e766151c87bc7ff3e2b,309559
results/research8h/branch_flow_strict_energy/seed_26093200/lower_bound.json,962a6b4da5c794b15b2c425b1bb7a916ea1880f4690fb31ff4f2675dcee69d39,666
results/research8h/branch_flow_strict_energy/seed_26093200/lower_zero.json,4b93ab1f929e3443144fe4d7c4af4e911485b7cab8b2dc28290a81dd8df2dcce,463829
results/research8h/branch_flow_strict_energy/seed_26093200/matrix.npz,1a2d01f03b4115793467c0f28c900db565bec012c469c13824e1ad1970804643,201064
results/research8h/branch_flow_strict_energy/seed_26093200/model_metadata.json,bb5775df81c06255b17c00524abc6235b58ae4a68befb3dfc66ad4968736f94e,2952
results/research8h/branch_flow_strict_energy/seed_26093200/native_inputs.npz,c6e3efd7ddb65960db87eac29707eae40862bb8ea04dc00a5d2c2035d96af177,26578
results/research8h/branch_flow_strict_energy/seed_26093200/native_spec.json,9a2c78233792adb44a3a50ba7510769185457660551f92892941eeda1bacffd3,18523
results/research8h/branch_flow_strict_energy/seed_26093200/numerical_point.npz,baa1ad3b0b642080f58c62490dc66eeff996eedf7d9913c7e1fc02bd9238e240,84543
results/research8h/branch_flow_strict_energy/seed_26093200/objective.npz,f104697baf043a1c57e6c757164e8cc705b5cbddff44950fb11ef1c2240ab980,912
results/research8h/branch_flow_strict_energy/seed_26093200/permutation.csv,09fd54c4a7ed25ba0ade5e7499ad45bd11ee63a7bfa46116b57685cc79ad31c7,2361
results/research8h/branch_flow_strict_energy/seed_26093200/rational_point.json,e6f198025a37d2a9070af133b48b075834d735eb7e4d72d17c2a66c3ac2a3f9a,10539244
results/research8h/branch_flow_strict_energy/seed_26093200/raw_row_dual.npz,da6ed11ddbd57d2c3ea539bdc76abc64a4c733e8259f71d30b7daa92a70b6c1a,10357
results/research8h/branch_flow_strict_energy/seed_26093200/row_metadata.csv.gz,5bf2d86018c367eba29aff6521c2f348f81cdd74cbd84bad75c62899c9da8861,218626
results/research8h/branch_flow_strict_energy/seed_26093200/solver.log,063067ec8edb909e1e1cb2cd969d9cf0ac61ad5eb07f1bed9216ac5341e7925a,716
results/research8h/branch_flow_strict_energy/seed_26093200/solver_result.json,b9543233ae5e0c8c3507832aa53db35ca75ab15a02b3a3ba7f087b05a8de4713,304
results/research8h/branch_flow_strict_energy/seed_26093200/strict_uncapped_point_check.json,5c06e379a3c6e206de6dcc6f62f7bf34b10c278e551e5ddcef39e6c6f41de270,2401
results/research8h/branch_flow_strict_energy/seed_26093200/upper_bound.json,8ca3113998b4040100fcc182326b9e433600cf89c6381d6f7a89551d28c0fd0e,925
results/research8h/branch_flow_strict_energy/seed_26093200_proposal/basis.json,773f87cd7d461ccd92bc755e2397a351a2f19bb3db77f2b68e78951373235f99,536834
results/research8h/branch_flow_strict_energy/seed_26093200_proposal/bounds.npz,2a4d379d91a57839f72db7028d94b87181761c2028f40230a63b8844ae39986c,51066
results/research8h/branch_flow_strict_energy/seed_26093200_proposal/constant_rows.json,cd6380004814e2693513815a315147d9189791781980bd5a3cce507cd11e31b1,3451824
results/research8h/branch_flow_strict_energy/seed_26093200_proposal/exact_blocks.json.gz,22915cc1f345b5924bbb5281891947fddbe926a8a891548880800c9a790a81c0,485435
results/research8h/branch_flow_strict_energy/seed_26093200_proposal/hour_000.json,ff2badfac327dff71baa5ef4be59748d76530309455c44f7df53b616080549c3,70504
results/research8h/branch_flow_strict_energy/seed_26093200_proposal/hour_001.json,72c243e525766bc3a5327fc7739617213b66b2472f02118963db4f92bb3e4e89,70522
results/research8h/branch_flow_strict_energy/seed_26093200_proposal/hour_002.json,b66d0a707149235dbd88d3322355e989d58ba0d838a7123fce62e5b327156d51,70561
results/research8h/branch_flow_strict_energy/seed_26093200_proposal/hour_003.json,725937bfa793345d31e2ece6e8c5a317a5f8e655788eaedaeb596a10e2303a5d,70539
results/research8h/branch_flow_strict_energy/seed_26093200_proposal/hour_004.json,0531ba338898526d460a7b25a01a7a6aefb8348eaa3f83798e751eedb3e0249c,70705
results/research8h/branch_flow_strict_energy/seed_26093200_proposal/hour_005.json,c6e7e5d02d5f97f2a4769750f72221b7dbe551cb631eba54ba326a5cf7934a01,70783
results/research8h/branch_flow_strict_energy/seed_26093200_proposal/hour_006.json,472aa1a53f4ea8e0784727fac3da828b6a4a6565060d3baa6b84c3d2413a1545,70835
results/research8h/branch_flow_strict_energy/seed_26093200_proposal/hour_007.json,b9e7f7b37af877458cab3129ad07c83426dae96bb6c5711a1dbdeedee49984ce,71383
results/research8h/branch_flow_strict_energy/seed_26093200_proposal/hour_008.json,31d55b4d14de7988895e33b17ec26caa4ade14a50de863611089fa1121e8173b,71293
results/research8h/branch_flow_strict_energy/seed_26093200_proposal/hour_009.json,4576620e9c5a2a9178ac22b8a6d13f0cfdd1d762de5dc2c01200190f2fc447a2,71244
results/research8h/branch_flow_strict_energy/seed_26093200_proposal/hour_010.json,7a3dc69970c6a3f98fda0600c2ac69b6bb5a21f1f56ac233511428411ec441f6,71243
results/research8h/branch_flow_strict_energy/seed_26093200_proposal/hour_011.json,49a7de7025c8d158bd5f94b8ddc34035557c9d21020451926e7d160fae0e3f92,71159
results/research8h/branch_flow_strict_energy/seed_26093200_proposal/hour_012.json,8bf2951cd4e71fe554947ea088c3ffe8cbf4429fd8e1643dfb7fc65f0097822b,71080
results/research8h/branch_flow_strict_energy/seed_26093200_proposal/hour_013.json,3768903b7439a8b405f77d8556ded1162b669d96eb5bac04a37c3ae77feb783a,71202
results/research8h/branch_flow_strict_energy/seed_26093200_proposal/hour_014.json,ecaa19abb0a65d3ec91a98543b5941b86168f51e5a49e3ccfa520c4d9004b40f,71087
results/research8h/branch_flow_strict_energy/seed_26093200_proposal/hour_015.json,d703b2227fab3f31300a74e0d86e398ab5668c92e84ce2ae4168c2959085dfc6,71203
results/research8h/branch_flow_strict_energy/seed_26093200_proposal/hour_016.json,6ec65f4b66356b5208b41eafb70795758ce367f117f61e380d8e8ce9c3b44ed3,70906
results/research8h/branch_flow_strict_energy/seed_26093200_proposal/hour_017.json,276369a631ab3c7b68a81f67dd02e14bbb0b94fe329c02bc606975510d4d0860,70699
results/research8h/branch_flow_strict_energy/seed_26093200_proposal/hour_018.json,b0f653df36200dce8975a2f1a734c86466fbcc2846ad651d884bdaba92cce88a,70381
results/research8h/branch_flow_strict_energy/seed_26093200_proposal/hour_019.json,99f8fb3df5e3d2f02643114e0271e0c4f7fb21eace1c7d71bdad6aedac87cbbd,70800
results/research8h/branch_flow_strict_energy/seed_26093200_proposal/hour_020.json,69dc647313f41bf25cfaefb91b47c6328928e315f93e3b4ba28a83ac5c149d96,70820
results/research8h/branch_flow_strict_energy/seed_26093200_proposal/hour_021.json,3acec215cb69af3c57582c29aa2b950a7463c32e6bb411eb61316be181aaa6fa,70831
results/research8h/branch_flow_strict_energy/seed_26093200_proposal/hour_022.json,b9435b4d4e5a39904af1c0180229ff6612143dda2e9ce72b4472e9e149fc304b,70586
results/research8h/branch_flow_strict_energy/seed_26093200_proposal/hour_023.json,534f82145f654cd759e6da4f835bb5461970c9598946fb0c0bf50445e0e05ddd,70599
results/research8h/branch_flow_strict_energy/seed_26093200_proposal/hour_024.json,1e88d6ca27d56f57cb8f326bfcab408b16dfaf27b4ffb9d5dd268797f0a76d28,70663
results/research8h/branch_flow_strict_energy/seed_26093200_proposal/hour_025.json,6bd19c0bf8eb5cd0acf186f119d6e263aae8f945f4c7c7297e93951b788b0751,70690
results/research8h/branch_flow_strict_energy/seed_26093200_proposal/hour_026.json,bf4553da144c1d30279cbc2f36f63ce792c89892ae8f91965ab640671e3e99bc,70680
results/research8h/branch_flow_strict_energy/seed_26093200_proposal/hour_027.json,00edd519778e191ca8ec870ba9a12f6bdc801ef90cc33db235c08c1e0c518bd1,70655
results/research8h/branch_flow_strict_energy/seed_26093200_proposal/hour_028.json,000997e07702a18dec91d2fbf898afbd2854709c5d9385b15025ca9eefd1842a,70711
results/research8h/branch_flow_strict_energy/seed_26093200_proposal/hour_029.json,49f3df9fcbf15cb72a379d9b9a5d1d7ec108c41999cf56970685b00ba4637df6,70873
results/research8h/branch_flow_strict_energy/seed_26093200_proposal/hour_030.json,137c38b4f51eacdf7223ce2e72997ebc6af21fe014269fc60e31bf90d178d5d9,70845
results/research8h/branch_flow_strict_energy/seed_26093200_proposal/hour_031.json,b3c456e46777b4fe29bdf58bf9262a01306ec1b5ab8800399253bf66d9d33d86,71008
results/research8h/branch_flow_strict_energy/seed_26093200_proposal/hour_032.json,16e54b9e88f79aeb60aef420f99fa7b339ebfb3c7049c74a5fc9f8c0574fe6fd,70744
results/research8h/branch_flow_strict_energy/seed_26093200_proposal/hour_033.json,b5297ac66ba067f3039518f328a7ba2b24c714d370a43762275a12ad39603ba1,70925
results/research8h/branch_flow_strict_energy/seed_26093200_proposal/hour_034.json,63d3b43383bb9d2f0934bf0b572d12ed8418843dcebdeddcfa98efd235b8d6df,70780
results/research8h/branch_flow_strict_energy/seed_26093200_proposal/hour_035.json,4d05255cf6f6debf406d2477c01714b9361f6aa55479492d9690ca6a1ce2ec97,70630
results/research8h/branch_flow_strict_energy/seed_26093200_proposal/hour_036.json,f46dcea20afa9040894c6f2e7e08219e24221932b1f60d31d4b3d58112096bd3,70983
results/research8h/branch_flow_strict_energy/seed_26093200_proposal/hour_037.json,dd59f83deaebdba2bf58ebb6c1c1aac7341223be6ab98bdb1e5819377225bbae,70732
results/research8h/branch_flow_strict_energy/seed_26093200_proposal/hour_038.json,15f777280de1129dadfcf9068c5102749c7188a3989d81b2ec7cb29b27b4904d,70674
results/research8h/branch_flow_strict_energy/seed_26093200_proposal/hour_039.json,cfd309ce71b2654a4cbd6652d87787c39a59aba784905838f3ec905d57e8acf6,70893
results/research8h/branch_flow_strict_energy/seed_26093200_proposal/hour_040.json,7a81bfed2013fe63a860b8e8904873bd0db24b0ac77f12ff1a945f2aa8055045,70811
results/research8h/branch_flow_strict_energy/seed_26093200_proposal/hour_041.json,832f50040b3ba35ce422772ee98583efa8166e38a57d757d817d6fb5bd43c47c,70934
results/research8h/branch_flow_strict_energy/seed_26093200_proposal/hour_042.json,ac8c966101294577f07dfdea0dad61b6c43f82bb42302c211576a446eaab8743,70910
results/research8h/branch_flow_strict_energy/seed_26093200_proposal/hour_043.json,4275eebb37d0963fb71cda5a93156c1dafa9853abdd9f75d0406b81685a16709,70808
results/research8h/branch_flow_strict_energy/seed_26093200_proposal/hour_044.json,617cc5bc4daa7b3b1e1f4eb6ee4e7f9e9e4b185e60b364641fc3a0fdd62ca393,70831
results/research8h/branch_flow_strict_energy/seed_26093200_proposal/hour_045.json,e6dc8c90fe0fae0977254e34d70f3318ee13fd1372155c9628e34ba2257d3e5d,70687
results/research8h/branch_flow_strict_energy/seed_26093200_proposal/hour_046.json,423c7f2e34757d35281eb0f4a97a3e02e30c064afae45a896ccaa72d9c4294d9,70679
results/research8h/branch_flow_strict_energy/seed_26093200_proposal/hour_047.json,6ae8bfdd413cfb9a7e5ca7705dd8baf2962a23ab0ca36ab75e1c7bdbb3b9c6cf,70679
results/research8h/branch_flow_strict_energy/seed_26093200_proposal/hour_048.json,8da51b8013ca1eb0d3256f67fa4a326660d1158d5803633efb34377684fcacef,70704
results/research8h/branch_flow_strict_energy/seed_26093200_proposal/hour_049.json,086036f1c5bb31aeba76f60a149bc13ffa8a06802379fdd547b328c836913c31,70836
results/research8h/branch_flow_strict_energy/seed_26093200_proposal/hour_050.json,a60d73dbd800bd31362d727002ae634501bbfd1332f8be871eb18c4912a01b5e,70768
results/research8h/branch_flow_strict_energy/seed_26093200_proposal/hour_051.json,190a62157ef25035cb5257a0b96e2c0f6fc5da2c653c49942ce2082166e4f2b6,70815
results/research8h/branch_flow_strict_energy/seed_26093200_proposal/hour_052.json,c06e20efb921bd45ccedb2bfa39950d18dac4ec8fb1934b1b506dcfa9a9c09fd,70812
results/research8h/branch_flow_strict_energy/seed_26093200_proposal/hour_053.json,20d639f1e112b69228e9fc88da68c7ef074e47a91999a6299e760e59194df7e0,70856
results/research8h/branch_flow_strict_energy/seed_26093200_proposal/hour_054.json,58eb4d9fa05b87c74e83461358d7e33c5a2a300995ff496d1f39ba6c327d917b,70805
results/research8h/branch_flow_strict_energy/seed_26093200_proposal/hour_055.json,7fcb0350fbacf0dcfaf1ad400ac7c53e45e8982b7a3f9ddd35adb2dc9fe950ed,70773
results/research8h/branch_flow_strict_energy/seed_26093200_proposal/hour_056.json,ba95e69d34ee514f25b1aedb4d027e6e598b157dd1f7727a1cc1c9a914b2af76,70749
results/research8h/branch_flow_strict_energy/seed_26093200_proposal/hour_057.json,6dad5143b887e6705cdd659397d5fca146dedc7d54e5cc6ad8a0e6936638deb5,70900
results/research8h/branch_flow_strict_energy/seed_26093200_proposal/hour_058.json,c34f5aa048dfa1d21b1868dd043580aa85306d0119247a06d7e3f7aed1fb8083,71058
results/research8h/branch_flow_strict_energy/seed_26093200_proposal/hour_059.json,ddb738dddc3248f7e3b1950dcd364a7689505ca7e2d4f0366e3968dc5e79baf4,71442
results/research8h/branch_flow_strict_energy/seed_26093200_proposal/hour_060.json,047cbdcdb0ac9095e5d2bdca2bdbb45c1604ed5ca1de0b46bfdfdab8c551cb38,71455
results/research8h/branch_flow_strict_energy/seed_26093200_proposal/hour_061.json,35bc65217020828ea6945c8df2d4bb6fa423b452c34370fe0afcd8a8be309d2a,71010
results/research8h/branch_flow_strict_energy/seed_26093200_proposal/hour_062.json,bf271a8062dc476653012d95826cfcd4aeb4f986a9ca24cd9bbc01878b003047,71037
results/research8h/branch_flow_strict_energy/seed_26093200_proposal/hour_063.json,a9427bf6584ed57f854ce9d8a4cb94dd59fc7f6e5b6595b569db4dffae5d8fdb,71004
results/research8h/branch_flow_strict_energy/seed_26093200_proposal/hour_064.json,983db0f67d72541f6763fb80b0874bd8f73c2abcf6c5e3ed29f9edcd4f3c9dae,70797
results/research8h/branch_flow_strict_energy/seed_26093200_proposal/hour_065.json,d132850e3292010d843baf4baf04c7902c6364177588fcebb8287401797094c1,70837
results/research8h/branch_flow_strict_energy/seed_26093200_proposal/hour_066.json,48f05c56940a0b99239eaf5f5a4a36ba72079e885954529aeaee5fb03864bbd5,70850
results/research8h/branch_flow_strict_energy/seed_26093200_proposal/hour_067.json,64381d60564e3701c60b70b339fc36f095397d189a82b212fdd367493bea9e4d,70746
results/research8h/branch_flow_strict_energy/seed_26093200_proposal/hour_068.json,0c328f618cabe4e25ff4ea358dbf9afb9c1d7f728693d688742a22c6358b5dd1,70820
results/research8h/branch_flow_strict_energy/seed_26093200_proposal/hour_069.json,06949ac6e30577f6590af1245939be4e8f9b7d5e7b9011922a024c9ed7e027b7,70828
results/research8h/branch_flow_strict_energy/seed_26093200_proposal/hour_070.json,958f289a710ad7b7643d5504e11213229479b0dfdf9777498ef868ff5d6a1e38,70820
results/research8h/branch_flow_strict_energy/seed_26093200_proposal/hour_071.json,7e11bba4a727ba2bab3497bcb60598341f30c279964d28497aaa18e07a90b282,70686
results/research8h/branch_flow_strict_energy/seed_26093200_proposal/hour_072.json,982352c5b616aaffff5e860eec8d72424fe8266174d40214baa736c36d5df1e3,70671
results/research8h/branch_flow_strict_energy/seed_26093200_proposal/hour_073.json,3fdf4dce5986258cdffc967768a6d372b8ab6769af80d6f37fa48aa5ae669d8e,70659
results/research8h/branch_flow_strict_energy/seed_26093200_proposal/hour_074.json,79e74783af4a5ec1badd4f1a22e97f2a597919c61361dde8f220fd3387c7e630,70650
results/research8h/branch_flow_strict_energy/seed_26093200_proposal/hour_075.json,f97c5a28a3406cead2be7a8bc86b2fb5a3a6cdc090497801f8cf1b696ab4f3e4,70716
results/research8h/branch_flow_strict_energy/seed_26093200_proposal/hour_076.json,b98ec6857fa84dd5cb9efd998dd1b52662d67b6b4b9c65371fe23623158ce7b4,70830
results/research8h/branch_flow_strict_energy/seed_26093200_proposal/hour_077.json,d8f872071a808f27ff543f6e498efd8f07fb466b3c61224d5d33646d74919285,70765
results/research8h/branch_flow_strict_energy/seed_26093200_proposal/hour_078.json,34d1ff631c3674281877f3997864d352d7325d48cf5c71e5934fcee3396abce1,70843
results/research8h/branch_flow_strict_energy/seed_26093200_proposal/hour_079.json,357452bb61ad850004ca0b1d807d3a05c2e0cb7a46f779fca2462b3f91951070,71266
results/research8h/branch_flow_strict_energy/seed_26093200_proposal/hour_080.json,0891fbeecd574c173ea0afafcbecf54b1c5e617dde21dcb0d6af3bede13ed32c,71418
results/research8h/branch_flow_strict_energy/seed_26093200_proposal/hour_081.json,5f25d94625c43ccc2f092dcd7c79f10da1d4c06d27d6e53943a574cec9406d4f,71396
results/research8h/branch_flow_strict_energy/seed_26093200_proposal/hour_082.json,1478ae2e4c443c5229b20ead134dcac7fe7fbb8e931ca4e7a2eeafec57d78209,71400
results/research8h/branch_flow_strict_energy/seed_26093200_proposal/hour_083.json,81e282a8d67a41b52b8484552317055afe8528680713f648fbef0cd703f98ee0,70756
results/research8h/branch_flow_strict_energy/seed_26093200_proposal/hour_084.json,8043152420f15245cec6f208e61e3b07e758ea20f161afd2f9a7ef8c64c09a09,70970
results/research8h/branch_flow_strict_energy/seed_26093200_proposal/hour_085.json,a8e2702943dd5a32b2835448419a9b5970a6303a844a2974e6022b000b4e1bd0,70951
results/research8h/branch_flow_strict_energy/seed_26093200_proposal/hour_086.json,77288c2682455f25e16e6fb05704ada81eb4a35370f79fcf57fea25d21a8f596,70681
results/research8h/branch_flow_strict_energy/seed_26093200_proposal/hour_087.json,122c24820065dc954e35023df190cd8c3e1f6bde0d0daa94c1072d5676bdb13c,71062
results/research8h/branch_flow_strict_energy/seed_26093200_proposal/hour_088.json,e86cc62ea225ddc94718850d509f6f93b41920ed5c9fecf905d20c1209d37310,70875
results/research8h/branch_flow_strict_energy/seed_26093200_proposal/hour_089.json,0f2fffc0f88b0bb31e7a6cd335c098ac6a2e1869a5d436fa98744507555b2aaf,70753
results/research8h/branch_flow_strict_energy/seed_26093200_proposal/hour_090.json,bdb30ba83b434be80768075b868246587e37abae1884e81a999bbe6a75ccf882,70902
results/research8h/branch_flow_strict_energy/seed_26093200_proposal/hour_091.json,8961674ff0e49fb65d5a3ce0945f9a5ee28ee936521942a2baae4215624fd06c,70793
results/research8h/branch_flow_strict_energy/seed_26093200_proposal/hour_092.json,f7f68cf6f8ede88fea85fc5a579fd85a7d3fc2ad893ef51d67f491a8fd958175,70731
results/research8h/branch_flow_strict_energy/seed_26093200_proposal/hour_093.json,60b5bc3afd856cea4a9a975faaf69af2fc13d297adb480eed01611352695332f,70677
results/research8h/branch_flow_strict_energy/seed_26093200_proposal/hour_094.json,48e814665de17f79446d0beef660cc00814f0cddd22dd81cfcb640b7067f4640,70719
results/research8h/branch_flow_strict_energy/seed_26093200_proposal/hour_095.json,ae549e86a1abb2f21f430ea218cff9a8f1d9f0b9a19162793f2306e58f36de8c,70701
results/research8h/branch_flow_strict_energy/seed_26093200_proposal/hour_096.json,8d19d70dd9a4b9510fbe7af9d533bd129edee1429d44004fa6f21249786e49b3,70853
results/research8h/branch_flow_strict_energy/seed_26093200_proposal/hour_097.json,d89e0bab4c5448a91a303ec51196b5ab5d47ad4176be5085baa3ae482632dd91,70702
results/research8h/branch_flow_strict_energy/seed_26093200_proposal/hour_098.json,732255ec052da8758afdb2b06da7b569bc9c25a999e54aad20d5f512467b2ef2,70861
results/research8h/branch_flow_strict_energy/seed_26093200_proposal/hour_099.json,5503bdcceed0b0417fb1934c9ec957520324d5a4b3a19466a174a208a3d3cbcf,70683
results/research8h/branch_flow_strict_energy/seed_26093200_proposal/hour_100.json,8cfe3e394ce66b72891403111cb742573e16bf9f64269a34ba1a57b8db4df2ac,70672
results/research8h/branch_flow_strict_energy/seed_26093200_proposal/hour_101.json,120a2a85abea345b45f6b728681142fd252d8cc295b14f0c6a07f0d530ecbf3d,70808
results/research8h/branch_flow_strict_energy/seed_26093200_proposal/hour_102.json,c464dcfbedbbb3fe0d0f9cef0c15a6f9abb26cb4a22c0470f9f4224d92ba62ed,70847
results/research8h/branch_flow_strict_energy/seed_26093200_proposal/hour_103.json,41d26091bb49274da5418fec7dbeb2f897c1d5419aca83d542ad0dd39edebfb7,70923
results/research8h/branch_flow_strict_energy/seed_26093200_proposal/hour_104.json,28bef66717dab84a055b28df00ded5bede36aca3815a4dac1128c238c4ff4b5b,70909
results/research8h/branch_flow_strict_energy/seed_26093200_proposal/hour_105.json,1eda15eaad5d6a8ba3eb9eed1fcb0869d4383245595bab986d9854ceaaf5d180,70992
results/research8h/branch_flow_strict_energy/seed_26093200_proposal/hour_106.json,2bb9a21480f44bb743ed4584b5038dd4773fe7e49ae6890f4227cd1fe0f3bffc,70866
results/research8h/branch_flow_strict_energy/seed_26093200_proposal/hour_107.json,36afb5cdffc4372d33a0a6012b7d8bfa39c716025e490809919aed8077e29c34,71057
results/research8h/branch_flow_strict_energy/seed_26093200_proposal/hour_108.json,c76e7424efd9795345807c870f2c9d801b318aca230192b0cee7e537e83a8bcf,70882
results/research8h/branch_flow_strict_energy/seed_26093200_proposal/hour_109.json,08841c5c268895172efe36b2cbb81359e3ca788f26095cad69595e3448b64a1c,71254
results/research8h/branch_flow_strict_energy/seed_26093200_proposal/hour_110.json,f148ec8e69aa15ed91a0c159b5cdff1c07d8912a9506082c3e5a057523fff45b,71018
results/research8h/branch_flow_strict_energy/seed_26093200_proposal/hour_111.json,b112ab634e50c03389dd88cd8a52e6b96713fc410eadedb0ef3d62642019bc84,71171
results/research8h/branch_flow_strict_energy/seed_26093200_proposal/hour_112.json,628d3bf1e14b9102683c579ec2a881ded17ac9d7ab42faadcb763bdaa4346e5c,70742
results/research8h/branch_flow_strict_energy/seed_26093200_proposal/hour_113.json,124eedfd8587af4592bc75df0d94f76981a7cc2b498d4fd7c027b12089582e0e,70859
results/research8h/branch_flow_strict_energy/seed_26093200_proposal/hour_114.json,e10edc71cde79bf1be537a05c8730ddc68218948aabc86435b67c87257caa174,70836
results/research8h/branch_flow_strict_energy/seed_26093200_proposal/hour_115.json,c4f3b233d4b30b47a6609993e70c1f8a89dce130dce587bf4bd60e84ff4bfd59,70823
results/research8h/branch_flow_strict_energy/seed_26093200_proposal/hour_116.json,3bda9dad33b0852fa1b5dd334ed9fbdda306934105a684d0d6102303aeea9f96,70708
results/research8h/branch_flow_strict_energy/seed_26093200_proposal/hour_117.json,96e7202452da1fdc7dcf9caa184861acb7ffd08b88f144f1001f4bbad109302e,70694
results/research8h/branch_flow_strict_energy/seed_26093200_proposal/hour_118.json,3805d6ccbf677fa8215827c8e1a5cabfd400851e133f597b6dc2f0688024628e,70671
results/research8h/branch_flow_strict_energy/seed_26093200_proposal/hour_119.json,804558b14558e8dc5dc77a2313cba2180c13d6a2800c9eeabb23d04313573697,70821
results/research8h/branch_flow_strict_energy/seed_26093200_proposal/hour_120.json,e440cf6678fe72f3f088a709188c29b5923f05a87220181c5ae3f6b927786a34,70683
results/research8h/branch_flow_strict_energy/seed_26093200_proposal/hour_121.json,4435d9635b26a8f3b7f19e26d94f1c285512fc2243ef72804bce61be84b21226,70690
results/research8h/branch_flow_strict_energy/seed_26093200_proposal/hour_122.json,2af50ed02f8f008923b93b991ae4d8f4bb47dcd773cd63e30396743bafe7e25f,70678
results/research8h/branch_flow_strict_energy/seed_26093200_proposal/hour_123.json,4057b3b26c4557f84b54ab97800ffb0d97eca5f79c6fc0901af44f2b584a5ab2,70698
results/research8h/branch_flow_strict_energy/seed_26093200_proposal/hour_124.json,cd9f384c304b983c60c4fd5bbd5de8cdf4f0e4adc1a6d10bdb27d8c78318ef38,70747
results/research8h/branch_flow_strict_energy/seed_26093200_proposal/hour_125.json,557c73e4361b89842371e34863da45b4eeeef70060d91a32c1c1969d11192426,70940
results/research8h/branch_flow_strict_energy/seed_26093200_proposal/hour_126.json,64fa85bcfe19e0bacc0cd6d9dc14aa3526af0bb270c598427ce8b83c9066b034,70883
results/research8h/branch_flow_strict_energy/seed_26093200_proposal/hour_127.json,a9ead5405626ff9cac6fba6a1fa9edca98877206e675d8eaeb562d65bf0890d8,71186
results/research8h/branch_flow_strict_energy/seed_26093200_proposal/hour_128.json,21e1937438bb34ee875a081493944725afb97d4dfaa65be7f8888d9ac09cbe37,70940
results/research8h/branch_flow_strict_energy/seed_26093200_proposal/hour_129.json,4a967be56e2e9a27f8836eed503c6ef1bd695f6a30c836bef60e17d007fc7d85,70910
results/research8h/branch_flow_strict_energy/seed_26093200_proposal/hour_130.json,7198d8674245e659d82db448b67405c573d60bba7e9f06fea0eebf48e103903c,70919
results/research8h/branch_flow_strict_energy/seed_26093200_proposal/hour_131.json,e4637de0cb9d9e99b6f6360b822e4d2c3b37533e66e8ef9c4609bb0f5c0b8d45,70874
results/research8h/branch_flow_strict_energy/seed_26093200_proposal/hour_132.json,ff815627094387d5d637b43b8f8d030487a5ef6e35feb8d6ee5bb1b1e5dc5bd0,70793
results/research8h/branch_flow_strict_energy/seed_26093200_proposal/hour_133.json,84cb52185cd34cba3f1b83f0f7c81338de399aeede8d547b7536022afaf95c07,71044
results/research8h/branch_flow_strict_energy/seed_26093200_proposal/hour_134.json,b4d9b842f7982b0f71a6028fdfc6fe6b7f4982a971cfd0052464ecd55b7feec5,70778
results/research8h/branch_flow_strict_energy/seed_26093200_proposal/hour_135.json,4b197426105eb7ab5dac897c2f647f8eac305977086aafca37ffc34b840f0474,70662
results/research8h/branch_flow_strict_energy/seed_26093200_proposal/hour_136.json,c72758b33e7b26139a32b0469cab888bd09b5fd240c8b18a37884192cd3476d8,70711
results/research8h/branch_flow_strict_energy/seed_26093200_proposal/hour_137.json,968df2cd7fed848b0c6cc2ed74e4329df652a63723e224a41a049fa1338ce478,70872
results/research8h/branch_flow_strict_energy/seed_26093200_proposal/hour_138.json,a7fdfc714b2cd575c4c74e55b1457762ac52734b6e739abdbdb88064aa7461cc,70522
results/research8h/branch_flow_strict_energy/seed_26093200_proposal/hour_139.json,d7b77c3a7286c2ce622f671cbe21062b23464acc15c78c0d619c6e0ab91da4ec,70866
results/research8h/branch_flow_strict_energy/seed_26093200_proposal/hour_140.json,9cce38f0e47530a0a3a8a0438fae7c42524e576b238ece3febab4b8ba2717e07,70708
results/research8h/branch_flow_strict_energy/seed_26093200_proposal/hour_141.json,6bd53c110ceabf0bcdf4666705694abdc7303c5c3c318e3a133fd9844d4dd286,70685
results/research8h/branch_flow_strict_energy/seed_26093200_proposal/hour_142.json,e3e7f09d832a6601a9efb8874a1619a247f74522e85cb0924c25191b7dd2eb8c,70640
results/research8h/branch_flow_strict_energy/seed_26093200_proposal/hour_143.json,f35e89f3c35fa964d4f3620129e36e8740c69e1c3eb029614391704535b87424,70654
results/research8h/branch_flow_strict_energy/seed_26093200_proposal/hour_144.json,a42961c96f52aab6d28ca44b143b0cd46936e52eff8e674839db46993142b652,70665
results/research8h/branch_flow_strict_energy/seed_26093200_proposal/hour_145.json,388f136290c27e81068d8629a878a41f58a43b1c3ec7d9dab45684b98a320f3f,70670
results/research8h/branch_flow_strict_energy/seed_26093200_proposal/hour_146.json,8b03f74ff40f922951f2c02a3259e23b09514245d488dddc4c77e5ea6810acd9,70666
results/research8h/branch_flow_strict_energy/seed_26093200_proposal/hour_147.json,afc019b2935dc0eb3d5d02346385b25f686bd06ae618d17e0b66655cf72759c6,70659
results/research8h/branch_flow_strict_energy/seed_26093200_proposal/hour_148.json,2c521844d9b57cf981fdc0e3a3eb577bb3859eb3053dc976d4882eb40845b6b5,70729
results/research8h/branch_flow_strict_energy/seed_26093200_proposal/hour_149.json,ee9603e5541e8c2aef54223f5fa690915f4d0e4c962c9c9a895acda5c404cf9b,70914
results/research8h/branch_flow_strict_energy/seed_26093200_proposal/hour_150.json,3460a0c062f2b43865341c75b0c409da56d499a3009e4e07c84742c380473d58,70855
results/research8h/branch_flow_strict_energy/seed_26093200_proposal/hour_151.json,d2a6dc7451927f389d68f60dbdf4f3d75cc951b11138e4a54118b13a652cb105,71210
results/research8h/branch_flow_strict_energy/seed_26093200_proposal/hour_152.json,622e4f2364f77aab9d2ee6ea6c2a3f13e1aff32b86cf445588cf9a28f2480641,70706
results/research8h/branch_flow_strict_energy/seed_26093200_proposal/hour_153.json,44759d365b5a2eff4be98ee72f5fe0fb04fec36769f94464c7c3bdef56767f47,70961
results/research8h/branch_flow_strict_energy/seed_26093200_proposal/hour_154.json,2a39dcb7a7e6813a719d632ee8b14c19cdedf69366bb7a869688bc0fc60d380f,70883
results/research8h/branch_flow_strict_energy/seed_26093200_proposal/hour_155.json,5e3c4e747c0656cd93a06bc391da88a8c869d9d23dd6027782e6c1b68626ee32,70674
results/research8h/branch_flow_strict_energy/seed_26093200_proposal/hour_156.json,a84c7c9cebd35f78e99a795fa41d79d4cf1414915b7f1494b38f95a5882db652,70704
results/research8h/branch_flow_strict_energy/seed_26093200_proposal/hour_157.json,bd346656b3a42ba87b2708c6def72f1f7e55aec2888f99b03c90ea22c39f5fd7,70914
results/research8h/branch_flow_strict_energy/seed_26093200_proposal/hour_158.json,f12482e13107dcd86bfa8013eeae8a26caa8294586ff7c7c8cff825a146120d5,71030
results/research8h/branch_flow_strict_energy/seed_26093200_proposal/hour_159.json,03dc2178dc23b89894b9adc1ec79582ec5844ac8cc3d6272b3b4da3a6e19093a,71014
results/research8h/branch_flow_strict_energy/seed_26093200_proposal/hour_160.json,0c27e564d7c7bc2ede4b41e3c6aca693de80ef985601714f06772ec4dc7edef2,70315
results/research8h/branch_flow_strict_energy/seed_26093200_proposal/hour_161.json,3f2f94ca0631f4e74b5a68daee54f5da705ddbe699dc9a587cd213cefd6b6695,70746
results/research8h/branch_flow_strict_energy/seed_26093200_proposal/hour_162.json,ffc06070b681ff845e09df9d1a02127656668f7f13d36cccb3f6bb74e3edc1bc,70480
results/research8h/branch_flow_strict_energy/seed_26093200_proposal/hour_163.json,b97a04a1a40d071fe70fa60fcf8cc0c53ef01fe43869aba232be678a4a24d62b,70770
results/research8h/branch_flow_strict_energy/seed_26093200_proposal/hour_164.json,a0050ab5edea2ab44e86c3a47e72411286da365f63fb81621729bc1d9d7c4f22,70855
results/research8h/branch_flow_strict_energy/seed_26093200_proposal/hour_165.json,cdd5ead90ce0124974b0a961d9fa2d863166dcd3fab2f436693adaaeff088c4c,70683
results/research8h/branch_flow_strict_energy/seed_26093200_proposal/hour_166.json,9c027228a68103434bfe088877006eb282310df348a4f719ffff922a324b3bed,70684
results/research8h/branch_flow_strict_energy/seed_26093200_proposal/hour_167.json,ba29c240aad9a44ab14ef1317881cd6ebfdec3c1f9181255eb3cc892de81bfb3,70669
results/research8h/branch_flow_strict_energy/seed_26093200_proposal/hour_outcomes.json,d7dc4864d5dce9fb3715b20aed168a5096cf24497122400aaff5d1b1212dd338,10479
results/research8h/branch_flow_strict_energy/seed_26093200_proposal/integrality.npz,faf9f5cc4b5aa1fef0ba7aef6a81bc9ad58babb2b423fa274470f0933770f124,264
results/research8h/branch_flow_strict_energy/seed_26093200_proposal/launch_decision.json,e7972198a816172c4fa2c227a48486d57f9564f89b1c1dd7ad1c49472f17cf02,117
results/research8h/branch_flow_strict_energy/seed_26093200_proposal/matrix.npz,8af3fb3b1e500e12211a6e9fbb8f0945aebf750e33969410c2c3b22756a2cfdd,92449
results/research8h/branch_flow_strict_energy/seed_26093200_proposal/model_metadata.json,559216cae72e18dd64f4b1c70774497fe715675a2ac204c34959dac898ee1871,173
results/research8h/branch_flow_strict_energy/seed_26093200_proposal/numerical_point.npz,a38f5d30222b8a7737d630df758fe3cfeb26b3efa4afe778ea4d2b8a42c717ea,81163
results/research8h/branch_flow_strict_energy/seed_26093200_proposal/objective.npz,eae9a25016fac2e2c5e797b585649614eee1e56e5270ae55e4dac1c6f0872d4f,1090
results/research8h/branch_flow_strict_energy/seed_26093200_proposal/raw_row_dual.npz,b1bf1963a01924204b8aadd9cbd7d4c72efcf03b550cfc994a9cc8a94122c107,3511
results/research8h/branch_flow_strict_energy/seed_26093200_proposal/row_metadata.csv.gz,d86c767195ce9d646132e6b459c0843e830a932493a024b53e07cf8d0b94dbab,132149
results/research8h/branch_flow_strict_energy/seed_26093200_proposal/solver.log,58ed8847c1b31a1b6e4e83b6284eeb7a180d457c80b5d93721b278e92a5d23bd,715
results/research8h/branch_flow_strict_energy/seed_26093200_proposal/solver_result.json,58469ab6be80865e0e753082429d5656e4a69fe6392acd6dd47b2929a4c24fd3,315
results/research8h/branch_flow_strict_energy/seed_26093201/basis.json,13d259ebc6bfe649ea4767edd9ae92fc780c1636da68c4447ad2c61eab7f19ad,958754
results/research8h/branch_flow_strict_energy/seed_26093201/bounds.npz,c5309400c819a7848410c25efe5aaea916520cbd74c9371bc459776fe263becd,50970
results/research8h/branch_flow_strict_energy/seed_26093201/cap_deletion.json,bfbe63751365e00345d410b1a30e5501d4ebb5068f72dc110390757e6ee25615,403503
results/research8h/branch_flow_strict_energy/seed_26093201/fixed_schedule.json,9146f6c25806cffd5cf8b885751cb79ecaf5471e6b39a6d5bc5c1190d806c706,1291165
results/research8h/branch_flow_strict_energy/seed_26093201/graph.json,26b2c627a197f1c935ed743b3824e02d16b563162b79991cc0ed4f40de491c3a,13573
results/research8h/branch_flow_strict_energy/seed_26093201/integrality.npz,b7edefe877df7e0ca60056219002a63ead96c78926a403cb8e4d697f2a67838c,286
results/research8h/branch_flow_strict_energy/seed_26093201/launch_decision.json,3f88eb4fc8993b3e44cca7dcc61b616bfe696002676d3f022ef2c0d33a21a7d3,117
results/research8h/branch_flow_strict_energy/seed_26093201/lower_+1_projected.json,0e80a04d9aa3035bc7842237bd2d0c6174ad7b3091d9a9da068fb2dd63259aaa,1509395
results/research8h/branch_flow_strict_energy/seed_26093201/lower_+1_raw.json,f927994d2c6eef3d45102f9376aa9ba8c2b0c25c34b9ebf24a9c51739618b0aa,341862
results/research8h/branch_flow_strict_energy/seed_26093201/lower_-1_projected.json,defbfbcfeaa4649f63bfde3a0f1c0b89c288fef6302f73541c8ee06c41321e08,1525438
results/research8h/branch_flow_strict_energy/seed_26093201/lower_-1_raw.json,14580085a7ea379c931debf3ce91eec10a7cf0f015df086e6e1149a0026577b6,341724
results/research8h/branch_flow_strict_energy/seed_26093201/lower_bound.json,0adc8869ef2a57793f5f5f447ff78a486ce2a700e010d72adf084f00f304bd62,663
results/research8h/branch_flow_strict_energy/seed_26093201/lower_zero.json,2b1f0b2d3e26f6d196522d966e518b9190241a4c855f651df8a2d364a97ac22c,463829
results/research8h/branch_flow_strict_energy/seed_26093201/matrix.npz,1a2d01f03b4115793467c0f28c900db565bec012c469c13824e1ad1970804643,201064
results/research8h/branch_flow_strict_energy/seed_26093201/model_metadata.json,0798795df7b5673571526ad8c1eef2f1b9fb661669d684d8cb41431dbf983c69,2952
results/research8h/branch_flow_strict_energy/seed_26093201/native_inputs.npz,dcb27717a55c3c4548faa722f8e2f88cfbffd1e963f3ca5bf33e93e7c34e964e,26557
results/research8h/branch_flow_strict_energy/seed_26093201/native_spec.json,9a2c78233792adb44a3a50ba7510769185457660551f92892941eeda1bacffd3,18523
results/research8h/branch_flow_strict_energy/seed_26093201/numerical_point.npz,4c546ba0ed1452dcbf999e25ac289596ea046e5550f2b7af8e72cee957a55277,84824
results/research8h/branch_flow_strict_energy/seed_26093201/objective.npz,f104697baf043a1c57e6c757164e8cc705b5cbddff44950fb11ef1c2240ab980,912
results/research8h/branch_flow_strict_energy/seed_26093201/permutation.csv,dd41797ff4b27820d9ba8ca7159ee4b6a0636a8d19f1c955fb3ed5b7f9fe6fa2,2361
results/research8h/branch_flow_strict_energy/seed_26093201/rational_point.json,17c4aef80fdd68798cae6b543a8e43f8afbba5f337183fdb0d4261d0f878fafc,10538548
results/research8h/branch_flow_strict_energy/seed_26093201/raw_row_dual.npz,80b4bc9222187f9f1c2723a43a8ac5d3c6a7592d1859025c8d19b63bd08fe784,12103
results/research8h/branch_flow_strict_energy/seed_26093201/row_metadata.csv.gz,715733db49fb35a37cbe7e97c8bf11cce8cbf2d5eb7538cf06b350f21fbc87a2,218626
results/research8h/branch_flow_strict_energy/seed_26093201/solver.log,bceddc1be3796fd468e6e856dcb3645922de9f9837413cbcf5f0fee99e25cf2e,716
results/research8h/branch_flow_strict_energy/seed_26093201/solver_result.json,374826cf91b03a29903a19a9c44585682a74161aa7e060ec9ff003a799bf312a,305
results/research8h/branch_flow_strict_energy/seed_26093201/strict_uncapped_point_check.json,dca1da786a2b5a5f990324870a3e1daa39deaaa4a2037e4ca8bafbc18b28c68d,2401
results/research8h/branch_flow_strict_energy/seed_26093201/upper_bound.json,c8abe3c7706920b877cd7a5bded86dfcf13a2d202a0589dba7ffd708725a0ed8,925
results/research8h/branch_flow_strict_energy/seed_26093201_proposal/basis.json,1c47101233310b421de06634728a306ac39db46bed8a24473753145d859edc78,536834
results/research8h/branch_flow_strict_energy/seed_26093201_proposal/bounds.npz,5c41ecbced354117cb63506e371ff8f2cd22df1486819f173e4d78214d3dd1bb,50829
results/research8h/branch_flow_strict_energy/seed_26093201_proposal/constant_rows.json,2be70c91438540d87e36ce7a75e39674cfb8f6123bbe50e7d7b6b84037c00d47,3451809
results/research8h/branch_flow_strict_energy/seed_26093201_proposal/exact_blocks.json.gz,33459a9aa861aa70184daab70ad12f0ff8041904ce068968f717ce71ebd7929f,485682
results/research8h/branch_flow_strict_energy/seed_26093201_proposal/hour_000.json,ff2badfac327dff71baa5ef4be59748d76530309455c44f7df53b616080549c3,70504
results/research8h/branch_flow_strict_energy/seed_26093201_proposal/hour_001.json,72c243e525766bc3a5327fc7739617213b66b2472f02118963db4f92bb3e4e89,70522
results/research8h/branch_flow_strict_energy/seed_26093201_proposal/hour_002.json,b66d0a707149235dbd88d3322355e989d58ba0d838a7123fce62e5b327156d51,70561
results/research8h/branch_flow_strict_energy/seed_26093201_proposal/hour_003.json,725937bfa793345d31e2ece6e8c5a317a5f8e655788eaedaeb596a10e2303a5d,70539
results/research8h/branch_flow_strict_energy/seed_26093201_proposal/hour_004.json,39c10320e645bd7c62ca2e223e674d8ca58c492f26bdcaf76a8247e626cec4d4,70623
results/research8h/branch_flow_strict_energy/seed_26093201_proposal/hour_005.json,d61c03f164a13a0b77ff9de187f0db58a6d98d5d940a059d03ea06eca93a1d32,70801
results/research8h/branch_flow_strict_energy/seed_26093201_proposal/hour_006.json,6b36f5437d5a03a34f8a6cdca0dffabbbfefbe5c1b904eea0be4b18fb953d314,70852
results/research8h/branch_flow_strict_energy/seed_26093201_proposal/hour_007.json,2a0824e7b3011791890a5f81fc8cbfeca7598f558741c3297fc5528877f5c020,71384
results/research8h/branch_flow_strict_energy/seed_26093201_proposal/hour_008.json,49c10ad871fa7af6adfceb6a583579538ffafa37f558eb9dcbd24e8ece1981f0,71143
results/research8h/branch_flow_strict_energy/seed_26093201_proposal/hour_009.json,08198553a446ddb8f3913dd98e88195df4a2a2160078d612908fcc4bc0102e60,71258
results/research8h/branch_flow_strict_energy/seed_26093201_proposal/hour_010.json,77b8fdc05d5ed618740e8038a22a53ff299a17c1583d2ca1180a7d25a239ae86,71220
results/research8h/branch_flow_strict_energy/seed_26093201_proposal/hour_011.json,6ac2edfca44942e4c782dd6cfd2271a29dda5d704dc16ab8c1c0494aa469f9df,71153
results/research8h/branch_flow_strict_energy/seed_26093201_proposal/hour_012.json,812b0ce388a4c290084da88983bd6812b57ec0e9d8f9956920d5c1ececb68442,71080
results/research8h/branch_flow_strict_energy/seed_26093201_proposal/hour_013.json,ef1cfec4f3b7b519596f000bb4639fe7ca7297b553c2afadbebdaabd303706cd,71239
results/research8h/branch_flow_strict_energy/seed_26093201_proposal/hour_014.json,8e9fa480439f5db59cb279cbe5de9f29d05e87e2e268388bdd71bab115b4ece0,71138
results/research8h/branch_flow_strict_energy/seed_26093201_proposal/hour_015.json,c2ead3ed5e99481676c5c155bc8e54a93733177ad3103972838e6d36674f7107,71201
results/research8h/branch_flow_strict_energy/seed_26093201_proposal/hour_016.json,80893b61da84625a6061f34c7c029df429dc6c2350a92f5e6136cb7494f58b72,70911
results/research8h/branch_flow_strict_energy/seed_26093201_proposal/hour_017.json,932672b9fb4d57a0e73ff1376c3b7504fdf5a5b0a53d0a8e6637c539890198fd,70712
results/research8h/branch_flow_strict_energy/seed_26093201_proposal/hour_018.json,a027cd5beadb9d8fec33e519cec4d4d78b3e82220860e208a1b3fc264d0e9cc0,70358
results/research8h/branch_flow_strict_energy/seed_26093201_proposal/hour_019.json,60e07c9436883825486531c8cec7bbebfa440434b31fa698cf774e86926eaa7c,70763
results/research8h/branch_flow_strict_energy/seed_26093201_proposal/hour_020.json,f026b9e87fb654470b549b9c71e51ba35610a84dfc9736cdcb33cabd04a4fe36,70732
results/research8h/branch_flow_strict_energy/seed_26093201_proposal/hour_021.json,f70517962b7066e5b0a564b5cdac5db4f1c815257bb5f67184155f859c761c45,70706
results/research8h/branch_flow_strict_energy/seed_26093201_proposal/hour_022.json,61b2b8578052eebb7ce3f4f166ad3731892f8a5332fae55a834cee11bcd19b94,70792
results/research8h/branch_flow_strict_energy/seed_26093201_proposal/hour_023.json,534f82145f654cd759e6da4f835bb5461970c9598946fb0c0bf50445e0e05ddd,70599
results/research8h/branch_flow_strict_energy/seed_26093201_proposal/hour_024.json,1e88d6ca27d56f57cb8f326bfcab408b16dfaf27b4ffb9d5dd268797f0a76d28,70663
results/research8h/branch_flow_strict_energy/seed_26093201_proposal/hour_025.json,6bd19c0bf8eb5cd0acf186f119d6e263aae8f945f4c7c7297e93951b788b0751,70690
results/research8h/branch_flow_strict_energy/seed_26093201_proposal/hour_026.json,bf4553da144c1d30279cbc2f36f63ce792c89892ae8f91965ab640671e3e99bc,70680
results/research8h/branch_flow_strict_energy/seed_26093201_proposal/hour_027.json,00edd519778e191ca8ec870ba9a12f6bdc801ef90cc33db235c08c1e0c518bd1,70655
results/research8h/branch_flow_strict_energy/seed_26093201_proposal/hour_028.json,c369ca7da2e5eb45b69e554cf628fa169dd8357310ce3551842fb76c58bd4b53,70708
results/research8h/branch_flow_strict_energy/seed_26093201_proposal/hour_029.json,cfe7abc1a346b36f57dfa6800885c0824cee6e2326acdd4e368a87d05c1b1e43,70917
results/research8h/branch_flow_strict_energy/seed_26093201_proposal/hour_030.json,a3a360a5ab18ae392d3e3540e241a866ff42754cc6c67cf0f49697ec11f19326,70905
results/research8h/branch_flow_strict_energy/seed_26093201_proposal/hour_031.json,b3c456e46777b4fe29bdf58bf9262a01306ec1b5ab8800399253bf66d9d33d86,71008
results/research8h/branch_flow_strict_energy/seed_26093201_proposal/hour_032.json,16e54b9e88f79aeb60aef420f99fa7b339ebfb3c7049c74a5fc9f8c0574fe6fd,70744
results/research8h/branch_flow_strict_energy/seed_26093201_proposal/hour_033.json,62f7035f3e124762f01a6e38399444195043881281fc52231fb0da9e8294c296,70965
results/research8h/branch_flow_strict_energy/seed_26093201_proposal/hour_034.json,63d3b43383bb9d2f0934bf0b572d12ed8418843dcebdeddcfa98efd235b8d6df,70780
results/research8h/branch_flow_strict_energy/seed_26093201_proposal/hour_035.json,4d05255cf6f6debf406d2477c01714b9361f6aa55479492d9690ca6a1ce2ec97,70630
results/research8h/branch_flow_strict_energy/seed_26093201_proposal/hour_036.json,25421a57fd66bf93a1eed248bd612973a2e44c63e9c9ef02fd946c9a5bae23cc,70864
results/research8h/branch_flow_strict_energy/seed_26093201_proposal/hour_037.json,fceb7af927f13d27ff6ef036b537b70e148770dfc25b7176d2e59b6534f94683,70686
results/research8h/branch_flow_strict_energy/seed_26093201_proposal/hour_038.json,b4121d37e3c07e62002ee4d002d96899cf9af67f7e0671aafd5732cca9baf4ea,70672
results/research8h/branch_flow_strict_energy/seed_26093201_proposal/hour_039.json,dc0f14223553efa245dfb1f71fae00bb40dbf7130674a6d4c4bdfa5062f73460,70903
results/research8h/branch_flow_strict_energy/seed_26093201_proposal/hour_040.json,ffd1636d3b7903febc820fe0c432d6158f7cf68e12913fca2de361be0f3283d3,70960
results/research8h/branch_flow_strict_energy/seed_26093201_proposal/hour_041.json,1fa2d458f766dfbe7ba76af4362e9695be748e14eb32b66114a4a6b4dc2a511e,70894
results/research8h/branch_flow_strict_energy/seed_26093201_proposal/hour_042.json,17a241731dcedd37132be28d2cdd4eee4be551f57a331c3fe27c25d58c1f7e9a,70878
results/research8h/branch_flow_strict_energy/seed_26093201_proposal/hour_043.json,6b22add3fc10b35a419ce97776d3043f9d1ee275f3528da68f4a3a961eec1ab4,70890
results/research8h/branch_flow_strict_energy/seed_26093201_proposal/hour_044.json,815f1b6051a9c0c333645b7cf1a669cf84556f7b4d43ecb0b5ecf1e4159286d1,70832
results/research8h/branch_flow_strict_energy/seed_26093201_proposal/hour_045.json,e6dc8c90fe0fae0977254e34d70f3318ee13fd1372155c9628e34ba2257d3e5d,70687
results/research8h/branch_flow_strict_energy/seed_26093201_proposal/hour_046.json,423c7f2e34757d35281eb0f4a97a3e02e30c064afae45a896ccaa72d9c4294d9,70679
results/research8h/branch_flow_strict_energy/seed_26093201_proposal/hour_047.json,6ae8bfdd413cfb9a7e5ca7705dd8baf2962a23ab0ca36ab75e1c7bdbb3b9c6cf,70679
results/research8h/branch_flow_strict_energy/seed_26093201_proposal/hour_048.json,62c6565b3cd67b5a49a79507b38e6da79e2ac9b597b5d69a285c5b8e3da35245,70888
results/research8h/branch_flow_strict_energy/seed_26093201_proposal/hour_049.json,d3fe517f93465494347939db0e75f6811613eae60a4c5d44f86c9d256f5772d0,70687
results/research8h/branch_flow_strict_energy/seed_26093201_proposal/hour_050.json,bfcb0133fc378982bc8fa29341e2a9b131aa94ecfd11335c981e77cc5f8456b9,70753
results/research8h/branch_flow_strict_energy/seed_26093201_proposal/hour_051.json,71fc414551a5cce33bd7d0c45dc3025b1693d4aa06fdcf3501de7f8a50aeb57c,70808
results/research8h/branch_flow_strict_energy/seed_26093201_proposal/hour_052.json,7b3f0568b03465541638ae13114859d1b19389beb7c25d6f833d1b365d4f20b9,70814
results/research8h/branch_flow_strict_energy/seed_26093201_proposal/hour_053.json,d055bdb554c0b5c96e9186da5fe68c89d0bcf47124372137a55237d668a9457d,70723
results/research8h/branch_flow_strict_energy/seed_26093201_proposal/hour_054.json,c2735dde4dd2d76577c45151524b14c18ee8ecde9472c7af6d4ede8c82dd5d3a,70794
results/research8h/branch_flow_strict_energy/seed_26093201_proposal/hour_055.json,e960115a49b949906ab54ff3c5a71899a45e3fb1952440e6973725be1d6fb5d4,71250
results/research8h/branch_flow_strict_energy/seed_26093201_proposal/hour_056.json,cd009091d097bbdd397c8e15165b3afd3cc1452312d2f8370bc2cacd566ecc29,70802
results/research8h/branch_flow_strict_energy/seed_26093201_proposal/hour_057.json,d6a3fa38bce6a643b0b64af345d01f755a809acde1f1e16165c9d52f3ae9c2ab,71318
results/research8h/branch_flow_strict_energy/seed_26093201_proposal/hour_058.json,4916a6d68dc81b91935905d5393da882cacc88aa42d4c39850ada5e45af88643,71333
results/research8h/branch_flow_strict_energy/seed_26093201_proposal/hour_059.json,d36c5b19a41ec2bb3b53f61e03c6d6aefdd28a82606f93719fe80ac916ba5690,70947
results/research8h/branch_flow_strict_energy/seed_26093201_proposal/hour_060.json,0cca87346fc9c9dfb0408aadf6938f5202bae782ff62d35aadfd4c1dae0853fe,71457
results/research8h/branch_flow_strict_energy/seed_26093201_proposal/hour_061.json,c33a5a4c7227804cbeaf6d168a09ce527d7a2fa3df4fbdc81a49508664c79842,71240
results/research8h/branch_flow_strict_energy/seed_26093201_proposal/hour_062.json,982c3375d40c1b5fa93fc79187af72abdada457ac9be1523a82a9f4447b09c2e,70864
results/research8h/branch_flow_strict_energy/seed_26093201_proposal/hour_063.json,070aa8a545e6a191aa0c8c0e415ca44100e0cd38fb3c673bae52757e118fe063,71165
results/research8h/branch_flow_strict_energy/seed_26093201_proposal/hour_064.json,45dd72465fab6cbf5865c44c1fb9a8b12c454a3458ba5e6d1c4a4db981d7ea7f,70878
results/research8h/branch_flow_strict_energy/seed_26093201_proposal/hour_065.json,5d16b858fe02bc8fc1fb4678bfc6ebf92b988b65da2fe50db713b1e5a25120f9,70773
results/research8h/branch_flow_strict_energy/seed_26093201_proposal/hour_066.json,834f2d1e6faa2ae476be62d317ba15d8c70a912e471fabe4cc827d78b4328fb2,70918
results/research8h/branch_flow_strict_energy/seed_26093201_proposal/hour_067.json,b7e20fe76508b76b70e27998d7b4978521a58e175822fceefbd56cb9653c672a,70849
results/research8h/branch_flow_strict_energy/seed_26093201_proposal/hour_068.json,de06bb7d1e5fdc9f463d68c7de413712379619fe4e07d8ac7373aa4c9ca98f90,70721
results/research8h/branch_flow_strict_energy/seed_26093201_proposal/hour_069.json,41c77b41c6a71f35442d360df49fba594ccb95c4c77743e8d746e288701beb19,70693
results/research8h/branch_flow_strict_energy/seed_26093201_proposal/hour_070.json,02c4526b19da5b03cc895aad48a345b09fc54853309d3666c2666c2b00a655e7,70670
results/research8h/branch_flow_strict_energy/seed_26093201_proposal/hour_071.json,3ec8d752f3b97bf1c2c181abeace12c46014cb086278d6f544e663576d2c4948,70686
results/research8h/branch_flow_strict_energy/seed_26093201_proposal/hour_072.json,bc22fa9910d7bfd465719e81abc6978054310463ab5d1dbf7225e16311c2e916,70682
results/research8h/branch_flow_strict_energy/seed_26093201_proposal/hour_073.json,8280208b2d5dddc6df79635b461d716bfb59db75383487b5ff242cf2d0893cd8,70826
results/research8h/branch_flow_strict_energy/seed_26093201_proposal/hour_074.json,1084550c0bb564494cc753a771c52ceec0dcd8ef1f739e4bc9876c262a1692cd,70840
results/research8h/branch_flow_strict_energy/seed_26093201_proposal/hour_075.json,69be3c23b474a574da816c03bf4c8f4c6629b88880d7aefecc867162d08f0c43,70797
results/research8h/branch_flow_strict_energy/seed_26093201_proposal/hour_076.json,fdbe545a1da547526c9a301470fc1d2f5ca7a483879ddd8cfe5d911de1768918,70789
results/research8h/branch_flow_strict_energy/seed_26093201_proposal/hour_077.json,242e9a73abe4f28ae5aa39f9dfe1a9cbc12831942942bf06b74386b06bf5c4f4,70856
results/research8h/branch_flow_strict_energy/seed_26093201_proposal/hour_078.json,9621202dc34ef26e07ed17821aa7178f2a73c730583781fb28590dc735924e3c,70685
results/research8h/branch_flow_strict_energy/seed_26093201_proposal/hour_079.json,8f321983cd98b698d80479c0a28728dd48020344fe824f25602d152691cc8a62,70904
results/research8h/branch_flow_strict_energy/seed_26093201_proposal/hour_080.json,d0ce8c7b419dab6992079915cd07a1e457d713482e1f0535d64342aaa449562c,70723
results/research8h/branch_flow_strict_energy/seed_26093201_proposal/hour_081.json,065948552064c78a94670aee6c93495c66eed91c95a117d9abbb65587b9bae95,70929
results/research8h/branch_flow_strict_energy/seed_26093201_proposal/hour_082.json,862d817d003ecb9c2d8e3aef80b7eee9af04b43246f40f79df753f4db87ed543,71078
results/research8h/branch_flow_strict_energy/seed_26093201_proposal/hour_083.json,7b5dea67f4bee55d844aea27599adbf12b97f396119a9a7e56791f3d0d736ff3,70679
results/research8h/branch_flow_strict_energy/seed_26093201_proposal/hour_084.json,f683190011d66037ebef8b15877142d0eee0ba947cec0e92685a1c9c8fd7a489,70680
results/research8h/branch_flow_strict_energy/seed_26093201_proposal/hour_085.json,50e206ea37f5c5ebb8978a5443f5970c2c928c0b02a0fc680ed229ad4cba231a,70856
results/research8h/branch_flow_strict_energy/seed_26093201_proposal/hour_086.json,e4ce1dd3f1f7093752933ecc419b6a75c33a5ec74e66519de05eecabf4859371,70677
results/research8h/branch_flow_strict_energy/seed_26093201_proposal/hour_087.json,972241debb897be3c0f66c655a88d9b3e5e6a6d84342f63c6eb3903f48944181,71354
results/research8h/branch_flow_strict_energy/seed_26093201_proposal/hour_088.json,831198f5e55549d95d24d887ea856a2a0c86a5284549978f877e4a41c15cacd0,70827
results/research8h/branch_flow_strict_energy/seed_26093201_proposal/hour_089.json,2660450a2f0f58ef2d0a0110e7a06fd1837b377f6f99d3839bc6c783af43ca5f,70842
results/research8h/branch_flow_strict_energy/seed_26093201_proposal/hour_090.json,95ed59dfd2eca1e5b2fbf1504eef477de894d0ee1852cfe06f35780d4dda6ca4,70824
results/research8h/branch_flow_strict_energy/seed_26093201_proposal/hour_091.json,e65285aa2660b94471f2b72d23e40b3b75b38a4b36f1c9026999258f7202486e,70846
results/research8h/branch_flow_strict_energy/seed_26093201_proposal/hour_092.json,1e41ceff9ed5f6b2c44bf39cfffc5547c21a8a7ab15a2dbfd38a37edae74058e,70749
results/research8h/branch_flow_strict_energy/seed_26093201_proposal/hour_093.json,b36f31d5503bc4119bd4acd3c83f92873ebfbff7022324399dd680f837d22260,70668
results/research8h/branch_flow_strict_energy/seed_26093201_proposal/hour_094.json,0b49c7508854497ffbeb408c28405ca5dd35da831891a76a681a99fc09121aea,70810
results/research8h/branch_flow_strict_energy/seed_26093201_proposal/hour_095.json,65195e57750029cc8e6fd2011c4b996b5a010dace35a246fc2979a6fa7b82279,70789
results/research8h/branch_flow_strict_energy/seed_26093201_proposal/hour_096.json,502a5db5368e8b7afbaf1e7226b07ee2807b2f3a80344b0d3b95837086beb214,70695
results/research8h/branch_flow_strict_energy/seed_26093201_proposal/hour_097.json,5ff1d12704acd58e76ade2f7d5028703101c5a2b8c13b666c926389be28743f7,70669
results/research8h/branch_flow_strict_energy/seed_26093201_proposal/hour_098.json,163450a2f6b9eafeb8de09612a9059fc6af7f722065249bceb24ad55b4fd9e26,70660
results/research8h/branch_flow_strict_energy/seed_26093201_proposal/hour_099.json,b24adc7ab0daffb40a7c437645df060dd454c33580141f148b8ef50a7ebddb93,70685
results/research8h/branch_flow_strict_energy/seed_26093201_proposal/hour_100.json,8cfe3e394ce66b72891403111cb742573e16bf9f64269a34ba1a57b8db4df2ac,70672
results/research8h/branch_flow_strict_energy/seed_26093201_proposal/hour_101.json,4921181e45034a5fbfa4db40d4a68e660b89adf67e929d87b295f24c780fc429,70692
results/research8h/branch_flow_strict_energy/seed_26093201_proposal/hour_102.json,5011aed79d816bfb983cfa3fdd8ad2df8c646f74a703d927302627ad9cf343c3,70840
results/research8h/branch_flow_strict_energy/seed_26093201_proposal/hour_103.json,b90eae1aefcd2c2ca9708eeb1ca365eb56bf3d2eb591af769c1f794a3885d5e2,70892
results/research8h/branch_flow_strict_energy/seed_26093201_proposal/hour_104.json,c1591601a6ce1ad4c26a17b68fdfa509383c2fd35ed563ab8e7e2a60091c42ae,71402
results/research8h/branch_flow_strict_energy/seed_26093201_proposal/hour_105.json,53775e6cf70966ec3dd9d933e4983436d72c7c92fd2e57736136aae71100a7bb,71099
results/research8h/branch_flow_strict_energy/seed_26093201_proposal/hour_106.json,a577e452d84860ed7c07ab96972c8c9c0935d33cdcd4b29c80a24567a1c5e414,70850
results/research8h/branch_flow_strict_energy/seed_26093201_proposal/hour_107.json,bfb91e083aa80c8b704ab5dcf4a9fd1a2686abec13180cafc2c85dc96499cc0a,71353
results/research8h/branch_flow_strict_energy/seed_26093201_proposal/hour_108.json,4c0948f82f1138573ec6e0f47be8e6c1bc3c6457d59ad74e19c6d75f00bc933e,70829
results/research8h/branch_flow_strict_energy/seed_26093201_proposal/hour_109.json,07b8beba3ea6df345881a167213c0af68292ad6a9bc53d3a2dfafb46d80e42e0,70996
results/research8h/branch_flow_strict_energy/seed_26093201_proposal/hour_110.json,d5f3404fd95661985fc0217e8b7bbd555f4c5fb3d0b3f4bbe20837676fe1a9d4,70808
results/research8h/branch_flow_strict_energy/seed_26093201_proposal/hour_111.json,579e464b56b5622dd28533db7454689a6fa7efcc8e2dde1462272491017bd739,70903
results/research8h/branch_flow_strict_energy/seed_26093201_proposal/hour_112.json,adac22a6e25e2ffc0057715e8bf00d0fb8ce7c58e12e64e649cefc8767e1c2db,70852
results/research8h/branch_flow_strict_energy/seed_26093201_proposal/hour_113.json,7d9d717fe5ce0bf128ba021be322437af093dd0622283d12e6ca5c3d58f91e04,70838
results/research8h/branch_flow_strict_energy/seed_26093201_proposal/hour_114.json,40e5c210eebb07f7d1f7da4e36f6592de867788fff1cb03ce9b26091ce2ba501,70855
results/research8h/branch_flow_strict_energy/seed_26093201_proposal/hour_115.json,66241b56acb7d7902619338cbfb26cdd54410a5d6a9cd6f26d1c15e7df6abc4b,70790
results/research8h/branch_flow_strict_energy/seed_26093201_proposal/hour_116.json,02b7e87903c7ae05e5c199d5e71d7fe1552b7d44dc7fc0657ee930934ef8fd3f,70820
results/research8h/branch_flow_strict_energy/seed_26093201_proposal/hour_117.json,2ec6cbe7ae9396c2af1f575fae4adb59492c78a2ff1629caa32429d934c3ac01,70796
results/research8h/branch_flow_strict_energy/seed_26093201_proposal/hour_118.json,a9ddbd656ac3c3a600f4bf71be381a50201a1dc35db33ed11c38829047826859,70690
results/research8h/branch_flow_strict_energy/seed_26093201_proposal/hour_119.json,ef8a77dfedb02ab69077b63366f5fd19ddcae59e81f196284f0361aa40e8edb0,70682
results/research8h/branch_flow_strict_energy/seed_26093201_proposal/hour_120.json,e440cf6678fe72f3f088a709188c29b5923f05a87220181c5ae3f6b927786a34,70683
results/research8h/branch_flow_strict_energy/seed_26093201_proposal/hour_121.json,4435d9635b26a8f3b7f19e26d94f1c285512fc2243ef72804bce61be84b21226,70690
results/research8h/branch_flow_strict_energy/seed_26093201_proposal/hour_122.json,2af50ed02f8f008923b93b991ae4d8f4bb47dcd773cd63e30396743bafe7e25f,70678
results/research8h/branch_flow_strict_energy/seed_26093201_proposal/hour_123.json,4057b3b26c4557f84b54ab97800ffb0d97eca5f79c6fc0901af44f2b584a5ab2,70698
results/research8h/branch_flow_strict_energy/seed_26093201_proposal/hour_124.json,cd9f384c304b983c60c4fd5bbd5de8cdf4f0e4adc1a6d10bdb27d8c78318ef38,70747
results/research8h/branch_flow_strict_energy/seed_26093201_proposal/hour_125.json,1c2453f0437d049604dbdb4cd74f0a9abb1ad92ebaafc1b96154139060493912,70939
results/research8h/branch_flow_strict_energy/seed_26093201_proposal/hour_126.json,64fa85bcfe19e0bacc0cd6d9dc14aa3526af0bb270c598427ce8b83c9066b034,70883
results/research8h/branch_flow_strict_energy/seed_26093201_proposal/hour_127.json,a9ead5405626ff9cac6fba6a1fa9edca98877206e675d8eaeb562d65bf0890d8,71186
results/research8h/branch_flow_strict_energy/seed_26093201_proposal/hour_128.json,6aa74b6c88e49f04a1308b231cfbb8a5bdc143a99f1e16a381a8c2b3f70160cb,70791
results/research8h/branch_flow_strict_energy/seed_26093201_proposal/hour_129.json,4a967be56e2e9a27f8836eed503c6ef1bd695f6a30c836bef60e17d007fc7d85,70910
results/research8h/branch_flow_strict_energy/seed_26093201_proposal/hour_130.json,7198d8674245e659d82db448b67405c573d60bba7e9f06fea0eebf48e103903c,70919
results/research8h/branch_flow_strict_energy/seed_26093201_proposal/hour_131.json,e4637de0cb9d9e99b6f6360b822e4d2c3b37533e66e8ef9c4609bb0f5c0b8d45,70874
results/research8h/branch_flow_strict_energy/seed_26093201_proposal/hour_132.json,ff815627094387d5d637b43b8f8d030487a5ef6e35feb8d6ee5bb1b1e5dc5bd0,70793
results/research8h/branch_flow_strict_energy/seed_26093201_proposal/hour_133.json,84cb52185cd34cba3f1b83f0f7c81338de399aeede8d547b7536022afaf95c07,71044
results/research8h/branch_flow_strict_energy/seed_26093201_proposal/hour_134.json,b4d9b842f7982b0f71a6028fdfc6fe6b7f4982a971cfd0052464ecd55b7feec5,70778
results/research8h/branch_flow_strict_energy/seed_26093201_proposal/hour_135.json,2964a3ca7510cb006f8a67854c329510bb7abe0de4db8d390d7f1b134044d6db,70672
results/research8h/branch_flow_strict_energy/seed_26093201_proposal/hour_136.json,c72758b33e7b26139a32b0469cab888bd09b5fd240c8b18a37884192cd3476d8,70711
results/research8h/branch_flow_strict_energy/seed_26093201_proposal/hour_137.json,a90d706b4e1e618ceda8b1497ee1c137601c41f2a7305e7b9a524d67ff1b4c12,70749
results/research8h/branch_flow_strict_energy/seed_26093201_proposal/hour_138.json,f0938c26dd9b45906d6638fd0e814c088ee34ed55bdf6ceaac70540200f2140e,70561
results/research8h/branch_flow_strict_energy/seed_26093201_proposal/hour_139.json,e85979d3a9505b2e3cc728f917416a49424b88c7f45af097f972287fcc367161,70885
results/research8h/branch_flow_strict_energy/seed_26093201_proposal/hour_140.json,9cce38f0e47530a0a3a8a0438fae7c42524e576b238ece3febab4b8ba2717e07,70708
results/research8h/branch_flow_strict_energy/seed_26093201_proposal/hour_141.json,6bd53c110ceabf0bcdf4666705694abdc7303c5c3c318e3a133fd9844d4dd286,70685
results/research8h/branch_flow_strict_energy/seed_26093201_proposal/hour_142.json,e3e7f09d832a6601a9efb8874a1619a247f74522e85cb0924c25191b7dd2eb8c,70640
results/research8h/branch_flow_strict_energy/seed_26093201_proposal/hour_143.json,f35e89f3c35fa964d4f3620129e36e8740c69e1c3eb029614391704535b87424,70654
results/research8h/branch_flow_strict_energy/seed_26093201_proposal/hour_144.json,a42961c96f52aab6d28ca44b143b0cd46936e52eff8e674839db46993142b652,70665
results/research8h/branch_flow_strict_energy/seed_26093201_proposal/hour_145.json,388f136290c27e81068d8629a878a41f58a43b1c3ec7d9dab45684b98a320f3f,70670
results/research8h/branch_flow_strict_energy/seed_26093201_proposal/hour_146.json,8b03f74ff40f922951f2c02a3259e23b09514245d488dddc4c77e5ea6810acd9,70666
results/research8h/branch_flow_strict_energy/seed_26093201_proposal/hour_147.json,afc019b2935dc0eb3d5d02346385b25f686bd06ae618d17e0b66655cf72759c6,70659
results/research8h/branch_flow_strict_energy/seed_26093201_proposal/hour_148.json,86450e65ca0a471a76f1527a8f85808ea5f05ab9b84ca3a0fee53e971cc32b14,70728
results/research8h/branch_flow_strict_energy/seed_26093201_proposal/hour_149.json,eb412aa3b93fd4a2e98b9e6b13fecea8679d625ff52ad7aac3a9b287fc0c6476,70857
results/research8h/branch_flow_strict_energy/seed_26093201_proposal/hour_150.json,3fa3d5f4896c69efaad063ad5f3081cb1652bd0b1b9d44679e15cb5b3e81aeb1,70768
results/research8h/branch_flow_strict_energy/seed_26093201_proposal/hour_151.json,d2a6dc7451927f389d68f60dbdf4f3d75cc951b11138e4a54118b13a652cb105,71210
results/research8h/branch_flow_strict_energy/seed_26093201_proposal/hour_152.json,622e4f2364f77aab9d2ee6ea6c2a3f13e1aff32b86cf445588cf9a28f2480641,70706
results/research8h/branch_flow_strict_energy/seed_26093201_proposal/hour_153.json,44759d365b5a2eff4be98ee72f5fe0fb04fec36769f94464c7c3bdef56767f47,70961
results/research8h/branch_flow_strict_energy/seed_26093201_proposal/hour_154.json,5aed51b76fcd63fd7388073a5854d943a061419fd524a9480af6a0bb0100ad1d,70853
results/research8h/branch_flow_strict_energy/seed_26093201_proposal/hour_155.json,5e3c4e747c0656cd93a06bc391da88a8c869d9d23dd6027782e6c1b68626ee32,70674
results/research8h/branch_flow_strict_energy/seed_26093201_proposal/hour_156.json,a84c7c9cebd35f78e99a795fa41d79d4cf1414915b7f1494b38f95a5882db652,70704
results/research8h/branch_flow_strict_energy/seed_26093201_proposal/hour_157.json,bd346656b3a42ba87b2708c6def72f1f7e55aec2888f99b03c90ea22c39f5fd7,70914
results/research8h/branch_flow_strict_energy/seed_26093201_proposal/hour_158.json,f12482e13107dcd86bfa8013eeae8a26caa8294586ff7c7c8cff825a146120d5,71030
results/research8h/branch_flow_strict_energy/seed_26093201_proposal/hour_159.json,da24c21315d4e222903fa1968c6dfbc2d3fea4e939ed3f36b38e704e4a52eaee,70933
results/research8h/branch_flow_strict_energy/seed_26093201_proposal/hour_160.json,0c27e564d7c7bc2ede4b41e3c6aca693de80ef985601714f06772ec4dc7edef2,70315
results/research8h/branch_flow_strict_energy/seed_26093201_proposal/hour_161.json,7e200cc312c2f24dff937b8b2216f2d790ea1ffd645babe69448181d4ebca2da,70756
results/research8h/branch_flow_strict_energy/seed_26093201_proposal/hour_162.json,eb43862e853750ca3cc1705970a47b7b87dcbf63140f2f3fdc948f1f466d3c04,70471
results/research8h/branch_flow_strict_energy/seed_26093201_proposal/hour_163.json,3ae04ebf67dabb41ae07373993ffb9b93aedf547c80bf637a7da5cdcd4df650d,70780
results/research8h/branch_flow_strict_energy/seed_26093201_proposal/hour_164.json,1dafd12e7c56c2d81d3c1241f0dd97229b221eff123fc5efca5c43c6ff175f93,70760
results/research8h/branch_flow_strict_energy/seed_26093201_proposal/hour_165.json,cdd5ead90ce0124974b0a961d9fa2d863166dcd3fab2f436693adaaeff088c4c,70683
results/research8h/branch_flow_strict_energy/seed_26093201_proposal/hour_166.json,9c027228a68103434bfe088877006eb282310df348a4f719ffff922a324b3bed,70684
results/research8h/branch_flow_strict_energy/seed_26093201_proposal/hour_167.json,ba29c240aad9a44ab14ef1317881cd6ebfdec3c1f9181255eb3cc892de81bfb3,70669
results/research8h/branch_flow_strict_energy/seed_26093201_proposal/hour_outcomes.json,d7dc4864d5dce9fb3715b20aed168a5096cf24497122400aaff5d1b1212dd338,10479
results/research8h/branch_flow_strict_energy/seed_26093201_proposal/integrality.npz,faf9f5cc4b5aa1fef0ba7aef6a81bc9ad58babb2b423fa274470f0933770f124,264
results/research8h/branch_flow_strict_energy/seed_26093201_proposal/launch_decision.json,b351315e34807dec508fb17b5208b6af7c1515db6603abceed44986ed91019dc,117
results/research8h/branch_flow_strict_energy/seed_26093201_proposal/matrix.npz,8af3fb3b1e500e12211a6e9fbb8f0945aebf750e33969410c2c3b22756a2cfdd,92449
results/research8h/branch_flow_strict_energy/seed_26093201_proposal/model_metadata.json,559216cae72e18dd64f4b1c70774497fe715675a2ac204c34959dac898ee1871,173
results/research8h/branch_flow_strict_energy/seed_26093201_proposal/numerical_point.npz,72e51ce5c76ac0fa5949a4a9ee0fc6fe62b84706eccc1100a17c632c0df5e4d7,81137
results/research8h/branch_flow_strict_energy/seed_26093201_proposal/objective.npz,eae9a25016fac2e2c5e797b585649614eee1e56e5270ae55e4dac1c6f0872d4f,1090
results/research8h/branch_flow_strict_energy/seed_26093201_proposal/raw_row_dual.npz,44640bb217c650137b240e0cc6b46943295248e563ed42f016e29391e27ca808,3622
results/research8h/branch_flow_strict_energy/seed_26093201_proposal/row_metadata.csv.gz,5f9c4ec88c681950cbaa65e7a2ef33d0e4081694b2708c4a5b2f037ddbc5f03e,132149
results/research8h/branch_flow_strict_energy/seed_26093201_proposal/solver.log,9568bac82c8a0dd85bc80aa47163f8dcf87a267b43753ae4521c8de6a6f52839,714
results/research8h/branch_flow_strict_energy/seed_26093201_proposal/solver_result.json,9d2f85bd0f6b8b4836d0a954a4c4862187237594427255982fcd0c6ac196c592,314
results/research8h/cap_band/before_arithmetic.json,0282eb1cedc8bf4a8efea22d723bf933dafa0a012cc4090c64b8024ed31acc2a,172
results/research8h/cap_band/cap_bands.json,75d00dd09cf99ed11b3130b4b93608612d59708f7044364f283269a121ded29b,3653
results/research8h/cap_band/independent_arithmetic_review.json,9a619ad1d3acc96eeea19ef54aefc9881bd646779b3cb81a50371f07727a47be,1916
results/research8h/cap_band/input_manifest.json,686d407ff94eb2e198656a5edc43aef115492e5ef618a7be1c4f0a0128c92806,997
results/research8h/cap_band_independent_review.py,bff145ec85dfdfb19788e4a1111c7c70e9d103e9769adc7b4ff13cf7aadef0de,4620
results/research8h/day_blocks/READOUT.md,f41cb81d4a686b2219f44ad89467c869d2fe66a6fd9af052e075c9e3d949423e,2955
results/research8h/day_blocks/completion.json,a60aebe10704409b5c6c8e6c5dd9d65502e913fda9a36fcc4f55ca5c4f50f935,262
results/research8h/day_blocks/days_132/bounds.npz,409779449608b84b9640204f4cc60595709ae7b4e32246cf4f1f8c10e5671ef8,51834
results/research8h/day_blocks/days_132/constructive_angles.csv,dab0e33e4df7111a941fec3a97616bda41f0d2abd244d9dcbabbc3f391b41bfb,79594
results/research8h/day_blocks/days_132/constructive_check.json,fd17fdf40413c5131701779147e90fe60b4dc331e8a2c23e0ef161134cf91375,4209
results/research8h/day_blocks/days_132/constructive_commitment.csv,8c6ebaa6ff8e07cc8d48800ea169273e785eff9bdea82db14a4e05429032af96,16592
results/research8h/day_blocks/days_132/constructive_dispatch.csv,663883d51e8c10fd9028966422f04aa3440562435a4b6172e9ea69eb524bef14,55813
results/research8h/day_blocks/days_132/constructive_shutdown.csv,cc51d59dd4000b5982fcd82e2da0716faea25cfa6cf2105d04e62b88c957e00e,16548
results/research8h/day_blocks/days_132/constructive_startup.csv,88432d759e521417edcc1406be5b114950a781d7fb4005177a98b83d7df344de,16548
results/research8h/day_blocks/days_132/constructive_vector.npz,9abebae06829f2ca838c2322ec15c8c9efb9facb0870a1f242d2f2774de677d0,41263
results/research8h/day_blocks/days_132/integrality.npz,7fae01f9639be86f0b91683b2d2a72f166c06593fb646001bc0417e97aaa712d,282
results/research8h/day_blocks/days_132/lp/bounds.npz,409779449608b84b9640204f4cc60595709ae7b4e32246cf4f1f8c10e5671ef8,51834
results/research8h/day_blocks/days_132/lp/continuous_solution.npz,bee1a8f1b18ee303fc500739281896419c5849406e3af38b091faefb828f08aa,38591
results/research8h/day_blocks/days_132/lp/integrality.npz,7fae01f9639be86f0b91683b2d2a72f166c06593fb646001bc0417e97aaa712d,282
results/research8h/day_blocks/days_132/lp/matrix.npz,2f11940f72432a2a2e89e4a88115eba3cf24a8e82a8110e250c6191020c1f0bb,199281
results/research8h/day_blocks/days_132/lp/result.json,a2ae6593366431ee5acfa7859f1ea059aa44baac627565741747a54706fa3a5d,729
results/research8h/day_blocks/days_132/lp/returned_vector.npz,bee1a8f1b18ee303fc500739281896419c5849406e3af38b091faefb828f08aa,38591
results/research8h/day_blocks/days_132/lp/row_metadata.csv.gz,98eb7de031328bc1dcb801b806d985ddcbe4173e2f1a047d44e973bd8cbb7c98,147013
results/research8h/day_blocks/days_132/lp/solver.log,0351c6f4bfd830d3580d962fe6be107a198b0192d43c527244f10e07bedc5343,769
results/research8h/day_blocks/days_132/matrix.npz,2f11940f72432a2a2e89e4a88115eba3cf24a8e82a8110e250c6191020c1f0bb,199281
results/research8h/day_blocks/days_132/mip/result.json,cec794a29341dc3ce7fb4171a13f884540eded57d84a835919efae3c3fa40758,212
results/research8h/day_blocks/days_132/mip/solver.log,0569caa00e5b4c3c3700f8d20c31e784e86910781ec71a232bf44003ce1d55e3,2602
results/research8h/day_blocks/days_132/model_metadata.json,1d8281f53cc1c08f73d1fdc8d66a7825d2f34377ba933c13d0e5e0be8b223fa4,2474
results/research8h/day_blocks/days_132/native_inputs.npz,abf0448799bc4f76a2da4728fb95aaaa487f3de34dffcb24d148a45ec4404ec2,26513
results/research8h/day_blocks/days_132/objective.npz,ff6f13618b2729c30b5442fc639c7fea45c66a08d799091e3843ab17f7b16500,423
results/research8h/day_blocks/days_132/permutation.csv,d505057df3ee34fb1e5c395aba592d85ad7166c1cae533b79dfc34ddad811143,1908
results/research8h/day_blocks/days_132/preservation.json,2b02eab4fceb43bb45170f372d1828c0e74d668589ca9a25b4ac248981a43475,427
results/research8h/day_blocks/days_132/projected_integrality.npz,3dce3436c853f1dcf296fce09408a6a3d1049e6c2a89568469af8a1c4ae6d73b,282
results/research8h/day_blocks/days_132/projection_audit.json,e9648ffe394153363cc189379abca6edf6e2c18e40dcf9206ad9347283524473,292
results/research8h/day_blocks/days_132/row_metadata.csv.gz,98eb7de031328bc1dcb801b806d985ddcbe4173e2f1a047d44e973bd8cbb7c98,147013
results/research8h/day_blocks/days_213/bounds.npz,c016f2885b873e8f18e7cbcc69d157bd8ee3275b61b7efa1b379434efdfb0105,52518
results/research8h/day_blocks/days_213/constructive_angles.csv,f55e06dd382629e752ce7ed142ed8fb14eb5550390b9edc34898e7a94ee8fa42,79594
results/research8h/day_blocks/days_213/constructive_check.json,eaf1a97531cc37b08b5e7da8aacb3e22560c16c889415bb81bdc0f286562ff10,4126
results/research8h/day_blocks/days_213/constructive_commitment.csv,6d39824f6b17cab91013003268cdee9cc4d421591f1874774047553c05fd1fcd,16592
results/research8h/day_blocks/days_213/constructive_dispatch.csv,2a633909cbdeee841a7eb7a47d64cda83f1bc059687f607898384198dba80f32,55813
results/research8h/day_blocks/days_213/constructive_shutdown.csv,022b6bc919e8083f7b97e3cab5524f62b5dd9c9c0b642a892145c7fb458fefe2,16548
results/research8h/day_blocks/days_213/constructive_startup.csv,5179018684b394c83bd99d9025d71725cc442807a2aa100951b0b02204674503,16548
results/research8h/day_blocks/days_213/constructive_vector.npz,0a3baa8488dde52f9ac06ece4f139f83f21db025bdafbd742e00f727d5c69985,41280
results/research8h/day_blocks/days_213/integrality.npz,7fae01f9639be86f0b91683b2d2a72f166c06593fb646001bc0417e97aaa712d,282
results/research8h/day_blocks/days_213/lp/bounds.npz,c016f2885b873e8f18e7cbcc69d157bd8ee3275b61b7efa1b379434efdfb0105,52518
results/research8h/day_blocks/days_213/lp/continuous_solution.npz,744f350be10e13d9a9b842da0b2a2181f254703749e9b43a54d43c69bff2e99f,39149
results/research8h/day_blocks/days_213/lp/integrality.npz,7fae01f9639be86f0b91683b2d2a72f166c06593fb646001bc0417e97aaa712d,282
results/research8h/day_blocks/days_213/lp/matrix.npz,2f11940f72432a2a2e89e4a88115eba3cf24a8e82a8110e250c6191020c1f0bb,199281
results/research8h/day_blocks/days_213/lp/result.json,92127e5fcbb328d80ae0dbd8de49453428af1a3b415eac81aa80603c6152205f,728
results/research8h/day_blocks/days_213/lp/returned_vector.npz,744f350be10e13d9a9b842da0b2a2181f254703749e9b43a54d43c69bff2e99f,39149
results/research8h/day_blocks/days_213/lp/row_metadata.csv.gz,bb2fbf3b282946e530eeb24c8fffd9954fceea82c50d5f6055d81c4f9cc17a7a,147013
results/research8h/day_blocks/days_213/lp/solver.log,02929d0f9457dfb9765bdc3c5192dfb0c591dd5e799e16e3d0a866c90c655b7c,768
results/research8h/day_blocks/days_213/matrix.npz,2f11940f72432a2a2e89e4a88115eba3cf24a8e82a8110e250c6191020c1f0bb,199281
results/research8h/day_blocks/days_213/mip/result.json,bab97ce465a65aeacc6b5fc6b83f5dfabd3e03c98d84cd48b7e3e4af75c7bc3f,212
results/research8h/day_blocks/days_213/mip/solver.log,31ff285b09fb2343a31c3e0096ba2f5ffa9dcb2c3d05d005ba5a932e15c3b037,2479
results/research8h/day_blocks/days_213/model_metadata.json,1d8281f53cc1c08f73d1fdc8d66a7825d2f34377ba933c13d0e5e0be8b223fa4,2474
results/research8h/day_blocks/days_213/native_inputs.npz,aeda29fc807fa23cc9ed321c1ae93e9a5711c0ba6c0f8e5b7a346138c7e19655,26503
results/research8h/day_blocks/days_213/objective.npz,ff6f13618b2729c30b5442fc639c7fea45c66a08d799091e3843ab17f7b16500,423
results/research8h/day_blocks/days_213/permutation.csv,2ce0eb997ea99faf91b11f6401ea272aff64e83a0d83047956e7227406a64a31,1908
results/research8h/day_blocks/days_213/preservation.json,bb1390540dd0774624fb98637d121cd54c3ac651af16b834bdf5c6ac3e5991d6,426
results/research8h/day_blocks/days_213/projected_integrality.npz,3dce3436c853f1dcf296fce09408a6a3d1049e6c2a89568469af8a1c4ae6d73b,282
results/research8h/day_blocks/days_213/projection_audit.json,e9648ffe394153363cc189379abca6edf6e2c18e40dcf9206ad9347283524473,292
results/research8h/day_blocks/days_213/row_metadata.csv.gz,bb2fbf3b282946e530eeb24c8fffd9954fceea82c50d5f6055d81c4f9cc17a7a,147013
results/research8h/day_blocks/days_231/bounds.npz,67346932391e5be0b0ffc1f0293acf068202c39710210250a21f305ea272f47b,52756
results/research8h/day_blocks/days_231/constructive_angles.csv,4621a608011c0f82e6b9e608310663d6480ce0cd1d1c06aa5434ae41da9322eb,79594
results/research8h/day_blocks/days_231/constructive_check.json,0c667426fb3a4c128e6a095976df3839f561a3a93e51933e910bae5f0408d22c,4126
results/research8h/day_blocks/days_231/constructive_commitment.csv,3af32e841a85a33ec22668852e0ccab33a4092ab76ec8c6c386f7a1de337ffe3,16592
results/research8h/day_blocks/days_231/constructive_dispatch.csv,505af1be131ea2be3e1f814656a9287cad0c4d09f51276c4d3d2abe891900c26,55813
results/research8h/day_blocks/days_231/constructive_shutdown.csv,df7ee81a6af0045a51c000664ca40e7d53c0fd1120c6a394210dbfbfb3a1ae65,16548
results/research8h/day_blocks/days_231/constructive_startup.csv,873cb3b8006eaaadef4a85982ebfdd38a5dd37fc839c5b7128e66f3f5fd4fad8,16548
results/research8h/day_blocks/days_231/constructive_vector.npz,22d6a8296b923db69458a9a8f5e520613ffcae9aa48ec922c8aee5ae11f7b180,41279
results/research8h/day_blocks/days_231/integrality.npz,7fae01f9639be86f0b91683b2d2a72f166c06593fb646001bc0417e97aaa712d,282
results/research8h/day_blocks/days_231/lp/bounds.npz,67346932391e5be0b0ffc1f0293acf068202c39710210250a21f305ea272f47b,52756
results/research8h/day_blocks/days_231/lp/continuous_solution.npz,016289e13c852cbd1539844525e8adf777adb5a98304b32297e3d51b25813e9f,38604
results/research8h/day_blocks/days_231/lp/integrality.npz,7fae01f9639be86f0b91683b2d2a72f166c06593fb646001bc0417e97aaa712d,282
results/research8h/day_blocks/days_231/lp/matrix.npz,2f11940f72432a2a2e89e4a88115eba3cf24a8e82a8110e250c6191020c1f0bb,199281
results/research8h/day_blocks/days_231/lp/result.json,940ca3fe7011daf6fc65b1dc35338ea9a83076b80ce3fc19fa1a89da1568f4df,748
results/research8h/day_blocks/days_231/lp/returned_vector.npz,016289e13c852cbd1539844525e8adf777adb5a98304b32297e3d51b25813e9f,38604
results/research8h/day_blocks/days_231/lp/row_metadata.csv.gz,2675e532cbb7ad00f2efb12f1fcc5dceb36fa672225205242577240820ecbb54,147013
results/research8h/day_blocks/days_231/lp/solver.log,2a4be39789d137173e1540e81966416e47835b2b0cd0e203eb360bbe745010e0,769
results/research8h/day_blocks/days_231/matrix.npz,2f11940f72432a2a2e89e4a88115eba3cf24a8e82a8110e250c6191020c1f0bb,199281
results/research8h/day_blocks/days_231/mip/result.json,76c371454412fd013d2684a37279d2765901aec7f348378ab9762dd17adea792,213
results/research8h/day_blocks/days_231/mip/solver.log,cd9fa9996c4bb4be1ad825494ccd5126669bf872733177e1398bc9695cfbd064,2602
results/research8h/day_blocks/days_231/model_metadata.json,1d8281f53cc1c08f73d1fdc8d66a7825d2f34377ba933c13d0e5e0be8b223fa4,2474
results/research8h/day_blocks/days_231/native_inputs.npz,3e28c9c1c59a08e1444c31313889b49055cb55d1c2be2f49c69d036e7659f4e7,26532
results/research8h/day_blocks/days_231/objective.npz,ff6f13618b2729c30b5442fc639c7fea45c66a08d799091e3843ab17f7b16500,423
results/research8h/day_blocks/days_231/permutation.csv,60a078b14d8c21d2a88399f5fa10a810b4089ed2ac7323d663e5a692162b2c91,1908
results/research8h/day_blocks/days_231/preservation.json,37c5c8e77e8abe95ff563868b7b31cf1675b8fa574924cde5f71e38d257345ad,427
results/research8h/day_blocks/days_231/projected_integrality.npz,3dce3436c853f1dcf296fce09408a6a3d1049e6c2a89568469af8a1c4ae6d73b,282
results/research8h/day_blocks/days_231/projection_audit.json,e9648ffe394153363cc189379abca6edf6e2c18e40dcf9206ad9347283524473,292
results/research8h/day_blocks/days_231/row_metadata.csv.gz,2675e532cbb7ad00f2efb12f1fcc5dceb36fa672225205242577240820ecbb54,147013
results/research8h/day_blocks/days_312/bounds.npz,9be8aa03d19c0677a48fe9cfc7dd767e28b9269c4fc8198a54e37436439e9282,52056
results/research8h/day_blocks/days_312/constructive_angles.csv,5d2e4aa0e8234070a979ff17be86475c81a4c42492d5f54ab6cc27fb06d7a33e,79594
results/research8h/day_blocks/days_312/constructive_check.json,1fd23ee42579179d7fe947b0973239d4365b62a52741dbde0b0a1749a8431b92,4117
results/research8h/day_blocks/days_312/constructive_commitment.csv,322fecaf0310db8bc19d0896725f2cd30b745bf2286069363909b4751041aa30,16592
results/research8h/day_blocks/days_312/constructive_dispatch.csv,e72bdd869a8b9e8fc4ba5414af45e4dc151a8c860723b05f09df57ab3f617430,55813
results/research8h/day_blocks/days_312/constructive_shutdown.csv,68316104d2480129b2bb66c24670860c167610e3a2e62ce8696c9183373d7e43,16548
results/research8h/day_blocks/days_312/constructive_startup.csv,d7077d8f392fe36224c43fb1e3759537af96698af247d51f31cb3b2170c33164,16548
results/research8h/day_blocks/days_312/constructive_vector.npz,9beca0a4c6d31be407097a6d77e1ce99925b493dfd2ee064cc89ba02698bd7b2,41236
results/research8h/day_blocks/days_312/integrality.npz,7fae01f9639be86f0b91683b2d2a72f166c06593fb646001bc0417e97aaa712d,282
results/research8h/day_blocks/days_312/lp/bounds.npz,9be8aa03d19c0677a48fe9cfc7dd767e28b9269c4fc8198a54e37436439e9282,52056
results/research8h/day_blocks/days_312/lp/integrality.npz,7fae01f9639be86f0b91683b2d2a72f166c06593fb646001bc0417e97aaa712d,282
results/research8h/day_blocks/days_312/lp/matrix.npz,2f11940f72432a2a2e89e4a88115eba3cf24a8e82a8110e250c6191020c1f0bb,199281
results/research8h/day_blocks/days_312/lp/row_metadata.csv.gz,1c7f1d25d8b04fbf5085b562fbdf3741a35f53c3e7a97a5e61b8ddf30386a8e0,147013
results/research8h/day_blocks/days_312/matrix.npz,2f11940f72432a2a2e89e4a88115eba3cf24a8e82a8110e250c6191020c1f0bb,199281
results/research8h/day_blocks/days_312/model_metadata.json,1d8281f53cc1c08f73d1fdc8d66a7825d2f34377ba933c13d0e5e0be8b223fa4,2474
results/research8h/day_blocks/days_312/native_inputs.npz,1051f1547a279e4b3bce95601f0edb48198284effb22e7b762dbb521db371053,26517
results/research8h/day_blocks/days_312/objective.npz,ff6f13618b2729c30b5442fc639c7fea45c66a08d799091e3843ab17f7b16500,423
results/research8h/day_blocks/days_312/permutation.csv,797a12f23f166d42b82b9430aae312558785e899876568ffb367edec5ff82b10,1908
results/research8h/day_blocks/days_312/preservation.json,3c29ac69d48c8140a64ba7d8ec3232e24126ef0fc11b7149f0edf859241486f1,427
results/research8h/day_blocks/days_312/projected_integrality.npz,3dce3436c853f1dcf296fce09408a6a3d1049e6c2a89568469af8a1c4ae6d73b,282
results/research8h/day_blocks/days_312/projection_audit.json,e9648ffe394153363cc189379abca6edf6e2c18e40dcf9206ad9347283524473,292
results/research8h/day_blocks/days_312/row_metadata.csv.gz,1c7f1d25d8b04fbf5085b562fbdf3741a35f53c3e7a97a5e61b8ddf30386a8e0,147013
results/research8h/day_blocks/days_321/bounds.npz,5a5f697b0be8cac253c9ca5c607586ab440fcd8276ede98648c6ce179bca1e6d,52776
results/research8h/day_blocks/days_321/constructive_angles.csv,cd73704e20661e7a143c75f037fb00ef20da9187a157df5e38be28f134c63aae,79594
results/research8h/day_blocks/days_321/constructive_check.json,88ec521245dbb95d3c1cdc88139c125451f00bbb8c4a1906f4e8d6ff7a3cea5c,4209
results/research8h/day_blocks/days_321/constructive_commitment.csv,e6c117dd77c57de8163b15df57737cad848e013fcae655b1bcbcbf06703e3715,16592
results/research8h/day_blocks/days_321/constructive_dispatch.csv,97067e5af9aa1cc51ac95483961d2b7eb4be2cd8597d03faf5763b6fd5a99594,55813
results/research8h/day_blocks/days_321/constructive_shutdown.csv,ba51449700fceb5119d781cff5868305bb254c583a2b105da347e9e6e55cd04f,16548
results/research8h/day_blocks/days_321/constructive_startup.csv,c3707c951acce3253dd97fb46aba6c347588aa20ac0fbcb974c5b259d2c038f1,16548
results/research8h/day_blocks/days_321/constructive_vector.npz,71cea67428a6ad45ab753b4839be3f2f4d6c1eb4b5a6965c32a5460e15a8c40f,41277
results/research8h/day_blocks/days_321/integrality.npz,7fae01f9639be86f0b91683b2d2a72f166c06593fb646001bc0417e97aaa712d,282
results/research8h/day_blocks/days_321/lp/bounds.npz,5a5f697b0be8cac253c9ca5c607586ab440fcd8276ede98648c6ce179bca1e6d,52776
results/research8h/day_blocks/days_321/lp/continuous_solution.npz,d92a7224562d7cf8d62b23701a84be9ad20be2719fdcf8c52e6c0e671bfec1f0,38809
results/research8h/day_blocks/days_321/lp/integrality.npz,7fae01f9639be86f0b91683b2d2a72f166c06593fb646001bc0417e97aaa712d,282
results/research8h/day_blocks/days_321/lp/matrix.npz,2f11940f72432a2a2e89e4a88115eba3cf24a8e82a8110e250c6191020c1f0bb,199281
results/research8h/day_blocks/days_321/lp/result.json,d9d346706c482ba7f9d8be7173711df7cbfca9dc49b2736ac26e1e544ae4540f,748
results/research8h/day_blocks/days_321/lp/returned_vector.npz,d92a7224562d7cf8d62b23701a84be9ad20be2719fdcf8c52e6c0e671bfec1f0,38809
results/research8h/day_blocks/days_321/lp/row_metadata.csv.gz,eb73c440b322d0218299b5811de3db39e8335eac7dd014247ab4224be92f1efe,147013
results/research8h/day_blocks/days_321/lp/solver.log,cd385409aa28aafd272e4037188e6bc093d92281476840fe8e98eb7f8049a76f,769
results/research8h/day_blocks/days_321/matrix.npz,2f11940f72432a2a2e89e4a88115eba3cf24a8e82a8110e250c6191020c1f0bb,199281
results/research8h/day_blocks/days_321/mip/result.json,1ffe03096a22e1d9e9c3df0b478c4058e3b3fc9dd52624d57cfce6a3982db9fe,212
results/research8h/day_blocks/days_321/mip/solver.log,0a56ad81e6c7c954d05dab51fc2b6b67ce266d492488c4f3205de5741e736437,3340
results/research8h/day_blocks/days_321/model_metadata.json,1d8281f53cc1c08f73d1fdc8d66a7825d2f34377ba933c13d0e5e0be8b223fa4,2474
results/research8h/day_blocks/days_321/native_inputs.npz,65de9acfa3dc685ed9de1d3883fcca08addf2507d75632114984f269c7693622,26526
results/research8h/day_blocks/days_321/objective.npz,ff6f13618b2729c30b5442fc639c7fea45c66a08d799091e3843ab17f7b16500,423
results/research8h/day_blocks/days_321/permutation.csv,6d2136284699f1a6075a2497c9d071936ae63cfb89f5136c1e1af3fc7c3af275,1908
results/research8h/day_blocks/days_321/preservation.json,fd6c6f8af05c071af9963c47437144220d09d8a4004ae9ce50751c0db19f7cdd,436
results/research8h/day_blocks/days_321/projected_integrality.npz,3dce3436c853f1dcf296fce09408a6a3d1049e6c2a89568469af8a1c4ae6d73b,282
results/research8h/day_blocks/days_321/projection_audit.json,e9648ffe394153363cc189379abca6edf6e2c18e40dcf9206ad9347283524473,292
results/research8h/day_blocks/days_321/row_metadata.csv.gz,eb73c440b322d0218299b5811de3db39e8335eac7dd014247ab4224be92f1efe,147013
results/research8h/day_blocks/exact_positive_controls.json,13f73eda589776259af7db41c066ef945f19f8f5b6356b5f4743ce0a6363801e,1928
results/research8h/day_blocks/execution_started.json,7b689dd115d1e20e003eae49c1bf205f4a6a36d8fe5dae43bdbadef96ec09708,225
results/research8h/day_blocks/final_manifest_check.json,b0c81676ce1d954f56eda17e813cb941f47745c9d6a11ec6613cd12f1861dc4b,137
results/research8h/day_blocks/input_manifest.csv,5f15b13ce9b15abb1ff6256a4e10fc568ab5384e01a324160b0e522b31c8927d,28426
results/research8h/day_blocks/outcomes.csv,a019cf35fdd5a1a9526d1e006646727ccb9890b7f9227af8ef9f259306ee7cba,301
results/research8h/day_blocks/outcomes.json,bf600f753890ffeb26c6a0b259e5ee35d52a78fe1ab3951d017ce5f81ec5759b,834
results/research8h/day_blocks/outcomes_partial.json,1991ae7b04fafd65a620217eaa63ec9562d4a823370b7711bb39e15b6de89202,834
results/research8h/day_blocks/postrun_independent_review.json,f31ae729562a5574a1369177bc68cd6bd78e241b179ccdd0914d6b1e63bb6ce4,3256
results/research8h/day_blocks/prepared_cases.json,f770651b7e17a989425074dbb8c0b1750f9ffd8cdef9da408e313b089a4bb9b2,2699
results/research8h/day_blocks/prepared_freeze.json,903635722eb1d3245227e76814b6eb9570b352282af730067ec15052346ee963,716
results/research8h/day_blocks/source_hash_check.json,c0c6a0ea2105566fe8be0fe5b100294c6ec31a15fb13610eeab518654100f1dc,137
results/research8h/day_fixed_identity/INDEPENDENT_REVIEW.md,9106b8876146d1ca1f88f26e94120faf75c5eeb85cabbe0bd218ae2a4868ae1b,2765
results/research8h/day_fixed_identity/PREPARED_MODEL_INTERPRETATION.md,2148ed02bea7383cdb1d4364b8b148486b072099a754c5c7eb3d15dcf9847e81,1895
results/research8h/day_fixed_identity/READOUT.md,d6dc17e60c77e27bae86a0fc2680da44fb40e6fd21b70328087a3c994bd061b2,3740
results/research8h/day_fixed_identity/completion.json,445ff2d5db05e4e1233c730603b62e806557a7c78e083593adcbcc2cf48de460,369
results/research8h/day_fixed_identity/days_132/anchored_vector.npz,5ae5a052b490d005af0d5f8d606c86fa460d3ebbb5de93492d5e22694a6588bd,36621
results/research8h/day_fixed_identity/days_132/bounds.npz,2cd63942e20688a66ba5576bd2efd952eb580be369154c89fac8a291c70e3781,54282
results/research8h/day_fixed_identity/days_132/fixed_exact_point_check.json,60792ee5b8d588d7909ea378f0d9bb16b33d784ee4a27f5bf0cd135795f90710,867
results/research8h/day_fixed_identity/days_132/fixed_schedule_certificate.json,a63efd33ddcd26210bda57909b9c656167545afd2f26f358fac6e47d0bd95569,8616
results/research8h/day_fixed_identity/days_132/integrality.npz,7fae01f9639be86f0b91683b2d2a72f166c06593fb646001bc0417e97aaa712d,282
results/research8h/day_fixed_identity/days_132/matrix.npz,2f11940f72432a2a2e89e4a88115eba3cf24a8e82a8110e250c6191020c1f0bb,199281
results/research8h/day_fixed_identity/days_132/model_binding.json,8a5860de1ef99c467090086c6c0cc30cad1036a9ff877ad40d6039504461dcca,956
results/research8h/day_fixed_identity/days_132/model_metadata.json,1d8281f53cc1c08f73d1fdc8d66a7825d2f34377ba933c13d0e5e0be8b223fa4,2474
results/research8h/day_fixed_identity/days_132/native_full_check.json,5407554dd90d312e4899bf6c685f7464d15bb3f4a95c36976bfe3a223f4fd3c1,1696
results/research8h/day_fixed_identity/days_132/native_inputs.npz,abf0448799bc4f76a2da4728fb95aaaa487f3de34dffcb24d148a45ec4404ec2,26513
results/research8h/day_fixed_identity/days_132/objective.npz,4a11881191004d9f39ed53d3cd18a5861829593b48c4e97d67e2af2d01b17632,864
results/research8h/day_fixed_identity/days_132/permutation.csv,d505057df3ee34fb1e5c395aba592d85ad7166c1cae533b79dfc34ddad811143,1908
results/research8h/day_fixed_identity/days_132/raw_duals.npz,72d156c1d4111941232779d62248f3c807d542b7e216d1a7123cbf8ce3c5c379,162293
results/research8h/day_fixed_identity/days_132/raw_solver_ray.npz,d366808f096fe1ab064b44acbd2a9ffb5e4b544f92d3caea4812a80d76d66795,571
results/research8h/day_fixed_identity/days_132/raw_vector.npz,5ae5a052b490d005af0d5f8d606c86fa460d3ebbb5de93492d5e22694a6588bd,36621
results/research8h/day_fixed_identity/days_132/result.json,39a07b60f015d22764aacef273e545f385b0ef49238d05f8b3eba9dbb9d78fed,5625
results/research8h/day_fixed_identity/days_132/row_metadata.csv.gz,98eb7de031328bc1dcb801b806d985ddcbe4173e2f1a047d44e973bd8cbb7c98,147013
results/research8h/day_fixed_identity/days_132/solver.log,a445074321347882deb5ba86d4fe1be638e122a3c350c0c1aad7aed18de66f08,731
results/research8h/day_fixed_identity/days_132/unfixed_exact_point_check.json,60792ee5b8d588d7909ea378f0d9bb16b33d784ee4a27f5bf0cd135795f90710,867
results/research8h/day_fixed_identity/days_213/anchored_vector.npz,ee66e05257bd830c41752801774e5a566ff249026dbae6d85ccc4faa16161459,36817
results/research8h/day_fixed_identity/days_213/bounds.npz,eb212beed183524098fdfea9e1b58ff9b6fdc14eb42ce3ef3d4f129e321409a6,54966
results/research8h/day_fixed_identity/days_213/fixed_exact_point_check.json,2a801cba2357b1ce9cd24910851952a752879a4a5963f94a4f725194fccb8e9f,896
results/research8h/day_fixed_identity/days_213/fixed_schedule_certificate.json,093cb76713f7f37007bc5b79b0e7ba46ff5d28c0d800b5772b5c400b8c8cd341,8607
results/research8h/day_fixed_identity/days_213/integrality.npz,7fae01f9639be86f0b91683b2d2a72f166c06593fb646001bc0417e97aaa712d,282
results/research8h/day_fixed_identity/days_213/matrix.npz,2f11940f72432a2a2e89e4a88115eba3cf24a8e82a8110e250c6191020c1f0bb,199281
results/research8h/day_fixed_identity/days_213/model_binding.json,3e516a9ddcf1590dff0ea19bc234713f38a44571b6fb3221705b2c3118095fe6,956
results/research8h/day_fixed_identity/days_213/model_metadata.json,1d8281f53cc1c08f73d1fdc8d66a7825d2f34377ba933c13d0e5e0be8b223fa4,2474
results/research8h/day_fixed_identity/days_213/native_full_check.json,aaf58d4e40b911a153e6d1307b4cd414dc0d9984678b6b104609b5e6aefac8bd,1740
results/research8h/day_fixed_identity/days_213/native_inputs.npz,aeda29fc807fa23cc9ed321c1ae93e9a5711c0ba6c0f8e5b7a346138c7e19655,26503
results/research8h/day_fixed_identity/days_213/objective.npz,4a11881191004d9f39ed53d3cd18a5861829593b48c4e97d67e2af2d01b17632,864
results/research8h/day_fixed_identity/days_213/permutation.csv,2ce0eb997ea99faf91b11f6401ea272aff64e83a0d83047956e7227406a64a31,1908
results/research8h/day_fixed_identity/days_213/raw_duals.npz,3342d6669da8463fd22eac78bf7d20763091e087b01d76935840ecefb5b3d185,162750
results/research8h/day_fixed_identity/days_213/raw_solver_ray.npz,2aecc6e37311880c012cfbe0537677d87dd6e949a8d9e0968a93aa18f7f344a3,586
results/research8h/day_fixed_identity/days_213/raw_vector.npz,ee66e05257bd830c41752801774e5a566ff249026dbae6d85ccc4faa16161459,36817
results/research8h/day_fixed_identity/days_213/result.json,a2894ab664510a5dfecbf9be1b0926f5c46f85716ee4b30d794b5ff2879fb08c,5686
results/research8h/day_fixed_identity/days_213/row_metadata.csv.gz,bb2fbf3b282946e530eeb24c8fffd9954fceea82c50d5f6055d81c4f9cc17a7a,147013
results/research8h/day_fixed_identity/days_213/solver.log,9d91d2d148135a57900bff1a3f8bb30de9c392e9e76ff86be39fbff4a749a34f,731
results/research8h/day_fixed_identity/days_213/unfixed_exact_point_check.json,2a801cba2357b1ce9cd24910851952a752879a4a5963f94a4f725194fccb8e9f,896
results/research8h/day_fixed_identity/days_231/anchored_vector.npz,df015b4f7f76da52bdf0a14166ca24749a5b339b3759a8c7646b3b2d81f5d237,36756
results/research8h/day_fixed_identity/days_231/bounds.npz,9820ad1ad487a384806898d6a2b69602c60c1f666c9977e8b2ef2532ab844338,55205
results/research8h/day_fixed_identity/days_231/fixed_exact_point_check.json,22eab63587e712282729fb59f0406f3f203a2535273dacb6b21fb0d21b2ba663,866
results/research8h/day_fixed_identity/days_231/fixed_schedule_certificate.json,082522719d702d843bf80a4807c05bc99f71f4a905031f4505b0dae18b1bd222,8609
results/research8h/day_fixed_identity/days_231/integrality.npz,7fae01f9639be86f0b91683b2d2a72f166c06593fb646001bc0417e97aaa712d,282
results/research8h/day_fixed_identity/days_231/matrix.npz,2f11940f72432a2a2e89e4a88115eba3cf24a8e82a8110e250c6191020c1f0bb,199281
results/research8h/day_fixed_identity/days_231/model_binding.json,aea92e418e3d7d3309ea0ce26e8489ec2853fff42692956895ade247afdfe847,956
results/research8h/day_fixed_identity/days_231/model_metadata.json,1d8281f53cc1c08f73d1fdc8d66a7825d2f34377ba933c13d0e5e0be8b223fa4,2474
results/research8h/day_fixed_identity/days_231/native_full_check.json,e191e8eb1ed6a2bdb6c22efd6cf437492a591c2d333f03d69fd3ce23e3d03122,1692
results/research8h/day_fixed_identity/days_231/native_inputs.npz,3e28c9c1c59a08e1444c31313889b49055cb55d1c2be2f49c69d036e7659f4e7,26532
results/research8h/day_fixed_identity/days_231/objective.npz,4a11881191004d9f39ed53d3cd18a5861829593b48c4e97d67e2af2d01b17632,864
results/research8h/day_fixed_identity/days_231/permutation.csv,60a078b14d8c21d2a88399f5fa10a810b4089ed2ac7323d663e5a692162b2c91,1908
results/research8h/day_fixed_identity/days_231/raw_duals.npz,adee91b98739c59a6cfb365a4235ce61dc72ab4b85880b573ee2e13ffd4c32bb,162262
results/research8h/day_fixed_identity/days_231/raw_solver_ray.npz,8a8a332aa865babf4b0e5ec061e37ab115948edb3563c5b5aefed64471eade4b,583
results/research8h/day_fixed_identity/days_231/raw_vector.npz,df015b4f7f76da52bdf0a14166ca24749a5b339b3759a8c7646b3b2d81f5d237,36756
results/research8h/day_fixed_identity/days_231/result.json,a6e250ed36d564d3bb9a72e5fb22edb574d9f63b55d051350f0aece8c3f34ac7,5598
results/research8h/day_fixed_identity/days_231/row_metadata.csv.gz,2675e532cbb7ad00f2efb12f1fcc5dceb36fa672225205242577240820ecbb54,147013
results/research8h/day_fixed_identity/days_231/solver.log,6212f9b63269a6f77104666719c32279007ac4676610901fd86d796a8261d50b,731
results/research8h/day_fixed_identity/days_231/unfixed_exact_point_check.json,22eab63587e712282729fb59f0406f3f203a2535273dacb6b21fb0d21b2ba663,866
results/research8h/day_fixed_identity/days_312/anchored_vector.npz,6f57fbffd299a95d97a542bf6e8d5d9af2de1743a584b1beba9e4935dbdfa74c,36850
results/research8h/day_fixed_identity/days_312/bounds.npz,d29e36459a26111851708f84dc2eb94ca949fcd34ee98f31b763ce2947e89419,54503
results/research8h/day_fixed_identity/days_312/fixed_exact_point_check.json,fc098e335a769de37555a0f216a358bdb23ab18bede44b4c098f84920b469e5f,898
results/research8h/day_fixed_identity/days_312/fixed_schedule_certificate.json,6840837062d4e67aa8cdb707f05f6fa36dbb7263f218e32fce984b94719a9bac,8622
results/research8h/day_fixed_identity/days_312/integrality.npz,7fae01f9639be86f0b91683b2d2a72f166c06593fb646001bc0417e97aaa712d,282
results/research8h/day_fixed_identity/days_312/matrix.npz,2f11940f72432a2a2e89e4a88115eba3cf24a8e82a8110e250c6191020c1f0bb,199281
results/research8h/day_fixed_identity/days_312/model_binding.json,2f4f1eba5fb8a66c7871d455b8d207cfdf8d847cd653c51f6c244d0a3cde7f52,955
results/research8h/day_fixed_identity/days_312/model_metadata.json,1d8281f53cc1c08f73d1fdc8d66a7825d2f34377ba933c13d0e5e0be8b223fa4,2474
results/research8h/day_fixed_identity/days_312/native_full_check.json,838c863826b33e8fb5f5ed404da4b16e76bd281eedef58d9a1ec5ab096b72145,1757
results/research8h/day_fixed_identity/days_312/native_inputs.npz,1051f1547a279e4b3bce95601f0edb48198284effb22e7b762dbb521db371053,26517
results/research8h/day_fixed_identity/days_312/objective.npz,4a11881191004d9f39ed53d3cd18a5861829593b48c4e97d67e2af2d01b17632,864
results/research8h/day_fixed_identity/days_312/permutation.csv,797a12f23f166d42b82b9430aae312558785e899876568ffb367edec5ff82b10,1908
results/research8h/day_fixed_identity/days_312/raw_duals.npz,56fc24ea66f6c20fd7393576c08e9cd00d83a2262d17b1584df384156b8efd0a,162806
results/research8h/day_fixed_identity/days_312/raw_solver_ray.npz,c88be33ebce0e195312097679a0b91cd355d65e6476f9215b62d8f58bb03521d,583
results/research8h/day_fixed_identity/days_312/raw_vector.npz,6f57fbffd299a95d97a542bf6e8d5d9af2de1743a584b1beba9e4935dbdfa74c,36850
results/research8h/day_fixed_identity/days_312/result.json,e144624b45d773b2cdea22637ddb82dcd54f780af388feabfef05f883f0e1280,5705
results/research8h/day_fixed_identity/days_312/row_metadata.csv.gz,1c7f1d25d8b04fbf5085b562fbdf3741a35f53c3e7a97a5e61b8ddf30386a8e0,147013
results/research8h/day_fixed_identity/days_312/solver.log,31a075e27434e06ca48478910ddab19244430df3b1b1d5382ade767406adb4a9,731
results/research8h/day_fixed_identity/days_312/unfixed_exact_point_check.json,fc098e335a769de37555a0f216a358bdb23ab18bede44b4c098f84920b469e5f,898
results/research8h/day_fixed_identity/days_321/anchored_vector.npz,447be6a76c48a7105290245bff20f131760d039fab12a1eb691ff8c4de08b0ab,36827
results/research8h/day_fixed_identity/days_321/bounds.npz,3fe14a3193e58b6faad5b26f98cad3d9eb31ff629c40de99654cb561fd980c0a,55225
results/research8h/day_fixed_identity/days_321/fixed_exact_point_check.json,a7f6d46dc674cb3e24e68414cb5697fb2299070aac83f25ad7ce657483f1d21e,861
results/research8h/day_fixed_identity/days_321/fixed_schedule_certificate.json,2f75862a60be6226a6ffc3a52646fdaffb3e57e2fc6266cb595cbcc42aae85e0,3389
results/research8h/day_fixed_identity/days_321/integrality.npz,7fae01f9639be86f0b91683b2d2a72f166c06593fb646001bc0417e97aaa712d,282
results/research8h/day_fixed_identity/days_321/matrix.npz,2f11940f72432a2a2e89e4a88115eba3cf24a8e82a8110e250c6191020c1f0bb,199281
results/research8h/day_fixed_identity/days_321/model_binding.json,652a6e0159c59a37b807451821c2770861eb46225b2a181de43138492ec3e6c5,956
results/research8h/day_fixed_identity/days_321/model_metadata.json,1d8281f53cc1c08f73d1fdc8d66a7825d2f34377ba933c13d0e5e0be8b223fa4,2474
results/research8h/day_fixed_identity/days_321/native_full_check.json,3ca319862a10ca650bc34c535a28aeeb932651c8d4b1ee37470e1e30e18e2d9c,1658
results/research8h/day_fixed_identity/days_321/native_inputs.npz,65de9acfa3dc685ed9de1d3883fcca08addf2507d75632114984f269c7693622,26526
results/research8h/day_fixed_identity/days_321/objective.npz,4a11881191004d9f39ed53d3cd18a5861829593b48c4e97d67e2af2d01b17632,864
results/research8h/day_fixed_identity/days_321/permutation.csv,6d2136284699f1a6075a2497c9d071936ae63cfb89f5136c1e1af3fc7c3af275,1908
results/research8h/day_fixed_identity/days_321/raw_duals.npz,70137311ff5a59d9c34433cb82451a98f60d497f8d515f424af95beb296d16a6,164270
results/research8h/day_fixed_identity/days_321/raw_solver_ray.npz,6af12d15cdf9a1f6ad761cbec13d3c90db248314ecddd99f2eab7c5123987e59,580
results/research8h/day_fixed_identity/days_321/raw_vector.npz,447be6a76c48a7105290245bff20f131760d039fab12a1eb691ff8c4de08b0ab,36827
results/research8h/day_fixed_identity/days_321/result.json,3a405450e490f230b74929162c90812be678f86c2cb526d303602eea6a1b260f,5407
results/research8h/day_fixed_identity/days_321/row_metadata.csv.gz,eb73c440b322d0218299b5811de3db39e8335eac7dd014247ab4224be92f1efe,147013
results/research8h/day_fixed_identity/days_321/solver.log,486ee1f55858ce80f91fb21c331bb9fb156ff1f67a1a2b9a0efcf081ec35b3f6,731
results/research8h/day_fixed_identity/days_321/unfixed_exact_point_check.json,a7f6d46dc674cb3e24e68414cb5697fb2299070aac83f25ad7ce657483f1d21e,861
results/research8h/day_fixed_identity/execution_started.json,ab09380d32b6f943192321a35a7cf7e061d9e20683e63be73b02bae55d913d3f,109
results/research8h/day_fixed_identity/identity_control.json,175ac8142ace70a21cf6a4b2d66708ca1c02f481aaeb9429d73e8749bb3f086c,2824
results/research8h/day_fixed_identity/identity_state_anchor.npz,63a9a79ebd01cf594b5fbc7bac1d5af809563defbc9b8ce369c175ba98acbb16,20120
results/research8h/day_fixed_identity/independent_review.json,f1d3df10679dbb83de151aa5d79b1f498725b7239a89a323d1dce3f2d4c0cb60,38556
results/research8h/day_fixed_identity/input_manifest.json,6158935e240ac3e20918c40964d9f86ae9b6eb6a1cb6dc8c01ba2c16c1125f60,52334
results/research8h/day_fixed_identity/prepared_cases.json,b88cf935233459d314d4b965757253f72ce88238fee3499ef80123b26cad1cc5,4999
results/research8h/day_fixed_identity/prepared_freeze.json,69d3068cf1509d128f6dba8b3226c9309accb050b20afe17deae525723a0b8a7,750
results/research8h/day_fixed_identity/results.json,8150c7155713dd36994e448c068a8de301e083c9d9ae1ceb95afc667e4cd6696,29441
results/research8h/day_fixed_identity/summarize.py,30f9aad6b5d3baa3bfde93bed8e877815b0b94993535a36d90bf723136d134d8,2778
results/research8h/day_fixed_identity/summary.csv,516cbde29baa6ce6b4d9754f223929b5f9a57363c87e374041a67f53e167db4d,1459
results/research8h/day_fixed_identity/summary.json,b1b5e935870c6b297b2c56ba6f1e6ebe5d6dedefb72b3c5e0e49ceb2d0f20c7d,3929
results/research8h/energy_bound_figure/certified_energy_intervals.png,4bfce56aff68329c93d878f18a211e0785f293ee90127dfafff73414f76b0fe4,87786
results/research8h/energy_bound_figure/certified_energy_intervals.svg,4daf1b90931678c039905ee8c6b472b0b28ef1ae053ad00bdd323f77e71fb658,9632
results/research8h/energy_bound_figure/provenance.json,9776ddaced8680866d3884b0f29531c8d96876a0155034de9c729ba72c4502e8,1034
results/research8h/energy_lp_refinement/INDEPENDENT_REVIEW.md,319b53e1db8c877373b414d4fc990e3a6617d271da11c52106e7bb64254bfa33,3405
results/research8h/energy_lp_refinement/READOUT.md,50f6583617f49a97a5717a86b4501a4d61403dad228231a07c2439e09a7ff92c,6074
results/research8h/energy_lp_refinement/completion.json,60083b9e4b4c05460ac8cd42b6da95cbb7ea11519e29f4ad3efe06b32a09d05d,186
results/research8h/energy_lp_refinement/execution_started.json,a8c836b1b88afaf1150fcdbfeafcada41d7de74b783bbdb873fe0becfccf3f21,99
results/research8h/energy_lp_refinement/independent_review.json,94c10b498dc600f92d55c77987325a106d7dcbb64f201a284a8295b756528401,18458
results/research8h/energy_lp_refinement/input_manifest.json,b85b1260ded4d4f0a2576c921a4d84581360bfe7adddac361d5ad8826fd6e32d,15751
results/research8h/energy_lp_refinement/january_identity/bounds.npz,ea8158050cefbaa9c8bdf5fd387ead50cbd9b803d378fe706a1c2522f5552518,52280
results/research8h/energy_lp_refinement/january_identity/exact_lower_bound.json,58713e006bdd643134e35199efc4bb9058520dc9e5c19864c857fc3518c5e66c,2264
results/research8h/energy_lp_refinement/january_identity/exact_stationarity_residual.json,b3ee9babfb6b90674d17474bb6d22ce5886f4f8bdf1c4e7083992c8397b5905a,828238
results/research8h/energy_lp_refinement/january_identity/matrix.npz,43eadfdf239a339757187fa4d52e786d1be7277bb93009d5ded1973523bf1386,193396
results/research8h/energy_lp_refinement/january_identity/model_and_upper_binding.json,830472d76f2a0005c049cd3f77e22c82ddac3626f6810f23ea668ed36de54409,1131
results/research8h/energy_lp_refinement/january_identity/objective.npz,4a11881191004d9f39ed53d3cd18a5861829593b48c4e97d67e2af2d01b17632,864
results/research8h/energy_lp_refinement/january_identity/original_integrality.npz,7fae01f9639be86f0b91683b2d2a72f166c06593fb646001bc0417e97aaa712d,282
results/research8h/energy_lp_refinement/january_identity/primal.npz,c43020f958ccf1da02a89e50bab8f70cb3b870edf2385f2be2bde06c308700b9,109352
results/research8h/energy_lp_refinement/january_identity/prior_bounds.json,73c83b5de60ccfc289cf7c48246c2a1cf35074bb501d23b9f838d13e6330a22d,572
results/research8h/energy_lp_refinement/january_identity/projected_row_dual.npz,ebadef5a5e38bb53600f56a291158ff3d7840bdfbd6c887a4138360f9407e19f,2687
results/research8h/energy_lp_refinement/january_identity/raw_duals.npz,f907f56786b9a4a38e4a158f5182029984223bbd51d5bc6462a6b3ba4db6381d,5510
results/research8h/energy_lp_refinement/january_identity/result.json,aec726baa226134db6066213731236e21cbd88caf048217f6426e655a4fec34e,4642
results/research8h/energy_lp_refinement/january_identity/retained_parent_rows.npz,f716fa7f6865e9a44befa66565a1e2d264781db9ec7077eabe815854588dbcc5,52739
results/research8h/energy_lp_refinement/january_identity/row_metadata.csv.gz,e6c267ef525d531326e6cba699d031a140a356cbe1943aaa9e2d4db4dd784562,222155
results/research8h/energy_lp_refinement/january_identity/solver.log,0db90eb65446f4e49e81eaea60ab1c8b509f84cb5b74ae7e6c7f0ce5dec2c5eb,715
results/research8h/energy_lp_refinement/january_identity/zero_dual_sanity.json,73bc024d6c5bfe3e642d374defdbf0d742197c7ba0e21702f8e86bdbfe1e3eaa,1666
results/research8h/energy_lp_refinement/positive_inheritance_proofs.json,3b89b121d43fbf5cdc2997b36369c09a98cb168fbb7a690509e0853198f7800d,3514
results/research8h/energy_lp_refinement/prepared_freeze.json,66bf1e37b0ac7ae52ec3664b0a22321ddbb2fc8522aaa429e985fa5202b45e1a,639
results/research8h/energy_lp_refinement/refined_brackets.json,bd1e8e061a26f82bdb8e0697e03ea4b3f97664b6ee19c21d4886950e85fd1cfd,5507
results/research8h/energy_lp_refinement/relative_penalty_addendum.py,952fb16dd8a5976bfb9c7e00c862c473751e9a91445386e768c1bae2c937af8b,3422
results/research8h/energy_lp_refinement/relative_penalty_bounds.csv,c9bc5d5ec56ae0fce697f0fa9459ce44c9c815e3b8c06ca35c26bf9980f9b7c3,412
results/research8h/energy_lp_refinement/relative_penalty_bounds.json,5dff4825a3cb8509564fb2c44cd27160b43c2cf0d79e01cd0c2e557f38fdfccd,5423
results/research8h/energy_lp_refinement/results.json,f20c956c06b1a6b968222053a4e85baa90e46fe527c88c9ed4e415ee5c9df654,15039
results/research8h/energy_lp_refinement/seed_26093100/bounds.npz,e7707c7d9aa9268621a619a79789558a78d1962b5d4c05faf5dc9ec6960039e1,52822
results/research8h/energy_lp_refinement/seed_26093100/exact_lower_bound.json,4e1c76af2db08dc3acf73a7174447991b9561a4be969afae18729394f0b0f6af,2387
results/research8h/energy_lp_refinement/seed_26093100/exact_stationarity_residual.json,8966ef3a0fb600a6e8a14040ea013ccf2552651d970f012918968062b9ca3204,1298173
results/research8h/energy_lp_refinement/seed_26093100/matrix.npz,43eadfdf239a339757187fa4d52e786d1be7277bb93009d5ded1973523bf1386,193396
results/research8h/energy_lp_refinement/seed_26093100/model_and_upper_binding.json,acfbfbc15da318c0f03e41b2e79d59f160c8bc5d5257e2181766d141efcc586a,1109
results/research8h/energy_lp_refinement/seed_26093100/objective.npz,4a11881191004d9f39ed53d3cd18a5861829593b48c4e97d67e2af2d01b17632,864
results/research8h/energy_lp_refinement/seed_26093100/original_integrality.npz,7fae01f9639be86f0b91683b2d2a72f166c06593fb646001bc0417e97aaa712d,282
results/research8h/energy_lp_refinement/seed_26093100/primal.npz,816ed4f0261a836f5eef8a2c26dc36c0080f386c4b81738a1a718575a1c5607b,114260
results/research8h/energy_lp_refinement/seed_26093100/prior_bounds.json,378a62fe12e3334e949f2dd362b1446093372810e236ef0f6ef24488a337d246,663
results/research8h/energy_lp_refinement/seed_26093100/projected_row_dual.npz,7c42aa7cd696bbae3b41bd92493a8e23608ed95958f57a5387d56d27259e6a44,8307
results/research8h/energy_lp_refinement/seed_26093100/raw_duals.npz,25fa64ddb35e0f691f612c78c92b60e8d7302617f3dbea1e2e31e55bc8861581,16426
results/research8h/energy_lp_refinement/seed_26093100/result.json,6dbc8a3acd89592d17b28d45bc3d8ab65a9bb01231fffa4c6b28398e9bfb7345,4920
results/research8h/energy_lp_refinement/seed_26093100/retained_parent_rows.npz,b29c85e80d66b2d2887be9ed593a8a5c7f94dd722b6db95f22df29b91c12de8b,52739
results/research8h/energy_lp_refinement/seed_26093100/row_metadata.csv.gz,b456360a851b9ade7bab8da00a896dacbf1e63392239adfb1a85c9dc61760fb0,222163
results/research8h/energy_lp_refinement/seed_26093100/solver.log,0387e04d50cbff89cc473a03996bcac13ee4a2ac05ba1e5048200e7f23b0fe09,789
results/research8h/energy_lp_refinement/seed_26093100/zero_dual_sanity.json,73bc024d6c5bfe3e642d374defdbf0d742197c7ba0e21702f8e86bdbfe1e3eaa,1666
results/research8h/energy_lp_refinement/seed_26093101/bounds.npz,2a77d68411187266dc8599741c602de61abeb86c06afbd8004a21ba88934823a,53102
results/research8h/energy_lp_refinement/seed_26093101/exact_lower_bound.json,4a7d5681997540f44b8f81687e4202c1d75fb45416d9acfca82d0dd14c2d2197,2268
results/research8h/energy_lp_refinement/seed_26093101/exact_stationarity_residual.json,be7122265f11528205d2c4ef8b1ba2ae18a169b9ce0cbd5a22e2d59b0a286140,1092493
results/research8h/energy_lp_refinement/seed_26093101/matrix.npz,43eadfdf239a339757187fa4d52e786d1be7277bb93009d5ded1973523bf1386,193396
results/research8h/energy_lp_refinement/seed_26093101/model_and_upper_binding.json,9d3f7a654e2f5876262dd7ffd35054ccb44e6c5ffd59c1e25d9981b4c174bd6b,1134
results/research8h/energy_lp_refinement/seed_26093101/objective.npz,4a11881191004d9f39ed53d3cd18a5861829593b48c4e97d67e2af2d01b17632,864
results/research8h/energy_lp_refinement/seed_26093101/original_integrality.npz,7fae01f9639be86f0b91683b2d2a72f166c06593fb646001bc0417e97aaa712d,282
results/research8h/energy_lp_refinement/seed_26093101/primal.npz,b5b273030ee7352b201efa0a84b43ee220fae06a89fe37cdb61b37824bbe05dd,112191
results/research8h/energy_lp_refinement/seed_26093101/prior_bounds.json,23f731b9445c3a9c9ff0ea589316c25f4e68c45151030b378b77ff4d3cb34a67,663
results/research8h/energy_lp_refinement/seed_26093101/projected_row_dual.npz,b2c3c8f8ef4f87c38008653d0a17ca03a94854bc1543dc56ae34f28ae0416859,6569
results/research8h/energy_lp_refinement/seed_26093101/raw_duals.npz,1e063db0a3dc60dd43dbee375fbf5172ae0d771c7217841ad647fd6b33cc2b95,13061
results/research8h/energy_lp_refinement/seed_26093101/result.json,216fc971bb17f2d1d12652fba52c03b23164d7c95cb4426b07b808acad7b57da,4737
results/research8h/energy_lp_refinement/seed_26093101/retained_parent_rows.npz,b29c85e80d66b2d2887be9ed593a8a5c7f94dd722b6db95f22df29b91c12de8b,52739
results/research8h/energy_lp_refinement/seed_26093101/row_metadata.csv.gz,1f0819e0674cebaf45666a91997fe68a472dd6651e8dc32f503d029a9f35d3be,222163
results/research8h/energy_lp_refinement/seed_26093101/solver.log,69514780c45de5f2c752d1677a39fbdcc6e7c7966447b57bbb4dbe5f82291abc,789
results/research8h/energy_lp_refinement/seed_26093101/zero_dual_sanity.json,73bc024d6c5bfe3e642d374defdbf0d742197c7ba0e21702f8e86bdbfe1e3eaa,1666
results/research8h/energy_lp_refinement/summary.csv,70411c2751301e187feb1fc38faef57071796aa42e1bb323f1c697b3d758390f,789
results/research8h/energy_lp_refinement/synthetic_checker_tests.json,403807e14c90c2cf3e9d5a0ab7141f4d85bafef358f141ebeeba4f654449e820,12041
results/research8h/energy_price_bounds/INDEPENDENT_REVIEW.md,576cda47ee6181e3d77435dfb8266ff8125dd671a519baadc769671d1deb4b84,2617
results/research8h/energy_price_bounds/READOUT.md,04c4cc2451e07c2e4a8c97a4109901e662f07c943b28d2f25c13a6d24b6e9932,5469
results/research8h/energy_price_bounds/audit_freeze.json,53d531d6817984ed857e60471087eae6099332a43be62b8da37fe85bf7b99e49,13637
results/research8h/energy_price_bounds/completion.json,0802ae53807c919b7e5e78af0d50853efd152fab028698eef777237d89850c43,200
results/research8h/energy_price_bounds/identity_bound.json,e6fb6dab6681dea8a2403f32c12d1c13367da0b7ba061e90c115f161bc09be43,153566
results/research8h/energy_price_bounds/independent_review.json,d70d955763a5aa7aa7c6a3ac0f889a2786e112939493452ad2bf51e6030bfd1d,6362
results/research8h/energy_price_bounds/results.json,df51bf6cfe4fae89a515fa48586fdd4adad1038f0e5200b220cd3c8a642b2a91,11479
results/research8h/energy_price_bounds/seed_26093100.json,a7813b4ad400f2f7416bf399e9c59deb127b9509c438555a851423b3b9c78c57,5510
results/research8h/energy_price_bounds/seed_26093101.json,0f4744e263ad5d9ac1876541f92979fae426e529558c0806cdb76f9727482d2d,5390
results/research8h/energy_price_bounds/summary.csv,b4c6f67b1cb401f3cbf3f6bfb66648b6af7449c6c50f9b01aa5954e1c5da59aa,680
results/research8h/exact_fixed_schedule/FINAL_READOUT.md,6ea13ba571e23e61a7c33beeab866559693d8c12967b5b72c1b23d5d185e0e12,4464
results/research8h/exact_fixed_schedule/artifact_manifest.csv,620b696d472695caa7c4a93c808df5ea7b26ddf8506155b9cb22541c4a2239ee,39164
results/research8h/exact_fixed_schedule/basis.json,c46f87bd1d33fe1d7c91395d7d91cba997e8047fc58745ca18d92c04072d6981,443594
results/research8h/exact_fixed_schedule/completion.json,afcacc321c3506f880d613e4265a1883d29695c325801adcba4342eff43d6770,598
results/research8h/exact_fixed_schedule/constant_rows.json,55cb4de453db1a304e9fdd5981f0c0344157c06eeaba275331a850bff6407eea,3965118
results/research8h/exact_fixed_schedule/conversion_differences.json,a5338d955b09046ec0b16f3a9625b7955c763aae07dc722e474e6078745f932f,4
results/research8h/exact_fixed_schedule/exact_blocks.json.gz,bb3ea42021bf41f75840e601f30fb0f751274d1185d5cc9dafece81be2327bec,535700
results/research8h/exact_fixed_schedule/execution_marker.json,bccde1ad9593409657b163afc4cb14cc93025b70c32d58c23761c2f2ac448f2a,256
results/research8h/exact_fixed_schedule/existing_cap_relation.json,2e2a55d0500b4acadb5076e8388fe511bfef06fb19739278938f6088b8de85f3,151
results/research8h/exact_fixed_schedule/fixed_schedule.json,b9d489ad87be1c54bf3ac067e132eba2d6b01d9916fc0212a7fabbf7cc899130,1291165
results/research8h/exact_fixed_schedule/hour_000.json,b340300ddd63c7d7e98fb71f963ad98ab0bcb0ad2bba3c8cf820a43cf905d777,35421
results/research8h/exact_fixed_schedule/hour_001.json,696e8b36ddb9bb04812f01d7ba51b930aa2a528f2be279c0324fb066c6e0e304,35559
results/research8h/exact_fixed_schedule/hour_002.json,b63b6338655253b7ddf535d4903742c383e2994c96473710c4627aafa7f73c8d,35431
results/research8h/exact_fixed_schedule/hour_003.json,2faf5a396c27680cb5cc93deedb164d77f2768da3686edb72c7448dbf2857d94,35822
results/research8h/exact_fixed_schedule/hour_004.json,bca7f12a33a8deddccb9714d7410324ab3d4ce328d1468dba4bc6da2bcf2ca17,35996
results/research8h/exact_fixed_schedule/hour_005.json,b5287e705408bc378cab91738115fc996dd1803967fc2ccdefc08d889bcd181d,35300
results/research8h/exact_fixed_schedule/hour_006.json,6b81a75610840a7f41995bf14265a09cce978da6da54e915abe28cd9a2cb68be,35913
results/research8h/exact_fixed_schedule/hour_007.json,089c8952b38653fcabf6f1aa994937d422326dbd67d09bdff0c08179484c4e57,35649
results/research8h/exact_fixed_schedule/hour_008.json,70e4b753c13fbe870c003d738230c24c70760ae13474a238c6cfcbb1d05cb293,35212
results/research8h/exact_fixed_schedule/hour_009.json,bcf7d3f8ecd61879554e99b7f6b86d4cd1ed96a7bfca447553e97bf5ef5c7273,35143
results/research8h/exact_fixed_schedule/hour_010.json,1d8d99a8d208f4f1691df05fef90e23ffadf26301b93e3892dea9f32d254459b,35974
results/research8h/exact_fixed_schedule/hour_011.json,f0bb97d8ad0035a15f4a00f84a27c44e463117e8b3c4a5c1caa10fa5bedea076,35080
results/research8h/exact_fixed_schedule/hour_012.json,8ccf4c9fc9e10a098204bf17ea5cea6ac93d0f8760edb838e811798957c46900,35849
results/research8h/exact_fixed_schedule/hour_013.json,d2531b83aaf7fa81cceb0d0885f1e4834b0ca847e4418ea60dc033d10b8e7970,36325
results/research8h/exact_fixed_schedule/hour_014.json,f2e495387abcb72b1a81269d5d9bf3ee7b62f65db55e284041dd662071e5a8f8,36299
results/research8h/exact_fixed_schedule/hour_015.json,f3d8e8befe1b6fd170dca4a5865a3e199eefe3ea68bb2b9f58bf96909e42f278,36031
results/research8h/exact_fixed_schedule/hour_016.json,c309e6fc6b55f17f59b952d3bc6b800c57b9cee35406125cbbb05b8bc4b3105f,36289
results/research8h/exact_fixed_schedule/hour_017.json,61afd613da2d828eadfeb0d6dfcd0fe30bd5b1d21228bd98f2bd3ad050a8d619,36392
results/research8h/exact_fixed_schedule/hour_018.json,a333729c4b2d5d575f5662542adac08a6bcb70839671632d4ee66a242ae2b278,35291
results/research8h/exact_fixed_schedule/hour_019.json,5cd2460a0b1c7d494b2973ff32814574ee964675062c61e626fa616886ae0fae,36085
results/research8h/exact_fixed_schedule/hour_020.json,164dc29d71f591e282208e0a4143bc63ebd22d9327513f02729b8ffced4ac7f1,36058
results/research8h/exact_fixed_schedule/hour_021.json,a3ac38a9642cc72551c0e16a3a3adeafdd1aab7efdcf7a747ec3d5ca7a13d353,35364
results/research8h/exact_fixed_schedule/hour_022.json,d90628fb7c26cf2c0cc98f5f85dcb64fb1ceeb767f2bddb14b4fbcd9921953f7,34997
results/research8h/exact_fixed_schedule/hour_023.json,211907138f8f4b42f15cc95b2c3d7ee4f00c3f700fad462cbf9b5c985302da7c,35533
results/research8h/exact_fixed_schedule/hour_024.json,389cf9713fde6a6f93c85348a3b0dfdacfa48eb931e77674733fd58b964f5157,35798
results/research8h/exact_fixed_schedule/hour_025.json,41f0cbaabb2302a14324b6b6e5b8171d4ebfa7e9db5ef1a1f83fe9f24e7ba735,35724
results/research8h/exact_fixed_schedule/hour_026.json,9bccda1cccc15fbdfe9b528cbef9367e01bd15e8f4504d24115856c65741bb69,35125
results/research8h/exact_fixed_schedule/hour_027.json,175e01d836d66e5e28a17dc112017872594fbc9b53cff3b73a0e281e030a7c94,35784
results/research8h/exact_fixed_schedule/hour_028.json,a73246149b6adfde3ef0c8c4b51ba0908f92934f24b41e6cb658877b44f2937f,35717
results/research8h/exact_fixed_schedule/hour_029.json,a03fc431313b8b75aa22716b7f2ed250f2d251bfef0c41cba30c5143b62c0338,36023
results/research8h/exact_fixed_schedule/hour_030.json,f0eb24074c65f7a78de64209cf21e8d7dec755d538c86e8aba2366d8101e17af,36103
results/research8h/exact_fixed_schedule/hour_031.json,0fb46c2f86ec289ad5126a78b276bdc104bfa1e5b300b4fd43e2b1d17b748bc1,36255
results/research8h/exact_fixed_schedule/hour_032.json,b80e656b4df3c984c5ca26e04da1ef8437bc1bb3c59dac457be639fef3731790,36105
results/research8h/exact_fixed_schedule/hour_033.json,5e1151e9c1e539e930506d3f44b7e4bf6fcbdbeaa5c97e8b339108e5c7379ccc,36056
results/research8h/exact_fixed_schedule/hour_034.json,ff6baadd609975f31834115caa2620215911d5cf20d195f051f428e38d790525,33902
results/research8h/exact_fixed_schedule/hour_035.json,66586e359a4e9976a2cf20b04b966c49a3630ed0f132c04f9c45667ea75f8b41,35300
results/research8h/exact_fixed_schedule/hour_036.json,135005d5eaad3cec315e9982108ad1552f199d84124a1b83357dbebf9d649107,36176
results/research8h/exact_fixed_schedule/hour_037.json,5e407dd8c19428f0fbd61fe047be9f9df1164ca4da9faf742a9599bf6f5d17ae,35494
results/research8h/exact_fixed_schedule/hour_038.json,69dc2515bc1246e6bc2c900cf7acba2cdeb0a0140634806f022544008f5ee85b,36093
results/research8h/exact_fixed_schedule/hour_039.json,e0f9578363d9992b021be3414af41e1c3dc4625ac82ac22db3e141c2cc56e85c,36198
results/research8h/exact_fixed_schedule/hour_040.json,34e501b98e7c38da4a93954a4582830e6054a9de11d385310adf62beb75fa50a,35810
results/research8h/exact_fixed_schedule/hour_041.json,682cee237b0ea3dd407df45da44d99cf769ffc07ce1cd9871d292856f994558e,36017
results/research8h/exact_fixed_schedule/hour_042.json,73a05fafe286f683524a49aa5b7e2070722dc5c3b939a70cfcce6e9909fc1afb,35422
results/research8h/exact_fixed_schedule/hour_043.json,45a2032745470c768ea0c23009743db12fdad52273f2a8977759016c812dd4e0,36216
results/research8h/exact_fixed_schedule/hour_044.json,0e80ca8d163e5033cb99e6eff36a89b08b96306da66086001242b8d716665c02,35562
results/research8h/exact_fixed_schedule/hour_045.json,7bd46e2845b760129fccce6ee0442419bcf9fa8e0d32d11b7792b56e9db7418a,35921
results/research8h/exact_fixed_schedule/hour_046.json,1924f7f95766d95f840377cd2efc028576538c5e06d863ac8cfc9eae78a72b00,35690
results/research8h/exact_fixed_schedule/hour_047.json,913c6045e47dd5cf7a9a35fa7ee5ebcc47cde0299d6f7b8e8b8b4b7c80c85970,35824
results/research8h/exact_fixed_schedule/hour_048.json,20f6e124f000f96979c1d40bdfb9873948774fe3704f1dd892cbd90164f91ed3,33719
results/research8h/exact_fixed_schedule/hour_049.json,0c6137bbc12ddc0a87c243b19342592aeff9c3c25bcba21fe7336d9c8c8c4806,35546
results/research8h/exact_fixed_schedule/hour_050.json,ae88fcb73e92ad36180d6ea9a1a0ed11fe3975e0e233e77612c05454b10099a4,35724
results/research8h/exact_fixed_schedule/hour_051.json,d515dd158af50879b6fed3bf39a702c7db6937f31ad4da54528c1613528f36fb,35826
results/research8h/exact_fixed_schedule/hour_052.json,ddce51a9cdb2e2b5b83360f4dcc91e053b7d18a2c004a49ca8a1748aa42c4fae,35017
results/research8h/exact_fixed_schedule/hour_053.json,1395f88f15e5cae67e5767bb2a53a23d7aec7d95922a7b95e6cc77e8d54080f2,35739
results/research8h/exact_fixed_schedule/hour_054.json,2424cae5bc515f7c8012a4b8ce30ff0937492ceb09a24ad51d5870681a4f9fc9,35463
results/research8h/exact_fixed_schedule/hour_055.json,176aafaad723bfe1d111f13d8c02ef8a4b3c1755f886710fdeb9794b3be43fa9,36159
results/research8h/exact_fixed_schedule/hour_056.json,c8f96049c20a214874831ab6154a960e48da90468f3820d1f6330903b37a923d,36254
results/research8h/exact_fixed_schedule/hour_057.json,598d8901a1d1c3b893c687130dc450fed2efda02b56968e692162648ffb8ae86,34056
results/research8h/exact_fixed_schedule/hour_058.json,03743ac9b374448f59c11f6ce8536777fa3d10d1ab992d4a1c89efb5fcb4cd39,35582
results/research8h/exact_fixed_schedule/hour_059.json,f6728807bfafde5903c69465f851bd90749e82250e6e85a1f393efa39b0618b2,34068
results/research8h/exact_fixed_schedule/hour_060.json,3ea520cad30fcfd8209c5229cba848096a5b1a8a03356246c03c39127969dd0a,35955
results/research8h/exact_fixed_schedule/hour_061.json,e5239533e2a2a8acdfa9834aaca4ee23bf76d453e7419c812d292b38f87a81f8,36062
results/research8h/exact_fixed_schedule/hour_062.json,fbeb9138e95c34098031f2d11adf5323d781f6b82768ecd1e449410399126ff0,36131
results/research8h/exact_fixed_schedule/hour_063.json,153f49e7bd1ac51c6ab11d9e06c1df9ec838610c32001f5eedc958da594307f9,36503
results/research8h/exact_fixed_schedule/hour_064.json,8cff8ac38211511df0f95155bc43566aed80f73773d72321d1407c1d262e5cad,36130
results/research8h/exact_fixed_schedule/hour_065.json,98ec257051e0fe6a83ecc1394fbaa94b1dd429f02230404664d2e27ed3a17c83,35988
results/research8h/exact_fixed_schedule/hour_066.json,0033b6495c9595ef9a4e83611495b84823c86c528fe7306a0a3ff03b21ee14cb,36009
results/research8h/exact_fixed_schedule/hour_067.json,37ee765bdef4b3993ff5804305696ebe50fb4f56e5aea1bd3fd42803c5d2dc63,35659
results/research8h/exact_fixed_schedule/hour_068.json,4ccac90cb470b8bd1346f63d1d8fe943bcab8c130f6b9d09508faf0ad661bdeb,36079
results/research8h/exact_fixed_schedule/hour_069.json,6aa60c6f1848bcc3d3cf894e7d36873b8b859cc932e6d174e874be8464332278,36090
results/research8h/exact_fixed_schedule/hour_070.json,f62b4843e9ed0d76ed5e126289a837ecf55b19ebea6fd476da53009b266e8987,36236
results/research8h/exact_fixed_schedule/hour_071.json,7410d51812a57a9ec4662e9f912e1fad22f0d79879837f6894b69b53ae75df3e,33855
results/research8h/exact_fixed_schedule/hour_072.json,d7b5f84a590e0992631a94428557f95dd565129dadbdd947948ae67eac26982f,35973
results/research8h/exact_fixed_schedule/hour_073.json,895ea049330b330517eee1bde800588a49efbda56fa57b5ba8425e3e8425b5a2,35733
results/research8h/exact_fixed_schedule/hour_074.json,0a0e693a90599ca3209aa96effefb8837a6904f8852a3f93575b55268f33c913,35867
results/research8h/exact_fixed_schedule/hour_075.json,e8f134183e4c838da1f922078def3ce6135f8ccecaf3567052c6ec56bb62f05b,35822
results/research8h/exact_fixed_schedule/hour_076.json,a98261158e4fcb2ecf43fc2689c79e60aabf32341bd93bd1fc1af5632a532a8b,35553
results/research8h/exact_fixed_schedule/hour_077.json,6fda47cd941dde54a14fa2d022a227d6247f1ee0e18cfedcb3f208fec92fba54,35763
results/research8h/exact_fixed_schedule/hour_078.json,eb3f80191408e2838a9928e378f9041f25533f8a7f947f9b0c898108b683bbb9,35287
results/research8h/exact_fixed_schedule/hour_079.json,e0551107e22299e043989ad5bef30a940cb5c81d0df1a73c7cff146e9d467da2,35861
results/research8h/exact_fixed_schedule/hour_080.json,c7919352e9a70fbb99e0f93ceb95a19b69e537755fdb90e21ae4c8f14e2c82f8,36250
results/research8h/exact_fixed_schedule/hour_081.json,b0225dd80e7c50688579b19030e6803fcebaa329b9f1e4d011b42b0e0c9f5d06,36498
results/research8h/exact_fixed_schedule/hour_082.json,1fd6ade3bdaed630f11b0fca3d70440ed400fe2319f573038392ce763ffbdd35,36536
results/research8h/exact_fixed_schedule/hour_083.json,db5f613b44f34182451e46b7ca6541febbb66c66ca904255aa74f0e29f360ff5,35788
results/research8h/exact_fixed_schedule/hour_084.json,edd2af2340608358dbf2c8eaecbcb8070b10a018c2d316d3e0f694243f78cb81,36343
results/research8h/exact_fixed_schedule/hour_085.json,34b9f16c99d239aab7e96df2d26a66b0349df5ec8296be94589f1452ced2baae,36415
results/research8h/exact_fixed_schedule/hour_086.json,bc03a6b86c6e9b1d9b542cdd51831ac1b3430bbf868fefea0d7ce835abb2f231,36324
results/research8h/exact_fixed_schedule/hour_087.json,77412de1e17dc231ca5966fe7e6915c1d5b85975797c2ba5519dbe329f052990,36497
results/research8h/exact_fixed_schedule/hour_088.json,3011e9a1a412f65d17819f5d12708d7f2186a1c6ce2a45e7c4e06da1b2f39be3,35943
results/research8h/exact_fixed_schedule/hour_089.json,dd8522fa1516e35347db48202350033bf0a0d20c865e19a98222956ddba8e675,35489
results/research8h/exact_fixed_schedule/hour_090.json,9339f31dee6f5d14a590bc24517ca2a44e17a5c57791b1b8b63775c999bcacca,35647
results/research8h/exact_fixed_schedule/hour_091.json,10d3c6ec5b67a9e68860564c08b3c0776fe878632e2d7b893f14c2e12338effd,36150
results/research8h/exact_fixed_schedule/hour_092.json,e6eb7b4df707d0ebe4961d45f585fd2ec71f8c9cbb6321e3905c7cf82e6e2a4b,35713
results/research8h/exact_fixed_schedule/hour_093.json,af023552cd4633f78fa508c6851717ffd80817fb82ba76c439b2a60906c09c64,35870
results/research8h/exact_fixed_schedule/hour_094.json,741e155b579aa0d323ed68888b45f8bc3d731c7dbe7acf0b1d2d1ca8f37b9967,35830
results/research8h/exact_fixed_schedule/hour_095.json,70e1b1fb57ab5c8ace41a69d068a00d1a5cba1cca3410cab4d5f6c0097450338,35769
results/research8h/exact_fixed_schedule/hour_096.json,86fc9b71881348a2ac4e227b45f9f2d8df89600343e0bd8fb8bfe201099501dc,35801
results/research8h/exact_fixed_schedule/hour_097.json,753274a4547e24a7eae8da305b97a897a0a3a75a053429dd8bcee1b75dbd339c,35146
results/research8h/exact_fixed_schedule/hour_098.json,a4e5b695369cf881c6c1c900f0e671ef54cb64563344da0e3610da2ee65992e4,35810
results/research8h/exact_fixed_schedule/hour_099.json,90d287f18b41007a861a182ea53223565ea0cd88233db359688c7271cf3eb008,35789
results/research8h/exact_fixed_schedule/hour_100.json,65841fb77986c0b581c4fc932bf7edcee8d514b63ae31094c597def5d97c3584,35690
results/research8h/exact_fixed_schedule/hour_101.json,bd4be590a98489cc057bd8bfc0450758b32409341dff3e8d6c7cde03f602fe2c,35835
results/research8h/exact_fixed_schedule/hour_102.json,b4398b15e2603c04c43c9ca41063e1c2f42cc3664a57de5ff9951a0d178ffd9f,36001
results/research8h/exact_fixed_schedule/hour_103.json,0f7406e5d0c79a2365c2bee3f81247bbb3a481080a1efc22ee3e1aaa380f942d,36201
results/research8h/exact_fixed_schedule/hour_104.json,ab0f7709976b2120991f33643624709643ca0c1c952ef1a41614f8fb04feb638,36204
results/research8h/exact_fixed_schedule/hour_105.json,3c3743c6b71338e8ceb9bd32234bede3044a1046c2bd8e84054ea0917681f156,36133
results/research8h/exact_fixed_schedule/hour_106.json,e43dee96e615b874c484f170b07c79f4f0046b3faf9955d738c06589116de58b,36097
results/research8h/exact_fixed_schedule/hour_107.json,ce2d3b5b969b6636c5938451716314df9d68abbea45b913307c6edb5fd4ed94e,36048
results/research8h/exact_fixed_schedule/hour_108.json,6d560ef009eccf9a776cd4918f97238e23b5b203a27678fee6f15fe08ac3e998,35277
results/research8h/exact_fixed_schedule/hour_109.json,18e0b71c6cd444f587c279c7799de8e1487f5e6ebc3df0ca61eae876756131da,36110
results/research8h/exact_fixed_schedule/hour_110.json,42bb336fb734d6ecd1fde42ded71f41d409f7eb16a2cc938fba9f332b6a80838,36317
results/research8h/exact_fixed_schedule/hour_111.json,ca52473042469c439d98269067c5c2ecdf75891162ba921b68a9a08f534e97a4,36247
results/research8h/exact_fixed_schedule/hour_112.json,9e05671434b3e56c2ca16ca99973d99064996679903d260289271c2f57841923,36034
results/research8h/exact_fixed_schedule/hour_113.json,027335db4a93c900e85e2c7b02ab80c93c60b2bb4f9cedbee63a38adc50cbfa8,35447
results/research8h/exact_fixed_schedule/hour_114.json,29db0220fdf14af1a85fcd48e0a005331abe55c34003c18285441859f91468f9,34736
results/research8h/exact_fixed_schedule/hour_115.json,d37f41878f1d3797d12cd5abf86f1384e1a6970343a9dfd451937de024811a13,35704
results/research8h/exact_fixed_schedule/hour_116.json,55f234402956c9eb83139b62c2f87f2a333c503dc00e5667c93f8b9bb7b85126,35569
results/research8h/exact_fixed_schedule/hour_117.json,dd523086e4ca393927e44ddfef76bfc6948ffd09f7c46485fe0b19fb953009c5,36061
results/research8h/exact_fixed_schedule/hour_118.json,2831d9bd51dc72b80a0fa3222b12e1ed5adc158289eb716f6dda0e006e2da0ec,35979
results/research8h/exact_fixed_schedule/hour_119.json,60ca0c714326d60466e3d9a8d32b41cadc7644f4b2cc80d9a052e451574480ee,35621
results/research8h/exact_fixed_schedule/hour_120.json,926df282476be558924c45ad1e76fb33eeaf138fe87f3f3cae68097dc9736566,35802
results/research8h/exact_fixed_schedule/hour_121.json,19ad5b367003688cb48c9c515238ae886efdb68167c522e291bab3685f39d536,35154
results/research8h/exact_fixed_schedule/hour_122.json,ba26c16fed7cb92727302a0aa6e424face718819db24b36b0a6f84fd9b1c8e42,35878
results/research8h/exact_fixed_schedule/hour_123.json,ade501ad0d3ba3b5077bba7e4c6a1482700442ccadbd8a1edac2e86eef18d2f2,35860
results/research8h/exact_fixed_schedule/hour_124.json,54dd456a4d98fec508a3f4df162033b00abd69f48c1ccebd00fa111ec5df68ee,35657
results/research8h/exact_fixed_schedule/hour_125.json,b129cf68d26487b438100fd8496117c9d25629463179380b08f68c95047fb57b,36001
results/research8h/exact_fixed_schedule/hour_126.json,cdb2465ca8f7ccff95d6a3e408bf0b95691eeeac8541d009e150ff949cbacb53,35949
results/research8h/exact_fixed_schedule/hour_127.json,cb4f901eed92341cb881d6ea1b64a0f1fb57ffc637cf4d29a711e324bfcababa,36290
results/research8h/exact_fixed_schedule/hour_128.json,c545214a43342fa3bf46eede4e82508e71a2a03cfc23ed9a55f4195fd96f9147,36086
results/research8h/exact_fixed_schedule/hour_129.json,e103f58253a1674cf284e0b10b869c6e8d8902341232c6d48ff98d6044e89f96,35916
results/research8h/exact_fixed_schedule/hour_130.json,8d517e9aa2deedb78bb9d73be05696f7ab3248c99e8948cfee4afaa9179c560b,35467
results/research8h/exact_fixed_schedule/hour_131.json,ccc4a7d80de1dadd1553c31b7c26bd286330dad156560cc19be0e89fae791194,35391
results/research8h/exact_fixed_schedule/hour_132.json,ecf867aaf1c9ad7307aa050593624e38b0606bab033135ec20d2b24d4ab5ca52,35117
results/research8h/exact_fixed_schedule/hour_133.json,d64cd33846fb4a7d6a4e365bf45b04dda8a5ed8b46f4e51e7109e2cf01e461d2,36310
results/research8h/exact_fixed_schedule/hour_134.json,8177cecf2979bbe1812addbf1b845300f612cb6f2b25cda252d36b24571e0589,36000
results/research8h/exact_fixed_schedule/hour_135.json,bd2364608c3278e03382bdc6247af5160d64746d651e9c231d8c7c05d3102e65,36360
results/research8h/exact_fixed_schedule/hour_136.json,98cc9a9c828f777ff946fad9c3ffde9d018dff6239f3bf12b9fb7c8987dbf3b6,36045
results/research8h/exact_fixed_schedule/hour_137.json,24e0b8328d96250d91a3ef9943af1d4d3f6324097bd8a3f416bad67c932d260f,36193
results/research8h/exact_fixed_schedule/hour_138.json,74a5fc8046cd79a38f96a20e98565887f8bb085af667e53c70b7e795dfd69805,35742
results/research8h/exact_fixed_schedule/hour_139.json,874900b2df06bfc2928846a782da47eb47352a656c96d40dbe854e652d8e8560,36126
results/research8h/exact_fixed_schedule/hour_140.json,1d431427a6d5e096e992bfee437a150f74e0cf4a6d1e9f77921754c0f887729d,36562
results/research8h/exact_fixed_schedule/hour_141.json,61a5557069d0a457e661c4ba608386681fb66930161a010a9e2f55c8b8fa97b8,35885
results/research8h/exact_fixed_schedule/hour_142.json,361b60c04e87f24f5261795da30a8396ed93cb2cbd305650fc241bb5ac509fe4,33718
results/research8h/exact_fixed_schedule/hour_143.json,44ceeb7b1fe63af14c7eaa5e2f1f1962626c7a4a82b2591c8f489e2320f7c06a,35811
results/research8h/exact_fixed_schedule/hour_144.json,9b232963550c4090168c1d9c4c331b2bcb601e2e351325bec9325ef199cbb1e8,35779
results/research8h/exact_fixed_schedule/hour_145.json,209d4f1a71ba891f3cdc85e26778e8a07c0d07368163bc5ca9b19798168c5d59,35925
results/research8h/exact_fixed_schedule/hour_146.json,269c12b99f14e3c57a2e9abf8ca1c9c058be62a2d6d48540525adb4435a7fa9a,35803
results/research8h/exact_fixed_schedule/hour_147.json,f79d660ac21deb95c08648fa27e918d4aa4b73040436308bf067c775ddfb218a,33541
results/research8h/exact_fixed_schedule/hour_148.json,5d485cbe707f1c1a536072c961e06d61624372bfd3b0a65b055b0e0fa0cf3124,35738
results/research8h/exact_fixed_schedule/hour_149.json,2be34bde003c2c8c0fc4fdd4343f6feae73aae14e0766e768a3aff6c302b47e2,35873
results/research8h/exact_fixed_schedule/hour_150.json,58d41cbca59817338a89812a0896da6f31925326ca93d00e122484fd2158008d,35982
results/research8h/exact_fixed_schedule/hour_151.json,721841f3c90b30f4b537d4243e6f4798ea09f6f61e4d6f1fea27022d045e7ac3,35677
results/research8h/exact_fixed_schedule/hour_152.json,8ab7a63fb8c6b02e3ef31ed32d325cf230b0b4646ecc35fe162491f5bbe372e8,36283
results/research8h/exact_fixed_schedule/hour_153.json,915309605bf5498915d95616e1341334ef0674ede56f5567f8fe193e33bb8ae3,35449
results/research8h/exact_fixed_schedule/hour_154.json,c1d489189b05522a045f2bfd99570daf79249c3e2ef0cb8d2081faaaae93d960,33828
results/research8h/exact_fixed_schedule/hour_155.json,6dfefe2185d099c6e9d7d67dbaa5e91d205871fb3f3d2396555a3421fc65cd49,36143
results/research8h/exact_fixed_schedule/hour_156.json,d1a149493bc36ca4f75f956aeba4483440a878eca404e69ae0cc8e66cfc6564c,36040
results/research8h/exact_fixed_schedule/hour_157.json,f74a0f7e55cc88821cf6704b2500d4ad8dedcd475b5a7d0b69ccf06f8e491f0d,36116
results/research8h/exact_fixed_schedule/hour_158.json,e08ad926c17f83119a6e444e8288f31a78534f916def35e045b4e5776d928170,34234
results/research8h/exact_fixed_schedule/hour_159.json,077e3b40d9ec3d4be94458d74ce098b3ce662ac470eea7c71d04b7105a967e75,36197
results/research8h/exact_fixed_schedule/hour_160.json,188e2db0e5a47b5c0ed5be7d3c46a2fe39102486b8951cbe9c1623eed6c744b2,35575
results/research8h/exact_fixed_schedule/hour_161.json,1b8bbd54679f41db612583298d2673d44fd9ec6b2576beaf7bf72c61458d86e0,36413
results/research8h/exact_fixed_schedule/hour_162.json,8df879a6ce1dab30e61dfe4453983c74d593c46293d7b58f01eb92ce7040310f,36235
results/research8h/exact_fixed_schedule/hour_163.json,093e236f48d0d4c51bb580a01b03bbd517bcf7cbd3857534f99ce0f181d26e40,35967
results/research8h/exact_fixed_schedule/hour_164.json,1c3bcf6d11e1089cd63716b5eb1fb810a866a0b28532f37083cbb88e78dd97be,36143
results/research8h/exact_fixed_schedule/hour_165.json,10428dbae7bc1b1fb1ba8bbef65586c7af8fe8c19bbf29e097f9bbfa74c9fbd4,35812
results/research8h/exact_fixed_schedule/hour_166.json,2ed690e4f066d1e87a9df94fa871bcc4ae68044a8e61086205115f61f8bb96ac,35140
results/research8h/exact_fixed_schedule/hour_167.json,84c974426013a83bc1ab9350e7928ca822fa320e0db45fa191d512045b39b7c6,35699
results/research8h/exact_fixed_schedule/input_manifest.json,397fdbdd982ec11dc7265d842733df40fc0ad66a22922ea40e06cfebdaf03da9,8962
results/research8h/exact_fixed_schedule/launch_decision.json,a378acf629c9f93401c73e40f4b56ad1b3a2329d2853d2bac573738bc9e07926,428
results/research8h/exact_fixed_schedule/native_spec.json,9a2c78233792adb44a3a50ba7510769185457660551f92892941eeda1bacffd3,18523
results/research8h/exact_fixed_schedule/numerical_proposal_point.npz,ebea451a4e68f93e8497ac91392cff097a6ab5515d24a17f54c707071be99295,107556
results/research8h/exact_fixed_schedule/outcomes.json,681e6832d54ede42e08966a243d067920cf5937b9fc1dbea66d497d870b32dc3,14343
results/research8h/exact_fixed_schedule/preparation_report.json,5d59d2108095ec9f0df129debe2e5fa8141a795a3badf87475049433dcefb12c,2354
results/research8h/exact_fixed_schedule/prepared_freeze.json,35a7cf4114915b5f47e216aa96b363f92dae4e1ab022864a064cb479667b3eba,974
results/research8h/exact_fixed_schedule/proposal_bounds.npz,a96cf99078d76bbf7804942d5ab61f0eb7792f9938a2038fc39da8716b60113f,50880
results/research8h/exact_fixed_schedule/proposal_mapping.json,700cbde25098ec6f481524b49d2445beff27535b6a308496a003a0ba5b55cc36,1539099
results/research8h/exact_fixed_schedule/proposal_matrix.npz,f2200b0d89966c5ac7df754a8861f08118c59842236904b875ae2cb301e4dbe8,77617
results/research8h/exact_fixed_schedule/proposal_objective.npz,c13ebe4f63cc3b1a3be3d34363d9ad5d445b0b925718fd0cff8da3e498e37a76,1018
results/research8h/exact_fixed_schedule/solver.log,13f79c7ec468060b19578bf13ccd03f7e0ffca97148472bd890f89d8fd05c162,687
results/research8h/exact_fixed_schedule/solver_result.json,0fa4de472efa1ade69b9ce3ccf014d71c200885f234f9423c5b9fc5b1f4118b7,366
results/research8h/exact_fixed_schedule/transformations.json,9c909bf00198cb98dfc2c1f0e0c9fc76d53c7b4f75000cb0a75549ebe0edc75b,425247
results/research8h/exact_fixed_schedule_implementation_tests.json,23b03b866a76b426fe7e5f332b90f102327b9904fc6ff0dc084c9c2bbe91dbe7,1013
results/research8h/exact_fixed_schedule_independent_review/postrun_review.json,d51df7e62510bddfac755506f6f63cafe605385ef43fbc9f7e87061321115d1d,43237
results/research8h/exact_fixed_schedule_independent_review/postrun_review.py,de87886f3fd7926489bb85dd762190b1f72bcc5ed3fe58346e4fd82565b8db67,16330
results/research8h/exact_fixed_schedule_prepared_review.json,e5f1d58cacd663a5b256c8aec8eafdefc5287ad69a7c7aee9f50a87de297ba15,761
results/research8h/exact_fixed_schedule_prepared_review.py,c872b9d5e4dda64054ed07633f50de961a01ef1444ab5c3ade2c416e58c7d296,8760
results/research8h/exact_fixed_schedule_prepared_review_attempt01.json,360531b8a1f26f7784f2bf6ad89badad40c23d3e8fd67c1ab2b96f2c914e3067,490
results/research8h/exact_fixed_schedule_prepared_review_attempt01.py,bfa1192a5d7e0625356f94d9f681a8968481f9b1e4e5822e5aca92cc0620304a,8586
results/research8h/exact_fixed_schedule_prepared_review_attempt02.json,028692da4783f30eb5138c09bdce0095be1d04cfa3b7e38f1d9b7ea68ab56b1f,316
results/research8h/exact_fixed_schedule_prepared_review_attempt02.py,5cdbf90cab58587408498b2ab061ecd6bd5defe2bfe2ff8bb6b10cce2ab7585b,8759
results/research8h/fixed_reference_service/input_manifest.csv,b1bf8b2e1e4687e73c93d107adad25c5b5c67437b05d7cc3c6b3e37c546a81cc,8244
results/research8h/fixed_reference_service/models_frozen_before_first_solve.json,266f47d77d0ea65b09f7dbab118aceee69c3a3efa5a84409237b0c5929719ab3,431
results/research8h/fixed_reference_service/seed_26092600/fixed_bounds.npz,3dc452859e64ebaf4593410bc651bd32c612f7f3c0cccfc3718f542629e2bc78,56503
results/research8h/fixed_reference_service/seed_26092600/model_binding.json,47acd310248644e2ae7780666557ca9860c5a27f2c0f87ca49a88ef7fd85bd15,523
results/research8h/fixed_reference_service/seed_26092600/result.json,7f8cf267e767b81be698f1bd290abb5f464695e7b18c68db0620f43ee50968ff,233
results/research8h/fixed_reference_service/seed_26092600/solver.log,d8b00ceecaa8d0bb7fe40002035ccd2ccd8168b6c01820737e97dc8fcd9e6677,487
results/research8h/fixed_reference_service/seed_26092601/fixed_bounds.npz,f4d9281f91fcb82ffb7fdc0ab02b4dac196204fa7fb2ceb0d9bb307bfc0952cd,56740
results/research8h/fixed_reference_service/seed_26092601/model_binding.json,8444a3f573921e531c80261b9aac249254f6a9578edb04b039b1504f295d825b,523
results/research8h/fixed_reference_service/seed_26092601/result.json,6c6469ad2b750c78efa5febd49f8a5e5ae3d7bf0f01336c8c3c93255cc5e1873,232
results/research8h/fixed_reference_service/seed_26092601/solver.log,4dd90c90a7333d2259369c2322b36878eccaf3807fd93884c7ca36bbab84593f,487
results/research8h/fixed_reference_service/seed_26092602/fixed_bounds.npz,4065e2ee72f30edd27711a9448e98d5714401d715aed2e01e4056c9373678697,56675
results/research8h/fixed_reference_service/seed_26092602/model_binding.json,99a22d6be5e59f8854db4c1f14c0324a19d5203c756141585c615a845d470b5b,523
results/research8h/fixed_reference_service/seed_26092602/result.json,6f931b8803d8f40a67d1dc138f14a0dc44022ce0ed173becd7757942905c336a,233
results/research8h/fixed_reference_service/seed_26092602/solver.log,9100d19184566d39045454d7a88c0ed9df3012b79e7057e5325a866f2e878387,487
results/research8h/fixed_reference_service/seed_26092603/fixed_bounds.npz,cbfe24763a6076b43cdd152e226ca9ccfe618245c7bc8621ac1222064f1d224c,56743
results/research8h/fixed_reference_service/seed_26092603/model_binding.json,b731c8e0f1943268cffb3fed8d6aa1f4ed36c5e52eae6b6b1bb4e00b7fe7bbf6,523
results/research8h/fixed_reference_service/seed_26092603/result.json,65d2f7dc01c3c8265206e1022e64ed8517c7c7e2b21a00d2b5cdb8d9035f757f,232
results/research8h/fixed_reference_service/seed_26092603/solver.log,4a5902f9fba6c74c3f21b1fb008f5443e2dfe63937b40201180b43e6f08ad30e,487
results/research8h/fixed_reference_service/summary.csv,3688459b0d057aed0e07d707b28236b8479972ed2c45cd7795c7fd1e9d8c1077,438
results/research8h/fixed_reference_service/summary.json,7006d6373cf6e305038b958767fa79f3930716099a187e5e3ae33b2c74e21cb9,1011
results/research8h/fresh_energy_postrun_review.py,14925541da0bcebfb59d09983c9101d48caee76ad7ea2535540d9774087335e4,12694
results/research8h/fresh_energy_prepared_review.py,31a4086276e71388cb0ae91386d9cbdda2fda8b9d7482020df5e6f1c3c44c283,10160
results/research8h/fresh_energy_review/postrun.json,e71c1c8c553efcaa952ab4afc728ff6af52a60b21df0343170c9dc05feee9d89,64941
results/research8h/fresh_energy_review/prepared.json,dc337680486ae13f4680eba94cf61111d33c6d8c0e596694a9a88aac7bc8d0a6,11205
results/research8h/fresh_energy_review/reporting.json,fe2310058c942225fa172f1d22480275067c2f0253b8291d1724edb1e0a0801c,1536
results/research8h/fresh_energy_review/reporting_review.py,ed6db7b31403a260fb63fd731a89dc9933a2adab5bc93c110045ec9b739a15ee,4353
results/research8h/fresh_january_energy/PREPARED_INTERPRETATION.md,8123f28bd8c94225556e7289e6178fba3a6bd7adb72d2a3125933dfe75ad151a,1467
results/research8h/fresh_january_energy/READOUT.md,26e92e8e46369a2bf51e1deec4059df06ba17e3db979ae9e7474508120a3e31f,4613
results/research8h/fresh_january_energy/allocation_audit.json,ecab955aa91d8d3d53c83674ebec6cf3cf73a620410b3e43f0609256afe33856,8483
results/research8h/fresh_january_energy/allocation_started.json,26edee2726b490f87e8edbaf8b5642044e8004c613174e53976b33aa3529d087,231
results/research8h/fresh_january_energy/completion.json,fab533b066f89905e2e8172612d44c596b888871db3d6594ee1667336b8bf6cf,622
results/research8h/fresh_january_energy/energy_brackets.json,ed4e0e6eb4f88b8a660c7b46495a95d30eebce94f715be83cedf4a884930471c,17761
results/research8h/fresh_january_energy/execution_started.json,04ab525d7efe4d5ca0655885f6daad68186b33ccf28fa32419cc9e811aebe1e8,421
results/research8h/fresh_january_energy/final_manifest_check.json,c5c6746ff747b0b32e7d76e7f160b89f9cc42a1678ae4242179de5a8d0534936,137
results/research8h/fresh_january_energy/freeze_before_preparation.json,1524b6c2e3cfc8c624ef7eaf2a742ccc28db049b236067f1dfb26acc95c6d5cc,447
results/research8h/fresh_january_energy/identity_energy_bounds.json,9cffacd9ee0467ca2fd7a53b69e2d5b8cd0fd407c6e33fcdb49bdb926171d9b2,1454
results/research8h/fresh_january_energy/input_manifest.csv,44b382d30a30b8485beda0cf080d22cd991b55a9f37491939f633d147bc14f2a,78727
results/research8h/fresh_january_energy/launch_decisions.json,4ca02357cf4f50c4cd585817ec1b90711e82e7d82b9dd9435ede454720f75fbf,2724
results/research8h/fresh_january_energy/lp_results.json,06353ab40ff6242737ce7b27ed191d676a1b3a2ccf7888e674434c54766168cc,13853
results/research8h/fresh_january_energy/mip_results.json,b79c688fe561100919e92758063d69dc3f475f1d036e9572ade2338613f43296,12148
results/research8h/fresh_january_energy/new_cap_implication.json,29d295f2e47cc0782409e65b13bf2b1047e719add05f3343e52ada4db7efa71b,3534
results/research8h/fresh_january_energy/parent_manifest_checks.json,0e8b916abd0cbd2817e62e935a072ff52d768957ed48ed261a989e4c5a16b30a,583
results/research8h/fresh_january_energy/parent_outcomes_context.json,1c0cdbd3291ca9a8008c558e50d73553a79e51c0e5942e58d30115ef6c173979,1371
results/research8h/fresh_january_energy/prepared_cases.json,73db971bb9bd0869a9f14182f89ad19d06ee0c9aa4f8b5f39562e80e6dbaf18e,4595
results/research8h/fresh_january_energy/prepared_freeze.json,07b238b9cbc5b7d5296e13fa09a01bac83124d1c7203bade300b93c3ff6c5349,1136
results/research8h/fresh_january_energy/producer_artifact_manifest.csv,f48d012ff996f86e1981afe3b2d79165b0c80ae47f0cfdde43922fc17cbd4b90,17621
results/research8h/fresh_january_energy/reference_bindings.json,61424d924d596ecfa7cbffddbb668890991532a453d7b845a71a1bd6368df37c,6407
results/research8h/fresh_january_energy/seed_26093210/bounds.npz,460256f48c1cd1f06db5fcd06ebe51c752065196ee71adba39bcfc80de9a6e23,52577
results/research8h/fresh_january_energy/seed_26093210/integrality.npz,3dce3436c853f1dcf296fce09408a6a3d1049e6c2a89568469af8a1c4ae6d73b,282
results/research8h/fresh_january_energy/seed_26093210/lp/exact_lower_bound.json,3fa24dd2f88df0399746570c2754821c66e68f93b7f595a8100c2c352c3fecdc,2232
results/research8h/fresh_january_energy/seed_26093210/lp/exact_stationarity_residual.json,81d1333493f7cf1a352f3947a819c5a8994c8206f49fe21c881e8f5c5e620e08,950954
results/research8h/fresh_january_energy/seed_26093210/lp/primal.npz,67f3707f5ef81ecc704f327d04ad2d1e7992adfed05ac5f60efc998d5c34540e,112689
results/research8h/fresh_january_energy/seed_26093210/lp/projected_row_dual.npz,ec13abdaad6a42fd8911499ab8f328849fa91979a45c6e5d8d64a052bba4a45d,4557
results/research8h/fresh_january_energy/seed_26093210/lp/raw_duals.npz,dc37a7cb8ea83e081a9883b46392888c157fcdd5e561946745c3d0074b523f9e,9375
results/research8h/fresh_january_energy/seed_26093210/lp/result.json,0990ce14a5ab9ce4784b8d4296421ae77c41821f221a8c0d1c730bb3777fff8f,2162
results/research8h/fresh_january_energy/seed_26093210/lp/solver.log,81c6488325ade3cd0ac9a19a91f67d574619ef94bad130f4ab616fd42d6667d0,715
results/research8h/fresh_january_energy/seed_26093210/matrix.npz,43eadfdf239a339757187fa4d52e786d1be7277bb93009d5ded1973523bf1386,193396
results/research8h/fresh_january_energy/seed_26093210/mip/exact_point_check.json,57fd0c8bdf230810af96c54e1a2d2d25683d4b997251d2b781d3cc586bdb21c4,854
results/research8h/fresh_january_energy/seed_26093210/mip/native_no_cap_check.json,320ec021f2d5c485e128db32a4a8bc4094eb01d026531db8ea68ebf2b400daf1,1471
results/research8h/fresh_january_energy/seed_26093210/mip/raw_vector.npz,eb108797781e09c8afe41de339d53fc45f5d54afb59b9929ae9935c50ced8769,42133
results/research8h/fresh_january_energy/seed_26093210/mip/recovered_vector.npz,e7fce362ad6bc15813a61cfe0cd5cbb243c98e0796d156b73c443e961f68407c,42124
results/research8h/fresh_january_energy/seed_26093210/mip/result.json,c935c3571bdd5948359e6e9033f452842619b60b6b0488ad0bb7a6b2518c54a8,2856
results/research8h/fresh_january_energy/seed_26093210/mip/solver.log,0be4217eb8edaf40561404c78ba32cc6fbb0c4107d5cfa7997309c061157fd0d,5417
results/research8h/fresh_january_energy/seed_26093210/model_binding.json,05964bfc92249abd1ba60bb18ae82f6d89e8e438aed3e6e1bcd53884347a10e3,991
results/research8h/fresh_january_energy/seed_26093210/model_metadata.json,161e9b9a8ba64f3ac61bcad38d058faa05bae0266019d0cdfae84e82bd239684,2738
results/research8h/fresh_january_energy/seed_26093210/native_inputs.npz,95a05fa6afc5a9f301b7fa6df9b3dde0f64a4a688ec4eb1d26fd1ca417b1bdf9,27021
results/research8h/fresh_january_energy/seed_26093210/objective.npz,4a11881191004d9f39ed53d3cd18a5861829593b48c4e97d67e2af2d01b17632,864
results/research8h/fresh_january_energy/seed_26093210/original_integrality.npz,7fae01f9639be86f0b91683b2d2a72f166c06593fb646001bc0417e97aaa712d,282
results/research8h/fresh_january_energy/seed_26093210/permutation.csv,42f9b919b475adf7f077236d4256d97194cf2a18f39571ec1086cae1c4970810,2020
results/research8h/fresh_january_energy/seed_26093210/projection_audit.json,e9648ffe394153363cc189379abca6edf6e2c18e40dcf9206ad9347283524473,292
results/research8h/fresh_january_energy/seed_26093210/retained_parent_rows.npz,f716fa7f6865e9a44befa66565a1e2d264781db9ec7077eabe815854588dbcc5,52739
results/research8h/fresh_january_energy/seed_26093210/row_metadata.csv.gz,4879a6d5f6ec5e59e877bceea2cc51e87e1b0efa8d84d076f1bce83a4308c7e8,222153
results/research8h/fresh_january_energy/seed_26093210/zero_dual_baseline.json,73bc024d6c5bfe3e642d374defdbf0d742197c7ba0e21702f8e86bdbfe1e3eaa,1666
results/research8h/fresh_january_energy/seed_26093211/bounds.npz,c3ce048491371d8f0151e18fa1d657c0239b0dba3f77bfa1a744a94d6b5f0576,52832
results/research8h/fresh_january_energy/seed_26093211/integrality.npz,3dce3436c853f1dcf296fce09408a6a3d1049e6c2a89568469af8a1c4ae6d73b,282
results/research8h/fresh_january_energy/seed_26093211/lp/exact_lower_bound.json,b75b05a5f33b3ec5d611a509f239d293e33d027c2d97302d4d14a99a0c917b09,2224
results/research8h/fresh_january_energy/seed_26093211/lp/exact_stationarity_residual.json,1fee7e00c787f46bab579c18c832f10b076c91904c6910409d65200a479bdddb,899958
results/research8h/fresh_january_energy/seed_26093211/lp/primal.npz,6abe321e619fcff57ec225dc99941c37c319d89b30133e59333ad99b076c55cf,114571
results/research8h/fresh_january_energy/seed_26093211/lp/projected_row_dual.npz,4c28f27360064b069e5c7aaefa2525bb9094c2d9a76e29edfa01bdd1aa955fa7,3322
results/research8h/fresh_january_energy/seed_26093211/lp/raw_duals.npz,abddc103cb6511fc035d4bcf3fbba840e73002a3d1821ba0c12758d68c2dc639,7092
results/research8h/fresh_january_energy/seed_26093211/lp/result.json,c5c563f69354f8ce6a80f133c6c5241653039994805ccd2422e1c0c056cd45da,2160
results/research8h/fresh_january_energy/seed_26093211/lp/solver.log,fe6afc8c049da5a2d56e8f02e6d405b83a3473dbfe50c7a34a11ec3b5f3bb342,715
results/research8h/fresh_january_energy/seed_26093211/matrix.npz,43eadfdf239a339757187fa4d52e786d1be7277bb93009d5ded1973523bf1386,193396
results/research8h/fresh_january_energy/seed_26093211/mip/exact_point_check.json,18a56b387e372b979be1a6215f29243339a018e4ee4261a4c6636294cc129a66,854
results/research8h/fresh_january_energy/seed_26093211/mip/native_no_cap_check.json,389497be0f116cce8740a0866be1d252f6aa1a6c3d13239411220955bcc6c2ea,1494
results/research8h/fresh_january_energy/seed_26093211/mip/raw_vector.npz,d72b5297702e288393223967a84af914b48f8413e7974fb0d54265d5907b06b8,45611
results/research8h/fresh_january_energy/seed_26093211/mip/recovered_vector.npz,2a7bcf367329f86401011d00e82840fc56dceac33ad6a2f4622e08a7b0c7ee51,43056
results/research8h/fresh_january_energy/seed_26093211/mip/result.json,4ac8892ec0c20dfd51ad41f8e445a8cbebb0a28be0c827f069f505a0a5f9a5a5,2900
results/research8h/fresh_january_energy/seed_26093211/mip/solver.log,0c1fded00f0d0ecf6677cb37f876a1c97f7c5644a0d608a00106dce7f0b415b9,3414
results/research8h/fresh_january_energy/seed_26093211/model_binding.json,aa24ffa87df5cc5cfcb6c30a232b654bc6c3423544d1e2b59b92e760f81e867f,991
results/research8h/fresh_january_energy/seed_26093211/model_metadata.json,536464610d9bb0437e785f78994d03573d4552e7d9c0894de05cf9379da74e6d,2738
results/research8h/fresh_january_energy/seed_26093211/native_inputs.npz,a32addb7ed782be0ad6733821359c93998a2089fbcd9f00e849554254223be1c,27016
results/research8h/fresh_january_energy/seed_26093211/objective.npz,4a11881191004d9f39ed53d3cd18a5861829593b48c4e97d67e2af2d01b17632,864
results/research8h/fresh_january_energy/seed_26093211/original_integrality.npz,7fae01f9639be86f0b91683b2d2a72f166c06593fb646001bc0417e97aaa712d,282
results/research8h/fresh_january_energy/seed_26093211/permutation.csv,4af3299fc052afcba52fdc2b25459028e50bf392b5b9470910e885848ba5dbab,2020
results/research8h/fresh_january_energy/seed_26093211/projection_audit.json,e9648ffe394153363cc189379abca6edf6e2c18e40dcf9206ad9347283524473,292
results/research8h/fresh_january_energy/seed_26093211/retained_parent_rows.npz,f716fa7f6865e9a44befa66565a1e2d264781db9ec7077eabe815854588dbcc5,52739
results/research8h/fresh_january_energy/seed_26093211/row_metadata.csv.gz,c7ad8a7e983860e8a5b2781c6a94f9246b9484cbd18eca268c1545b2548c3380,222153
results/research8h/fresh_january_energy/seed_26093211/zero_dual_baseline.json,73bc024d6c5bfe3e642d374defdbf0d742197c7ba0e21702f8e86bdbfe1e3eaa,1666
results/research8h/fresh_january_energy/seed_26093220/bounds.npz,5fce0509bdb795ea868ab89d83860c05eda9e81d267757f762662bda027112b0,52092
results/research8h/fresh_january_energy/seed_26093220/integrality.npz,3dce3436c853f1dcf296fce09408a6a3d1049e6c2a89568469af8a1c4ae6d73b,282
results/research8h/fresh_january_energy/seed_26093220/lp/exact_lower_bound.json,f6c76debfb26c6b1672414bb7e040987596bea4ec9768ca8a5a8feba3688b9b6,2420
results/research8h/fresh_january_energy/seed_26093220/lp/exact_stationarity_residual.json,8adc2b03638376ed7aa2171587fdfc62c84cdd15e14047c8c6e9f32ac3cb0c6b,1063187
results/research8h/fresh_january_energy/seed_26093220/lp/primal.npz,e49850849f6ccba46f606277727c75d148b30cf880c1f21c6541bfbe1e1a55ff,118749
results/research8h/fresh_january_energy/seed_26093220/lp/projected_row_dual.npz,1b2ab6b8b11a7373247d1156461aecace9213db3e14c0f566d415fa4198cdc97,5686
results/research8h/fresh_january_energy/seed_26093220/lp/raw_duals.npz,a3f8050d4ea7c34f1dbd91b522285048df46becabec0e52ba48b1ad9a173a004,11492
results/research8h/fresh_january_energy/seed_26093220/lp/result.json,635290b16f102a447d8324912998319a589df4d958787184d6e30bb73acddc4d,2237
results/research8h/fresh_january_energy/seed_26093220/lp/solver.log,87a7116400606a2977c71e5168430579d329b00d4cff7221c56089cfd8de420d,715
results/research8h/fresh_january_energy/seed_26093220/matrix.npz,43eadfdf239a339757187fa4d52e786d1be7277bb93009d5ded1973523bf1386,193396
results/research8h/fresh_january_energy/seed_26093220/mip/exact_point_check.json,01760cd8055fdac20cee6f4eaea218e9a1003dd3e108b8f7b2edb32b14ca8865,846
results/research8h/fresh_january_energy/seed_26093220/mip/native_no_cap_check.json,28a8fee588e22fc9ec2e565265e3d148c8b8cf35060c367b8b96650c9a6286e8,1479
results/research8h/fresh_january_energy/seed_26093220/mip/raw_vector.npz,39d1b924861279709eef1dc0d14be33ed802180d1c3d625dbd2eae1090737bfb,42847
results/research8h/fresh_january_energy/seed_26093220/mip/recovered_vector.npz,cb0dd439ff5543e9eb536b3a1f0c033a79df862b6fa145cc9e68e62ef6b7ead0,42795
results/research8h/fresh_january_energy/seed_26093220/mip/result.json,1431bd846fcb5e7f816398c4d336c14a58e3330f7333f8bc5b62fd154bdbc2a6,2862
results/research8h/fresh_january_energy/seed_26093220/mip/solver.log,b4f5f1c693437555cb1287def09a3fff4565a144b44773d488a5a106451b9702,6309
results/research8h/fresh_january_energy/seed_26093220/model_binding.json,ff391ea1194aa7148d18ad3383fb06ca040c0e7c7e378d504327b0f8b88ae68c,991
results/research8h/fresh_january_energy/seed_26093220/model_metadata.json,9ed761cc05937ca720bd82011507a9a22ab8830738bcab0c9a1b77af2b3dc53a,2738
results/research8h/fresh_january_energy/seed_26093220/native_inputs.npz,5df0b550ea74fe798f3cd0aca22bf3dd088aa8de5872352dbee387161c7ca362,26912
results/research8h/fresh_january_energy/seed_26093220/objective.npz,4a11881191004d9f39ed53d3cd18a5861829593b48c4e97d67e2af2d01b17632,864
results/research8h/fresh_january_energy/seed_26093220/original_integrality.npz,7fae01f9639be86f0b91683b2d2a72f166c06593fb646001bc0417e97aaa712d,282
results/research8h/fresh_january_energy/seed_26093220/permutation.csv,285869ce622597f84e82dbd29a3cf894098e9aae4c547ab7e405e609d7be2955,2020
results/research8h/fresh_january_energy/seed_26093220/projection_audit.json,e9648ffe394153363cc189379abca6edf6e2c18e40dcf9206ad9347283524473,292
results/research8h/fresh_january_energy/seed_26093220/retained_parent_rows.npz,f716fa7f6865e9a44befa66565a1e2d264781db9ec7077eabe815854588dbcc5,52739
results/research8h/fresh_january_energy/seed_26093220/row_metadata.csv.gz,47f8f925b1676b5e2f3b195f7b7bcf40ad7245658b1d8a7107e3be91ca200cee,222153
results/research8h/fresh_january_energy/seed_26093220/zero_dual_baseline.json,73bc024d6c5bfe3e642d374defdbf0d742197c7ba0e21702f8e86bdbfe1e3eaa,1666
results/research8h/fresh_january_energy/seed_26093221/bounds.npz,4d553b230230942c7ae50bc9a33b0ab34bc245beb93b1b36bedeac801c5ba57f,52319
results/research8h/fresh_january_energy/seed_26093221/integrality.npz,3dce3436c853f1dcf296fce09408a6a3d1049e6c2a89568469af8a1c4ae6d73b,282
results/research8h/fresh_january_energy/seed_26093221/lp/exact_lower_bound.json,0ed16e24d155ff7efa7db1516f636f8b6f440899c688c5f8c6598a61c453d45d,2273
results/research8h/fresh_january_energy/seed_26093221/lp/exact_stationarity_residual.json,ebbd0b3e10da2421b53aa7740bfacee045c2b7c2e69321425be647e5aa9eebd3,1137268
results/research8h/fresh_january_energy/seed_26093221/lp/primal.npz,beadc9cf8f3197a6bc896e8e6405e9b80031c1b765bc6b6b3dffb91ac3a67e60,118035
results/research8h/fresh_january_energy/seed_26093221/lp/projected_row_dual.npz,dcab94586a4fd996342d76a9d3c0ac5f45da361720b134367b23328c4f5e5f31,6986
results/research8h/fresh_january_energy/seed_26093221/lp/raw_duals.npz,a559e1ea976ee57ec51aada3d9fbe00c3645907763157a693675269a27570ac4,14465
results/research8h/fresh_january_energy/seed_26093221/lp/result.json,b2c9be3cf6a4e0ea4642abdeb49fd1126be8280950f4fc31fe72898a7c3066b7,2180
results/research8h/fresh_january_energy/seed_26093221/lp/solver.log,caf6782c9ff490dc04d36aa9b84464b4c3e70e5c50409eaf15934c5bceb42089,715
results/research8h/fresh_january_energy/seed_26093221/matrix.npz,43eadfdf239a339757187fa4d52e786d1be7277bb93009d5ded1973523bf1386,193396
results/research8h/fresh_january_energy/seed_26093221/mip/exact_point_check.json,2621190cde3cbde44ea6313c1ccdbce38aa675440115bf4ad990feaf1fd3f64e,852
results/research8h/fresh_january_energy/seed_26093221/mip/native_no_cap_check.json,c726b4843dbb0f7847886bfc150446077dfe3553a15c552dba1647e8c35a180f,1489
results/research8h/fresh_january_energy/seed_26093221/mip/raw_vector.npz,4706ccb2a76bf39a2c288bfde9f941618d77d9d89a216e15ae4991c5ca46c67b,42823
results/research8h/fresh_january_energy/seed_26093221/mip/recovered_vector.npz,24c67f3140b5c9a9253ef645c9ab7b3c707b40b703519d34588c76ee171500b3,42786
results/research8h/fresh_january_energy/seed_26093221/mip/result.json,6255638b8bebb0c213568f72652a2e565d9d445608b4f4ccd51c27661a6f5413,2861
results/research8h/fresh_january_energy/seed_26093221/mip/solver.log,5f5559aee8fe7e2c7069a4233cd1ffb540d3fde86224f81511077fcb59f7fab7,5290
results/research8h/fresh_january_energy/seed_26093221/model_binding.json,61e3d9e3485c86215b26e021dc1cea35d40581301320a02651e785904743bbfb,991
results/research8h/fresh_january_energy/seed_26093221/model_metadata.json,12fde37b7e0f26e054ce779acd1331e6336ef3770ad3a1cc117e589eaf88945a,2738
results/research8h/fresh_january_energy/seed_26093221/native_inputs.npz,ddbb27dd75f4f1c5ce7a4669a11adc2b5888b6024c3873538efaebca7de4d44b,26916
results/research8h/fresh_january_energy/seed_26093221/objective.npz,4a11881191004d9f39ed53d3cd18a5861829593b48c4e97d67e2af2d01b17632,864
results/research8h/fresh_january_energy/seed_26093221/original_integrality.npz,7fae01f9639be86f0b91683b2d2a72f166c06593fb646001bc0417e97aaa712d,282
results/research8h/fresh_january_energy/seed_26093221/permutation.csv,3d4a19b33b1a75f7056348a0033509dc1416b3652242d254e74be6ed3437d97a,2020
results/research8h/fresh_january_energy/seed_26093221/projection_audit.json,e9648ffe394153363cc189379abca6edf6e2c18e40dcf9206ad9347283524473,292
results/research8h/fresh_january_energy/seed_26093221/retained_parent_rows.npz,f716fa7f6865e9a44befa66565a1e2d264781db9ec7077eabe815854588dbcc5,52739
results/research8h/fresh_january_energy/seed_26093221/row_metadata.csv.gz,23058bfe98f094b34e589d975d501b806257abf7868248aa0f4f7dcf26640131,222153
results/research8h/fresh_january_energy/seed_26093221/zero_dual_baseline.json,73bc024d6c5bfe3e642d374defdbf0d742197c7ba0e21702f8e86bdbfe1e3eaa,1666
results/research8h/fresh_january_energy/summarize_postrun.py,d4f51051e798952024a54ef0781b07bcf2d8004ad1b934033d6fed203cf0f72e,14129
results/research8h/fresh_january_energy/summary.csv,d1ee23db05c4231b406d846b78f397c69136fba25127b64bb7db1e4dac13e8c0,1371
results/research8h/fresh_january_energy/summary.json,3fc1739e997a0c5179c90a21a816dc55c5583758b9ce154986b884377bdab606,4573
results/research8h/fresh_january_energy/week_2_identity/bounds.npz,848e31f86de748453227910e6412fb8e8229ac68f6c2b25e11ce960f0f1319c0,52508
results/research8h/fresh_january_energy/week_2_identity/integrality.npz,3dce3436c853f1dcf296fce09408a6a3d1049e6c2a89568469af8a1c4ae6d73b,282
results/research8h/fresh_january_energy/week_2_identity/lp/exact_lower_bound.json,b98a38232d938ff4a996fea48fb0908599bf3df53a0960f670436a5686a0b22e,2217
results/research8h/fresh_january_energy/week_2_identity/lp/exact_stationarity_residual.json,3a0de0d69a5ce22e3f288f656e02e85a0aac6b05499683c4e9d1d9c9ec1825fd,693636
results/research8h/fresh_january_energy/week_2_identity/lp/primal.npz,debb9704d6f48443f37bf2bf60471eaf1ed2ef27c0df3112c2e5db80b09163e0,111373
results/research8h/fresh_january_energy/week_2_identity/lp/projected_row_dual.npz,e649e8da5df7734de9c5cd2f59921bf086e52f2f4a20c3a9b95a2abdb2759e11,2087
results/research8h/fresh_january_energy/week_2_identity/lp/raw_duals.npz,647b30dce0500f7d3fef7a02a47a40ff83275ac7798e495fc000400da4909531,4678
results/research8h/fresh_january_energy/week_2_identity/lp/result.json,978bf33fe1541768799692a6b96935d637cca53d62b26e13a4ee6970b7a0d67e,2157
results/research8h/fresh_january_energy/week_2_identity/lp/solver.log,07104a0f8e0a66a611b7901c002b8e37cffcaf90917853d2a7ce16783d124eef,715
results/research8h/fresh_january_energy/week_2_identity/matrix.npz,43eadfdf239a339757187fa4d52e786d1be7277bb93009d5ded1973523bf1386,193396
results/research8h/fresh_january_energy/week_2_identity/model_metadata.json,0c14a5a6c409506621937574e6d038d737efb48569b0a60122e8f764e15c4297,3066
results/research8h/fresh_january_energy/week_2_identity/native_adapter_check.json,c7a43ddb4294819a264d1273b5e61ce94f27df85321f7b8521746b0607d6e4b2,224
results/research8h/fresh_january_energy/week_2_identity/native_inputs.npz,e7e187ec0103784437f464406066ed1637dd6b9ecc39e05a69f463601b46eab0,26941
results/research8h/fresh_january_energy/week_2_identity/objective.npz,4a11881191004d9f39ed53d3cd18a5861829593b48c4e97d67e2af2d01b17632,864
results/research8h/fresh_january_energy/week_2_identity/original_integrality.npz,7fae01f9639be86f0b91683b2d2a72f166c06593fb646001bc0417e97aaa712d,282
results/research8h/fresh_january_energy/week_2_identity/projection_audit.json,e9648ffe394153363cc189379abca6edf6e2c18e40dcf9206ad9347283524473,292
results/research8h/fresh_january_energy/week_2_identity/reference_binding.json,7c2394ed83f84460aa085d39d5d54a366d61e5b9ffdf7b6fdd5867c3d39e5435,3116
results/research8h/fresh_january_energy/week_2_identity/reference_upper_vector.npz,26e67eb484a57a566b8e08c120523918adca648b918e29b9431a68ceb81711ee,43200
results/research8h/fresh_january_energy/week_2_identity/retained_parent_rows.npz,b29c85e80d66b2d2887be9ed593a8a5c7f94dd722b6db95f22df29b91c12de8b,52739
results/research8h/fresh_january_energy/week_2_identity/row_metadata.csv.gz,553c821389271a68cc65f5c4315a5d273b8675cc9092add17ddeb864c6a90048,146951
results/research8h/fresh_january_energy/week_2_identity/zero_dual_baseline.json,73bc024d6c5bfe3e642d374defdbf0d742197c7ba0e21702f8e86bdbfe1e3eaa,1666
results/research8h/fresh_january_energy/week_3_identity/bounds.npz,d04ec3d429a8ab43fbbc7cf91a04bda985cef562596303029abeb30ba8b4fe3e,52036
results/research8h/fresh_january_energy/week_3_identity/integrality.npz,3dce3436c853f1dcf296fce09408a6a3d1049e6c2a89568469af8a1c4ae6d73b,282
results/research8h/fresh_january_energy/week_3_identity/lp/exact_lower_bound.json,a656818d68b9a4549719fd55e014e69f6db49e9fb7ddab4433a6596fdfaf1b17,2228
results/research8h/fresh_january_energy/week_3_identity/lp/exact_stationarity_residual.json,0f12a167635fc46f1d72d5870f53871db85e94023bba3eb96e754976234fadf9,871664
results/research8h/fresh_january_energy/week_3_identity/lp/primal.npz,413f65fb9504bfc9375265561d6bea02081b4ee055a0b7aebecc79074b9098d0,117810
results/research8h/fresh_january_energy/week_3_identity/lp/projected_row_dual.npz,5a54b37327b59869ea8f757a1d129eb3e6ac6d8ecf2c3f1c97e17bbaac5eae9e,3090
results/research8h/fresh_january_energy/week_3_identity/lp/raw_duals.npz,c4d13a029ee072740879fe585f7f1c20ff95212d42104fb3312f404e5dfcf2cd,7166
results/research8h/fresh_january_energy/week_3_identity/lp/result.json,4d132b363f53160d8db52116119b262e8c1f9421a8eb8d142b743a11eeabca2f,2168
results/research8h/fresh_january_energy/week_3_identity/lp/solver.log,90fbcccde5647d063b9cd8cbe00e427bb5be94877563c74527be264c1aa46a65,715
results/research8h/fresh_january_energy/week_3_identity/matrix.npz,43eadfdf239a339757187fa4d52e786d1be7277bb93009d5ded1973523bf1386,193396
results/research8h/fresh_january_energy/week_3_identity/model_metadata.json,b63c9bbb9547208ffa2e667511f32ae18da77ceb48ce4112386c47a7689f0f11,3066
results/research8h/fresh_january_energy/week_3_identity/native_adapter_check.json,51cdc4822f181a30c3e1f7bf3a038c72efb1ccb2ce6088c1ed383c3bc821423b,224
results/research8h/fresh_january_energy/week_3_identity/native_inputs.npz,59c081731e57882369c21a1af19f66347f145aeb3a44b5fafe283ee8ef6efa59,26874
results/research8h/fresh_january_energy/week_3_identity/objective.npz,4a11881191004d9f39ed53d3cd18a5861829593b48c4e97d67e2af2d01b17632,864
results/research8h/fresh_january_energy/week_3_identity/original_integrality.npz,7fae01f9639be86f0b91683b2d2a72f166c06593fb646001bc0417e97aaa712d,282
results/research8h/fresh_january_energy/week_3_identity/projection_audit.json,e9648ffe394153363cc189379abca6edf6e2c18e40dcf9206ad9347283524473,292
results/research8h/fresh_january_energy/week_3_identity/reference_binding.json,4aa56d324f98b1d0220f53d0947ff1fa65657183e55689a8125697eb63886819,2942
results/research8h/fresh_january_energy/week_3_identity/reference_upper_vector.npz,7481a3fe6e2da571da8f8a3db0ba835d90b2f628df11daf4b3fff9f593468093,38122
results/research8h/fresh_january_energy/week_3_identity/retained_parent_rows.npz,b29c85e80d66b2d2887be9ed593a8a5c7f94dd722b6db95f22df29b91c12de8b,52739
results/research8h/fresh_january_energy/week_3_identity/row_metadata.csv.gz,25ee1f482ae257f04633dc0c6b118cbe8a2242e22778e58456860909b44f6fdb,146951
results/research8h/fresh_january_energy/week_3_identity/zero_dual_baseline.json,73bc024d6c5bfe3e642d374defdbf0d742197c7ba0e21702f8e86bdbfe1e3eaa,1666
results/research8h/fresh_january_reference_prepared_review.py,d4fc9e15643115eccbbedfe99b7ed71ff3c6e4da6b5d1db943723340ed15230d,8976
results/research8h/fresh_january_weeks/post_run_artifact_manifest.csv,7483e1f30c689782237e96fa38218a5ef4f4f21e38ca1d3c723e27cdb90680a1,39328
results/research8h/fresh_january_weeks/references/READOUT.md,c84b0a9c558a8eeebfb0dfc1b3a0f84044a0759d12fea05d15736d281c910d46,2328
results/research8h/fresh_january_weeks/references/completion.json,4e5c6a31871d263fcb3b02350b9ff1ffb61fdad1205617cd4388de0a6eac3b38,240
results/research8h/fresh_january_weeks/references/execution_started.json,7fb63a5d3a2b2261ebd73e0f556023e65a487d98dc24d637870ccc835402e08a,250
results/research8h/fresh_january_weeks/references/final_manifest_check.json,bf296ffa1072b2209f3ef30875880d6a253a17d49aca78fa282f0f37c67277af,136
results/research8h/fresh_january_weeks/references/guard_and_control_selftest.json,55b57cb2b0d6ac177729cdf7232758f20e71d255726a9e1b9bff9536e0e19537,304
results/research8h/fresh_january_weeks/references/independent_prepared_review.json,6ed2257ea99e0a320baf4b4dd41c62e8fd35b90e7d1f96a90fc42967d9d14191,3295
results/research8h/fresh_january_weeks/references/input_manifest.csv,df48d8f6f60f51e43afa21ba4fcbd1438f274b86fb4a29e8fccbae3ae845fe26,9367
results/research8h/fresh_january_weeks/references/post_run_artifact_manifest.csv,9aab00d49aec72aa54fe5e4218528c918c32810d961a7ba819c7f5ea1818c374,7820
results/research8h/fresh_january_weeks/references/prepared_freeze.json,c84925474c9db479cae44926648da77c2432db416c9c2dd9b5acf78e64422c78,785
results/research8h/fresh_january_weeks/references/roster.json,81f30e4056bb7f6fb5a4252a900bb267a9e39e6a6661acc2048dead6af226650,2013
results/research8h/fresh_january_weeks/references/summary.json,7766c8f749cb0fb4a7df25d982812da736af19f72fa434f13e194694c1bdb415,3481
results/research8h/fresh_january_weeks/references/week_2/angles.csv,bfd924e36c2e4be281f2fb76b07a77c4974c77c8233b99f511f77bac9b8974ea,79642
results/research8h/fresh_january_weeks/references/week_2/bounds.npz,848e31f86de748453227910e6412fb8e8229ac68f6c2b25e11ce960f0f1319c0,52508
results/research8h/fresh_january_weeks/references/week_2/commitment.csv,0d3c2a8032192f149bb2c7b40ea72390508322a25340caf7cba54e4ab1c8018d,19027
results/research8h/fresh_january_weeks/references/week_2/dispatch.csv,0ecada96ae042fda42301a788e69e8179001719c7ebc569832e3212bc2cee5cb,58755
results/research8h/fresh_january_weeks/references/week_2/exact_point_check.json,55ba838b2c4c2be4549fdb4aec26bb7365d944a0ba0f3cd78e081e0adab6c32e,850
results/research8h/fresh_january_weeks/references/week_2/integrality.npz,7fae01f9639be86f0b91683b2d2a72f166c06593fb646001bc0417e97aaa712d,282
results/research8h/fresh_january_weeks/references/week_2/matrix.npz,43eadfdf239a339757187fa4d52e786d1be7277bb93009d5ded1973523bf1386,193396
results/research8h/fresh_january_weeks/references/week_2/model_metadata.json,1920bfe421412b2ce64be9f02dddaee933e5ae1394532a56b37dc78adcbb06af,2902
results/research8h/fresh_january_weeks/references/week_2/native_adapter_audit.json,c7a43ddb4294819a264d1273b5e61ce94f27df85321f7b8521746b0607d6e4b2,224
results/research8h/fresh_january_weeks/references/week_2/native_inputs.npz,e7e187ec0103784437f464406066ed1637dd6b9ecc39e05a69f463601b46eab0,26941
results/research8h/fresh_january_weeks/references/week_2/native_no_cap_check.json,f6742608c6c4e40681e7db8114ba56781a11cd2f27f3a90b6c95e02fa71db0ad,1487
results/research8h/fresh_january_weeks/references/week_2/objective.npz,4a11881191004d9f39ed53d3cd18a5861829593b48c4e97d67e2af2d01b17632,864
results/research8h/fresh_january_weeks/references/week_2/projected_integrality.npz,3dce3436c853f1dcf296fce09408a6a3d1049e6c2a89568469af8a1c4ae6d73b,282
results/research8h/fresh_january_weeks/references/week_2/projection_audit.json,e9648ffe394153363cc189379abca6edf6e2c18e40dcf9206ad9347283524473,292
results/research8h/fresh_january_weeks/references/week_2/raw_vector.npz,061b9a5272ecb1ffd3179327424a1f10def5cf690cb3858ae222da22ab8404af,46351
results/research8h/fresh_january_weeks/references/week_2/recovered_vector.npz,26e67eb484a57a566b8e08c120523918adca648b918e29b9431a68ceb81711ee,43200
results/research8h/fresh_january_weeks/references/week_2/result.json,b5f55912764180f97933f2ae88d05f2be8b57a4cbd18157b57f059a236f1d2a8,1682
results/research8h/fresh_january_weeks/references/week_2/row_metadata.csv.gz,91c4fc0195ac508f4d0ba25ca51c6ff312ef9f14166c98be55fc0a225896f41c,146951
results/research8h/fresh_january_weeks/references/week_2/shutdown.csv,f83d8ace16872b50f53814f7ca2b80dea586e9137f6e1fa93210fd6e921a94a7,16548
results/research8h/fresh_january_weeks/references/week_2/solver.log,cd3bfa429accce67ec3adc0928a95a3de266299e8eb1cd5c1fb93f946c8c996a,4444
results/research8h/fresh_january_weeks/references/week_2/source_hours.csv,d08fe6c359e01fec6ed8079b45bfba72ca678002b96cf34390b5a0aad3a00725,4809
results/research8h/fresh_january_weeks/references/week_2/startup.csv,811559c9982fe4a1ffcfa1211f32258227af8f36748bcee6e8199e51640a4008,16548
results/research8h/fresh_january_weeks/references/week_3/angles.csv,e363e501eeff2caf3fa579f8e6dd15187958f8c218790d688f93e632d9f9416a,79730
results/research8h/fresh_january_weeks/references/week_3/bounds.npz,d04ec3d429a8ab43fbbc7cf91a04bda985cef562596303029abeb30ba8b4fe3e,52036
results/research8h/fresh_january_weeks/references/week_3/commitment.csv,edd9732ce6725b85048310f4aac6a04e4cb39321ceca7d438a10e502d7ee6d75,16548
results/research8h/fresh_january_weeks/references/week_3/dispatch.csv,a53a34c249488f676961df0fd81920d639b8070ecec0684423bb4cba7df008eb,32960
results/research8h/fresh_january_weeks/references/week_3/exact_point_check.json,0458575179be4297c00bf1302aaa23c794b876b57580454555017f165ff9995c,804
results/research8h/fresh_january_weeks/references/week_3/integrality.npz,7fae01f9639be86f0b91683b2d2a72f166c06593fb646001bc0417e97aaa712d,282
results/research8h/fresh_january_weeks/references/week_3/matrix.npz,43eadfdf239a339757187fa4d52e786d1be7277bb93009d5ded1973523bf1386,193396
results/research8h/fresh_january_weeks/references/week_3/model_metadata.json,1920bfe421412b2ce64be9f02dddaee933e5ae1394532a56b37dc78adcbb06af,2902
results/research8h/fresh_january_weeks/references/week_3/native_adapter_audit.json,51cdc4822f181a30c3e1f7bf3a038c72efb1ccb2ce6088c1ed383c3bc821423b,224
results/research8h/fresh_january_weeks/references/week_3/native_inputs.npz,59c081731e57882369c21a1af19f66347f145aeb3a44b5fafe283ee8ef6efa59,26874
results/research8h/fresh_january_weeks/references/week_3/native_no_cap_check.json,7de3475f672132ed6e53cd5193f6e442d889620624cb8133dd1b34c5fee54a2b,1391
results/research8h/fresh_january_weeks/references/week_3/objective.npz,4a11881191004d9f39ed53d3cd18a5861829593b48c4e97d67e2af2d01b17632,864
results/research8h/fresh_january_weeks/references/week_3/projected_integrality.npz,3dce3436c853f1dcf296fce09408a6a3d1049e6c2a89568469af8a1c4ae6d73b,282
results/research8h/fresh_january_weeks/references/week_3/projection_audit.json,e9648ffe394153363cc189379abca6edf6e2c18e40dcf9206ad9347283524473,292
results/research8h/fresh_january_weeks/references/week_3/raw_vector.npz,7481a3fe6e2da571da8f8a3db0ba835d90b2f628df11daf4b3fff9f593468093,38122
results/research8h/fresh_january_weeks/references/week_3/recovered_vector.npz,7481a3fe6e2da571da8f8a3db0ba835d90b2f628df11daf4b3fff9f593468093,38122
results/research8h/fresh_january_weeks/references/week_3/result.json,8f8842eb58b06dfe39f423c12d75b6f9eb968a6ca50086bf5926862c1ede0797,1580
results/research8h/fresh_january_weeks/references/week_3/row_metadata.csv.gz,df792e20ec67978d17af3f6f3499fe5b7f78b877769131f00a280732af6b45b3,146951
results/research8h/fresh_january_weeks/references/week_3/shutdown.csv,639c3c5082341a2d3a5da293b8641674143d7dee92ede69d0034cb7a1f72b15c,16548
results/research8h/fresh_january_weeks/references/week_3/solver.log,8b1c772d29c1c7016c6452fed9aaa90a768d2f473ff4ece23de89e9041eed047,5278
results/research8h/fresh_january_weeks/references/week_3/source_hours.csv,f220f441a82b021929ccc4014e014f32ffb025e59a0906bf5dd858a0c35fd5c1,4809
results/research8h/fresh_january_weeks/references/week_3/startup.csv,bdac53ff54a03acf43620e3c46de7d3227e3a2f13becb709bd67649f122ee6e6,16548
results/research8h/fresh_january_weeks/targets/READOUT.md,75c89905c13861abfccf88e5a4f01882926fe5ed00eeb329fe0f7c5c71c8c59b,5920
results/research8h/fresh_january_weeks/targets/completion.json,92d54c607c37366007f35c75ba228efaa9ed9a1e36ff362ed6d04d18312c488a,330
results/research8h/fresh_january_weeks/targets/execution_started.json,3ba3dd2fecfcff0371d51a48e87b728ce0204c2435a02559aaa1af0a6e29d62e,248
results/research8h/fresh_january_weeks/targets/final_manifest_check.json,9472dce77795427b56c2721f41a9e8544f70adb8a5d7bec3549ef3d809ca5ca0,137
results/research8h/fresh_january_weeks/targets/independent_prepared_review.json,699a0d923053123d6dbd26b01ede95a36b33960324dec2d0cd861a3a4667445b,282130
results/research8h/fresh_january_weeks/targets/input_manifest.csv,56c5240486a8274ecb076b3aca49db236db4a7d72b865392016868119f7938dd,51553
results/research8h/fresh_january_weeks/targets/outcomes.csv,1098ba84d512132457994e4af6521e5980961b5a60bb5602f122cf5d8ef15740,492
results/research8h/fresh_january_weeks/targets/outcomes.json,919ba5f4526a636d578b07a12dbed8959f2a3d0d5bf2be090cba5284b98359a1,1152
results/research8h/fresh_january_weeks/targets/outcomes_partial.json,71e106fe3981718e8826a9723233c247e3bc14de7f4c67aab81a39c87cd7d61a,1152
results/research8h/fresh_january_weeks/targets/post_run_artifact_manifest.csv,d06170f373e8a330cb2210351cf823e833ae080074c976c6605b9b998d9e3c83,31225
results/research8h/fresh_january_weeks/targets/prepared_cases.json,634c2189a1fffe863af76eaa5bddc985663cfd9b1589ca151eb67b62ce8efa14,593
results/research8h/fresh_january_weeks/targets/prepared_freeze.json,7e8cf5d1a06580448d2d4ad774e4ca4c3282828f761165b4fe1f7e4075fcc912,868
results/research8h/fresh_january_weeks/targets/reference_hash_check.json,bf296ffa1072b2209f3ef30875880d6a253a17d49aca78fa282f0f37c67277af,136
results/research8h/fresh_january_weeks/targets/scheduled_cases.json,566f28d1a937ad4015cdeec765e0aaf8119af3e7a0abd500362d299684ddbf26,615
results/research8h/fresh_january_weeks/targets/seed_26093210/bounds.npz,a30db0ca129e221871102d61c0e98cd015ea563d9bb5fc2d4fbd16936a2af68c,52580
results/research8h/fresh_january_weeks/targets/seed_26093210/constructive_angles.csv,8531406dd2e09b64d2aa7e9c570a28b7ac0d9cda045556c1dedb714e7d181cbe,79642
results/research8h/fresh_january_weeks/targets/seed_26093210/constructive_check.json,5e66f3f05a425d2de713e2b2a55abc3ddad1c322efd44e4f38b04d7ebf8fdd3f,17545
results/research8h/fresh_january_weeks/targets/seed_26093210/constructive_commitment.csv,b2dd172125fb0062baebcf9af12c4d82e8e09f725de68eac9e022b6c428c2445,19027
results/research8h/fresh_january_weeks/targets/seed_26093210/constructive_dispatch.csv,4359325da300c3303406ff0dfc5e0dd13558ffa065cdaa8e841343b748881b29,58755
results/research8h/fresh_january_weeks/targets/seed_26093210/constructive_shutdown.csv,587b1e16b4e6af413e5ebf450a0b0eddd1a6b5c8411a346ad1c12bc63058198c,16548
results/research8h/fresh_january_weeks/targets/seed_26093210/constructive_startup.csv,12d0c22c66cf4c84d4f5108fe5002f06bd1b50adbb8159af0c343c3ba70d2be2,16548
results/research8h/fresh_january_weeks/targets/seed_26093210/constructive_vector.npz,0343ba8b41cd8e6578eb71e44a5d1ae08d02ce9b151bfc7b6a6a164843ce2123,43455
results/research8h/fresh_january_weeks/targets/seed_26093210/draw.json,53b32fc54f2d38d12beab581c720f0e1111521f3ae52dfe9dac6f257da0ae28a,5321
results/research8h/fresh_january_weeks/targets/seed_26093210/integrality.npz,7fae01f9639be86f0b91683b2d2a72f166c06593fb646001bc0417e97aaa712d,282
results/research8h/fresh_january_weeks/targets/seed_26093210/lp/bounds.npz,a30db0ca129e221871102d61c0e98cd015ea563d9bb5fc2d4fbd16936a2af68c,52580
results/research8h/fresh_january_weeks/targets/seed_26093210/lp/dual_certificate.json,c16e1574866bf9658425874365a08152817dbc8b0abefb01cf66e83a64b1c55b,140160
results/research8h/fresh_january_weeks/targets/seed_26093210/lp/integrality.npz,7fae01f9639be86f0b91683b2d2a72f166c06593fb646001bc0417e97aaa712d,282
results/research8h/fresh_january_weeks/targets/seed_26093210/lp/matrix.npz,2f11940f72432a2a2e89e4a88115eba3cf24a8e82a8110e250c6191020c1f0bb,199281
results/research8h/fresh_january_weeks/targets/seed_26093210/lp/raw_solver_ray.npz,8b1d0dfd3dc342b51646cee34d626fe48888b1eba26584c0bb889f1e22aa4d6d,5500
results/research8h/fresh_january_weeks/targets/seed_26093210/lp/result.json,11a8f0c48e1d30d12165cadb5784d122db2486ee14fff394fbe30e83eba28d83,4939
results/research8h/fresh_january_weeks/targets/seed_26093210/lp/returned_vector.npz,70b009523380bb6f15d6f62120053cff01371d381fed34ce131c83256dcb13c1,41315
results/research8h/fresh_january_weeks/targets/seed_26093210/lp/row_metadata.csv.gz,969626ee590f30a9832fc28cad5e1379cd0c562436a9e96a0e49da08a12641f0,147013
results/research8h/fresh_january_weeks/targets/seed_26093210/lp/solver.log,98c406024aebd4d8dd2cb76dff139383652ef570af0e4621b4c23b565fcf04ac,806
results/research8h/fresh_january_weeks/targets/seed_26093210/lp/sparse_multipliers.csv,4dff8f406b2693af2181643b6ac928d96b38f59e6fb1171dc01dd4aa1638305b,89492
results/research8h/fresh_january_weeks/targets/seed_26093210/matrix.npz,2f11940f72432a2a2e89e4a88115eba3cf24a8e82a8110e250c6191020c1f0bb,199281
results/research8h/fresh_january_weeks/targets/seed_26093210/model_metadata.json,a3fa741df26f556d20d15e01530150942d60b0d73b051cd649da1014dd0706b1,2476
results/research8h/fresh_january_weeks/targets/seed_26093210/native_inputs.npz,95a05fa6afc5a9f301b7fa6df9b3dde0f64a4a688ec4eb1d26fd1ca417b1bdf9,27021
results/research8h/fresh_january_weeks/targets/seed_26093210/objective.npz,ff6f13618b2729c30b5442fc639c7fea45c66a08d799091e3843ab17f7b16500,423
results/research8h/fresh_january_weeks/targets/seed_26093210/permutation.csv,42f9b919b475adf7f077236d4256d97194cf2a18f39571ec1086cae1c4970810,2020
results/research8h/fresh_january_weeks/targets/seed_26093210/preservation.json,1aa3dd17aabaf65ada9f7f1f4d58d85029b30e1296f9c41235a24bbd6c506984,1468
results/research8h/fresh_january_weeks/targets/seed_26093210/projected_integrality.npz,3dce3436c853f1dcf296fce09408a6a3d1049e6c2a89568469af8a1c4ae6d73b,282
results/research8h/fresh_january_weeks/targets/seed_26093210/projection_audit.json,e9648ffe394153363cc189379abca6edf6e2c18e40dcf9206ad9347283524473,292
results/research8h/fresh_january_weeks/targets/seed_26093210/row_metadata.csv.gz,969626ee590f30a9832fc28cad5e1379cd0c562436a9e96a0e49da08a12641f0,147013
results/research8h/fresh_january_weeks/targets/seed_26093211/bounds.npz,921740becef004e963854e66f5833476653ef2179836556d0bce108ff27a47a9,52835
results/research8h/fresh_january_weeks/targets/seed_26093211/constructive_angles.csv,14170a1a5c8332c7c8fcb50c0eeea707bf494b48019de4ab49cdc6b111088d3f,79642
results/research8h/fresh_january_weeks/targets/seed_26093211/constructive_check.json,1d71aea7da7499e6fe9b15366c919dbb2e3c873b2d33dd5cc5776101d6cbc19d,14522
results/research8h/fresh_january_weeks/targets/seed_26093211/constructive_commitment.csv,c9ea684e6cfbedfb79f4db13e00bf7e0fa530b518d20d35cd595fae4317eb0ff,19027
results/research8h/fresh_january_weeks/targets/seed_26093211/constructive_dispatch.csv,ada98167f3f8a2aad663a530906510dc9fb09f26e1f12be4101093d62e4b1a89,58755
results/research8h/fresh_january_weeks/targets/seed_26093211/constructive_shutdown.csv,d06a346c0adc582121b5044f58370734fb31b7c68282a513300afd74fbeb3454,16548
results/research8h/fresh_january_weeks/targets/seed_26093211/constructive_startup.csv,b5f224117b721b5e458ef88f5cd557f3ea0a1c5a733f0895b5ae9f292281d2e9,16548
results/research8h/fresh_january_weeks/targets/seed_26093211/constructive_vector.npz,b0d2d3a5499082edd8f387a5c3e00d1eb152b39f7ff746f2630bd997440720c9,43389
results/research8h/fresh_january_weeks/targets/seed_26093211/draw.json,89fe716eba53e2ec709e71bb20cdb5ae24478abaa09224006b3024405347e207,5323
results/research8h/fresh_january_weeks/targets/seed_26093211/integrality.npz,7fae01f9639be86f0b91683b2d2a72f166c06593fb646001bc0417e97aaa712d,282
results/research8h/fresh_january_weeks/targets/seed_26093211/lp/bounds.npz,921740becef004e963854e66f5833476653ef2179836556d0bce108ff27a47a9,52835
results/research8h/fresh_january_weeks/targets/seed_26093211/lp/integrality.npz,7fae01f9639be86f0b91683b2d2a72f166c06593fb646001bc0417e97aaa712d,282
results/research8h/fresh_january_weeks/targets/seed_26093211/lp/matrix.npz,2f11940f72432a2a2e89e4a88115eba3cf24a8e82a8110e250c6191020c1f0bb,199281
results/research8h/fresh_january_weeks/targets/seed_26093211/lp/result.json,cb568e2d519c7247f06b5d552791e8adb88b9bd0d45c0f0aedbbfe23a5e720c1,1128
results/research8h/fresh_january_weeks/targets/seed_26093211/lp/returned_vector.npz,e95a152989b2699ed6913e81f79240ba387a1c0672faeab6f200d5b00a7d7e70,40060
results/research8h/fresh_january_weeks/targets/seed_26093211/lp/row_metadata.csv.gz,d80ffb0b2680d3841bd69d120b0dac1ffa91120bebe2c2dfe3243ce5fc0a1679,147013
results/research8h/fresh_january_weeks/targets/seed_26093211/lp/solver.log,ef1041ee933523da7ddbea208524dd3e66ed31a736ebde07a7e7d8941e2b4379,695
results/research8h/fresh_january_weeks/targets/seed_26093211/matrix.npz,2f11940f72432a2a2e89e4a88115eba3cf24a8e82a8110e250c6191020c1f0bb,199281
results/research8h/fresh_january_weeks/targets/seed_26093211/mip/result.json,7e31ba6478b8d1cf8716496232fcd068cf5ae555cced3f0084b51031f078d37f,671
results/research8h/fresh_january_weeks/targets/seed_26093211/mip/solver.log,a1b969c6de9bf23bd9be2c234c51cb0b9dadf116f47bfeaac781b387c0af4261,2606
results/research8h/fresh_january_weeks/targets/seed_26093211/model_metadata.json,a3fa741df26f556d20d15e01530150942d60b0d73b051cd649da1014dd0706b1,2476
results/research8h/fresh_january_weeks/targets/seed_26093211/native_inputs.npz,a32addb7ed782be0ad6733821359c93998a2089fbcd9f00e849554254223be1c,27016
results/research8h/fresh_january_weeks/targets/seed_26093211/objective.npz,ff6f13618b2729c30b5442fc639c7fea45c66a08d799091e3843ab17f7b16500,423
results/research8h/fresh_january_weeks/targets/seed_26093211/permutation.csv,4af3299fc052afcba52fdc2b25459028e50bf392b5b9470910e885848ba5dbab,2020
results/research8h/fresh_january_weeks/targets/seed_26093211/preservation.json,9e7e39104e02bff45708ba8a0412649784a3d48bb1e815db0b118f4eb5945b98,1346
results/research8h/fresh_january_weeks/targets/seed_26093211/projected_integrality.npz,3dce3436c853f1dcf296fce09408a6a3d1049e6c2a89568469af8a1c4ae6d73b,282
results/research8h/fresh_january_weeks/targets/seed_26093211/projection_audit.json,e9648ffe394153363cc189379abca6edf6e2c18e40dcf9206ad9347283524473,292
results/research8h/fresh_january_weeks/targets/seed_26093211/row_metadata.csv.gz,d80ffb0b2680d3841bd69d120b0dac1ffa91120bebe2c2dfe3243ce5fc0a1679,147013
results/research8h/fresh_january_weeks/targets/seed_26093220/bounds.npz,0776ab390d0673ea681cb525b1e6a18aa9a8092f0843d535122ee82df17eb374,52094
results/research8h/fresh_january_weeks/targets/seed_26093220/constructive_angles.csv,4ccba9380052086ede0f7c3af26694acc73113211155942ba6db41a336b24bfb,79730
results/research8h/fresh_january_weeks/targets/seed_26093220/constructive_check.json,30a2f57fffda937f4477e943f5beb92e116fab738fa6182e9a765fd70efffabf,16596
results/research8h/fresh_january_weeks/targets/seed_26093220/constructive_commitment.csv,c9ce853070aa61a7f992ede3c5595bc23bbf33117c7ce99adc5566b756fecfcd,16548
results/research8h/fresh_january_weeks/targets/seed_26093220/constructive_dispatch.csv,5f577497ffc1f4456a3b100afb7bd0f4b622db13d8eca2e39eca987ee3d5d44a,32960
results/research8h/fresh_january_weeks/targets/seed_26093220/constructive_shutdown.csv,f661a7f8b7cfe124bca5d1d92fd098bb249c4f2236636a37058bc168b14de47c,16548
results/research8h/fresh_january_weeks/targets/seed_26093220/constructive_startup.csv,17403bee7c377d6c1936914c92b0e6356ab8cb490b9625010eeb717828860735,16548
results/research8h/fresh_january_weeks/targets/seed_26093220/constructive_vector.npz,4f7cf320bd0afc617c692aa9ff2c0a82b6df6a8b497d0b7dc540366b8ba46221,38407
results/research8h/fresh_january_weeks/targets/seed_26093220/draw.json,1fca4b3ba641cfc858ddd4081d806df5f3de8cc473743fdcd01de2c8c1b9b10c,5325
results/research8h/fresh_january_weeks/targets/seed_26093220/integrality.npz,7fae01f9639be86f0b91683b2d2a72f166c06593fb646001bc0417e97aaa712d,282
results/research8h/fresh_january_weeks/targets/seed_26093220/lp/bounds.npz,0776ab390d0673ea681cb525b1e6a18aa9a8092f0843d535122ee82df17eb374,52094
results/research8h/fresh_january_weeks/targets/seed_26093220/lp/dual_certificate.json,e3dbc63687f42ab6236a998afe94c94d095fa60a5d2360ed7fdbee090c746924,112867
results/research8h/fresh_january_weeks/targets/seed_26093220/lp/integrality.npz,7fae01f9639be86f0b91683b2d2a72f166c06593fb646001bc0417e97aaa712d,282
results/research8h/fresh_january_weeks/targets/seed_26093220/lp/matrix.npz,2f11940f72432a2a2e89e4a88115eba3cf24a8e82a8110e250c6191020c1f0bb,199281
results/research8h/fresh_january_weeks/targets/seed_26093220/lp/raw_solver_ray.npz,0823c6c922e05f10907944dca32f0e022829da8f7c7df38d64f33219eeb09339,4405
results/research8h/fresh_january_weeks/targets/seed_26093220/lp/result.json,ac4704a7e531bd0564f456dc847030c4f295f7e10cc17dace4d5728d7fe7af0a,4874
results/research8h/fresh_january_weeks/targets/seed_26093220/lp/returned_vector.npz,c75d3a1302188bfba3c7567d3b8a092ba18dcf0a23d3cb1a96b16e584cf1dcb2,42303
results/research8h/fresh_january_weeks/targets/seed_26093220/lp/row_metadata.csv.gz,8de1e62a3d42dc4e734260994fa2a225003c8b816d44c17d325764aadd0784cf,147013
results/research8h/fresh_january_weeks/targets/seed_26093220/lp/solver.log,b75fcec5aad382b5831445072017e4f491ac3bbb9c5788e740dd6a2bd53b83a9,810
results/research8h/fresh_january_weeks/targets/seed_26093220/lp/sparse_multipliers.csv,c6875f9f5a30e2065e173c3a8a895b1d78824b17bc08bd4212acdb64f228a7de,71335
results/research8h/fresh_january_weeks/targets/seed_26093220/matrix.npz,2f11940f72432a2a2e89e4a88115eba3cf24a8e82a8110e250c6191020c1f0bb,199281
results/research8h/fresh_january_weeks/targets/seed_26093220/model_metadata.json,cfc67d46b777bcbb48657998390933ea3efd44d036eff6b27509a987bee1976a,2476
results/research8h/fresh_january_weeks/targets/seed_26093220/native_inputs.npz,5df0b550ea74fe798f3cd0aca22bf3dd088aa8de5872352dbee387161c7ca362,26912
results/research8h/fresh_january_weeks/targets/seed_26093220/objective.npz,ff6f13618b2729c30b5442fc639c7fea45c66a08d799091e3843ab17f7b16500,423
results/research8h/fresh_january_weeks/targets/seed_26093220/permutation.csv,285869ce622597f84e82dbd29a3cf894098e9aae4c547ab7e405e609d7be2955,2020
results/research8h/fresh_january_weeks/targets/seed_26093220/preservation.json,eb8158bcdd461b3214eafd726678756cff0dd6e9b4c817e9af26c4e87cff9923,1323
results/research8h/fresh_january_weeks/targets/seed_26093220/projected_integrality.npz,3dce3436c853f1dcf296fce09408a6a3d1049e6c2a89568469af8a1c4ae6d73b,282
results/research8h/fresh_january_weeks/targets/seed_26093220/projection_audit.json,e9648ffe394153363cc189379abca6edf6e2c18e40dcf9206ad9347283524473,292
results/research8h/fresh_january_weeks/targets/seed_26093220/row_metadata.csv.gz,8de1e62a3d42dc4e734260994fa2a225003c8b816d44c17d325764aadd0784cf,147013
results/research8h/fresh_january_weeks/targets/seed_26093221/bounds.npz,d88ce1eaab97089d3fd6075eec13a6ca372ce845442ef11543ba41c4152f60c5,52322
results/research8h/fresh_january_weeks/targets/seed_26093221/constructive_angles.csv,9453c4c385d61ab81b729beee74717daa21bbf86926c6f831dbc166a12ceb607,79730
results/research8h/fresh_january_weeks/targets/seed_26093221/constructive_check.json,67ba0bf246f3175fa93f7c9a28734ebda24a54edbc683c6b2d3b3167307ad989,17792
results/research8h/fresh_january_weeks/targets/seed_26093221/constructive_commitment.csv,48c3e0f3df45945cb363ab78d52dfa2242689f40ab2bd8a8c612f21b513da1c1,16548
results/research8h/fresh_january_weeks/targets/seed_26093221/constructive_dispatch.csv,691d95d390f63063ae0686bdbe81401a32d53871c2996675b7d6c9ad1882a216,32960
results/research8h/fresh_january_weeks/targets/seed_26093221/constructive_shutdown.csv,402d04a99b33ffad30f064edf28d19d1b777a11ccbc11d57670d73c145c8e78b,16548
results/research8h/fresh_january_weeks/targets/seed_26093221/constructive_startup.csv,fe4448fa47d744806002eba1c151fc5fb46625536044a040b09f1334a21143ca,16548
results/research8h/fresh_january_weeks/targets/seed_26093221/constructive_vector.npz,c46e24741057c5d9252fe38c1fee39057f55b23054729b95b9fc4be8d699546c,38362
results/research8h/fresh_january_weeks/targets/seed_26093221/draw.json,8f8acf84a9ce9f628e8d21c68f80f26658d09b81b43191ff04031ac17321044b,5317
results/research8h/fresh_january_weeks/targets/seed_26093221/integrality.npz,7fae01f9639be86f0b91683b2d2a72f166c06593fb646001bc0417e97aaa712d,282
results/research8h/fresh_january_weeks/targets/seed_26093221/lp/bounds.npz,d88ce1eaab97089d3fd6075eec13a6ca372ce845442ef11543ba41c4152f60c5,52322
results/research8h/fresh_january_weeks/targets/seed_26093221/lp/dual_certificate.json,46d444c976d8ae688ecf37beee1c46dceb7875d96527b8136008fdb88e393661,119678
results/research8h/fresh_january_weeks/targets/seed_26093221/lp/integrality.npz,7fae01f9639be86f0b91683b2d2a72f166c06593fb646001bc0417e97aaa712d,282
results/research8h/fresh_january_weeks/targets/seed_26093221/lp/matrix.npz,2f11940f72432a2a2e89e4a88115eba3cf24a8e82a8110e250c6191020c1f0bb,199281
results/research8h/fresh_january_weeks/targets/seed_26093221/lp/raw_solver_ray.npz,5395fbb57108d25edf10321451ab4c80aab448ffb970fbf9cfcbdace4fc53341,5064
results/research8h/fresh_january_weeks/targets/seed_26093221/lp/result.json,53b42df67960b48e916867475007b0b72e9484b659fc8b5f61d23b1874b06324,4876
results/research8h/fresh_january_weeks/targets/seed_26093221/lp/returned_vector.npz,1a5e4b7615ee8357012c6182812a636c9ae693db644c612d1df50d1b65038db4,42255
results/research8h/fresh_january_weeks/targets/seed_26093221/lp/row_metadata.csv.gz,f9f88cf542dcc7bb8d38914d1e70030c4427a7cab82296ff60fc372945859378,147013
results/research8h/fresh_january_weeks/targets/seed_26093221/lp/solver.log,8815caf517758d8273d03fcb5e7ad2b436882bf956cc2af646b3b3960e426513,732
results/research8h/fresh_january_weeks/targets/seed_26093221/lp/sparse_multipliers.csv,1940ffc8c16ce0f7730646997e8202ec430ecacf7c36b2fb9ebb8f6a8efefe35,75972
results/research8h/fresh_january_weeks/targets/seed_26093221/matrix.npz,2f11940f72432a2a2e89e4a88115eba3cf24a8e82a8110e250c6191020c1f0bb,199281
results/research8h/fresh_january_weeks/targets/seed_26093221/model_metadata.json,cfc67d46b777bcbb48657998390933ea3efd44d036eff6b27509a987bee1976a,2476
results/research8h/fresh_january_weeks/targets/seed_26093221/native_inputs.npz,ddbb27dd75f4f1c5ce7a4669a11adc2b5888b6024c3873538efaebca7de4d44b,26916
results/research8h/fresh_january_weeks/targets/seed_26093221/objective.npz,ff6f13618b2729c30b5442fc639c7fea45c66a08d799091e3843ab17f7b16500,423
results/research8h/fresh_january_weeks/targets/seed_26093221/permutation.csv,3d4a19b33b1a75f7056348a0033509dc1416b3652242d254e74be6ed3437d97a,2020
results/research8h/fresh_january_weeks/targets/seed_26093221/preservation.json,7cf07b84d37565c2766de57ad43518134fddb46fd72c15ccdb0494f82794992a,1331
results/research8h/fresh_january_weeks/targets/seed_26093221/projected_integrality.npz,3dce3436c853f1dcf296fce09408a6a3d1049e6c2a89568469af8a1c4ae6d73b,282
results/research8h/fresh_january_weeks/targets/seed_26093221/projection_audit.json,e9648ffe394153363cc189379abca6edf6e2c18e40dcf9206ad9347283524473,292
results/research8h/fresh_january_weeks/targets/seed_26093221/row_metadata.csv.gz,f9f88cf542dcc7bb8d38914d1e70030c4427a7cab82296ff60fc372945859378,147013
results/research8h/fresh_january_weeks/targets/seed_26100210/bounds.npz,977648e16e34225ff42bb8c857cb0d1cd42e924f113199735a3c8ba3bc17c902,52554
results/research8h/fresh_january_weeks/targets/seed_26100210/constructive_angles.csv,48366ced2023ed64eb2a1620007d0359a6d8b5e152e4d256a3ba0b5b07162f92,79642
results/research8h/fresh_january_weeks/targets/seed_26100210/constructive_check.json,bc54e964e2010d96ec8e102147f1b5b48240dc05f3aacdb19646e7cad66b795b,4125
results/research8h/fresh_january_weeks/targets/seed_26100210/constructive_commitment.csv,d254ce349f643f30732cdf2544827a7c48c323b630f35c88019df74753201f77,19027
results/research8h/fresh_january_weeks/targets/seed_26100210/constructive_dispatch.csv,4952fef449e4e6ede92ce1a4b1924d8975fc702f5d8369d7ce7efe0864ef8237,58755
results/research8h/fresh_january_weeks/targets/seed_26100210/constructive_shutdown.csv,f83d8ace16872b50f53814f7ca2b80dea586e9137f6e1fa93210fd6e921a94a7,16548
results/research8h/fresh_january_weeks/targets/seed_26100210/constructive_startup.csv,811559c9982fe4a1ffcfa1211f32258227af8f36748bcee6e8199e51640a4008,16548
results/research8h/fresh_january_weeks/targets/seed_26100210/constructive_vector.npz,26ea75595a4d39416d273dabb1ea12fb28f5ea6833f69fc57b2c7a6fd70a398c,43186
results/research8h/fresh_january_weeks/targets/seed_26100210/draw.json,7975b8e4143f987e156258ef81610d3833b38d813f74f451789c4ab5ce4f2270,23852
results/research8h/fresh_january_weeks/targets/seed_26100210/integrality.npz,7fae01f9639be86f0b91683b2d2a72f166c06593fb646001bc0417e97aaa712d,282
results/research8h/fresh_january_weeks/targets/seed_26100210/matrix.npz,2f11940f72432a2a2e89e4a88115eba3cf24a8e82a8110e250c6191020c1f0bb,199281
results/research8h/fresh_january_weeks/targets/seed_26100210/model_metadata.json,a3fa741df26f556d20d15e01530150942d60b0d73b051cd649da1014dd0706b1,2476
results/research8h/fresh_january_weeks/targets/seed_26100210/native_inputs.npz,9b8f239fb056ab1fe1a87c0d8aacf579a8beed76574ffea70b49ec96e9bf32c9,26981
results/research8h/fresh_january_weeks/targets/seed_26100210/objective.npz,ff6f13618b2729c30b5442fc639c7fea45c66a08d799091e3843ab17f7b16500,423
results/research8h/fresh_january_weeks/targets/seed_26100210/permutation.csv,1ee0d4cb1e94e82e41c1fb9db9782121a0cd294b32c89d4dd78cf0e2577ef7df,2020
results/research8h/fresh_january_weeks/targets/seed_26100210/preservation.json,d9effdf0c754c67b11cd65762a7c17e35be5c3bc49afb50160cab604413fefcc,902
results/research8h/fresh_january_weeks/targets/seed_26100210/projected_integrality.npz,3dce3436c853f1dcf296fce09408a6a3d1049e6c2a89568469af8a1c4ae6d73b,282
results/research8h/fresh_january_weeks/targets/seed_26100210/projection_audit.json,e9648ffe394153363cc189379abca6edf6e2c18e40dcf9206ad9347283524473,292
results/research8h/fresh_january_weeks/targets/seed_26100210/row_metadata.csv.gz,d0482ca6b78ea2f1783082b2f4c4c6c82e610b1efd0d9f496e2fa7c16180fa40,147013
results/research8h/fresh_january_weeks/targets/seed_26100220/bounds.npz,830a42e9699498331be1d2f637d7cf9180fa84501349fb551d96c74ee4d860f9,52052
results/research8h/fresh_january_weeks/targets/seed_26100220/constructive_angles.csv,7f0888e3f30851329c2f6460010bc9361f63502873e9c1ab5cc6747d318ee72a,79730
results/research8h/fresh_january_weeks/targets/seed_26100220/constructive_check.json,d678c74566349eb6be6729e469fe09de18789a365456d1ff8105437500956456,3888
results/research8h/fresh_january_weeks/targets/seed_26100220/constructive_commitment.csv,edd9732ce6725b85048310f4aac6a04e4cb39321ceca7d438a10e502d7ee6d75,16548
results/research8h/fresh_january_weeks/targets/seed_26100220/constructive_dispatch.csv,020e0fcfdab590da6870d1e9321693ceeb184e5905e57ba1476e03432baa220f,32960
results/research8h/fresh_january_weeks/targets/seed_26100220/constructive_shutdown.csv,639c3c5082341a2d3a5da293b8641674143d7dee92ede69d0034cb7a1f72b15c,16548
results/research8h/fresh_january_weeks/targets/seed_26100220/constructive_startup.csv,bdac53ff54a03acf43620e3c46de7d3227e3a2f13becb709bd67649f122ee6e6,16548
results/research8h/fresh_january_weeks/targets/seed_26100220/constructive_vector.npz,9e933007e9654736858fe61379211e0e7f565675b628ca5d44ed1f44ae32600f,38126
results/research8h/fresh_january_weeks/targets/seed_26100220/draw.json,42d7f641f5aea89c2194f8ea1bcdf9ff4b0be969d18b79f48fea968d5fadd136,30661
results/research8h/fresh_january_weeks/targets/seed_26100220/integrality.npz,7fae01f9639be86f0b91683b2d2a72f166c06593fb646001bc0417e97aaa712d,282
results/research8h/fresh_january_weeks/targets/seed_26100220/matrix.npz,2f11940f72432a2a2e89e4a88115eba3cf24a8e82a8110e250c6191020c1f0bb,199281
results/research8h/fresh_january_weeks/targets/seed_26100220/model_metadata.json,cfc67d46b777bcbb48657998390933ea3efd44d036eff6b27509a987bee1976a,2476
results/research8h/fresh_january_weeks/targets/seed_26100220/native_inputs.npz,094636e563ec1389b9fb9a2568c35ced908fc0597e251aa6d27acdfb756db487,26891
results/research8h/fresh_january_weeks/targets/seed_26100220/objective.npz,ff6f13618b2729c30b5442fc639c7fea45c66a08d799091e3843ab17f7b16500,423
results/research8h/fresh_january_weeks/targets/seed_26100220/permutation.csv,207891ecbcedc95668ae01017547283a48ba84e6d48b6eacef7fc7a5c68f0687,2020
results/research8h/fresh_january_weeks/targets/seed_26100220/preservation.json,0557acaa8eba3e57239363d00b6ec36654a4020358185ffc2d063632ed2c6c3e,409
results/research8h/fresh_january_weeks/targets/seed_26100220/projected_integrality.npz,3dce3436c853f1dcf296fce09408a6a3d1049e6c2a89568469af8a1c4ae6d73b,282
results/research8h/fresh_january_weeks/targets/seed_26100220/projection_audit.json,e9648ffe394153363cc189379abca6edf6e2c18e40dcf9206ad9347283524473,292
results/research8h/fresh_january_weeks/targets/seed_26100220/row_metadata.csv.gz,44b315e020005239a6fe2cf7a851afc1d764d849d246f22a424dafba04f9d793,147013
results/research8h/fresh_january_weeks/targets/week_2_cap.json,422444676b80fd3ba63d151b5f50d305e40f3c24f05ad1abc97ab80a15f9a09f,2376
results/research8h/fresh_january_weeks/targets/week_2_identity/bounds.npz,44e9954495a05ae7d80c370dae21b42e1a4fa0a48befe30ce66801ead0a569f1,52510
results/research8h/fresh_january_weeks/targets/week_2_identity/constructive_angles.csv,bfd924e36c2e4be281f2fb76b07a77c4974c77c8233b99f511f77bac9b8974ea,79642
results/research8h/fresh_january_weeks/targets/week_2_identity/constructive_check.json,bc54e964e2010d96ec8e102147f1b5b48240dc05f3aacdb19646e7cad66b795b,4125
results/research8h/fresh_january_weeks/targets/week_2_identity/constructive_commitment.csv,0d3c2a8032192f149bb2c7b40ea72390508322a25340caf7cba54e4ab1c8018d,19027
results/research8h/fresh_january_weeks/targets/week_2_identity/constructive_dispatch.csv,0ecada96ae042fda42301a788e69e8179001719c7ebc569832e3212bc2cee5cb,58755
results/research8h/fresh_january_weeks/targets/week_2_identity/constructive_shutdown.csv,f83d8ace16872b50f53814f7ca2b80dea586e9137f6e1fa93210fd6e921a94a7,16548
results/research8h/fresh_january_weeks/targets/week_2_identity/constructive_startup.csv,811559c9982fe4a1ffcfa1211f32258227af8f36748bcee6e8199e51640a4008,16548
results/research8h/fresh_january_weeks/targets/week_2_identity/constructive_vector.npz,26e67eb484a57a566b8e08c120523918adca648b918e29b9431a68ceb81711ee,43200
results/research8h/fresh_january_weeks/targets/week_2_identity/draw.json,d142c7fd3eca5154a44ff862993324aa1b786e5f143d34dc349127b9b1af049f,50
results/research8h/fresh_january_weeks/targets/week_2_identity/integrality.npz,7fae01f9639be86f0b91683b2d2a72f166c06593fb646001bc0417e97aaa712d,282
results/research8h/fresh_january_weeks/targets/week_2_identity/matrix.npz,2f11940f72432a2a2e89e4a88115eba3cf24a8e82a8110e250c6191020c1f0bb,199281
results/research8h/fresh_january_weeks/targets/week_2_identity/model_metadata.json,a3fa741df26f556d20d15e01530150942d60b0d73b051cd649da1014dd0706b1,2476
results/research8h/fresh_january_weeks/targets/week_2_identity/native_inputs.npz,e7e187ec0103784437f464406066ed1637dd6b9ecc39e05a69f463601b46eab0,26941
results/research8h/fresh_january_weeks/targets/week_2_identity/objective.npz,ff6f13618b2729c30b5442fc639c7fea45c66a08d799091e3843ab17f7b16500,423
results/research8h/fresh_january_weeks/targets/week_2_identity/permutation.csv,1a639d0e75ece8dd1f0d3a1071513e75d7bcc69a41d81233016f91788d589f23,2020
results/research8h/fresh_january_weeks/targets/week_2_identity/preservation.json,9f9c31e97aee84783526c86cf5e40beded25bc4b32c8bb11c9c817af68024ebb,331
results/research8h/fresh_january_weeks/targets/week_2_identity/projected_integrality.npz,3dce3436c853f1dcf296fce09408a6a3d1049e6c2a89568469af8a1c4ae6d73b,282
results/research8h/fresh_january_weeks/targets/week_2_identity/projection_audit.json,e9648ffe394153363cc189379abca6edf6e2c18e40dcf9206ad9347283524473,292
results/research8h/fresh_january_weeks/targets/week_2_identity/row_metadata.csv.gz,59cf22447d09e5b4ece431d555645cc55ecbfa29dc04fbcffef849a6872d1adc,147013
results/research8h/fresh_january_weeks/targets/week_3_cap.json,32d748fa5bb28c8b9a8423ee3966035979d01f3546f5b7c82f7b513dc4976530,2220
results/research8h/fresh_january_weeks/targets/week_3_identity/bounds.npz,db5bc8333e2193f8e5d7b1bd1ddf11b4085db9ac8cdcd19e9cccb1f72a1d6c5e,52038
results/research8h/fresh_january_weeks/targets/week_3_identity/constructive_angles.csv,e363e501eeff2caf3fa579f8e6dd15187958f8c218790d688f93e632d9f9416a,79730
results/research8h/fresh_january_weeks/targets/week_3_identity/constructive_check.json,d678c74566349eb6be6729e469fe09de18789a365456d1ff8105437500956456,3888
results/research8h/fresh_january_weeks/targets/week_3_identity/constructive_commitment.csv,edd9732ce6725b85048310f4aac6a04e4cb39321ceca7d438a10e502d7ee6d75,16548
results/research8h/fresh_january_weeks/targets/week_3_identity/constructive_dispatch.csv,a53a34c249488f676961df0fd81920d639b8070ecec0684423bb4cba7df008eb,32960
results/research8h/fresh_january_weeks/targets/week_3_identity/constructive_shutdown.csv,639c3c5082341a2d3a5da293b8641674143d7dee92ede69d0034cb7a1f72b15c,16548
results/research8h/fresh_january_weeks/targets/week_3_identity/constructive_startup.csv,bdac53ff54a03acf43620e3c46de7d3227e3a2f13becb709bd67649f122ee6e6,16548
results/research8h/fresh_january_weeks/targets/week_3_identity/constructive_vector.npz,7481a3fe6e2da571da8f8a3db0ba835d90b2f628df11daf4b3fff9f593468093,38122
results/research8h/fresh_january_weeks/targets/week_3_identity/draw.json,d142c7fd3eca5154a44ff862993324aa1b786e5f143d34dc349127b9b1af049f,50
results/research8h/fresh_january_weeks/targets/week_3_identity/integrality.npz,7fae01f9639be86f0b91683b2d2a72f166c06593fb646001bc0417e97aaa712d,282
results/research8h/fresh_january_weeks/targets/week_3_identity/matrix.npz,2f11940f72432a2a2e89e4a88115eba3cf24a8e82a8110e250c6191020c1f0bb,199281
results/research8h/fresh_january_weeks/targets/week_3_identity/model_metadata.json,cfc67d46b777bcbb48657998390933ea3efd44d036eff6b27509a987bee1976a,2476
results/research8h/fresh_january_weeks/targets/week_3_identity/native_inputs.npz,59c081731e57882369c21a1af19f66347f145aeb3a44b5fafe283ee8ef6efa59,26874
results/research8h/fresh_january_weeks/targets/week_3_identity/objective.npz,ff6f13618b2729c30b5442fc639c7fea45c66a08d799091e3843ab17f7b16500,423
results/research8h/fresh_january_weeks/targets/week_3_identity/permutation.csv,61bac650ea14b2a2565f76fe78e24b9320974c18f31cb821352eb4127e7388c5,2020
results/research8h/fresh_january_weeks/targets/week_3_identity/preservation.json,9f9c31e97aee84783526c86cf5e40beded25bc4b32c8bb11c9c817af68024ebb,331
results/research8h/fresh_january_weeks/targets/week_3_identity/projected_integrality.npz,3dce3436c853f1dcf296fce09408a6a3d1049e6c2a89568469af8a1c4ae6d73b,282
results/research8h/fresh_january_weeks/targets/week_3_identity/projection_audit.json,e9648ffe394153363cc189379abca6edf6e2c18e40dcf9206ad9347283524473,292
results/research8h/fresh_january_weeks/targets/week_3_identity/row_metadata.csv.gz,2ae2feaf9bfb3b834fbac43d33223bfdc55701af4cf38c1475bb1d2e24a4e592,147013
results/research8h/fresh_reference_postrun_review.py,ee35dbe4878252c33381fe5a0202844601e14f1350df36fdf66f55632a8f5183,4224
results/research8h/fresh_reference_postrun_review/week_2.json,a61fda84940073ed9bef8d63f04f75fb03ed8dedce407f97a2aeadd24d0d7bec,5197
results/research8h/fresh_reference_postrun_review/week_3.json,c851ba14f4e3f1cbe4551dafb8bc6e489ed9b89ac7821cc1419e084cca7fb175,5201
results/research8h/fresh_targets_final_review.py,80289d48a2787966bbcd4fbd0116d5f5b8624d494328831ffe24591ccfb1326e,5549
results/research8h/fresh_targets_postrun_review/final_ledger.json,3dfdfd25590e9a7cc7904f45cea3d23c7b7f39f83fd095b5894b484ed0825d4f,9925
results/research8h/fresh_targets_postrun_review/negative_certificates.json,9f99adfc38d9055c51253ff1f2fce74a987b1670bc2c7adf4c45eeef1f592433,14408
results/research8h/fresh_targets_prepared_review.py,acc3e32d0add1ea77f40e7c1ccf3f319ca8d17f486009aa3715f9fdcd907cca6,11063
results/research8h/fresh_targets_ray_review.py,5794ef1b4b0c27563fd0f7ccebf263f64d2441bb1ccb33102b005c4196ce5622,5561
results/research8h/hod_fixed_ray_transfer/READOUT.md,bc6a6756039a25985846fd57951ba62acc336bf8067968dc892003129f6de920,3341
results/research8h/hod_fixed_ray_transfer/candidate_order.json,ede5d2d1a92e53dcfcfb65916c4abc572f63adc38bb6112162c63ebb836eb4ff,257
results/research8h/hod_fixed_ray_transfer/candidates/seed_26093200__old_january_locality/candidate.json,57abc3f5cc3217c29e3c0f264e8da6359b522af6d70dae461a86a7f9cad0ac56,102616
results/research8h/hod_fixed_ray_transfer/candidates/seed_26093200__old_january_locality/coordinate_mapping.csv,8a03e7812158335145f93b57c486fc1f3df749229d30510cdbc858f597889b5c,90407
results/research8h/hod_fixed_ray_transfer/candidates/seed_26093200__old_january_locality/dropped_source_entries.json,a5338d955b09046ec0b16f3a9625b7955c763aae07dc722e474e6078745f932f,4
results/research8h/hod_fixed_ray_transfer/candidates/seed_26093200__old_january_locality/exact_check.json,dd06843961d49a32bbfb29ef4ddcc3edcad848a8affe9aaaea254eeb9297f9d0,4390
results/research8h/hod_fixed_ray_transfer/candidates/seed_26093200__own_full_to_locality48/candidate.json,f0b9ba85da4086c1318b8fd71f17f9f52ae81625d0e45fee22f112a1e23babfa,106583
results/research8h/hod_fixed_ray_transfer/candidates/seed_26093200__own_full_to_locality48/coordinate_mapping.csv,5b48d472b9960a06ea46628c95177fc7e75f42d68d1b867a5884594481968966,94817
results/research8h/hod_fixed_ray_transfer/candidates/seed_26093200__own_full_to_locality48/dropped_source_entries.json,6221a4a98c5ee3c77c2176f5fab521047b3e5fbd78cfe9d9b62e417338fa788e,26432
results/research8h/hod_fixed_ray_transfer/candidates/seed_26093200__own_full_to_locality48/exact_check.json,b1fb4a8eec411fb905dc09d8756a958400c0b7d2e92bb78767e2e98fecf2430b,4252
results/research8h/hod_fixed_ray_transfer/candidates/seed_26093200__own_full_to_two_cc/candidate.json,cefe611ad6b904828fea142ce90d708217bb81e3679d9840e785aeeaa3b990b6,69303
results/research8h/hod_fixed_ray_transfer/candidates/seed_26093200__own_full_to_two_cc/coordinate_mapping.csv,7e592fc5ebd2f1f53e4c6279691e6efa1d510b934311c45e15fcfb457126a07b,61544
results/research8h/hod_fixed_ray_transfer/candidates/seed_26093200__own_full_to_two_cc/dropped_source_entries.json,df298348622d81f67fc19029783111ff189aa6ac50324e45b9c7cafb611c157f,131299
results/research8h/hod_fixed_ray_transfer/candidates/seed_26093200__own_full_to_two_cc/exact_check.json,02806534ab40b6a5cd40f854dc665ea5915681cf5e058879c259a851430f229c,3857
results/research8h/hod_fixed_ray_transfer/candidates/seed_26093201__old_january_locality/candidate.json,aa48d0063c5cfc2410d307bebc257cc4ffa720561bf94ea18df35caea67498d7,102616
results/research8h/hod_fixed_ray_transfer/candidates/seed_26093201__old_january_locality/coordinate_mapping.csv,8a03e7812158335145f93b57c486fc1f3df749229d30510cdbc858f597889b5c,90407
results/research8h/hod_fixed_ray_transfer/candidates/seed_26093201__old_january_locality/dropped_source_entries.json,a5338d955b09046ec0b16f3a9625b7955c763aae07dc722e474e6078745f932f,4
results/research8h/hod_fixed_ray_transfer/candidates/seed_26093201__old_january_locality/exact_check.json,95661a1d57d88eab2ed1f3e8ed24ce0ed378d371cd0f8a82b2a1cb3a70e1afde,4391
results/research8h/hod_fixed_ray_transfer/candidates/seed_26093201__own_full_to_locality48/candidate.json,5127a835f60525583c0224aed6884683eebc74940cf51a643982bb5f7a99eaac,124493
results/research8h/hod_fixed_ray_transfer/candidates/seed_26093201__own_full_to_locality48/coordinate_mapping.csv,d268bc3df3eb34a2e52f55f288e38a973aeb883578039284daa4cac3855c49fa,110833
results/research8h/hod_fixed_ray_transfer/candidates/seed_26093201__own_full_to_locality48/dropped_source_entries.json,ce37fbd8be821638efbca11f06597dd22e308da82f0de1a09b78cdf6b1e35c83,35280
results/research8h/hod_fixed_ray_transfer/candidates/seed_26093201__own_full_to_locality48/exact_check.json,93c071d1a475cbb1a41dcb51661ddcc99f346daf266040a64f2992a4e1a50362,4266
results/research8h/hod_fixed_ray_transfer/candidates/seed_26093201__own_full_to_two_cc/candidate.json,5e1e5d746dc5ee67b3ad7a883674a8f6404cf4f0bcad0599242244d33c107ddd,80051
results/research8h/hod_fixed_ray_transfer/candidates/seed_26093201__own_full_to_two_cc/coordinate_mapping.csv,f3bfc8501a993710d7aedcca89c54a879dd755b297ae7e7fb736ce7221d000bf,71266
results/research8h/hod_fixed_ray_transfer/candidates/seed_26093201__own_full_to_two_cc/dropped_source_entries.json,19f4fbc4ad3b229dda607656d41ba0de64e5d17b0674dfe88100b3f01cbf76e5,160334
results/research8h/hod_fixed_ray_transfer/candidates/seed_26093201__own_full_to_two_cc/exact_check.json,6849e518e4832a2e4e15760d577ea8b4008ecd61c29f06753c3846e69647dee8,3833
results/research8h/hod_fixed_ray_transfer/checking_started.json,315c270be06522aaba9af2fa38339e8b059b94d9d877f3a02a6bff3938521788,193
results/research8h/hod_fixed_ray_transfer/control_january_identity_locality48_rows.csv,e188ded0f82abdfcf0c1e0208fb20fd5951bd82d81cd44ce5e85f41f0080dad3,353305
results/research8h/hod_fixed_ray_transfer/control_january_identity_two_cc_rows.csv,cc2843176c0409dc1b96074e66bd14e8043d9694004b964f474fa9c1b6529f71,244032
results/research8h/hod_fixed_ray_transfer/control_seed_26100200_locality48_rows.csv,e188ded0f82abdfcf0c1e0208fb20fd5951bd82d81cd44ce5e85f41f0080dad3,353305
results/research8h/hod_fixed_ray_transfer/control_seed_26100200_two_cc_rows.csv,cc2843176c0409dc1b96074e66bd14e8043d9694004b964f474fa9c1b6529f71,244032
results/research8h/hod_fixed_ray_transfer/input_manifest.json,3753fdcd4bb9d4f04c45f538631f019e54ff17d5c834266d0807a1353b89366a,29859
results/research8h/hod_fixed_ray_transfer/models/seed_26093200/locality48/bounds.npz,dcb1234dd8261135a7758aba86ba09d69db52ee84db4852c8316d421e1fa8ba9,52127
results/research8h/hod_fixed_ray_transfer/models/seed_26093200/locality48/integrality.npz,cffb1a2ce2c8ae603e2e5b82b3c39466082d1c902ca2279c61190bd9bbbfab55,260
results/research8h/hod_fixed_ray_transfer/models/seed_26093200/locality48/matrix.npz,91be4400b761da53e1353da5cdf86ee02e4245613f61dda6fee5faace2361b50,180086
results/research8h/hod_fixed_ray_transfer/models/seed_26093200/locality48/model_metadata.json,9d8b0948e83ecd3d19229b54b0a40ef1007e87fcdf3116d07455347b86f229d2,2510
results/research8h/hod_fixed_ray_transfer/models/seed_26093200/locality48/retained_parent_rows.npz,4e35841e763ae620dae510a48261f7f0064795eae0b214e83c9b7066c0fe1d89,43692
results/research8h/hod_fixed_ray_transfer/models/seed_26093200/locality48/row_metadata.csv.gz,7c51cd064b93491b999856c802a19251b36b15527c7647bfd3a6764bbc384564,200870
results/research8h/hod_fixed_ray_transfer/models/seed_26093200/two_cc/bounds.npz,48af41db35bd7899d5f44c60dca5cd73d914f45bdcc1f4a893d0d50acb2177b6,50751
results/research8h/hod_fixed_ray_transfer/models/seed_26093200/two_cc/integrality.npz,cffb1a2ce2c8ae603e2e5b82b3c39466082d1c902ca2279c61190bd9bbbfab55,260
results/research8h/hod_fixed_ray_transfer/models/seed_26093200/two_cc/matrix.npz,b5168a8e6dce1f8e64505e6cf713c36494bbf197465314d676fcd327009c0bcb,125777
results/research8h/hod_fixed_ray_transfer/models/seed_26093200/two_cc/model_metadata.json,b0364fce2e76f2c1b15111372d37005f13e3fe0a926144dc2d2943b73b2ee95b,2506
results/research8h/hod_fixed_ray_transfer/models/seed_26093200/two_cc/retained_parent_rows.npz,b6efcb55c391e6bb3c3de09a2905ec1b11d759ad11a9e84083549dda4fa712dd,30591
results/research8h/hod_fixed_ray_transfer/models/seed_26093200/two_cc/row_metadata.csv.gz,2be5c12fdeeac11be337f644cdb38bcd8daeea779bbf7b8ae93370de3eb88bd4,143389
results/research8h/hod_fixed_ray_transfer/models/seed_26093201/locality48/bounds.npz,f428bf4c885b593b51baadef73d65c4516bd642e4fa9bb55ac5c926392837953,52546
results/research8h/hod_fixed_ray_transfer/models/seed_26093201/locality48/integrality.npz,cffb1a2ce2c8ae603e2e5b82b3c39466082d1c902ca2279c61190bd9bbbfab55,260
results/research8h/hod_fixed_ray_transfer/models/seed_26093201/locality48/matrix.npz,91be4400b761da53e1353da5cdf86ee02e4245613f61dda6fee5faace2361b50,180086
results/research8h/hod_fixed_ray_transfer/models/seed_26093201/locality48/model_metadata.json,9d8b0948e83ecd3d19229b54b0a40ef1007e87fcdf3116d07455347b86f229d2,2510
results/research8h/hod_fixed_ray_transfer/models/seed_26093201/locality48/retained_parent_rows.npz,4e35841e763ae620dae510a48261f7f0064795eae0b214e83c9b7066c0fe1d89,43692
results/research8h/hod_fixed_ray_transfer/models/seed_26093201/locality48/row_metadata.csv.gz,7c51cd064b93491b999856c802a19251b36b15527c7647bfd3a6764bbc384564,200870
results/research8h/hod_fixed_ray_transfer/models/seed_26093201/two_cc/bounds.npz,9ffb6d039e8f6a66db63bab36519e240729484137b3cdd453fec9a6e8bb86233,51170
results/research8h/hod_fixed_ray_transfer/models/seed_26093201/two_cc/integrality.npz,cffb1a2ce2c8ae603e2e5b82b3c39466082d1c902ca2279c61190bd9bbbfab55,260
results/research8h/hod_fixed_ray_transfer/models/seed_26093201/two_cc/matrix.npz,b5168a8e6dce1f8e64505e6cf713c36494bbf197465314d676fcd327009c0bcb,125777
results/research8h/hod_fixed_ray_transfer/models/seed_26093201/two_cc/model_metadata.json,b0364fce2e76f2c1b15111372d37005f13e3fe0a926144dc2d2943b73b2ee95b,2506
results/research8h/hod_fixed_ray_transfer/models/seed_26093201/two_cc/retained_parent_rows.npz,b6efcb55c391e6bb3c3de09a2905ec1b11d759ad11a9e84083549dda4fa712dd,30591
results/research8h/hod_fixed_ray_transfer/models/seed_26093201/two_cc/row_metadata.csv.gz,2be5c12fdeeac11be337f644cdb38bcd8daeea779bbf7b8ae93370de3eb88bd4,143389
results/research8h/hod_fixed_ray_transfer/positive_control_inheritance.json,eaff27dbd871b37b35a91d94d33b3de31c008215402bf1b52b7d8b0a0d439028,2914
results/research8h/hod_fixed_ray_transfer/prepared_freeze.json,42c69523156b020e4faff78c3fcf4413ab776a0d1bfe48b4e1476fbd3e1f2d64,715
results/research8h/hod_fixed_ray_transfer/root_independent_review.json,6528422b67e07b5f10e6674289dbee152d6d957a5357020059db60a10f050468,2847
results/research8h/hod_fixed_ray_transfer/seed_26093200_source_proof_validation.json,651ac77e55fd550556d0230bdce244d8c8c3d37aa560def581ac36e9c20570e6,2161
results/research8h/hod_fixed_ray_transfer/seed_26093201_source_proof_validation.json,5454ab310243418bed5feb75c4d0c7c73ee60114ff4c1476ca8a322cf169ec09,2134
results/research8h/hod_fixed_ray_transfer/source_manifest.json,c6d84cc2dad4de6b7db03d2ac7bd8ebd011d842acf0c6c4bbd8ea60181a9b153,14339
results/research8h/hod_fixed_ray_transfer/source_proof_validation.json,969b7b78c2392cc8adb4b17cc6eb0074862263737c3aadb34ae0b5c646c56ceb,2588
results/research8h/hod_fixed_ray_transfer/summary.json,83841741804425a4a723e96cf211fb91db0b4312b1683ae1f26711f9d3a89002,28160
results/research8h/hod_fixed_ray_transfer_root_review.py,9926026936d419e9f714c8c54c37cc9aee9b1752b2da4bc44c0115d23511d0af,6699
results/research8h/hod_reoptimized_subsets/READOUT.md,ce19fecbd17e9b79e79ffe27c1027b7aacb28bb431ef616674f691e284c027e0,4305
results/research8h/hod_reoptimized_subsets/artifact_manifest.csv,ba2c7a894fc7a2aa1984f05b9246233e73eb278a2c5abf93b99c5951add1c025,11050
results/research8h/hod_reoptimized_subsets/completion.json,dbe2cee19b063c17caebde8c61ec5f5a81e1efd9014919b0f12254f6aed8006a,502
results/research8h/hod_reoptimized_subsets/control_january_identity_locality48_rows.csv,e188ded0f82abdfcf0c1e0208fb20fd5951bd82d81cd44ce5e85f41f0080dad3,353305
results/research8h/hod_reoptimized_subsets/control_january_identity_two_cc_rows.csv,cc2843176c0409dc1b96074e66bd14e8043d9694004b964f474fa9c1b6529f71,244032
results/research8h/hod_reoptimized_subsets/control_seed_26100200_locality48_rows.csv,e188ded0f82abdfcf0c1e0208fb20fd5951bd82d81cd44ce5e85f41f0080dad3,353305
results/research8h/hod_reoptimized_subsets/control_seed_26100200_two_cc_rows.csv,cc2843176c0409dc1b96074e66bd14e8043d9694004b964f474fa9c1b6529f71,244032
results/research8h/hod_reoptimized_subsets/execution_started.json,a71fba4fcc79461c0df65c6904054fe922128fc3d89aff0b78605c15bdaa21cc,279
results/research8h/hod_reoptimized_subsets/input_manifest.json,1d3c54426828dcca5684ca21d6f1af95f2c05cfc87631423ae939a354c867119,43765
results/research8h/hod_reoptimized_subsets/outcomes.json,1294c6a9f68bffe2fa28b9b472f6eb75fb4db453573e9c37a426dbd66ad33cce,4905
results/research8h/hod_reoptimized_subsets/positive_controls.json,9b1804d9ef9d09a3147149f15389cf0aff5c4e89b2315a68b3cdd810de9a4789,2014
results/research8h/hod_reoptimized_subsets/preparation_started.json,394ea27bd56473be55d117fd9e44d8dd3961421e70a7a97b9927de03357b1fb4,254
results/research8h/hod_reoptimized_subsets/prepared_cases.json,d4ae2ce218c470122634aa8b3b15d34458ab9360b46d37814d8bfd3a3a422adc,3395
results/research8h/hod_reoptimized_subsets/prepared_freeze.json,59555524bfe72daee6eed5957a6ae222e1992d5bc47c36a4ccee48a27f23926f,752
results/research8h/hod_reoptimized_subsets/prior_nulls_retained.json,79a6b6a4a22d296ac9189a65dc41ee398d4e3af1ee4fe879b695a87fa4fd6916,396
results/research8h/hod_reoptimized_subsets/seed_26093200__locality48/bounds.npz,dcb1234dd8261135a7758aba86ba09d69db52ee84db4852c8316d421e1fa8ba9,52127
results/research8h/hod_reoptimized_subsets/seed_26093200__locality48/exact_continuous_point.json,d1a3b7c3ca9606bb005795186dd3ed457b6b72ed883829f6e4496b69b94bc069,659
results/research8h/hod_reoptimized_subsets/seed_26093200__locality48/integrality.npz,cffb1a2ce2c8ae603e2e5b82b3c39466082d1c902ca2279c61190bd9bbbfab55,260
results/research8h/hod_reoptimized_subsets/seed_26093200__locality48/launch_decision.json,77617ee2fa2d7296abde2d41a26d7c474efcafa2111d78b002ccfe8c8922c5b0,211
results/research8h/hod_reoptimized_subsets/seed_26093200__locality48/matrix.npz,91be4400b761da53e1353da5cdf86ee02e4245613f61dda6fee5faace2361b50,180086
results/research8h/hod_reoptimized_subsets/seed_26093200__locality48/model_binding.json,033a5d85a80216969584bd314b3821d07cbe3a256ae16b7aabd8f690ad1fd67e,805
results/research8h/hod_reoptimized_subsets/seed_26093200__locality48/model_metadata.json,9d8b0948e83ecd3d19229b54b0a40ef1007e87fcdf3116d07455347b86f229d2,2510
results/research8h/hod_reoptimized_subsets/seed_26093200__locality48/result.json,741e994c3845907e7e54dc43234279f153ef05545bc259df7a9960d2a02c135f,1162
results/research8h/hod_reoptimized_subsets/seed_26093200__locality48/retained_parent_rows.npz,4e35841e763ae620dae510a48261f7f0064795eae0b214e83c9b7066c0fe1d89,43692
results/research8h/hod_reoptimized_subsets/seed_26093200__locality48/returned_vector.npz,60b1535c26e57d3a4f981717eb1eaa12ceced4996cd7a3b1978981c99a070ec1,37810
results/research8h/hod_reoptimized_subsets/seed_26093200__locality48/row_metadata.csv.gz,7c51cd064b93491b999856c802a19251b36b15527c7647bfd3a6764bbc384564,200870
results/research8h/hod_reoptimized_subsets/seed_26093200__locality48/solver.log,645a28d60a8aaf3195b2d739c0a1a0c55560c5b6e52b8642120b470f43133686,693
results/research8h/hod_reoptimized_subsets/seed_26093200__two_cc/bounds.npz,48af41db35bd7899d5f44c60dca5cd73d914f45bdcc1f4a893d0d50acb2177b6,50751
results/research8h/hod_reoptimized_subsets/seed_26093200__two_cc/exact_continuous_point.json,c6805e028d748cb26be36439299e2c572f5a3b4d16029bb765907907b5f50ed3,728
results/research8h/hod_reoptimized_subsets/seed_26093200__two_cc/integrality.npz,cffb1a2ce2c8ae603e2e5b82b3c39466082d1c902ca2279c61190bd9bbbfab55,260
results/research8h/hod_reoptimized_subsets/seed_26093200__two_cc/launch_decision.json,2390f10e5b9affa676633b7ca79958d2b3b133a8ba6e8786b716838d5349e5bf,208
results/research8h/hod_reoptimized_subsets/seed_26093200__two_cc/matrix.npz,b5168a8e6dce1f8e64505e6cf713c36494bbf197465314d676fcd327009c0bcb,125777
results/research8h/hod_reoptimized_subsets/seed_26093200__two_cc/model_binding.json,e2c7f076505e3e2e446cb3a3942afc012dcf878cf98b7afdaf9f2a4e71f38efa,788
results/research8h/hod_reoptimized_subsets/seed_26093200__two_cc/model_metadata.json,b0364fce2e76f2c1b15111372d37005f13e3fe0a926144dc2d2943b73b2ee95b,2506
results/research8h/hod_reoptimized_subsets/seed_26093200__two_cc/result.json,d6efd7401f953ea4a093ea7e79e66f74274f599c13d5547af41caf8182d35bfd,1150
results/research8h/hod_reoptimized_subsets/seed_26093200__two_cc/retained_parent_rows.npz,b6efcb55c391e6bb3c3de09a2905ec1b11d759ad11a9e84083549dda4fa712dd,30591
results/research8h/hod_reoptimized_subsets/seed_26093200__two_cc/returned_vector.npz,a83d3a8b42ad26edc07d03569536db7a8664de14cba912cbbd71370cb4c7984d,37605
results/research8h/hod_reoptimized_subsets/seed_26093200__two_cc/row_metadata.csv.gz,2be5c12fdeeac11be337f644cdb38bcd8daeea779bbf7b8ae93370de3eb88bd4,143389
results/research8h/hod_reoptimized_subsets/seed_26093200__two_cc/solver.log,2bd0e50715e95ac876ad8efcf292e2ea825b54f2f91a488e327e0661fc38b0a6,693
results/research8h/hod_reoptimized_subsets/seed_26093201__locality48/bounds.npz,f428bf4c885b593b51baadef73d65c4516bd642e4fa9bb55ac5c926392837953,52546
results/research8h/hod_reoptimized_subsets/seed_26093201__locality48/exact_continuous_point.json,ddab4dc7f9c4159cebbf87ab5ef187198c4469e4fcc21917f866ee1bd4ab97f7,735
results/research8h/hod_reoptimized_subsets/seed_26093201__locality48/integrality.npz,cffb1a2ce2c8ae603e2e5b82b3c39466082d1c902ca2279c61190bd9bbbfab55,260
results/research8h/hod_reoptimized_subsets/seed_26093201__locality48/launch_decision.json,39ca1df28bf56d9988a883fe6e698abcc36e8ffa0fc993753391c5aba0234701,209
results/research8h/hod_reoptimized_subsets/seed_26093201__locality48/matrix.npz,91be4400b761da53e1353da5cdf86ee02e4245613f61dda6fee5faace2361b50,180086
results/research8h/hod_reoptimized_subsets/seed_26093201__locality48/model_binding.json,a004dc32c85a656ebe750c82120e2bbe3afdd93e46fa2ffacf4e4a10618e0b66,805
results/research8h/hod_reoptimized_subsets/seed_26093201__locality48/model_metadata.json,9d8b0948e83ecd3d19229b54b0a40ef1007e87fcdf3116d07455347b86f229d2,2510
results/research8h/hod_reoptimized_subsets/seed_26093201__locality48/result.json,0f770c4393b956d04b82bad1c7aefa2d709d2a7d1c8dfebc7ba980582bad01ec,1161
results/research8h/hod_reoptimized_subsets/seed_26093201__locality48/retained_parent_rows.npz,4e35841e763ae620dae510a48261f7f0064795eae0b214e83c9b7066c0fe1d89,43692
results/research8h/hod_reoptimized_subsets/seed_26093201__locality48/returned_vector.npz,386f8cfe57bf468f6d825cbece826a5cae4c58122c200c2304c21a56e62857f6,38775
results/research8h/hod_reoptimized_subsets/seed_26093201__locality48/row_metadata.csv.gz,7c51cd064b93491b999856c802a19251b36b15527c7647bfd3a6764bbc384564,200870
results/research8h/hod_reoptimized_subsets/seed_26093201__locality48/solver.log,0fed9142e7fba27ed668a4f3d47af21a73fbe0a2e9dac56478ff63227bad3b74,693
results/research8h/hod_reoptimized_subsets/seed_26093201__two_cc/bounds.npz,9ffb6d039e8f6a66db63bab36519e240729484137b3cdd453fec9a6e8bb86233,51170
results/research8h/hod_reoptimized_subsets/seed_26093201__two_cc/exact_continuous_point.json,575c5301379086d40bf6b99b4d2d3b82e666f187fb6580e68710a825cb3f8427,735
results/research8h/hod_reoptimized_subsets/seed_26093201__two_cc/integrality.npz,cffb1a2ce2c8ae603e2e5b82b3c39466082d1c902ca2279c61190bd9bbbfab55,260
results/research8h/hod_reoptimized_subsets/seed_26093201__two_cc/launch_decision.json,1b165f03b51f7263b1d1d99013ba23af19fc62314842f348560515dee4e9cbb3,206
results/research8h/hod_reoptimized_subsets/seed_26093201__two_cc/matrix.npz,b5168a8e6dce1f8e64505e6cf713c36494bbf197465314d676fcd327009c0bcb,125777
results/research8h/hod_reoptimized_subsets/seed_26093201__two_cc/model_binding.json,3df5dcd1c37158770145136a670f18d1748a67ea32b89a91cca889f0d616d7fb,788
results/research8h/hod_reoptimized_subsets/seed_26093201__two_cc/model_metadata.json,b0364fce2e76f2c1b15111372d37005f13e3fe0a926144dc2d2943b73b2ee95b,2506
results/research8h/hod_reoptimized_subsets/seed_26093201__two_cc/result.json,c3dd2a7019e0f440d7570bb3563786b2294bd550d6af5c79386d0cc006b87c3a,1151
results/research8h/hod_reoptimized_subsets/seed_26093201__two_cc/retained_parent_rows.npz,b6efcb55c391e6bb3c3de09a2905ec1b11d759ad11a9e84083549dda4fa712dd,30591
results/research8h/hod_reoptimized_subsets/seed_26093201__two_cc/returned_vector.npz,3dfd9ff42c8822cdf629ca899cd001233035277225e9bfb60316239b9bee7a6d,37611
results/research8h/hod_reoptimized_subsets/seed_26093201__two_cc/row_metadata.csv.gz,2be5c12fdeeac11be337f644cdb38bcd8daeea779bbf7b8ae93370de3eb88bd4,143389
results/research8h/hod_reoptimized_subsets/seed_26093201__two_cc/solver.log,540467c39e98b4b25e8a9bb50d72ed4941bd1e892c68e8fb37f4fb8671fb0940,693
results/research8h/hod_reoptimized_subsets_independent_review/postrun_review.json,6ed59296e66737a113acb73b1d4ff0c2a5c47ccec1f65de3d0198d8ac4ce6bf8,13084
results/research8h/hod_reoptimized_subsets_independent_review/postrun_review.py,636c66753b6afa09a200ce95750f0a3851b987f8a93cf78d3fafd676c6b3a53e,6401
results/research8h/hod_reoptimized_subsets_independent_review/prepared_review.json,4cff5a3129b7694a20e4f90975e7d09ca1f39bb232d49187929f24a7a8146896,7856
results/research8h/hod_reoptimized_subsets_independent_review/prepared_review.py,7fe7d4d04e41d655f97f435a3da484a98eeb368349523696609d863e4c49151d,9874
results/research8h/hour_of_day/PREPARED_INTERPRETATION.md,6157a1f6c6fa3321b31007aa0c1a0ddb9cfef10c033f67c8cc3a568274a43c26,2695
results/research8h/hour_of_day/READOUT.md,ae6423254875457dff1c01d85481df695067a6253d5fecc0b264a8f8b7395a28,4591
results/research8h/hour_of_day/aborted_instrumentation_attempt.json,da263de53e3c4581d2dc9725e5b94013c43d91666324fa03ec9d5e1b89286b92,798
results/research8h/hour_of_day/adjacency_addendum.json,50adeaa65f314707f940c7684d2b38487b3ac6f9843bfe77c6bbbb0f6b8c4eb0,23949
results/research8h/hour_of_day/adjacency_addendum.py,bad3eab25e4a32028f0be0027f2f12e915142701ea872218bbe85edc090c838f,2747
results/research8h/hour_of_day/completion.json,764815e87d985a4da8736cdf6ea92a29a43971c5a9fd35c4fcd540147e47986e,298
results/research8h/hour_of_day/execute_with_timing.py,f448eb9f9b87e1249dccd6ef2d82ac7fdfbb78fd288eca74d3214987efbe5b75,4067
results/research8h/hour_of_day/execution_started.json,a839e6460e6e5488df3456f27b02370afe28288c15e36b328568d3e783402e00,225
results/research8h/hour_of_day/final_manifest_check.json,58759fce0d2f800aa11d1dfa067d8acbe8ff8807a70d0b4a3fccaab7f23ddeb7,137
results/research8h/hour_of_day/freeze_before_generation.json,218596137c4cdf709a955a8990f11e12afea363db4cb7c844e10aa2fd7ad9747,344
results/research8h/hour_of_day/identity_assembly_binding.json,fdd2f7ef40670620d4c593907378b30e4f952bb7bb449508aee10285b5a3dced,961
results/research8h/hour_of_day/independent_postrun_review.json,b0d401deacda159c7e7a8799327cc64cb349742f4900383f5bdd0035fc388cb8,15558
results/research8h/hour_of_day/independent_prepared_review.json,dec49b3358ffbcb1288a8281eb2b3f0f51213c1ab0b7503b3f7baf95c8df542f,109245
results/research8h/hour_of_day/input_manifest.csv,078082667f83322d3540ad3ac215ebcc996d0d31b04fd52bfa75c1d2fd814fcc,24458
results/research8h/hour_of_day/january_identity/bounds.npz,44ddedc6dd4b06028b9c7d10180cac4889dd51658a560d49f66ef8f3e31ab2d2,52283
results/research8h/hour_of_day/january_identity/constructive_angles.csv,31969d7a5d9755d8637c03fa8d19f54630544f78b4557a7d6fe3c5955dd7bbb7,79594
results/research8h/hour_of_day/january_identity/constructive_check.json,4bc4a850eb640021e2566224e0566012be0d7f9ea82b205054b63a11544ae800,4361
results/research8h/hour_of_day/january_identity/constructive_commitment.csv,de801c9c178b10a3e613dbfe5627a92431224ddbd1e492bb3ecccc82e043d9bb,16592
results/research8h/hour_of_day/january_identity/constructive_dispatch.csv,e9bfb5955f3341ad1a8833e838b90ca3369d936276ef389342842f1c62b51d0f,55813
results/research8h/hour_of_day/january_identity/constructive_shutdown.csv,db999838eaacc07084c640ef4c978aeacdde422da42fa594b431c85534243add,16548
results/research8h/hour_of_day/january_identity/constructive_startup.csv,a9c53537e2d08345dd8e955b72a7105dc9d6cacb1a8785fb42715665362a3340,16548
results/research8h/hour_of_day/january_identity/constructive_vector.npz,7c534f8691c761815224ac43773259da5a8e1d3eb2aa892dcb64dc46541672db,41271
results/research8h/hour_of_day/january_identity/integrality.npz,7fae01f9639be86f0b91683b2d2a72f166c06593fb646001bc0417e97aaa712d,282
results/research8h/hour_of_day/january_identity/matrix.npz,2f11940f72432a2a2e89e4a88115eba3cf24a8e82a8110e250c6191020c1f0bb,199281
results/research8h/hour_of_day/january_identity/model_metadata.json,1d8281f53cc1c08f73d1fdc8d66a7825d2f34377ba933c13d0e5e0be8b223fa4,2474
results/research8h/hour_of_day/january_identity/native_inputs.npz,5f917f58e4fd50ae1e0d9198fd84e81f57adb1f24b530d1ed5bb71d99714a960,26497
results/research8h/hour_of_day/january_identity/objective.npz,ff6f13618b2729c30b5442fc639c7fea45c66a08d799091e3843ab17f7b16500,423
results/research8h/hour_of_day/january_identity/permutation.csv,94352d5ec4282e9757c259bd336faae046eecbba3231b57b96e7a60257252580,2361
results/research8h/hour_of_day/january_identity/preservation.json,8ffbcd29212582b5f1358984b404888b682d0a031ff88dc0ac606f878b499457,574
results/research8h/hour_of_day/january_identity/projected_integrality.npz,3dce3436c853f1dcf296fce09408a6a3d1049e6c2a89568469af8a1c4ae6d73b,282
results/research8h/hour_of_day/january_identity/projection_audit.json,e9648ffe394153363cc189379abca6edf6e2c18e40dcf9206ad9347283524473,292
results/research8h/hour_of_day/january_identity/randomization.json,2b2cc5c980ce675590cd8c5c4792f4448a20810bc2c111abed4cf8e2fddf80b6,56
results/research8h/hour_of_day/january_identity/row_metadata.csv.gz,e749fc61f6807729b78154a3cce4a3f9cfa345fd9da946745e74e101b295107a,147013
results/research8h/hour_of_day/january_identity/static_row_mask.npz,d4ba66fba366f7932e2dbd57ce4858cb05184229876f49d671a7a6e388ff8ea3,367
results/research8h/hour_of_day/outcomes.csv,efb251eaf0c83726cce6ada28496fd70883da8f6e64c4a3245981bc0fbd9ad5b,189
results/research8h/hour_of_day/outcomes.json,48a9e1f9a546e109f39f0b344699f6f10abb20c351229f9b1144fa01a793c4a4,351
results/research8h/hour_of_day/parent_manifest_check.json,c0c6a0ea2105566fe8be0fe5b100294c6ec31a15fb13610eeab518654100f1dc,137
results/research8h/hour_of_day/postrun_allocation_audit.json,550bc407b5f4ba09d98c0fcd487baa0eeb040612f3c0993bec2775e46140caca,1478
results/research8h/hour_of_day/prepared_cases.json,1a53675e025bde983da8fe89352da39f8978474eeee4cc1cc07f5e4c35099bb7,16831
results/research8h/hour_of_day/prepared_freeze.json,4fca01674adccb4162c28939979197eb2e860bcb88a56573e743cfc2e978a191,795
results/research8h/hour_of_day/sampling_inventory.json,a9a670306158b28321acbb0eff36ef71fbd0d8c4cdcfc17f33fab5d8dd5ae75c,236
results/research8h/hour_of_day/seed_26093200/bounds.npz,db1348bc87d18f00c2f597aa028ef1dfbf02b75756b9280ec6618a2c793a3554,52361
results/research8h/hour_of_day/seed_26093200/constructive_angles.csv,e4e49fb80f56a6bb16e46785b4f9bbf494e72dae5e88d1b7600d2f57a7768df5,79594
results/research8h/hour_of_day/seed_26093200/constructive_check.json,701f37ce920bd478684942f6780bc381bde73e7a41e0de6d7b50ddcfc0931cf1,13759
results/research8h/hour_of_day/seed_26093200/constructive_commitment.csv,12ce4ba4b73721c3063ac31a12ae2ed0b9e5e423979d837f921e7b12d562b8d0,16592
results/research8h/hour_of_day/seed_26093200/constructive_dispatch.csv,7efd9b0d5c035b51f537e4944c9fac96b4d78bae9f3354a7baa0c72c91df242f,55813
results/research8h/hour_of_day/seed_26093200/constructive_shutdown.csv,0292ffcf2b4ae319ad54788af06d46bf1ce60dcade97f3db6df6bd38af911f19,16548
results/research8h/hour_of_day/seed_26093200/constructive_startup.csv,9261e81576f5a698a4ddcac4d1c6e86e17147fb600ef7d21d080bc9a0d9037f2,16548
results/research8h/hour_of_day/seed_26093200/constructive_vector.npz,6d3314cccb71f0bb9f9c31b50e3786b105b9ca51031b26ef3cc45e8d3daea66c,41426
results/research8h/hour_of_day/seed_26093200/integrality.npz,7fae01f9639be86f0b91683b2d2a72f166c06593fb646001bc0417e97aaa712d,282
results/research8h/hour_of_day/seed_26093200/lp/bounds.npz,db1348bc87d18f00c2f597aa028ef1dfbf02b75756b9280ec6618a2c793a3554,52361
results/research8h/hour_of_day/seed_26093200/lp/dual_certificate.json,8e8ebecfa75e1fee98ff615525e17ec22bc5dd280ab24a6dbe5fa6d4a206320a,119189
results/research8h/hour_of_day/seed_26093200/lp/integrality.npz,7fae01f9639be86f0b91683b2d2a72f166c06593fb646001bc0417e97aaa712d,282
results/research8h/hour_of_day/seed_26093200/lp/matrix.npz,2f11940f72432a2a2e89e4a88115eba3cf24a8e82a8110e250c6191020c1f0bb,199281
results/research8h/hour_of_day/seed_26093200/lp/raw_solver_ray.npz,703ec5fa329ee3eb332d66722c49e838a118812628c9e5b83f24b47fd9172487,4983
results/research8h/hour_of_day/seed_26093200/lp/result.json,c16feb898208a931db52650630bc17efdc4afcb0da54f0585b35c5a35c90a994,4652
results/research8h/hour_of_day/seed_26093200/lp/returned_vector.npz,72c09114ab5b36c84a7bc0479486a30f7be0a1f22c52cb46797082ef81dd1651,40388
results/research8h/hour_of_day/seed_26093200/lp/row_metadata.csv.gz,4660b93a91fb9828471b80f3edf200c6e47454b9a8d95943041b74ed4a840d42,147013
results/research8h/hour_of_day/seed_26093200/lp/solver.log,f91273f8d554ddfff0398fb064e0c0cda249efbf625f74302be03b9c832c5e7a,732
results/research8h/hour_of_day/seed_26093200/lp/sparse_multipliers.csv,83af1d9ef422c169ca1be9cd480c659f3c5286742cfe1a12cd6e49abaf64a53e,75326
results/research8h/hour_of_day/seed_26093200/matrix.npz,2f11940f72432a2a2e89e4a88115eba3cf24a8e82a8110e250c6191020c1f0bb,199281
results/research8h/hour_of_day/seed_26093200/model_metadata.json,1d8281f53cc1c08f73d1fdc8d66a7825d2f34377ba933c13d0e5e0be8b223fa4,2474
results/research8h/hour_of_day/seed_26093200/native_inputs.npz,c6e3efd7ddb65960db87eac29707eae40862bb8ea04dc00a5d2c2035d96af177,26578
results/research8h/hour_of_day/seed_26093200/objective.npz,ff6f13618b2729c30b5442fc639c7fea45c66a08d799091e3843ab17f7b16500,423
results/research8h/hour_of_day/seed_26093200/permutation.csv,09fd54c4a7ed25ba0ade5e7499ad45bd11ee63a7bfa46116b57685cc79ad31c7,2361
results/research8h/hour_of_day/seed_26093200/preservation.json,465b16c43bf5490c341c5cb348e62829b9cdaa9f71594cb9682a5a46e2694e8a,6297
results/research8h/hour_of_day/seed_26093200/projected_integrality.npz,3dce3436c853f1dcf296fce09408a6a3d1049e6c2a89568469af8a1c4ae6d73b,282
results/research8h/hour_of_day/seed_26093200/projection_audit.json,e9648ffe394153363cc189379abca6edf6e2c18e40dcf9206ad9347283524473,292
results/research8h/hour_of_day/seed_26093200/randomization.json,7d11832c098b63ac0292c2ddf79edfd4dd36d398ab7675902e914d9437e617ac,5474
results/research8h/hour_of_day/seed_26093200/row_metadata.csv.gz,4660b93a91fb9828471b80f3edf200c6e47454b9a8d95943041b74ed4a840d42,147013
results/research8h/hour_of_day/seed_26093200/static_row_mask.npz,d4ba66fba366f7932e2dbd57ce4858cb05184229876f49d671a7a6e388ff8ea3,367
results/research8h/hour_of_day/seed_26093201/bounds.npz,c219e6b64e8a7d89fa23fbf229c04cbd74e8316355259a0ef06b5b4625c01a26,52786
results/research8h/hour_of_day/seed_26093201/constructive_angles.csv,43882a6525e6adc3d3cdfbd21dd2e24ef7088b3ed7a8b16fba80092e0fb47939,79594
results/research8h/hour_of_day/seed_26093201/constructive_check.json,d74d0ece482e8fe5b444b013cd969fb1263caa742287d22c825cc6cb46a990df,12771
results/research8h/hour_of_day/seed_26093201/constructive_commitment.csv,2951c93c26e5ac5277e53ee8e63897048587ef67adb73a2b3fe198e19bd64e9c,16592
results/research8h/hour_of_day/seed_26093201/constructive_dispatch.csv,2a063070ed7ebc8d08d83370b501b2aa26d96e0205f9f7ab1e7d01ec1a954a11,55813
results/research8h/hour_of_day/seed_26093201/constructive_shutdown.csv,20e3a03830f93080b316670fb03df3987894b2ca534a93ebdb09fe97e336a9ad,16548
results/research8h/hour_of_day/seed_26093201/constructive_startup.csv,b2359874b36785cebd4c54a3dff57a57291c949e84fd8061b61dd0436f7d1365,16548
results/research8h/hour_of_day/seed_26093201/constructive_vector.npz,9fc9575fbf19160995b4f1087f0336dd31555af82bba7a08d957b2878ee3367e,41401
results/research8h/hour_of_day/seed_26093201/integrality.npz,7fae01f9639be86f0b91683b2d2a72f166c06593fb646001bc0417e97aaa712d,282
results/research8h/hour_of_day/seed_26093201/lp/bounds.npz,c219e6b64e8a7d89fa23fbf229c04cbd74e8316355259a0ef06b5b4625c01a26,52786
results/research8h/hour_of_day/seed_26093201/lp/dual_certificate.json,638cedc44dba9fd2a4d880e80bb65ad2f946dca910277d98a1f31c08292601d4,140363
results/research8h/hour_of_day/seed_26093201/lp/integrality.npz,7fae01f9639be86f0b91683b2d2a72f166c06593fb646001bc0417e97aaa712d,282
results/research8h/hour_of_day/seed_26093201/lp/matrix.npz,2f11940f72432a2a2e89e4a88115eba3cf24a8e82a8110e250c6191020c1f0bb,199281
results/research8h/hour_of_day/seed_26093201/lp/raw_solver_ray.npz,3d53299bf5ef85c7b47b6c2d19398002fb8506bb9015b41c8ac911bcd442c2d9,6331
results/research8h/hour_of_day/seed_26093201/lp/result.json,c5a6dbe1792bb6748046ab9f7e2d163adc065e61f7eefcf1c7b76df0d8b12095,4649
results/research8h/hour_of_day/seed_26093201/lp/returned_vector.npz,23168127e57cb740461fef814e4e30c906e304c57f5bfd43c0d857c59322f3b3,40062
results/research8h/hour_of_day/seed_26093201/lp/row_metadata.csv.gz,239bdf757bc9c41b3fb943845443d3100bb3f29bc90590721b1c7495d46ceea6,147013
results/research8h/hour_of_day/seed_26093201/lp/solver.log,8765b9ac31140a86fecfd5e12471785c8712f7d27f3214f9c94faa6c74dea986,732
results/research8h/hour_of_day/seed_26093201/lp/sparse_multipliers.csv,7eeaf34ef0db9fb41b8e4fbc8da27a55236a3756cd522db382d60e471442454f,88875
results/research8h/hour_of_day/seed_26093201/matrix.npz,2f11940f72432a2a2e89e4a88115eba3cf24a8e82a8110e250c6191020c1f0bb,199281
results/research8h/hour_of_day/seed_26093201/model_metadata.json,1d8281f53cc1c08f73d1fdc8d66a7825d2f34377ba933c13d0e5e0be8b223fa4,2474
results/research8h/hour_of_day/seed_26093201/native_inputs.npz,dcb27717a55c3c4548faa722f8e2f88cfbffd1e963f3ca5bf33e93e7c34e964e,26557
results/research8h/hour_of_day/seed_26093201/objective.npz,ff6f13618b2729c30b5442fc639c7fea45c66a08d799091e3843ab17f7b16500,423
results/research8h/hour_of_day/seed_26093201/permutation.csv,dd41797ff4b27820d9ba8ca7159ee4b6a0636a8d19f1c955fb3ed5b7f9fe6fa2,2361
results/research8h/hour_of_day/seed_26093201/preservation.json,50b8324aba6023f52a68c32ecb435286084bd1761d43eefd2714e22e3018a614,5679
results/research8h/hour_of_day/seed_26093201/projected_integrality.npz,3dce3436c853f1dcf296fce09408a6a3d1049e6c2a89568469af8a1c4ae6d73b,282
results/research8h/hour_of_day/seed_26093201/projection_audit.json,e9648ffe394153363cc189379abca6edf6e2c18e40dcf9206ad9347283524473,292
results/research8h/hour_of_day/seed_26093201/randomization.json,3cfa126998dcab1f657288f4020febade1a7e4c403c8a64209d7fa649b50532e,5473
results/research8h/hour_of_day/seed_26093201/row_metadata.csv.gz,239bdf757bc9c41b3fb943845443d3100bb3f29bc90590721b1c7495d46ceea6,147013
results/research8h/hour_of_day/seed_26093201/static_row_mask.npz,d4ba66fba366f7932e2dbd57ce4858cb05184229876f49d671a7a6e388ff8ea3,367
results/research8h/hour_of_day/seed_26100200/bounds.npz,209fc8c9d031438b6cdc17b3bbeb155389d946399a356ebd12c85f02511e8a48,52518
results/research8h/hour_of_day/seed_26100200/constructive_angles.csv,aee2656ef3c22e7dc1051652e69ae0bdde9e975b6174e848ca666b0f753bfe9a,79594
results/research8h/hour_of_day/seed_26100200/constructive_check.json,05f7626112d9724fee12ed3819ee27eb5add63d23cc15e1cebf1edec2eeea0a8,4361
results/research8h/hour_of_day/seed_26100200/constructive_commitment.csv,2aba2a4d787934096c59a4a3e6f9514e7b09894d2bfb03dfe79978de22b76f6b,16592
results/research8h/hour_of_day/seed_26100200/constructive_dispatch.csv,5331e26551f9afbde3fac19891db75a70536702b8063aa28a4b4dc296a7a5e07,55813
results/research8h/hour_of_day/seed_26100200/constructive_shutdown.csv,db999838eaacc07084c640ef4c978aeacdde422da42fa594b431c85534243add,16548
results/research8h/hour_of_day/seed_26100200/constructive_startup.csv,a9c53537e2d08345dd8e955b72a7105dc9d6cacb1a8785fb42715665362a3340,16548
results/research8h/hour_of_day/seed_26100200/constructive_vector.npz,3315c482b738df85a053ae5ee1b2a8bbfd3e109083a32985a249ef61934a7ff6,41271
results/research8h/hour_of_day/seed_26100200/integrality.npz,7fae01f9639be86f0b91683b2d2a72f166c06593fb646001bc0417e97aaa712d,282
results/research8h/hour_of_day/seed_26100200/matrix.npz,2f11940f72432a2a2e89e4a88115eba3cf24a8e82a8110e250c6191020c1f0bb,199281
results/research8h/hour_of_day/seed_26100200/model_metadata.json,1d8281f53cc1c08f73d1fdc8d66a7825d2f34377ba933c13d0e5e0be8b223fa4,2474
results/research8h/hour_of_day/seed_26100200/native_inputs.npz,8b258f1910910e251e0f876ec7b7dc37fdf9f4cc6ab7339483e8e4f019d9cbef,26495
results/research8h/hour_of_day/seed_26100200/objective.npz,ff6f13618b2729c30b5442fc639c7fea45c66a08d799091e3843ab17f7b16500,423
results/research8h/hour_of_day/seed_26100200/permutation.csv,262f53569da110bab80082593e10eff92098b8a755b759a89f4147e2e8c12d7d,2361
results/research8h/hour_of_day/seed_26100200/preservation.json,4fd925a16436a7f9890c5e7c04a488a6aadbbce83536de05e0eb674db01b11ca,2583
results/research8h/hour_of_day/seed_26100200/projected_integrality.npz,3dce3436c853f1dcf296fce09408a6a3d1049e6c2a89568469af8a1c4ae6d73b,282
results/research8h/hour_of_day/seed_26100200/projection_audit.json,e9648ffe394153363cc189379abca6edf6e2c18e40dcf9206ad9347283524473,292
results/research8h/hour_of_day/seed_26100200/randomization.json,9e136a547a6ea19cb21e81de19dbf98cfd7c9444e7b6b6074ae3c79cafd51af0,30039
results/research8h/hour_of_day/seed_26100200/row_metadata.csv.gz,ba594927e2a0927b1329c254b017a28e39d89f49ad01e43574324e55575895aa,147013
results/research8h/hour_of_day/seed_26100200/static_row_mask.npz,d4ba66fba366f7932e2dbd57ce4858cb05184229876f49d671a7a6e388ff8ea3,367
results/research8h/hour_of_day/summarize_postrun.py,e0a0382c2fbfc7eaefc1785f52edc195de01d7620f9f151377412d5a8eb0bfd0,5409
results/research8h/hour_of_day/summary.csv,988c6354414e3830ee8bd11ce34a4ed094f6587e1ebb15ad154a25b7cff41584,666
results/research8h/hour_of_day/summary.json,4f02319ffa751ecf3dea860dc72468da643a6d0cb53504cc8e381c04aacf6419,1493
results/research8h/hour_of_day/timed_execution_started.json,9f8d6f7414506e6a573fe240322e78fb91fec60623f1b12f1a0a53eaf1a30c5b,536
results/research8h/hour_of_day/transitive_source_inventory.json,3f95596d82c1c8e7559bfd041bf349c9bca36c323ae81416d33e8e92f83ae258,2765
results/research8h/hour_of_day_postrun_review.py,8c4db9f2c91193aa6e92591cfb64f1061db035fa0ea1967a261c3bd9390a30cc,9111
results/research8h/hour_of_day_prepared_review.py,95ed702e7e01367206061ddbf8158fe528d34dc328a3addf4a847ee2586a507b,12784
results/research8h/hour_of_day_uncapped/READOUT.md,08548b9d288eb6463f2b5a26e18e89ea9d8013ee390bc81070181bdac976c443,5331
results/research8h/hour_of_day_uncapped/allocation_started.json,d08c0170735137af2c46a7388b29453876cb1d7afcacdc4ea1695cdfc67f5bae,242
results/research8h/hour_of_day_uncapped/completion.json,636753bea0e4669393392b746394abb9a0446a96ad890a361f6568579e1886b8,590
results/research8h/hour_of_day_uncapped/energy_brackets.json,4915dfe14d94419cbb6c62a52b2079dc10648a349b93a224630ab1b41e11a1f1,8385
results/research8h/hour_of_day_uncapped/execution_started.json,97d6b2fe620550cf98a4cec7cd28c7d30fd1717fa19d8916399930dccd557f1f,378
results/research8h/hour_of_day_uncapped/final_manifest_check.json,65509117faec2724aef5378285f79d99a2b77f543634a9a347f996de264b56b6,136
results/research8h/hour_of_day_uncapped/freeze_before_preparation.json,e0970a46e8bdaa8592009cb2e98366ae025c221cfec85b4cb0c56fb2c39f5898,320
results/research8h/hour_of_day_uncapped/independent_postrun_review.json,6039f8bbf0dd882cf34f9ada87ec251e95d1e48296291591e6b58914c680c832,18797
results/research8h/hour_of_day_uncapped/independent_prepared_review.json,f1e9484b5b45822505a5887b2cea04eefaf0c7037d08a0ce19b4152faffcc110,2698
results/research8h/hour_of_day_uncapped/input_manifest.csv,b0ffca41db74d7278c001c776ae3b8656272994d083c8fc215ecbbf665020f8a,17903
results/research8h/hour_of_day_uncapped/launch_decisions.json,5d8b6af2456d9016189ef3bda77678a5e0754a2a38807a16268379ebde33a176,954
results/research8h/hour_of_day_uncapped/lp_results.json,f51327581da4fda5be34ff68b866be6347dcb2c0231ce646358eaaba8f526aad,4606
results/research8h/hour_of_day_uncapped/mip_results.json,ec8d67a7eb12a8a3a86e26c1f3cc9fb8692a2cad44cb4ea92e699472616682b0,6042
results/research8h/hour_of_day_uncapped/parent_manifest_check.json,58759fce0d2f800aa11d1dfa067d8acbe8ff8807a70d0b4a3fccaab7f23ddeb7,137
results/research8h/hour_of_day_uncapped/prepared_cases.json,8d7abc97c261201746638f08ed1c417a13359ad9517358a2c68657f9f49bf0a6,2583
results/research8h/hour_of_day_uncapped/prepared_freeze.json,1a5d43d5977a506e5c8c81610e47d17c063d69be3b4d257277ac0a0718e96988,873
results/research8h/hour_of_day_uncapped/reused_identity_bounds.json,e785f6b693c9c2938641aa60988a984e5db1b8104b91644986fa7189f585c4c8,3559
results/research8h/hour_of_day_uncapped/seed_26093200/bounds.npz,eeed1da86ce32cb8a89e4dede73f7e05447ca29e5e23555c6e50613964b2d01f,52356
results/research8h/hour_of_day_uncapped/seed_26093200/integrality.npz,3dce3436c853f1dcf296fce09408a6a3d1049e6c2a89568469af8a1c4ae6d73b,282
results/research8h/hour_of_day_uncapped/seed_26093200/lp/exact_lower_bound.json,6ab5472267604c5daa7ba472c78995f78712bb4e4b7539bbc5a7036164e2e989,2268
results/research8h/hour_of_day_uncapped/seed_26093200/lp/exact_stationarity_residual.json,ead5c9fa1241214407e2050af79a560f6fbccf4755734a6ef286825422c6c75f,979313
results/research8h/hour_of_day_uncapped/seed_26093200/lp/primal.npz,150745b1026882ec06139a1e358bffbb7bf3f936da9ee2f21f72856809d50d64,110694
results/research8h/hour_of_day_uncapped/seed_26093200/lp/projected_row_dual.npz,4ac1fc396edc525b63520804abf4ed5da022baab797717df2056ead690d42a95,4394
results/research8h/hour_of_day_uncapped/seed_26093200/lp/raw_duals.npz,6d21fa83fea75234786d5d9f7d19854da409c3211fa448931c45a5bfdadcfda7,8936
results/research8h/hour_of_day_uncapped/seed_26093200/lp/result.json,af76ab53716a18b231e6cc91bdf5b22ba6dbb1fe266ae7035745bb99fcbb5b93,2175
results/research8h/hour_of_day_uncapped/seed_26093200/lp/solver.log,ec8d3a131732a73e6e3f84ff52086cdf1a3b2a3f31b6481b500993573f88a251,715
results/research8h/hour_of_day_uncapped/seed_26093200/matrix.npz,43eadfdf239a339757187fa4d52e786d1be7277bb93009d5ded1973523bf1386,193396
results/research8h/hour_of_day_uncapped/seed_26093200/mip/exact_point_check.json,2227123b09e71ade2ae10bcc59a60ee4e74b301f06e5ea59ae648cca9d38f5c5,885
results/research8h/hour_of_day_uncapped/seed_26093200/mip/native_no_cap_check.json,356cf2a76d78f4ab5d13313ced3e35eb6a01f15d218894dddbbd0ab5dc20dc3a,1488
results/research8h/hour_of_day_uncapped/seed_26093200/mip/raw_vector.npz,93276f8537f1fedc4e99d7064429f3df1d2d255d30dea2ceaf0c7df34083fa18,41607
results/research8h/hour_of_day_uncapped/seed_26093200/mip/recovered_vector.npz,d4d2f68f002e8ac37139e8a6fa3add916022418cb42cdcdbff9286f24ca898ca,41556
results/research8h/hour_of_day_uncapped/seed_26093200/mip/result.json,24be5473ecd5e7a3af360db257bf9e84b19fb72e6b5fb5bbbdaa37b0baf84289,2851
results/research8h/hour_of_day_uncapped/seed_26093200/mip/solver.log,0d5bd426795045c77f3f83f1a9e3950902394b4b3046675c7062857f928eca99,8049
results/research8h/hour_of_day_uncapped/seed_26093200/model_binding.json,804302457ecfe075bf70088cb6ef9b1d9bd25f15bcae886cd78bc69ba91c3111,1238
results/research8h/hour_of_day_uncapped/seed_26093200/model_metadata.json,2c055c0f5de41741b70d278d13352d3ce2e4cac75c9c8d39e4cfe8292d1fe7a2,2619
results/research8h/hour_of_day_uncapped/seed_26093200/native_inputs.npz,c6e3efd7ddb65960db87eac29707eae40862bb8ea04dc00a5d2c2035d96af177,26578
results/research8h/hour_of_day_uncapped/seed_26093200/objective.npz,4a11881191004d9f39ed53d3cd18a5861829593b48c4e97d67e2af2d01b17632,864
results/research8h/hour_of_day_uncapped/seed_26093200/original_integrality.npz,7fae01f9639be86f0b91683b2d2a72f166c06593fb646001bc0417e97aaa712d,282
results/research8h/hour_of_day_uncapped/seed_26093200/permutation.csv,09fd54c4a7ed25ba0ade5e7499ad45bd11ee63a7bfa46116b57685cc79ad31c7,2361
results/research8h/hour_of_day_uncapped/seed_26093200/projection_audit.json,e9648ffe394153363cc189379abca6edf6e2c18e40dcf9206ad9347283524473,292
results/research8h/hour_of_day_uncapped/seed_26093200/retained_parent_rows.npz,f716fa7f6865e9a44befa66565a1e2d264781db9ec7077eabe815854588dbcc5,52739
results/research8h/hour_of_day_uncapped/seed_26093200/row_metadata.csv.gz,368168b00e0880d18f4f13e88d186aca7ad04b7d455b4c7ef5fc320ca87b7a91,222153
results/research8h/hour_of_day_uncapped/seed_26093200/zero_dual_baseline.json,73bc024d6c5bfe3e642d374defdbf0d742197c7ba0e21702f8e86bdbfe1e3eaa,1666
results/research8h/hour_of_day_uncapped/seed_26093201/bounds.npz,842876a152e73d9b47ac767f8497a81e8644973d949c0c942e1c22cfd034f0db,52783
results/research8h/hour_of_day_uncapped/seed_26093201/integrality.npz,3dce3436c853f1dcf296fce09408a6a3d1049e6c2a89568469af8a1c4ae6d73b,282
results/research8h/hour_of_day_uncapped/seed_26093201/lp/exact_lower_bound.json,0c1dce728691b7bb1fc694d1bace10fc365810e7e2bc24b0a46e5167e532c187,2278
results/research8h/hour_of_day_uncapped/seed_26093201/lp/exact_stationarity_residual.json,2e1c8956c5c849a7a2da1969a3e3c88a076d90f0342dffe7a67c95c3e60d6163,1042148
results/research8h/hour_of_day_uncapped/seed_26093201/lp/primal.npz,881c838530ba70e145db792eead6cd5ba13c6f06143198992bba7cc831300bd3,111249
results/research8h/hour_of_day_uncapped/seed_26093201/lp/projected_row_dual.npz,c4ea713bcc350f46c49cfbfbceb8935fb0aaa0c3638d5ddbd6148a1df672ca11,6105
results/research8h/hour_of_day_uncapped/seed_26093201/lp/raw_duals.npz,f5f49232f68b90f0c0165c9d34b9e9422de0496d286d3502401c8203ccc5cd53,11984
results/research8h/hour_of_day_uncapped/seed_26093201/lp/result.json,e64bba3a7b2707d359560140f8789df924f1996124ab99f86aac67e6bef37a82,2166
results/research8h/hour_of_day_uncapped/seed_26093201/lp/solver.log,234c6d783ab16489324bce19be25820bd6abbb7b4c7af6bb6c2ec7baffaea237,715
results/research8h/hour_of_day_uncapped/seed_26093201/matrix.npz,43eadfdf239a339757187fa4d52e786d1be7277bb93009d5ded1973523bf1386,193396
results/research8h/hour_of_day_uncapped/seed_26093201/mip/exact_point_check.json,a4c3d07524f63d76c9a51ba5a7e095dcf363f61628176a3f5d963e45860292ab,854
results/research8h/hour_of_day_uncapped/seed_26093201/mip/native_no_cap_check.json,3ce71028219a29191c54e94b59296e6e4338bde36eb282d6c58c029fa0610c80,1505
results/research8h/hour_of_day_uncapped/seed_26093201/mip/raw_vector.npz,edb9741dfc6e6ec742548470cf2c7272f11372ccb2302b792c87b815badc9f89,41363
results/research8h/hour_of_day_uncapped/seed_26093201/mip/recovered_vector.npz,7a6f6f3757c1206ebcf0c03c275022e34f0ea2af0696c1f9c869d1c17d6e3aa3,41294
results/research8h/hour_of_day_uncapped/seed_26093201/mip/result.json,55f08f618ed0dcd623834a6a5529cf9254647a342fb3f73f5ea77e7bfb16f6c7,2854
results/research8h/hour_of_day_uncapped/seed_26093201/mip/solver.log,90fefb08b375d1d9680af107db70dae8dc2aa849f750ca898e948388a8c15572,9374
results/research8h/hour_of_day_uncapped/seed_26093201/model_binding.json,df151d3b16a0b7f8d4025fef24921293b6b206ff20d01ac056a73c0e95da8e0e,1238
results/research8h/hour_of_day_uncapped/seed_26093201/model_metadata.json,95a2252ce7dd344236fa7665e1eaa188b7f39ce24fb13b89dabd99f5359f9624,2619
results/research8h/hour_of_day_uncapped/seed_26093201/native_inputs.npz,dcb27717a55c3c4548faa722f8e2f88cfbffd1e963f3ca5bf33e93e7c34e964e,26557
results/research8h/hour_of_day_uncapped/seed_26093201/objective.npz,4a11881191004d9f39ed53d3cd18a5861829593b48c4e97d67e2af2d01b17632,864
results/research8h/hour_of_day_uncapped/seed_26093201/original_integrality.npz,7fae01f9639be86f0b91683b2d2a72f166c06593fb646001bc0417e97aaa712d,282
results/research8h/hour_of_day_uncapped/seed_26093201/permutation.csv,dd41797ff4b27820d9ba8ca7159ee4b6a0636a8d19f1c955fb3ed5b7f9fe6fa2,2361
results/research8h/hour_of_day_uncapped/seed_26093201/projection_audit.json,e9648ffe394153363cc189379abca6edf6e2c18e40dcf9206ad9347283524473,292
results/research8h/hour_of_day_uncapped/seed_26093201/retained_parent_rows.npz,f716fa7f6865e9a44befa66565a1e2d264781db9ec7077eabe815854588dbcc5,52739
results/research8h/hour_of_day_uncapped/seed_26093201/row_metadata.csv.gz,eca52d6840c21aaae3171c57192c7701675b3033c02e8fa04db80f7e4145a8ef,222153
results/research8h/hour_of_day_uncapped/seed_26093201/zero_dual_baseline.json,73bc024d6c5bfe3e642d374defdbf0d742197c7ba0e21702f8e86bdbfe1e3eaa,1666
results/research8h/hour_of_day_uncapped/summarize_postrun.py,721762e8831126d17c5532d21b2f1fecdcd66115a2dd2b240399830bfd40a309,4260
results/research8h/hour_of_day_uncapped/summary.csv,b47a76199846f6559abe12bb95b3b75bdcaf9218eb8f8c26398ec883ca09176f,1131
results/research8h/hour_of_day_uncapped/summary.json,e1265ac9a1a1a089ed40a1c70ab3f6cf79597d77c5a4525c96d9965d81abc760,3126
results/research8h/hour_of_day_uncapped_postrun_review.py,a5fd773243a05b13224a5265ab093160232e0996c6271e863e125f2feb9f3909,9027
results/research8h/hour_of_day_uncapped_prepared_review.py,ec6c5c129dfb71c9cd7f04643dcf8b81ce806f73652edc8da44080f63daf067f,7815
results/research8h/kgram_check/base_source_snapshot.py,ef4f865dd358f88875b7312b68b758f9c2016d56e4dfb13a066b654a120fae9c,13225
results/research8h/kgram_check/block_formula_checks.json,29561e9703fc47441f7b7f87ed2cc5854ff2cab6893dbf98d58381be7563c160,2810
results/research8h/kgram_check/dispatchable/example_k3_r1_a_half.json,a008ed091fc8e0b8810dd65b9a3d06be90e638e977a721376ce83968117e6af3,3001
results/research8h/kgram_check/dispatchable/exhaustive_examples.json,f7a09832adccd48455c3c5cf8bd0e177233dc55ac99fe76bf8909040a9cf51ec,2590
results/research8h/kgram_check/dispatchable/parameter_checks.json,c1f88cb5d6fa6faed9a5d3a3b473f1d00b14c4449dbeaa9bf53c1d815708ef7b,110637
results/research8h/kgram_check/dispatchable/pre_run_freeze.json,d64d800ff5b8f0df1214893472406d25ec460d32e8b003a4c1539ffaf914731a,672
results/research8h/kgram_check/dispatchable/summary.json,ed394d2948bb5a5dd6362bd2e99cc97c045d9001b6c89573bd7c73c1aef3f626,518
results/research8h/kgram_check/example_k3_r1.json,b6a0cb03fde7ef7d239f69a22c90aae7903375a9582c3fc2edb35c1f81dabce5,2736
results/research8h/kgram_check/exhaustive_examples.json,e9d17b0b78b672f3762fc3f303c3836669f15a2b57edb3759ecd3c4e8f22f97e,2414
results/research8h/kgram_check/pre_run_freeze.json,9a5be7e8db3e82db5bfb28467281536c278f5c74cd53c840a75337196728cfb2,423
results/research8h/kgram_check/safe_family_checks.json,3a9bf349502803054cd47e4177117826ffb3cf048f116072b65b551abf85257c,26125
results/research8h/kgram_check/sharpness_checks.json,33fc0333a9b30b377a5032370365d7db34eb5c0da13549ce0f910034b65baf60,1002
results/research8h/kgram_check/summary.json,02f92cab96630f894bba717dcb984e0dbeb2225499cf8a28f4584ed32c554184,652
results/research8h/kgram_check/tighter_parameter_checks.json,ba8794c8103d2383ca66e14eb38d8ec7442b75aa3b7706c7eec94778bf18ab97,53136
results/research8h/literature_certificates.csv,ddcb4b0572096ffaeb22067327e65a3826787b013556101028532d5133291b58,13033
results/research8h/locality/INDEPENDENT_REVIEW.md,58ce7dcf9bf7745f7b0d1f16de73d57737bb1c85f73068eccfcc0f8850dcbb19,2060
results/research8h/locality/READOUT.md,233de6589d2e9eaf4d11234ba8a69a108c6fb9f960f310803f9c07b95c52fc1a,6534
results/research8h/locality/archive_replay.json,75625038004a505eba2e24975bc111c56373a34942b1584e975235819e9bb68b,7151
results/research8h/locality/completion.json,46d2f39afc77927f5eb53fc3106d095b3a95b455a359ab212dba896a0ad9ee24,199
results/research8h/locality/input_manifest.csv,cb71026195751853b8ac9ead2405954c8fb903c5ba47d3aa5e836863d01304c1,4035
results/research8h/locality/positive_controls.json,9335379c962ec547643aa7a2f4be7fe2c0528f3bffa73032b219c5b9363bdadc,3874
results/research8h/locality/pre_run_freeze.json,e7241398ff6e36a495aa6befa90b723acecd17cf029ecd43efdea9b6a17299d8,763
results/research8h/locality/summary.csv,1d82c5a38c13a87952ba743b4f603772aae41753c60165109c437736198cc247,2985
results/research8h/locality/summary.json,a9eb4cf0b974b8e5bac97abf34c1a98e3b0ee3df4f6636767f355de48d88243c,56653
results/research8h/locality/width_000/bounds.npz,0a257da355ac452401f2220eccc62d02bd5bac172e815e2ed5e2117090554adb,9977
results/research8h/locality/width_000/continuous_solution.npz,e42ba94bd38b6df113160183a11767e31898df8915e1e5982840e9621cbe56c8,13357
results/research8h/locality/width_000/matrix.npz,85165a75fd81b8574d9dad8858a65b7eed7304b1bd20498e4e762aaed6aa857c,93556
results/research8h/locality/width_000/result.json,cd3979ee67fb1022277d0e8783f9539f3ab06579f1a991034e724f6ffd927758,1364
results/research8h/locality/width_000/retained_dwell_rows.csv,7eb70257593da06f682a3ddda54a9d260d4fc514f645237f5ca74b08f8da61a6,2
results/research8h/locality/width_000/row_metadata.csv.gz,1db0e6df8ca3111b97315d82692c75a509b33a4db07e4c02868795405ce7f038,101810
results/research8h/locality/width_000/solver.log,17b9dd70affe68259f44bd18890cafc1b0cc020a72248038831454ab52975307,688
results/research8h/locality/width_008/bounds.npz,5dbabb5a23965b0923cb316634dd7721d2d1915400fee637675d4f5b8af6382f,10198
results/research8h/locality/width_008/continuous_solution.npz,39367f27b644529ccc9c84092f11a2481931391d60638b99201ac88bd79d726b,13784
results/research8h/locality/width_008/matrix.npz,27a85595ca7f2d24844dffb3e8769f581307c1aefa25608bb72498648f84df00,97105
results/research8h/locality/width_008/result.json,72f28f357bd47ab76ca279785835bf29d0d4f32a682d865d0cfd417b9920577e,1400
results/research8h/locality/width_008/retained_dwell_rows.csv,7feb89f080d0ffe75754e5079fff3b82533650000b35f25a6650b44b74f2f29f,9104
results/research8h/locality/width_008/row_metadata.csv.gz,1f2f3bdf2582f849483c348b8a21aba40949bb085878f6dd8eafcd1ef3a42811,110263
results/research8h/locality/width_008/solver.log,8424d5b6df84febd9102903781ec8e21ad49fde451ab252ec80469910e7fa626,688
results/research8h/locality/width_016/bounds.npz,2182c8d87fd9e4c3662075a1e60e4a2e40ef7f0c9b0ef110d191728fd24edede,10246
results/research8h/locality/width_016/continuous_solution.npz,33fd4cde4718bc536bad1e449c30e247f2831f535d7025c5805a083b5bb633d0,13461
results/research8h/locality/width_016/matrix.npz,cc00f30befd60ecf927714b4cac6a778f8470875b965964572699ddb69df68f2,99389
results/research8h/locality/width_016/result.json,232d401f81f475a3214c343227933477201db99d94bd6cc8bbc53792403890a6,1403
results/research8h/locality/width_016/retained_dwell_rows.csv,18719a83b38e85e01076e25cfc6858a6ca2b312c09474714ccc69bfb6476eed4,24256
results/research8h/locality/width_016/row_metadata.csv.gz,6562c9bcdcbc899cbd017bd8bd1e009eb8aa7699a9a6c7a2bf03a2be50c54066,113837
results/research8h/locality/width_016/solver.log,3746c8fbfadf124f219d52e838cf6aefd8da7e2bc33444426596439add61fc9c,688
results/research8h/locality/width_024/bounds.npz,b224a6121a68f30ee480331bcfdd4b2eee41e26f4c4a8becbda478ea95401965,10264
results/research8h/locality/width_024/continuous_solution.npz,5590cccd4315445fdb821f4a60924d3865bc4a779ea116dbd4b09f6dfad102ee,13579
results/research8h/locality/width_024/matrix.npz,7e40f41e195136c636b558c6c0e5d258702b2b4eb17293099586b440e1feb040,101512
results/research8h/locality/width_024/result.json,d6391fc76d4a39b0e3752c14c0cb7aef720d3d3c8a0942ceaeb294961ef88931,1401
results/research8h/locality/width_024/retained_dwell_rows.csv,13caa0c6e64ff2529ff1e7ddb86d80a93addcd88e9e0881cd154fc305a5fae24,39500
results/research8h/locality/width_024/row_metadata.csv.gz,7a9d7e777c8df4cbc3c1f9950ab269741a3c6bd7ad0b99af5aee6a91acb8ec6e,117106
results/research8h/locality/width_024/solver.log,8be67bb6f0380fcee3879335de382afe43bb62d66bb5a8700eb7c07c5db7d004,688
results/research8h/locality/width_048/bounds.npz,1885e9d5a72d5af4f69f0eded1224aa81d5be19b1f0dcd20b627661aaa91b77f,10407
results/research8h/locality/width_048/certificate_dwell_rows.csv,23585e1228157150c3d07b43c117f329d1c574bbad9943c57a287873efdcdba4,3244
results/research8h/locality/width_048/dual_certificate.json,16bd17ce9fd892051fec12facd7638b4f954f09d19afd97326757385b3ea2cf7,47417
results/research8h/locality/width_048/dwell_support_by_unit.csv,a34094414f583ffd3ee64b9ce50b6fc9c433586dc089e8b02a61d81201b8ab7f,637
results/research8h/locality/width_048/matrix.npz,bf7905b7d669b83c36191900631c68a053204a85981099102b5d2a0a7f02957b,109352
results/research8h/locality/width_048/raw_solver_ray.npz,e18e97d6d9d01bac40bf1cfbdf063fd8f86ccb49ed96e58395e98bc1d35db62e,2828
results/research8h/locality/width_048/result.json,1d214c4513c780c4a83ef8f8406d7a0945500a70a8645870f0dc74624ccac92b,8606
results/research8h/locality/width_048/retained_dwell_rows.csv,514f0d073e8c6f65488aba6bb5d0857562470c710885768fd767c1946c7ca44e,88304
results/research8h/locality/width_048/row_metadata.csv.gz,8b530de8474c9641bf75d143964597b3dd1aef711b36d3d3537a5f25c2def3a1,125292
results/research8h/locality/width_048/solver.log,fa842501b8cafff03037302e1b0f184e1a3ceddace06668f8403bf837bbc697a,725
results/research8h/locality/width_048/sparse_multipliers.csv,9558a31d129f6842c9cb4bf6f840d916b4f317e8dcd4e964d2502c196b71ed5e,33797
results/research8h/locality/width_072/bounds.npz,ff78d06cf0c9836c381332b07d3577b129fd81254abd790e36ee8df841003047,10453
results/research8h/locality/width_072/certificate_dwell_rows.csv,19ed101562f893a3bf531ffa228bb081ee66c706ffa1d63a6cd378ebefb5bc81,3572
results/research8h/locality/width_072/dual_certificate.json,590b4a6e9a9f96f8a811c00fba954d67633ab26e39f6c509542bed5db085537c,56826
results/research8h/locality/width_072/matrix.npz,6ae3c9cba7d675d464bbdc0114003bc22a6d8503188262f99cbc93d8bf5c16fc,116801
results/research8h/locality/width_072/raw_solver_ray.npz,36fa8e0213a729318358b1ba9b6a9afcfff784e4990c2f8d9835ba3f06f5563e,3427
results/research8h/locality/width_072/result.json,cc80cfb166f2504fe1e518e4923778f6a4c463d72f9fd3f7c980562fa3850dd0,9315
results/research8h/locality/width_072/retained_dwell_rows.csv,56180b34ad7d6b82561cf635b8fe34d4e4b789a654a176d4e3c8cbad00e0b8c0,140168
results/research8h/locality/width_072/row_metadata.csv.gz,7cb95e8062cbfe1ae45592bbf55620ac42babbc16d424b8329265552bb9f6db0,132826
results/research8h/locality/width_072/solver.log,5b0de470e4ccafef7c1215300cee802cec98089efe8871d2faadde283544d362,725
results/research8h/locality/width_072/sparse_multipliers.csv,38d54184892beb9d2b1b86045a8b199c41cfbb59acccc99526cc1bd9857fec4d,40284
results/research8h/locality/width_096/bounds.npz,9638c8039abf03346346a138d54553004b5eff483c7be14daa22029ab898e8ea,10596
results/research8h/locality/width_096/certificate_dwell_rows.csv,6ab446d89c0e2a4289c33faff651b7fdc3dae12d159022d58b9c0856eb45a864,2697
results/research8h/locality/width_096/dual_certificate.json,d33e4dc1ea9b19f75ba4cd5cf841feef52f1e86834a007666f0da443290193dd,45429
results/research8h/locality/width_096/matrix.npz,17341333a25398a83ffdb27287ee20f0a5c14d3a712c1198d368c96ae0329504,123477
results/research8h/locality/width_096/raw_solver_ray.npz,8dd7988e5b5b40caf02da9e6f287bae83240ae0ac09b457ca2383b200657e01f,2184
results/research8h/locality/width_096/result.json,9c783371d189a865079575254979f43f1b6465cbc9dba6b8edae61beaa2c17c0,8924
results/research8h/locality/width_096/retained_dwell_rows.csv,6e82c1c54afcdc78223d4f75f1b5fa21dc9ddc435af93dcad8df8557bd7c93d4,192032
results/research8h/locality/width_096/row_metadata.csv.gz,860628f56a9ffd1da8953e3081a562cdb7423b2e70052a44cab8fc0a3ce015cf,142749
results/research8h/locality/width_096/solver.log,c611edccf466dc722bbb1c4efb85582ecf40d8ca0380d92bb76139b61ad9394d,725
results/research8h/locality/width_096/sparse_multipliers.csv,9892438eb5bd56e050d4b4a120710c6fa82b91910b5551cfd7f916d4975b2ce3,31870
results/research8h/locality/width_120/bounds.npz,fa1ba9e78f0ac9c8082ecf89be63ecd7607b91d236b7d070dadcc9605eacdc4f,10614
results/research8h/locality/width_120/certificate_dwell_rows.csv,bd0fde8929b01796a63dceec0a227ed2de985081340e6269a338cbd69629cf2f,4191
results/research8h/locality/width_120/dual_certificate.json,26fdfb026a81d16f1917c18c5682073495aec5ba5e3cf9a5824299784217ef06,70123
results/research8h/locality/width_120/matrix.npz,c2f16bd0279a313a11710e0f5635c3ead945b87d63ca3191c26c9b8989d0f97c,129596
results/research8h/locality/width_120/raw_solver_ray.npz,784574cb7b2e438699089349242d53a73b20cf1bba7dd3996eab1412d91eaf04,3507
results/research8h/locality/width_120/result.json,c9e585d031a87e55b71b0c923e25ea0837156e0a302ea4a648bd69607f4efc2e,9569
results/research8h/locality/width_120/retained_dwell_rows.csv,f99e1c63466ff743de2a9720c96558885ea537312d9ebceed9a6341446644315,243974
results/research8h/locality/width_120/row_metadata.csv.gz,8f600e4dfe548b2b327ce12d6c1ff3b8df875711a329a2e3694e189d4063f94c,152564
results/research8h/locality/width_120/solver.log,f99d98754e5e034f93da178043bdb1ae42b5ba2d174220cb9cebae75ec6da1d9,725
results/research8h/locality/width_120/sparse_multipliers.csv,4ee3bef0d6a77f725ba0bc492e1252149a23643bd4cb7d25a6c7de6893603969,50309
results/research8h/locality/width_168/bounds.npz,a06a4faeb9573ee0499706eeeb3fc3620651a18ea3f2d4c1f0f9422c923bf1e8,10532
results/research8h/locality/width_168/certificate_dwell_rows.csv,abbba9ece8f634a20f850c6f6877f2ce2768783fc8ea78c02eee0a713d30df28,4256
results/research8h/locality/width_168/dual_certificate.json,844e4085f18ff593ce1b26446449bed90fe99dd510b3177d9b71464b65598eec,79158
results/research8h/locality/width_168/matrix.npz,6af039900e02e8d16a419686a8e11a4f33515092d0647af4677bbabda4b8754f,143874
results/research8h/locality/width_168/raw_solver_ray.npz,a99ab8453889f95ca0581f0d25c193fbaab21a9d34c13703bf25958d6e3b1e0c,5791
results/research8h/locality/width_168/result.json,ebf606ae73cd2992d65edb99953a0410b2e3ba06543e6d3aa2d3b96ea731d405,10357
results/research8h/locality/width_168/retained_dwell_rows.csv,2989da980916e78cb9d793c01fcafba76b12d62e81652dd8d0d5174e05dba1dc,357312
results/research8h/locality/width_168/row_metadata.csv.gz,2b1aa3749f9fe97ad818ea7fc2074dbc8aca03785d38c9b8dbc4756d59d78830,171788
results/research8h/locality/width_168/solver.log,88c472df7c6441c3893bbd06de0118b558fc3a4e6d04acaff9ccb46cbbdf5c8d,726
results/research8h/locality/width_168/sparse_multipliers.csv,8451f02cb6815ac1cbcb9f42d7be0e1354ad1e80584166ce2b3dc0217b60cac4,57354
results/research8h/markov_mip/READOUT.md,e29afb8794e988b956be9c21c53947e0a7411112664dae3359b75263ff6dea73,2051
results/research8h/markov_mip/baseline_witness_checks.json,c892e48765f7486b2fc356dfb64a574f8558f35c20f43b5cf35ec8e2825a19d4,1247
results/research8h/markov_mip/input_manifest.csv,bc7ada6209d0cf990573b619b6cef0bbfe3bf8e98237fdc4396c5e5763857c8d,6769
results/research8h/markov_mip/pre_run_freeze.json,ddeefa18c672c5cfcd042991b2017a4c03062d8b3c01f02e13ce5b3c448859bb,499
results/research8h/markov_mip/seed_260926100/month_07_minud.log,7c4e38bbaa427d5bf2ac8daeb0e55b0f5774662f4c59e8caf707e98d154cf511,2520
results/research8h/markov_mip/seed_260926100/paired_input_links.json,2904a0b8c18bc5b511bb1b5bbb9f9bb25b0d7720794a17124e4bdda95054855c,686
results/research8h/markov_mip/seed_260926100/result.json,2a621af90ed82d8d63c6d18d406d39f92fc150d09c715cc467051358b870f8d4,470
results/research8h/markov_mip/seed_260926101/month_07_minud.log,1b60f12c76aa1d1d4f8bf61c2593b613d990a39b859533421fbb2dc2751a5d29,2274
results/research8h/markov_mip/seed_260926101/paired_input_links.json,b1d86ef6231a31149cfc56762fdbc4d8c4aeae0c8b969a35eb07c85933dbb25d,686
results/research8h/markov_mip/seed_260926101/result.json,9c8d4ef04dc7fe85b89f9cd936161ac29bb30861e9007eb72faf2b5e292eb57c,458
results/research8h/markov_mip/seed_260926102/month_07_minud.log,cc01e2d817eb00ffbcdc6968ce1a5b2bf80e75054e4c36543aac9fab927664be,2643
results/research8h/markov_mip/seed_260926102/paired_input_links.json,74d4294483486f21b5baff8193416340f835711bde684e8b29eb6c72b20402e8,686
results/research8h/markov_mip/seed_260926102/result.json,93895d09446514e0d905758a2d84d0317016ec468912d672ff028909ed732130,470
results/research8h/markov_mip/seed_260926103/month_07_minud.log,28deeacc822950fa11262cef195fe4396527376e046b1c0b0705c5321a20786d,2520
results/research8h/markov_mip/seed_260926103/paired_input_links.json,2a1c9e41c73396c94aa51cdf99288ed72d1a9338e9666629a750e39bc253c0cd,686
results/research8h/markov_mip/seed_260926103/result.json,01305dcfcfc5e279270bd58330ff54ef2922ceac63f99c7bad7b0570183154a0,469
results/research8h/markov_mip/summary.csv,ddcdd2220d36ff48dbddca81368a8d5c370e839ad07eaa348079b87a190e0545,1001
results/research8h/markov_mip/summary.json,fe722d6b531ebea2df203099a1eac6bd4bf58f516fb8f03c2b2c19ada5012a2a,1996
results/research8h/markov_twins/input_manifest.csv,3a95246b55b34f889d0e923595158c4e2afb683e935500ea4209fa960de62da2,3605
results/research8h/markov_twins/overview.json,3ee0e1cecdb4694735680022e77b787603b943e9997ce15001d427ad1de396cd,259
results/research8h/markov_twins/positive_control.json,c304596fa587015d4ee261104d0db956111600abf1d65368fde59c98000eacdf,1051
results/research8h/markov_twins/pre_run_freeze.json,ad4bdb10a7823e2e13695be03905d9fd58ba02daf7257182e918fd7e87e8cec1,645
results/research8h/markov_twins/seed_260926100/bounds.npz,c70a0e84bf5af57db2f38448620d1313fb71355f8a10708be1bfa19a26cfaefb,10511
results/research8h/markov_twins/seed_260926100/continuous_solution.npz,f0b52d6c5157ba5f67140a2ee706dbdd4f380818fdf8238fb11a09d99af1b150,13067
results/research8h/markov_twins/seed_260926100/lp_result.json,84575db4be541078fbcb9a14f5c5970dea583ff88c30312ff39a81ecf033ca54,766
results/research8h/markov_twins/seed_260926100/matrix.npz,6af039900e02e8d16a419686a8e11a4f33515092d0647af4677bbabda4b8754f,143874
results/research8h/markov_twins/seed_260926100/model_metadata.json,e11ab418c93341678181b5d27eafc0c893770b120f39a5a88f7deca73ddc6341,1528
results/research8h/markov_twins/seed_260926100/permutation.csv,fd65de711f79b3b1162997d1a8276f13c9ddfc12bc18ff9f65f7f6c77ac47727,2636
results/research8h/markov_twins/seed_260926100/preservation_and_witness.json,85f3f4562528832404b26a393eca2e968c6045c96c18b6518ae1fb7e78798ed8,1879
results/research8h/markov_twins/seed_260926100/solver.log,51e95300fa860c5e75d041fb44e9476aacbfc9edef796883d6ae40bb32315f6b,762
results/research8h/markov_twins/seed_260926101/bounds.npz,076e0b91903d21ab5e825ae900aa0914c8abeef151999e455145a563053a1691,10535
results/research8h/markov_twins/seed_260926101/continuous_solution.npz,b03d3957ef5c2f1319be2d0a3a3fea444f2b1341b9fd5ddd73767a0b8d0fc09b,13234
results/research8h/markov_twins/seed_260926101/lp_result.json,64be734e603aee77d3826012d6abd5e330bd48c4820e856eb3224d47799f1f37,746
results/research8h/markov_twins/seed_260926101/matrix.npz,6af039900e02e8d16a419686a8e11a4f33515092d0647af4677bbabda4b8754f,143874
results/research8h/markov_twins/seed_260926101/model_metadata.json,e11ab418c93341678181b5d27eafc0c893770b120f39a5a88f7deca73ddc6341,1528
results/research8h/markov_twins/seed_260926101/permutation.csv,3942730aa60582f30ef257af54cec498f3a204965889e36cc4fdd54e939ceb26,2636
results/research8h/markov_twins/seed_260926101/preservation_and_witness.json,85f3f4562528832404b26a393eca2e968c6045c96c18b6518ae1fb7e78798ed8,1879
results/research8h/markov_twins/seed_260926101/solver.log,9115403d8fa5b620d2959599c89874ba826469865f3a5cce2d7b17c31e6dc179,763
results/research8h/markov_twins/seed_260926102/bounds.npz,340fa55a57ccd4e88c9561cdbccc42be134b4b2d38dc3ae868fd3e69662d08e5,10489
results/research8h/markov_twins/seed_260926102/continuous_solution.npz,b53493a010fd05fef3e65e24fb3d6d5c6a9896125553e81c3e12f8d87fa81cee,12908
results/research8h/markov_twins/seed_260926102/lp_result.json,8f390da7734c4ded0098cd216c381f3b32449503e8f06eb23153a617ebaedc13,744
results/research8h/markov_twins/seed_260926102/matrix.npz,6af039900e02e8d16a419686a8e11a4f33515092d0647af4677bbabda4b8754f,143874
results/research8h/markov_twins/seed_260926102/model_metadata.json,e11ab418c93341678181b5d27eafc0c893770b120f39a5a88f7deca73ddc6341,1528
results/research8h/markov_twins/seed_260926102/permutation.csv,1d4ae2b7c2786fbbda007bc3b0130b51f9c5775f6e5683629968118bdabf1f37,2636
results/research8h/markov_twins/seed_260926102/preservation_and_witness.json,21cb0478cafe8960573562500764bd093229d2cb7f60cbd486f82ea0b0b54106,1879
results/research8h/markov_twins/seed_260926102/solver.log,02ae560640c0d8363d04335506cad7ab2db2928e22905c228cebc02a49317507,763
results/research8h/markov_twins/seed_260926103/bounds.npz,330b8aaf2a93bf2b65530b6557bef7e1d0adad4b894296f1f82037960818bcc6,10511
results/research8h/markov_twins/seed_260926103/continuous_solution.npz,52dbca9b4deb6bb87ab80189a07f3b6a52b184c7276c74f34fe8f0ecf925f282,13132
results/research8h/markov_twins/seed_260926103/lp_result.json,0829b3dcf77803a6de0dbd2150330588ee6c8ab4d0f29c4614bb542258cf6a62,765
results/research8h/markov_twins/seed_260926103/matrix.npz,6af039900e02e8d16a419686a8e11a4f33515092d0647af4677bbabda4b8754f,143874
results/research8h/markov_twins/seed_260926103/model_metadata.json,e11ab418c93341678181b5d27eafc0c893770b120f39a5a88f7deca73ddc6341,1528
results/research8h/markov_twins/seed_260926103/permutation.csv,c9219754a9d79690a5045604ef65d2ab6953b46bcde68d4e4344ba586f85d4bd,2636
results/research8h/markov_twins/seed_260926103/preservation_and_witness.json,85f3f4562528832404b26a393eca2e968c6045c96c18b6518ae1fb7e78798ed8,1879
results/research8h/markov_twins/seed_260926103/solver.log,067a2a77847f81f8dc9bbd40bf2ecee7ba292669b0a44fe13f146061e27eb8ad,763
results/research8h/markov_twins/seed_260926104/bounds.npz,56828dc78d803cf6b69af401f8930bd28b7724c11c59cb9776766bf5ad8973c9,10509
results/research8h/markov_twins/seed_260926104/continuous_solution.npz,16cab19a496a1fda9ac7a7124c1b6c40afef332091eac701323410ea026b509e,13433
results/research8h/markov_twins/seed_260926104/lp_result.json,0f542516b2c18007e1caadaaafd62fa35a7616552e41b1bfc4f82507b88a5607,765
results/research8h/markov_twins/seed_260926104/matrix.npz,6af039900e02e8d16a419686a8e11a4f33515092d0647af4677bbabda4b8754f,143874
results/research8h/markov_twins/seed_260926104/model_metadata.json,e11ab418c93341678181b5d27eafc0c893770b120f39a5a88f7deca73ddc6341,1528
results/research8h/markov_twins/seed_260926104/permutation.csv,d3b64b06c2bea941a8ab3634b71267ea71e9944145eab0f7dcf86a74fdfd8a98,2636
results/research8h/markov_twins/seed_260926104/preservation_and_witness.json,a24efdd84ad5eddeca0a5e03899f4fda95dce8db4e7cd9135bf86adbac07ee21,1879
results/research8h/markov_twins/seed_260926104/solver.log,ca355136d1454b8e10ac7defa5d1fca8e587f410d2909ceafb2ba2cdd68fe288,760
results/research8h/markov_twins/seed_260926105/bounds.npz,2620046b5fbe1d599c5fd25b816de49a49e2981fae1675c2f584fe789e2fdaf8,10489
results/research8h/markov_twins/seed_260926105/continuous_solution.npz,ae8d36ec8333d513dd403596e8e76c748ba98b050ecbc55b207372c46ff67467,13167
results/research8h/markov_twins/seed_260926105/lp_result.json,3545672e9e2fc9af564accfc81249f39ef8b804ef778dee79c4cb912db92fff1,746
results/research8h/markov_twins/seed_260926105/matrix.npz,6af039900e02e8d16a419686a8e11a4f33515092d0647af4677bbabda4b8754f,143874
results/research8h/markov_twins/seed_260926105/model_metadata.json,e11ab418c93341678181b5d27eafc0c893770b120f39a5a88f7deca73ddc6341,1528
results/research8h/markov_twins/seed_260926105/permutation.csv,886170f65b26d8a0ae70174e73e3f5977042f0fad89194b7d7c03cb26232d2ad,2636
results/research8h/markov_twins/seed_260926105/preservation_and_witness.json,9b46d45af2afaa4af4c5a0d1bd1ffc6e4f287499055a2f55e9afffde8972429e,1879
results/research8h/markov_twins/seed_260926105/solver.log,585dd8dc106719d5caf7b300056049785dfb4079a64447b77563fe6761970286,689
results/research8h/markov_twins/seed_260926106/bounds.npz,809e35466cec25bdd8d1921a5a90d147401c3d357b26b9e2f11b70b4046794a8,10512
results/research8h/markov_twins/seed_260926106/continuous_solution.npz,2ff2006c8e44b0e66d694602b4dd625dee543eb5386bbdce6796d48cb84f3341,13627
results/research8h/markov_twins/seed_260926106/lp_result.json,0b6a2090722e2ef7b7d53b77e54891a38712646c2b570eccb36f126f1b73efa0,763
results/research8h/markov_twins/seed_260926106/matrix.npz,6af039900e02e8d16a419686a8e11a4f33515092d0647af4677bbabda4b8754f,143874
results/research8h/markov_twins/seed_260926106/model_metadata.json,e11ab418c93341678181b5d27eafc0c893770b120f39a5a88f7deca73ddc6341,1528
results/research8h/markov_twins/seed_260926106/permutation.csv,5983b09a8e19c43707fa1576c71c5ae29310ea7ae25a177cb5c0e926e83e8e1b,2636
results/research8h/markov_twins/seed_260926106/preservation_and_witness.json,fcd8be8c1aafbb33b0234d69c9fcaab762e743c2aab48dd3c7b81645695d7d04,1880
results/research8h/markov_twins/seed_260926106/solver.log,ffd11d8d82fcfea8d24c11ec09864e2f0d35b9efed53ddca28a7106f4545810f,689
results/research8h/markov_twins/seed_260926107/bounds.npz,d35a0290887723107a1db0a459fc7cfc407b5b2c6bb2c823280b0982bc0e394c,10530
results/research8h/markov_twins/seed_260926107/continuous_solution.npz,97f9dbc6af2292af6eb16bba82a84d738974fd83ba640f1845fa6d6a870128d1,13523
results/research8h/markov_twins/seed_260926107/lp_result.json,26160f92bbec397c7454d6e03137d2808af56a60b6832729d76db3b366ad9675,764
results/research8h/markov_twins/seed_260926107/matrix.npz,6af039900e02e8d16a419686a8e11a4f33515092d0647af4677bbabda4b8754f,143874
results/research8h/markov_twins/seed_260926107/model_metadata.json,e11ab418c93341678181b5d27eafc0c893770b120f39a5a88f7deca73ddc6341,1528
results/research8h/markov_twins/seed_260926107/permutation.csv,a6913e8bb59fa602371c3e35774a3dc01151cc01c9fb248a4b1660a6848ec751,2636
results/research8h/markov_twins/seed_260926107/preservation_and_witness.json,a34e96a589356e69ae3b03a50366538f611b3705aa82018152480d3610c946f1,1879
results/research8h/markov_twins/seed_260926107/solver.log,494e6954693f37e20f8419e5bd48471afe1ba929222c7b56ff6e5b902b953b52,763
results/research8h/markov_twins/seed_260926108/bounds.npz,743901a41ce36b69018e5711a08aab8e63015883c52c826be8fbd742e260b68a,10510
results/research8h/markov_twins/seed_260926108/continuous_solution.npz,55b3e4b760b320287eb84197fc33531e5700258d225c51ceaf25e808156f69d2,13202
results/research8h/markov_twins/seed_260926108/lp_result.json,2087f418230d2dc78f1d43ff9052e39a2b90343b1a7b59aa06b184662ad637dd,764
results/research8h/markov_twins/seed_260926108/matrix.npz,6af039900e02e8d16a419686a8e11a4f33515092d0647af4677bbabda4b8754f,143874
results/research8h/markov_twins/seed_260926108/model_metadata.json,e11ab418c93341678181b5d27eafc0c893770b120f39a5a88f7deca73ddc6341,1528
results/research8h/markov_twins/seed_260926108/permutation.csv,8dfe970b5182c303e9bd6241cf94bc56c34ae44a9f7409941a4268826f476561,2636
results/research8h/markov_twins/seed_260926108/preservation_and_witness.json,21cb0478cafe8960573562500764bd093229d2cb7f60cbd486f82ea0b0b54106,1879
results/research8h/markov_twins/seed_260926108/solver.log,737287a2b2ff3907762c68d2b067803c8c4133f8b1c238f5c000bd4b0a65fcd5,762
results/research8h/markov_twins/seed_260926109/bounds.npz,ef126721def9731092ec17ba55735767d3fc21b48eed6ee105443efe6174f673,10501
results/research8h/markov_twins/seed_260926109/continuous_solution.npz,719664c397ec7205e64ccb9330085046542b5619c334eacd6190983633b18eb8,13039
results/research8h/markov_twins/seed_260926109/lp_result.json,52271ed048cae326f5fc6ada8bb494d75493f797393617ee353cdf7125005c61,746
results/research8h/markov_twins/seed_260926109/matrix.npz,6af039900e02e8d16a419686a8e11a4f33515092d0647af4677bbabda4b8754f,143874
results/research8h/markov_twins/seed_260926109/model_metadata.json,e11ab418c93341678181b5d27eafc0c893770b120f39a5a88f7deca73ddc6341,1528
results/research8h/markov_twins/seed_260926109/permutation.csv,0111159de50337671f76a4d6eb3b69a48304e22e1021bd86f381eb31e5ee7ad6,2636
results/research8h/markov_twins/seed_260926109/preservation_and_witness.json,21cb0478cafe8960573562500764bd093229d2cb7f60cbd486f82ea0b0b54106,1879
results/research8h/markov_twins/seed_260926109/solver.log,f4a1b60b6973d02b353371c80daeb2c0d97a6334ae1cd8a0fc62e19de0f644df,764
results/research8h/markov_twins/seed_260926110/bounds.npz,0e92b8b3983c606181035c5358ccd574c08e64d0c560491a6c27d4264d1c398a,10515
results/research8h/markov_twins/seed_260926110/continuous_solution.npz,e22156032c4aebe99816211651e0e7bc18e8329ef6366142e3192809af3f254e,12956
results/research8h/markov_twins/seed_260926110/lp_result.json,b318b78a22448cad1c48e0a453399d583434ab6380837ff6fa2474aff1820ca0,746
results/research8h/markov_twins/seed_260926110/matrix.npz,6af039900e02e8d16a419686a8e11a4f33515092d0647af4677bbabda4b8754f,143874
results/research8h/markov_twins/seed_260926110/model_metadata.json,e11ab418c93341678181b5d27eafc0c893770b120f39a5a88f7deca73ddc6341,1528
results/research8h/markov_twins/seed_260926110/permutation.csv,fcfab4b6ec9aacbbd32c2141ca85b47fde995e4a0322eb912a3805ed25004ed7,2636
results/research8h/markov_twins/seed_260926110/preservation_and_witness.json,a24efdd84ad5eddeca0a5e03899f4fda95dce8db4e7cd9135bf86adbac07ee21,1879
results/research8h/markov_twins/seed_260926110/solver.log,0c423a3e8e67b13b985bb73409011106300089db0d0d45658427fb231edd1978,689
results/research8h/markov_twins/seed_260926111/bounds.npz,3c053df785c0e86261a1618f18c32d4ac2759b5ccb01e5580b8c76cb31e78d88,10548
results/research8h/markov_twins/seed_260926111/continuous_solution.npz,077b6d860a72d16903b102c99584634b262b6fc9c4bde474dc635c784992282a,13022
results/research8h/markov_twins/seed_260926111/lp_result.json,ec5a9bd0fc4ba6e286e9ee46b210882ab15a9cbe74ccb5ba20b595f3a72a2038,746
results/research8h/markov_twins/seed_260926111/matrix.npz,6af039900e02e8d16a419686a8e11a4f33515092d0647af4677bbabda4b8754f,143874
results/research8h/markov_twins/seed_260926111/model_metadata.json,e11ab418c93341678181b5d27eafc0c893770b120f39a5a88f7deca73ddc6341,1528
results/research8h/markov_twins/seed_260926111/permutation.csv,ef278c51a93c9caac9d7548efc197b9957c30aa733b09c96da491bd10c31cd51,2636
results/research8h/markov_twins/seed_260926111/preservation_and_witness.json,a34e96a589356e69ae3b03a50366538f611b3705aa82018152480d3610c946f1,1879
results/research8h/markov_twins/seed_260926111/solver.log,c136f2fed5834d3211244e95efdaca5b59c60c2658a49431df4480359da36d3f,763
results/research8h/markov_twins/seed_260926112/bounds.npz,ab556b50344bdcc00828e68bbb192112dc28cbef6dd390842bfe4cd63fb7b8fe,10509
results/research8h/markov_twins/seed_260926112/continuous_solution.npz,e137fdfc46a739a15b55984abc35bcfb5c5400a4e9abf19948dd448b2334fe26,13171
results/research8h/markov_twins/seed_260926112/lp_result.json,6f27963a7ff87761ba622cc25b85e562edfda1a3ee231e507c08a3e5d706ac63,747
results/research8h/markov_twins/seed_260926112/matrix.npz,6af039900e02e8d16a419686a8e11a4f33515092d0647af4677bbabda4b8754f,143874
results/research8h/markov_twins/seed_260926112/model_metadata.json,e11ab418c93341678181b5d27eafc0c893770b120f39a5a88f7deca73ddc6341,1528
results/research8h/markov_twins/seed_260926112/permutation.csv,d133f146883ab54f4780a0f4e6885d496db02be197224d3000beccdfdbaf6482,2636
results/research8h/markov_twins/seed_260926112/preservation_and_witness.json,a24efdd84ad5eddeca0a5e03899f4fda95dce8db4e7cd9135bf86adbac07ee21,1879
results/research8h/markov_twins/seed_260926112/solver.log,09950cc105ef94f0114ca4737ca863330aaa1913131107d5a1f4d5b4fb45bbec,689
results/research8h/markov_twins/seed_260926113/bounds.npz,ff5e1b530914f973c7a83d160e8cf3b575b450d7cf2e8454a83241415ed368c6,10494
results/research8h/markov_twins/seed_260926113/continuous_solution.npz,001eeb6826cb7c60edce9114f9948e3b7d79bbbc9a2d5e5d3d371a796d57f708,13176
results/research8h/markov_twins/seed_260926113/lp_result.json,8495bacc649dfcfc8ea8f4c3b6162ec8cc572391d12e770e7446822e8a312b49,762
results/research8h/markov_twins/seed_260926113/matrix.npz,6af039900e02e8d16a419686a8e11a4f33515092d0647af4677bbabda4b8754f,143874
results/research8h/markov_twins/seed_260926113/model_metadata.json,e11ab418c93341678181b5d27eafc0c893770b120f39a5a88f7deca73ddc6341,1528
results/research8h/markov_twins/seed_260926113/permutation.csv,a3ccecc7beeb20850a7637e5305c8366153710cdf1061f4ad2ddb9a8d495e1c6,2636
results/research8h/markov_twins/seed_260926113/preservation_and_witness.json,155f46cc5c60678fdcb47b2bff81a1fce68cb2a3c95f5cc8814cce0f216a0d11,1880
results/research8h/markov_twins/seed_260926113/solver.log,10671679ac25f40dfd63505bbbdcd5f937516b53fb4c94a13b6c494a34a77bc5,763
results/research8h/markov_twins/seed_260926114/bounds.npz,6550a0c66247d01a4a92721ae0b4ddf88052a33c76d9f16ee933e6ae33f74f65,10497
results/research8h/markov_twins/seed_260926114/continuous_solution.npz,c44b75ebce32a12f693fee210b796ad7d5aafb8103be535246e1cd37199510c4,13392
results/research8h/markov_twins/seed_260926114/lp_result.json,27aeebad908fc17bf40ded3b37d639e7a041b9aca0389ead7e2223d28404c275,745
results/research8h/markov_twins/seed_260926114/matrix.npz,6af039900e02e8d16a419686a8e11a4f33515092d0647af4677bbabda4b8754f,143874
results/research8h/markov_twins/seed_260926114/model_metadata.json,e11ab418c93341678181b5d27eafc0c893770b120f39a5a88f7deca73ddc6341,1528
results/research8h/markov_twins/seed_260926114/permutation.csv,2fedfd6ba65bc723c1fff8aa6cb770dbca04bef611982aa32e7b52a9def51ecf,2636
results/research8h/markov_twins/seed_260926114/preservation_and_witness.json,21cb0478cafe8960573562500764bd093229d2cb7f60cbd486f82ea0b0b54106,1879
results/research8h/markov_twins/seed_260926114/solver.log,880a941017421e6a5d3a838153035e1799257c35499ec9731dd44d82c500af6b,689
results/research8h/markov_twins/seed_260926115/bounds.npz,dc498944c401a295232b39d8b9427935e40eea2a66dd558ddfef80a1b37357f2,10512
results/research8h/markov_twins/seed_260926115/continuous_solution.npz,3736f9d9172d6ba276219ef9547902f431435eefc2d0594339203cd87df080ae,13513
results/research8h/markov_twins/seed_260926115/lp_result.json,87c0adcf4cea300f42b356bd82f47e5bdbe9a7ec96d04287807e54df7b16a290,745
results/research8h/markov_twins/seed_260926115/matrix.npz,6af039900e02e8d16a419686a8e11a4f33515092d0647af4677bbabda4b8754f,143874
results/research8h/markov_twins/seed_260926115/model_metadata.json,e11ab418c93341678181b5d27eafc0c893770b120f39a5a88f7deca73ddc6341,1528
results/research8h/markov_twins/seed_260926115/permutation.csv,e189082b320a463d0b7c80206a62b6f49477f862f9165fd654f3050ae57cf0e0,2636
results/research8h/markov_twins/seed_260926115/preservation_and_witness.json,155f46cc5c60678fdcb47b2bff81a1fce68cb2a3c95f5cc8814cce0f216a0d11,1880
results/research8h/markov_twins/seed_260926115/solver.log,a5eca31cbe4898d73c6a522b0edb28df772b256905b7f643146da1e31d6020ed,762
results/research8h/markov_twins/state_dictionary.csv,04c69e28936e3b77b78ff3f43a2f03beeb2747dc8fc9be4999f7c2385a45db00,1408
results/research8h/markov_twins/summary.csv,3670ea94210fa023bd2af352e9f9a42e9e105c1ea68ddc1ef941dc98f229a2b7,1863
results/research8h/markov_twins/summary.json,2e77fe87aaa7bcec7409f70e2650c5586fa2afcb67ab6e470caf516278bca35c,7368
results/research8h/markov_twins/unchanged_global_transition_counts.csv,f9e2e96ed531d760533cda1280e421429d4ac064035f3140ee00bffd26658ce2,812
results/research8h/mean_repair/READOUT.md,7efb0a5a2719d06d1b74c1252f345e681158dce8e3fc90a620f1135cd425c07a,7346
results/research8h/mean_repair/all_models_frozen_before_first_solve.json,1cbf311140a13d11b0bda12cf4ec975da02d03e8d5a9b4712f8843fb31ce1c72,312
results/research8h/mean_repair/completion.json,a33911ae8921a2caaa4cada5fda6aa00c6dd0573047a403846231d01103b699b,165
results/research8h/mean_repair/identity/bounds.npz,3c95c61b7b71bf26e17229abca1c9be0641d7ee39a505e9410cf6cc829cbd1f3,10303
results/research8h/mean_repair/identity/continuous_dispatch.csv,07b0b46344d5c563d2e73f12b1ea17033c230f817fe2449471d1c26cc5ab93ab,37808
results/research8h/mean_repair/identity/exact_lower_bound.json,37a1dae639f78a9814595542149a08e6abcd5b684e70f45a0cc4f551877abc62,1609
results/research8h/mean_repair/identity/exact_mean_diagnostics.json,9e6fb1f9f685a720f88dd7f9408ab5890470d06d5e75e31c055a8e52dec010cf,35491
results/research8h/mean_repair/identity/exact_stationarity_residual.json,1843e58a626465e21550b1a6361892d93303b40c19a5e9b00340daab80a77cd6,145
results/research8h/mean_repair/identity/matrix.npz,a772eaf86fd82362992f14c993822029ca3b93217c4e98cce6bf844dfbb90273,152832
results/research8h/mean_repair/identity/mean_inputs.npz,c15671ae73ed472c08781d4222e747a3884eba75ccf8389c62174ff97fab1511,758
results/research8h/mean_repair/identity/mean_shifts.csv,4dc669919423b691c84715e47cd7a93b09f39d324dbfe55c5ea3607d3c46b23d,4434
results/research8h/mean_repair/identity/mean_targets_and_scales.csv,1e79e43bfca00496a757a4a1b24977b916078e9172562e24a1a4db8fd875529e,1455
results/research8h/mean_repair/identity/model_metadata.json,9ea46a0685f6f117ef65ef7530a9ed0f9328bfdf514aad3a717ad4f4adaff3c6,2478
results/research8h/mean_repair/identity/objective.npz,3fa9e9a1dc362d51860978c229ba7d7a14e017b086b20eaf1d01ea6bd37f2d79,395
results/research8h/mean_repair/identity/original_mean_rows.npz,ea5d19cc6ca7e7cd6ac66e47d06edf3e8939583396e5468b778cd0ac76298126,12132
results/research8h/mean_repair/identity/primal.npz,ac5cb109ea3690769b48e9492c45af4d5a568f34cf608902785d8ac51de1d1a7,21849
results/research8h/mean_repair/identity/primal_check.json,62d957f8346f571da9f7e731dc37614bc8e2493c561849dbc92f39866bac648e,222
results/research8h/mean_repair/identity/projected_row_dual.npz,5714fc42cc35b5ef616579a614cdb1acc62cd3b7ace7eb57cfa0dda2f8042710,529
results/research8h/mean_repair/identity/raw_duals.npz,9f9d925405033d591a817e38935dbdd9d43173da2de8dc39ec9b3a4b60c9b6c4,906
results/research8h/mean_repair/identity/result.json,a5f45b92e65017b8927ed15e0b01901a42f5f2129892bb4f0278b95ece506876,1434
results/research8h/mean_repair/identity/row_metadata.csv.gz,51cc18d2730434e70ea8e3844e950d1d69c28e52998d593e864298d8cd3c6f76,90972
results/research8h/mean_repair/identity/solver.log,306171f11211a9b30667e9e8288eb04ed3c86b54281f87dc3051fdbb0b0eaec4,1067
results/research8h/mean_repair/identity/source_order.csv,ebe03000981484536f2ed6623ee6500d52a0877bb239f1801e0abfb10d0b849d,2182
results/research8h/mean_repair/identity_existing_witness_control.json,458e9468957714f5b7c7e8f2244c897f778cba45bcbbd637db4ba11e75333174,358
results/research8h/mean_repair/input_manifest.csv,08061747e18efd70ffaf18ad8b69e2ef1ca7a417348251c2e8a0ee7ce1f7753f,19504
results/research8h/mean_repair/post_run_audit.json,0fe105b6352dbd1fdabd707968a666812f3f27b624248a269fc8725f66169c5f,5309
results/research8h/mean_repair/post_run_audit.py,64077201e9d1d769d228d41a9fefd4cf7db965ff0a427d7627c2e922dfd7e35e,3808
results/research8h/mean_repair/pre_run_freeze.json,68d00b1d49884c2d4038784964722717dc1c40b830a0b2b241ec4874ac2ea40b,1161
results/research8h/mean_repair/seed_26092600/bounds.npz,fec8b9c91c50024c27a5f9663e10f1f0074adec1b90ebeecdcdd5bc016b57f20,10360
results/research8h/mean_repair/seed_26092600/continuous_dispatch.csv,dfa4f31bc4d3073d750d08b86f62155f45c737401a85b8b9bce424054cec0c41,38517
results/research8h/mean_repair/seed_26092600/exact_lower_bound.json,28094fb8afb607208a0c35e0d8d287ddf78a9b8b083db9fd3dc454c72fb43e18,2317
results/research8h/mean_repair/seed_26092600/exact_mean_diagnostics.json,995c807ba57e64a917816c32f7a7779f1f10d30a5b7dffa5c87ab5796fb26f83,36223
results/research8h/mean_repair/seed_26092600/exact_stationarity_residual.json,4331e19b8caf659d08a32d31d19ee3a8783c75df9426932d96f2f04224d757fa,1607987
results/research8h/mean_repair/seed_26092600/matrix.npz,a772eaf86fd82362992f14c993822029ca3b93217c4e98cce6bf844dfbb90273,152832
results/research8h/mean_repair/seed_26092600/mean_inputs.npz,c15671ae73ed472c08781d4222e747a3884eba75ccf8389c62174ff97fab1511,758
results/research8h/mean_repair/seed_26092600/mean_shifts.csv,4dbe0710a1128bad3a1bf06da786fc9174637c5ac2cb6c2501c53af8f36043e3,4360
results/research8h/mean_repair/seed_26092600/mean_targets_and_scales.csv,1e79e43bfca00496a757a4a1b24977b916078e9172562e24a1a4db8fd875529e,1455
results/research8h/mean_repair/seed_26092600/model_metadata.json,9ea46a0685f6f117ef65ef7530a9ed0f9328bfdf514aad3a717ad4f4adaff3c6,2478
results/research8h/mean_repair/seed_26092600/objective.npz,3fa9e9a1dc362d51860978c229ba7d7a14e017b086b20eaf1d01ea6bd37f2d79,395
results/research8h/mean_repair/seed_26092600/original_mean_rows.npz,ea5d19cc6ca7e7cd6ac66e47d06edf3e8939583396e5468b778cd0ac76298126,12132
results/research8h/mean_repair/seed_26092600/primal.npz,e1c3c25e7a6738d0cfbbcbec96e08e8369a7c6075931d13da807ff7595be64c3,23503
results/research8h/mean_repair/seed_26092600/primal_check.json,1577ab75bb1eecba450248635ad0751ab0e33dbe93a7103a93701f36a8ef3d27,242
results/research8h/mean_repair/seed_26092600/projected_row_dual.npz,e42274ddc81fdb7a7097a79a4f6700f6b66f0e9dc05fbf3019e73527ab997487,8510
results/research8h/mean_repair/seed_26092600/raw_duals.npz,58fa3ca5d354a6934a054f273a1c059b3381d2e0683a6066dbf7776f946c4f8b,16957
results/research8h/mean_repair/seed_26092600/result.json,5420df07379f3b9a9dbabeb8d0be2e53d8e7e2372e3104446779cafe61086fab,1524
results/research8h/mean_repair/seed_26092600/row_metadata.csv.gz,7a47331cc4084bd133cf08f6c5929ba2f4094bd5d200015bfe3d8b698ff9a7a0,90972
results/research8h/mean_repair/seed_26092600/solver.log,c90e748807e3b2fd90f99931510e889d56ba3cf9c91f4c386aa2656b48cac87a,1116
results/research8h/mean_repair/seed_26092600/source_order.csv,423fae09e89e501c97496b1692f482c6c2f4f65b000fba8813472827cb40ae3a,2182
results/research8h/mean_repair/seed_26092601/bounds.npz,d1920e080823cf6be00a2587d1274a404975b6d04a5431f81415e8ee26d67614,10388
results/research8h/mean_repair/seed_26092601/continuous_dispatch.csv,7824f1899e3163069b0bd4ac7d43617de96e732e73907a77000d893ae71d2e19,38603
results/research8h/mean_repair/seed_26092601/exact_lower_bound.json,0900864dc7b687890316ccf3542eecef14eb2230cf5e1e185cbab135e983f782,2311
results/research8h/mean_repair/seed_26092601/exact_mean_diagnostics.json,844716b73eebaf68565faedee8d98449f3e0e3130b5f5725449706321e2439e8,36185
results/research8h/mean_repair/seed_26092601/exact_stationarity_residual.json,abbe805ac2acd6a187ac0215ad5325a66a5a0db313c02918c72e80b3926d2bfd,1611786
results/research8h/mean_repair/seed_26092601/matrix.npz,a772eaf86fd82362992f14c993822029ca3b93217c4e98cce6bf844dfbb90273,152832
results/research8h/mean_repair/seed_26092601/mean_inputs.npz,c15671ae73ed472c08781d4222e747a3884eba75ccf8389c62174ff97fab1511,758
results/research8h/mean_repair/seed_26092601/mean_shifts.csv,591d2dbf0caf48f1ce67d86ba7a1608082248ade597dd87d40699730780b5a2a,4346
results/research8h/mean_repair/seed_26092601/mean_targets_and_scales.csv,1e79e43bfca00496a757a4a1b24977b916078e9172562e24a1a4db8fd875529e,1455
results/research8h/mean_repair/seed_26092601/model_metadata.json,9ea46a0685f6f117ef65ef7530a9ed0f9328bfdf514aad3a717ad4f4adaff3c6,2478
results/research8h/mean_repair/seed_26092601/objective.npz,3fa9e9a1dc362d51860978c229ba7d7a14e017b086b20eaf1d01ea6bd37f2d79,395
results/research8h/mean_repair/seed_26092601/original_mean_rows.npz,ea5d19cc6ca7e7cd6ac66e47d06edf3e8939583396e5468b778cd0ac76298126,12132
results/research8h/mean_repair/seed_26092601/primal.npz,c6c04a693b5ae8aa21a8d28e9c4e0b7c74f28be194574a002f2af08835c3be7a,23364
results/research8h/mean_repair/seed_26092601/primal_check.json,03d77ca1205db6cace94f3e9847a4bbea34b2bd32ceda218e7534a47d87bd51e,240
results/research8h/mean_repair/seed_26092601/projected_row_dual.npz,09311e0b22b439829c758b4a34423deb5d390f24f72db23c0df56ac258971358,8692
results/research8h/mean_repair/seed_26092601/raw_duals.npz,05569b29dad667ee9869cf3e125863c25dac935546788eaf0d4e7f5a4bcdaa31,16905
results/research8h/mean_repair/seed_26092601/result.json,6d9680723fbd52acc4ce88282462ff8a9179c688c6d34c3a53451c4ed31cc724,1521
results/research8h/mean_repair/seed_26092601/row_metadata.csv.gz,07a78887fecbe7a35ffa1c8a7979132187912cb3bf4348792fafd62c2bb859dd,90972
results/research8h/mean_repair/seed_26092601/solver.log,b5c384f6e66b20449ce37bd2c45be03947fee88e7d8dbcd52d4b6e82c9e83806,994
results/research8h/mean_repair/seed_26092601/source_order.csv,cb4ed8b298c6189dba41ecfc0abb79fc88879e1a85e06470d7c1c2f239370324,2182
results/research8h/mean_repair/seed_26092602/bounds.npz,1a64d5ed33f32e1ef40762871a143bb9aa755663bd074c87aba677b09747a8b3,10348
results/research8h/mean_repair/seed_26092602/continuous_dispatch.csv,58b909f527de6b323618971c8fe6e0c6a1e0e577e09b29346331b424673231e3,38210
results/research8h/mean_repair/seed_26092602/exact_lower_bound.json,6e3d8364229eff08806e7ddae7e2854a547031db4f2b00b6036cb6edcec8cc9e,2311
results/research8h/mean_repair/seed_26092602/exact_mean_diagnostics.json,ed8d10ffb4e8434764f76af1ae37479823f489e16691bb2c15e2355a0dcb146f,36267
results/research8h/mean_repair/seed_26092602/exact_stationarity_residual.json,d1c8d0aac5d0fdbf08756cece214263acadbe9dee50604aa72e1c2b2fe4d4773,1551532
results/research8h/mean_repair/seed_26092602/matrix.npz,a772eaf86fd82362992f14c993822029ca3b93217c4e98cce6bf844dfbb90273,152832
results/research8h/mean_repair/seed_26092602/mean_inputs.npz,c15671ae73ed472c08781d4222e747a3884eba75ccf8389c62174ff97fab1511,758
results/research8h/mean_repair/seed_26092602/mean_shifts.csv,2014e8f57b9983e47bd6ee163fb8aaf7a13a54d08f83ac76aec2af67733fd19b,4356
results/research8h/mean_repair/seed_26092602/mean_targets_and_scales.csv,1e79e43bfca00496a757a4a1b24977b916078e9172562e24a1a4db8fd875529e,1455
results/research8h/mean_repair/seed_26092602/model_metadata.json,9ea46a0685f6f117ef65ef7530a9ed0f9328bfdf514aad3a717ad4f4adaff3c6,2478
results/research8h/mean_repair/seed_26092602/objective.npz,3fa9e9a1dc362d51860978c229ba7d7a14e017b086b20eaf1d01ea6bd37f2d79,395
results/research8h/mean_repair/seed_26092602/original_mean_rows.npz,ea5d19cc6ca7e7cd6ac66e47d06edf3e8939583396e5468b778cd0ac76298126,12132
results/research8h/mean_repair/seed_26092602/primal.npz,77b4f96b6ea546b027781bd0bbf75bae7a0c90782b279b8104a8a4642e04bdba,23646
results/research8h/mean_repair/seed_26092602/primal_check.json,3bd9f69756d36008e8d4a8dbafca6a1240837faa40503cabc6771430eee2974d,241
results/research8h/mean_repair/seed_26092602/projected_row_dual.npz,78b52517e411bfabfb1bb1b54d3d76649ea3e296aedd6e49890c5308ac803b4b,7618
results/research8h/mean_repair/seed_26092602/raw_duals.npz,2fec073cccb3fd7bfb7726cc5849afd938415b900afd78d1fca219c0210d262e,15227
results/research8h/mean_repair/seed_26092602/result.json,460d8b70ce2836a791993b0694602ae2b0652b4841694db079d0a76b55b05105,1525
results/research8h/mean_repair/seed_26092602/row_metadata.csv.gz,9445f52c861d6aa0ab3ba3451e897d0222dac589ae36521d5d2c8868b5dcc242,90972
results/research8h/mean_repair/seed_26092602/solver.log,63debc8077239236c7e8f7d8c3091561dc27d76e5401a9c94793f4ea2e7fad0e,888
results/research8h/mean_repair/seed_26092602/source_order.csv,38528be42045ef1b9369f4b577cd8843168de9d491bcac402a5b604e8fbeda57,2182
results/research8h/mean_repair/seed_26092603/bounds.npz,bd4658ade2029341ecd9dd0aff528096ccad5d429348f96b10880af9f9629e2b,10390
results/research8h/mean_repair/seed_26092603/continuous_dispatch.csv,838e802a32d67d1af9156c64de68906f86b758279af2246b294424e7918b487f,38259
results/research8h/mean_repair/seed_26092603/exact_lower_bound.json,9fe617ba0b6e8284674b508944f1886d7c8547d20468795ee44b9255b8c4b6e3,2314
results/research8h/mean_repair/seed_26092603/exact_mean_diagnostics.json,3e5d921058d820e8d1bbcf82af2e6cac3d86064d4625504252ae0cd5ac56e92d,36286
results/research8h/mean_repair/seed_26092603/exact_stationarity_residual.json,c1eaa90afbf43f221b9c99f1d90ce4806dc68f42d92d12de2b7af4ea7c0b17de,1619227
results/research8h/mean_repair/seed_26092603/matrix.npz,a772eaf86fd82362992f14c993822029ca3b93217c4e98cce6bf844dfbb90273,152832
results/research8h/mean_repair/seed_26092603/mean_inputs.npz,c15671ae73ed472c08781d4222e747a3884eba75ccf8389c62174ff97fab1511,758
results/research8h/mean_repair/seed_26092603/mean_shifts.csv,687688e69e603f48c5ffe0ebeee79914e126b301cc80861b00c5ade52f1f63e8,4356
results/research8h/mean_repair/seed_26092603/mean_targets_and_scales.csv,1e79e43bfca00496a757a4a1b24977b916078e9172562e24a1a4db8fd875529e,1455
results/research8h/mean_repair/seed_26092603/model_metadata.json,9ea46a0685f6f117ef65ef7530a9ed0f9328bfdf514aad3a717ad4f4adaff3c6,2478
results/research8h/mean_repair/seed_26092603/objective.npz,3fa9e9a1dc362d51860978c229ba7d7a14e017b086b20eaf1d01ea6bd37f2d79,395
results/research8h/mean_repair/seed_26092603/original_mean_rows.npz,ea5d19cc6ca7e7cd6ac66e47d06edf3e8939583396e5468b778cd0ac76298126,12132
results/research8h/mean_repair/seed_26092603/primal.npz,523153c6c340af491d246841353f2ad6a860e13eb5bb188bebe6800592b773f8,23248
results/research8h/mean_repair/seed_26092603/primal_check.json,7d0aa528cb090aceacfc323ee67aecdfc2eb4dda9ae5dd26448ad292e93a9c8a,240
results/research8h/mean_repair/seed_26092603/projected_row_dual.npz,3b21dc3542b9da2645df07a421230b762f412d8d0d505e0e54dd2dc76da2242b,8743
results/research8h/mean_repair/seed_26092603/raw_duals.npz,75a74fce02bcc3f37eb0f0bff2038316327be7a63f38779dbe56724b5d831a3f,17599
results/research8h/mean_repair/seed_26092603/result.json,c07eb8caca4b3a4efb6d097759292ab6a3fae3f121ebf1799874e663e6837863,1525
results/research8h/mean_repair/seed_26092603/row_metadata.csv.gz,d4e7f0e6e3e6354d17239a4237591a602b5a49f19933cea7b4bf424582733d0b,90972
results/research8h/mean_repair/seed_26092603/solver.log,c7b0e6b9c52ba5996013cef34cfa00fd468f2aa536b823c87d13ae89fe104164,841
results/research8h/mean_repair/seed_26092603/source_order.csv,08fee8324135ebdf59e11549bb8d22a37060e42d8570e38e2e38bd7d770a8878,2182
results/research8h/mean_repair/summary.csv,63e678635a02a2ff1e8b6f56c8af1288624c760cfd4578d044b67fe4fa9cca4a,2815
results/research8h/mean_repair/summary.json,c20eea9baa1e027cb9cf33138d352208dc25bef52581c55b33da5847289ffaff,7899
results/research8h/mean_repair/zero_multiplier_sanity_check.json,37a1dae639f78a9814595542149a08e6abcd5b684e70f45a0cc4f551877abc62,1609
results/research8h/native_sources_root_review.json,b2228ef67f5dcce5aeb57914ae35dca88da4f7cbc2620211830ea39ae6052965,3995
results/research8h/native_sources_root_review.py,ce48de7264fe36dfd2de5d53c94c43c7f4a413330f822d66095374fa4a24e7d1,4234
results/research8h/native_sources_root_review_v2.json,0b9018692f53a033afee9cd8fd9913c9403625786ec40432d5ddeac2a98fd3d7,4265
results/research8h/no_dwell_independent_replay.py,3e94cc2f0331da907272973cd98acb01790ffdf412988b7968f05ea6ae49ab79,7615
results/research8h/no_dwell_symmetry/READOUT.md,12d61133424c0c9b67c7b2e0c21addd65ea9d126857139e71b8d3b8ff2318ccc,1871
results/research8h/no_dwell_symmetry/before_audit.json,3d56581fd68de900912bc6cd79479d997aa9f18d9e78b6daa582c172a9fb3215,281
results/research8h/no_dwell_symmetry/independent_replay.json,ce2216977e6420fbe51c695498fdd2afeed897842b76871daf36a1a5cff90903,3205
results/research8h/no_dwell_symmetry/input_manifest.json,4c68ec26e416fd6aeafd550d7cb382a8f705db0c167807d84b9bd391efa6c9a5,17052
results/research8h/no_dwell_symmetry/summary.json,9c144c94d714a7c199f9062bea99e1711c2591f5b9f73b2bb8146a19548ddfb0,4018
results/research8h/nominal_balance_audit/READOUT.md,00ea11a13261b37c6c25e50f2367a957cb02def7c8fbb8a1eac73f355884ea51,3286
results/research8h/nominal_balance_audit/__pycache__/independent_replay.cpython-312.pyc,4f8806c05d44b325dea9550cadbf931623a000e23db923b27883309e7d0cd027,21203
results/research8h/nominal_balance_audit/freeze.json,fff9aedad3f9b29df7b4cfdb67ff1c906653d9c152e385419966263fc522bd4f,4203
results/research8h/nominal_balance_audit/independent_replay.json,94651de2095f3555c7462101722155434b51b017cab383dfa164ddc6eebd9d74,4378
results/research8h/nominal_balance_audit/independent_replay.py,852614e1d77ee4f2b4c88b97edb04e6296e3984663f372750aecc453f9ce567d,11133
results/research8h/nominal_balance_audit/month_01.json,e5355dc288937e6f9e97bf0e608851067c1e9420eba34dfe3ad6dbd7beaac230,1629120
results/research8h/nominal_balance_audit/month_04.json,41e503e6eeac9e8759f0d5f9123a1660c2ede38d446e572711d5494c68087a50,1629594
results/research8h/nominal_balance_audit/month_07.json,cfcf82c1e8ee43dc45212eb66306696e3dcbe416813b1ffbc4db2ab4568bfbcb,1629399
results/research8h/nominal_balance_audit/month_10.json,6aaf1a7fff028ccdb6f83ede0e763de80a8327fe943be21dc9d08b83bacc91cd,1628713
results/research8h/nominal_balance_audit/summary.json,4f318fbe5510721ba68c9cd057a7efa441fa0f29e3b06f71283e6a64b3ac3328,1552
results/research8h/observation_audit/INDEPENDENT_REVIEW.md,c60f775c7e952f54f108469e0b15c74eb6a1aa9fe70d398cb832891d530e635d,2182
results/research8h/observation_audit/READOUT.md,a86df168a5dcf15d430ef80a541a4f5de5df7832848fb1d582a0d348f916a394,5226
results/research8h/observation_audit/aggregate_exogenous/bigram_counts.csv,275f1662ef93e7c1c89b3ca11254e5d2e7fae33549de6f270ffac7fcd0604b67,1645
results/research8h/observation_audit/aggregate_exogenous/columns.json,38858ddc113b8fa6cf0c6799e3367113ed1e4f8bb2e50e3edbbf16e2a6de0a4a,1864
results/research8h/observation_audit/aggregate_exogenous/coordinate_unique_counts.csv,76cc6c2bd5d62fd8c8ba92f49de719311535e8f84641efdae9d55c677f804e02,1664
results/research8h/observation_audit/aggregate_exogenous/exact_observation_array.npz,30b1587089c3e99decaf8f46e7113b3eaf0102e19daa48a811a4ecee60474330,6133
results/research8h/observation_audit/aggregate_exogenous/reconstruction_check.json,f12911f2e3f46f0962dcb20b8e00041f13714e1607991c517bb260086b1b4f01,1890
results/research8h/observation_audit/aggregate_exogenous/state_degrees.csv,175f63f6450b0d01d92604aba3ed796d347b8978323c7691c802e718510ba2a1,2516
results/research8h/observation_audit/aggregate_exogenous/state_dictionary.csv,0d30fd764c892222faa312b231ad41fee46058daef99442f835b9d76e586c1bc,235308
results/research8h/observation_audit/aggregate_exogenous/state_sequence.csv,2967269abd6f370fde02939106ca8e424e7697575d8d8bc79ecd373c529d78f2,1314
results/research8h/observation_audit/aggregate_exogenous/summary.json,5fbbb592e2055c6c690a310eac947ad9d5647d93ddb947f6ece4717983cab39a,1048
results/research8h/observation_audit/archived_markov_comparison.csv,350019ada10d51bd882ef312b1e6d243c61ff20a4350429a9de460570c974300,2341
results/research8h/observation_audit/completion.json,b6c7442aebb5523964d98ee74ad8005cca2c5deb5917d5b275fe2072c89444df,204
results/research8h/observation_audit/definitions_record.json,1600d6314ed7d9c456fcaf302d7a188b6f36072c3bd038956e34c97fb993f52b,425
results/research8h/observation_audit/endogenous_U24/bigram_counts.csv,f9e2e96ed531d760533cda1280e421429d4ac064035f3140ee00bffd26658ce2,812
results/research8h/observation_audit/endogenous_U24/columns.json,1b6aa660f64bfebe6dbf7f1812b4e6d47e1fbb96e33b160f89440700ce815941,472
results/research8h/observation_audit/endogenous_U24/coordinate_unique_counts.csv,382996684d91f45155ade48cedec43b1b3f4c14be36ebfadfab8886454beceb4,423
results/research8h/observation_audit/endogenous_U24/exact_observation_array.npz,39c0d19baa6fbbada7c45a962d8bab52212030d1e513eb8e274f0fcb4c8ee9c2,407
results/research8h/observation_audit/endogenous_U24/reconstruction_check.json,aa93136ece203f65d43eec391a14f7ae5f9fa8178b7fe4465c7c043a8946259f,118
results/research8h/observation_audit/endogenous_U24/state_degrees.csv,d795f36efd6653c40c52393048b7b1f358142a2f2a1617e0b0bd93f70c570401,780
results/research8h/observation_audit/endogenous_U24/state_dictionary.csv,ce8b46884ad48f270bc290888743845b36ee9b32123fcb76b7b3ab99ce52fa4f,5804
results/research8h/observation_audit/endogenous_U24/state_sequence.csv,3743634c8888d6fb01e3b5daa60583aa51a79a737813f78fcd9a94e2bb1f37ee,1193
results/research8h/observation_audit/endogenous_U24/summary.json,d9bbfea75f616062823db9acc216675d0753c475eee2a892db2c9c9c3168e902,1521
results/research8h/observation_audit/full_exogenous/bigram_counts.csv,c97c3b97b8eb85f1a16b412caa27bdd856ad76c42d75aed636d99f2a34c3f79b,1646
results/research8h/observation_audit/full_exogenous/columns.json,892bcd7bddf277a9daa8bc2f25b2cb26a510b77ae63f19f61bf0b42cc2915c40,2461
results/research8h/observation_audit/full_exogenous/coordinate_unique_counts.csv,4aeb1b0514a45b42e50437c233fef2d6bb59db161083479e408cf130bc437bdc,2224
results/research8h/observation_audit/full_exogenous/exact_observation_array.npz,c28aa87cbffc41e4c5e1c1699488cec8cbc5f554ff7ae2554faf06147433b90c,26729
results/research8h/observation_audit/full_exogenous/reconstruction_check.json,03835ede03b17bf666df3db8ca7d9584d5bd44659179d70fd63ac8aad4b9a626,1890
results/research8h/observation_audit/full_exogenous/state_degrees.csv,3dd05ba3797b97eda6a43fb7f58c286e805af731627387abf3949f3d48985ae9,2516
results/research8h/observation_audit/full_exogenous/state_dictionary.csv,ac6a4c9ba4c85f02b88f0bc29fc89873ec35e28a0b7c459f92ccbfc090524389,297132
results/research8h/observation_audit/full_exogenous/state_sequence.csv,849dce37b7ddbba050b03c82d213e30b20fc8d17721a63afe5a931909ba7297f,1314
results/research8h/observation_audit/full_exogenous/summary.json,400a54eea3ab31db815b00b7913a63d549c8328995b6ef357af735eb70d31dbf,1043
results/research8h/observation_audit/hour_mapping.csv,1547ec96b6ddf6f35788008f92a93081d0c6a60948cf1dd76511fd174966d607,4971
results/research8h/observation_audit/input_manifest.csv,ae2276947a8c7da4535cc57d5613e4758083917d04a67290bfdec76f3b43badb,6578
results/research8h/observation_audit/source_grounding.json,5a196d6182d46f35ce8b8f4c4395269d07add46e4a7b5f12b0fc4bdf97eb478f,427
results/research8h/observation_audit/summary.csv,89deba09ee67b44b9aa782064c068ce54f3edf16dd68bc7be54ee24f1d9107dd,951
results/research8h/observation_audit/summary.json,fdbaed55361b266cfe75a1d85634f2cb9e8b7b24e4a91a8a52a58aba7e88cdd0,3912
results/research8h/portable_closed_replay/artifact_manifest.csv,9ef77e7681887a38ea9d8d49d7179c3592fc3cddfa70984925c9dea09842ecd5,5643
results/research8h/portable_closed_replay/base_FILE_MANIFEST.csv,7087b7b42862c8b3723f7e691d00c91abd19c581793f2e5ddab6b45182b82219,438163
results/research8h/portable_closed_replay/candidate_FILE_MANIFEST.csv,1d71503802a3cd34f5eadbcfe6c697045e26a3a9be5f1c387311257d611b0653,441554
results/research8h/portable_closed_replay/checkpoint04_candidate01/energy_identity.json,d87615ea6d66be73e608572510478d935dec3d3107866037ecf371a5233fcbfd,3276
results/research8h/portable_closed_replay/checkpoint04_candidate01/energy_seed_26093200.json,fb648e32f4772b61907989bdcebfcf63b9c355699a9aa29794745e66f63425af,5248
results/research8h/portable_closed_replay/checkpoint04_candidate01/energy_seed_26093201.json,bb93c38647a564e188172db810ff5184247e6690cd8368e0e033ad81dbc5a404,5213
results/research8h/portable_closed_replay/checkpoint04_candidate01/fixed_null_0.json,650f7ccf11587e7cfa21a2a788ab16ad7484a9b7b10891dcdabef808a41f30ab,2515
results/research8h/portable_closed_replay/checkpoint04_candidate01/fixed_null_1.json,dd3dee0787974f748a1738b38245dac8ae9830cab4821a924902ea1af5f2eb36,2334
results/research8h/portable_closed_replay/checkpoint04_candidate01/fixed_null_2.json,08338da04b3cb115958d804adc646f124234e5e9047a287cb4520dbe495aff76,2339
results/research8h/portable_closed_replay/checkpoint04_candidate01/fixed_null_3.json,3510342c4c6d485293d03c34ecc32a45067282ff345422e5f76942552bb926ae,2516
results/research8h/portable_closed_replay/checkpoint04_candidate01/fixed_null_4.json,7effd068da8883432ade7a127e5610b6cedc091447e8aac114d5fda6bb84bd06,2309
results/research8h/portable_closed_replay/checkpoint04_candidate01/fixed_null_5.json,480a4bc4dcc70aafdf68f1a51f74efbbdcc06207246cb9ee74f17e21e85e0078,2318
results/research8h/portable_closed_replay/checkpoint04_candidate01/focused_checks.json,51d1f932419fe5463661e3ea6be70e2da1e7ea93f918e790c2e23bbc72ff6d44,557
results/research8h/portable_closed_replay/checkpoint04_candidate01/fresh_continuous_and_unknown.json,a82947b36b07a2dc12fb81be86b3884d2b70b1fa41544f3450e8dbdf8cd85ca5,917
results/research8h/portable_closed_replay/checkpoint04_candidate01/negative_0.json,2c5acb8c57d614f2cb6342dd674c504c172ca734201d0f6c97ddc4f706bf53f0,3954
results/research8h/portable_closed_replay/checkpoint04_candidate01/negative_1.json,3601df69883ae6270e85e67d5d9abf133ca56ab9a6d17384ef7bb3eb6d305fbc,3927
results/research8h/portable_closed_replay/checkpoint04_candidate01/negative_2.json,69c5949dfe7cf2fd361300ca21a9ec5907ee0663f79ff3688d50729d990d2ec1,3971
results/research8h/portable_closed_replay/checkpoint04_candidate01/negative_3.json,5be4f9b5df8396ceada3fc2144a59a804ab442db203c34dc37ff0d22df245258,3798
results/research8h/portable_closed_replay/checkpoint04_candidate01/negative_4.json,cbc9fa3fd479b3c73524b20c77ec9a292d4d12e3ea7bce0dd06e86c1d90168be,3802
results/research8h/portable_closed_replay/checkpoint04_candidate01/point_0.json,2800283ff3bb0cc0ae08c4b5e7eeb6bf3cf051ef0910503bdf68c176cb00d627,910
results/research8h/portable_closed_replay/checkpoint04_candidate01/point_1.json,1ab686edcddd9363c0d35d18c8c5f1108fd487b6e1cfc09a0323d590ebe038e1,907
results/research8h/portable_closed_replay/checkpoint04_candidate01/point_2.json,88efb71f8769c0d1be5cd0964363d249e29900f01626d34bc27da6754d7c1a26,884
results/research8h/portable_closed_replay/checkpoint04_candidate01/point_3.json,28ef58570ff7bee4b69cdaff287b49eabd7208c8990002e3c12e391b44b723ce,838
results/research8h/portable_closed_replay/checkpoint04_candidate01/point_4.json,c53dd87ee475361f252c16c178072c0bc35910da23e7a50cfbd4ff6b3ce46422,893
results/research8h/portable_closed_replay/checkpoint04_candidate01/point_5.json,4bd672e6ffcb7bd9ee629b60b28dd6f9f84df3b39d31ca48b08de7434e91c026,891
results/research8h/portable_closed_replay/checkpoint04_candidate01/point_6.json,896fe7577b60c9b7b3716fd2f8d7237997a2e93a3333a168ba9cc1f2633bdcab,847
results/research8h/portable_closed_replay/checkpoint04_candidate01/point_7.json,4a46e587c0886422a1cf17d7a80ac471b168bb0be7825f0e806d91546f4f3f7a,845
results/research8h/portable_closed_replay/checkpoint04_candidate01/point_8.json,6589f408d5e17b92f09a3384397d8578b5b1583d0b555c07e3748045d1334469,929
results/research8h/portable_closed_replay/checkpoint04_candidate01/point_9.json,bd8b471fd1815648e303ad6e103780891de4071baeda8d365a89a9335ccdcc06,898
results/research8h/portable_closed_replay/checkpoint04_candidate01/provenance.json,172ae1390f66575b6d2a6ed75291bc866909a8f85cf3174b24c25c26e0d84957,41688
results/research8h/portable_closed_replay/checkpoint04_candidate01/summary.json,07ea02ed8471b0a643ab946f8d511bf5b958f92257da853acab54133f7dfaab9,1266
results/research8h/portable_closed_replay/closure_attempt01.json,bd5ed903c5e16e162017891b14c2d3516f2acb22b9d1cfc90852d884e9f4e9e2,832
results/research8h/portable_closed_replay/execution_closure.json,80ae32aef2bb434ec86b33fe76ee9e9bee57fc5d08e4bccab56a19608c8d3ec9,1850
results/research8h/portable_closed_replay/preparation_checkpoint04_candidate01.json,80fe382f7c47f6ad4c92e5a4a9c02dc225667873ce533cc0c091763515323f31,1196
results/research8h/portable_new_closed_replay/checkpoint05_candidate01/HOD_control_inheritances.json,9e740c9bff1b51b5b017ec1133b46c5208fbe1f72a034ddc5ae19735e963d893,5324
results/research8h/portable_new_closed_replay/checkpoint05_candidate01/energy_seed_26093210.json,f12a275805e837fcb4ea2d96d019d78513a80244d172ef7c52ef36928f90ce8f,7011
results/research8h/portable_new_closed_replay/checkpoint05_candidate01/energy_seed_26093211.json,ca6639824bb08f61e2462bea408f759c0d835b3671cfc7eb0fe01af29bd006a6,7020
results/research8h/portable_new_closed_replay/checkpoint05_candidate01/energy_seed_26093220.json,31916e196dc9adbaccaf21021e4e30f1a840373b2a7955429ca0b6bdf63f62f0,7312
results/research8h/portable_new_closed_replay/checkpoint05_candidate01/energy_seed_26093221.json,3b9657480c9d8a68c36e688fe1f7f6a9e0adbe390085b1863251a8443addccd7,7035
results/research8h/portable_new_closed_replay/checkpoint05_candidate01/energy_week_2_identity.json,ff473dd5e0c60430b623797de107f79270d016022549594b6b8657c8ea342cc0,3767
results/research8h/portable_new_closed_replay/checkpoint05_candidate01/energy_week_3_identity.json,ac10afb355f03d2fe386df83df3bd864b890c8a4cb46c7e36cd8b143cb30502c,3704
results/research8h/portable_new_closed_replay/checkpoint05_candidate01/focused_checks.json,727193623c3102ceeb3a9bd2b27241c26a48fac8250ee029cd7b4d46e5bd8793,895
results/research8h/portable_new_closed_replay/checkpoint05_candidate01/fresh_intervals.json,b28350c41265a890f408bd297bd54319db321347383e1cf356f33e329b347da7,10273
results/research8h/portable_new_closed_replay/checkpoint05_candidate01/historical_caps.json,5603677a967fa58e52a3ba7998df190aa378e5a5ea1c147b55b099da40f0dfc0,2495
results/research8h/portable_new_closed_replay/checkpoint05_candidate01/provenance.json,a5698b6006f9087fb6b866ae9b4f46415950f25f3c9c540e7fa5c5dc5930c9cb,2553
results/research8h/portable_new_closed_replay/checkpoint05_candidate01/subset_seed_26093200__locality48.json,0162c34fc1e5379744ea08a02531c6cbdc9f7f56ceaf26cd25daa17cfde61256,1140
results/research8h/portable_new_closed_replay/checkpoint05_candidate01/subset_seed_26093200__two_cc.json,4c9075d79cc6e23f933274948c94faf9d3150db4efaa1300052f68b5b9830cea,1215
results/research8h/portable_new_closed_replay/checkpoint05_candidate01/subset_seed_26093201__locality48.json,fefcc3a7ea1237360742847b23e55aab72849f429c9de0cd682b56f8eda9c140,1222
results/research8h/portable_new_closed_replay/checkpoint05_candidate01/subset_seed_26093201__two_cc.json,8da5b7a32c3fb445bf61141a659246edb865b5353964ebda787ae413f98faf4e,1222
results/research8h/portable_new_closed_replay/checkpoint05_candidate01/summary.json,c96879504d6d2aaf44ececb41a7a6f7370c0cc9b7917ef14e8e3ea28bfd1d618,1368
results/research8h/portable_new_closed_replay/checkpoint05_candidate01_closure.json,00bb3b2893629d03abc60e8535ff8884b9b9e43813f065bc00d56ba18322839d,4751
results/research8h/portable_new_closed_replay/checkpoint05_candidate01_delivery_inventory.csv,c11ecd22486b567bae20ce76ee90a088ee664adaa886431e73f89b70bfe5e9d1,4060
results/research8h/portable_new_closed_replay/checkpoint05_candidate01_preparation.json,0b02331d14718871d30a7c0f933f07047f851459dbdfa09b4202714b76111c89,2521
results/research8h/portable_new_results_independent_review/attempt01.json,7d5e71fb5b66a7e92c096343ffe37198f4236c5ffe9fe5551d2880de401be43b,393
results/research8h/portable_new_results_independent_review/postrun_closure_review.json,24150995803395a9c5e12c3638f76280075a25aad04ed45dfc326b0711ee074f,1229
results/research8h/portable_new_results_independent_review/prepared_review.json,3180c40d3e4ca4fce19ef4192d5954e9a70db41abd81eeed2de167b836c16102,1024
results/research8h/portable_new_results_independent_review/prepared_review.py,5e648464f676a6135d7ab2cdce2f9937dfa19bffeadf23feb365d02cb43baf79,6028
results/research8h/portable_new_results_independent_review/prepared_review_attempt01.py,0ed717dd1cca5f7b5885b58ebf90258bdddd94ce8e18283ea3e8a5a9ac7a4ed3,5987
results/research8h/reference_continuation_independent_replay/READOUT.md,e0b4b3c4ca414620ff4cd1ded6e6cc475670ab28f5ed9c765cb814e7406013f4,1616
results/research8h/reference_continuation_independent_replay/july_standalone_point.json,26d6e3648ca84512f9e5d146dd34794f5fd410d1fa360fccb634cb7215016ed9,1938
results/research8h/reference_continuation_independent_replay/root_manifest_replay.json,71f24714d42e84fc27029aff61e84d3395b1b1e7d6d603316bda7822a5cd8c73,532
results/research8h/relocation_smoke/HOD_ray_0.json,3dac78f5a281f1b9381973e879d12dbcc6d52d29723cc66f837dad4b74827a4a,4323
results/research8h/relocation_smoke/HOD_ray_0.stderr.txt,e3b0c44298fc1c149afbf4c8996fb92427ae41e4649b934ca495991b7852b855,0
results/research8h/relocation_smoke/HOD_ray_1.json,8e0aba285ff76e0fdd99e593b562ede386e8bbdad5f91b1d45c5ff864b168625,4296
results/research8h/relocation_smoke/HOD_ray_1.stderr.txt,e3b0c44298fc1c149afbf4c8996fb92427ae41e4649b934ca495991b7852b855,0
results/research8h/relocation_smoke/point_0.json,617ac7070849d790d636da59dca1591b45c6b42d67b49c0ab248d30bfd4f92b7,1890
results/research8h/relocation_smoke/point_0.stderr.txt,e3b0c44298fc1c149afbf4c8996fb92427ae41e4649b934ca495991b7852b855,0
results/research8h/relocation_smoke/point_1.json,6d89b5b9bbaecdd438d32fa2d2aee262a514bdb24de7cd49380de34c598cc99b,1854
results/research8h/relocation_smoke/point_1.stderr.txt,e3b0c44298fc1c149afbf4c8996fb92427ae41e4649b934ca495991b7852b855,0
results/research8h/relocation_smoke/self_test.json,a61f7257e270fee1043c29e9dc58898b65d96ed0c02bbf8c95e780a26f0719a9,4019
results/research8h/relocation_smoke/self_test.stderr.txt,e3b0c44298fc1c149afbf4c8996fb92427ae41e4649b934ca495991b7852b855,0
results/research8h/relocation_smoke/summary.json,b76d960bf88e20f30bd74851f21aaf3ffb9f4c5cf84435cc630fdc4058065ccb,7391
results/research8h/seasonal_cap_continuation/READOUT.md,0e48154483779c1241c3f136a733e1d4a5ff66422e271a0e02d17bcc99c65f5d,4246
results/research8h/seasonal_cap_continuation/completion.json,d709eb7c3eaa81ad063e22b96b5c23e3c06b1567335cb19bdb50cf57b5d5f139,857
results/research8h/seasonal_cap_continuation/eligibility.json,273bc8e4fea3e31c8bc9ca875c115da48f1f0876c6850eaf1d82ea493ef087f7,462
results/research8h/seasonal_cap_continuation/execution_started.json,a282e1981ddbedf6cef9a27dce05a948a05795ed815d4ade3dcba8aeb1457821,274
results/research8h/seasonal_cap_continuation/final_manifest_check.json,bfb2ba99b335a54b090b9bf69368f5b04353d0744a418db5680f7db1f044c16c,137
results/research8h/seasonal_cap_continuation/independent_postrun_review.json,14a72a7adb98509d73a6c59ad3303d892dc91d28ea08323fe31d3c87c3cadd0c,10792
results/research8h/seasonal_cap_continuation/independent_prepared_review.json,fce0cdef3977caa3244d2f43b78def3bcd8e498d4942d3b3ccfb48bf335b35d0,682358
results/research8h/seasonal_cap_continuation/initial_arm_context.json,f041b280a72c2663d5ccc534239f14b4b91dfa26258d62ce0be0c4a3f9e43f48,7132
results/research8h/seasonal_cap_continuation/input_manifest.csv,d5ae06005d333ee20b6ef5a466c72fd7c5530462ada923fc83a07e26b14e8055,56537
results/research8h/seasonal_cap_continuation/month_04_identity/bounds.npz,64dc9698ce73c449a244bec7110bd6b6fc66236ca5e2f2469c8a15f8ce25f822,52425
results/research8h/seasonal_cap_continuation/month_04_identity/constructive_angles.csv,dafc8b6e28459fe15018221aba95219f402f6e346c32f4576770393bec35db11,79829
results/research8h/seasonal_cap_continuation/month_04_identity/constructive_check.json,4d0f4886f432dd000545901650ee9749885c1d6b17c4ccd1fb965ca38e120c89,4110
results/research8h/seasonal_cap_continuation/month_04_identity/constructive_commitment.csv,b196b259688905fc1129623e4b7d1aab5af55f31aa3396d82eb44bf103b3cf5f,16624
results/research8h/seasonal_cap_continuation/month_04_identity/constructive_dispatch.csv,af79bcd17a9ae82aee5751b6c6722560bae8c078c7fdd0a5ccdb71c79089d530,58934
results/research8h/seasonal_cap_continuation/month_04_identity/constructive_shutdown.csv,ab419fd53a2bc884cff0e9e3a8dc76832ebc32c11f2863f95c554f5bb4cef250,16548
results/research8h/seasonal_cap_continuation/month_04_identity/constructive_startup.csv,5f357b163734f6e9d387b940d53785c32c4d41f918cb96c49b77ce4f2e56eaf7,16548
results/research8h/seasonal_cap_continuation/month_04_identity/constructive_vector.npz,b932e6f2b53e4672cd810308981632663a61ba204e9b7aee60aa9812afe1bbc6,43727
results/research8h/seasonal_cap_continuation/month_04_identity/integrality.npz,7fae01f9639be86f0b91683b2d2a72f166c06593fb646001bc0417e97aaa712d,282
results/research8h/seasonal_cap_continuation/month_04_identity/matrix.npz,2f11940f72432a2a2e89e4a88115eba3cf24a8e82a8110e250c6191020c1f0bb,199281
results/research8h/seasonal_cap_continuation/month_04_identity/model_metadata.json,2c2814a5926bd859b43bef69dee513d56137300a65a50b3408d7b205d9e1c0c6,2476
results/research8h/seasonal_cap_continuation/month_04_identity/native_inputs.npz,9e6959454cb620283b3cef973a6a49bda723461c8cbab77d7f368df9c474d808,27332
results/research8h/seasonal_cap_continuation/month_04_identity/objective.npz,ff6f13618b2729c30b5442fc639c7fea45c66a08d799091e3843ab17f7b16500,423
results/research8h/seasonal_cap_continuation/month_04_identity/row_metadata.csv.gz,1e70b7ca4aa03ff8fed0401816b2be916b1214f9a605d5e2ca6845b35c2ab441,147013
results/research8h/seasonal_cap_continuation/month_04_reference.json,b9d6f48a3eed4356d59d69bf46036d52e76485fe0a155106c97e2360766b76aa,5567
results/research8h/seasonal_cap_continuation/month_10_identity/bounds.npz,75bf868dba96fc452268b9a03cafe4f7ff90cfade6becf6458eca7be3129ca9d,52788
results/research8h/seasonal_cap_continuation/month_10_identity/constructive_angles.csv,6b9cefcecb81b48faa2b314481a44d2b25c49aafed4343273738b3b2671d9214,79978
results/research8h/seasonal_cap_continuation/month_10_identity/constructive_check.json,876387e32943de1b0b621990bc12ed76fb968ce877b733f237f14025bba59cd3,4152
results/research8h/seasonal_cap_continuation/month_10_identity/constructive_commitment.csv,064309a9d1379ab09b4cc0265906064d27e1c853c70dadc4c32eb4c8293948b0,16674
results/research8h/seasonal_cap_continuation/month_10_identity/constructive_dispatch.csv,0a4839777d4215580d3e444887b374afea7b4eccd462c27cf4778a03fb6619c8,56970
results/research8h/seasonal_cap_continuation/month_10_identity/constructive_shutdown.csv,679f8f72d9fc906a7e4a14e451de23d3f853409b74891c9b62d13707d51d2509,16548
results/research8h/seasonal_cap_continuation/month_10_identity/constructive_startup.csv,fd08f52fa216ee4083d7d583f93541810c45c0a7a657c21b67c200239bf18c6f,16548
results/research8h/seasonal_cap_continuation/month_10_identity/constructive_vector.npz,4de2dca8c652b56170749bbc15e8a17322aec8678295a43c3545ebd985eec4e5,44510
results/research8h/seasonal_cap_continuation/month_10_identity/integrality.npz,7fae01f9639be86f0b91683b2d2a72f166c06593fb646001bc0417e97aaa712d,282
results/research8h/seasonal_cap_continuation/month_10_identity/matrix.npz,2f11940f72432a2a2e89e4a88115eba3cf24a8e82a8110e250c6191020c1f0bb,199281
results/research8h/seasonal_cap_continuation/month_10_identity/model_metadata.json,d05e2724058c3d77c443d3705eac63ef5136d486a0c48a7dda9264ea147a2ee8,2477
results/research8h/seasonal_cap_continuation/month_10_identity/native_inputs.npz,b8254cc7cbadf809e43e9359071901e0a3f235c737107cc871cb1accb357e3c3,27469
results/research8h/seasonal_cap_continuation/month_10_identity/objective.npz,ff6f13618b2729c30b5442fc639c7fea45c66a08d799091e3843ab17f7b16500,423
results/research8h/seasonal_cap_continuation/month_10_identity/row_metadata.csv.gz,1105876b32e32f94ee5fe4568b1e78e0091c59a32fd23e127acdf28d53e8a8f0,147013
results/research8h/seasonal_cap_continuation/month_10_reference.json,ab6baea8014a78ffea29c2e5d90cfcc11866f4f110601a1b159c7d4a1e2ec838,5601
results/research8h/seasonal_cap_continuation/outcomes.csv,670f8c5b2c59cfe2b3a05e7c29a72cfa685ea2b5ab5d36aa0339f8d0b8503466,675
results/research8h/seasonal_cap_continuation/outcomes.json,4967d41a61d392334e696aa344ab5852dfd66933b4eefbae97a808753b0e631b,1578
results/research8h/seasonal_cap_continuation/outcomes_partial.json,4967d41a61d392334e696aa344ab5852dfd66933b4eefbae97a808753b0e631b,1578
results/research8h/seasonal_cap_continuation/post_run_artifact_manifest.csv,76d3e9648d6b0c7ca8c5a9bc40fb5dcc0efa4f6d52b7056c3e3486d0bf19a279,19985
results/research8h/seasonal_cap_continuation/prepared_cases.json,e86077c2480926adb4683bc35c7991b8dfb35c4d37ddeda66a5db777ae2c9953,601
results/research8h/seasonal_cap_continuation/prepared_freeze.json,8499d7dd4264b60c14b1b7f720b8a6e53805996e29e7ba791314f04762cf7cef,1607
results/research8h/seasonal_cap_continuation/ramp_redundancy.json,e27f5f27a087becebb381ce471822399e3f75c041b9f18ddff30cdb9648dc65c,59
results/research8h/seasonal_cap_continuation/reference_manifest_check.json,912b11c73e1df87719c1d1b6a309a2cc1a21e7385a955b94f6bfc29951846f88,137
results/research8h/seasonal_cap_continuation/scheduled_cases.json,39fd7232dc8a6bf250aaa9371601ffd2665ba24359f047f7dcf4e64a53ff431c,636
results/research8h/seasonal_cap_continuation/seed_26093400/bounds.npz,d4b9572f49460f879e174d78be82a605192d9c4609d2673347ffcd84efac6fdc,52606
results/research8h/seasonal_cap_continuation/seed_26093400/constructive_angles.csv,6a63061ce726c2556db953583e7256bc8dbf68a558db863d22405c2673e9a0ec,79829
results/research8h/seasonal_cap_continuation/seed_26093400/constructive_check.json,24253d4731904ed93878eaba197affd588929d3549752baac82377f4d4a17356,28084
results/research8h/seasonal_cap_continuation/seed_26093400/constructive_commitment.csv,417d24bf199f1ea9258a28d49796813b4d477e64502f413f604780e33a64a00e,16624
results/research8h/seasonal_cap_continuation/seed_26093400/constructive_dispatch.csv,ef2891ca9b75dbfd887aa17cac2bfd0dcf2c842314be318d7ad37d462c39e410,58934
results/research8h/seasonal_cap_continuation/seed_26093400/constructive_shutdown.csv,c5c84d16386980b0c6769f4b5a31ce0887faee13cad56505391c657520e6faa9,16548
results/research8h/seasonal_cap_continuation/seed_26093400/constructive_startup.csv,6537cf7484beb6326f73951d2436b5bc4fc222852a07ac0c8e3befb715686336,16548
results/research8h/seasonal_cap_continuation/seed_26093400/constructive_vector.npz,cd98c8753ace717d9045ed3ab4fb8d8da14289aef466d3c53689735651792bdd,44025
results/research8h/seasonal_cap_continuation/seed_26093400/integrality.npz,7fae01f9639be86f0b91683b2d2a72f166c06593fb646001bc0417e97aaa712d,282
results/research8h/seasonal_cap_continuation/seed_26093400/lp/bounds.npz,d4b9572f49460f879e174d78be82a605192d9c4609d2673347ffcd84efac6fdc,52606
results/research8h/seasonal_cap_continuation/seed_26093400/lp/integrality.npz,7fae01f9639be86f0b91683b2d2a72f166c06593fb646001bc0417e97aaa712d,282
results/research8h/seasonal_cap_continuation/seed_26093400/lp/matrix.npz,2f11940f72432a2a2e89e4a88115eba3cf24a8e82a8110e250c6191020c1f0bb,199281
results/research8h/seasonal_cap_continuation/seed_26093400/lp/result.json,89ee70b2ab687695e41d5b4d133b5c5c7341b84013000adf16b37fff7c94c288,1110
results/research8h/seasonal_cap_continuation/seed_26093400/lp/returned_vector.npz,10bc6f6f6a4584f181599fdb0c1224539717aca743d31f8496e3745bca2b9b45,42643
results/research8h/seasonal_cap_continuation/seed_26093400/lp/row_metadata.csv.gz,59b9dcb72e46d148815142a63a529bb58bfe6d9c29d1c900d518311357bb12da,147013
results/research8h/seasonal_cap_continuation/seed_26093400/lp/solver.log,f1eedefd3bd13e04de0acd241eb1415663e40a6d0b84cdffb4ce759c5a29d856,917
results/research8h/seasonal_cap_continuation/seed_26093400/matrix.npz,2f11940f72432a2a2e89e4a88115eba3cf24a8e82a8110e250c6191020c1f0bb,199281
results/research8h/seasonal_cap_continuation/seed_26093400/mip/result.json,9db408efc34e68c5efb97858d315eaf1e5f3d28fac1eb1082591213cbd61eef9,668
results/research8h/seasonal_cap_continuation/seed_26093400/mip/solver.log,5f386c18da2a010c8fb26e4dc7536388226efb02ca7a0457652901ad2d30461c,2602
results/research8h/seasonal_cap_continuation/seed_26093400/model_metadata.json,2c2814a5926bd859b43bef69dee513d56137300a65a50b3408d7b205d9e1c0c6,2476
results/research8h/seasonal_cap_continuation/seed_26093400/native_inputs.npz,00c730960379da8d5f44e2ce588acb919dea9679490792c4cb662f02c3c2d299,27450
results/research8h/seasonal_cap_continuation/seed_26093400/objective.npz,ff6f13618b2729c30b5442fc639c7fea45c66a08d799091e3843ab17f7b16500,423
results/research8h/seasonal_cap_continuation/seed_26093400/permutation.csv,34865708880cc2dd78a3be0831c2faf32525bfcb09edbee7a0a1c98c3819e3a7,2186
results/research8h/seasonal_cap_continuation/seed_26093400/preservation.json,f42ba8f57e6ee54199d97a3b78c0db266bd147c3af54b79788e6caf18d286bbb,275
results/research8h/seasonal_cap_continuation/seed_26093400/projected_integrality.npz,3dce3436c853f1dcf296fce09408a6a3d1049e6c2a89568469af8a1c4ae6d73b,282
results/research8h/seasonal_cap_continuation/seed_26093400/projection_audit.json,e9648ffe394153363cc189379abca6edf6e2c18e40dcf9206ad9347283524473,292
results/research8h/seasonal_cap_continuation/seed_26093400/row_metadata.csv.gz,59b9dcb72e46d148815142a63a529bb58bfe6d9c29d1c900d518311357bb12da,147013
results/research8h/seasonal_cap_continuation/seed_26093401/bounds.npz,679340e427927414358a20728d2223504c43c4180464ca8826238ac926694fac,52588
results/research8h/seasonal_cap_continuation/seed_26093401/constructive_angles.csv,798afa0fdcf503a3e06632d412554a3ad007ba52d8c900679b43222d487c9751,79829
results/research8h/seasonal_cap_continuation/seed_26093401/constructive_check.json,b5c6e9a4c381b93e2bf5c500f08e7d5823147f97aa173589b1066d874e072499,28932
results/research8h/seasonal_cap_continuation/seed_26093401/constructive_commitment.csv,2e69b389c8353210f423cabc33d8d3b8cad3027d6fb37ddc369b13e50f707ab2,16624
results/research8h/seasonal_cap_continuation/seed_26093401/constructive_dispatch.csv,051cd595173d2f92c8f5a115c25a8596f1ef3edd72e7cb00e9c9f07cf4d900d9,58934
results/research8h/seasonal_cap_continuation/seed_26093401/constructive_shutdown.csv,0a942ff6e78c380fc7225e0ab3ad4186ce29970de7ca047cf8defd539b70b26d,16548
results/research8h/seasonal_cap_continuation/seed_26093401/constructive_startup.csv,8a3534d5bd4f02ba4ad330b634392056c3b52e3a184994f01d3a5195af7a3244,16548
results/research8h/seasonal_cap_continuation/seed_26093401/constructive_vector.npz,8513e352375db81b300da743d5b8f868101bf323fd72c5f5e1b2677a282d534f,44078
results/research8h/seasonal_cap_continuation/seed_26093401/integrality.npz,7fae01f9639be86f0b91683b2d2a72f166c06593fb646001bc0417e97aaa712d,282
results/research8h/seasonal_cap_continuation/seed_26093401/lp/bounds.npz,679340e427927414358a20728d2223504c43c4180464ca8826238ac926694fac,52588
results/research8h/seasonal_cap_continuation/seed_26093401/lp/integrality.npz,7fae01f9639be86f0b91683b2d2a72f166c06593fb646001bc0417e97aaa712d,282
results/research8h/seasonal_cap_continuation/seed_26093401/lp/matrix.npz,2f11940f72432a2a2e89e4a88115eba3cf24a8e82a8110e250c6191020c1f0bb,199281
results/research8h/seasonal_cap_continuation/seed_26093401/lp/result.json,d08ea87e4a91e6765fd83765b04c8fa147cbc36f6b3fa89f1558c91eeee8fe2a,1128
results/research8h/seasonal_cap_continuation/seed_26093401/lp/returned_vector.npz,3c8fa3b132bafe60a0c069fbb9a0a41f1800e606805ac0e42a18e8fd7f4ee800,43306
results/research8h/seasonal_cap_continuation/seed_26093401/lp/row_metadata.csv.gz,0b90f6d9ed56f3a082010debce0279e676fe541cb021b8795614f5c93791c2dc,147013
results/research8h/seasonal_cap_continuation/seed_26093401/lp/solver.log,a0ab12507f864bc13188c96c5a2dd542097e806188d0e4aabe08420f328d87d2,1061
results/research8h/seasonal_cap_continuation/seed_26093401/matrix.npz,2f11940f72432a2a2e89e4a88115eba3cf24a8e82a8110e250c6191020c1f0bb,199281
results/research8h/seasonal_cap_continuation/seed_26093401/mip/result.json,d7dc5f2057fed35086e915ba2370b2be1059cd8108cba4d72e3513dfce7b4b04,668
results/research8h/seasonal_cap_continuation/seed_26093401/mip/solver.log,86959dff2b5e4c19187ddce88ca11871fce6ac1035736fdedebd810fd3c084ae,3832
results/research8h/seasonal_cap_continuation/seed_26093401/model_metadata.json,2c2814a5926bd859b43bef69dee513d56137300a65a50b3408d7b205d9e1c0c6,2476
results/research8h/seasonal_cap_continuation/seed_26093401/native_inputs.npz,4b235324660abf9eef6b5268ab71f6f48580f130f5b0ebb812a9afa9d610a0ea,27448
results/research8h/seasonal_cap_continuation/seed_26093401/objective.npz,ff6f13618b2729c30b5442fc639c7fea45c66a08d799091e3843ab17f7b16500,423
results/research8h/seasonal_cap_continuation/seed_26093401/permutation.csv,fafa564cae31a9801c0de21d95a82dd774092b3b16bca13edce0351bfe3cda35,2186
results/research8h/seasonal_cap_continuation/seed_26093401/preservation.json,ef9cd9d0113e193ff7931e17ab6ce0780705f023bf5d5db0615bd8f0111d5eb9,275
results/research8h/seasonal_cap_continuation/seed_26093401/projected_integrality.npz,3dce3436c853f1dcf296fce09408a6a3d1049e6c2a89568469af8a1c4ae6d73b,282
results/research8h/seasonal_cap_continuation/seed_26093401/projection_audit.json,e9648ffe394153363cc189379abca6edf6e2c18e40dcf9206ad9347283524473,292
results/research8h/seasonal_cap_continuation/seed_26093401/row_metadata.csv.gz,0b90f6d9ed56f3a082010debce0279e676fe541cb021b8795614f5c93791c2dc,147013
results/research8h/seasonal_cap_continuation/seed_26094000/bounds.npz,bd386ee873d7b2616d619eb36d0b1a3dddfcefeda5e211f4d763642bd5737947,53438
results/research8h/seasonal_cap_continuation/seed_26094000/constructive_angles.csv,e54a6d778ecf213181622e9dee2681b1b3b4e68bd4313fa514eed2cbf485471a,79978
results/research8h/seasonal_cap_continuation/seed_26094000/constructive_check.json,172d77f7cb515dafa48e1c602dc98625bd654eb2bcbce720ef76c3c923928e91,46912
results/research8h/seasonal_cap_continuation/seed_26094000/constructive_commitment.csv,53216d3110b9b1df19c4ecfd4fb5d7d67f4c4621ff5458c0ac21f6ed1eac13d0,16674
results/research8h/seasonal_cap_continuation/seed_26094000/constructive_dispatch.csv,c8452f0fe6b7bb396e1a6804cb865b67005679a0ff534f8fb1cfa357694a2623,56970
results/research8h/seasonal_cap_continuation/seed_26094000/constructive_shutdown.csv,6c717148bcff992ddc39b237595f89204de0af1c6e04867ba220beb25c41544a,16548
results/research8h/seasonal_cap_continuation/seed_26094000/constructive_startup.csv,5170b07a9af12fd2c4eb411e07c3ac6eb58ad1a02baa81b16746d944b881d7ac,16548
results/research8h/seasonal_cap_continuation/seed_26094000/constructive_vector.npz,499cb40026232fabf610086986aa1b83f62e5d6e19873846906410c76fc1d0ec,44951
results/research8h/seasonal_cap_continuation/seed_26094000/integrality.npz,7fae01f9639be86f0b91683b2d2a72f166c06593fb646001bc0417e97aaa712d,282
results/research8h/seasonal_cap_continuation/seed_26094000/lp/bounds.npz,bd386ee873d7b2616d619eb36d0b1a3dddfcefeda5e211f4d763642bd5737947,53438
results/research8h/seasonal_cap_continuation/seed_26094000/lp/integrality.npz,7fae01f9639be86f0b91683b2d2a72f166c06593fb646001bc0417e97aaa712d,282
results/research8h/seasonal_cap_continuation/seed_26094000/lp/matrix.npz,2f11940f72432a2a2e89e4a88115eba3cf24a8e82a8110e250c6191020c1f0bb,199281
results/research8h/seasonal_cap_continuation/seed_26094000/lp/result.json,a1002f6b75e1fd1efb8799a85113f5b0a99a15f369d1543581eae24779384b39,1128
results/research8h/seasonal_cap_continuation/seed_26094000/lp/returned_vector.npz,f28f53db258bc8a86f82b24a681368d062f2fba67fd1c714b01555c1f6592a46,44408
results/research8h/seasonal_cap_continuation/seed_26094000/lp/row_metadata.csv.gz,6afb33eed77e50bb106bdaea2252e494a1a17d9ae46565b4b6ddee456d9b0e89,147013
results/research8h/seasonal_cap_continuation/seed_26094000/lp/solver.log,aea4ec1380f9d365fc0f96a9b2122cca2e53b6e1fbf6ed6e38a36056964125a2,996
results/research8h/seasonal_cap_continuation/seed_26094000/matrix.npz,2f11940f72432a2a2e89e4a88115eba3cf24a8e82a8110e250c6191020c1f0bb,199281
results/research8h/seasonal_cap_continuation/seed_26094000/mip/result.json,f7392337f5586fe06b9e7cf9ad7aed81bd85cf0a47c90d84a08c5fd456333d65,667
results/research8h/seasonal_cap_continuation/seed_26094000/mip/solver.log,dffb87a5d3c42ec33791df13ef82abc98d18121ffccebf301290b23f275f5df8,3221
results/research8h/seasonal_cap_continuation/seed_26094000/model_metadata.json,d05e2724058c3d77c443d3705eac63ef5136d486a0c48a7dda9264ea147a2ee8,2477
results/research8h/seasonal_cap_continuation/seed_26094000/native_inputs.npz,2535334a92b3825d158b2d5ee065b7228f55b42cdf289cede649830981fada43,27587
results/research8h/seasonal_cap_continuation/seed_26094000/objective.npz,ff6f13618b2729c30b5442fc639c7fea45c66a08d799091e3843ab17f7b16500,423
results/research8h/seasonal_cap_continuation/seed_26094000/permutation.csv,88908a5aa178544d0186c0c3d07d6d0271ce4d3d530d05e85148e36d4402eac4,2186
results/research8h/seasonal_cap_continuation/seed_26094000/preservation.json,7fc39b08674909ae9f9636d5245e2f573ea3ecdb6512e9c6dc90af727ae86f32,275
results/research8h/seasonal_cap_continuation/seed_26094000/projected_integrality.npz,3dce3436c853f1dcf296fce09408a6a3d1049e6c2a89568469af8a1c4ae6d73b,282
results/research8h/seasonal_cap_continuation/seed_26094000/projection_audit.json,e9648ffe394153363cc189379abca6edf6e2c18e40dcf9206ad9347283524473,292
results/research8h/seasonal_cap_continuation/seed_26094000/row_metadata.csv.gz,6afb33eed77e50bb106bdaea2252e494a1a17d9ae46565b4b6ddee456d9b0e89,147013
results/research8h/seasonal_cap_continuation/seed_26094001/bounds.npz,b464f15d2f0221172eef8979cff59dc53d7286bee39a0af28cdb05723e338ea4,52988
results/research8h/seasonal_cap_continuation/seed_26094001/constructive_angles.csv,e403c12e6b81437a703c49c76989cd816c9beec1969d1693e94694cbbd5eaa1e,79978
results/research8h/seasonal_cap_continuation/seed_26094001/constructive_check.json,c358bced8d5aa33cba8c0c63483d612d0a80c2734848ce9e3b726c198c158000,50452
results/research8h/seasonal_cap_continuation/seed_26094001/constructive_commitment.csv,644021a9347dc94d3a79ef89fdcac7de8d230815bfca1a3dcb0f15b60a05740c,16674
results/research8h/seasonal_cap_continuation/seed_26094001/constructive_dispatch.csv,598360fb13d2a784d14b5f0ee55a834474a9b23b034fbbab519a386b053b3523,56970
results/research8h/seasonal_cap_continuation/seed_26094001/constructive_shutdown.csv,4d826bdfb449e4929781b7d6b4764b94fbe61c9f12fa14cb85b2f2dc573a9ab4,16548
results/research8h/seasonal_cap_continuation/seed_26094001/constructive_startup.csv,13a6fde1b9cafbf22eba6084aa95957db51801deb84508aa9a9cd9a25e75d56c,16548
results/research8h/seasonal_cap_continuation/seed_26094001/constructive_vector.npz,2b196ab0079da562cd968bb358b37a029ca783e24792bd19f8fd00df403060c6,44983
results/research8h/seasonal_cap_continuation/seed_26094001/integrality.npz,7fae01f9639be86f0b91683b2d2a72f166c06593fb646001bc0417e97aaa712d,282
results/research8h/seasonal_cap_continuation/seed_26094001/lp/bounds.npz,b464f15d2f0221172eef8979cff59dc53d7286bee39a0af28cdb05723e338ea4,52988
results/research8h/seasonal_cap_continuation/seed_26094001/lp/integrality.npz,7fae01f9639be86f0b91683b2d2a72f166c06593fb646001bc0417e97aaa712d,282
results/research8h/seasonal_cap_continuation/seed_26094001/lp/matrix.npz,2f11940f72432a2a2e89e4a88115eba3cf24a8e82a8110e250c6191020c1f0bb,199281
results/research8h/seasonal_cap_continuation/seed_26094001/lp/result.json,94bad3a2d528dd8e99ba6eafa965f26bbe51a9ee5d51a3015029622020f98643,1128
results/research8h/seasonal_cap_continuation/seed_26094001/lp/returned_vector.npz,626f1edf7d150c5cd9e10c718837b8e9071304055c9fb3c88cf14817bcc22b21,44694
results/research8h/seasonal_cap_continuation/seed_26094001/lp/row_metadata.csv.gz,127b405418729c988774d8559c3fa86613a04acd1ede85498b096e34bf9426d6,147013
results/research8h/seasonal_cap_continuation/seed_26094001/lp/solver.log,c5c303e9c7bede976a5b24ef63b885de81ca83eec6a44f0c99b648ad5469ea24,996
results/research8h/seasonal_cap_continuation/seed_26094001/matrix.npz,2f11940f72432a2a2e89e4a88115eba3cf24a8e82a8110e250c6191020c1f0bb,199281
results/research8h/seasonal_cap_continuation/seed_26094001/mip/result.json,6774832f9783c246c9ee2e6c278eed4bae2d4b4f2beca179d84afdb6cbe855a6,668
results/research8h/seasonal_cap_continuation/seed_26094001/mip/solver.log,2897551a540a05210b3af030eb8445411efc94621f718f612af615633ca8e01b,3591
results/research8h/seasonal_cap_continuation/seed_26094001/model_metadata.json,d05e2724058c3d77c443d3705eac63ef5136d486a0c48a7dda9264ea147a2ee8,2477
results/research8h/seasonal_cap_continuation/seed_26094001/native_inputs.npz,5aad5cfec29c747199bd628ebaf98e4e0a53784f9c77356a739563ad0f8c4c6f,27576
results/research8h/seasonal_cap_continuation/seed_26094001/objective.npz,ff6f13618b2729c30b5442fc639c7fea45c66a08d799091e3843ab17f7b16500,423
results/research8h/seasonal_cap_continuation/seed_26094001/permutation.csv,1daad151d5c8eb39c306c06b0f6746b159c5dfc4d352d7e661c4bfc328286ee7,2186
results/research8h/seasonal_cap_continuation/seed_26094001/preservation.json,ef9cd9d0113e193ff7931e17ab6ce0780705f023bf5d5db0615bd8f0111d5eb9,275
results/research8h/seasonal_cap_continuation/seed_26094001/projected_integrality.npz,3dce3436c853f1dcf296fce09408a6a3d1049e6c2a89568469af8a1c4ae6d73b,282
results/research8h/seasonal_cap_continuation/seed_26094001/projection_audit.json,e9648ffe394153363cc189379abca6edf6e2c18e40dcf9206ad9347283524473,292
results/research8h/seasonal_cap_continuation/seed_26094001/row_metadata.csv.gz,127b405418729c988774d8559c3fa86613a04acd1ede85498b096e34bf9426d6,147013
results/research8h/seasonal_cap_continuation/seed_26100400/bounds.npz,cd00f5dd28dd3e8423a9bf3dc8c940764d3c3e049cfc04d4a486a946e9cec4d0,52470
results/research8h/seasonal_cap_continuation/seed_26100400/constructive_angles.csv,c98ef24f2c9cbee970def421c94e7fc2efbfc1505060ebafed0a73211d3c9e04,79829
results/research8h/seasonal_cap_continuation/seed_26100400/constructive_check.json,4d0f4886f432dd000545901650ee9749885c1d6b17c4ccd1fb965ca38e120c89,4110
results/research8h/seasonal_cap_continuation/seed_26100400/constructive_commitment.csv,08aa26bd2397a992c4cc0e01635ca8645882d0bc685670c4c2d506d020b7036b,16624
results/research8h/seasonal_cap_continuation/seed_26100400/constructive_dispatch.csv,ab70a2b3f79a31557c5d71ffddf41a36b9eee0c3e0c9dafc961c4636eceff63c,58934
results/research8h/seasonal_cap_continuation/seed_26100400/constructive_shutdown.csv,ab419fd53a2bc884cff0e9e3a8dc76832ebc32c11f2863f95c554f5bb4cef250,16548
results/research8h/seasonal_cap_continuation/seed_26100400/constructive_startup.csv,5f357b163734f6e9d387b940d53785c32c4d41f918cb96c49b77ce4f2e56eaf7,16548
results/research8h/seasonal_cap_continuation/seed_26100400/constructive_vector.npz,3addf5dec3f1bec804a1804e83ca83f64ae102dc70a5f9a4c73c507349d5bf85,43727
results/research8h/seasonal_cap_continuation/seed_26100400/integrality.npz,7fae01f9639be86f0b91683b2d2a72f166c06593fb646001bc0417e97aaa712d,282
results/research8h/seasonal_cap_continuation/seed_26100400/matrix.npz,2f11940f72432a2a2e89e4a88115eba3cf24a8e82a8110e250c6191020c1f0bb,199281
results/research8h/seasonal_cap_continuation/seed_26100400/model_metadata.json,2c2814a5926bd859b43bef69dee513d56137300a65a50b3408d7b205d9e1c0c6,2476
results/research8h/seasonal_cap_continuation/seed_26100400/native_inputs.npz,3992435cbe4634f4519200579904ede5be129afef064c870c17de91c3bcd3fd0,27358
results/research8h/seasonal_cap_continuation/seed_26100400/objective.npz,ff6f13618b2729c30b5442fc639c7fea45c66a08d799091e3843ab17f7b16500,423
results/research8h/seasonal_cap_continuation/seed_26100400/permutation.csv,981c9aa11963987505f07e34079a3b59c3492c6f2a21e377b79c914377f6966b,2186
results/research8h/seasonal_cap_continuation/seed_26100400/preservation.json,3dbd6821a48b61474a14c72e4dea761eb3d1913a33d2503ebd96d863c8a379b3,279
results/research8h/seasonal_cap_continuation/seed_26100400/projected_integrality.npz,3dce3436c853f1dcf296fce09408a6a3d1049e6c2a89568469af8a1c4ae6d73b,282
results/research8h/seasonal_cap_continuation/seed_26100400/projection_audit.json,e9648ffe394153363cc189379abca6edf6e2c18e40dcf9206ad9347283524473,292
results/research8h/seasonal_cap_continuation/seed_26100400/row_metadata.csv.gz,37aded897cf935d76aaa245716f071e0ed9af825de89884426df4abe73b7a477,147013
results/research8h/seasonal_cap_continuation/seed_26101000/bounds.npz,75bf868dba96fc452268b9a03cafe4f7ff90cfade6becf6458eca7be3129ca9d,52788
results/research8h/seasonal_cap_continuation/seed_26101000/constructive_angles.csv,6b9cefcecb81b48faa2b314481a44d2b25c49aafed4343273738b3b2671d9214,79978
results/research8h/seasonal_cap_continuation/seed_26101000/constructive_check.json,876387e32943de1b0b621990bc12ed76fb968ce877b733f237f14025bba59cd3,4152
results/research8h/seasonal_cap_continuation/seed_26101000/constructive_commitment.csv,064309a9d1379ab09b4cc0265906064d27e1c853c70dadc4c32eb4c8293948b0,16674
results/research8h/seasonal_cap_continuation/seed_26101000/constructive_dispatch.csv,0a4839777d4215580d3e444887b374afea7b4eccd462c27cf4778a03fb6619c8,56970
results/research8h/seasonal_cap_continuation/seed_26101000/constructive_shutdown.csv,679f8f72d9fc906a7e4a14e451de23d3f853409b74891c9b62d13707d51d2509,16548
results/research8h/seasonal_cap_continuation/seed_26101000/constructive_startup.csv,fd08f52fa216ee4083d7d583f93541810c45c0a7a657c21b67c200239bf18c6f,16548
results/research8h/seasonal_cap_continuation/seed_26101000/constructive_vector.npz,4de2dca8c652b56170749bbc15e8a17322aec8678295a43c3545ebd985eec4e5,44510
results/research8h/seasonal_cap_continuation/seed_26101000/integrality.npz,7fae01f9639be86f0b91683b2d2a72f166c06593fb646001bc0417e97aaa712d,282
results/research8h/seasonal_cap_continuation/seed_26101000/matrix.npz,2f11940f72432a2a2e89e4a88115eba3cf24a8e82a8110e250c6191020c1f0bb,199281
results/research8h/seasonal_cap_continuation/seed_26101000/model_metadata.json,d05e2724058c3d77c443d3705eac63ef5136d486a0c48a7dda9264ea147a2ee8,2477
results/research8h/seasonal_cap_continuation/seed_26101000/native_inputs.npz,b8254cc7cbadf809e43e9359071901e0a3f235c737107cc871cb1accb357e3c3,27469
results/research8h/seasonal_cap_continuation/seed_26101000/objective.npz,ff6f13618b2729c30b5442fc639c7fea45c66a08d799091e3843ab17f7b16500,423
results/research8h/seasonal_cap_continuation/seed_26101000/permutation.csv,313903a5614db0d14ccc04bcc9537401a60a08c83851ceeb1767efbd64e25663,2186
results/research8h/seasonal_cap_continuation/seed_26101000/preservation.json,53baa97bc35760d95292b8ec58d3ae263cc43bf8d5c79ae2d87ad306c8390672,278
results/research8h/seasonal_cap_continuation/seed_26101000/projected_integrality.npz,3dce3436c853f1dcf296fce09408a6a3d1049e6c2a89568469af8a1c4ae6d73b,282
results/research8h/seasonal_cap_continuation/seed_26101000/projection_audit.json,e9648ffe394153363cc189379abca6edf6e2c18e40dcf9206ad9347283524473,292
results/research8h/seasonal_cap_continuation/seed_26101000/row_metadata.csv.gz,010f7d13f54467e125442ffc31111dbc8a09d743e6f6befd81a57ac1898ee4a2,147013
results/research8h/seasonal_cap_postrun_review.py,3b975cfd52a8cb58c78e94318c79b9f028b2985f7b3e3c8fa3b82226730b6282,9956
results/research8h/seasonal_cap_prepared_review.py,3de77675460d103298ac17dc7851144362a3ecb87a1e77ec80f522622259433a,16662
results/research8h/seasonal_reference/INDEPENDENT_SOURCE_REVIEW.md,cf8627d6bc9c9a10a2b1d019e920067bc02b8e8ed41cf2bc1daace69496a1674,3393
results/research8h/seasonal_reference/INDEPENDENT_WITNESS_REPLAY.md,3eb61ad68353cc7df9b6f88fc171eaacd6ee2aee78c257e721d38c3ec09b95b1,1405
results/research8h/seasonal_reference/READOUT.md,8218d319145d67bf516936179b5c4db3fce92e34032cee313e42290a44c6b4b3,5759
results/research8h/seasonal_reference/all_models_frozen_before_first_solve.json,b2b8a98697d13d9399bf957e64566bbe0c2176d4863493b5cd79b0046bd6dc47,257
results/research8h/seasonal_reference/completion.json,1e77906b10efd364e9f5d99e100debf319e306d114dd1dc24a3d1f27d00c61b2,154
results/research8h/seasonal_reference/existing_July_witness_preflight.json,4d17fa70e41c20aa35659a4fb118c6bfd0c44e207b0feddda6663687d2f1b4d2,1750
results/research8h/seasonal_reference/input_manifest.csv,a4cd70b40e26a9c5019df545364adb06124ce4e46e67c713caf4667ae19c02af,9619
results/research8h/seasonal_reference/month_01/bounds.npz,ea8158050cefbaa9c8bdf5fd387ead50cbd9b803d378fe706a1c2522f5552518,52280
results/research8h/seasonal_reference/month_01/candidate_angles.csv,31969d7a5d9755d8637c03fa8d19f54630544f78b4557a7d6fe3c5955dd7bbb7,79594
results/research8h/seasonal_reference/month_01/candidate_commitment.csv,1081350906c52e10010345c61e9ed6aa29f4c039f10db8fe97005c74c85b6536,16765
results/research8h/seasonal_reference/month_01/candidate_dispatch.csv,e9bfb5955f3341ad1a8833e838b90ca3369d936276ef389342842f1c62b51d0f,55813
results/research8h/seasonal_reference/month_01/candidate_shutdown.csv,e709350c840f9552c0a2649618443fdbe83e1d63791011b39e7764c28f3925fe,16747
results/research8h/seasonal_reference/month_01/candidate_startup.csv,df08c7168197de169a70fd7ff96df97b3ebfb2aaf0fb9f4d38de23f9b6a22310,16771
results/research8h/seasonal_reference/month_01/integrality.npz,7fae01f9639be86f0b91683b2d2a72f166c06593fb646001bc0417e97aaa712d,282
results/research8h/seasonal_reference/month_01/matrix.npz,43eadfdf239a339757187fa4d52e786d1be7277bb93009d5ded1973523bf1386,193396
results/research8h/seasonal_reference/month_01/model_metadata.json,1920bfe421412b2ce64be9f02dddaee933e5ae1394532a56b37dc78adcbb06af,2902
results/research8h/seasonal_reference/month_01/native_inputs.npz,fe5b5195c9fdb9ba7962d83620e35d5a57c75eb14db0992603a5d53b17b7ad63,26008
results/research8h/seasonal_reference/month_01/objective.npz,4a11881191004d9f39ed53d3cd18a5861829593b48c4e97d67e2af2d01b17632,864
results/research8h/seasonal_reference/month_01/result.json,0c75e256dbecb5a2a6479313a9a620678254973b2060ce317e8c2adfc8d9f36d,1030
results/research8h/seasonal_reference/month_01/returned_vector.npz,ce92e9e56166925bb2ec9ed2ceceb11a8a66ddd81028c596b18e6c2542885e47,41907
results/research8h/seasonal_reference/month_01/row_metadata.csv.gz,e13c39ee35091f1f67a4aed145cb36b4950e2d01dfb19b1412c3d6b06ced1618,146951
results/research8h/seasonal_reference/month_01/solver.log,c183e19ac503495b42e68444650d408c635112646e32bbcc9a9d82c816e40e90,2710
results/research8h/seasonal_reference/month_01/source_hours.csv,f95dacf276caaf86f9436933a28c428bd8aed723b31a53045b8d226a59957b13,4105
results/research8h/seasonal_reference/month_01/witness_verification.json,07e63931d62d5e018e75689c22442991d67f5bc6f548db10cd8c26cc6aa6724d,1937
results/research8h/seasonal_reference/month_04/bounds.npz,441962fc5ccf02a9478b9efb4b64bf95b878b8737c288b99521df6862535022a,52423
results/research8h/seasonal_reference/month_04/integrality.npz,7fae01f9639be86f0b91683b2d2a72f166c06593fb646001bc0417e97aaa712d,282
results/research8h/seasonal_reference/month_04/matrix.npz,43eadfdf239a339757187fa4d52e786d1be7277bb93009d5ded1973523bf1386,193396
results/research8h/seasonal_reference/month_04/model_metadata.json,1920bfe421412b2ce64be9f02dddaee933e5ae1394532a56b37dc78adcbb06af,2902
results/research8h/seasonal_reference/month_04/native_inputs.npz,5aa72a7cab179005bc9c0088f4fd4ec9a62f18f460d48c50e3c7a274493fb6d6,26843
results/research8h/seasonal_reference/month_04/objective.npz,4a11881191004d9f39ed53d3cd18a5861829593b48c4e97d67e2af2d01b17632,864
results/research8h/seasonal_reference/month_04/result.json,4405be89735a9ff867cd8f7a003c56f797eaa96065f7b5a212c0faca9b785ca1,848
results/research8h/seasonal_reference/month_04/row_metadata.csv.gz,57a683ca6ba1dfd74a1878a91cb5e52f066415d85ec4a9510161612aab175b8f,146951
results/research8h/seasonal_reference/month_04/solver.log,3c813a91a41cad2cbcb5a87ad016289a6b5078f9f16f1c39977e9335e8f38b1c,2371
results/research8h/seasonal_reference/month_04/source_hours.csv,128b91150a0935428b07e78a529cbe351da735a087f6811d49d40dfd0322633b,4383
results/research8h/seasonal_reference/month_07/bounds.npz,cb893dc789acc8217d5a1ece77513e24cbfa126a4535be8ad9f51cde2eb082b0,54445
results/research8h/seasonal_reference/month_07/integrality.npz,7fae01f9639be86f0b91683b2d2a72f166c06593fb646001bc0417e97aaa712d,282
results/research8h/seasonal_reference/month_07/matrix.npz,43eadfdf239a339757187fa4d52e786d1be7277bb93009d5ded1973523bf1386,193396
results/research8h/seasonal_reference/month_07/model_metadata.json,1920bfe421412b2ce64be9f02dddaee933e5ae1394532a56b37dc78adcbb06af,2902
results/research8h/seasonal_reference/month_07/native_inputs.npz,fbe7b7d3f2bf4bcac29c996b5acb26f6bb133ff9ad42ff8cb6c497a66bc629ec,27816
results/research8h/seasonal_reference/month_07/objective.npz,4a11881191004d9f39ed53d3cd18a5861829593b48c4e97d67e2af2d01b17632,864
results/research8h/seasonal_reference/month_07/result.json,e61a16a5ef750477d8e72f10cdcdb3183b2540b65c7bed3f404fc24f846ddd34,847
results/research8h/seasonal_reference/month_07/row_metadata.csv.gz,08384d3bf73b9b2a38ebec5505bab3ecec5386519c78a204e6b0421c1632c423,146951
results/research8h/seasonal_reference/month_07/solver.log,e55122e115c52f9f8d1565fa90d08dc195cc53e56f875d00c3135c37b62d0f96,2862
results/research8h/seasonal_reference/month_07/source_hours.csv,9157af01d675937c8d6abb89335d932bba301d68fdc8cade5d9f92fb0dae3273,4383
results/research8h/seasonal_reference/month_10/bounds.npz,c088b6e549a0bc282cec2d957fbd13093fd8cff8edd4bf698812395e9fc42ca6,52784
results/research8h/seasonal_reference/month_10/integrality.npz,7fae01f9639be86f0b91683b2d2a72f166c06593fb646001bc0417e97aaa712d,282
results/research8h/seasonal_reference/month_10/matrix.npz,43eadfdf239a339757187fa4d52e786d1be7277bb93009d5ded1973523bf1386,193396
results/research8h/seasonal_reference/month_10/model_metadata.json,1920bfe421412b2ce64be9f02dddaee933e5ae1394532a56b37dc78adcbb06af,2902
results/research8h/seasonal_reference/month_10/native_inputs.npz,16d4fe879e11d804cf25d28fe25556f43c3d3856795c66e01e2062eb51e015e2,26980
results/research8h/seasonal_reference/month_10/objective.npz,4a11881191004d9f39ed53d3cd18a5861829593b48c4e97d67e2af2d01b17632,864
results/research8h/seasonal_reference/month_10/result.json,b27cb68d0638ac63c66b81cbcc43f5c16ba745661864702fdfc1937c3b4badb7,849
results/research8h/seasonal_reference/month_10/row_metadata.csv.gz,9828d75e35f0f057196d9b2df52a75c2eb8f1493347c6c7f4725cfd625595099,146951
results/research8h/seasonal_reference/month_10/solver.log,2a8a30112977f0c1978be3857a9fd9f912c7653e0cb3257376f52f80d704480d,2368
results/research8h/seasonal_reference/month_10/source_hours.csv,f69ee75a080bf31a169a204bceabe1d40bb4f53c429963f2f83065ad5173b7b0,4383
results/research8h/seasonal_reference/pre_run_freeze.json,2989ddecf039cd58fc911e6f851d822be3856065542abfadb94afd324b88e0ee,1209
results/research8h/seasonal_reference/ramp_redundancy.csv,c76f2b01b7365c882bf2694ab73d8be93827d59644abe3475a24b334b3e20fa6,795
results/research8h/seasonal_reference/summary.csv,788fe9fd045815ec750a06421b650b4c644d09bf625a291237ccf1e7dcb851dd,1051
results/research8h/seasonal_reference/summary.json,707b9a1dc7a852dcab06a4fd5c4d11716867ad6e88ebb387ab1c496a55a83493,3797
results/research8h/seasonal_reference/unit_inventory.csv,045f5fd5122ed12df4de839a63e0b83f8428ae1435cc880f1ec4a9da29f3f96c,2212
results/research8h/seasonal_reference_continuation/READOUT.md,26cfca7d8b84b187f4e2b6a2b1175eb47f6446a065f1769c37ea9ac31db4cf1b,3500
results/research8h/seasonal_reference_continuation/completion.json,71982b538050e8dca6961199009f2076456f032b739f43afde14c404480525ed,160
results/research8h/seasonal_reference_continuation/execution_started.json,0607fa607f6ba0870731de876690e087f6e8809babb801f17b365aac58327288,248
results/research8h/seasonal_reference_continuation/final_input_hash_check.json,912b11c73e1df87719c1d1b6a309a2cc1a21e7385a955b94f6bfc29951846f88,137
results/research8h/seasonal_reference_continuation/input_manifest.csv,cc7ff078ea7e99ac177b3d22be3208cf454ca0726015e4a10c3b65329630758b,21098
results/research8h/seasonal_reference_continuation/month_04/angles.csv,dafc8b6e28459fe15018221aba95219f402f6e346c32f4576770393bec35db11,79829
results/research8h/seasonal_reference_continuation/month_04/bounds.npz,441962fc5ccf02a9478b9efb4b64bf95b878b8737c288b99521df6862535022a,52423
results/research8h/seasonal_reference_continuation/month_04/commitment.csv,b196b259688905fc1129623e4b7d1aab5af55f31aa3396d82eb44bf103b3cf5f,16624
results/research8h/seasonal_reference_continuation/month_04/dispatch.csv,af79bcd17a9ae82aee5751b6c6722560bae8c078c7fdd0a5ccdb71c79089d530,58934
results/research8h/seasonal_reference_continuation/month_04/exact_point_check.json,1a850904997baf6a34781916ad16df9b1982d006d9bdff5bc8568f65f0e3b706,849
results/research8h/seasonal_reference_continuation/month_04/integrality.npz,3dce3436c853f1dcf296fce09408a6a3d1049e6c2a89568469af8a1c4ae6d73b,282
results/research8h/seasonal_reference_continuation/month_04/matrix.npz,43eadfdf239a339757187fa4d52e786d1be7277bb93009d5ded1973523bf1386,193396
results/research8h/seasonal_reference_continuation/month_04/model_binding.json,906857b43e914173187525cb4bd9170b67607f5b7728b2a2a46fb28c9b72af73,1106
results/research8h/seasonal_reference_continuation/month_04/model_metadata.json,11305e1b8f9fbb145de691f20401474404f3293619135828cda7b0225a4b0eac,3016
results/research8h/seasonal_reference_continuation/month_04/native_inputs.npz,5aa72a7cab179005bc9c0088f4fd4ec9a62f18f460d48c50e3c7a274493fb6d6,26843
results/research8h/seasonal_reference_continuation/month_04/native_no_cap_check.json,f940cad6149d2fe1f7ec5838587712fd2904aba75d8d8d7f85bd446e25785db5,1473
results/research8h/seasonal_reference_continuation/month_04/objective.npz,4a11881191004d9f39ed53d3cd18a5861829593b48c4e97d67e2af2d01b17632,864
results/research8h/seasonal_reference_continuation/month_04/original_integrality.npz,7fae01f9639be86f0b91683b2d2a72f166c06593fb646001bc0417e97aaa712d,282
results/research8h/seasonal_reference_continuation/month_04/original_model_metadata.json,1920bfe421412b2ce64be9f02dddaee933e5ae1394532a56b37dc78adcbb06af,2902
results/research8h/seasonal_reference_continuation/month_04/original_result.json,4405be89735a9ff867cd8f7a003c56f797eaa96065f7b5a212c0faca9b785ca1,848
results/research8h/seasonal_reference_continuation/month_04/projection_audit.json,e9648ffe394153363cc189379abca6edf6e2c18e40dcf9206ad9347283524473,292
results/research8h/seasonal_reference_continuation/month_04/raw_vector.npz,47eb923ae5e19d654d1b5ba49ef39481b6969cbad28c620a939398eb80b3b113,43779
results/research8h/seasonal_reference_continuation/month_04/recovered_vector.npz,b932e6f2b53e4672cd810308981632663a61ba204e9b7aee60aa9812afe1bbc6,43727
results/research8h/seasonal_reference_continuation/month_04/result.json,7e7938c818de64d11af2050a7f5daeec870aeabae1066122e4ac9342492305d2,1917
results/research8h/seasonal_reference_continuation/month_04/row_metadata.csv.gz,57a683ca6ba1dfd74a1878a91cb5e52f066415d85ec4a9510161612aab175b8f,146951
results/research8h/seasonal_reference_continuation/month_04/shutdown.csv,ab419fd53a2bc884cff0e9e3a8dc76832ebc32c11f2863f95c554f5bb4cef250,16548
results/research8h/seasonal_reference_continuation/month_04/solver.log,e6bb2d4395e1d18be81564bee66c4248708659c111d9eadaa570204718dd9f57,3581
results/research8h/seasonal_reference_continuation/month_04/source_hours.csv,128b91150a0935428b07e78a529cbe351da735a087f6811d49d40dfd0322633b,4383
results/research8h/seasonal_reference_continuation/month_04/source_reconstruction_audit.json,e2e1dca23aa91662b4ebacb193932c1863f13e4b82f3f6049aa0668e58a5d8f0,480
results/research8h/seasonal_reference_continuation/month_04/startup.csv,5f357b163734f6e9d387b940d53785c32c4d41f918cb96c49b77ce4f2e56eaf7,16548
results/research8h/seasonal_reference_continuation/month_07/angles.csv,0c981427da62aabe4dd32316b38b254f273811860da973501d99318e3793288c,79871
results/research8h/seasonal_reference_continuation/month_07/bounds.npz,cb893dc789acc8217d5a1ece77513e24cbfa126a4535be8ad9f51cde2eb082b0,54445
results/research8h/seasonal_reference_continuation/month_07/commitment.csv,aec8a1af1f286a09f82fdde6c56bdc7718bd70c37c766fcbab2e8e45c46fe6c0,16548
results/research8h/seasonal_reference_continuation/month_07/dispatch.csv,2c9276fdf87c3ec86aaa9a64529f8859d4fc3a6427d429a3be32d76c7ac4e9df,53946
results/research8h/seasonal_reference_continuation/month_07/exact_point_check.json,5428bece03c2cd3f201dba2b14188cec32c20f36d23badef338d5e3581c74faa,876
results/research8h/seasonal_reference_continuation/month_07/integrality.npz,3dce3436c853f1dcf296fce09408a6a3d1049e6c2a89568469af8a1c4ae6d73b,282
results/research8h/seasonal_reference_continuation/month_07/matrix.npz,43eadfdf239a339757187fa4d52e786d1be7277bb93009d5ded1973523bf1386,193396
results/research8h/seasonal_reference_continuation/month_07/model_binding.json,4517b277d10f8802ba58e713e5fdbf896d5443a6cb1b966007ca88d0efbe9ef6,1106
results/research8h/seasonal_reference_continuation/month_07/model_metadata.json,1ed9a6ccd911bd7962322c33a6aed62c040ea8ca7c8b9ef41e621cfd3a5460a2,3016
results/research8h/seasonal_reference_continuation/month_07/native_inputs.npz,fbe7b7d3f2bf4bcac29c996b5acb26f6bb133ff9ad42ff8cb6c497a66bc629ec,27816
results/research8h/seasonal_reference_continuation/month_07/native_no_cap_check.json,414476c63d27536eb9c2130c1fc6d2d53cdeeda705425ac030506658975fb595,1505
results/research8h/seasonal_reference_continuation/month_07/objective.npz,4a11881191004d9f39ed53d3cd18a5861829593b48c4e97d67e2af2d01b17632,864
results/research8h/seasonal_reference_continuation/month_07/original_integrality.npz,7fae01f9639be86f0b91683b2d2a72f166c06593fb646001bc0417e97aaa712d,282
results/research8h/seasonal_reference_continuation/month_07/original_model_metadata.json,1920bfe421412b2ce64be9f02dddaee933e5ae1394532a56b37dc78adcbb06af,2902
results/research8h/seasonal_reference_continuation/month_07/original_result.json,e61a16a5ef750477d8e72f10cdcdb3183b2540b65c7bed3f404fc24f846ddd34,847
results/research8h/seasonal_reference_continuation/month_07/projection_audit.json,e9648ffe394153363cc189379abca6edf6e2c18e40dcf9206ad9347283524473,292
results/research8h/seasonal_reference_continuation/month_07/raw_vector.npz,1c14357d46fe30928e411572f7d23d30fe3f15b8649db28a51214f82d4a89eb5,42594
results/research8h/seasonal_reference_continuation/month_07/recovered_vector.npz,1c14357d46fe30928e411572f7d23d30fe3f15b8649db28a51214f82d4a89eb5,42594
results/research8h/seasonal_reference_continuation/month_07/result.json,82e4bc10c1132a6b2d17a396ad8494274ef56a4de368ecb136564d3706bb6554,1912
results/research8h/seasonal_reference_continuation/month_07/row_metadata.csv.gz,08384d3bf73b9b2a38ebec5505bab3ecec5386519c78a204e6b0421c1632c423,146951
results/research8h/seasonal_reference_continuation/month_07/shutdown.csv,f96c8e70dfd36e73ca8b595ebf9c5b8918def0f92db7c8786b01087c10e81a07,16548
results/research8h/seasonal_reference_continuation/month_07/solver.log,8c34cc5335feb44da191a120b939f77f99694806e841340c6265e343b024b257,3634
results/research8h/seasonal_reference_continuation/month_07/source_hours.csv,9157af01d675937c8d6abb89335d932bba301d68fdc8cade5d9f92fb0dae3273,4383
results/research8h/seasonal_reference_continuation/month_07/source_reconstruction_audit.json,cf0caa4a00e2f09380648a35cce88e8dda7d4b9e833ef82aa439bcd53f06727e,480
results/research8h/seasonal_reference_continuation/month_07/startup.csv,513fd914c99d9c0843c8e7ea51a05fed174e2e7dc175b83f96e69da406f383cf,16548
results/research8h/seasonal_reference_continuation/month_10/angles.csv,6b9cefcecb81b48faa2b314481a44d2b25c49aafed4343273738b3b2671d9214,79978
results/research8h/seasonal_reference_continuation/month_10/bounds.npz,c088b6e549a0bc282cec2d957fbd13093fd8cff8edd4bf698812395e9fc42ca6,52784
results/research8h/seasonal_reference_continuation/month_10/commitment.csv,064309a9d1379ab09b4cc0265906064d27e1c853c70dadc4c32eb4c8293948b0,16674
results/research8h/seasonal_reference_continuation/month_10/dispatch.csv,0a4839777d4215580d3e444887b374afea7b4eccd462c27cf4778a03fb6619c8,56970
results/research8h/seasonal_reference_continuation/month_10/exact_point_check.json,0652bea43335439b53d0df0c547dc7aac0de6de2f4d9fe880a8048bd91b02cc4,852
results/research8h/seasonal_reference_continuation/month_10/integrality.npz,3dce3436c853f1dcf296fce09408a6a3d1049e6c2a89568469af8a1c4ae6d73b,282
results/research8h/seasonal_reference_continuation/month_10/matrix.npz,43eadfdf239a339757187fa4d52e786d1be7277bb93009d5ded1973523bf1386,193396
results/research8h/seasonal_reference_continuation/month_10/model_binding.json,752f3cc4194b4f04dac2230e3a6f7aed350b16a6c087674f5b8a5545256a7123,1106
results/research8h/seasonal_reference_continuation/month_10/model_metadata.json,d6a88a62986a9dc3466aef32ed95378634d2f97b99aec460bc1cb9b0395e2104,3017
results/research8h/seasonal_reference_continuation/month_10/native_inputs.npz,16d4fe879e11d804cf25d28fe25556f43c3d3856795c66e01e2062eb51e015e2,26980
results/research8h/seasonal_reference_continuation/month_10/native_no_cap_check.json,d302f1ad5e313e998f9f1edd8eb852296058ea33018994b1458b9d123ed0628d,1508
results/research8h/seasonal_reference_continuation/month_10/objective.npz,4a11881191004d9f39ed53d3cd18a5861829593b48c4e97d67e2af2d01b17632,864
results/research8h/seasonal_reference_continuation/month_10/original_integrality.npz,7fae01f9639be86f0b91683b2d2a72f166c06593fb646001bc0417e97aaa712d,282
results/research8h/seasonal_reference_continuation/month_10/original_model_metadata.json,1920bfe421412b2ce64be9f02dddaee933e5ae1394532a56b37dc78adcbb06af,2902
results/research8h/seasonal_reference_continuation/month_10/original_result.json,b27cb68d0638ac63c66b81cbcc43f5c16ba745661864702fdfc1937c3b4badb7,849
results/research8h/seasonal_reference_continuation/month_10/projection_audit.json,e9648ffe394153363cc189379abca6edf6e2c18e40dcf9206ad9347283524473,292
results/research8h/seasonal_reference_continuation/month_10/raw_vector.npz,4719a7bf0b74e59f8d2b91fb573fc95a588602810d6634f2d1f639a9925701fd,44761
results/research8h/seasonal_reference_continuation/month_10/recovered_vector.npz,4de2dca8c652b56170749bbc15e8a17322aec8678295a43c3545ebd985eec4e5,44510
results/research8h/seasonal_reference_continuation/month_10/result.json,49f6e720a0e8aef25d1d518aa941c9e5585de8b43ec7dcdfe06c574c74116829,1916
results/research8h/seasonal_reference_continuation/month_10/row_metadata.csv.gz,9828d75e35f0f057196d9b2df52a75c2eb8f1493347c6c7f4725cfd625595099,146951
results/research8h/seasonal_reference_continuation/month_10/shutdown.csv,679f8f72d9fc906a7e4a14e451de23d3f853409b74891c9b62d13707d51d2509,16548
results/research8h/seasonal_reference_continuation/month_10/solver.log,67fb23ab8a94b7b2dd28f79952ae5f59a6363f4b127fb53bd8a93510427b4496,4447
results/research8h/seasonal_reference_continuation/month_10/source_hours.csv,f69ee75a080bf31a169a204bceabe1d40bb4f53c429963f2f83065ad5173b7b0,4383
results/research8h/seasonal_reference_continuation/month_10/source_reconstruction_audit.json,533be6db06da090ffe6256ab035de00a90d43c2c5d6190038fe49d9b6f411f88,481
results/research8h/seasonal_reference_continuation/month_10/startup.csv,fd08f52fa216ee4083d7d583f93541810c45c0a7a657c21b67c200239bf18c6f,16548
results/research8h/seasonal_reference_continuation/original_reference_manifest_check.json,c25c774547ece25d5f141ca38c8218d768f0b44943514849e476d34d1b974e6e,136
results/research8h/seasonal_reference_continuation/post_run_artifact_manifest.csv,a0c316f13ca4e632a128e66d0f8abbe4df2f916dca4c5a734634e2a4fd514934,8375
results/research8h/seasonal_reference_continuation/prepared_freeze.json,1d98d3f61fc54d5337ce4887bbf9035897dba2a43c924251aeec49381ebe3b88,880
results/research8h/seasonal_reference_continuation/ramp_redundancy.csv,c76f2b01b7365c882bf2694ab73d8be93827d59644abe3475a24b334b3e20fa6,795
results/research8h/seasonal_reference_continuation/summary.csv,b5068d19f2955d1d56e21364537eaf018eb99563c1e8ee7a24f846d46cb5dc0b,1229
results/research8h/seasonal_reference_continuation/summary.json,d056e61b6ef72d98ff3a996b90337668e185a5e911ae44277718ba732b66a168,6095
results/research8h/seasonal_reference_continuation/unit_inventory.csv,045f5fd5122ed12df4de839a63e0b83f8428ae1435cc880f1ec4a9da29f3f96c,2212
results/research8h/seasonal_rule_transfer/INDEPENDENT_REVIEW.md,f9575a30e10af0a24c2ab1e7f56f171f14fc4c1265580480b268f7c60ce3b954,3012
results/research8h/seasonal_rule_transfer/READOUT.md,e472e77994f512fc3d8c328112ca60b89b96ae213dca20a4b81a4fcbbfddfd6b,4561
results/research8h/seasonal_rule_transfer/all_models_frozen_before_first_solve.json,bfd82e4b91ff83ef2a90a08f91c483cd487e67e8e7be7cb369b84e991ed90884,289
results/research8h/seasonal_rule_transfer/completion.json,30f7b3d502bb070347f00e1475a7fe0a95c8f632864a2d316d04303b91478ff0,229
results/research8h/seasonal_rule_transfer/coverage.json,7270b2d365df0179dce7eccd1fd8672c30822aeb66600c7f4adbf7b6a4af45df,746
results/research8h/seasonal_rule_transfer/independent_review.json,2232ed6d301b3d197a6fc7ecefaa7c6d73901335ee9d52aa9ac03cdaf3d8a445,9420
results/research8h/seasonal_rule_transfer/input_manifest.csv,a0898f56326a489622d812f685b2f4d816646874ef8528baa4902c6dac42144c,12016
results/research8h/seasonal_rule_transfer/positive_inheritance_proof.json,e6a1724aab2e8f1677901f98d85bcba058139e8b2d5d9346e5db89e123c11b37,3907
results/research8h/seasonal_rule_transfer/post_run_readout.py,ce8cdb1e2bafeeb8225f5bde5f4541c4d42ff477ca0076ed029be12233120721,7149
results/research8h/seasonal_rule_transfer/preparation_freeze.json,39fd75ca82dd21d90c5f273a96db99811366453a152ce888ce1f529167622495,915
results/research8h/seasonal_rule_transfer/results.json,9c2d4f9937dd427bf8df9af6f15944331d59b8dc37eb3bda40414d810233ba47,14251
results/research8h/seasonal_rule_transfer/seed_26093100/locality48/bounds.npz,ed025aca69dcf2840c6913a7b8791091e8b833dfb310e41325b536b92416b6fe,52681
results/research8h/seasonal_rule_transfer/seed_26093100/locality48/continuous_solution.npz,f57a582bef6879ef806f2cc3f4466acbd3939f421f1626f9681ebde1994fb673,39286
results/research8h/seasonal_rule_transfer/seed_26093100/locality48/matrix.npz,b08efd464b4ae09a85495cfe73fe677e7e8b8d695987d28605ad6417c568aebc,164993
results/research8h/seasonal_rule_transfer/seed_26093100/locality48/objective.npz,ff6f13618b2729c30b5442fc639c7fea45c66a08d799091e3843ab17f7b16500,423
results/research8h/seasonal_rule_transfer/seed_26093100/locality48/result.json,cce40ef1d6b0ef9f57a0aefc7048f4d8f799cefba22ad5138c9f3d354ff4b749,1591
results/research8h/seasonal_rule_transfer/seed_26093100/locality48/retained_parent_rows.npz,71350f6ad65f8561ded8fb55ad4c4d430e044ecf442ea87632981a27eb6f6a20,43714
results/research8h/seasonal_rule_transfer/seed_26093100/locality48/row_metadata.csv.gz,d864f231da76462be33af55ddd6f7307a80f503d0c7b57052e46e98d340c5d76,202012
results/research8h/seasonal_rule_transfer/seed_26093100/locality48/solver.log,919bc7a0b712042ddc474ac632068c12a071e6a8f6c0cbd83a8631b656baaf4a,693
results/research8h/seasonal_rule_transfer/seed_26093100/locality48/subset_proof.json,2eaf9bf9aff1e586026516a28ebd13fe91f63fb8e3fe66678cb7ac4011450c93,811
results/research8h/seasonal_rule_transfer/seed_26093100/two_cc/bounds.npz,8bf0f7ed7cdcd627410e7b9da29982741d90b63dce4df570bfeca8a54cd7a4ec,51305
results/research8h/seasonal_rule_transfer/seed_26093100/two_cc/continuous_solution.npz,d4d8ea4ccd8d847ed296c92ee505f59e4da777e1f1147ebea99419225dc41e77,37845
results/research8h/seasonal_rule_transfer/seed_26093100/two_cc/matrix.npz,5b0366ab7faa2d876be6d098f78a76ecd5edc91b91d0a5d1f07c10566c52d6ca,117263
results/research8h/seasonal_rule_transfer/seed_26093100/two_cc/objective.npz,ff6f13618b2729c30b5442fc639c7fea45c66a08d799091e3843ab17f7b16500,423
results/research8h/seasonal_rule_transfer/seed_26093100/two_cc/result.json,17e450a9a3d77c94725fd7996e243ccb43cbe2b0d472d5b4ca3dbf0c2a6fc3e3,1588
results/research8h/seasonal_rule_transfer/seed_26093100/two_cc/retained_parent_rows.npz,5382256f6ef7508edb68376959a63d9e9ad14f1f7cd2fed49b0eb0e517952e40,30613
results/research8h/seasonal_rule_transfer/seed_26093100/two_cc/row_metadata.csv.gz,27dc796ab023309738ba512b0115af1947d763b3b552ee0e1cd1d95c0055f94f,142798
results/research8h/seasonal_rule_transfer/seed_26093100/two_cc/solver.log,45cffff27de7a8aae845e9fe36c957aba71c040661503e4c1ffe41e4152c27bf,693
results/research8h/seasonal_rule_transfer/seed_26093100/two_cc/subset_proof.json,591b3ad3c06917b67fb4096c4cf100377da45b1c7082cc24f34cb2dd34527d57,803
results/research8h/seasonal_rule_transfer/seed_26093101/locality48/bounds.npz,a03a998e4c3366a10a30a3ea72367a3f038d0a4b9e27224185211036ab3e0efc,52950
results/research8h/seasonal_rule_transfer/seed_26093101/locality48/dual_certificate.json,e9aa26ad7371ae06118783450ae0ce42335f2e52708c750d8a8e351e053a02c0,105532
results/research8h/seasonal_rule_transfer/seed_26093101/locality48/matrix.npz,b08efd464b4ae09a85495cfe73fe677e7e8b8d695987d28605ad6417c568aebc,164993
results/research8h/seasonal_rule_transfer/seed_26093101/locality48/objective.npz,ff6f13618b2729c30b5442fc639c7fea45c66a08d799091e3843ab17f7b16500,423
results/research8h/seasonal_rule_transfer/seed_26093101/locality48/raw_solver_ray.npz,4586beca372f43dc391c325f9ac9400403460672fd188a74ae1692441bc2d3a4,5402
results/research8h/seasonal_rule_transfer/seed_26093101/locality48/result.json,a5965ebbc0760d2a3b863285d40e1e4f228620e8ba63c18cbe72c90d2374caed,8655
results/research8h/seasonal_rule_transfer/seed_26093101/locality48/retained_parent_rows.npz,71350f6ad65f8561ded8fb55ad4c4d430e044ecf442ea87632981a27eb6f6a20,43714
results/research8h/seasonal_rule_transfer/seed_26093101/locality48/row_metadata.csv.gz,43e1de930614f7b4376e195c9651a5cd6d6868bcc0add288f619a4b4a227690a,202012
results/research8h/seasonal_rule_transfer/seed_26093101/locality48/solver.log,6c3540d1c9cc18d4dbfb9d788d5aded9e157a207bdfc4566c9df379c8fd9956d,730
results/research8h/seasonal_rule_transfer/seed_26093101/locality48/sparse_multipliers.csv,8691c9ce452977f586f9f0cc55b8eae765b50ee32b91886a4866ea4570e6913f,76737
results/research8h/seasonal_rule_transfer/seed_26093101/locality48/subset_proof.json,a0660680189c4a035568b056c4f566440eb6835c939cf0184790d7081d1d9d10,811
results/research8h/seasonal_rule_transfer/seed_26093101/two_cc/bounds.npz,e3c2ce6e72e32e0b15aa1e741ad540054558a948b8f11db0c2d11103c12e311f,51573
results/research8h/seasonal_rule_transfer/seed_26093101/two_cc/continuous_solution.npz,39cdd95fbd2aeddfab92fbbe3482123dc1c8c6d230c5ea23a81090b19f3f0b60,37806
results/research8h/seasonal_rule_transfer/seed_26093101/two_cc/matrix.npz,5b0366ab7faa2d876be6d098f78a76ecd5edc91b91d0a5d1f07c10566c52d6ca,117263
results/research8h/seasonal_rule_transfer/seed_26093101/two_cc/objective.npz,ff6f13618b2729c30b5442fc639c7fea45c66a08d799091e3843ab17f7b16500,423
results/research8h/seasonal_rule_transfer/seed_26093101/two_cc/result.json,3c8b30e1490bd59faeb502c91a26d91fb60a83aa48b7d19d03d8dd3e6d5469a3,1586
results/research8h/seasonal_rule_transfer/seed_26093101/two_cc/retained_parent_rows.npz,5382256f6ef7508edb68376959a63d9e9ad14f1f7cd2fed49b0eb0e517952e40,30613
results/research8h/seasonal_rule_transfer/seed_26093101/two_cc/row_metadata.csv.gz,c9e4147e8bde6e53bc7a25fa68f9bd1fd9c6090fec7e89ae240a52a5e69aabd8,142798
results/research8h/seasonal_rule_transfer/seed_26093101/two_cc/solver.log,672217361ef3c2a52e4f90607ad0eee935b1b7ede3d1c76dd87d70dc73b2b184,693
results/research8h/seasonal_rule_transfer/seed_26093101/two_cc/subset_proof.json,90bc08478f868f0938b8d281fea057160b371cf426b0f1c2dcffd7775b07c3f0,803
results/research8h/seasonal_rule_transfer/solve_started.json,a07d5ab93356487aca5836139b77587e505642515e4012e88d1b3fff1d82d068,95
results/research8h/seasonal_rule_transfer/summary.csv,5721fc8f03821474e9b2ee0587ed2217bc05554b7e0640b98551b5b846b2fa28,1855
results/research8h/seasonal_rule_transfer/support_metadata_annotation.json,9db34729d21eec7188fda9aa187ed18e49dd635e6f557aa02ef12c1b632e78b5,6051
results/research8h/seasonal_transfer/READOUT.md,b09782731c4aa02f88e9301168b83341abe420966e6b0d6927dd6832b032b940,5683
results/research8h/seasonal_transfer/archived_certificate_replay.json,0c598b60e47e4598029a2142f8600ceed4c4a4ecbe96911c4dfe9c2ab5a365dc,5489
results/research8h/seasonal_transfer/completion.json,d56b74fd5778027309a6915340434136d016b236584aed979c57ed3471a05208,398
results/research8h/seasonal_transfer/final_manifest_check.json,361facd97ee2ea105fd1180742a4d9ed417793a03661daaead007494f5ab768c,150
results/research8h/seasonal_transfer/freeze_before_generation.json,20566d557da26255f5752d04145224ff36d787705227c48218ec0ec2dcf9a524,909
results/research8h/seasonal_transfer/independent_review.json,7204f041a321df07205e3bc2ed3550fa94bd2f7e213f0fcc9464aa5403d82631,24206
results/research8h/seasonal_transfer/input_manifest.csv,9362c181d3aad078f9ff21fc35b3043ca923b70d8484e72565a4b39d7967eb87,27371
results/research8h/seasonal_transfer/january_cap.json,2261c9722d3007eb5f06326181699b13151dddf2cd0446a9c58e538d107ab88e,2088
results/research8h/seasonal_transfer/january_identity/bounds.npz,44ddedc6dd4b06028b9c7d10180cac4889dd51658a560d49f66ef8f3e31ab2d2,52283
results/research8h/seasonal_transfer/january_identity/constructive_angles.csv,31969d7a5d9755d8637c03fa8d19f54630544f78b4557a7d6fe3c5955dd7bbb7,79594
results/research8h/seasonal_transfer/january_identity/constructive_commitment.csv,de801c9c178b10a3e613dbfe5627a92431224ddbd1e492bb3ecccc82e043d9bb,16592
results/research8h/seasonal_transfer/january_identity/constructive_dispatch.csv,e9bfb5955f3341ad1a8833e838b90ca3369d936276ef389342842f1c62b51d0f,55813
results/research8h/seasonal_transfer/january_identity/constructive_shutdown.csv,db999838eaacc07084c640ef4c978aeacdde422da42fa594b431c85534243add,16548
results/research8h/seasonal_transfer/january_identity/constructive_startup.csv,a9c53537e2d08345dd8e955b72a7105dc9d6cacb1a8785fb42715665362a3340,16548
results/research8h/seasonal_transfer/january_identity/constructive_vector.npz,7c534f8691c761815224ac43773259da5a8e1d3eb2aa892dcb64dc46541672db,41271
results/research8h/seasonal_transfer/january_identity/integrality.npz,7fae01f9639be86f0b91683b2d2a72f166c06593fb646001bc0417e97aaa712d,282
results/research8h/seasonal_transfer/january_identity/matrix.npz,2f11940f72432a2a2e89e4a88115eba3cf24a8e82a8110e250c6191020c1f0bb,199281
results/research8h/seasonal_transfer/january_identity/model_metadata.json,1d8281f53cc1c08f73d1fdc8d66a7825d2f34377ba933c13d0e5e0be8b223fa4,2474
results/research8h/seasonal_transfer/january_identity/native_inputs.npz,5f917f58e4fd50ae1e0d9198fd84e81f57adb1f24b530d1ed5bb71d99714a960,26497
results/research8h/seasonal_transfer/january_identity/objective.npz,ff6f13618b2729c30b5442fc639c7fea45c66a08d799091e3843ab17f7b16500,423
results/research8h/seasonal_transfer/january_identity/raw_reference_check.json,6ce385955a74bd07a4623e9cac2913076b19b4efab4cd7bbb60c04d66aeeebb1,2109
results/research8h/seasonal_transfer/january_identity/rounded_reference_check.json,ae4d118479cd08fbf0763807be9724c996fc0f4d17fc977ed1807e31134807d8,2066
results/research8h/seasonal_transfer/january_identity/row_metadata.csv.gz,701beb5ad11c4e278be8183aec69f58eac61b6e4be53e997e9d500be77c457fe,147013
results/research8h/seasonal_transfer/july_implementation_identity/bounds.npz,1fddc10e9f733359fdaec639682715a12a477488423fc12b7b214c3f3c8072a3,54449
results/research8h/seasonal_transfer/july_implementation_identity/check.json,529c700f30937bd55ff3774206ff2ba7e75047ba59c7f1d2369bbb46f575389b,2490
results/research8h/seasonal_transfer/july_implementation_identity/integrality.npz,7fae01f9639be86f0b91683b2d2a72f166c06593fb646001bc0417e97aaa712d,282
results/research8h/seasonal_transfer/july_implementation_identity/matrix.npz,2f11940f72432a2a2e89e4a88115eba3cf24a8e82a8110e250c6191020c1f0bb,199281
results/research8h/seasonal_transfer/july_implementation_identity/model_metadata.json,e486c7efa0bc9356741be93238d43c79fb5cc4b4cb12522bd309cedbdca8b7fb,2475
results/research8h/seasonal_transfer/july_implementation_identity/native_inputs.npz,ca1715ca9d8a732913e42835661ae84e1443bfa88ddced261b2039f66369ecc7,28305
results/research8h/seasonal_transfer/july_implementation_identity/objective.npz,ff6f13618b2729c30b5442fc639c7fea45c66a08d799091e3843ab17f7b16500,423
results/research8h/seasonal_transfer/july_implementation_identity/row_metadata.csv.gz,1f5e5be93e58d4825b010402bf43ba5c77dcad1735bd0dc9da9630dfa9930c7e,147013
results/research8h/seasonal_transfer/models_frozen_before_first_solve.json,906f7b2bee136844c9c8780365c841cab09409c11dd6408de927c71cdc9e3466,355
results/research8h/seasonal_transfer/ordinary_outcomes.json,9c4fcc994ebb296ead31c2468be8f71cc7016d86156062e5e6dfdeedf4bcd341,550
results/research8h/seasonal_transfer/ramp_redundancy_check.json,e27f5f27a087becebb381ce471822399e3f75c041b9f18ddff30cdb9648dc65c,59
results/research8h/seasonal_transfer/reference_manifest_check.json,17f52b85e6588eb331b793ed32ac66fb838e8e606c46144d6762b7261ce30b10,149
results/research8h/seasonal_transfer/scheduled_cases.json,7a39eb6c375a70f694d1bffe76c28105311f6a6e07ddd047ccaf2595c1012b04,1025
results/research8h/seasonal_transfer/seed_26093100/bounds.npz,3e6709c70daa02750b99056cb67bb7b7e4b4358570d978df471c9d473dbe4601,52826
results/research8h/seasonal_transfer/seed_26093100/constructive_angles.csv,8b2e64316f414baa5860b1604a063bd5f3b4f61a7cbe4fd2f10f9836e55d0df6,79594
results/research8h/seasonal_transfer/seed_26093100/constructive_check.json,9955fd51a76fe5e7e7b09a20857605bbf5939a58720a202a9b68c2ba8de9914c,23140
results/research8h/seasonal_transfer/seed_26093100/constructive_commitment.csv,b36574a71a5410beb5cebad94f4ae3c24cf6a1c88cd68aaa6861e57f8452c96a,16592
results/research8h/seasonal_transfer/seed_26093100/constructive_dispatch.csv,bd3b31ff5964b707e5f739d295fc75912276ab19569354bbf763f780f58dd569,55813
results/research8h/seasonal_transfer/seed_26093100/constructive_shutdown.csv,7cad5597dfdfce37da8b070413b69a00f0e87b3c141c17649cf8b15c1aeb1d59,16548
results/research8h/seasonal_transfer/seed_26093100/constructive_startup.csv,2446ab6a7ddffda1cf678b2f04388a2d5ffc9559e40e01867551480abdfdb7d2,16548
results/research8h/seasonal_transfer/seed_26093100/constructive_vector.npz,c8149b9c95fca6d6f26b4f932117309799cd072e404d8565abf7cd1b7666db19,41570
results/research8h/seasonal_transfer/seed_26093100/integrality.npz,7fae01f9639be86f0b91683b2d2a72f166c06593fb646001bc0417e97aaa712d,282
results/research8h/seasonal_transfer/seed_26093100/lp/bounds.npz,3e6709c70daa02750b99056cb67bb7b7e4b4358570d978df471c9d473dbe4601,52826
results/research8h/seasonal_transfer/seed_26093100/lp/dual_certificate.json,7a5a5b3489233df4fbb7b6a56889f76e8d71b5cf72ca9ba1db09909feba3d063,140466
results/research8h/seasonal_transfer/seed_26093100/lp/integrality.npz,7fae01f9639be86f0b91683b2d2a72f166c06593fb646001bc0417e97aaa712d,282
results/research8h/seasonal_transfer/seed_26093100/lp/matrix.npz,2f11940f72432a2a2e89e4a88115eba3cf24a8e82a8110e250c6191020c1f0bb,199281
results/research8h/seasonal_transfer/seed_26093100/lp/raw_solver_ray.npz,271d8568655737f88c4aad295bcf1fd7a5852097ccf85d47b01c96d15220a017,7072
results/research8h/seasonal_transfer/seed_26093100/lp/result.json,a3988c4e3cd97451c20d622e993534d3c9f8c9d38c5a677838e88ea3612d37b8,4913
results/research8h/seasonal_transfer/seed_26093100/lp/returned_vector.npz,554aef91b9611eb9af572b8b25bbbc2eb97ffdf19be7459afae5f5c86013b7da,39927
results/research8h/seasonal_transfer/seed_26093100/lp/row_metadata.csv.gz,57e1f84d646676a2965239ff21bce487c7fec161087059713b411655807e8277,147013
results/research8h/seasonal_transfer/seed_26093100/lp/solver.log,aed42ca1704225795997ee8100fe544a8d3b302312748062429048634c5bf230,732
results/research8h/seasonal_transfer/seed_26093100/lp/sparse_multipliers.csv,579ae697ae4a9fcf0fd93f3ea538a63265d99de3143189aadf5c3d3e32c872c4,89963
results/research8h/seasonal_transfer/seed_26093100/lp/support_clarification.json,a549135afb0b5f29cc7f9f3c55409292a8c2992afc4096231bf635f737ccf33f,1346
results/research8h/seasonal_transfer/seed_26093100/matrix.npz,2f11940f72432a2a2e89e4a88115eba3cf24a8e82a8110e250c6191020c1f0bb,199281
results/research8h/seasonal_transfer/seed_26093100/mip/bounds.npz,3e6709c70daa02750b99056cb67bb7b7e4b4358570d978df471c9d473dbe4601,52826
results/research8h/seasonal_transfer/seed_26093100/mip/integrality.npz,7fae01f9639be86f0b91683b2d2a72f166c06593fb646001bc0417e97aaa712d,282
results/research8h/seasonal_transfer/seed_26093100/mip/matrix.npz,2f11940f72432a2a2e89e4a88115eba3cf24a8e82a8110e250c6191020c1f0bb,199281
results/research8h/seasonal_transfer/seed_26093100/mip/row_metadata.csv.gz,7bceff96fb983f4c2d7d10cb9dde50404a35289bfcc6e01b4186f819d491b233,147013
results/research8h/seasonal_transfer/seed_26093100/model_metadata.json,1d8281f53cc1c08f73d1fdc8d66a7825d2f34377ba933c13d0e5e0be8b223fa4,2474
results/research8h/seasonal_transfer/seed_26093100/native_inputs.npz,985674007c604f18e7f58fc6a1151950cbe32de5be5acd631d8cacd341067b70,26612
results/research8h/seasonal_transfer/seed_26093100/objective.npz,ff6f13618b2729c30b5442fc639c7fea45c66a08d799091e3843ab17f7b16500,423
results/research8h/seasonal_transfer/seed_26093100/permutation.csv,3f45c42fd820ab0521479c4455b61b711957d6bc877900a6a2bc98efae9b52a4,1908
results/research8h/seasonal_transfer/seed_26093100/preservation.json,7ff5427cd1960e258c119577ea173ffe23d2308099a8232b73a2ade6c3a6da7e,281
results/research8h/seasonal_transfer/seed_26093100/row_metadata.csv.gz,eec854219b5eaa56be70e1f8cd24770b545c3bd8e055ba3bbcdcfd05849945e9,147013
results/research8h/seasonal_transfer/seed_26093101/bounds.npz,3f4c56b7b96cddb7195de8a66a1606df507bd00cc86e9ea47a3a514ce685ab82,53105
results/research8h/seasonal_transfer/seed_26093101/constructive_angles.csv,215552f0a9dabe10a9a6c31451b71734e6c318088fc904004d4ba21b711999be,79594
results/research8h/seasonal_transfer/seed_26093101/constructive_check.json,01c898c7a57b11c6ab4b2f29c0e87313180f0932c5cf1401e1827961fcf9ac55,23768
results/research8h/seasonal_transfer/seed_26093101/constructive_commitment.csv,36a18df8b299583cbc598a81a54b79bcded06faded5c08b235b0ce3d1a22f64d,16592
results/research8h/seasonal_transfer/seed_26093101/constructive_dispatch.csv,2fbfcc609a09286d2af5f1b79ee51b0730391c438442449e277a108c83fe1811,55813
results/research8h/seasonal_transfer/seed_26093101/constructive_shutdown.csv,3715b242874bf0ef32d9ce1f8d975912d764a564ace88ff733419464999a400a,16548
results/research8h/seasonal_transfer/seed_26093101/constructive_startup.csv,9df93dfa5645202c285eb9282938a199fe20d7f50388fd6001f66e4586ced67f,16548
results/research8h/seasonal_transfer/seed_26093101/constructive_vector.npz,9b84c98f721296c909468527476e84b6ca454af62b664c54a11e5889957c82d6,41617
results/research8h/seasonal_transfer/seed_26093101/integrality.npz,7fae01f9639be86f0b91683b2d2a72f166c06593fb646001bc0417e97aaa712d,282
results/research8h/seasonal_transfer/seed_26093101/lp/bounds.npz,3f4c56b7b96cddb7195de8a66a1606df507bd00cc86e9ea47a3a514ce685ab82,53105
results/research8h/seasonal_transfer/seed_26093101/lp/dual_certificate.json,041ec0c98bab38c60e8f466082381791a1ce4560e101ccc8e9bc04123d1cb000,103533
results/research8h/seasonal_transfer/seed_26093101/lp/integrality.npz,7fae01f9639be86f0b91683b2d2a72f166c06593fb646001bc0417e97aaa712d,282
results/research8h/seasonal_transfer/seed_26093101/lp/matrix.npz,2f11940f72432a2a2e89e4a88115eba3cf24a8e82a8110e250c6191020c1f0bb,199281
results/research8h/seasonal_transfer/seed_26093101/lp/raw_solver_ray.npz,1ab1a10921068c14464c3f1fd71f28d1b5a6cccc4eef28015b18f824922caf59,4943
results/research8h/seasonal_transfer/seed_26093101/lp/result.json,305e99a6820d0995a30b50dcaf28ff08659a0348ce013bdbea5fe7b2d3344266,4762
results/research8h/seasonal_transfer/seed_26093101/lp/returned_vector.npz,798577a5ab7fa9d46831ea042e15ee51d333abb0112c4dfd7dd61b2b5ec80909,39118
results/research8h/seasonal_transfer/seed_26093101/lp/row_metadata.csv.gz,16f6ec599febbd8ff7add80557a36c82934732799209054e1d8e0860059aa0d8,147013
results/research8h/seasonal_transfer/seed_26093101/lp/solver.log,8a1c7b67d6f030478ee5032e7d5aa60ee04ef62547b6fd7910483db268519d7d,731
results/research8h/seasonal_transfer/seed_26093101/lp/sparse_multipliers.csv,0c4badd3b30d6057073179cadebf7f0119ad7677e1b6e25a322a4f06850c5472,65330
results/research8h/seasonal_transfer/seed_26093101/lp/support_clarification.json,dcb6a79c175504b9878e3ce721c1f3523772d149ae357a9a699e38659c0ab288,1326
results/research8h/seasonal_transfer/seed_26093101/matrix.npz,2f11940f72432a2a2e89e4a88115eba3cf24a8e82a8110e250c6191020c1f0bb,199281
results/research8h/seasonal_transfer/seed_26093101/mip/bounds.npz,3f4c56b7b96cddb7195de8a66a1606df507bd00cc86e9ea47a3a514ce685ab82,53105
results/research8h/seasonal_transfer/seed_26093101/mip/integrality.npz,7fae01f9639be86f0b91683b2d2a72f166c06593fb646001bc0417e97aaa712d,282
results/research8h/seasonal_transfer/seed_26093101/mip/matrix.npz,2f11940f72432a2a2e89e4a88115eba3cf24a8e82a8110e250c6191020c1f0bb,199281
results/research8h/seasonal_transfer/seed_26093101/mip/row_metadata.csv.gz,0a6c11e50dcad400e2066cb6fa0141ed39621c8d11dad08a63cb96bfd28a5d86,147013
results/research8h/seasonal_transfer/seed_26093101/model_metadata.json,1d8281f53cc1c08f73d1fdc8d66a7825d2f34377ba933c13d0e5e0be8b223fa4,2474
results/research8h/seasonal_transfer/seed_26093101/native_inputs.npz,0714685f35f07c78279ee7879e9b7278cc79e9177b8680df54fac6ef18f1fc1b,26594
results/research8h/seasonal_transfer/seed_26093101/objective.npz,ff6f13618b2729c30b5442fc639c7fea45c66a08d799091e3843ab17f7b16500,423
results/research8h/seasonal_transfer/seed_26093101/permutation.csv,ea2e25d769c332047b540a14746daa5b20f60b774ac98f1fbb7062c3e4ba9afa,1908
results/research8h/seasonal_transfer/seed_26093101/preservation.json,4dbaeeb6fa4d06d58f3ce8669a00d00e833529b9f2771f35308738279081008f,281
results/research8h/seasonal_transfer/seed_26093101/row_metadata.csv.gz,dd00e59cfe37d9b80ae09b085c6a9236f83556d4803b11b16123ebb8eaaf1f0f,147013
results/research8h/seasonal_transfer/seed_26100100/bounds.npz,67172084585fe23ed9e3a5677d5a90ad90bb5f213546b132a8c1fecfff417d30,52299
results/research8h/seasonal_transfer/seed_26100100/constructive_angles.csv,b887fe1931bdcd5b7ae6a9c53444c78abccb184d60c00bb038d626c70c788ac5,79594
results/research8h/seasonal_transfer/seed_26100100/constructive_check.json,ae4d118479cd08fbf0763807be9724c996fc0f4d17fc977ed1807e31134807d8,2066
results/research8h/seasonal_transfer/seed_26100100/constructive_commitment.csv,0c4d48bf26941d2a2ec5d00892bacb564a2073b9456a478d1aeb287efc8ee601,16592
results/research8h/seasonal_transfer/seed_26100100/constructive_dispatch.csv,c376862483a0635f967083c264ed4f1ad0cbf0635d6980bcdd43904c45782ab0,55813
results/research8h/seasonal_transfer/seed_26100100/constructive_shutdown.csv,db999838eaacc07084c640ef4c978aeacdde422da42fa594b431c85534243add,16548
results/research8h/seasonal_transfer/seed_26100100/constructive_startup.csv,a9c53537e2d08345dd8e955b72a7105dc9d6cacb1a8785fb42715665362a3340,16548
results/research8h/seasonal_transfer/seed_26100100/constructive_vector.npz,3c87e8d63674ac51e09b7a67e9d954c5957ebdda2cb3ee7b21b3e9f352d4d978,41291
results/research8h/seasonal_transfer/seed_26100100/integrality.npz,7fae01f9639be86f0b91683b2d2a72f166c06593fb646001bc0417e97aaa712d,282
results/research8h/seasonal_transfer/seed_26100100/matrix.npz,2f11940f72432a2a2e89e4a88115eba3cf24a8e82a8110e250c6191020c1f0bb,199281
results/research8h/seasonal_transfer/seed_26100100/model_metadata.json,1d8281f53cc1c08f73d1fdc8d66a7825d2f34377ba933c13d0e5e0be8b223fa4,2474
results/research8h/seasonal_transfer/seed_26100100/native_inputs.npz,308089f97e53b06c8ac5db6666a962eb35836400de67edd8eadd3419d1e607f2,26533
results/research8h/seasonal_transfer/seed_26100100/objective.npz,ff6f13618b2729c30b5442fc639c7fea45c66a08d799091e3843ab17f7b16500,423
results/research8h/seasonal_transfer/seed_26100100/permutation.csv,ec6b79359c217f25e96191d2e695153bc6416cb8046ce080ea8f338c43a9f961,1908
results/research8h/seasonal_transfer/seed_26100100/preservation.json,f41feb24b619e0a6f722e5c531f3014af0a6bad6f6a5b8e62e4b6002c4a2b8ee,288
results/research8h/seasonal_transfer/seed_26100100/row_metadata.csv.gz,37692f4eecb8afc7625f1e5076c4c640b71058729cc829cdb9cbffe788fcf61f,147013
results/research8h/service_cap/identity/bounds.npz,f2f3488e66eb438b2485315742738f6fc987fee0b507b1a211ad90ab58c6aaba,9936
results/research8h/service_cap/identity/continuous_solution.npz,b411c8e8f1d068fcb36a40efd422e182483745b5f1cb7e196833d4912aa19dd5,14329
results/research8h/service_cap/identity/matrix.npz,9828e246c515939605cd053d16db50a0c0847a17e79eee4ec5e364ab04f243e3,137842
results/research8h/service_cap/identity/model_metadata.json,21f7a2eacca5509524ad2568d98dd775fafe3468ce9b75b80dea5a28fdbc664b,2041
results/research8h/service_cap/identity/result.json,6b4dc5961c3b4eba26747f2d669d74d25f3afd82d53e1903f351474e39a8ea59,757
results/research8h/service_cap/identity/row_metadata.csv.gz,816684b29620e8b28a6565b3bba3e7441df55fdd55466cc31a66b1bd00113c8c,90401
results/research8h/service_cap/identity/solver.log,02fe91612891051ad8c57de0b02b471ba0ede9be7ff8428f4d2037da0041cdcb,689
results/research8h/service_cap/identity_witness_check.json,34f1fa2c7d4368053143f3a2be3cecca6c9825bbc7ac103a8ba84df784b394d6,203
results/research8h/service_cap/independent_review.json,7766bedbfc9e9bc9f8aa7bd28c06b3be6180f855d83fd539ff0bb6a28b47ca44,6368
results/research8h/service_cap/pre_run_freeze.json,5e77b731b3637ac3f12f8c1b50efd6bc921fd8f59f06049e634719882f78fc19,5144
results/research8h/service_cap/seed_26092600/bounds.npz,634f68afcda2eb9a973d0f4cefe109cb83163f97fa7e88fc5cd4a348ba95bfc7,9993
results/research8h/service_cap/seed_26092600/continuous_solution.npz,fbff042b16b4489a1fb7dc752b28c15ee828c28f97025b7cae7ee325e58d53af,14337
results/research8h/service_cap/seed_26092600/matrix.npz,9828e246c515939605cd053d16db50a0c0847a17e79eee4ec5e364ab04f243e3,137842
results/research8h/service_cap/seed_26092600/model_metadata.json,21f7a2eacca5509524ad2568d98dd775fafe3468ce9b75b80dea5a28fdbc664b,2041
results/research8h/service_cap/seed_26092600/result.json,b3338a083ba5c3fdf0aab09fca2137acdc9b5da0d303d74614471e8e306749e2,764
results/research8h/service_cap/seed_26092600/row_metadata.csv.gz,2a157578b095505b2077b69bb47a2eaa4f023b1010128561480f66bf385a7a0e,90401
results/research8h/service_cap/seed_26092600/solver.log,13449692d1bf5a9f26185315e4712ade2ac72c68172551df4752b8f9a0f7e131,763
results/research8h/service_cap/seed_26092601/bounds.npz,98a7f8db0585522c5e5bbee50dc097512fd0d866e2a36cd8311d081bf342d8b4,10019
results/research8h/service_cap/seed_26092601/continuous_solution.npz,5cdce03d0a112e643621d29ae6373dc9cff0469a280716cc998eccb3e769d3bf,14419
results/research8h/service_cap/seed_26092601/matrix.npz,9828e246c515939605cd053d16db50a0c0847a17e79eee4ec5e364ab04f243e3,137842
results/research8h/service_cap/seed_26092601/model_metadata.json,21f7a2eacca5509524ad2568d98dd775fafe3468ce9b75b80dea5a28fdbc664b,2041
results/research8h/service_cap/seed_26092601/result.json,90064a07c162a09b169c772d69fd5e78c6884693d0e2d55e683a413fc3467e30,764
results/research8h/service_cap/seed_26092601/row_metadata.csv.gz,92d5dde9fb35ff19e69aec75ba6e0096ce7725efd59c2212d2a76b65519108ac,90401
results/research8h/service_cap/seed_26092601/solver.log,6adcc54c7798c0c2f3e5c9704d7043bd998641c07cc5175d22c24332997c963a,689
results/research8h/service_cap/seed_26092602/bounds.npz,e496d4e23772139d33e1c81d2e590683279efe7678f226432dd58ba97ace16cc,9983
results/research8h/service_cap/seed_26092602/continuous_solution.npz,46a838997575bc65711c832b2fc2de03b9e1f5044a0e6f771a387f330686e123,14403
results/research8h/service_cap/seed_26092602/matrix.npz,9828e246c515939605cd053d16db50a0c0847a17e79eee4ec5e364ab04f243e3,137842
results/research8h/service_cap/seed_26092602/model_metadata.json,21f7a2eacca5509524ad2568d98dd775fafe3468ce9b75b80dea5a28fdbc664b,2041
results/research8h/service_cap/seed_26092602/result.json,3234fe316276fabf5d6b86a75f1f8b07a7ea9c1697dada7ab6dbab3e03ff7d75,764
results/research8h/service_cap/seed_26092602/row_metadata.csv.gz,54d22bb830acf7122c8aaeddb67f700d15fb8d80cbe3ad927cd5e0b2d3318558,90401
results/research8h/service_cap/seed_26092602/solver.log,606e9040465314e0004429b6d01b3ec07c83bf6b314359c3cb8b41617449bacb,689
results/research8h/service_cap/seed_26092603/bounds.npz,73024724df2263f485580b84cec59786974e2f70955d41e316c937e8e040abfa,10025
results/research8h/service_cap/seed_26092603/continuous_solution.npz,05d15bdc04a6929806d691444c60d61157a6e3b4782a86c57ad6bb41b962578b,13725
results/research8h/service_cap/seed_26092603/matrix.npz,9828e246c515939605cd053d16db50a0c0847a17e79eee4ec5e364ab04f243e3,137842
results/research8h/service_cap/seed_26092603/model_metadata.json,21f7a2eacca5509524ad2568d98dd775fafe3468ce9b75b80dea5a28fdbc664b,2041
results/research8h/service_cap/seed_26092603/result.json,d5ddf204b0e2bc0a21c955a7ba1dc814412c10ff83144db3633e5d6630564358,765
results/research8h/service_cap/seed_26092603/row_metadata.csv.gz,79bad61aa687cbc8ec9ec3a744a79e43b31e6cc5de35c37962634cfa12707445,90401
results/research8h/service_cap/seed_26092603/solver.log,b989c186497c28a85b5e048888cdf3f2a4aaa8129e5acaba3117a936b32efe00,689
results/research8h/service_cap/summary.csv,a1f0141af8e68d546eb68edfb52b8c2cce466f1d188178bd95b6bd38f530fc20,1280
results/research8h/service_cap/summary.json,8f3e906cd1dc59aa6052882103bea5562628048e76d43a9b87fb6317a45464ed,4054
results/research8h/service_network/READOUT.md,d97b5d91e30f354c00cf4e3c0aa5ef65a96fd33ba2966ea533f2a1b24aeb0c64,2448
results/research8h/service_network/all_on_aggregate_diagnostic.json,ce13577c05aaf940b30181e397e170ef994a9676f0e2e5093bd34d425a93e31d,267
results/research8h/service_network/bounds.npz,5d8a5509b783c3c9bc7b3fc73ffbeea0d05261c0020ac9aa4f5ab5168d9d371c,49315
results/research8h/service_network/final_input_hash_check.json,143ca20760f2863a92d0c205e110649bbf5fdeb5a4d60eeb97c2f4bc7a17b013,5070
results/research8h/service_network/input_manifest.csv,f0ac0a70912610facf2e6c912b54bb134330683f4b8a37ee1930b88a0b5112f8,4765
results/research8h/service_network/matrix.npz,f4cf4399a73d25ecbe38852b20e75b0f783e2b4087e2b77c5583daf26864f3db,67409
results/research8h/service_network/model_metadata.json,481d4a03767712a45de0eec9e8391dc533e300e4570343d650d49590dab091a2,44413
results/research8h/service_network/objective.npz,d64dbd77839866765c856eb422d758fcf3fc21d945180758f1714f47c21fe3ff,328
results/research8h/service_network/pre_run_freeze.json,031cccbc626af75fc157648c4f9aceabe4136777eb88ef3bfe87a7727ee6ea2f,685
results/research8h/service_network/ramp_redundancy.csv,643af89ecba6c72fc4c9c470536be4b8b3bdaeaa63a8e4eb0946c55b7c8cac3b,797
results/research8h/service_network/reference_network_grounding.json,cec820fb7bb8da1d39bfbf02666dd01c55dc64f93fa1921a1f46e68c61cf9cfe,370
results/research8h/service_network/result.json,074971fbcf64e548ff8f7307bc4921006a4b589bf27ac28cfb6e3e2839a1897d,741
results/research8h/service_network/returned_vector.npz,df2c345f6a4c2847be61668374b9e1c6f9a271cd0f8e8a6f20e270df6f96d4ba,33242
results/research8h/service_network/row_metadata.csv.gz,a1d4802c80122233b849db34203e6c84474d0ef6c504fce4bc4e841c56e44c5a,54644
results/research8h/service_network/solver.log,c5bad2a4d063bc1822baafc87d04073554f67791c85b39866b8e0cb157f6f033,687
results/research8h/service_network_mip/READOUT.md,aa6fee5a0472097d37c262a4b9c7ecf396966bae95fb2db78905f91ffca3efb7,3093
results/research8h/service_network_mip/final_input_hash_check.json,82f1356c2dc4dbdb2fdd41b73185de30cb7b0d8bfc22aa2aea41e80e5bc28690,11368
results/research8h/service_network_mip/identity_reference_preflight.json,8373f97064af87e29d3d75f4027d72deab9ad4a96eded7d1688da5a99323ec1e,2007
results/research8h/service_network_mip/input_manifest.csv,b492ae147c97bc0fa0be6d93a0742ff6e0a74cfdad298bbdd5cb0e272a2e5dbd,10664
results/research8h/service_network_mip/model_archive_checks.json,b725807e859d8bf39f75d8cc400ec8a22a3b1f0146dccf1d2fa9ce5515c52750,2429
results/research8h/service_network_mip/models_frozen_before_first_solve.json,a8a031a2a9c8756bdb02e4263ffffc05751393e959ca4dbb18f4c80f0ba88657,310
results/research8h/service_network_mip/pre_run_freeze.json,3e8ef7fc89762b3ce5e33c2faf73f3a084101a12f442e36f85fb804746692993,739
results/research8h/service_network_mip/ramp_redundancy.csv,8166df3f1c4c170bd98cec6448f1fbacf8f3764f1e9a1c68e623384d76342545,788
results/research8h/service_network_mip/seed_26092600/bounds.npz,84b52454323db94db3f1a8f2360c42f3aa856144ac9951bce1c18fb6ce3ea4f7,54575
results/research8h/service_network_mip/seed_26092600/integrality.npz,7fae01f9639be86f0b91683b2d2a72f166c06593fb646001bc0417e97aaa712d,282
results/research8h/service_network_mip/seed_26092600/matrix.npz,2f11940f72432a2a2e89e4a88115eba3cf24a8e82a8110e250c6191020c1f0bb,199281
results/research8h/service_network_mip/seed_26092600/model_metadata.json,26543a50691ef486d84d0ce9316c9a4fe664a9760e8d42a55d60bfadb93f9e52,2485
results/research8h/service_network_mip/seed_26092600/native_inputs.npz,9685abe13494cf6662d86bd0aed0b0fcb40e906dee081c6cfdf973a55e58a738,28380
results/research8h/service_network_mip/seed_26092600/objective.npz,ff6f13618b2729c30b5442fc639c7fea45c66a08d799091e3843ab17f7b16500,423
results/research8h/service_network_mip/seed_26092600/paired_preservation.json,99e982dc62fbb20caecf85612af19c9dc17e56514a70e76d0818cacbded67e54,396
results/research8h/service_network_mip/seed_26092600/result.json,ac99b6d70da83e6ddce9de903fe411862dabdd5e6cf6433cc4db6a8c642d8737,510
results/research8h/service_network_mip/seed_26092600/row_metadata.csv.gz,29684c311abeeac366b1fca6ad06a252ab26fda1eab7635fcd32153c85a9d1fc,147013
results/research8h/service_network_mip/seed_26092600/solver.log,b8754a6e8ff3c0890aaea6f86805099a7444144d830d7ab6224bafee27aeee58,2645
results/research8h/service_network_mip/seed_26092601/bounds.npz,8a19484701dafe9c8fb98a8d95b4c2a43c155c1e10c24e0cbc64f46d5d16bc66,54813
results/research8h/service_network_mip/seed_26092601/integrality.npz,7fae01f9639be86f0b91683b2d2a72f166c06593fb646001bc0417e97aaa712d,282
results/research8h/service_network_mip/seed_26092601/matrix.npz,2f11940f72432a2a2e89e4a88115eba3cf24a8e82a8110e250c6191020c1f0bb,199281
results/research8h/service_network_mip/seed_26092601/model_metadata.json,26543a50691ef486d84d0ce9316c9a4fe664a9760e8d42a55d60bfadb93f9e52,2485
results/research8h/service_network_mip/seed_26092601/native_inputs.npz,ec235d80d2e9b052940833cdb55e5a25b1eddb74e4aee376c9026108f35ebb27,28415
results/research8h/service_network_mip/seed_26092601/objective.npz,ff6f13618b2729c30b5442fc639c7fea45c66a08d799091e3843ab17f7b16500,423
results/research8h/service_network_mip/seed_26092601/paired_preservation.json,057e7491ddba88b639473254903775fe021247e7e4974cdcc24cd8785814dd78,396
results/research8h/service_network_mip/seed_26092601/result.json,522a3b4db3e4a019283786d1d9d9b3d12248d102267a44e83b53d935ec5a2aa6,511
results/research8h/service_network_mip/seed_26092601/row_metadata.csv.gz,397aeb4369e98148a6d9c7bb0e7c30d2cf607e40f52e208111a327eec30ec1f5,147013
results/research8h/service_network_mip/seed_26092601/solver.log,abbcd8f519df2a49bdb985bfc08a262b17dc23fed806f11a8c9c4fc163a4f697,2400
results/research8h/service_network_mip/seed_26092602/bounds.npz,654f5a7f6cbbed6792b9dc844a99ba455547530855ef8c40e4be090b718db20c,54740
results/research8h/service_network_mip/seed_26092602/integrality.npz,7fae01f9639be86f0b91683b2d2a72f166c06593fb646001bc0417e97aaa712d,282
results/research8h/service_network_mip/seed_26092602/matrix.npz,2f11940f72432a2a2e89e4a88115eba3cf24a8e82a8110e250c6191020c1f0bb,199281
results/research8h/service_network_mip/seed_26092602/model_metadata.json,26543a50691ef486d84d0ce9316c9a4fe664a9760e8d42a55d60bfadb93f9e52,2485
results/research8h/service_network_mip/seed_26092602/native_inputs.npz,3110633541040c4c4433d587dd42c104c629bf589632817ccf98cffa3320ccde,28374
results/research8h/service_network_mip/seed_26092602/objective.npz,ff6f13618b2729c30b5442fc639c7fea45c66a08d799091e3843ab17f7b16500,423
results/research8h/service_network_mip/seed_26092602/paired_preservation.json,5a3b96bc866aef85735a397ff08655d6b0d4c67e8a18ce05550814f6c6d60803,396
results/research8h/service_network_mip/seed_26092602/result.json,a2c3ada7fc94d0b359408cb9b265df1ef4f79a5eaeb1ebcd94b43f6d8e343011,511
results/research8h/service_network_mip/seed_26092602/row_metadata.csv.gz,781217a77837e95c0bb2774e3fdf2c4c8453b3eba8ae3e42a381b7476dab9310,147013
results/research8h/service_network_mip/seed_26092602/solver.log,6bba5e7e78476171c4890719d60a80cf2b5617126523bc6b1f355e0a12d8d447,2645
results/research8h/service_network_mip/seed_26092603/bounds.npz,168ef29688976fb2280bc612f8f8dfbff28b4c57268e21fe6f96901be8fc8a50,54813
results/research8h/service_network_mip/seed_26092603/integrality.npz,7fae01f9639be86f0b91683b2d2a72f166c06593fb646001bc0417e97aaa712d,282
results/research8h/service_network_mip/seed_26092603/matrix.npz,2f11940f72432a2a2e89e4a88115eba3cf24a8e82a8110e250c6191020c1f0bb,199281
results/research8h/service_network_mip/seed_26092603/model_metadata.json,26543a50691ef486d84d0ce9316c9a4fe664a9760e8d42a55d60bfadb93f9e52,2485
results/research8h/service_network_mip/seed_26092603/native_inputs.npz,9de173473940d207ed9ab84a15dc9c78c7d07ebee7f3771087b25b27100b68e0,28419
results/research8h/service_network_mip/seed_26092603/objective.npz,ff6f13618b2729c30b5442fc639c7fea45c66a08d799091e3843ab17f7b16500,423
results/research8h/service_network_mip/seed_26092603/paired_preservation.json,2da044e2fd2226128ed44ce981feca8bcabd5b24a0f66cf8a8e533bbb8fa41d0,396
results/research8h/service_network_mip/seed_26092603/result.json,5ee896aa8e0f39378120c103233832a875fdd10607fdf4d01f84df717a3b0b08,510
results/research8h/service_network_mip/seed_26092603/row_metadata.csv.gz,7ef15aea092dcf9a2431fb34604fb97c9ef4e777cf6f87b85fdb692fd3696765,147013
results/research8h/service_network_mip/seed_26092603/solver.log,3171aa4a8ad73e4ee1ce7bc4be9c7e8667cdaa9f695d01609df82761c318459a,2645
results/research8h/service_network_mip/summary.csv,a546c5b2c99799e79e8bf57052ba57227cbba4b9c07a4ab7f66864c7bdab81eb,1228
results/research8h/service_network_mip/summary.json,e1a3af7cb1c5f46e2a64b4ca0bf35ba2704dfb482d305b319cf8b61d8271df49,2155
results/research8h/sparse_farkas/READOUT.md,82a6efbe274b9fbc378f76dc8754a6329dadbf99ae617d456a519e97aba4028b,2602
results/research8h/sparse_farkas/frozen_design.json,b6f4fea6a7dbd17ae651c2fe1a684eb39f57fa1069782b45d495414e462cd2b3,4742
results/research8h/sparse_farkas/seed_26092600/attempt_000/candidate_checks.json,be46a00b4d0eda1df97b712a0b20803e998292525ea558a43f7014b627b604b4,17545
results/research8h/sparse_farkas/seed_26092600/attempt_000/certificate.json,46df7a7062655344f3ae23bc44e111d9f3ede3ace0234a7d0a9d579376e8fd21,46317
results/research8h/sparse_farkas/seed_26092600/attempt_000/raw_ray.npz,7ce793ca3c56770a692fdec3284c1cfc6d299f444b1fcc0399fff54270631f55,2110
results/research8h/sparse_farkas/seed_26092600/attempt_000/result.json,e9a8b3b2e944fc11666fa80b00f03c15476c9e2ac153b3231859ced3219559f8,6315
results/research8h/sparse_farkas/seed_26092600/attempt_001/continuous_vector.npz,66c83aff49bdc007aaadfc0d688dc600ab61e88e6767d32dba73fbf8e3ccf23d,23373
results/research8h/sparse_farkas/seed_26092600/attempt_001/result.json,f104e93ca4325536504a2f9d24c90389682093b86078329f0ed7cbd7c6f1d06b,2218
results/research8h/sparse_farkas/seed_26092600/attempt_002/candidate_checks.json,741a72100632f9b0830658759a22021a856e276a12aba792ce43824d2212b85e,17362
results/research8h/sparse_farkas/seed_26092600/attempt_002/certificate.json,7ae9d3a4bf28622de943afcd9be319ad67022b7a811ee5c417bd7bf88d20e9a3,41357
results/research8h/sparse_farkas/seed_26092600/attempt_002/raw_ray.npz,20f6e37dd6623283c4ca79fb7d058bfee2dd95b403ae55d123405564b551e143,1650
results/research8h/sparse_farkas/seed_26092600/attempt_002/result.json,ff87a2cbd7ac2e546bb667fc8e38227388c7a2e74d11d55607a53906be2fd29e,5009
results/research8h/sparse_farkas/seed_26092600/attempt_003/candidate_checks.json,1cd32d3c51133f3eb988744487d3d0bd8a4c17d1c81f27cdacf26a18bc32699d,12143
results/research8h/sparse_farkas/seed_26092600/attempt_003/certificate.json,e62f1aeb12ef8dd789c9e74536a575ef804f8f06650b6b18ccdb794723cc5cc6,27403
results/research8h/sparse_farkas/seed_26092600/attempt_003/raw_ray.npz,3d4c9236876883fe9714c274c575f449a531e434e145e6d2d6d74ca68c1bd82e,901
results/research8h/sparse_farkas/seed_26092600/attempt_003/result.json,ea2b5e68c421b9533d2a66c60ac64660e7173de425d3946de521f2a921bf7320,3598
results/research8h/sparse_farkas/seed_26092600/attempt_004/continuous_vector.npz,68ff35f2bed8ff88995284dbc544cf8b9ec6a84682d4ea14db650b4ab8aa02ef,23274
results/research8h/sparse_farkas/seed_26092600/attempt_004/result.json,d24dd2ca66d408653a84e9da939942e7962d5f44b35a0d653b39e44a2543a208,1235
results/research8h/sparse_farkas/seed_26092600/attempt_005/continuous_vector.npz,f9a667a3d2497bccd4dbeee1a14537b1e6ad88455cb9852d4be775debe44085c,23041
results/research8h/sparse_farkas/seed_26092600/attempt_005/result.json,96499539d67fce3264cfd2408a85d83b8764f18ee30d0a8595d1876044740139,1236
results/research8h/sparse_farkas/seed_26092600/attempt_006/continuous_vector.npz,43235e14714e3bf53a9103a657ee1e2fa611db7bf59720b838229862f0c8ef8f,22943
results/research8h/sparse_farkas/seed_26092600/attempt_006/result.json,71d80158c357122b409c75a931713d9edd7bf2d889fb775e7ab4a4843c89aa65,1242
results/research8h/sparse_farkas/seed_26092600/attempt_007/continuous_vector.npz,0d7724384556e3b5b5c94fa30823ff1a45764f2df9feda9da65f4b1c1684700f,22895
results/research8h/sparse_farkas/seed_26092600/attempt_007/result.json,1c83da51d5ce76abda202a49085370dad1bbe708835f6c7306739b95b7c1aca9,1238
results/research8h/sparse_farkas/seed_26092600/attempt_008/candidate_checks.json,c42723dee3c322a796bc92fa75abb6d578755429f8a2d686837a169ffcbebd50,11731
results/research8h/sparse_farkas/seed_26092600/attempt_008/certificate.json,5b59d77bd90c9719ace564804f2f6c65c54b0ee1bd106fe84330b00627094c4b,24976
results/research8h/sparse_farkas/seed_26092600/attempt_008/raw_ray.npz,9b27d7359a0119a6c3130599b9c484f51d72fc8c404f0d2d1dad1891e43b9213,787
results/research8h/sparse_farkas/seed_26092600/attempt_008/result.json,a6c76acd977efe779fa840a6ae7ae823b01bd01c38384c135999da35b4f607e3,2841
results/research8h/sparse_farkas/seed_26092600/attempt_009/continuous_vector.npz,305c910b890b68fbe14ba6460c731bddae382bdd2262247f66a584f5e9e2f4a3,22871
results/research8h/sparse_farkas/seed_26092600/attempt_009/result.json,823882a6912c801c031470a46a99308a8f98ab88f737659b34dea83f285f0585,1144
results/research8h/sparse_farkas/seed_26092600/attempt_010/continuous_vector.npz,68b8c54e1f92ecb783c9de512073000ec8725fd6e9c848a698b38030ac93c73d,23063
results/research8h/sparse_farkas/seed_26092600/attempt_010/result.json,cd8229a6ab482d57be5972d691a4fe10ee9c5a60018a55925db267cc93e5421f,1145
results/research8h/sparse_farkas/seed_26092600/attempt_011/continuous_vector.npz,c931059a41d4cbd97d6ae480da7b951d47d3c1ecd9ce43f4ee332817c2e642b1,23157
results/research8h/sparse_farkas/seed_26092600/attempt_011/result.json,fbb0e6fb2a525892e7387abbdf78bb8934ce856e98737117e353a3c6489f4d5e,1145
results/research8h/sparse_farkas/seed_26092600/attempt_012/continuous_vector.npz,ddfd843d5d50696e68b25e5cc3684411d833ac46b9fda1f771a3e60b30b47379,23004
results/research8h/sparse_farkas/seed_26092600/attempt_012/result.json,0df34864a00018c3a02904af17236d6c9d931c60a1aa6fbe88d2ddf6dedde8a0,1164
results/research8h/sparse_farkas/seed_26092600/attempt_013/continuous_vector.npz,a472427e31690cae843586b2a7e5d9abb0b6969f7ce1f6e2174d6f0367cf3294,22908
results/research8h/sparse_farkas/seed_26092600/attempt_013/result.json,262796e5abc34000eb89cf405a98a4b2bcb3381ba670546c6ae835a1e6f5c5f0,1144
results/research8h/sparse_farkas/seed_26092600/attempt_014/continuous_vector.npz,03fc167b0c38b73c02e5b85310639c88d41ff54f1190b090411ef71d9efef1ff,22848
results/research8h/sparse_farkas/seed_26092600/attempt_014/result.json,d29722de99881d00b0dbf2a4192946d18a26c6d8b603595e02147959f149dd81,1143
results/research8h/sparse_farkas/seed_26092600/attempt_015/continuous_vector.npz,37bfdb1670ade9480465f5818995ef4cee96067a711fa2fc4d2998d5ee9985e6,23114
results/research8h/sparse_farkas/seed_26092600/attempt_015/result.json,0a14d91b30a7575b4498bfa363c46babf8811fa59576d7d5c8b525c948bab61c,1146
results/research8h/sparse_farkas/seed_26092600/attempt_016/continuous_vector.npz,cafdadd7bbb15384d01f52bf98df3e425c4f39d8a00db26e8bf2e1fcd9377fb1,23263
results/research8h/sparse_farkas/seed_26092600/attempt_016/result.json,cff886c7a90d73b19f741127e331ade9e8024d027fefedfc1d94affe53a2be0d,1146
results/research8h/sparse_farkas/seed_26092600/attempt_017/continuous_vector.npz,1b5143c0d680abd7914c60175fbbdec847d8f23d1d623e4de2bfc47735fc0229,23122
results/research8h/sparse_farkas/seed_26092600/attempt_017/result.json,c05f0f7952fe00702258fef5c6c9a98a1f27c14f17747d8f33aa27147da55a8f,1162
results/research8h/sparse_farkas/seed_26092600/attempt_018/candidate_checks.json,dad70ce76193b16b5e77f2ead27952f15922ecde7aa13bc3bdef6b0a62f8c779,11588
results/research8h/sparse_farkas/seed_26092600/attempt_018/certificate.json,077b7daf1372a681ecc33dc304a789863413848a9bb354e07cec473dfc3ec8f3,24689
results/research8h/sparse_farkas/seed_26092600/attempt_018/raw_ray.npz,e0fe13682809c13f7093c115e7d886ab3a0373e4d025e9ffb1f704917b684b06,802
results/research8h/sparse_farkas/seed_26092600/attempt_018/result.json,ee7cba8b025b5db4f86760ae40b3745c7c6feacc87dcc9f0151c3433fcd06f02,2739
results/research8h/sparse_farkas/seed_26092600/attempt_019/continuous_vector.npz,5239992ab8e8801cf715fef5daca78968a241fd19728a6b7dd67c01a37441472,23041
results/research8h/sparse_farkas/seed_26092600/attempt_019/result.json,e6d58c010df130a7704f23c9a1e986f0b87a243f2ebbcd6be3392246c0084986,1123
results/research8h/sparse_farkas/seed_26092600/attempt_020/continuous_vector.npz,e483c677e7bae75b3cfc149130a0a3729f8fdf93a92784f62f005a9d59c66ce8,23051
results/research8h/sparse_farkas/seed_26092600/attempt_020/result.json,19d56b37b5931245d04d0192a8e6af24e4a1d81ccb2c706aa58770ce1a2e4403,1141
results/research8h/sparse_farkas/seed_26092600/attempt_021/continuous_vector.npz,f2a6c68f75fdc9c1e9a7ba0ddbd9d02367ebde8b2c03defecd47137c6df29806,23000
results/research8h/sparse_farkas/seed_26092600/attempt_021/result.json,fc2e3449b790977eb342924fd2d8143c0dde32f1c5a0cea2e9c75f19aea5d558,1121
results/research8h/sparse_farkas/seed_26092600/attempt_022/continuous_vector.npz,de9fbe2d2652d1d40ad8d9eab56a21bb7517e65b04487a6b261f6556a037d9c6,23051
results/research8h/sparse_farkas/seed_26092600/attempt_022/result.json,eb9dbfa1a2989e5f26e5b8f0d67f2c6207faf8fa5bc7bd74389c0d3bcde2a2f5,1141
results/research8h/sparse_farkas/seed_26092600/attempt_023/continuous_vector.npz,0758adb3489619e6eccf1043f4c1953dc14d5076fc0c2651f3f37b65080210af,22973
results/research8h/sparse_farkas/seed_26092600/attempt_023/result.json,4606c890aa0d73a8616ce0f6e2039a856858d286c74ee6e3ffe6c94f352a7181,1120
results/research8h/sparse_farkas/seed_26092600/attempt_024/continuous_vector.npz,4db55714ad0ebc4fd4c13c59503b03aed1575d4aa6f900018acbd18c68e54bbd,23024
results/research8h/sparse_farkas/seed_26092600/attempt_024/result.json,681752e2e68e0c92eac2f47cb9ad5fe7d51128cc8498c9ce177ef6036f501085,1121
results/research8h/sparse_farkas/seed_26092600/attempt_025/continuous_vector.npz,3fc4b23fd4d8c0b3f000af820bb859ecbc924ff25341a482ea298211952f53bd,23142
results/research8h/sparse_farkas/seed_26092600/attempt_025/result.json,6ea3fafea06b59a9d62ea3e324dc480513f5dc19e991315153a67435c0c30b8d,1121
results/research8h/sparse_farkas/seed_26092600/attempt_026/continuous_vector.npz,e7e83780493c9b357c040151f8d5cd3b821e6d90423851297f3693337a60c182,23152
results/research8h/sparse_farkas/seed_26092600/attempt_026/result.json,ac4d0dd415e65b09df7c3ad9f184c5872f5176161a52935bb564e7e35ea49bb6,1122
results/research8h/sparse_farkas/seed_26092600/attempt_027/continuous_vector.npz,636b37d10c265bd01a358bf63f164de872669a1e6a76f3d56facc0f044af1658,23121
results/research8h/sparse_farkas/seed_26092600/attempt_027/result.json,7e02684939d62a8606f9d4d991693d775a20ed0535f468fa51de1ad9a8f21211,1122
results/research8h/sparse_farkas/seed_26092600/attempt_028/continuous_vector.npz,0c5688b1ef45ce83715318db53b6f8809160121f3e489decf9c31651147b3174,23031
results/research8h/sparse_farkas/seed_26092600/attempt_028/result.json,6c156f53aa77d6640788481d30b46ec5baf06969c8bb46d1ac9293225f166a2a,1122
results/research8h/sparse_farkas/seed_26092600/attempt_029/continuous_vector.npz,5f7a8c632108bd7b672ae38cd108de0c9c3e7f9979a0f73335097f471b2457cc,23128
results/research8h/sparse_farkas/seed_26092600/attempt_029/result.json,a7950371d51dc3b8e298210eade49ab908b89b0d5c354adcf10a454ce78be148,1107
results/research8h/sparse_farkas/seed_26092600/attempt_030/continuous_vector.npz,e51264748a14dd5463dd0d8766d280db1f87812b91ed44c08ba03e8fd3e7d6d2,23051
results/research8h/sparse_farkas/seed_26092600/attempt_030/result.json,65f7a8ba91bfe2d1d02b9f7640dfb098bc65e8663a366f4bcd8213d250517148,1122
results/research8h/sparse_farkas/seed_26092600/attempt_031/continuous_vector.npz,82d72b55561b383d8cbd1e531c714b20e0118e88008a330cab1c7ff518681677,23039
results/research8h/sparse_farkas/seed_26092600/attempt_031/result.json,52822def6a4b28ef21677940a8e92c845e9b4558c430e4f1c35637e68f50ecb2,1141
results/research8h/sparse_farkas/seed_26092600/attempt_032/continuous_vector.npz,1a11c4dffacb2d0690df2237076b588235ba70db2289323d86edd3e87454f60a,22992
results/research8h/sparse_farkas/seed_26092600/attempt_032/result.json,c3ae092aa41a2336cf70d21933e4201c4f2747be2d633b6e2da551d1ee805b57,1121
results/research8h/sparse_farkas/seed_26092600/attempt_033/continuous_vector.npz,67b119d222251212ef24b475c2ddb217021a983b616c92c2b613d3d94e38fddb,23108
results/research8h/sparse_farkas/seed_26092600/attempt_033/result.json,39bc6088a3260439a6325e896b257e143bd61cdf5705bec34c5b2a74a3b3dd75,1139
results/research8h/sparse_farkas/seed_26092600/attempt_034/continuous_vector.npz,23d671762707042038a0f17e67325a6bde00a2cc2db857af88c70a70424a8dfd,23053
results/research8h/sparse_farkas/seed_26092600/attempt_034/result.json,63170381e093211ddf32271d280192b6ede909b6dc1c7c32e331f6ca3f6bbd7d,1124
results/research8h/sparse_farkas/seed_26092600/attempt_035/continuous_vector.npz,bb189a330efd9eba2d8391752f4970c9f4619bacc9a87492f5becd258950b453,23119
results/research8h/sparse_farkas/seed_26092600/attempt_035/result.json,7c685f19b40cabfb37abf89c78cd601efa1e05ab7d521bd6772a36a7759903b8,1121
results/research8h/sparse_farkas/seed_26092600/attempt_036/continuous_vector.npz,af4f7a033729ace96d0c51c07e9a31c0a888b327b307d4fa83a37a19cd68d1b9,23121
results/research8h/sparse_farkas/seed_26092600/attempt_036/result.json,8b022629f14169b712aa3a0f088ba467b33e527b2789621037748b9284e378cc,1143
results/research8h/sparse_farkas/seed_26092600/attempt_037/continuous_vector.npz,df7cef6fd00dc141c2a870882d14c0528fbb467f208f6f16ed10454d11fe01bf,23177
results/research8h/sparse_farkas/seed_26092600/attempt_037/result.json,8193ba925ec8ed093918f25c8fd052cb114ad5e8936c8ab6aeb8bdc88ba83969,1141
results/research8h/sparse_farkas/seed_26092600/attempt_038/continuous_vector.npz,3a091df6bed40c24d6b4f6e61a0a8592f574e098f53eacf9f48e735e207d408b,23094
results/research8h/sparse_farkas/seed_26092600/attempt_038/result.json,e50e3b7d4a2e5d83350d36f8572ba7e1fdf0315b8e371a447ae71301ea46e642,1123
results/research8h/sparse_farkas/seed_26092600/attempt_039/continuous_vector.npz,1a337a25ebcb86157e248d299d4d95046823ee513b34ca34e48928f813bd4c7e,23197
results/research8h/sparse_farkas/seed_26092600/attempt_039/result.json,3454f1c1fddee14d1b815f2825efbb49d74c784e930f2968cf90474a2c20c864,1123
results/research8h/sparse_farkas/seed_26092600/attempt_history.json,5c9e8641edb6d31bc988cfe3a316c8c86ace2d73f2d9981fbc60e77ea65f05e9,69656
results/research8h/sparse_farkas/seed_26092600/certificate.json,ed74fb967529d1086e8262c843bafd4ae9fa818909b856844b0a7b41e38b6353,21309
results/research8h/sparse_farkas/seed_26092600/exact_variable_bound_support.json,4c97ddc1235599923ff6d96fdbb182ac5c3432e0922efd53d7f1f62953c9db70,1406822
results/research8h/sparse_farkas/seed_26092600/initial_pruning_attempts.json,d98c52e34d8d3752cd3e842763a1ba1ee241766dfcf8552dd4a989c57dc886b7,48862
results/research8h/sparse_farkas/seed_26092600/result.json,a806ad1f47f19e558415b60dcccb054d3d0489ed9421b32b699acfb9dc05b74e,7929
results/research8h/sparse_farkas/seed_26092601/attempt_000/candidate_checks.json,1a9ba78a44a667b9f5f0cd5bcaca21899defc22320961ce23b15e829d287488b,15266
results/research8h/sparse_farkas/seed_26092601/attempt_000/certificate.json,356514f37c5cef0d4351b8dcc11b9a6fd4bca809464175e58f875da0961ec835,40296
results/research8h/sparse_farkas/seed_26092601/attempt_000/raw_ray.npz,7454da580590fc4c5ffa4a57997162282aca4a1f570e695efb4b4bb421ec4310,1726
results/research8h/sparse_farkas/seed_26092601/attempt_000/result.json,71a34d4e656c4232fe0cbd2e284b50f2857a206afabd9ee682844046b3ec7148,5275
results/research8h/sparse_farkas/seed_26092601/attempt_001/continuous_vector.npz,5103c79b58d0bc77143ebaebedbcebdae9d58b18c46f30e06a6d3d733520443a,23105
results/research8h/sparse_farkas/seed_26092601/attempt_001/result.json,ba0a640614095740d803b225c8641f494a42c97d1ca2670066329e070e18803a,1938
results/research8h/sparse_farkas/seed_26092601/attempt_002/candidate_checks.json,a23aed0492f5e341e3dbbe646609d042d4858ff6bd95210552143b0e9d8f0a2a,13057
results/research8h/sparse_farkas/seed_26092601/attempt_002/certificate.json,cd0acb58bff921ba8127b446bf9c8c7b076b42c65bcf703dd78a606741d9769f,30974
results/research8h/sparse_farkas/seed_26092601/attempt_002/raw_ray.npz,3b9e453fe46cb7780d038aa9c8e51e452f1f5c87bc4812ff2ad91117352a21a3,1063
results/research8h/sparse_farkas/seed_26092601/attempt_002/result.json,74bc30552ed16cfa05229593cc3e343a8a25d750f06be836596566c344334c7e,3929
results/research8h/sparse_farkas/seed_26092601/attempt_003/continuous_vector.npz,11a261593c8a7df4d493e1330a045a052538fc2024561aba48fac548e7e9277c,23084
results/research8h/sparse_farkas/seed_26092601/attempt_003/result.json,8d2958ff0597908cd2d092c5e1e78f5cdeb2ab6a0c4681cbee4abb1e8488133b,1475
results/research8h/sparse_farkas/seed_26092601/attempt_004/continuous_vector.npz,87b996931e9428f397ff50f35b4cafcb0bd4c6d23d4295a5f0955e79c607337e,22905
results/research8h/sparse_farkas/seed_26092601/attempt_004/result.json,f410ae0df87d1253d0404dd4353f6ca547a2a5a181a64dc56d37717b318f5028,1456
results/research8h/sparse_farkas/seed_26092601/attempt_005/continuous_vector.npz,a7822d8b0a5d7e730254f4dc7bdb5c37fa0ad4a2d51831cef94cd96bfdc26aa9,22830
results/research8h/sparse_farkas/seed_26092601/attempt_005/result.json,942930582190ae46fd0659ea137f5a9a639bd3425cf7f62be6b6264d5fdaa3b9,1442
results/research8h/sparse_farkas/seed_26092601/attempt_006/candidate_checks.json,12ffaf14c6ac03c9af3ca68749ee72d986faf60ca663af486bbe9c6a62b72795,11620
results/research8h/sparse_farkas/seed_26092601/attempt_006/certificate.json,4c3f0201392271fa9a512ddd9728ada5cc311357e0e8826b96796c67e8440bf7,25519
results/research8h/sparse_farkas/seed_26092601/attempt_006/raw_ray.npz,89596b7b1ea3cbf12e7950754501be4fe97f44997938b25920f9a3bc2e428595,857
results/research8h/sparse_farkas/seed_26092601/attempt_006/result.json,3776c1bd88ca92f1e588218a8df2c52e9819390c0981f3e1d5cc49f4efba4ab9,3021
results/research8h/sparse_farkas/seed_26092601/attempt_007/continuous_vector.npz,cc651bb3baa2613459a5cfeb3be815289f025acf84eb8df789c7ac3cb305adf1,22973
results/research8h/sparse_farkas/seed_26092601/attempt_007/result.json,6fdd2d5f36d41e032551cc0d7d5cd298e36cbc9d128660921dca80a6a2c4d2d1,1225
results/research8h/sparse_farkas/seed_26092601/attempt_008/continuous_vector.npz,25924250f6f38d1081efb35690f1657df3c49bffc2e144ab0757f8803e1883fd,23109
results/research8h/sparse_farkas/seed_26092601/attempt_008/result.json,4331b849c8a402a770f909975c249a33789138fc1721dd2a1c875355e8c92d57,1226
results/research8h/sparse_farkas/seed_26092601/attempt_009/continuous_vector.npz,e4743508061726f61fa29db7bcf174a62529605767ce438e17e3df9a729d643a,22977
results/research8h/sparse_farkas/seed_26092601/attempt_009/result.json,d8e8e428422387a35421147a9612acfb99b2ca4cf3bad0e151a1ebdc2ff2cf31,1224
results/research8h/sparse_farkas/seed_26092601/attempt_010/continuous_vector.npz,2c7c246b18d25a70a8c43b4adfd0b006f2c2d15f11b66e8ed398eccab2bf5bef,23009
results/research8h/sparse_farkas/seed_26092601/attempt_010/result.json,a7314e3cc5293b4c508b8b16c1b32aa2befa1f618dc58ec82c1411fc99af7eb6,1224
results/research8h/sparse_farkas/seed_26092601/attempt_011/continuous_vector.npz,b8281aacad015708a4e3b1ae7e83f91b233c97d6d8fc1381f9e0b48126fe9ef3,22969
results/research8h/sparse_farkas/seed_26092601/attempt_011/result.json,7d664068a2733ca8c67e30206cd13fc9ed0368ecc0771809093c4825bf0dbf12,1227
results/research8h/sparse_farkas/seed_26092601/attempt_012/continuous_vector.npz,ed9203fea487def1e42115d7291f4e7f07c959a74d11237ef1150a4da2124646,22852
results/research8h/sparse_farkas/seed_26092601/attempt_012/result.json,e9f5c756706e1959d92bd4875c280ac43c92e7c1429daef6ae3a4d9eb0cf4b60,1227
results/research8h/sparse_farkas/seed_26092601/attempt_013/continuous_vector.npz,e5023315167b56f9c7bbcbc8ac4c031654e8de092e009cb22e36f6441cefda3f,22849
results/research8h/sparse_farkas/seed_26092601/attempt_013/result.json,d057bf384034978d7cc77a88ff74a10de5d11bf6e7ea9099bc4964c5239c1b28,1225
results/research8h/sparse_farkas/seed_26092601/attempt_014/continuous_vector.npz,ba3078f035a50179372bbf1a4b7a38d56daa39640e19167770b35ba4c429a732,22865
results/research8h/sparse_farkas/seed_26092601/attempt_014/result.json,d40e0a2ea0b5783a1ca01bd4813c22d16cc38b36176d5d429e55a173dbc82c18,1225
results/research8h/sparse_farkas/seed_26092601/attempt_015/continuous_vector.npz,495376ee714f14cdea1e5363019eb2d9bb971ca9aa951359f7ee67273504161b,22789
results/research8h/sparse_farkas/seed_26092601/attempt_015/result.json,c5dee362635fa11ceca82b2987366c98f38002f40133024741a4ce7d99f1b745,1225
results/research8h/sparse_farkas/seed_26092601/attempt_016/continuous_vector.npz,22b2e702be5039427ac03f2b9dd73dada35271049cd8780a26a55cedcc56eb3f,22893
results/research8h/sparse_farkas/seed_26092601/attempt_016/result.json,d4f2ebb6ad025bc0496a08ce3e443ad7604a56d2c92563713128f8b4250f04e0,1225
results/research8h/sparse_farkas/seed_26092601/attempt_017/continuous_vector.npz,0c2968c491c230618cb2e40136916b13fb632798ddfe68892da7e729672be760,22985
results/research8h/sparse_farkas/seed_26092601/attempt_017/result.json,8dd2d9869cb8dac25685c45f597ec20794fe60df8f0d71f8a5974499dee4fcf6,1231
results/research8h/sparse_farkas/seed_26092601/attempt_018/continuous_vector.npz,5b96aa7f43b80b78c55bd7fbbaccaa32d84a945250ad8aaa7ab082b71365873d,22947
results/research8h/sparse_farkas/seed_26092601/attempt_018/result.json,b88aa50985dc6a6bc4cf205082aaa0e158ddf559d2922b27cd8c78384a030f5f,1231
results/research8h/sparse_farkas/seed_26092601/attempt_019/continuous_vector.npz,42011b3eb56592c93c6f8a19cec22b52d27feec09ea33d6a554c758c3aff109a,22815
results/research8h/sparse_farkas/seed_26092601/attempt_019/result.json,8714de25072f266a291f36be1ca9af9d906caab55fdb0c304792169477ef918c,1244
results/research8h/sparse_farkas/seed_26092601/attempt_020/continuous_vector.npz,daa63cf075c1b5b9eae2ffbea3681295978b66c0163a238d9e880ed05d8c3aaf,22896
results/research8h/sparse_farkas/seed_26092601/attempt_020/result.json,1606344088a6188f7b4c32a059926266aa8bf314d984fcfaaa9bd6bd8d06bed7,1244
results/research8h/sparse_farkas/seed_26092601/attempt_021/continuous_vector.npz,3e497f028fc286c487ba978ed4f6f473399d2629eca5ab3ab3f1dd2bcb01619d,22900
results/research8h/sparse_farkas/seed_26092601/attempt_021/result.json,74b67a31aa7a8714567cea58b0b6e6fb82d45b0ab90a68bce04dc1d5cb91dfba,1227
results/research8h/sparse_farkas/seed_26092601/attempt_022/continuous_vector.npz,24b1df20dce05d10e64543a41147e0f3d26c161a92092114897bdf5a288fe7e1,22905
results/research8h/sparse_farkas/seed_26092601/attempt_022/result.json,b11545a19b0c81b09773ef7a8ead76f1509d4aaff83a767aad494eafa8b816c6,1245
results/research8h/sparse_farkas/seed_26092601/attempt_023/continuous_vector.npz,13e5b33976d0ecb302bbea1e6cb31b60aef0f2e2b0b59c63d3560c82aab71f40,22956
results/research8h/sparse_farkas/seed_26092601/attempt_023/result.json,de4aee592b2e7fcf76f8e1469ab13be2ce394bb02d5662726f7643e107cf53c0,1227
results/research8h/sparse_farkas/seed_26092601/attempt_024/continuous_vector.npz,bb11c06e81974ab844218fe0632e6d1abe392b4c9192792eb8c6a0701d9dff2d,22905
results/research8h/sparse_farkas/seed_26092601/attempt_024/result.json,a40069694e2041e8eaa3a4778c5d84a0b29fba5331b06e1574ff52bfc5658803,1226
results/research8h/sparse_farkas/seed_26092601/attempt_025/continuous_vector.npz,c5e06c760958b6fc669d0f86ab48e0d5b463b57fb6d25206aef9b4ce5f8351e5,22978
results/research8h/sparse_farkas/seed_26092601/attempt_025/result.json,6f000580af68633e337ec31a1b0ff5f0e4bfd575e8270ea163610c78c57e9a46,1244
results/research8h/sparse_farkas/seed_26092601/attempt_026/continuous_vector.npz,306b903eecf731c53697184a016a5dc3b9718cae4393e7acde7755efe87f1d2b,22888
results/research8h/sparse_farkas/seed_26092601/attempt_026/result.json,4501052f7535aaa267696611eb7e945e58eff82f74b69d7f2342c014674d09ec,1211
results/research8h/sparse_farkas/seed_26092601/attempt_027/continuous_vector.npz,32ff92de3fd571f70ba1b64f704a9132ad867bc0eda8cf15b404b878c66d0c55,22880
results/research8h/sparse_farkas/seed_26092601/attempt_027/result.json,8b5a168f6218e2457250c819b04a681a3817b3364ca9250517def6f6826dd77c,1226
results/research8h/sparse_farkas/seed_26092601/attempt_028/continuous_vector.npz,543e16aaf862b4dfd5c23cf280c5e721dabde59956ad252cbb13993f4835e9b4,22973
results/research8h/sparse_farkas/seed_26092601/attempt_028/result.json,c26ff83197589abfc7b6263d35af3ca33ab97ccf2fcb155af69d16f7a4cc34bb,1245
results/research8h/sparse_farkas/seed_26092601/attempt_029/continuous_vector.npz,d3fa4798c792a7fb84f1a88a605e1c22246b863c631e6686f2ba911d72b57fe7,22984
results/research8h/sparse_farkas/seed_26092601/attempt_029/result.json,5009960ee3f5619d8cf4a22602ac287b73d8281caf729120197b5400a13ee67c,1245
results/research8h/sparse_farkas/seed_26092601/attempt_030/continuous_vector.npz,383cccef85238307cfcd25d4406e321a919682aa4df7a33b9d886c525441dba7,22801
results/research8h/sparse_farkas/seed_26092601/attempt_030/result.json,6fb66f80d89b95d1b8aa065408a0e3228389663bf02323415890ae0d81eea5d0,1225
results/research8h/sparse_farkas/seed_26092601/attempt_031/continuous_vector.npz,8ef4cb371ec019cd9ede051345208ec100f84d69f35f3dfca3b3bd334896c189,22881
results/research8h/sparse_farkas/seed_26092601/attempt_031/result.json,286aed27685110d98f1af1258e9d8d3abc0f41b3d5e75dc608b515211ad0d5a6,1246
results/research8h/sparse_farkas/seed_26092601/attempt_032/continuous_vector.npz,61c7d8736ce3ab91e6c9563a13ad18cd1f5792b30329926bc6e03c408dfd5e66,22932
results/research8h/sparse_farkas/seed_26092601/attempt_032/result.json,a09aa907aa7462802bbbbd255bde3837fdbb7c09ca3b6888c38d29bbb41e798a,1246
results/research8h/sparse_farkas/seed_26092601/attempt_033/continuous_vector.npz,141b004451183bc6416be56b9a49e10c0cd9f6cd58038bca2833c281c7bf34be,22866
results/research8h/sparse_farkas/seed_26092601/attempt_033/result.json,02d4cc74e93e3f412b3d67602e1e3941f36fa6718b8d89b3060435570a4b3bbc,1226
results/research8h/sparse_farkas/seed_26092601/attempt_034/continuous_vector.npz,92232ee68eb83c1e54fb16c00c99f97aec0af44f90dfef9520ba0e6666ece0f3,22830
results/research8h/sparse_farkas/seed_26092601/attempt_034/result.json,6b65847d631b9a5634e9e6cd1525f2b52783f70c3f3f93b49ddb27557cc49122,1227
results/research8h/sparse_farkas/seed_26092601/attempt_035/continuous_vector.npz,6fbfdaef60cf097fc95311217bd0690a914c5a4f2c40320a252a1cc7fc53021b,22875
results/research8h/sparse_farkas/seed_26092601/attempt_035/result.json,a595d729ed460f3d240e0ee8add8dd3891e4a88e2789cb96cdd1982161b80ef0,1226
results/research8h/sparse_farkas/seed_26092601/attempt_036/continuous_vector.npz,30ce78935c3ec67a28b65a4207371ba34a291d04294f803cca3935ec817801a9,22764
results/research8h/sparse_farkas/seed_26092601/attempt_036/result.json,ad6f374358744939efce7e92aa38d8c4ea03ee94dc345cdd3b548e11d999f2c2,1225
results/research8h/sparse_farkas/seed_26092601/attempt_037/continuous_vector.npz,7140c38de67df9ed953d6344e48f4e7eebb7bdbc067ec4fa5f2a09bf0f8a8945,22887
results/research8h/sparse_farkas/seed_26092601/attempt_037/result.json,3dc42a03b40b8904363699eb48732ae7a17d3341e32eaef031992cf37840a61c,1227
results/research8h/sparse_farkas/seed_26092601/attempt_038/continuous_vector.npz,ed9203fea487def1e42115d7291f4e7f07c959a74d11237ef1150a4da2124646,22852
results/research8h/sparse_farkas/seed_26092601/attempt_038/result.json,3e129a40b032ffc2de64e9f7e5b1b39d02108afcb376991d5f6d7b4bd4318b15,1227
results/research8h/sparse_farkas/seed_26092601/attempt_history.json,1cd4542ff801fbccaf6b48ae808ff0225ef676002034efd591aef2d784e4be3c,65496
results/research8h/sparse_farkas/seed_26092601/certificate.json,1f15532898baccf584f4c7b814d7abb92904d776ba4fc39a7b9babce3551086d,22182
results/research8h/sparse_farkas/seed_26092601/exact_variable_bound_support.json,f3bb1eac3ff20dbd7b0cc406421e96c5ce8a3eef5bf1aacf02d51af3d066156d,1407390
results/research8h/sparse_farkas/seed_26092601/initial_pruning_attempts.json,960c8a9b0b0a55898ec2bc51ded4c4a3bc2398dc15be7c6182f1d7b27a63b2c9,42270
results/research8h/sparse_farkas/seed_26092601/result.json,f2d8425102fa27f49762702bbb4ef62aa5078c653d25a6dc94e87237d55b067b,6461
results/research8h/sparse_farkas/seed_26092602/attempt_000/candidate_checks.json,1fd96d018e3a7bcc6bc406d910228b1028bc7b6ad000984e1b386e87bf0201e7,19180
results/research8h/sparse_farkas/seed_26092602/attempt_000/certificate.json,61a2c93b490e5549b2136983970e3a66546db0ba9a073558761da52b8789fd88,53464
results/research8h/sparse_farkas/seed_26092602/attempt_000/raw_ray.npz,76042754e558c0e75ddbc20d945820df923f4e2adbf2377dc34bddeb69240b69,3349
results/research8h/sparse_farkas/seed_26092602/attempt_000/result.json,23dc7adf2ba1d12f7f6c3d5747df9f7c3bdae8745cefa7a08052cd7f80bd39cc,7753
results/research8h/sparse_farkas/seed_26092602/attempt_001/candidate_checks.json,0c799cf6a9cdf6f47956b37a11dc80d0b5c179a7ce1d7f06da4b36fc871f881d,17540
results/research8h/sparse_farkas/seed_26092602/attempt_001/certificate.json,7a8188f9a29ad98428468e2b17e4d6e2da53e6f69f3e665d4428879eb9e65a4e,45066
results/research8h/sparse_farkas/seed_26092602/attempt_001/raw_ray.npz,43eb985e9debb044840a853af9a275ec5c95fc40777fc0eacad100d6399217b7,1896
results/research8h/sparse_farkas/seed_26092602/attempt_001/result.json,0577274312335fb56df16fd5e38b2e4944a8db4fb14c30657cf4e1a79c95bea7,5422
results/research8h/sparse_farkas/seed_26092602/attempt_002/continuous_vector.npz,66275a0bf0b2bcfc9ad124f8bf8e58f14b9ee6087ba1eb6baa818913ef7fd7f9,23338
results/research8h/sparse_farkas/seed_26092602/attempt_002/result.json,e9094dd7eebdac85f92ecce5aea45b8f5d1cd6b47b4e0a5faeb51e7523947f8b,2325
results/research8h/sparse_farkas/seed_26092602/attempt_003/candidate_checks.json,82480cab6cbcba3864312160a2a57ecbefcbc9125a4a65d9e9d69e95e33aa81d,13655
results/research8h/sparse_farkas/seed_26092602/attempt_003/certificate.json,4e1dad74c31f7d87cfecd3311816f6e72db4c02270877e4853bab402e7c5779b,31247
results/research8h/sparse_farkas/seed_26092602/attempt_003/raw_ray.npz,3fd5c7b846755c59d72785e6dc773befa33a987bd0b3250283aada3df73d00ea,967
results/research8h/sparse_farkas/seed_26092602/attempt_003/result.json,c4036cbbf8046d2cc5757d4a8610dda4febdc3e05943bce1d69137afd64a8275,4358
results/research8h/sparse_farkas/seed_26092602/attempt_004/continuous_vector.npz,62672f164fcb2011ff961ad9d4c0e02b5d5a8760fc41857cb436fa658b5a163f,23185
results/research8h/sparse_farkas/seed_26092602/attempt_004/result.json,aeb38260851a16850fe6b7a336105037222db7c480c751ba59fc5833e8315ee9,1605
results/research8h/sparse_farkas/seed_26092602/attempt_005/continuous_vector.npz,dcb89ab14cd7ab03ef0a0e7b3b41ee3e28ef8a1b3f7f6a798f483f1ababdfa59,22960
results/research8h/sparse_farkas/seed_26092602/attempt_005/result.json,14de9ff058025352277c6c34664bee00b5c3b8dcd729694b99ecfd97444b17f0,1606
results/research8h/sparse_farkas/seed_26092602/attempt_006/continuous_vector.npz,07eefd842e88434487fc478d3a96e9fcf9891815d98f2e74c8129ffda6f371c6,23003
results/research8h/sparse_farkas/seed_26092602/attempt_006/result.json,1e9250bbecd6fd5942d26ca737aa49ddd7ea2eef5ca6374fc2df9f996d5a2a79,1610
results/research8h/sparse_farkas/seed_26092602/attempt_007/continuous_vector.npz,5f98c23095ee64d7508047947bae48d8d8cc011294fe405b241193d3af208c4b,23204
results/research8h/sparse_farkas/seed_26092602/attempt_007/result.json,28df46bf93e6b8efe3e9c0bd35d24819ac4720d4421471164f25f9f86476515f,1590
results/research8h/sparse_farkas/seed_26092602/attempt_008/candidate_checks.json,3db83077eedaf92b39b7a6068cc13e93f2ebf171dd9cca3667582e8479ae3433,13366
results/research8h/sparse_farkas/seed_26092602/attempt_008/certificate.json,9666908db4d319f48e57e6e77785192481989014fce07bba58666a774ee8cbc5,30439
results/research8h/sparse_farkas/seed_26092602/attempt_008/raw_ray.npz,a2027f746f6227ad97f7e18f8f83591d080c4438c764f9c438dbbcdf14bf78e2,1025
results/research8h/sparse_farkas/seed_26092602/attempt_008/result.json,85e2ad885cc170c6bacbf562e76d169820d6633e58466141b3022f7d163633e3,3576
results/research8h/sparse_farkas/seed_26092602/attempt_009/candidate_checks.json,20b1a6d8d4173968fbba04bb56309e6786417f800935092aaff2974a70c56186,12694
results/research8h/sparse_farkas/seed_26092602/attempt_009/certificate.json,9df3a9b5826172a5fe72dbddfd2b097cf4cef58cbe03210dcc1fb2f82e2f67e9,27640
results/research8h/sparse_farkas/seed_26092602/attempt_009/raw_ray.npz,ea36d0dd3873c8a3a81825d73115479598f54a728f989d1d18f86551eb05335a,1023
results/research8h/sparse_farkas/seed_26092602/attempt_009/result.json,74d3cbb191b3292576703b3f354aabc6ab013435d18733505b18fb90e9cfcb32,3341
results/research8h/sparse_farkas/seed_26092602/attempt_010/continuous_vector.npz,dcb89ab14cd7ab03ef0a0e7b3b41ee3e28ef8a1b3f7f6a798f483f1ababdfa59,22960
results/research8h/sparse_farkas/seed_26092602/attempt_010/result.json,40d08cdc760fb6d92e91b3b03a7ac5675081eb2f68ebed25c195beee6740cf5f,1407
results/research8h/sparse_farkas/seed_26092602/attempt_011/continuous_vector.npz,f657039e1a84b60abc6b666abb4f41257ce8ef709a60e00f36420923aa15d505,23012
results/research8h/sparse_farkas/seed_26092602/attempt_011/result.json,9b1fcc1950bfc48b5cae2c68f098aa477bdb0a596967897b8f2dbb8abc86de29,1438
results/research8h/sparse_farkas/seed_26092602/attempt_012/continuous_vector.npz,c958c584d3f6bc47c5ae14f851c95709f2d832bd740ecad4a67f9171e36ecab6,22927
results/research8h/sparse_farkas/seed_26092602/attempt_012/result.json,8c32b9490f57e8818983d9ddcf556a853f391bc7fd26be416a55579d7ed51bc1,1420
results/research8h/sparse_farkas/seed_26092602/attempt_013/continuous_vector.npz,5076c877220b7bb9123c04803a1cd93ccde1341f7dac3f12056208db184a7407,23038
results/research8h/sparse_farkas/seed_26092602/attempt_013/result.json,1ce39c05811ee050c8e1037deb7afa22f1c92fd6782c81c26265f2097e01505f,1422
results/research8h/sparse_farkas/seed_26092602/attempt_014/continuous_vector.npz,1092ccfe6dd1ed44c9e747709095a955dfc85c32202708841760c3b2d532a718,22935
results/research8h/sparse_farkas/seed_26092602/attempt_014/result.json,8219dbcacbb1dd7cfedca555758e0c5fef5f098f813123d372a549d5f49c8d59,1421
results/research8h/sparse_farkas/seed_26092602/attempt_015/continuous_vector.npz,2a81c5c0110b4cddac380ce0441ded32e156e5258449ce4634e629ec8df9eb4e,22984
results/research8h/sparse_farkas/seed_26092602/attempt_015/result.json,7e412a4145f6764d1682aae3976798576a2b29d5b68ce92b0226dc79d2c88369,1421
results/research8h/sparse_farkas/seed_26092602/attempt_016/continuous_vector.npz,dc8cec2e956b3a8a32c1af00c60c8e09abdb9f533e63c55ffcc791033b5ec229,23208
results/research8h/sparse_farkas/seed_26092602/attempt_016/result.json,6c14f8c5ce2320d762cd447231fea714a462da50dad478b6b6e1c243ba423e29,1439
results/research8h/sparse_farkas/seed_26092602/attempt_017/continuous_vector.npz,e7273e98fdc8ce61f1b0f8d5e472f7edf0031df6f5be5e47b41087e8c7c41ae0,22977
results/research8h/sparse_farkas/seed_26092602/attempt_017/result.json,fb46cfd19b87118862cdf78d9b53793c1dee8cf4708ebf9032c3490b1f16c67b,1439
results/research8h/sparse_farkas/seed_26092602/attempt_018/continuous_vector.npz,2969322a994cbaa23709dad9a23e6f976c79bc9be16ae87929d7505a19b5ff20,23072
results/research8h/sparse_farkas/seed_26092602/attempt_018/result.json,59ba55694dc290073a8dc27021a113c3ac3b66fea656bdc7fea63e15d4d4a87c,1425
results/research8h/sparse_farkas/seed_26092602/attempt_019/continuous_vector.npz,e22934e3ba4b3f8f64a23639a03d9a4e07bce67d09a9a5beef34a6cf3b8ec7a3,22990
results/research8h/sparse_farkas/seed_26092602/attempt_019/result.json,5b76fb7565e8288640d3822d7e600384bd8b69ee8ce0a33c6d42f3df88e3be89,1420
results/research8h/sparse_farkas/seed_26092602/attempt_020/continuous_vector.npz,45080ed4532c361efc428b3a74ef6e76d7a5d437f5a1f4892d7ab9c0e12114cd,22955
results/research8h/sparse_farkas/seed_26092602/attempt_020/result.json,54aad1f07e43ff545f7b9c0e08f9d7359320280a80b2c8bf3f237c8b7a824c4a,1421
results/research8h/sparse_farkas/seed_26092602/attempt_021/continuous_vector.npz,b40848045ab337f8fb78ef44ce79dd0327f78c6c2d4c1a0b9ddcd9e0466bf1af,22995
results/research8h/sparse_farkas/seed_26092602/attempt_021/result.json,828929023bc06f6fc27c3b2564e99ae3cb553f95ec2ace291f5c32bb3bbf0554,1421
results/research8h/sparse_farkas/seed_26092602/attempt_022/continuous_vector.npz,7b0cfcea289ee51526974c5163ad46c8fcbb8e9a8464ebd23dc0e8a402e39c8c,23029
results/research8h/sparse_farkas/seed_26092602/attempt_022/result.json,8b62d9ffe11021d6ecfffb37702280f8205e4a28ea35b161384634437268e9f0,1437
results/research8h/sparse_farkas/seed_26092602/attempt_023/continuous_vector.npz,9bd75c411cad5e3a081bca2f6c481b9e439882f09a92de2b133e553dddf775a4,22974
results/research8h/sparse_farkas/seed_26092602/attempt_023/result.json,dbd59ab4fd7e0c5b97ad254f9a03562bfe95df509eb711fd2f5a7248c0c1499b,1418
results/research8h/sparse_farkas/seed_26092602/attempt_024/continuous_vector.npz,34b132e0999258d682093f3967561942f93efea1cefe95aed15804a622aa562b,23030
results/research8h/sparse_farkas/seed_26092602/attempt_024/result.json,c9bb502bd79f8eeea08f7beedacc556673a422cc23d3327c7def69270ae797f2,1440
results/research8h/sparse_farkas/seed_26092602/attempt_025/continuous_vector.npz,496224b1e16a6b4ce27c292ab6e5dcacc3389dd86a78b27bf6c93fc175033587,23080
results/research8h/sparse_farkas/seed_26092602/attempt_025/result.json,5125bb32d174a9fe6782887d8928da1c5cc77b68e83b1a2081dda5dc95128ba4,1440
results/research8h/sparse_farkas/seed_26092602/attempt_026/continuous_vector.npz,16c679081ba60911d03897bf5f9577a9b456eaeeb3a3757364e1b3059aff862b,23050
results/research8h/sparse_farkas/seed_26092602/attempt_026/result.json,a71dcc6a42506404c14070e9d88cd0c2bf3407479701e4835d896927fc0262fe,1420
results/research8h/sparse_farkas/seed_26092602/attempt_027/continuous_vector.npz,6e274f7fe6d85c9eda043e6a18387af0eec386e15fde7ba14683a9ba90ba70c8,23007
results/research8h/sparse_farkas/seed_26092602/attempt_027/result.json,b38f8da211273ebeb4f9862a54a43ed569bcb2a093752a37b4d2afb4cb78e86f,1419
results/research8h/sparse_farkas/seed_26092602/attempt_028/candidate_checks.json,10c9bef703a81d2de00abf718c2da41a8a4d376e9c999467ac4f62b64ac49f51,12767
results/research8h/sparse_farkas/seed_26092602/attempt_028/certificate.json,b2cc5fde9a2ee6883300257ad669a7e239382fbf3bb3e548cd0b52fab3b483c6,28371
results/research8h/sparse_farkas/seed_26092602/attempt_028/raw_ray.npz,882b79c4023d7dd3c5fd368ce6a3e8af0bde0d4937bb45933d14eb0ba5a8897f,966
results/research8h/sparse_farkas/seed_26092602/attempt_028/result.json,4c68951a773e6b4af414eb13339dc1dcf78b3e7f7487cde5bb95692f82fde676,3217
results/research8h/sparse_farkas/seed_26092602/attempt_029/continuous_vector.npz,cc4071882c2a9ded697b923e8e98806b23d8e661d5f98ef3e7d1df8611478c0d,23056
results/research8h/sparse_farkas/seed_26092602/attempt_029/result.json,77cf7c72cc72581f3147c1ff59169a462c55a9889d501c1a158a9cc0b1954a3e,1416
results/research8h/sparse_farkas/seed_26092602/attempt_030/continuous_vector.npz,b2ef8c80834d9d1b02796b17aadca8df0ecbc88cc3a51ad858168ac1700d488a,22990
results/research8h/sparse_farkas/seed_26092602/attempt_030/result.json,562092b634c29f01690df1f79e95934738538081097710baf9ad54f46070089c,1415
results/research8h/sparse_farkas/seed_26092602/attempt_031/continuous_vector.npz,c2604f0f094ec65472d0b85f2a405b7d414b4a15f4faa70967b7da2879422440,22953
results/research8h/sparse_farkas/seed_26092602/attempt_031/result.json,4c7c9cd571305a3f7737e08a24ee99fd01c8dc2ee8a0e74e3f9b41ee85204eb5,1398
results/research8h/sparse_farkas/seed_26092602/attempt_032/continuous_vector.npz,4b9c057e1942fab4ae36d58bd7393d1a2cd69b55b6b5cd23477a7f05d99d8915,23037
results/research8h/sparse_farkas/seed_26092602/attempt_032/result.json,e91a3a2ef40a45f518abdba8a879fe661185e69726830fb06759b628cc8a1d16,1402
results/research8h/sparse_farkas/seed_26092602/attempt_033/continuous_vector.npz,b97ff13a884c6cfe0a4365592f7b4d3db99e0d55ed0ef54db9d5272951d2ef41,22960
results/research8h/sparse_farkas/seed_26092602/attempt_033/result.json,7fd7a345e12b96e2d1ffe89cf8a9a483b5d1e4419113fd11d57c295262435ae8,1383
results/research8h/sparse_farkas/seed_26092602/attempt_034/continuous_vector.npz,15159cff56b3667d6d5ae44d01521809d43fc7c44973280193d35c8290e34d34,22935
results/research8h/sparse_farkas/seed_26092602/attempt_034/result.json,a43d0668714027561c0d1d3d2d528ee030a55cebdb4193dece13a1cbe8e9774c,1397
results/research8h/sparse_farkas/seed_26092602/attempt_035/continuous_vector.npz,0dda08b32506aa91fa0959bbbdf892527cd5a23f182fe284eb210e0b1b2e71b5,23022
results/research8h/sparse_farkas/seed_26092602/attempt_035/result.json,2881ea44659171e0ac89283e15a47075ab99449b3d3a255e6f493c8328e6350c,1397
results/research8h/sparse_farkas/seed_26092602/attempt_036/continuous_vector.npz,16fb21363d5e76d554f0fd22db02a5baffb64e6d7576f170f684f3b77418c275,23013
results/research8h/sparse_farkas/seed_26092602/attempt_036/result.json,8cd01f01b4d4fb6a3f5981f7c310138e0bac5a08d26d14901c1bc268b02fcf35,1398
results/research8h/sparse_farkas/seed_26092602/attempt_037/continuous_vector.npz,a4c262f012fae9b42383a06794eb96e47e94c40a1cf8036b03e86791ec8bf22e,23006
results/research8h/sparse_farkas/seed_26092602/attempt_037/result.json,0df430af7c97ced664a69a85c380031130cf3e95caebb3b6b3b5cf2d081700ea,1416
results/research8h/sparse_farkas/seed_26092602/attempt_038/continuous_vector.npz,264b2cf53e2cb6a7bbc48a2c17cda8f615f4b3456ede34f74b5219c0a05f39af,23031
results/research8h/sparse_farkas/seed_26092602/attempt_038/result.json,fd2c94e7e9550a85e502e0877111af760045c9703eb21766d207a652afac6f49,1401
results/research8h/sparse_farkas/seed_26092602/attempt_039/continuous_vector.npz,06cc575af4981b0fcb1122d5bfc64d1b8e64ab226c64ca423651a43784d5ba58,23029
results/research8h/sparse_farkas/seed_26092602/attempt_039/result.json,d4dfb0c68e8796e1a5a3a54e3ae3570a1e12d190fe4cc187c5d6795f000c99c3,1414
results/research8h/sparse_farkas/seed_26092602/attempt_040/continuous_vector.npz,8792275423ed830acf97f17a2053e1dd3fba61f5adc292385cee42d36063e57e,23029
results/research8h/sparse_farkas/seed_26092602/attempt_040/result.json,4238c57d69b4ac778e9299b5e140417b0780f3ed69afb56343cf039ebfbef3c3,1415
results/research8h/sparse_farkas/seed_26092602/attempt_041/continuous_vector.npz,52b8465fb2abc334a9f4f7e251bef5b86aa820882d1225d9014ec82b569501da,22941
results/research8h/sparse_farkas/seed_26092602/attempt_041/result.json,bbb0e1545098995a9d3ca6acaa4962f428895e02df759af2558f5b417e44f0cf,1397
results/research8h/sparse_farkas/seed_26092602/attempt_042/continuous_vector.npz,b9199a1f37bd2669afbd8dd5605593b245064a35a1aa01f6cb5dc41eef79d502,23030
results/research8h/sparse_farkas/seed_26092602/attempt_042/result.json,797a15ad3cd59354808a03a4cdc4c68fa77d2cdc048a9dc7ac0207633f22ca2a,1398
results/research8h/sparse_farkas/seed_26092602/attempt_043/continuous_vector.npz,debe61a84f4059cf5bc1a4dba283a08f38d2c48f6d464e4047ffa1a303c10ca2,23051
results/research8h/sparse_farkas/seed_26092602/attempt_043/result.json,4f85433eeeb7de7f81d4d9a8c2a3cb04980d85811ec9a1def078307f25dc5fd6,1417
results/research8h/sparse_farkas/seed_26092602/attempt_044/continuous_vector.npz,cd33fe90078ea0dd9f57abb5664ae23b93e739f539c558e0f28a76ea7d7c1de5,22916
results/research8h/sparse_farkas/seed_26092602/attempt_044/result.json,3170b10e9af4ff76e20b4633f535f4f550ccbff6a2f2ef44f3d1fc0871f1444d,1417
results/research8h/sparse_farkas/seed_26092602/attempt_045/continuous_vector.npz,81faea19e2bad4bf2c85e13ad2d03e977d0d39517c86323d6a3280e980acd327,22985
results/research8h/sparse_farkas/seed_26092602/attempt_045/result.json,5ae84b8c44bf5ba4d88b080693e18bd870c247828c392062c04d815095cd74e8,1399
results/research8h/sparse_farkas/seed_26092602/attempt_046/continuous_vector.npz,a310f736f07abbae2587f39e66d0f82ae5cf6bd402dfe8256a55849ccd8e4581,23023
results/research8h/sparse_farkas/seed_26092602/attempt_046/result.json,7f0b3dbb5bf9ee0004ccec427b62ddc78799ffb47164820b4d8b991dae8dad95,1399
results/research8h/sparse_farkas/seed_26092602/attempt_047/continuous_vector.npz,b41422bcda0b9fc6ec1d9242c86437b23773fdfec94258157109a1df4cf4cd87,23061
results/research8h/sparse_farkas/seed_26092602/attempt_047/result.json,3a57cd219b434b7ec836aa15f51464b75848df6aeb61260c69504000e08a31ca,1398
results/research8h/sparse_farkas/seed_26092602/attempt_048/continuous_vector.npz,2044c1388857df4fc534af8271bcdb43c6ce57e078d7f9599efa24bb997960d3,23042
results/research8h/sparse_farkas/seed_26092602/attempt_048/result.json,bc654fd0b83f947db228efcd1e90d357e93cf9f6ddcf7143904bac87a5c2d177,1399
results/research8h/sparse_farkas/seed_26092602/attempt_049/continuous_vector.npz,4e57c7ec8984bd3e705804e5361658d609233ee9cee6f037d21b56e7f3efce68,22928
results/research8h/sparse_farkas/seed_26092602/attempt_049/result.json,8498348a558d4e5f14ed5c7be6607389cac45eaaae636861fed3a31cbf7fe858,1398
results/research8h/sparse_farkas/seed_26092602/attempt_050/continuous_vector.npz,251e3468f8512b3377057c029c5b99fec51de9fd4d8b4ab8650c461eae5dfe71,23047
results/research8h/sparse_farkas/seed_26092602/attempt_050/result.json,ab996664354a7f5a82d8d4b66c9ce566fee3aa02ab154263e1307a9d10e747e3,1419
results/research8h/sparse_farkas/seed_26092602/attempt_051/continuous_vector.npz,ceb35654b9f1db0ca99fd99250b9852ff35fea10d924873e8c55c4c716a36a58,22963
results/research8h/sparse_farkas/seed_26092602/attempt_051/result.json,3b6b9a2405e17d23e2af18358ca7adfe42c3535a383b434ab62a5d38286e4af1,1384
results/research8h/sparse_farkas/seed_26092602/attempt_052/continuous_vector.npz,53972b3e7567537b40e76a8477238f6107a961f2ed5ffda75d0e1f3d35f6fd22,23004
results/research8h/sparse_farkas/seed_26092602/attempt_052/result.json,5e474612f6fd5b84370500c828a31ffbf6dfdcccdea8c82a030be2c27c948cac,1399
results/research8h/sparse_farkas/seed_26092602/attempt_history.json,8b5b76fdbe2f4f844a1bae20fe535bd9a2341341ee0b33bb94d63171e7ce9ee1,108819
results/research8h/sparse_farkas/seed_26092602/certificate.json,53aa9f641d8af88a401b58a99403c06f046ecf64e45c1c127c50b945fa50a25f,24725
results/research8h/sparse_farkas/seed_26092602/exact_variable_bound_support.json,7f399b940b4151f58af7e4874cbdfaea2de930e98648d8b99bda84d3162845a2,1406739
results/research8h/sparse_farkas/seed_26092602/initial_pruning_attempts.json,3ccaaabad2b557c39f9ad999ba55caa2739013fd8205474edcba502ab13dedba,51744
results/research8h/sparse_farkas/seed_26092602/result.json,78783a36941f05687e530e048e3703ac8a70906c72c77e63584e3905ace09d93,7988
results/research8h/sparse_farkas/seed_26092603/attempt_000/candidate_checks.json,3fd1c22c129e13968bf6cc072b494339ddfdc589ea417ac3b51016f0eed0d6e3,15214
results/research8h/sparse_farkas/seed_26092603/attempt_000/certificate.json,3a91a652aafe9f0ffcd29e06983ca5f242abbce9b255256cd627de425644e623,44376
results/research8h/sparse_farkas/seed_26092603/attempt_000/raw_ray.npz,f3b2cba0736ef152574d3a89bff856edbaecc819ad40277c880cc3ddaef3e6f5,1724
results/research8h/sparse_farkas/seed_26092603/attempt_000/result.json,6f789a0591f10dfdc27d3d3da08ad4ff93b10dcd659c055ca44036961cb22acc,6043
results/research8h/sparse_farkas/seed_26092603/attempt_001/candidate_checks.json,eec2fe9af2d1dff339ac88cdca726f80c91150605c3a826af48fdfa195b942c2,14951
results/research8h/sparse_farkas/seed_26092603/attempt_001/certificate.json,d59799eec40d44f10b2a069d712fe75e183fc49c411cd0dfdb57870179a5f646,46078
results/research8h/sparse_farkas/seed_26092603/attempt_001/raw_ray.npz,fd7d8a7ee930e995d6aa741357db8c38e39f8ab278fc7e3e97c26468ee054b2a,1543
results/research8h/sparse_farkas/seed_26092603/attempt_001/result.json,c1865d2454dfa0bf334941426597609f2e61c942fa18ead1e65e7f67ce82a06e,4403
results/research8h/sparse_farkas/seed_26092603/attempt_002/continuous_vector.npz,21207a28338b227973623af591070a954c0888fb640853782382b48a7467e88c,23245
results/research8h/sparse_farkas/seed_26092603/attempt_002/result.json,493c6ed3d43cd1b6ea8df285d5600b4208ac0284d4a45be57ee1f8201983f880,1898
results/research8h/sparse_farkas/seed_26092603/attempt_003/candidate_checks.json,8d2deeae2ad39700cb4d5fb91d27949c22830e6b3eea648ae14a46c8693fa0f3,12979
results/research8h/sparse_farkas/seed_26092603/attempt_003/certificate.json,3604cb0ad9eb0df74464d66e8ce6edecb6989bc49d8c5bb41aee32c110511a6d,29794
results/research8h/sparse_farkas/seed_26092603/attempt_003/raw_ray.npz,2b2dacd0323b345c339e1b27ee3ac66f0bb964cc7224befaa990aa11714e1aba,897
results/research8h/sparse_farkas/seed_26092603/attempt_003/result.json,69f4ddf0a8b667c096290bca5f4bd078c3f4f2da00310365be5254c7b7308f51,3850
results/research8h/sparse_farkas/seed_26092603/attempt_004/continuous_vector.npz,70c9ad30750c4fa0e3d4ed1dd5b555c39ad5e70ba66621437ffef238e47cad51,23135
results/research8h/sparse_farkas/seed_26092603/attempt_004/result.json,c1bdf6b9b94b21ee16c3e42fd4ea410798532a195ac0a15ed06770124905b6dd,1316
results/research8h/sparse_farkas/seed_26092603/attempt_005/continuous_vector.npz,82adcd97e47959917578dfb8d0b5323024a7cf9435e1448848513226bb5f2148,23129
results/research8h/sparse_farkas/seed_26092603/attempt_005/result.json,969d2492ceadf70551d7c5efc89cc68d98b9313847683c230347b879ceea83f6,1301
results/research8h/sparse_farkas/seed_26092603/attempt_006/continuous_vector.npz,b1dfd8580ea31bb586596d667af895f914720aec5d015f8410c73a8519fbd86e,23084
results/research8h/sparse_farkas/seed_26092603/attempt_006/result.json,2da60daa5539f3236bc489d13571f46d4b3617525cc0718518a57b54639fdfe0,1317
results/research8h/sparse_farkas/seed_26092603/attempt_007/continuous_vector.npz,7cf735c7b421e3c96b869666eebdd0595ccf79f5d9815613aabebccebf0b76ba,22949
results/research8h/sparse_farkas/seed_26092603/attempt_007/result.json,9ad2beeda2420c4f0a32c7c020859c4d4de0c12d209d0dded08c87af4b5386a2,1323
results/research8h/sparse_farkas/seed_26092603/attempt_008/candidate_checks.json,3952dca45ff459b886d14faab9a26031f4b2ac226341dc5f1627ecaed234897c,12448
results/research8h/sparse_farkas/seed_26092603/attempt_008/certificate.json,59f8ba509d70a82d6a839f2e659d7b4fe5629d4bf24df404eec454981f5e7894,28129
results/research8h/sparse_farkas/seed_26092603/attempt_008/raw_ray.npz,9d1796768d1d73b8bd756c43b8e348d189760c069e893dd03d5ba8e4730c4943,882
results/research8h/sparse_farkas/seed_26092603/attempt_008/result.json,82f6a2251a97a8ca7b5a5cbb4f1a7b9531b0bc270da46023ac4254ca0b97cd69,3117
results/research8h/sparse_farkas/seed_26092603/attempt_009/candidate_checks.json,a87d00aeefe8beb47660e06856f23299dd300e40152093615c605c2269534075,12267
results/research8h/sparse_farkas/seed_26092603/attempt_009/certificate.json,795424435b502048a817cd4a3a33eb314bc482fad6c67eab572a6a6af0fa3786,27723
results/research8h/sparse_farkas/seed_26092603/attempt_009/raw_ray.npz,e399bc435c3c4bc19f573169b3251bc45d3473e8d66950baf34b125f6906881c,884
results/research8h/sparse_farkas/seed_26092603/attempt_009/result.json,b9da347f2960e185f605879baf735365726b5acc0174027a7f2b3832ade96d59,3012
results/research8h/sparse_farkas/seed_26092603/attempt_010/continuous_vector.npz,c4bc5763a7e6172db92b33e9ea79b6308c4d90a096192200c84617aca5074bf5,23003
results/research8h/sparse_farkas/seed_26092603/attempt_010/result.json,95c840cc7c353b413db2c568b5185b78d1a66b9479601cbf9a7af6115d68821a,1202
results/research8h/sparse_farkas/seed_26092603/attempt_011/continuous_vector.npz,818bb1b99448d9ce177c726eb3b47f57916ce56f3b2e8e306d86119fa116a1a8,23100
results/research8h/sparse_farkas/seed_26092603/attempt_011/result.json,04143a991e46c8064b6c9e4d3afdee15a454c943e1259dd1cab1c1819d0a1ad2,1202
results/research8h/sparse_farkas/seed_26092603/attempt_012/continuous_vector.npz,87fa9a21cea64d2585c8c403cc868c08b07ddb542ddfc260cb1f6f6f07b9a2dc,23176
results/research8h/sparse_farkas/seed_26092603/attempt_012/result.json,a8043a0743fd25d5d2df9c753657c0b68af07cb6b04f34197fa4e14c6d9019e5,1187
results/research8h/sparse_farkas/seed_26092603/attempt_013/continuous_vector.npz,fd30deb35697adbde5bfba30f51c297e1488780c72df06a6bc17715a96a1a953,22977
results/research8h/sparse_farkas/seed_26092603/attempt_013/result.json,4c9a4dd57b885fcc93e0c201dbb251e9a0a0ff84ca588611fc927eb8f019c8aa,1202
results/research8h/sparse_farkas/seed_26092603/attempt_014/continuous_vector.npz,e94e31d6e1d87e8968ceaccb1514d93e67836e32956288ab62cd5615dfb2b885,22994
results/research8h/sparse_farkas/seed_26092603/attempt_014/result.json,e8ad3875dd651784e8753ee331f59f8a4dcc3bdcdb398566379f4dde4a46b8af,1201
results/research8h/sparse_farkas/seed_26092603/attempt_015/continuous_vector.npz,d8feb37a6bf9533bf25f98a09443683cb3c2068ffee15ba8d2829317d154b35b,22996
results/research8h/sparse_farkas/seed_26092603/attempt_015/result.json,156bf91fda0307cb9414b6dbfb4588bda4927318d662995f309f2f12b4c85c1e,1203
results/research8h/sparse_farkas/seed_26092603/attempt_016/continuous_vector.npz,74567601b81bc828d091fcdbe4e75a2f15a834b9968348c9af0f7299a37e7ea4,23003
results/research8h/sparse_farkas/seed_26092603/attempt_016/result.json,7984439d9361837734ddb48ee1f98144b5b8efa75072eb416e47d3db05604fbe,1221
results/research8h/sparse_farkas/seed_26092603/attempt_017/candidate_checks.json,a679e5d30554516dcdb89a607c129d361bfe891ebe079984d8f92b04a6018d52,11944
results/research8h/sparse_farkas/seed_26092603/attempt_017/certificate.json,236944c09ba43de22a38437ce4d0b8df4e5e78a1cd2cbc9ed1a2e63a9550aed9,25824
results/research8h/sparse_farkas/seed_26092603/attempt_017/raw_ray.npz,5ee652ac4e8ff40e0a67eb0cebd07f2b203de401d0a8a418c0773fcf0883b7cb,1004
results/research8h/sparse_farkas/seed_26092603/attempt_017/result.json,c2a8da28554382b0857d01ef802ac8e5b6e78715bd7b0cea850fb1f13dae49d6,2860
results/research8h/sparse_farkas/seed_26092603/attempt_018/continuous_vector.npz,97f2a59cbc2d33d49ab813eeb0328bd3504fbde7f0e01e4512fee665581888a9,23090
results/research8h/sparse_farkas/seed_26092603/attempt_018/result.json,1273b1cd5fb307409c3644fa43d56c11d2f3195e3afd489974c2b2dca9d0765b,1154
results/research8h/sparse_farkas/seed_26092603/attempt_019/continuous_vector.npz,8f8a5430451501c3136e468743ed66b3b27d38f00714ec812f08498ab2a82fa7,22997
results/research8h/sparse_farkas/seed_26092603/attempt_019/result.json,d1a14a86b8744e6cd3acb0072934723454d51fc876a56d5a78e74c3565d7e5fe,1139
results/research8h/sparse_farkas/seed_26092603/attempt_020/continuous_vector.npz,34b0379e78ec8bc4d080cc8ed3f26f65b398c55d31b8243785fd9c7011c8421a,23097
results/research8h/sparse_farkas/seed_26092603/attempt_020/result.json,a8316e41cfaa6a72eb3f1502a6a47ff2e5ece6fe7b0a89719244e6f64eb02f72,1175
results/research8h/sparse_farkas/seed_26092603/attempt_021/continuous_vector.npz,4cea07f8f06cb338d61bd1d75bf426a270911357ad7fd6c8c5b0cba7ac6f4adb,23041
results/research8h/sparse_farkas/seed_26092603/attempt_021/result.json,664549b81e2ea3dc2c5ba0d38ff121bda80ec7c985611bfe0326d37ec35fff92,1173
results/research8h/sparse_farkas/seed_26092603/attempt_022/continuous_vector.npz,819bfb90c25d751a4d65534a1f5d209722bf9fad9929dd19b5f374a153b8a041,23128
results/research8h/sparse_farkas/seed_26092603/attempt_022/result.json,21874be78995688478f3b32821eaec09fe1a77a9e2dce2d751a326a9adf6f879,1176
results/research8h/sparse_farkas/seed_26092603/attempt_023/candidate_checks.json,a01b056a76d4a98e5a9b368dbc28edb8af26c451b0e186f0fc9fca97d7167cc2,11787
results/research8h/sparse_farkas/seed_26092603/attempt_023/certificate.json,6de28783fbb4a158ca14b89b1e7e8e422d25d2e84c21f705d406a6c4f2350caa,25685
results/research8h/sparse_farkas/seed_26092603/attempt_023/raw_ray.npz,7c90f1a7cdecbadd67795e60ad5f5ac96a905a2b05c0d5f565072d2c09df1c8a,807
results/research8h/sparse_farkas/seed_26092603/attempt_023/result.json,8d4002be9f2a3f0afab0b8d35857ea78ff04e1ad997c078b3d7c6b8f26d473d9,2802
results/research8h/sparse_farkas/seed_26092603/attempt_024/continuous_vector.npz,f61330e5cf9523496e0f876e2b868b574a894705fa7b08bbef464d11d5f1724e,23076
results/research8h/sparse_farkas/seed_26092603/attempt_024/result.json,62b64ff6bb6770a4a3210bbc38f5acf0ebec838260bbf1dff6817cd0296b344c,1133
results/research8h/sparse_farkas/seed_26092603/attempt_025/continuous_vector.npz,1d894ebe4217773a6eb088584032ae9d0935b85b766dd34f40d7c360397391ba,23023
results/research8h/sparse_farkas/seed_26092603/attempt_025/result.json,acf97153bc0d87e11bf823a4f4c5cd5f8e7f13ecc8d4e680acd5e3520887c188,1119
results/research8h/sparse_farkas/seed_26092603/attempt_026/continuous_vector.npz,dd70a635656f1d1f1e7371b5db8a2d4a4c216503d552af6bff66b7fbedd19682,23114
results/research8h/sparse_farkas/seed_26092603/attempt_026/result.json,43fb53ccaf98d7760b08ec8f1eba4f404919a854b886ce5a663d51c3f2a03466,1134
results/research8h/sparse_farkas/seed_26092603/attempt_027/continuous_vector.npz,7f8bf9a99f2d5b692f1da3c021b1e5e0e0f0b64ca360dbc3e5d1af4c8fccea56,23159
results/research8h/sparse_farkas/seed_26092603/attempt_027/result.json,53da7e5e424f676ef9538140c37c2b3edd8aafd5d87d916ec416bb7c101ab978,1151
results/research8h/sparse_farkas/seed_26092603/attempt_028/continuous_vector.npz,41fedf3ce95fb0ff0617074c3e1840a03db7d372755f662f93db9f6de978aa5a,22990
results/research8h/sparse_farkas/seed_26092603/attempt_028/result.json,761b87b535c20d73ea939a9db402a523b18dd24fd26399fabba3d6b13ae13e90,1133
results/research8h/sparse_farkas/seed_26092603/attempt_029/continuous_vector.npz,067d2d71f08eb903b2f0b107c9f2ee2b1ffe24fb66b6dadfa38c8475c448b11b,22946
results/research8h/sparse_farkas/seed_26092603/attempt_029/result.json,46ea2784f4fdcdedf5f811427844a6c19c014b88e4cddf5081d105802c0b5c14,1134
results/research8h/sparse_farkas/seed_26092603/attempt_030/continuous_vector.npz,bd3d8ee031fdefac470b1761a89068f5ae338a39ca847486237c4de49f932c74,23119
results/research8h/sparse_farkas/seed_26092603/attempt_030/result.json,0df90b8657f8ffec065ca20400792f436f9e834447ea6168dc6735823fbb9499,1133
results/research8h/sparse_farkas/seed_26092603/attempt_031/continuous_vector.npz,809ab444751d4110cf4783fb4f4fcde141101cf1ab8b3d4d6da3aeba4e8e8b67,23009
results/research8h/sparse_farkas/seed_26092603/attempt_031/result.json,59f1ec3c039930ec45c2496ebf244109f6c56bd094875f0e3df27f7cdaccaf02,1132
results/research8h/sparse_farkas/seed_26092603/attempt_032/continuous_vector.npz,3db20929ce25ee7a83216314cbbd779ec8cd3865685e64a01376f1c863107b8a,23069
results/research8h/sparse_farkas/seed_26092603/attempt_032/result.json,01e42ce0681daffb5409c95e6f4a707e1145a9ca41aeaa7be6cb16a02e3e01b5,1132
results/research8h/sparse_farkas/seed_26092603/attempt_033/continuous_vector.npz,ece8d3425868f844422f6ab36987655d0a511ba26f93c2b096b17cc9d16eeb79,23018
results/research8h/sparse_farkas/seed_26092603/attempt_033/result.json,81c0dcfef764bcf87a728956ce824bd6b7bc9ba0d6f649f8e3fe046895e689a6,1134
results/research8h/sparse_farkas/seed_26092603/attempt_034/continuous_vector.npz,45745952d5080c7423c9104c1fff420485acd8793982573fe4e6db4a65d08f33,23040
results/research8h/sparse_farkas/seed_26092603/attempt_034/result.json,117c61ca3358773b5c4da0f81ec9c6c281165375bc63bcb281dfb1eb9a280774,1133
results/research8h/sparse_farkas/seed_26092603/attempt_035/continuous_vector.npz,0bac962c05fcf454f8649cb100e4fb2f2d829ce910c6ff338c60bd6e75428cc5,23073
results/research8h/sparse_farkas/seed_26092603/attempt_035/result.json,0675213263f7995303f9f553396026fd90f451d4394a6b4f241163d5cbd437f3,1149
results/research8h/sparse_farkas/seed_26092603/attempt_036/continuous_vector.npz,2db454410e092b536499818ca5a0651fb7b4e5218c60947f6fb9a92d28af8eab,23133
results/research8h/sparse_farkas/seed_26092603/attempt_036/result.json,5507fbbbab38a11e06ef95a498764801523da65ed38c4e19f30c2d0564f8625a,1133
results/research8h/sparse_farkas/seed_26092603/attempt_037/continuous_vector.npz,68f63f2e07775c55463ee48f0e62849bcae5ffe71a401a0297767d582d3d83ee,23103
results/research8h/sparse_farkas/seed_26092603/attempt_037/result.json,6097e5af01db24cdb036c714d883035260b647b7dfb404d8a335d6008c4ce83f,1133
results/research8h/sparse_farkas/seed_26092603/attempt_038/continuous_vector.npz,103ec91f5a3e9750a6dcc59122e506df8e495328fc0da4ac68565fb7e4f044f8,23158
results/research8h/sparse_farkas/seed_26092603/attempt_038/result.json,04fbdf52b8dcbbf17587794bf6773c58a9495a1a39bb10ecfe16e0049d22595c,1152
results/research8h/sparse_farkas/seed_26092603/attempt_039/continuous_vector.npz,0732ac05efcfb0473714e0723ae58093e979f281f7eebaf38aa3d37ff2193e00,23062
results/research8h/sparse_farkas/seed_26092603/attempt_039/result.json,ac99da1f6abe48ec516fe07837f873317c49a1d1a83c4075d9e51e18b499436f,1134
results/research8h/sparse_farkas/seed_26092603/attempt_040/continuous_vector.npz,876181809aa9474a24c699a58f758fd529b2455f2c7c0cbba20b9798550ee526,23010
results/research8h/sparse_farkas/seed_26092603/attempt_040/result.json,d8772d62ceec78dfcd1b88337968ac91d6dd1ba814991def0614f3ee6802a5a5,1134
results/research8h/sparse_farkas/seed_26092603/attempt_041/continuous_vector.npz,824761f2418b455070643368cdeaee50787525704f138fcdf4dd7d4c55464b5e,23010
results/research8h/sparse_farkas/seed_26092603/attempt_041/result.json,4c9d07536ba1de4ab4659d29257105c05f0f69e9b839fe9134b7f221def15021,1152
results/research8h/sparse_farkas/seed_26092603/attempt_042/continuous_vector.npz,d90727969430a7745ba877ca5ad0d1f4a26bdcfe37bf16fceffeaaf4ba9debf2,23115
results/research8h/sparse_farkas/seed_26092603/attempt_042/result.json,af9f6d31e1b8b001992241ccae5eac8b8a27263db5b40e600e822349be7e862a,1150
results/research8h/sparse_farkas/seed_26092603/attempt_history.json,d7c6c1e37ff333fdeb74e48114816019b4ca39db67c833480482099f65e0ed3a,78020
results/research8h/sparse_farkas/seed_26092603/certificate.json,66f72e8e5337c47308caee3e35381b815b699318831eef88b2bffaa772bad142,22238
results/research8h/sparse_farkas/seed_26092603/exact_variable_bound_support.json,7a0ee1ca7cdeb1897e90dcc280a9c5dea2ce46f1ecc7ba079aa92dadd2f9ce6f,1459246
results/research8h/sparse_farkas/seed_26092603/initial_pruning_attempts.json,de319e80d93ffdc20fdb85d09104f6df1f6ba6a07eab2062a057f37b076c988f,45334
results/research8h/sparse_farkas/seed_26092603/result.json,cee153e0ae23714be89699eaa6a61da4fb4aee4f5c01fffbfa65f7b89835f436,7634
results/research8h/sparse_farkas/solver_free_replay.json,918675dbc4845a1e6429f1a0356998bddf4db17e515d617317fe9d442284aab4,12819
results/research8h/sparse_farkas/summary.json,c62a29de28216a786f08713066efd9df564275f418beaaa78a0bdf514b5f7764,33535
results/research8h/standalone_verifier/READOUT.md,4f0cc6d9c01363f7fd64d0e45eb36f87e271d47c9a0e94fa5599f3a7ded475d1,3897
results/research8h/standalone_verifier/artifact_manifest.csv,996dbb8f6c59b8935d92737884c6b747806cfa999588f0b5697b0b39428bf434,1061
results/research8h/standalone_verifier/compare_selected_fixtures.py,b902637eb2ef7a9d6a2e70434dd90787e4a950f1c70b241756955bf5bd3db280,4436
results/research8h/standalone_verifier/day_312_point.json,d11df0e2ac5f74ba97d5d3563346b12344ac919bc513eb0855d595c3803653b8,2035
results/research8h/standalone_verifier/final/day_312_point.json,fba3deb96b97d89dd31fbe3d8c7f7fa160ad79261afc9569df3256ad04607077,2076
results/research8h/standalone_verifier/final/january_identity_point.json,23c886f0a6e0ed83f76cbd4760db0348565d227ad446e1e1f3f266bc6799a38b,1915
results/research8h/standalone_verifier/final/january_seed_26093100_ray.json,e9d1211153a577cfa41cc9255002847584e75be0b154a5b41b54c4fd1bd830cc,4665
results/research8h/standalone_verifier/final/january_seed_26093101_ray.json,bfe8a0a3bfbe05e7c8031d828ea05bf67a140ddc70bcced48cc895733097e73b,4335
results/research8h/standalone_verifier/final/self_tests.json,7f1464ba09c058053f1f9c97ff04af8e5b5ee0b340b7434daef13f8ff056f241,4018
results/research8h/standalone_verifier/january_identity_point.json,ff99f0dc65744c95e8b36b7dba0b46f0db1a5cfd457afbdb218c1bd355fb6a98,1914
results/research8h/standalone_verifier/january_seed_26093100_ray.json,0ba455a3406c093cf847c186574eb465211c009ede5df5316fcf6e7ffc3e42d0,4622
results/research8h/standalone_verifier/january_seed_26093101_ray.json,9cd03daa2232f2907d9d643386270be6cf1bc1387f63936739a5f8fac7150083,4335
results/research8h/standalone_verifier/selected_fixture_comparison.json,a6c2193fc320ed46a2a556409b10438d0497c252dd8cc8d59d46ebaa0f5adcaa,2034
results/research8h/standalone_verifier/self_tests.json,30e308246f5a6504c4992bf49e71db28a6ff3dfbe24c7e7dcd647fac5c32855d,3883
results/research8h/strict_balance_paths/FINAL_READOUT.md,200b018241f361c08c7aaa88b26e4986971e6ae5a7ea5f6b54c484713fd3041d,4651
results/research8h/strict_balance_paths/READOUT.md,4a8208611eacfbfef4c28e6992bd53d5b15c3ad1528a7de22240e0936638126b,3707
results/research8h/strict_balance_paths/artifact_manifest.csv,a4f860c8ce981b0fb60c8c02c6e9e2b581cc7b075951041b84037c1402072663,3564
results/research8h/strict_balance_paths/common_paths.json,eeeb32bb3d988c486a9ee62129e1307de98d1b0800fffad2e2423ed3dc50aff2,39053
results/research8h/strict_balance_paths/completion.json,9521a2c45f05866f323c19cbf824a67ef6b9a47966147f77508f4e704692d4d6,659
results/research8h/strict_balance_paths/execution_started.json,53e3953c82399d0db93ab6f0e9b9aa33fb90f6971c139008c11d24edd632a56e,236
results/research8h/strict_balance_paths/focused_checks.json,fa83df67e267b2ac54a491aa6e39f241fa2db73ac2dbbfc6c090adaec304160a,319
results/research8h/strict_balance_paths/input_manifest.json,c418af87aba6912c8ed70d65233eed828e6d83772ad8ce5a2ede70d0ac2cfd6f,8084
results/research8h/strict_balance_paths/month_01.jsonl.gz,2a28df65688efa68f1f7d62be5d8dec3b2bd589cf4d5ea5dad5701c905f467d2,1603752
results/research8h/strict_balance_paths/month_04.jsonl.gz,25bbde32905290e5c578f05f33be7302efd79d49e5c1b864873dfb800ae580f0,1608674
results/research8h/strict_balance_paths/month_07.jsonl.gz,9ca98c9757232531c3cf88331356f580543a64cdd0b13740d00dff56bbc538b4,1610616
results/research8h/strict_balance_paths/month_10.jsonl.gz,db925028501cd5e66081eef57bead30f41f3e8670872ce9b9de84298f3c0498f,1603228
results/research8h/strict_balance_paths/outcomes.json,53ddbf2587e3ec235fad87dca9e775c6e934bf7043d49ef05a79041bd03cf950,268933
results/research8h/strict_balance_paths/prepared_freeze.json,c931146bcb73a57f392d8461bc2217d4fdb8a9dee4259eb7aae08ad08caaf43c,817
results/research8h/strict_balance_paths/prior_readonly_inspection_note.json,d8d5bc984119081be4be8f0c79e8ba575278b12c10e536593fc1df443501dca3,411
results/research8h/strict_balance_paths/structure_preflight.json,7cc9e555bbfd9c91d06a880c9f819da15017146f2d34a5d1767a0e76a083276c,1895
results/research8h/strict_balance_paths_independent_review/postrun_review.json,9680f31d6d352dbcd9b20815a78b19816340584484650c6a582fc064320309a8,3532
results/research8h/strict_balance_paths_independent_review/postrun_review.py,bffbabef0cdbfe46e7336ea0d1be80cfe51b3d18c931fdc70c93386343371710,11763
results/research8h/strict_balance_paths_independent_review/prepared_review.json,b62ff9472bb28d555727ed2767321f0324847a52e521a58817582abb019b7834,2365
results/research8h/strict_balance_paths_independent_review/prepared_review.py,238b223feadd94e04b48666f22bc8e36713092783cba43b9b4784087e34276e5,6400
results/research8h/tau_fixed_evidence/ARTIFACT_INVENTORY.csv,829cec074535d10d53f4b5ee082bd1694e353ae747a8448087b51b4e9c9f6a8c,33083
results/research8h/tau_fixed_evidence/FINAL_READOUT.md,e89407f32d60df860907a979778ec6c9e056080ed7af879b6fb494aa6ff02120,3425
results/research8h/tau_fixed_evidence/capped_ray_ranges.json,0440f2f35c1349847b300c3cc2c88f8aadf49646a732e61e9a1ddfcd8c362cf4,32570
results/research8h/tau_fixed_evidence/cases.json,94a51babcf2429f5cd28c0c6d95205c72728841e1626ed6396e785fb981e745e,10181
results/research8h/tau_fixed_evidence/common_ranges.json,7fe79eea430d558636e71af2efc6619f2fd681e94bab95f422c6063050e9735c,4720
results/research8h/tau_fixed_evidence/completion.json,c30960dd348e34ca9ba95231079ffd641ea88f9374e49679f0058bd421a4de0f,504
results/research8h/tau_fixed_evidence/energy_ranges.json,aec14f90644d0157d6c981f3f0708b961d50bafcee7f375635b918f790951e21,28229
results/research8h/tau_fixed_evidence/execution_started.json,db357a60ed38d450405f976643fdb9e0be4ef3179de8fa86473d847f4957818d,172
results/research8h/tau_fixed_evidence/input_manifest.csv,79c39fd85153e05b261ebf64ed7bd9e1041ae2311fcd527035339bab6230c4df,30237
results/research8h/tau_fixed_evidence/point_thresholds.json,2e81019137b768eae354610ad5d079b02c401b7bee045b48a53aeccda9e77963,27676
results/research8h/tau_fixed_evidence/prepared_freeze.json,2d66e1cb58571a60fd4a03a773547cf574e9b9487611f264ba3dd4bb67ab54f7,931
results/research8h/tau_fixed_evidence/producer_closure.json,5ce2845a78e88c39e2d2bfd516074cb0ed6c374afd6705652fdd76ed26ba40e8,3029
results/research8h/tau_fixed_evidence/synthetic_checks.json,822dae607f9bb6ef4acca7185f474365240980a698609cc965a00f806e9438ce,397
results/research8h/tau_fixed_evidence_independent_review/postrun_review.json,ec967e2ad645a910c846dc541a4355da35d9bd816eded55f3c33483e9880642f,12206
results/research8h/tau_fixed_evidence_independent_review/postrun_review.py,fd73c03fa9da144bcbfa3a38e0daa21f931900377b7a3ca8601ec872933c09d4,12198
results/research8h/tau_fixed_evidence_independent_review/prepared_review.json,d89b28ecc8432820280c8fe32f7cfe17b4c7c7b411a5d0e91b3608da17104fc8,8460
results/research8h/tau_fixed_evidence_independent_review/prepared_review.py,0678e4179949dfb74337fb31dbb223b583133cc70ea54ffb92a24cebd6bd83c6,9469
results/research8h/three_week_energy_figure/optimal_energy_differences.png,274eafa6b45364bbe6ae2c6a6f9495ccd2e125d2deb8e93ec1e23ca87523357b,144344
results/research8h/three_week_energy_figure/optimal_energy_differences.svg,dedf215ac701202cf788e6f1a4939a2fd6ec057de6fd08662bc9824e2cfa46c5,16093
results/research8h/three_week_energy_figure/provenance.json,da55870f5c389d07f8efd684a0287a62a002542845f501beb853b303926b93f6,10597
results/research8h/transfer/INDEPENDENT_REVIEW.md,ce1a261495ffda4e340668f8d4ca15423895a1ad675c0525c85a7d6b185bec2a,3094
results/research8h/transfer/READOUT.md,b03e9046930b9d501bc1e74ac1ae6112045ef1aaa70c96f49fb52c6ed59f7a01,8110
results/research8h/transfer/archive_replay.json,26cb1c260ef9ce22661e9afdcea78a42207f2e6f4cc2518785a2cf0892d107b0,37222
results/research8h/transfer/audit_artifacts.py,01d09fe636f95dce059eff5236ecc40f37c3bec316b468b41cfeb1bf3f6e7930,4068
results/research8h/transfer/completion.json,9927654b874ec570944a347eb16bc7335f943e99eca15833ac14f4de2c88d498,266
results/research8h/transfer/coverage.json,9d879a94cc43de25d5acda47099012303e33678e1fec478fdb208818cd0835b4,1168
results/research8h/transfer/environment.json,76896496eaad4a9cdb4f3c4645efab0674545c2f860a06f0ef6525d068a15863,216
results/research8h/transfer/execution_context.json,acbf65c5e895f2e59fb32ec45b1546f31fb8439a055b936427bec1450094fd2c,553
results/research8h/transfer/input_manifest.csv,b797cc7a0e1a192ebfa0c4d47e873e9512444c13f65b96e475797f7aa9f2b5c6,7120
results/research8h/transfer/model_column_order.json,e11ab418c93341678181b5d27eafc0c893770b120f39a5a88f7deca73ddc6341,1528
results/research8h/transfer/ordinary_26092700/case_arrays.npz,27eac3b2cb5692fce183d979bf9799f7acc2f9a5fa10d8aae6ad6a2fc9864290,15744
results/research8h/transfer/ordinary_26092700/full/bounds.npz,fdf93209a38e1c83e0ab4c6d16c79b6ec80a148f88d8c07da38125482d88ef7d,10551
results/research8h/transfer/ordinary_26092700/full/dual_certificate.json,85c7c88eac8e3820eb5df4b3edaf9cc95fb204c5be22836d528131b5a67fe913,84613
results/research8h/transfer/ordinary_26092700/full/matrix.npz,6af039900e02e8d16a419686a8e11a4f33515092d0647af4677bbabda4b8754f,143874
results/research8h/transfer/ordinary_26092700/full/raw_solver_ray.npz,bd25a94fa7441058ed1d8dd5b4f1e0c11d46532c2c37ba67164491388b5509ea,5239
results/research8h/transfer/ordinary_26092700/full/result.json,1f05a07cc530393db7eb5803b90e2710dcb664dbff8a6ba0c904264af2c3d403,8399
results/research8h/transfer/ordinary_26092700/full/row_metadata.csv.gz,6c99a189614ec3223b73582a6c931f48a18c61407372474f75c6527897151a12,171788
results/research8h/transfer/ordinary_26092700/full/solver.log,d5514f034bc84ad0274f9eedb810e6f57f7a7c410918b403ece489d01f03955b,726
results/research8h/transfer/ordinary_26092700/full/sparse_multipliers.csv,dae67f3bb7bf6b1ccb1dd8070f47e61f42207c8718f61fe17833fdd8856c5ece,61619
results/research8h/transfer/ordinary_26092700/generation_checks.json,4a59c97a03c6613c8a1c6919c0efe1c9cbdbb5e89d57c0bb230e252cb6a79da3,2732
results/research8h/transfer/ordinary_26092700/locality48/bounds.npz,52bd4655ee40d141e3acad2763a01ffd0e144dcce2295c2e6901579b801b50d4,10429
results/research8h/transfer/ordinary_26092700/locality48/dual_certificate.json,59ea6af8ab586713690f3a1999869fda3ab460bb2d725d53454862c5428431a5,49523
results/research8h/transfer/ordinary_26092700/locality48/matrix.npz,bf7905b7d669b83c36191900631c68a053204a85981099102b5d2a0a7f02957b,109352
results/research8h/transfer/ordinary_26092700/locality48/raw_solver_ray.npz,dd332cf860e6fc90635ab694a6b0ad5152880032efc61c93dce636c0b8708632,2391
results/research8h/transfer/ordinary_26092700/locality48/result.json,073fd40ea180cb42a4b7fabff57c121c283cb58ae68903599ee33a8885c0ffb9,8298
results/research8h/transfer/ordinary_26092700/locality48/row_metadata.csv.gz,127a29f60e9d1f772560c09994854106392027f6e26f8a320eefac780d4e3a9c,125292
results/research8h/transfer/ordinary_26092700/locality48/solver.log,c4b3f7312877e272d1ffbc96ba3a87977a34130cbee061f8fb793be8af750f22,725
results/research8h/transfer/ordinary_26092700/locality48/sparse_multipliers.csv,2d63f63a5a1924713b64669202cabb990cd0c0c8b9a8c1b22790847092be19d5,34546
results/research8h/transfer/ordinary_26092700/permutation.csv,39efa38650cad0b4e313d0e9d8b40f1e6a2c4134f08360b53d6c239f2f77ad38,2186
results/research8h/transfer/ordinary_26092700/two_cc/bounds.npz,8cb2e77a000ca41d9ed92886981d66e74759b7ef7901b0ff82dff58aac947857,9384
results/research8h/transfer/ordinary_26092700/two_cc/dual_certificate.json,538d43a4d9597582b9f7b9d25048f4a8173afaae3d77682fd27ca7f84c2fded2,33585
results/research8h/transfer/ordinary_26092700/two_cc/matrix.npz,2f9bea72c744ddef148b0be918fbf77db7b7d32094decc969a7a50fa983f9cf6,61497
results/research8h/transfer/ordinary_26092700/two_cc/raw_solver_ray.npz,9ecd9de9d635e0f5b4cd0b44c0481cb43df1422ef9b8493f1563233e9f4d89c0,1544
results/research8h/transfer/ordinary_26092700/two_cc/result.json,1758232907a2a8208e0a9ddb35b4671abac76eb4040cf4c1ff4bb9cb506506ed,7803
results/research8h/transfer/ordinary_26092700/two_cc/row_metadata.csv.gz,9c2263dd2e909500765b6b93111686e2c5841280970b7a390901c721ca81eadf,65738
results/research8h/transfer/ordinary_26092700/two_cc/solver.log,968126b909c69e60fc36a3c62525b66f123b267d827b198512d3a950ba29cb13,724
results/research8h/transfer/ordinary_26092700/two_cc/sparse_multipliers.csv,3d8eabb99a29a5e9c2e7b41681a7d0145ff31b41bbf18508b418607d557d16b5,22511
results/research8h/transfer/ordinary_26092701/case_arrays.npz,a4cae91f90ebd7f226c927d3062adc076983b15732edcdae04af94e23acc36e0,15630
results/research8h/transfer/ordinary_26092701/full/bounds.npz,7465c98a0d42abb960bc5b542282ccd41a0d59e03309ca9d54355a34caca9197,10514
results/research8h/transfer/ordinary_26092701/full/dual_certificate.json,755ee56c9267624d580340a55aa6f38c4426340979492fd3637f6231054055cb,75588
results/research8h/transfer/ordinary_26092701/full/matrix.npz,6af039900e02e8d16a419686a8e11a4f33515092d0647af4677bbabda4b8754f,143874
results/research8h/transfer/ordinary_26092701/full/raw_solver_ray.npz,a683e084a2b364bc581bce525246aab0ec3e266ad1c1b4e15e9cac3191e8b5f4,4941
results/research8h/transfer/ordinary_26092701/full/result.json,c4e7869d080f32a8b1238525ed48ba6ec9d7560feb135d93c7f37f0509280532,8388
results/research8h/transfer/ordinary_26092701/full/row_metadata.csv.gz,c87918391171a9a056d7a3d09000fcb4ce41b5a805ddb1b34a74233a64c80430,171788
results/research8h/transfer/ordinary_26092701/full/solver.log,11018c07428e0f774a33ad87f664c0c052013d3a69a973c4cbe17ccb7493a2a5,726
results/research8h/transfer/ordinary_26092701/full/sparse_multipliers.csv,01565443fd79bddd7ae82205362dfbb44d57ccb459b07cd595cc5b9c9209af1c,54538
results/research8h/transfer/ordinary_26092701/generation_checks.json,80bf44412229290bebf104a099a0bb0e922b5b81ddd0717f1d3b0aaa430901d5,2732
results/research8h/transfer/ordinary_26092701/locality48/bounds.npz,09b4227c624e402e351ceb0fb582fff331a88e0a2e1625be9fb2108872ec5e9b,10389
results/research8h/transfer/ordinary_26092701/locality48/dual_certificate.json,6c34339c9ade014b4833a1f17cea5411badeb3c4f549e85b4bcff241a8c2e438,70543
results/research8h/transfer/ordinary_26092701/locality48/matrix.npz,bf7905b7d669b83c36191900631c68a053204a85981099102b5d2a0a7f02957b,109352
results/research8h/transfer/ordinary_26092701/locality48/raw_solver_ray.npz,0d4e77a8cc528fb29fa3143e89275849f3e124704ed295051b1157908c276e0d,4753
results/research8h/transfer/ordinary_26092701/locality48/result.json,1768b2343ae299272a5912751cda659dbcb353f45b88f2fb4ac2dc26c585c3c5,7759
results/research8h/transfer/ordinary_26092701/locality48/row_metadata.csv.gz,c48e300771492a1ff1982762d85aef7731fe8c8537de151d4693de1b4aac3dfd,125292
results/research8h/transfer/ordinary_26092701/locality48/solver.log,d2ea0a55acf385e61019a981bb0b31ba32cf42235f3996d1244aef2d05127c0f,725
results/research8h/transfer/ordinary_26092701/locality48/sparse_multipliers.csv,a50e78cb0fc9d8d5d5a8a8c6c6eab22215df8c83b52edfac4c7b3eed25f7248e,51053
results/research8h/transfer/ordinary_26092701/permutation.csv,46e5b964fb1c72147432f7c08ce2d3cc25d9aa590cb5adb24d941c4c42796227,2186
results/research8h/transfer/ordinary_26092701/two_cc/bounds.npz,e937b268dbaf0943843c329d4b3861fb0f9b3d4828e79e45ddce01cf685b9df1,9347
results/research8h/transfer/ordinary_26092701/two_cc/dual_certificate.json,feb04384c3a18d7fa5d31e89284470faacc46fc99e837c04f99278efce4f1f0a,31849
results/research8h/transfer/ordinary_26092701/two_cc/matrix.npz,2f9bea72c744ddef148b0be918fbf77db7b7d32094decc969a7a50fa983f9cf6,61497
results/research8h/transfer/ordinary_26092701/two_cc/raw_solver_ray.npz,16eb956740762facfd40c4f41a5996bf1e8ce0fd7b8e9b13477b5f755c794f55,1194
results/research8h/transfer/ordinary_26092701/two_cc/result.json,723201f0bfb91ae7bffa0feaaf1d73e57e1fe5081b3552c66f13de1d638634b8,7704
results/research8h/transfer/ordinary_26092701/two_cc/row_metadata.csv.gz,e2454eb51ddb2fb42acccbef6a3c8e8d5e3c28dd64700aaa5a71a7b15f4c216a,65738
results/research8h/transfer/ordinary_26092701/two_cc/solver.log,19cafc67619777216b6347bc8b92ec056bc766961ee8d00e4a26efa861295728,724
results/research8h/transfer/ordinary_26092701/two_cc/sparse_multipliers.csv,da3df1d3fd8c0c3670a1c0c3c0ca017ff3bda8b7987bdb5bee9095082faaac33,21085
results/research8h/transfer/ordinary_26092702/case_arrays.npz,7a07b700c6eb594522252a4609318647a9e7782a9de387892ba525260a5a019a,15660
results/research8h/transfer/ordinary_26092702/full/bounds.npz,0e17f9fc532f806d3d4038cf18f3bc4b6800e6422858e05e000d661c533ceaeb,10530
results/research8h/transfer/ordinary_26092702/full/dual_certificate.json,cf8ee0561ccd69b176f2879921189e8d81f7f43e7a28063c25b83f8e38cd7958,71204
results/research8h/transfer/ordinary_26092702/full/matrix.npz,6af039900e02e8d16a419686a8e11a4f33515092d0647af4677bbabda4b8754f,143874
results/research8h/transfer/ordinary_26092702/full/raw_solver_ray.npz,4e508474e7dbc74973d2269933e665860771f5583bc747b1d74673f1eccef2ff,4447
results/research8h/transfer/ordinary_26092702/full/result.json,9c418f5f9fbf2e319d402aef90911356dedca48bb252d2a916606d3aa3061cad,8333
results/research8h/transfer/ordinary_26092702/full/row_metadata.csv.gz,f10e3e0e1e8f62e9dd6b2ed9826cf4dbc5f886b00ef4b366a4efb82194962d8c,171788
results/research8h/transfer/ordinary_26092702/full/solver.log,b034484de054ef1a118a30f4b9a15ef9175ff5d444391358e45261d8c26d7eee,726
results/research8h/transfer/ordinary_26092702/full/sparse_multipliers.csv,fdb6dc3aef3a61ef07ff2e170da5f693b7f8422e0d72d5a7852888e37d4fae12,51091
results/research8h/transfer/ordinary_26092702/generation_checks.json,291b20def1c8fdb9013438b01fd84b1c55997049f95f15e90e9aada26464af8d,2732
results/research8h/transfer/ordinary_26092702/locality48/bounds.npz,b1299bbe45b95e46aa15e53eb17fec12bfeb6833b3f14661bf77e6b8d8ffa584,10404
results/research8h/transfer/ordinary_26092702/locality48/dual_certificate.json,66bc3f8425621c9cc72c31744f39d4b0682ca37e55fdfb46603d487620bb05f2,74993
results/research8h/transfer/ordinary_26092702/locality48/matrix.npz,bf7905b7d669b83c36191900631c68a053204a85981099102b5d2a0a7f02957b,109352
results/research8h/transfer/ordinary_26092702/locality48/raw_solver_ray.npz,b85b33c51155d428549ec2f277aee874e5fa8a9e4ca2b249da10e3dc3d38e800,4692
results/research8h/transfer/ordinary_26092702/locality48/result.json,870fb47abf898bcdf7ef12ba1f21cbecbc4357a40041a875a60baa2600bc1497,8271
results/research8h/transfer/ordinary_26092702/locality48/row_metadata.csv.gz,74ea221f340be89e2093fcc3a4ad05e153382b8aeb8c4242732bbe5be05f7a60,125292
results/research8h/transfer/ordinary_26092702/locality48/solver.log,e1aff741dcb971b5e109245b22664980c155a3d30c90a4c7c7212850caabfaee,725
results/research8h/transfer/ordinary_26092702/locality48/sparse_multipliers.csv,c00d3ce0af205a2448ad7594b0e8dd41c08608bf9024030c456a059d25d48fd2,54052
results/research8h/transfer/ordinary_26092702/permutation.csv,08aee82e3e012e131721d294ec93c2cb294f12732cf776612fcc4d377342cd63,2186
results/research8h/transfer/ordinary_26092702/two_cc/bounds.npz,b9c6724d4fb4a32b23fc019515d1b792479750c2465ff7aa2de7e0aca9758946,9362
results/research8h/transfer/ordinary_26092702/two_cc/dual_certificate.json,56f1c5372cef849f99d76098cf70b2e365c358fdf4533ca6157bba0ab5084b52,40763
results/research8h/transfer/ordinary_26092702/two_cc/matrix.npz,2f9bea72c744ddef148b0be918fbf77db7b7d32094decc969a7a50fa983f9cf6,61497
results/research8h/transfer/ordinary_26092702/two_cc/raw_solver_ray.npz,b6be1717e6bd32ccb55841ae8a38bdbaa3352b5bcf87829ddb3b232be5a44228,1852
results/research8h/transfer/ordinary_26092702/two_cc/result.json,45047cf019c7a7554304bd0bb86613b3e341c73475940fefc53ab84064e1274e,8209
results/research8h/transfer/ordinary_26092702/two_cc/row_metadata.csv.gz,d760a544f54be30355df779170f43691a62e0b0717b21b1432380f9fd48a281c,65738
results/research8h/transfer/ordinary_26092702/two_cc/solver.log,a973a7cd4983674f6c69803bf43806b9fac16893cb3635ac0f0fe7fa664acc18,724
results/research8h/transfer/ordinary_26092702/two_cc/sparse_multipliers.csv,dca492b19eaad6a05b98e71bf93d15b8525642de73a41669d49356333e984557,27499
results/research8h/transfer/ordinary_26092703/case_arrays.npz,9e67a90f98022596b50642fba504f7d6fa3170948b8294f4fe6ea62582c963bb,15645
results/research8h/transfer/ordinary_26092703/full/bounds.npz,1ce1542200cc17ba71c49b9502fea559d8a74049af03100421b61f937bee52af,10555
results/research8h/transfer/ordinary_26092703/full/dual_certificate.json,fb65a14ab749915e7ccefc50fafd51e9cbc80b0924f91543c463d217334fd50a,65511
results/research8h/transfer/ordinary_26092703/full/matrix.npz,6af039900e02e8d16a419686a8e11a4f33515092d0647af4677bbabda4b8754f,143874
results/research8h/transfer/ordinary_26092703/full/raw_solver_ray.npz,fd83a827232c3b3d0e27d2625f3a8834906395912ed207d8db8e1a0658898c56,4742
results/research8h/transfer/ordinary_26092703/full/result.json,a98285c4be8f7ee4934e47dafebf1aacce1d20256781aac71d9575f36df74e6f,8708
results/research8h/transfer/ordinary_26092703/full/row_metadata.csv.gz,d7770fe0026ddd91647f51410544b9cfae67559ac0fe3ac156be8aa6c8e74340,171788
results/research8h/transfer/ordinary_26092703/full/solver.log,a1575bb6dc3f066fbd5cf667bfcec38a02183fa4fcfa8fbea713b2b4e591519b,726
results/research8h/transfer/ordinary_26092703/full/sparse_multipliers.csv,e7fd85d5f68cf5d70b75275312b8505e6d80a93763c3183644cc33d11ebc8d46,48048
results/research8h/transfer/ordinary_26092703/generation_checks.json,a35341375b9d178af337bcc701aef6ebc82c5bf06d193fcbb7a24a55dc6a8c5b,2732
results/research8h/transfer/ordinary_26092703/locality48/bounds.npz,ae17bb8ea7276dc0e561f64e12b0fef7587a1b69a155b7d87fb4f93ef3834fe4,10428
results/research8h/transfer/ordinary_26092703/locality48/dual_certificate.json,a7c279b7e885189158a4a6572e4639a67fa71ad2f9938299f55a038f9501d731,74198
results/research8h/transfer/ordinary_26092703/locality48/matrix.npz,bf7905b7d669b83c36191900631c68a053204a85981099102b5d2a0a7f02957b,109352
results/research8h/transfer/ordinary_26092703/locality48/raw_solver_ray.npz,35c7e6c23dedd87564755374a55d2797c5f675bb7077c467243f247b6d78ced2,4198
results/research8h/transfer/ordinary_26092703/locality48/result.json,fb94c5d26a8998b769046db468de39fc019e5a53a7d6dce53a4107886b1acf71,8274
results/research8h/transfer/ordinary_26092703/locality48/row_metadata.csv.gz,617b40fa403d3e922d03dfd7d4e35c7cf49ab522568aec135f3b25cbb9fc8c54,125292
results/research8h/transfer/ordinary_26092703/locality48/solver.log,14419bc24a3f1c625f15ea6db3770a5f26b49a74f15e00c8e29c7260c4b94ff3,725
results/research8h/transfer/ordinary_26092703/locality48/sparse_multipliers.csv,43ea03cd51a754562d21dc5cb7e99906809eb1d724e2daa61e2a8b68049caa96,53140
results/research8h/transfer/ordinary_26092703/permutation.csv,729ed26f30a4690b48afb9d74491d9844a4b748cdea06d2018b6e9f9fce87d60,2186
results/research8h/transfer/ordinary_26092703/two_cc/bounds.npz,537ee49cc7dce1e9624041853251bbc4a2b6f9c67807da50525fd77ea6ea4bf2,9383
results/research8h/transfer/ordinary_26092703/two_cc/dual_certificate.json,e7b19991f18027bba970bfc9e1a745cdcc6711c04fe0150df742d8fd2163b10f,32651
results/research8h/transfer/ordinary_26092703/two_cc/matrix.npz,2f9bea72c744ddef148b0be918fbf77db7b7d32094decc969a7a50fa983f9cf6,61497
results/research8h/transfer/ordinary_26092703/two_cc/raw_solver_ray.npz,f8f35e3965f5c56e607a09c5c3c840b386b4f5c00209b02f220957d9ec36e07b,1175
results/research8h/transfer/ordinary_26092703/two_cc/result.json,4628d238cff33e55af2ebcd06f4bce71c2e961273114ae60259333b256f84fb3,7749
results/research8h/transfer/ordinary_26092703/two_cc/row_metadata.csv.gz,2f9d7ccf21ba6830315b0eb2cc1173c0001397c52f8cf45043771d6260b384ab,65738
results/research8h/transfer/ordinary_26092703/two_cc/solver.log,fa0af51ce290b955093471dd6803b25675b10a28a73b834ef8ddcba9ee9069ad,724
results/research8h/transfer/ordinary_26092703/two_cc/sparse_multipliers.csv,b102d81ce769f1223ca24424a85009374f3f805b46b9900c84b9e041309d03fd,21739
results/research8h/transfer/ordinary_26092704/case_arrays.npz,1493c0abaf7973d8c5768d7595b6f8f7a2fe4b25be1c9ae3121e088f132eb3a0,15683
results/research8h/transfer/ordinary_26092704/full/bounds.npz,aaad55adc58f318ef6fa4ebe8794ce9d7f77cdb89e6308f480dd7759f1a854a0,10533
results/research8h/transfer/ordinary_26092704/full/dual_certificate.json,49429de4133705e814f74bc232d4563e3c22b8b79775baa80277ed79d08c22d4,56037
results/research8h/transfer/ordinary_26092704/full/matrix.npz,6af039900e02e8d16a419686a8e11a4f33515092d0647af4677bbabda4b8754f,143874
results/research8h/transfer/ordinary_26092704/full/raw_solver_ray.npz,87bf7ea61bb92f7c76a50f4e425e66b449e2d3e25c2839ac1a289be35a9920fb,3576
results/research8h/transfer/ordinary_26092704/full/result.json,afb24188952722e92075b13499f6f09b504a6d5d5ddabad4013c2106209d9fb4,7981
results/research8h/transfer/ordinary_26092704/full/row_metadata.csv.gz,ede9c38205f836686dcf493e5275df3dda5a841d2d2944f72f459fd686e0177f,171788
results/research8h/transfer/ordinary_26092704/full/solver.log,34e4fdc76fc5db83aef3b8f4ad4e1301dcbed58e1ec110bb67190dd7e666bdff,726
results/research8h/transfer/ordinary_26092704/full/sparse_multipliers.csv,95719353987888b735710dea2c032b8f230823188edf5dd93714d1cb6bdf3923,39764
results/research8h/transfer/ordinary_26092704/generation_checks.json,9ed866fd292a0cb80c80c194c354122e52c0c0f99d626b8cb1b44adfe34a62c5,2732
results/research8h/transfer/ordinary_26092704/locality48/bounds.npz,16b7118fa4988c8f80d55254cf2e5128063f0e920cb6446901787afd378a1671,10407
results/research8h/transfer/ordinary_26092704/locality48/dual_certificate.json,2197f0cfb90af4af6e661fff17d15f1834f2051ab6b7889adb0e9faff633d292,50916
results/research8h/transfer/ordinary_26092704/locality48/matrix.npz,bf7905b7d669b83c36191900631c68a053204a85981099102b5d2a0a7f02957b,109352
results/research8h/transfer/ordinary_26092704/locality48/raw_solver_ray.npz,96372e36839febc9b70ee546cd57b253bd37304005cced4bdaa8d721b6ec38ac,3429
results/research8h/transfer/ordinary_26092704/locality48/result.json,042d39194fd9a4c02dd4cc20c2603208af1f18d9d7f0bb73e4cf9e5d5a716963,7775
results/research8h/transfer/ordinary_26092704/locality48/row_metadata.csv.gz,c3d4e1c32281714ce2599a7ec9d6bf62971875e014640a727235bedeaee08eb2,125292
results/research8h/transfer/ordinary_26092704/locality48/solver.log,0d6fff65a9c61c77eb75810ef92e8d95a9344cfdfd7ba3801a73228a977b8aed,725
results/research8h/transfer/ordinary_26092704/locality48/sparse_multipliers.csv,1d5aaabf2fb430ba5ce772c6f3580788bd9a5d2f2f68ace6cb445be0e9a286f2,35963
results/research8h/transfer/ordinary_26092704/permutation.csv,d2481e480a4e8a8b96d1d2bb5e5d3bb64208985c820470b561e7c2faee1410e9,2186
results/research8h/transfer/ordinary_26092704/two_cc/bounds.npz,a60fa4e5f37b5addc538e2aa2a65639c2908c3806d5a6caeca2650f26fca401d,9365
results/research8h/transfer/ordinary_26092704/two_cc/dual_certificate.json,2d22c025c7c8902d378d5686234878c27afbd719abf78739a9398bf86d569ce2,42518
results/research8h/transfer/ordinary_26092704/two_cc/matrix.npz,2f9bea72c744ddef148b0be918fbf77db7b7d32094decc969a7a50fa983f9cf6,61497
results/research8h/transfer/ordinary_26092704/two_cc/raw_solver_ray.npz,c3dea141c9bfc773b14747c5444b37378f4d8fa9cf5dffbda406d38919d9dce6,2349
results/research8h/transfer/ordinary_26092704/two_cc/result.json,450cd1c6733a3dbb920be0112df8c1758fc6dedd3c133ef4206eb21ee87a27cb,8255
results/research8h/transfer/ordinary_26092704/two_cc/row_metadata.csv.gz,4066c8b5ef741e1fc509dd09de1f9a0edc8fab7682dd42ae18063e80a60347e4,65738
results/research8h/transfer/ordinary_26092704/two_cc/solver.log,e429a0fa42296f3e8374b36fcea6c3a6dbe8228d641dbc100a79c5058831ab1f,724
results/research8h/transfer/ordinary_26092704/two_cc/sparse_multipliers.csv,782f959b36b97df06f90812607ee0f3c76e20db383482330f12bffdfc9579dce,29214
results/research8h/transfer/ordinary_26092705/case_arrays.npz,e185f713f6eb930787e4512eefb6db069d3b95541918c7727fa58d565b8d452d,15684
results/research8h/transfer/ordinary_26092705/full/bounds.npz,f58469b69c5862c93c3ebdbaec2d7650027f4d24f83ad3fc63d010c46e603e7c,10536
results/research8h/transfer/ordinary_26092705/full/dual_certificate.json,a82f998fc69c5f1babcea3cb1939da13e9bda163b3dca1ba2f2a1f6fc8a50879,55917
results/research8h/transfer/ordinary_26092705/full/matrix.npz,6af039900e02e8d16a419686a8e11a4f33515092d0647af4677bbabda4b8754f,143874
results/research8h/transfer/ordinary_26092705/full/raw_solver_ray.npz,9983ecd2ba83b4eaeb1e6dd755cd56a66e3ef2e9c1096b6870f72f2ac5c2f0dd,3176
results/research8h/transfer/ordinary_26092705/full/result.json,329611fd096773b50ec86cbaecc70a183a9e2976f6d406d7bd28d87574c335e9,9232
results/research8h/transfer/ordinary_26092705/full/row_metadata.csv.gz,09c18dbc7524ef74067c2d62af82089f7fd4d82e6178e412bf61e3d094f0bcdc,171788
results/research8h/transfer/ordinary_26092705/full/solver.log,80a9302404c80fb5df7a50c0bc5f7a8d9800c7bc6fc1bfb71cd90fc29411ef5d,726
results/research8h/transfer/ordinary_26092705/full/sparse_multipliers.csv,88c4156b60b4bc36b4f16a5dafc496628c1f4cb6e1dfbc97be40e238f5202139,39792
results/research8h/transfer/ordinary_26092705/generation_checks.json,e11075308c6227671d2000497e8e756e93de7f525aff04f7cb51cdb9e9231771,2732
results/research8h/transfer/ordinary_26092705/locality48/bounds.npz,9faa67b40636cfad1cd7e965bff49eb36f907a3218d9f19b9933812ebc20c449,10413
results/research8h/transfer/ordinary_26092705/locality48/dual_certificate.json,f2c074dc3166f89d7b8ee2ab57979bddc50a768244ad9923211f255dadcc1b74,67966
results/research8h/transfer/ordinary_26092705/locality48/matrix.npz,bf7905b7d669b83c36191900631c68a053204a85981099102b5d2a0a7f02957b,109352
results/research8h/transfer/ordinary_26092705/locality48/raw_solver_ray.npz,07d2bd7f5ee9493eef47a84b1d31352cc97efd305272a5fb90f99e8570fbd883,4427
results/research8h/transfer/ordinary_26092705/locality48/result.json,04cafab14a236194e6169b337b68a90c8a4684ecaf2de641dfb0d5f876dc6acb,8302
results/research8h/transfer/ordinary_26092705/locality48/row_metadata.csv.gz,a55afd45c53875106b354da3a330f62b9eda98cd05254d6fd973c7570aaaf2ef,125292
results/research8h/transfer/ordinary_26092705/locality48/solver.log,b4d92b864e583d9dd71f570e3d40e18c268da72a0796a979e13c6a925c314592,725
results/research8h/transfer/ordinary_26092705/locality48/sparse_multipliers.csv,9ff2f2e9483f8c2fd3b79270b8d52a5e5ceade94b829474c70f0fac81978bc26,48192
results/research8h/transfer/ordinary_26092705/permutation.csv,c6f93fb354dc6c3cb342b6d15685d2e6b2c973a767efd21a2f066662f9d4950c,2186
results/research8h/transfer/ordinary_26092705/two_cc/bounds.npz,2c40e42bdfecc50bc255a8aad5ce1db4f47e2da1138db2a146611dffc0f6f50c,9368
results/research8h/transfer/ordinary_26092705/two_cc/dual_certificate.json,d71008eedd407c8cb2d2796cb61adaaaef9269d68600ca9c75721c96d0ef982b,35131
results/research8h/transfer/ordinary_26092705/two_cc/matrix.npz,2f9bea72c744ddef148b0be918fbf77db7b7d32094decc969a7a50fa983f9cf6,61497
results/research8h/transfer/ordinary_26092705/two_cc/raw_solver_ray.npz,8930a87bc6d3b14b70701a7dde22bd3a109a6cb7c6f911d6b04f41cf9d5279f2,1546
results/research8h/transfer/ordinary_26092705/two_cc/result.json,8e4353f53cf0359182cc5ac0d1e6725e4c8e7bad6ffdefe36e043ce4f505dd18,7877
results/research8h/transfer/ordinary_26092705/two_cc/row_metadata.csv.gz,28966679ce53987298822d6cfd6baf03f6b93569f6a6f4bf74370fd59613f050,65738
results/research8h/transfer/ordinary_26092705/two_cc/solver.log,58d27df0a0f16213d171303411c5de67f4cc22fc8a1a0e83cb1a20129ac865f8,724
results/research8h/transfer/ordinary_26092705/two_cc/sparse_multipliers.csv,1bbfb62fc190921a9d5f10ddff04a5fc945225fe5ebae9b5523bcfc8e4558a6e,22505
results/research8h/transfer/ordinary_26092706/case_arrays.npz,88d8337dbe8381e788fb8cc98e8fbe674396e522ebb7cde2783c2467e2de76a3,15702
results/research8h/transfer/ordinary_26092706/full/bounds.npz,5de9d2ffde337da4e3df9b779c0c3076bab2dff4d0cbcb2f6beaa4449bd3c27f,10554
results/research8h/transfer/ordinary_26092706/full/dual_certificate.json,06bd0b6e418124ed5448f2ae41ca49055ee94c3d3341751c8500b7535bfdc6a4,57354
results/research8h/transfer/ordinary_26092706/full/matrix.npz,6af039900e02e8d16a419686a8e11a4f33515092d0647af4677bbabda4b8754f,143874
results/research8h/transfer/ordinary_26092706/full/raw_solver_ray.npz,0b4ae929fff56f62513f623e9f71470fc7fa1f6c16d40ce605d40925c742cf9d,3151
results/research8h/transfer/ordinary_26092706/full/result.json,8138883439e46622a690fc1621b44a40ab2b401af7864208fae57505960a0a17,8872
results/research8h/transfer/ordinary_26092706/full/row_metadata.csv.gz,249de390c8154bcf0affe6dc23fcdcdf23de10209ac63968956f1d6dc821eb84,171788
results/research8h/transfer/ordinary_26092706/full/solver.log,6306903f159147e24e2842442bb5fe6ade4551a977597c5ef3451d2e53a3bd6f,801
results/research8h/transfer/ordinary_26092706/full/sparse_multipliers.csv,6831d82e9e6875a83376abea51cdfe89a7a642050f07e91581cfcce033ace2ee,41177
results/research8h/transfer/ordinary_26092706/generation_checks.json,011e0c297d00fe1deceab22b488337cda9256de9dea88c00bff097abd2fc4b74,2732
results/research8h/transfer/ordinary_26092706/locality48/bounds.npz,3bdf29fdb0c0204a6e7c83bb8a5f43d5874a8817eeff3480de2aeb4dd833c64a,10433
results/research8h/transfer/ordinary_26092706/locality48/dual_certificate.json,fa8b2d51dceb6509019a1b949613a8ef80112836179a756dd561a9cf9af20874,55388
results/research8h/transfer/ordinary_26092706/locality48/matrix.npz,bf7905b7d669b83c36191900631c68a053204a85981099102b5d2a0a7f02957b,109352
results/research8h/transfer/ordinary_26092706/locality48/raw_solver_ray.npz,07aa51c8ef094c28b0324a0dc1df9775844a5a823211fb3b6c8f808f9f649586,3268
results/research8h/transfer/ordinary_26092706/locality48/result.json,d4d861eff4e97c902fd0be0d0558205fe2a9370813ae6f9d871291d0060f2644,8521
results/research8h/transfer/ordinary_26092706/locality48/row_metadata.csv.gz,b0e44fdf6f0c6fa398a9de4cbb2f86281be1593b65c7dcc1d466d0baccdf6860,125292
results/research8h/transfer/ordinary_26092706/locality48/solver.log,761f0bce78c3a851911a53a291430f4447f479cf1f372876497e4699adb7a8e4,725
results/research8h/transfer/ordinary_26092706/locality48/sparse_multipliers.csv,0958dbfc2f919590e21b2772bfc9332f7d640e400178797a5c803833f01915ea,39889
results/research8h/transfer/ordinary_26092706/permutation.csv,83b3e143a3200fc0d2b1533c3705294665b973013345c502011bd311f92c1973,2186
results/research8h/transfer/ordinary_26092706/two_cc/bounds.npz,d29ce4d2089d258297c7e9a3bebb7da916251287d15bd4a6154668af384c95b6,9387
results/research8h/transfer/ordinary_26092706/two_cc/dual_certificate.json,2a67c051a7c4f2bbbb608ef0c20bf9a25bec8765b18ba4101e50290e53ef3a4d,44036
results/research8h/transfer/ordinary_26092706/two_cc/matrix.npz,2f9bea72c744ddef148b0be918fbf77db7b7d32094decc969a7a50fa983f9cf6,61497
results/research8h/transfer/ordinary_26092706/two_cc/raw_solver_ray.npz,a3817cca50307db3389d24476ce3b40dfb4a0afa9366c2885b1423e5944dc6ea,2567
results/research8h/transfer/ordinary_26092706/two_cc/result.json,842035f87c223fe3f98595568603d279a6cb0b4b5aaad7464569240236a14e4b,8307
results/research8h/transfer/ordinary_26092706/two_cc/row_metadata.csv.gz,93eb2edac93dff6a8690737f66ad4f368b6b64505ead914efac31f5e7fe1a230,65738
results/research8h/transfer/ordinary_26092706/two_cc/solver.log,e6776f9be1316c5c389f86fac48e0a6d0f9a8b809fb47498c8cd74c0b97adcf7,724
results/research8h/transfer/ordinary_26092706/two_cc/sparse_multipliers.csv,8f4b1222334ec2e82d822fdd7ea305f4fb25fbb709606036eb3c5c9e7842ed21,30435
results/research8h/transfer/ordinary_26092707/case_arrays.npz,71588b024240ce2972353ab20ce7a48e7d7e59faa93a7fc964f39ba4b60aa748,15697
results/research8h/transfer/ordinary_26092707/full/bounds.npz,e10e3cff951c2db09864c2ca161db214bce9de98da86944d783ea89e9fdda692,10520
results/research8h/transfer/ordinary_26092707/full/dual_certificate.json,ff7251f28d288d041d7dee9ff841fdc47b51a49610c1e858cda515af4a40e078,59694
results/research8h/transfer/ordinary_26092707/full/matrix.npz,6af039900e02e8d16a419686a8e11a4f33515092d0647af4677bbabda4b8754f,143874
results/research8h/transfer/ordinary_26092707/full/raw_solver_ray.npz,31c7c55532b86d54550f7a2bde8959d09fd8b37d303d6c12b141670584f9456e,3460
results/research8h/transfer/ordinary_26092707/full/result.json,a185cb83927bad2404bfab1a9638dd9e025ad6a7ce983360e8413c797d3b1fc3,8286
results/research8h/transfer/ordinary_26092707/full/row_metadata.csv.gz,930a50b387275dd9082e69d6bb0cdee05459ed2400f37f88d5ac367f2a44a20f,171788
results/research8h/transfer/ordinary_26092707/full/solver.log,2350db2bb135ca464d1ca616129399db563ecdce091ea21f339cdb1d0f7bd710,726
results/research8h/transfer/ordinary_26092707/full/sparse_multipliers.csv,10129f19c520b5606cfd865271519b1845e4c1f1331b6c1862fef71d7ab0b041,42244
results/research8h/transfer/ordinary_26092707/generation_checks.json,0e376e9b3223fd16a76f4812327080a2a799faec145ad14df43df1d8777db3d1,2732
results/research8h/transfer/ordinary_26092707/locality48/bounds.npz,1359e2869c3bf6cd1de3ab24bbc664c09874c8e46c0440b43e20abbb95e85752,10396
results/research8h/transfer/ordinary_26092707/locality48/dual_certificate.json,aa2f0e1b1ced1560f2760c5c18628711c63d4f5a09e4f2b2c07c99b2c27e99f4,50189
results/research8h/transfer/ordinary_26092707/locality48/matrix.npz,bf7905b7d669b83c36191900631c68a053204a85981099102b5d2a0a7f02957b,109352
results/research8h/transfer/ordinary_26092707/locality48/raw_solver_ray.npz,794c2a3266f6da9bdf2eb29f8a1aa5355a2e15f1c3fcf9ef410401ab78e6f05f,2490
results/research8h/transfer/ordinary_26092707/locality48/result.json,57e713f3c6e4019bd45b6d36a0c2682e69f7c539dd025f146c68ba5e5d8a2dfe,9075
results/research8h/transfer/ordinary_26092707/locality48/row_metadata.csv.gz,881cd6f7363c07b0edb85f89974157296ec7320399084aa5855ec99b032082be,125292
results/research8h/transfer/ordinary_26092707/locality48/solver.log,2e4f8d9cf8220131543c7ee7bcd572792361b286d1af4b01ee0202d5b3ea036f,725
results/research8h/transfer/ordinary_26092707/locality48/sparse_multipliers.csv,d163fbbeb1f5a1dc1a2d6a8cff802e1f189d21d9497c1df3d94c2f705d6216e3,35477
results/research8h/transfer/ordinary_26092707/permutation.csv,09eb71d2a55b2426443ba55a4f3db6050e0ccd1c8ec053623387374a5b91c1d0,2186
results/research8h/transfer/ordinary_26092707/two_cc/bounds.npz,5d61612373dea2924ea662b769f5326618f5e0fe9c18cf882bd3a523ba5acf14,9354
results/research8h/transfer/ordinary_26092707/two_cc/dual_certificate.json,7430921f50eec56251488f656c9dc20798634f3aeaad4dd9d1f80245def807fd,27807
results/research8h/transfer/ordinary_26092707/two_cc/matrix.npz,2f9bea72c744ddef148b0be918fbf77db7b7d32094decc969a7a50fa983f9cf6,61497
results/research8h/transfer/ordinary_26092707/two_cc/raw_solver_ray.npz,077ea1439bfba9f84470f7fd3e9ffaea591420d2d96b6c1ec3620874282141f5,932
results/research8h/transfer/ordinary_26092707/two_cc/result.json,4a0ebcdb7f7d281086fd847e92cdd1d0b29e085c787a766b8a084eac56707826,7743
results/research8h/transfer/ordinary_26092707/two_cc/row_metadata.csv.gz,6a9bbebb3996465230215484df5aca61253ea1c389aed6ba0a077fedf2f689db,65738
results/research8h/transfer/ordinary_26092707/two_cc/solver.log,cc1bd387d93a545fc4bf5cbfd452db5eef8771ee1195a8ed6555de66b5311dac,724
results/research8h/transfer/ordinary_26092707/two_cc/sparse_multipliers.csv,9be6ffaa0f903c34cb9637664eb4229f9c65b707204f44c82f60dc90e8314199,18028
results/research8h/transfer/positive_class_inventory.json,8717467687b9e76ffe5c57289d6590eb98313fce6dcc17b62c63b63feba5b92d,8012
results/research8h/transfer/positive_control_26092800/case_arrays.npz,efc488d6eb6bb75d4bda7bf8c44e14c3390cc08daa1890ff6bfa6bef6636c9a5,15339
results/research8h/transfer/positive_control_26092800/full/bounds.npz,c75b47de387050dabbdced048c8bf731d4162326d73ea325315398b6f1d74fd9,10513
results/research8h/transfer/positive_control_26092800/full/continuous_solution.npz,566b876e0251dbee7f97e8f0c50f357c38df75aa8b7383db5bc8dc449a7b267a,13065
results/research8h/transfer/positive_control_26092800/full/matrix.npz,6af039900e02e8d16a419686a8e11a4f33515092d0647af4677bbabda4b8754f,143874
results/research8h/transfer/positive_control_26092800/full/positive_seed_matrix_check.json,34f1fa2c7d4368053143f3a2be3cecca6c9825bbc7ac103a8ba84df784b394d6,203
results/research8h/transfer/positive_control_26092800/full/result.json,e96d5eac5bb2a0fb063b838438c50d7a20782f560e9a4edbdef2ccb6d24f9374,1241
results/research8h/transfer/positive_control_26092800/full/row_metadata.csv.gz,499003d1d4cca0d21aab2c78036dd40db50a963a8aeec1667ce63deb7ec16d47,171788
results/research8h/transfer/positive_control_26092800/full/solver.log,6959160be8a5f709e7afa35231f0f6ab951b0c6c03060af74d6f6b251932cce3,914
results/research8h/transfer/positive_control_26092800/generation_checks.json,00f6f4ea5ee7c594ea7a0d3432e272c708b593449d75691262267569ae632a7a,3511
results/research8h/transfer/positive_control_26092800/locality48/bounds.npz,541c4f748bd6e98b866d181f25271967f89d8f8f28941db55ee401d1a4f6944b,10390
results/research8h/transfer/positive_control_26092800/locality48/continuous_solution.npz,92af24e1925b2ded29bf3448a6ab5476294387b1bac07a70cb994e1ae95ae88a,13531
results/research8h/transfer/positive_control_26092800/locality48/matrix.npz,bf7905b7d669b83c36191900631c68a053204a85981099102b5d2a0a7f02957b,109352
results/research8h/transfer/positive_control_26092800/locality48/positive_seed_matrix_check.json,34f1fa2c7d4368053143f3a2be3cecca6c9825bbc7ac103a8ba84df784b394d6,203
results/research8h/transfer/positive_control_26092800/locality48/result.json,a8b7a94e720eabb458f101448c5c567b9e75fc7dc6fe403bf2f90ee1d7f8cc22,1283
results/research8h/transfer/positive_control_26092800/locality48/row_metadata.csv.gz,4d03b06f3af38f5952fdd36589c8d92bf90562345fcc7153169779a99fbf92df,125292
results/research8h/transfer/positive_control_26092800/locality48/solver.log,e3e25cbb788c326b865360fc16503b7ff1c5f87f6afd420892d8434ec82cc629,763
results/research8h/transfer/positive_control_26092800/permutation.csv,1b0bf2bc766a1144bf7017d816089f9ed41df938c8dc020b79875686db7d936f,2186
results/research8h/transfer/positive_control_26092800/two_cc/bounds.npz,1ca45a071608fd441d3eeaf0254f116760d23c8618a93023d3ef8ce55e973099,9350
results/research8h/transfer/positive_control_26092800/two_cc/continuous_solution.npz,d1315f692652c49dffae08d0a8fd3d3ea184d9849c4bad2440da5dda0cf5c0e0,10890
results/research8h/transfer/positive_control_26092800/two_cc/matrix.npz,2f9bea72c744ddef148b0be918fbf77db7b7d32094decc969a7a50fa983f9cf6,61497
results/research8h/transfer/positive_control_26092800/two_cc/positive_seed_matrix_check.json,34f1fa2c7d4368053143f3a2be3cecca6c9825bbc7ac103a8ba84df784b394d6,203
results/research8h/transfer/positive_control_26092800/two_cc/result.json,d9c14e0aeacbac557e40164fd961985e8e6cd12a8a103a1411e2f74de3de8103,1240
results/research8h/transfer/positive_control_26092800/two_cc/row_metadata.csv.gz,b4c8ab194fe4424cb2c5f1bdc15d0073fe063f787c55f786d842f45292f29159,65738
results/research8h/transfer/positive_control_26092800/two_cc/solver.log,867e3d9eb4b9d2e9debef34bf0aa69f9c62aee655d38803cafcac76455d22a2f,687
results/research8h/transfer/positive_control_26092801/case_arrays.npz,74d6f9b86798db8ea3d6ffddcb0c2c092ce7d16cf134ccad0942e7220c918f21,15326
results/research8h/transfer/positive_control_26092801/full/bounds.npz,925987d5622577a70192d939680c8a1688475064df8759c714b251c366392c28,10501
results/research8h/transfer/positive_control_26092801/full/continuous_solution.npz,dcabe106a4223499b87a22dede535346725821779028327d97ede1a33c96e734,13311
results/research8h/transfer/positive_control_26092801/full/matrix.npz,6af039900e02e8d16a419686a8e11a4f33515092d0647af4677bbabda4b8754f,143874
results/research8h/transfer/positive_control_26092801/full/positive_seed_matrix_check.json,34f1fa2c7d4368053143f3a2be3cecca6c9825bbc7ac103a8ba84df784b394d6,203
results/research8h/transfer/positive_control_26092801/full/result.json,fef26cca9898f37cbc4da19ed5d4258a773938eef3d85352bc3d89bec22c87e2,1274
results/research8h/transfer/positive_control_26092801/full/row_metadata.csv.gz,1f3f56e59fc6a4f2cc867068cb10bf4a730d590588e04ae11b87ac3c47f147f1,171788
results/research8h/transfer/positive_control_26092801/full/solver.log,dbb08ff936cefef75b72dfed4467cba7a1b43beb797117d3a4e5db9eb9e3d91c,839
results/research8h/transfer/positive_control_26092801/generation_checks.json,db23a3d0533d1057e79778e75fa35f62579ce852371f1b2d03417cd069d19f29,3511
results/research8h/transfer/positive_control_26092801/locality48/bounds.npz,da8a6fd36701db5841fcaf431299d4d14297e04a7844fb24f1d4bbedbe2b2cee,10374
results/research8h/transfer/positive_control_26092801/locality48/continuous_solution.npz,9dad1175f2343ee8dc00baa811cbd1edaaa30f324592a4796143d10c9087180b,13329
results/research8h/transfer/positive_control_26092801/locality48/matrix.npz,bf7905b7d669b83c36191900631c68a053204a85981099102b5d2a0a7f02957b,109352
results/research8h/transfer/positive_control_26092801/locality48/positive_seed_matrix_check.json,34f1fa2c7d4368053143f3a2be3cecca6c9825bbc7ac103a8ba84df784b394d6,203
results/research8h/transfer/positive_control_26092801/locality48/result.json,f6e274fef589985260cd50f9efaf3c74afffe6ccb2156bd367f1c5e5ddea9191,1245
results/research8h/transfer/positive_control_26092801/locality48/row_metadata.csv.gz,e3a688bf1289cc24b5c579609f6b951bda7f5401fc155951b03e3e0aef65d501,125292
results/research8h/transfer/positive_control_26092801/locality48/solver.log,c3657c2d5bd14d6a5e8f6664997d990d06ea761c4f9ea673728f7820ee6882d7,762
results/research8h/transfer/positive_control_26092801/permutation.csv,4ab17e4518069ec8f8a01702b96f5456c42ad341a199796b699ee256ac5c435a,2186
results/research8h/transfer/positive_control_26092801/two_cc/bounds.npz,80599dafae671d4303bdae72aa8b43c64c37cec9168791074268be9b86675056,9333
results/research8h/transfer/positive_control_26092801/two_cc/continuous_solution.npz,3c94bac2d97f5b90d2fdc6db31567c739da92b59c3e417b13e025eab1fd75109,10993
results/research8h/transfer/positive_control_26092801/two_cc/matrix.npz,2f9bea72c744ddef148b0be918fbf77db7b7d32094decc969a7a50fa983f9cf6,61497
results/research8h/transfer/positive_control_26092801/two_cc/positive_seed_matrix_check.json,34f1fa2c7d4368053143f3a2be3cecca6c9825bbc7ac103a8ba84df784b394d6,203
results/research8h/transfer/positive_control_26092801/two_cc/result.json,4caebe2267ca527452171cc6fc7f6742ccb6d6ab53828719ed1eb368dfe355be,1241
results/research8h/transfer/positive_control_26092801/two_cc/row_metadata.csv.gz,c959db8fdbba3dd7d6e1e8f21c2c249f3c12a8142fe7db14ebe2be5d538e69f0,65738
results/research8h/transfer/positive_control_26092801/two_cc/solver.log,4687269e6284beaff180c225619e31bfc1f8d28f4f434dbe6419c8e87a7f58d9,687
results/research8h/transfer/positive_control_26092802/case_arrays.npz,9f6fa2e2d39d5d08bfb59ca200c9d694854eb397975c5904a874f68515aa4707,15339
results/research8h/transfer/positive_control_26092802/full/bounds.npz,6d020f43d4f6128c8e3af1a5d4afbb332dd4418dd7569cc2cd9a5a463e3e898f,10526
results/research8h/transfer/positive_control_26092802/full/continuous_solution.npz,2e04f4bb10465fc076893344804b008da1d70db35eed7af31a8cdb14060a632d,13365
results/research8h/transfer/positive_control_26092802/full/matrix.npz,6af039900e02e8d16a419686a8e11a4f33515092d0647af4677bbabda4b8754f,143874
results/research8h/transfer/positive_control_26092802/full/positive_seed_matrix_check.json,34f1fa2c7d4368053143f3a2be3cecca6c9825bbc7ac103a8ba84df784b394d6,203
results/research8h/transfer/positive_control_26092802/full/result.json,befc3fe58529948dadbc356f5e4c20224afdd9034cb7e7178c741c15595a6180,1277
results/research8h/transfer/positive_control_26092802/full/row_metadata.csv.gz,d2b200ee00ccbff8585d6eb87cef477949732fe462be86741a1e8d0a8e57c8a6,171788
results/research8h/transfer/positive_control_26092802/full/solver.log,a673bcc9bd7474f2c25e75d5d63fe7d30a94a1d4e54f44676fe654dfeea23937,761
results/research8h/transfer/positive_control_26092802/generation_checks.json,83a1017f96a3ea0002a8004ace4576b9b84d7187eb7f86dc67b9953b2c5b3a1e,3511
results/research8h/transfer/positive_control_26092802/locality48/bounds.npz,766870e9d09dbfc8a732b1f6e51038ca01de0feda4cb96d85572e0bbad6a91aa,10399
results/research8h/transfer/positive_control_26092802/locality48/continuous_solution.npz,35a878433ec13f0e444dc2ad8340df047f50a66103ac09cf911effd819f38cc1,13299
results/research8h/transfer/positive_control_26092802/locality48/matrix.npz,bf7905b7d669b83c36191900631c68a053204a85981099102b5d2a0a7f02957b,109352
results/research8h/transfer/positive_control_26092802/locality48/positive_seed_matrix_check.json,34f1fa2c7d4368053143f3a2be3cecca6c9825bbc7ac103a8ba84df784b394d6,203
results/research8h/transfer/positive_control_26092802/locality48/result.json,4917f35e3fef45de053938e499384d2b1001f73aef1cdc110a053d2de9f19a42,1247
results/research8h/transfer/positive_control_26092802/locality48/row_metadata.csv.gz,7e61727fd49c274606a58fe958bd19baf29f807067fe7592cf09de081f44c5e9,125292
results/research8h/transfer/positive_control_26092802/locality48/solver.log,8a100a8eb6b196bc031586b1c17ee7bfbf2f9dbdccb77bcb847b81be0079c820,988
results/research8h/transfer/positive_control_26092802/permutation.csv,58bd59532d9b74a251fa3e26522872dbef60a2f3446da573fb214038cf4e3b7d,2186
results/research8h/transfer/positive_control_26092802/two_cc/bounds.npz,709ad347f73e31352714bb8acbaad1a8d476dfb86b60a9e48dd05216f9b0e21e,9355
results/research8h/transfer/positive_control_26092802/two_cc/continuous_solution.npz,e256394cec5ae745cc28c45023d16ca99651b73a01fcaf31d6de394eb0c56b22,11370
results/research8h/transfer/positive_control_26092802/two_cc/matrix.npz,2f9bea72c744ddef148b0be918fbf77db7b7d32094decc969a7a50fa983f9cf6,61497
results/research8h/transfer/positive_control_26092802/two_cc/positive_seed_matrix_check.json,34f1fa2c7d4368053143f3a2be3cecca6c9825bbc7ac103a8ba84df784b394d6,203
results/research8h/transfer/positive_control_26092802/two_cc/result.json,ca4df32c0f0b31c2c36cfdeb6516e86c7b29323a15d212cb720731611c8ea9fb,1243
results/research8h/transfer/positive_control_26092802/two_cc/row_metadata.csv.gz,0a35a64ac1457414d8f46323e35d0091dd741f62438ba357ec1f2590ad0b6e0a,65738
results/research8h/transfer/positive_control_26092802/two_cc/solver.log,07e68591bda9913cd3af28ba898be5bbc678ec1f7128824f719e8fd672cbdddc,687
results/research8h/transfer/positive_control_26092803/case_arrays.npz,9107ebedb9fe3af4c52ccc7315fea19d25fd5f4e0ea26774da3e47d0338dd40b,15351
results/research8h/transfer/positive_control_26092803/full/bounds.npz,25e7bb4275aab885e453aa0c3fdde05281c75bd6334fbf81ba2bab70bf7b0738,10507
results/research8h/transfer/positive_control_26092803/full/matrix.npz,6af039900e02e8d16a419686a8e11a4f33515092d0647af4677bbabda4b8754f,143874
results/research8h/transfer/positive_control_26092803/full/positive_seed_matrix_check.json,34f1fa2c7d4368053143f3a2be3cecca6c9825bbc7ac103a8ba84df784b394d6,203
results/research8h/transfer/positive_control_26092803/full/result.json,eec932d3847e54eb0a5aaa5d8d92bf7793dcbc57290f32e4a7d99cb589a92db7,924
results/research8h/transfer/positive_control_26092803/full/row_metadata.csv.gz,973bdaa0e7e8fa3748fe006f3d0e13a7b92119d9bcb70f432a51335e943b43bc,171788
results/research8h/transfer/positive_control_26092803/full/solver.log,f81f29f2f99e22d196350b0454c48b17560d0edb9d898d9a8c7107e02ace16a2,1066
results/research8h/transfer/positive_control_26092803/generation_checks.json,5efec8118c24ef2c5540d3b5c65abc6f3d45053ce2f1a5e187ca6dcc78f42b09,3511
results/research8h/transfer/positive_control_26092803/locality48/bounds.npz,a1b27f89cb60834d27fde55f45f70cdd1aeb1dc73bbea28d9160750601615de8,10376
results/research8h/transfer/positive_control_26092803/locality48/continuous_solution.npz,b62ef3576cc6df32734c32cc406c012dbd78516333277c44f0e1c44c283283a1,13248
results/research8h/transfer/positive_control_26092803/locality48/matrix.npz,bf7905b7d669b83c36191900631c68a053204a85981099102b5d2a0a7f02957b,109352
results/research8h/transfer/positive_control_26092803/locality48/positive_seed_matrix_check.json,34f1fa2c7d4368053143f3a2be3cecca6c9825bbc7ac103a8ba84df784b394d6,203
results/research8h/transfer/positive_control_26092803/locality48/result.json,250494dc421a6f0f1b5b456a634e450a239c054d53acb7e7fa6dc7b66162ab90,1247
results/research8h/transfer/positive_control_26092803/locality48/row_metadata.csv.gz,6e9efff94c3e98d4ea971c741852ca04c8d60f1bcfacdf1f3a502d784b27120c,125292
results/research8h/transfer/positive_control_26092803/locality48/solver.log,979e2fbc204d51598ed46877f11e09ed4c714496063fd45418845d0397a30ea7,988
results/research8h/transfer/positive_control_26092803/permutation.csv,d3eb68013a4cec144ea18205c61efd3913af741487fcd135f80595e309b15897,2186
results/research8h/transfer/positive_control_26092803/two_cc/bounds.npz,5b1708b2bc28e3c4abfa6de60eb7919049a9cf0f7c2e67d083418dc4a4ff6037,9333
results/research8h/transfer/positive_control_26092803/two_cc/continuous_solution.npz,c21d24fa667105dbcd4cc18bb60320fd7ae2a4ef1f11a6f836f1a0b2b1a4d8c8,10897
results/research8h/transfer/positive_control_26092803/two_cc/matrix.npz,2f9bea72c744ddef148b0be918fbf77db7b7d32094decc969a7a50fa983f9cf6,61497
results/research8h/transfer/positive_control_26092803/two_cc/positive_seed_matrix_check.json,34f1fa2c7d4368053143f3a2be3cecca6c9825bbc7ac103a8ba84df784b394d6,203
results/research8h/transfer/positive_control_26092803/two_cc/result.json,6e76c32c792e4f4a3d5c97afd49269f0c67104947e41a454c3612e4bc0666e66,1242
results/research8h/transfer/positive_control_26092803/two_cc/row_metadata.csv.gz,24d51b2587b4f1c7517fdf11744855e8fbdc719fe352c39bb27acf2c9d0d7ec2,65738
results/research8h/transfer/positive_control_26092803/two_cc/solver.log,f6da9a74d8bdc3a9bd06be035b0a23f659b8b575c80a7195b8d4657764266aea,687
results/research8h/transfer/positive_control_26092804/case_arrays.npz,2eff6dd8033f9e13e96df8672cb0f4f43dab0a6cd24562d4db85874ad2b02e9a,15334
results/research8h/transfer/positive_control_26092804/full/bounds.npz,9e9be68cc1c0b3dc48a5046e6b14dc6fcc83d1a094cd6bf7f8b725550145e0d4,10526
results/research8h/transfer/positive_control_26092804/full/continuous_solution.npz,6548370c2d5b72662477b6577b425fbce0acf534001992023c1c1ff47b5a5636,13417
results/research8h/transfer/positive_control_26092804/full/matrix.npz,6af039900e02e8d16a419686a8e11a4f33515092d0647af4677bbabda4b8754f,143874
results/research8h/transfer/positive_control_26092804/full/positive_seed_matrix_check.json,34f1fa2c7d4368053143f3a2be3cecca6c9825bbc7ac103a8ba84df784b394d6,203
results/research8h/transfer/positive_control_26092804/full/result.json,7b2ea1fdf2c3455d3855cc375f185c0080adb3eeb059c53de89ffecbc65562f6,1278
results/research8h/transfer/positive_control_26092804/full/row_metadata.csv.gz,ac454059d1bc61ff66b594f4e0b007e23520d031e9120546a0cb8736b6e73b54,171788
results/research8h/transfer/positive_control_26092804/full/solver.log,671c5558c81b50e5abeb68233725639094ef26c7153f7f39dcf741ad41c736bf,989
results/research8h/transfer/positive_control_26092804/generation_checks.json,b64ddc6225c04b7f079bad21b52b762017398ca1cd86a4d48f2c5e332b5cb6c0,3511
results/research8h/transfer/positive_control_26092804/locality48/bounds.npz,759c3db1d11148e819893f2fb61b2dc01dbe41043c2a7feb46873d1cd575290e,10399
results/research8h/transfer/positive_control_26092804/locality48/continuous_solution.npz,4347b455b48835dd11e946bfe7162369d07150c4357d8b6e6a1e7cfef9949518,13496
results/research8h/transfer/positive_control_26092804/locality48/matrix.npz,bf7905b7d669b83c36191900631c68a053204a85981099102b5d2a0a7f02957b,109352
results/research8h/transfer/positive_control_26092804/locality48/positive_seed_matrix_check.json,34f1fa2c7d4368053143f3a2be3cecca6c9825bbc7ac103a8ba84df784b394d6,203
results/research8h/transfer/positive_control_26092804/locality48/result.json,7f75fab5ab21e1164502ef8dc6bd02af5a841508e6a4c485c5dc13a0a8df71cf,1283
results/research8h/transfer/positive_control_26092804/locality48/row_metadata.csv.gz,d294dc5b46d792b17653e71b9c18a970d210e013a56ca44e9bbc7ff8c95f49d3,125292
results/research8h/transfer/positive_control_26092804/locality48/solver.log,653c498d738e52c139148a104c26bf2d8a76dc06a85094054a3ccb97698d4a2f,763
results/research8h/transfer/positive_control_26092804/permutation.csv,04fc7c24e5b0df70e073fb932ac00ae0888763f4b9de1a1ad5d80b33a2c69a24,2186
results/research8h/transfer/positive_control_26092804/two_cc/bounds.npz,2e24f5c2b5891ff650b5894fdc7725b8e62e0f5661f4dca75deda9311d1b17f6,9358
results/research8h/transfer/positive_control_26092804/two_cc/continuous_solution.npz,070682d287e7094e1d30d462e4c71cea13201cff70b49d19dd592ee048c6423c,11124
results/research8h/transfer/positive_control_26092804/two_cc/matrix.npz,2f9bea72c744ddef148b0be918fbf77db7b7d32094decc969a7a50fa983f9cf6,61497
results/research8h/transfer/positive_control_26092804/two_cc/positive_seed_matrix_check.json,34f1fa2c7d4368053143f3a2be3cecca6c9825bbc7ac103a8ba84df784b394d6,203
results/research8h/transfer/positive_control_26092804/two_cc/result.json,ca15144240f674d350568455940d1cdd5aca22b2c50489760f2c5f8db256b17e,1239
results/research8h/transfer/positive_control_26092804/two_cc/row_metadata.csv.gz,1e5ed8efee86472d20289dd2cb6be0a231bc5e58f09585f26a52a3004bfcf79a,65738
results/research8h/transfer/positive_control_26092804/two_cc/solver.log,e66fcc0932f83bdf8f0be143108bd25ec9d487056186199df3838017107b5bc7,687
results/research8h/transfer/positive_control_26092805/case_arrays.npz,6a425cab13a8bb8b38d12004c8b3bb03b625c11df29e560aef9e4c6d1195608e,15353
results/research8h/transfer/positive_control_26092805/full/bounds.npz,0c4323bde52bc3939bce7bdc8578d8b7d4e1212b8d86ac068c0d6e9f6b369431,10520
results/research8h/transfer/positive_control_26092805/full/continuous_solution.npz,543d3f34c2d8a4ab3010c37741b0881256c0fdb60a705bbb7d05b3e791964080,13226
results/research8h/transfer/positive_control_26092805/full/matrix.npz,6af039900e02e8d16a419686a8e11a4f33515092d0647af4677bbabda4b8754f,143874
results/research8h/transfer/positive_control_26092805/full/positive_seed_matrix_check.json,34f1fa2c7d4368053143f3a2be3cecca6c9825bbc7ac103a8ba84df784b394d6,203
results/research8h/transfer/positive_control_26092805/full/result.json,bc8c458894466eca614c6617e7b4385139c698d141a1f994afcb22db09731018,1242
results/research8h/transfer/positive_control_26092805/full/row_metadata.csv.gz,70bfe59adca049c529296fee9483c6dc36c7ce46eaa7b608f3b89d76b4c238b6,171788
results/research8h/transfer/positive_control_26092805/full/solver.log,fa0fb25355134702e5c700ed2dea056f42984c1a3f96507c74861262bc75160f,839
results/research8h/transfer/positive_control_26092805/generation_checks.json,f736fcb126a765ecf874aca91804ca8b15fa13bcbce54bd521cce46f3aff3876,3511
results/research8h/transfer/positive_control_26092805/locality48/bounds.npz,ea88ea9049d50136c973445f818e11888fa2edb3b5104022c96d5cd778f00894,10391
results/research8h/transfer/positive_control_26092805/locality48/continuous_solution.npz,fcce647653536e533cf370b5264a73d9696c966a9d196e8fb012a67b0158d66c,13497
results/research8h/transfer/positive_control_26092805/locality48/matrix.npz,bf7905b7d669b83c36191900631c68a053204a85981099102b5d2a0a7f02957b,109352
results/research8h/transfer/positive_control_26092805/locality48/positive_seed_matrix_check.json,34f1fa2c7d4368053143f3a2be3cecca6c9825bbc7ac103a8ba84df784b394d6,203
results/research8h/transfer/positive_control_26092805/locality48/result.json,ed9e8e6e81b33d7f58a1b43ad48c792695d9d444ea0409384f0b9c05509e2bf1,1246
results/research8h/transfer/positive_control_26092805/locality48/row_metadata.csv.gz,b193b9a068d60d8a82926c5be44f060c001b6be244bd2923473df8fb1cd49eae,125292
results/research8h/transfer/positive_control_26092805/locality48/solver.log,16e865229d1e748665b846c465f090e17e29d3e3e8af73d65e50a34e3c1ad849,837
results/research8h/transfer/positive_control_26092805/permutation.csv,229bd35af1fb3c1227fefcb4620e8c2f9517353c13ec8a6f1a21b734bed14aa2,2186
results/research8h/transfer/positive_control_26092805/two_cc/bounds.npz,8ebc4a19b40abe27a6e74033534019e48425a086bdc5bb12020abbcf9d2cf17d,9350
results/research8h/transfer/positive_control_26092805/two_cc/continuous_solution.npz,cdcaf9189f27b465e963693f6d25a58be231f7edb2401cf4fa6b298f86a8ce73,11290
results/research8h/transfer/positive_control_26092805/two_cc/matrix.npz,2f9bea72c744ddef148b0be918fbf77db7b7d32094decc969a7a50fa983f9cf6,61497
results/research8h/transfer/positive_control_26092805/two_cc/positive_seed_matrix_check.json,34f1fa2c7d4368053143f3a2be3cecca6c9825bbc7ac103a8ba84df784b394d6,203
results/research8h/transfer/positive_control_26092805/two_cc/result.json,5c1b280b873632862a7380e52ef8e61c78c5e60eab2c8362a37854d865b110cd,1279
results/research8h/transfer/positive_control_26092805/two_cc/row_metadata.csv.gz,60249cef01411184ca00174b349ba8eddae192efb1357f6bca63bd60a1eb0849,65738
results/research8h/transfer/positive_control_26092805/two_cc/solver.log,2dc908b84beb8140a41c8a01be0733a110628889da27a7d656042874c0060eb6,687
results/research8h/transfer/positive_control_26092806/case_arrays.npz,b1b0fb971e2c5ff676ca0897224fe3225034551e795cb4750860e5feac57cb47,15365
results/research8h/transfer/positive_control_26092806/full/bounds.npz,a146dfda4bf833d3224841a5b6fd937bf2072dc17ce18dac1cce5fb5686797f3,10527
results/research8h/transfer/positive_control_26092806/full/matrix.npz,6af039900e02e8d16a419686a8e11a4f33515092d0647af4677bbabda4b8754f,143874
results/research8h/transfer/positive_control_26092806/full/positive_seed_matrix_check.json,34f1fa2c7d4368053143f3a2be3cecca6c9825bbc7ac103a8ba84df784b394d6,203
results/research8h/transfer/positive_control_26092806/full/result.json,abdf360878a4d8567a9460553c161faae61f1582e03aeb97e2193293e0246007,923
results/research8h/transfer/positive_control_26092806/full/row_metadata.csv.gz,34cc6426d0b0b2304c74c20322773f07bb7e5ed25980829c1093a50fd23ea9be,171788
results/research8h/transfer/positive_control_26092806/full/solver.log,bd7905ca713a31e3267cfe46bd887928e0630405e96d7a6dc7417282d4ab2141,917
results/research8h/transfer/positive_control_26092806/generation_checks.json,b6f539b4fa9f9b8f4a954470ebc3445275d678d098a4b4208918f906887c3ba8,3511
results/research8h/transfer/positive_control_26092806/locality48/bounds.npz,89306224dec97e84f61d53bd1f38546ed9c17ee864325e1b778ebdff25e2cd28,10411
results/research8h/transfer/positive_control_26092806/locality48/continuous_solution.npz,bcdf979a396803a8781f3202795e3431f7961d6d984bd7a736a234a9874ed6e3,13499
results/research8h/transfer/positive_control_26092806/locality48/matrix.npz,bf7905b7d669b83c36191900631c68a053204a85981099102b5d2a0a7f02957b,109352
results/research8h/transfer/positive_control_26092806/locality48/positive_seed_matrix_check.json,34f1fa2c7d4368053143f3a2be3cecca6c9825bbc7ac103a8ba84df784b394d6,203
results/research8h/transfer/positive_control_26092806/locality48/result.json,13b260078a61dd1822cd04242f2c7e87b39ec4203f1a5e32d4a9fe25b3195073,1281
results/research8h/transfer/positive_control_26092806/locality48/row_metadata.csv.gz,e689fdb770df7a7e52192b0f27f9be4f8d9850f5bccf201cc9ca9ce5b933f62f,125292
results/research8h/transfer/positive_control_26092806/locality48/solver.log,ca7a2ed0313819f0816f88ee3c850be8f9acfc8117f7be0290ca19a9b6fa9308,688
results/research8h/transfer/positive_control_26092806/permutation.csv,a642440d8046f47ac4e13fa3607dba4557103cbb21eda28ba8c52da8d28a6b28,2186
results/research8h/transfer/positive_control_26092806/two_cc/bounds.npz,66fbcb9db0e2d51adbf771febb6c6930d270eaf6f7542938397c8d9804f606b5,9370
results/research8h/transfer/positive_control_26092806/two_cc/continuous_solution.npz,8d9b3492c600dec66fb73a6cb3de1d4b32798099efe9bc19a9b179fcd6f28bba,11128
results/research8h/transfer/positive_control_26092806/two_cc/matrix.npz,2f9bea72c744ddef148b0be918fbf77db7b7d32094decc969a7a50fa983f9cf6,61497
results/research8h/transfer/positive_control_26092806/two_cc/positive_seed_matrix_check.json,34f1fa2c7d4368053143f3a2be3cecca6c9825bbc7ac103a8ba84df784b394d6,203
results/research8h/transfer/positive_control_26092806/two_cc/result.json,504315b3aa3380e405e7e98a6be5f265aafb78f0427b457243dadb5e383be1ed,1241
results/research8h/transfer/positive_control_26092806/two_cc/row_metadata.csv.gz,6b9b07e6cd136a09f306e2deb7ad9cd4fbb6e97d4da5d9cb3975803f5d281ebd,65738
results/research8h/transfer/positive_control_26092806/two_cc/solver.log,ec4dc2c7243417422c69eb9d26f0bb877a523888605437c639dca03563baae8b,687
results/research8h/transfer/positive_control_26092807/case_arrays.npz,f43f526a4f0615526bade9a52cf7181c9a0728a8c3dcd44acc10a8b0ffe3e9c8,15353
results/research8h/transfer/positive_control_26092807/full/bounds.npz,30726e670070a6aefd538f03d87648122f080a50e25ce76e1b6a98a1ad54a9b1,10527
results/research8h/transfer/positive_control_26092807/full/continuous_solution.npz,f49c72547b5991ecb6e1f2b293508b9b60be8f5d83ea68749a950672aedc0c6d,13118
results/research8h/transfer/positive_control_26092807/full/matrix.npz,6af039900e02e8d16a419686a8e11a4f33515092d0647af4677bbabda4b8754f,143874
results/research8h/transfer/positive_control_26092807/full/positive_seed_matrix_check.json,34f1fa2c7d4368053143f3a2be3cecca6c9825bbc7ac103a8ba84df784b394d6,203
results/research8h/transfer/positive_control_26092807/full/result.json,a061d5de5b00ee8fe212da28ec76bb16f118b2f44964d1b0be4610773073aa88,1242
results/research8h/transfer/positive_control_26092807/full/row_metadata.csv.gz,57cfa59b4575ee9c38b92b788ba3b36c63d541431a570ee60efbf4c1a5173bf4,171788
results/research8h/transfer/positive_control_26092807/full/solver.log,e1e512ff3697b8614caea702c99c2aef06dd7feb8978dcd3a450245650bbcd1f,915
results/research8h/transfer/positive_control_26092807/generation_checks.json,d1f8ce7f0ca3994c51a2c0f70254ecae905551d8b5c23810228f6c0753e75d21,3511
results/research8h/transfer/positive_control_26092807/locality48/bounds.npz,7014260abc1354d7a589407d81a5ab49b79a8482abf6b7aa49a1b8b93172f737,10400
results/research8h/transfer/positive_control_26092807/locality48/continuous_solution.npz,9db2487579d922f0a2356eecb7a49a886822ee691418e63b116dedac0ba93300,13377
results/research8h/transfer/positive_control_26092807/locality48/matrix.npz,bf7905b7d669b83c36191900631c68a053204a85981099102b5d2a0a7f02957b,109352
results/research8h/transfer/positive_control_26092807/locality48/positive_seed_matrix_check.json,34f1fa2c7d4368053143f3a2be3cecca6c9825bbc7ac103a8ba84df784b394d6,203
results/research8h/transfer/positive_control_26092807/locality48/result.json,b676953039f357587c71e0b94760354c9fc5f45093e1a5a6be924f935e43a80d,1282
results/research8h/transfer/positive_control_26092807/locality48/row_metadata.csv.gz,61723e9d6c0d51d1a6ad64f7db62a365b05268787cf7c2b5c45fda1f2d6f6f43,125292
results/research8h/transfer/positive_control_26092807/locality48/solver.log,5d666eea6d87ff6916863b7b2fddcbd50ca5b4c92a3decc45b7431d49252be76,988
results/research8h/transfer/positive_control_26092807/permutation.csv,58ac5c6bd4a083b86c579a7dac0878680789b4041a9f3dd853dcca00e8f0b5ff,2186
results/research8h/transfer/positive_control_26092807/two_cc/bounds.npz,a3f4bd2c1fc0b714c912379831dfade4238e858c037a137d620edef515a805b1,9354
results/research8h/transfer/positive_control_26092807/two_cc/continuous_solution.npz,816b1b83cbe0b84bb2c2cf15392ac77690ef310e3a5f2511dca84e2a702d13c7,11266
results/research8h/transfer/positive_control_26092807/two_cc/matrix.npz,2f9bea72c744ddef148b0be918fbf77db7b7d32094decc969a7a50fa983f9cf6,61497
results/research8h/transfer/positive_control_26092807/two_cc/positive_seed_matrix_check.json,34f1fa2c7d4368053143f3a2be3cecca6c9825bbc7ac103a8ba84df784b394d6,203
results/research8h/transfer/positive_control_26092807/two_cc/result.json,01f22ce43b9e9bcd4ca929bd7ad642f84cd8ed187356b2ebc0a4fb5ab9107d14,1242
results/research8h/transfer/positive_control_26092807/two_cc/row_metadata.csv.gz,d14752232b410e8bdc48d4e34598886d3fe6504805b3b1a4568981a19afd2215,65738
results/research8h/transfer/positive_control_26092807/two_cc/solver.log,58479d7d907d077341c728f6c8e66102ab6b70c7fdff183ec57aa8a81a4e99fd,761
results/research8h/transfer/post_run_audit.json,5733d30a11ac6010cc689e90e9e54e07b1a68ae2d77c664132456f3959b09d3b,5038
results/research8h/transfer/results.json,9108219a413dc69a40cc0b23a4466b494160a0feb908b3bd95111aa812f37bd5,243512
results/research8h/transfer/sample_freeze.json,011ac09f45fd01c852c3e767b1673047657dbccfd842521e854edeb3e9676e3e,57312
results/research8h/transfer/summary.csv,e482805a30cfa63f6cbd6f5c6650de2e19cae00d79575588d7c53dfd400232ca,14370
results/research8h/u_only_continuation/READOUT.md,7fc92ad69c29065b9f9676c46dd5f5db7ad1c56583a8bafae09e45c8577a29d3,1596
results/research8h/u_only_continuation/final_input_hash_check.json,7e2bf73f3b6994335ebdf06b05f1cf979b3c8f2f323cd24401ce86548d8d685c,64
results/research8h/u_only_continuation/input_manifest.csv,fac74ad3290897f4bc69b4d0734e6006b417bbe34590579f396683888b4462be,9461
results/research8h/u_only_continuation/models_frozen_before_first_solve.json,80a0586ce2e5067fb2c8c4952f85ea77672862040b88b633c1efbabd559610cd,458
results/research8h/u_only_continuation/root_post_run_audit.json,a0546678b8468d81c65e210d2b80a20a56db2ab3158a5a872028b593b12ec2a3,465
results/research8h/u_only_continuation/seed_26092600/integrality.npz,3dce3436c853f1dcf296fce09408a6a3d1049e6c2a89568469af8a1c4ae6d73b,282
results/research8h/u_only_continuation/seed_26092600/model_binding.json,ba9290107f73a1329a5809089f4e6a30430ce5ce5abbf6a3eecf96f48ded4507,517
results/research8h/u_only_continuation/seed_26092600/projection_audit.json,e9648ffe394153363cc189379abca6edf6e2c18e40dcf9206ad9347283524473,292
results/research8h/u_only_continuation/seed_26092600/result.json,a74e0c3983eb3739dc09cb2f0de53700e5938b90da28f40ace68c98727f4ca17,275
results/research8h/u_only_continuation/seed_26092600/solver.log,f1113ac3ca2b119ec3b512955e09cbc6ac0d2da4be841bf9014fa8ba28ac9597,2848
results/research8h/u_only_continuation/seed_26092601/integrality.npz,3dce3436c853f1dcf296fce09408a6a3d1049e6c2a89568469af8a1c4ae6d73b,282
results/research8h/u_only_continuation/seed_26092601/model_binding.json,43d240a4b501feccd0b17828df42543441881b06c0f015f61cf941e890a3efa6,517
results/research8h/u_only_continuation/seed_26092601/projection_audit.json,e9648ffe394153363cc189379abca6edf6e2c18e40dcf9206ad9347283524473,292
results/research8h/u_only_continuation/seed_26092601/result.json,17a5f4ac299925c412377b26b2fe0dad4495a05a5d65afbd3da6fb3a2bfa736d,275
results/research8h/u_only_continuation/seed_26092601/solver.log,0dfd36192fa0a43d0f6ef0ded0d321d4c0d3758aecd4a66cee11ed9d95b2daff,3097
results/research8h/u_only_continuation/seed_26092602/integrality.npz,3dce3436c853f1dcf296fce09408a6a3d1049e6c2a89568469af8a1c4ae6d73b,282
results/research8h/u_only_continuation/seed_26092602/model_binding.json,b9cd8711b4b83bc00f764904d904f19092afff6e437fc119bababd2521fe3543,517
results/research8h/u_only_continuation/seed_26092602/projection_audit.json,e9648ffe394153363cc189379abca6edf6e2c18e40dcf9206ad9347283524473,292
results/research8h/u_only_continuation/seed_26092602/result.json,3a7a86ecb68c0fa3b002292859367d343a91a51ca95c0792599dc1e202941f33,275
results/research8h/u_only_continuation/seed_26092602/solver.log,d73ac345819713fa8ce1f31cd91ee1627de7078b87f4d0ff23ec1330b7d4adc1,2851
results/research8h/u_only_continuation/seed_26092603/integrality.npz,3dce3436c853f1dcf296fce09408a6a3d1049e6c2a89568469af8a1c4ae6d73b,282
results/research8h/u_only_continuation/seed_26092603/model_binding.json,25b38f790d9f25414543e23ba8e8dff97301405c6650efb08703dda326e0aa2c,517
results/research8h/u_only_continuation/seed_26092603/projection_audit.json,e9648ffe394153363cc189379abca6edf6e2c18e40dcf9206ad9347283524473,292
results/research8h/u_only_continuation/seed_26092603/result.json,f78b7a5e2f745cc3732d75e5eba563a989a980d6f034c94e28ccb0b84148f617,275
results/research8h/u_only_continuation/seed_26092603/solver.log,c90dfe66fe0c0986c7e3b01fb3c3ef8540306fb4456b15391757f1e06bbe9dea,3586
results/research8h/u_only_continuation/summary.csv,ee3b6a9efce43262d151b5ccf16bebbb999e4f1122820a49573b5e2b2678147d,444
results/research8h/u_only_continuation/summary.json,997e3787d7dff5e61bf68ca0abd929c6b63a347d1f26108007691244fc33552e,1197
results/research8h/verified_checkpoint02_manifest.csv,c3856259b2790958247ab9b17e7070cff900102a5236af5b7dd242bf7be3db49,26188
results/research8h/verified_checkpoint03_manifest.csv,941eacfc767834194867f88246eab75e7960a28548e335471a78e7950c50d77f,31833
results/research8h/verified_checkpoint04_manifest.csv,a195c386ceefbbc4464176d52b301d4e28245bac1a5f09c9992667e5dec7a3d9,20847
results/research8h/verified_checkpoint05_manifest.csv,3732c057f1b4130b7ab234b52a59bfc7768a45387c80d98c23b2111098ee76c8,31159
results/research8h/verified_checkpoint06_manifest.csv,778a5da0c6c1c6620241e38482a703ae81699fb7a704ff6d92c65cfd486dc9e7,81567
results/research8h/verified_checkpoint07_manifest.csv,8bcf9e96bf34e51d1e9a4c0c006cebc21c3c18bc8bd8e276e92ad3f0ddf8717e,65513
results/research8h/verified_checkpoint08_manifest.csv,e95d02f0cce7f76813586aff3b2bcaaa8c33ff7f90739d6961ac538cb447021b,6397
results/research8h/verified_checkpoint09_manifest.csv,e85cf557d3740633443800eb794c7cf9447938f15e5fd3f461db2ba08785ed6f,5927
results/research8h/verified_checkpoint10_manifest.csv,6bf7861a7435f5660ee3b3471addb1c41908e97bfab3f696b5e48e9bf9aeb3ed,10953
results/research8h/verified_checkpoint11_manifest.csv,9a66ccdcb89e84dbefc1856fde37aabe7d37e7e29597bb11a8bfae58dc6d4644,25880
results/research8h/verified_checkpoint12_manifest.csv,f00c6b4316bc97dbb274ef64ca575d297ded19702b9afd32de7c34d11f3e9924,2480
results/research8h/verified_checkpoint13_manifest.csv,f0899ade6b2d1b8c605d2c684779d174e138488d039094f430cd6a0314c1510d,3715
results/research8h/verified_checkpoint14_manifest.csv,b98c42b94443c5b7a8d36e3b4b19b299e9b021e5ccb87219c46bb1067170eab6,31269
results/research8h/verified_checkpoint15_manifest.csv,c3b1acbfae5923c6e7a38e9a03353e28dc066a37e7783ff4072735a1ccac983d,3013
results/research8h/verified_checkpoint16_manifest.csv,d71c027886279c5ba501a2327e5f514f6c56b31fced965691196591023cb98d4,39735
results/research8h/verified_checkpoint17_manifest.csv,c36630bd8dca5b885bff3fd5d6991e7dda7d5c1fbb0f23e59a2116b07f533f06,71170
results/research8h/verified_checkpoint_manifest.csv,a0d450c3f104cfea82188a84e1e88fb9d4832ef79ee9fe94d3d28c482c392a72,161448
results/research8h/verify_manuscript_v1.py,c87da345c41e89ef0e47bbc9fe33d6badd48822f4575f70243fec48fe6acf54d,2392
results/research8h/verify_manuscript_v2.py,377c66c555eda103de5968eca95ef3c9672cbe6e2a931bf9167862c89838761b,4939
results/seasonal_uncapped/.gitattributes,48747480eddba024928d03be9bf83dc579e5515768647507a767e8187a85c9ab,9
results/seasonal_uncapped/READOUT.md,28e79b81948d24052e3b91a7fee4c7c1d705617225a860543bafe14ea679aae7,4340
results/seasonal_uncapped/completion.json,8ff4b6770e47355722164bd1cc25d4135ef66bb20bf948e3161d5eb5b882143e,161
results/seasonal_uncapped/exact_point_checker_selftest.json,09ed3343c721fb2c1f13b73cad4be58e522715df7d9e855c456f3805bed727dd,2278
results/seasonal_uncapped/execution_started.json,b052ab30037ba4c852924ec68b2671fc42ac98a53fb8bcc9b1052a9c1402d24e,247
results/seasonal_uncapped/final_input_hash_check.json,aa3b03b453be097fe80cce0499fdec926994f1fd9be70050a28c7b1d86647263,136
results/seasonal_uncapped/input_manifest.csv,59ad33b7ef6c6854d9acb3bcca837a521b10dd695711124e204c5c6f4e3a5352,10530
results/seasonal_uncapped/post_run_artifact_manifest.csv,0becf8802fac52b712720e206d96d32645d0895bd85b9ae62b95c63c427d3ea6,10111
results/seasonal_uncapped/prepared_freeze.json,11f3f5943965fa61a9b7ab3590c36732d60f40e7049fa485561553040fb50555,856
results/seasonal_uncapped/seed_26093100/angles.csv,0c5116a3545956a5b222269e1c7918b5bef749a5949d372a96e94cb6243ab1e3,79671
results/seasonal_uncapped/seed_26093100/bounds.npz,e7707c7d9aa9268621a619a79789558a78d1962b5d4c05faf5dc9ec6960039e1,52822
results/seasonal_uncapped/seed_26093100/commitment.csv,e7e546ef5782da389441d37178e1d300b5145e324d29b0db1aaf2d9108cf7b91,16826
results/seasonal_uncapped/seed_26093100/dispatch.csv,addf0150d8604ec8e82b903c1880b62c4bfc061cbdd2987f930aafcf48d77749,57919
results/seasonal_uncapped/seed_26093100/exact_point_check.json,ce3bb603e3bd3417dbd05c94d907de3770545272551899e5ca7e1bc3f3130845,850
results/seasonal_uncapped/seed_26093100/integrality.npz,3dce3436c853f1dcf296fce09408a6a3d1049e6c2a89568469af8a1c4ae6d73b,282
results/seasonal_uncapped/seed_26093100/matrix.npz,43eadfdf239a339757187fa4d52e786d1be7277bb93009d5ded1973523bf1386,193396
results/seasonal_uncapped/seed_26093100/model_binding.json,e90a673b760c806e4aa65e25a9999cca137fe06877a355c1588df1d51debe7ec,1020
results/seasonal_uncapped/seed_26093100/model_metadata.json,2581f842804ecb5d936c383cce674a1dae0c2603744055cb56781f7f4a24e453,2582
results/seasonal_uncapped/seed_26093100/native_inputs.npz,985674007c604f18e7f58fc6a1151950cbe32de5be5acd631d8cacd341067b70,26612
results/seasonal_uncapped/seed_26093100/native_no_cap_check.json,50e7edb08942b268557e3c3b559e83f9b6b507d9d12333cf4583d07a75bccb7d,1492
results/seasonal_uncapped/seed_26093100/objective.npz,4a11881191004d9f39ed53d3cd18a5861829593b48c4e97d67e2af2d01b17632,864
results/seasonal_uncapped/seed_26093100/original_integrality.npz,7fae01f9639be86f0b91683b2d2a72f166c06593fb646001bc0417e97aaa712d,282
results/seasonal_uncapped/seed_26093100/projection_audit.json,e9648ffe394153363cc189379abca6edf6e2c18e40dcf9206ad9347283524473,292
results/seasonal_uncapped/seed_26093100/raw_vector.npz,304fb1182c3eaf5184cdbff6b467552ec5c4efcf2164ea7ab6783ff7719aa224,42389
results/seasonal_uncapped/seed_26093100/recovered_vector.npz,a04c939390345bb4bad9a0ef7c98ee72c3e6c691c390799730031bfb2f75b8f2,42064
results/seasonal_uncapped/seed_26093100/result.json,aa5cbbf0fd0979d8453fb311faed7e0749ee2bf4cb39ca655d4887a0decf8d99,1818
results/seasonal_uncapped/seed_26093100/row_metadata.csv.gz,d99fbedb0df7f581f887aa2a87a5a3d27adcabbec8674fdd1f2eaa4e54ef5d40,146951
results/seasonal_uncapped/seed_26093100/shutdown.csv,873b7b15e8de5e2ffa809df7a6e344140b2fb10d3b7e6da97b8af7e71121bbc1,16548
results/seasonal_uncapped/seed_26093100/solver.log,6d79794d10d97a9df732894bdeb7a8dc613ca375ff2e214a1be5c0a21e544f73,3579
results/seasonal_uncapped/seed_26093100/startup.csv,b95accce65b724d0d8ca163bf449ca57655894036ec27c317753faa0e5ad8518,16548
results/seasonal_uncapped/seed_26093101/angles.csv,91721114d03d79d3b16f3f62f935cbdc6ae32adc7304b85ad9f5313c11882d51,79661
results/seasonal_uncapped/seed_26093101/bounds.npz,2a77d68411187266dc8599741c602de61abeb86c06afbd8004a21ba88934823a,53102
results/seasonal_uncapped/seed_26093101/commitment.csv,5c59a9eeb4d10de579d4c7a50f10aaf24ab64cc5b7543043032f5551a7118e8c,16904
results/seasonal_uncapped/seed_26093101/dispatch.csv,7d00e305faa3d528554d22950dcc22587fcb8082adc3e8d85fc980efe34929f7,58353
results/seasonal_uncapped/seed_26093101/exact_point_check.json,16f1d15c28b6caa3596c7627e7a1a28b8d80a7e184ab61af3ff1fe2eeb0e200b,849
results/seasonal_uncapped/seed_26093101/integrality.npz,3dce3436c853f1dcf296fce09408a6a3d1049e6c2a89568469af8a1c4ae6d73b,282
results/seasonal_uncapped/seed_26093101/matrix.npz,43eadfdf239a339757187fa4d52e786d1be7277bb93009d5ded1973523bf1386,193396
results/seasonal_uncapped/seed_26093101/model_binding.json,ed1689dd4b75eff0f5d02e8fbe4b4102ef3960664ef207d3f33379ae09942386,1020
results/seasonal_uncapped/seed_26093101/model_metadata.json,2581f842804ecb5d936c383cce674a1dae0c2603744055cb56781f7f4a24e453,2582
results/seasonal_uncapped/seed_26093101/native_inputs.npz,0714685f35f07c78279ee7879e9b7278cc79e9177b8680df54fac6ef18f1fc1b,26594
results/seasonal_uncapped/seed_26093101/native_no_cap_check.json,a1822ab3544e5bbc22232c864718d087b1b08179c66b4af1cd89a10774a1f94f,1477
results/seasonal_uncapped/seed_26093101/objective.npz,4a11881191004d9f39ed53d3cd18a5861829593b48c4e97d67e2af2d01b17632,864
results/seasonal_uncapped/seed_26093101/original_integrality.npz,7fae01f9639be86f0b91683b2d2a72f166c06593fb646001bc0417e97aaa712d,282
results/seasonal_uncapped/seed_26093101/projection_audit.json,e9648ffe394153363cc189379abca6edf6e2c18e40dcf9206ad9347283524473,292
results/seasonal_uncapped/seed_26093101/raw_vector.npz,da5f83a191f23a5058589eba5c1b4246cf55f91a842a1757f1574d31d391cada,42875
results/seasonal_uncapped/seed_26093101/recovered_vector.npz,60952e52d7457b056db6dd7eddc81862846ac55b5d819051f1a196ded3244302,42277
results/seasonal_uncapped/seed_26093101/result.json,520b4add713ed5ccad0dc08327cf098a81e998263018ac2e942ed112f1fd3545,1845
results/seasonal_uncapped/seed_26093101/row_metadata.csv.gz,b18444e0cec8e32fcc2c8133e8b89e505f21c3bf803c7ec16c1eea1937e43895,146951
results/seasonal_uncapped/seed_26093101/shutdown.csv,a111f478103757e98f9812aab292c84b166b04f2cb99b05701024742ebd06481,16548
results/seasonal_uncapped/seed_26093101/solver.log,6d20378bb4449e41c619b5bcd1a45b14919c1bb780c88e6be4abc021cc0f1f78,4939
results/seasonal_uncapped/seed_26093101/startup.csv,fea066b7db9a5b96a5279a079973664dd959f1ee35331e1f684e803ba976face,16548
results/seasonal_uncapped/source_transfer_manifest_check.json,c0c6a0ea2105566fe8be0fe5b100294c6ec31a15fb13610eeab518654100f1dc,137
results/seasonal_uncapped/summary.csv,351f8a323f26bfd43c21b7bff779e5b63cd8541dec16e2957159ad6f8924b4bb,902
results/seasonal_uncapped/summary.json,a1df771d64b6d15b62a4c514da06a697c5fcd2fe9c778a8a0fa0bb40af733536,3890
results/temporal_information/lp_certificate/READOUT.md,0172f611a5809c1e53b108b6774571f4fb53f28bff9adfd500a7f5288cc6df7a,2721
results/temporal_information/lp_certificate/baseline_matrix_verification.json,34f1fa2c7d4368053143f3a2be3cecca6c9825bbc7ac103a8ba84df784b394d6,203
results/temporal_information/lp_certificate/development_history.json,f0aa99be97bee6f822ff45fc5846895fdaaf58cbc03fd8a77971a73ea55efb5a,2000
results/temporal_information/lp_certificate/frozen_protocol.json,cc5c8f50b9a89c9d0c823c4eb37f98fa30e3d4224e822bbf668f73af49663f49,620
results/temporal_information/lp_certificate/identity/bounds.npz,d5ae3a65f24c9f6652d315b4216ace5579921a866da4db0f286804004843dc24,10476
results/temporal_information/lp_certificate/identity/continuous_solution.npz,64c3a609f7154a6248bd9341ac2561cde33a0cfb9438dbeffa638728584855a7,13828
results/temporal_information/lp_certificate/identity/matrix.npz,6af039900e02e8d16a419686a8e11a4f33515092d0647af4677bbabda4b8754f,143874
results/temporal_information/lp_certificate/identity/model_metadata.json,e11ab418c93341678181b5d27eafc0c893770b120f39a5a88f7deca73ddc6341,1528
results/temporal_information/lp_certificate/identity/result.json,e23a8976a1992e4bfae9d12ef90b927094e573818401da423b57ba949a42d50a,760
results/temporal_information/lp_certificate/identity/row_metadata.csv.gz,d32a7ab91ddf9a205880505a6062733e168fb4e273651ab90996818d542caa76,90679
results/temporal_information/lp_certificate/identity/solver.log,d263b1ebabe1ac4217f6cc0e41753e5ac886275a2eceb132b9130e65154c807c,1378
results/temporal_information/lp_certificate/independent_archive_replay.json,a22fada23215d72470e5b1ea3f735445566e7c1c429b267a49d1dc6a8f8c89a2,4651
results/temporal_information/lp_certificate/input_manifest.csv,0a72bf5d607f60cfe04a29cae361e927d9bb5671c238a6aa7d18188af5979134,4090
results/temporal_information/lp_certificate/seed_26092600/bounds.npz,a06a4faeb9573ee0499706eeeb3fc3620651a18ea3f2d4c1f0f9422c923bf1e8,10532
results/temporal_information/lp_certificate/seed_26092600/dual_certificate.json,e9465df8df521fe36d4eda56d68a33d9e8d63a0c693960f98e72da760c1333c4,79159
results/temporal_information/lp_certificate/seed_26092600/matrix.npz,6af039900e02e8d16a419686a8e11a4f33515092d0647af4677bbabda4b8754f,143874
results/temporal_information/lp_certificate/seed_26092600/model_metadata.json,e11ab418c93341678181b5d27eafc0c893770b120f39a5a88f7deca73ddc6341,1528
results/temporal_information/lp_certificate/seed_26092600/raw_solver_ray.npz,a99ab8453889f95ca0581f0d25c193fbaab21a9d34c13703bf25958d6e3b1e0c,5791
results/temporal_information/lp_certificate/seed_26092600/result.json,08604c42bf927963a5ea16e36cc19c1f33c5eb0569d8c79eaf71430dd99c283c,7182
results/temporal_information/lp_certificate/seed_26092600/row_metadata.csv.gz,f6e99fffaed8bce1ef5e90d37008ad8d7e747eb469f1d049a42db15bfc743094,90679
results/temporal_information/lp_certificate/seed_26092600/solver.log,c774b51dbf7346ac78a3f8c9936561410fb13d80b98358d3a0d13e5fb9e3f81a,1452
results/temporal_information/lp_certificate/seed_26092600/sparse_multipliers.csv,9b55e64fd432f1908e37ec4b55a576f2a5e9c8a761852d5a4fe774a156a7d8d6,49648
results/temporal_information/lp_certificate/seed_26092601/bounds.npz,3cd3c44f0e789b64ab53f96228617a9b4af02d8492a180999260f17811aa8bd9,10563
results/temporal_information/lp_certificate/seed_26092601/dual_certificate.json,521542de4191e58e6b7b7d33894e766d8a4bef1e6a5c2ddf450ad9c5587ac871,55702
results/temporal_information/lp_certificate/seed_26092601/matrix.npz,6af039900e02e8d16a419686a8e11a4f33515092d0647af4677bbabda4b8754f,143874
results/temporal_information/lp_certificate/seed_26092601/model_metadata.json,e11ab418c93341678181b5d27eafc0c893770b120f39a5a88f7deca73ddc6341,1528
results/temporal_information/lp_certificate/seed_26092601/raw_solver_ray.npz,7d62b1dc4cae88c0a524c0107d73d91caa7278be562798ad9a7befdf9e5efbc4,3094
results/temporal_information/lp_certificate/seed_26092601/result.json,ba787c4f2a28777338e4b6eaf4d663f8aa69234dadca47b0343d2e1c0280778b,7192
results/temporal_information/lp_certificate/seed_26092601/row_metadata.csv.gz,e4e47f67b0565630a3f7a7e2b8839b5ac15617912e23039ddca7d1615d9e9094,90679
results/temporal_information/lp_certificate/seed_26092601/solver.log,935d8b2a4941eda86ae655436e21cb7a5915ea9350014b9f9a4978017bed6a44,1452
results/temporal_information/lp_certificate/seed_26092601/sparse_multipliers.csv,09b36e320fe3b40089bcb3486b7f70e58ac3319110114036f27610bcc16f9d74,33653
results/temporal_information/lp_certificate/seed_26092602/bounds.npz,7c68893a7f3ec0abab56c78eec768bbe468de57418e5a32b740bf1efbccfff29,10515
results/temporal_information/lp_certificate/seed_26092602/dual_certificate.json,0d0f5cef332ff3d1770ebc07ae32dcffc2b4346289088e27b8c1c2446eb8e969,84756
results/temporal_information/lp_certificate/seed_26092602/matrix.npz,6af039900e02e8d16a419686a8e11a4f33515092d0647af4677bbabda4b8754f,143874
results/temporal_information/lp_certificate/seed_26092602/model_metadata.json,e11ab418c93341678181b5d27eafc0c893770b120f39a5a88f7deca73ddc6341,1528
results/temporal_information/lp_certificate/seed_26092602/raw_solver_ray.npz,b2cb4ea8c74220dcbff2334d52bc124711d8c62b00ce29567e0207156424aced,5894
results/temporal_information/lp_certificate/seed_26092602/result.json,8525fc84caa97daa812ea9f32588e3d581e77ecefbc9e79c61092357f7091df7,7100
results/temporal_information/lp_certificate/seed_26092602/row_metadata.csv.gz,65422989abe78b6c14c36f0c701e270dd078c521dc45475869fc84717c323374,90679
results/temporal_information/lp_certificate/seed_26092602/solver.log,aa9fcd7ff9e1a083b41b1a15875c9f23d43d76c2ddbc31697a4939ee4da2800c,1452
results/temporal_information/lp_certificate/seed_26092602/sparse_multipliers.csv,1f4a84285492e7f838b04ec2c1c6a81179ec62fd5a5422a3c4f2ab99c04bd0a9,52687
results/temporal_information/lp_certificate/seed_26092603/bounds.npz,5bce2635214f9860f0b554e9683394fd4c37253cfc3234bb3e6b9675c2fc8b3b,10562
results/temporal_information/lp_certificate/seed_26092603/dual_certificate.json,25dc9fc38a6e8fe82ac3b85a87d965bc402130774487624ae73068f6b76b9e11,76223
results/temporal_information/lp_certificate/seed_26092603/matrix.npz,6af039900e02e8d16a419686a8e11a4f33515092d0647af4677bbabda4b8754f,143874
results/temporal_information/lp_certificate/seed_26092603/model_metadata.json,e11ab418c93341678181b5d27eafc0c893770b120f39a5a88f7deca73ddc6341,1528
results/temporal_information/lp_certificate/seed_26092603/raw_solver_ray.npz,2651071c6d4310130447646f4d688f5e7c6bbb2aa65dc5a6e6f428e7ae24cf8d,4808
results/temporal_information/lp_certificate/seed_26092603/result.json,3b3777249e8016d2c465c2002202fe443bf944a8735ecba847bd0d7cf888656e,7198
results/temporal_information/lp_certificate/seed_26092603/row_metadata.csv.gz,098b1dc13e73d670539c1b317c52fb5094a1f7807f2916e46f9dca4e1c94b66e,90679
results/temporal_information/lp_certificate/seed_26092603/solver.log,859e10cda037d3f54bb15080161059973ab7cc22f12a52ca6385b57f968b5b2d,1452
results/temporal_information/lp_certificate/seed_26092603/sparse_multipliers.csv,3a1d2cb8020814dd5d9bf444973d14346e12d13a3da455b96cf1792113c8346e,47273
results/temporal_information/lp_certificate/summary.csv,d5f67139c97ce8c6925b88c59106f25e746b2f18b40f29f62b6998d9b5eb5889,1471
results/temporal_information/lp_certificate/summary.json,417a2f182c59a12ccf8094c97467165f8aeca745c65412b03cdc0ccf29a9c1a5,31778
results/temporal_information/twins/identity/permutation.csv,6b61f356c251521648f478fd43b713020ef107fc993c346e4cce5ab43a0bd9ac,2186
results/temporal_information/twins/positive_witness_verification.json,a663f6ce4a8f1155cf936ae9599e29d490893d8f733c5a863cfcf3938f4d780b,1731
results/temporal_information/twins/seed_26092600/full_solver_crosscheck.json,36b1b2431b3d11f3666adbda0a3ef48a44509723ece64a3119e715201fd0e36e,275
results/temporal_information/twins/seed_26092600/permutation.csv,afb4e692078a97dafd26a587c50d10f7024233261f4b6cf98aef5727fddfde0e,2186
results/temporal_information/twins/seed_26092601/full_solver_crosscheck.json,d306d45005df8bc8d55be82f5b20452a78cd39c322624a9e2041a78b644eddce,276
results/temporal_information/twins/seed_26092601/permutation.csv,54f78cec35c8fa87179ddf218ac32bd850fa1401635e133bfd6d6f38dd27aae0,2186
results/temporal_information/twins/seed_26092602/full_solver_crosscheck.json,32d0573566af9189ef327e75d02b358512df2be95535332c4a0a32a5b30ff57a,275
results/temporal_information/twins/seed_26092602/permutation.csv,beafec6240f97c1d8d27e5ce773c9287b5ad44f3471e213979e5865e3910ff12,2186
results/temporal_information/twins/seed_26092603/full_solver_crosscheck.json,a321a3d16a6d71d273edb594ff769ee996b907fff57a9c48c96118267fdf3101,275
results/temporal_information/twins/seed_26092603/permutation.csv,eddb7bfca28cd0b9bca7f0233888bdcb9aad59f3cccff0900cb402905c8f1cf5,2186
results/temporal_information/twins/seed_26092604/permutation.csv,5789631af2809e2d26e1fbb51e8205598a41f43a3a0a661a64cc4a6b57f4bbc1,2186
results/temporal_information/twins/seed_26092605/permutation.csv,54a2d37018bbbc5caf3eea4d780a887ebcd6aba206d6a74d450a54f881313c01,2186
results/temporal_information/twins/seed_26092606/permutation.csv,de95b5a905150d460bde6f3568787e5540d123b2c4206d3361528fe3a8516949,2186
results/temporal_information/twins/seed_26092607/permutation.csv,4f1fd72c01bed1ac3a932b76e75727f24601f04c1a773da88bbb5582d4cce2c5,2186
results/temporal_information/twins/seed_26092608/permutation.csv,f0500509bd635de01f8f85f1aef98feb6883f6708459fb819ac3b45b9f6a0625,2186
results/temporal_information/twins/seed_26092609/permutation.csv,981726dc66c73df0c8b159ed2766efca97d66a8da0f850c6e4d7cc46b971d953,2186
results/temporal_information/twins/seed_26092610/permutation.csv,a743da58a71c9725c61f2fe54de7b28497d27eb01d759937e36ab219530b6b15,2186
results/temporal_information/twins/seed_26092611/permutation.csv,4c496ceafc17d0e83a628718c3ca2873077fe97fb7799b5f2b0f21d11caf37cd,2186
results/temporal_information/twins/seed_26092612/permutation.csv,4933c652e976c0c059e3bb026899c175471d2a4cd9d9ea7926a7d0032b91c88b,2186
results/temporal_information/twins/seed_26092613/permutation.csv,05ed0c3108635608c879d8edc64c144e2b2cbc06204188d73e6279531fa11d90,2186
results/temporal_information/twins/seed_26092614/permutation.csv,358572fad97f8e9db652db0448b0ee789a92105920399e521a16c2a10f5e481a,2186
results/temporal_information/twins/seed_26092615/permutation.csv,0d340e26fe31f43ab263eb99c60dd6dfcdd9a3648a9ae392748f7a8700983cd3,2186
results/temporal_information/twins/shared_target.csv,3d16aadeb06b07291fc0ecd3790fec57939edc657441541d06a55bc386965321,1847
results/temporal_information/twins/summary.csv,9c6722b72fbff7187eeeb00cebcdf2263cb6bdd67e04d3862c159de615510fee,2873
results/temporal_information/twins/summary.json,b0ec7218a3df509306a426b82d15bff3e36264731169ddfc659e5c27cd52a471,8771
results/v8/network_repair/network_fixed_commitment.csv,d0baca56221f249076e11dbf26d49c8418ff189b27e44ef4fe5a5ad805cfa449,8484
results/v8/network_repair/network_repair_dispatch.csv,a58ffcaa470cdc01d574ebd34fd2ab4953cb9a73087e1103407bf7b945be65da,34837
results/v8/network_repair/network_repair_witness_verification.json,7e3df9da748e2d8dd424fbfa87535fd2c75f885f067e09a0228cce55370fa17d,528
results/v8r1/rts_input_reconstruction.json,ba45cc4e9713686bc6279f9867c8ed793eb309ebf86327bf1f03a269a3bed7dd,12910
src/check_temporal_core.py,ea9bb4ed65f3a91d3fcd26bd7d5cf980c0ad24aa15774239e913a5ad04ff9003,8564
src/requirements-v8r1.txt,d077fabebefc79057bc10f5b7d09ee56975a4e3f25ea0d2bb746dc34003d10cd,155
src/research8h_branch_flow.py,bb5889f57ef051dffb196457b3bfbb9626e8c2e046a2b0bcc13ea6b5250fbd77,36410
src/research8h_branch_flow_check.py,41dab33ed8e013d46fd7ae78974d95cab70e9794a906a7c6a12786bb093d4632,6471
src/research8h_branch_flow_energy.py,7e19ad3f6a5c0535f6b422ed28cc36034997daefb516ed3c91f07b4920e08ea5,22711
src/research8h_branch_flow_energy_check.py,13d1debeb82d76e595c2700554d39a27c5b01259e03b0d35edabe21e8c3175e9,7046
src/research8h_build_manuscripts.py,8558aeedabfa25b58ded44e152f33cd5d8bf11d0c4be1a68354fb8f05d666be2,13858
src/research8h_cap_band.py,6bc1d19df621fb01e7430cfa83a85c624af7f6c51d07ed2d40fb11d466b2043f,3285
src/research8h_day_blocks.py,43441ca2da48c6d8acc2574461502f6f74a4f0f4a3b32ad653c5fd794a5f6a8b,16084
src/research8h_day_fixed_identity.py,819ddb376d2d9401c958a1ed91a84d540748d6212e8ee4601d7694174ac70800,18357
src/research8h_energy_lp_refinement.py,f91472fee2b0cc170a94e1cfb58d6ed997ec94a967a09f484af9ff85b7fa5b3c,15975
src/research8h_energy_price_bounds.py,676603d119d62b56721e15c0f4def7491246643d7f641efa5c4ea79795a289be,14943
src/research8h_exact_fixed_schedule.py,733f57ae928c72dcf063c224e728d1ad1a01d52e93c068f63147d988c16e3a77,38501
src/research8h_fixed_reference_service.py,c28ae08e6542d55e87fe69498ca42efad66ae405ca029b015fb42eb1de853fca,8359
src/research8h_fresh_january_energy.py,0ad4536f7b9be7d681a4e164eb8546cc1755ddccb2b49e90887e92d4f08b250d,30590
src/research8h_fresh_january_weeks.py,5d89038f53760d8dff1cc521b641636fbbec490ea4842d3d9a524568fcdd36a7,31154
src/research8h_hod_fixed_ray_transfer.py,a8138ee89545d25e4f35e6f52cfcb49ec697b7467ce0c5c71f911fbed80207e4,18441
src/research8h_hod_reoptimized_subsets.py,3c9d03015a23a277c0f4642be696843d17f2540bac2a2116247e11e0d80f8041,18945
src/research8h_hour_of_day.py,b617d41ab09d18d57c003147b52ae80f369225bc6029121109cee3d53e71d60e,19369
src/research8h_hour_of_day_uncapped.py,529f640192f437b03e08efb297ca9d97e50b2028fd59f86683ceec2468222867,24905
src/research8h_kgram_check.py,15683454d63ff51279144c70c6e57fb3916ff1436958141fdb9f70aab0df0384,21111
src/research8h_locality.py,7ba6f82a0c5d7dc0211129b35bdc7fbe6f8b98824bf340a90f774309260828e1,12271
src/research8h_markov_mip.py,681bbcdd6faacc9544ee8422881b2c9cb0bf68b789481267149131258c17d23c,6785
src/research8h_markov_twins.py,6101416640aa0a49c9c50d5f0960ca1b6d7a5bc1144485f1d5422d04b4688a43,9123
src/research8h_mean_repair.py,1d3ab964494177c09110ae348e01ed10d69def9ea890555665548851b46c9328,19849
src/research8h_no_dwell_symmetry.py,0fbfd37f9eea26a6e9758770de1c442c8389677c6e1c9e64a78fbdfef2a7e330,7869
src/research8h_nominal_balance_audit.py,956232a675ff9446e652753395a723a5e1823e600f7563cfa224e7a56b938db8,4970
src/research8h_observation_audit.py,f9f75e44a7842ebbdc0b1f95898adb97bde5bd31eaad7857192f51eff8495bfd,11764
src/research8h_plot_energy_bounds.py,cd0740235ba5d39c37fd066895fe291b7e63b95d746bbd0168eed5d6e4775aff,3645
src/research8h_plot_three_week_bounds.py,9b84a759c5cb6cf8a84d540d2484f5af4fc4c95b4d916f956fe4c3a664f72b01,8335
src/research8h_rational_witness_check.py,9cb836d420308a2ffc5b6e50e78cb565a823d5b65d1223c0f53d98910de5680d,10706
src/research8h_relocation_check.py,19c903a49edbe02aca64765c40703f7f25fe0ad4e58c1c9fe1069062999e1f62,4598
src/research8h_seasonal_cap_continuation.py,fe7253d9d6217a26ad3162422e91cc90dba83350526faed1443d54c8500b29ab,30196
src/research8h_seasonal_reference.py,6844c70fdfe298d85cb2e247ca828cd3b0a1046f3bfc70f306743f74ac0e7805,17594
src/research8h_seasonal_reference_continuation.py,8a5cff279e48569056f0217d003f8a43f1d7f026c541f8d9671e8d68e8897d4a,18089
src/research8h_seasonal_rule_transfer.py,b5c544a6dcefff1d1bbb7f31178041ed9a5748ebef41b595d15d8d1d5925eaa0,14818
src/research8h_seasonal_transfer.py,ee0cdf2c5852483d17d6485ef2efc7f6ee807a1f1844dd670c8d1f6acd5c219f,19644
src/research8h_seasonal_uncapped.py,59b8f8f0d5446ef77e891df2a93bace8a664b5a846bd812cd2af266f2c41dc88,15999
src/research8h_service_cap.py,28852854da72e6ad7218aa2af18ec41a61c0e2e6438f992bc3481bb520adb40e,5279
src/research8h_service_network.py,1cdfa891e4b83e685bb38021709b99066aae6daa994e3c4500e815357f156a41,14740
src/research8h_service_network_mip.py,a8c9c73b9f85b10afbb7aa93672ca595ccff6f30a1584faefeea5599a775c760,17798
src/research8h_sparse_farkas.py,b9e6c24afeac682e972a83c8ad882bf87cdfc794a3abb329c1e9f2ec9faf01e5,17688
src/research8h_standalone_verify.py,708c3843425eea494a0561e83a275f7059f22bcd546a036705323d056bcf906f,28861
src/research8h_strict_balance_paths.py,4622945e972313ac073f9c04bb55d179c7b4491533e03b44ae31accd06c1a0cd,26125
src/research8h_tau_fixed_evidence.py,e87c56855235cd083dcee07267ea76077e949359684eb10c6a9cc21647c61288,29533
src/research8h_transfer.py,393aeae51af8020c89f6b012b2137fc4c84c44d5d106e6b911fa07e79861cba2,15214
src/research8h_u_only_continuation.py,e019a6fab20964b43b40be92ebcff6aa5855b8a42644984835db8b1ff2a76221,11471
src/rts_native_model.py,8c31b40047fe60ceefa34b3c5b2e21301d252dd11b80698827ab47a1f084cc3a,5812
src/temporal_information_pilot.py,f2e50b7dccb0e1869c8667a00e32c9d2f1d3f1f641459d4ccb802abe0074d4a0,16125
src/temporal_lp_certificate.py,6191c5760811cab0ec22b2fb1376a5be3aa47cb548e1260c4a17e2563d9802e4,20041
src/v8r1_prepare_rts_inputs.py,0e3336252d0d925f5c56acf65ba47889825d3cf7d04e940265d02c5d022d5ce2,12371
src/v8r1_rts_residence_certificate.py,15a1336d73a8b032d32a5dc01108a8e12f2c87bfd418c30572607e7c74ca7e03,13251
src/v8r1_rts_seasonal.py,bca0127d7b2771c6da3b6a838c8caa7fb6ce0df4eafd9a512326aabd8daf7dc2,12931
verify_package.py,619e359e0e9e670cedec5f7e245a797d0004188f299b3113440b3a074d06e974,456
