row,family,hour_0based,uid,original_row,dwell_support_first_hour,dwell_support_last_hour
174,minimum_up,1,101_CT_1,174,1,1
175,minimum_down,1,101_CT_1,175,1,1
180,minimum_up,2,101_CT_1,180,2,2
181,minimum_down,2,101_CT_1,181,2,2
186,minimum_up,3,101_CT_1,186,3,3
187,minimum_down,3,101_CT_1,187,3,3
192,minimum_up,4,101_CT_1,192,4,4
193,minimum_down,4,101_CT_1,193,4,4
198,minimum_up,5,101_CT_1,198,5,5
199,minimum_down,5,101_CT_1,199,5,5
204,minimum_up,6,101_CT_1,204,6,6
205,minimum_down,6,101_CT_1,205,6,6
210,minimum_up,7,101_CT_1,210,7,7
211,minimum_down,7,101_CT_1,211,7,7
216,minimum_up,8,101_CT_1,216,8,8
217,minimum_down,8,101_CT_1,217,8,8
222,minimum_up,9,101_CT_1,222,9,9
223,minimum_down,9,101_CT_1,223,9,9
228,minimum_up,10,101_CT_1,228,10,10
229,minimum_down,10,101_CT_1,229,10,10
234,minimum_up,11,101_CT_1,234,11,11
235,minimum_down,11,101_CT_1,235,11,11
240,minimum_up,12,101_CT_1,240,12,12
241,minimum_down,12,101_CT_1,241,12,12
246,minimum_up,13,101_CT_1,246,13,13
247,minimum_down,13,101_CT_1,247,13,13
252,minimum_up,14,101_CT_1,252,14,14
253,minimum_down,14,101_CT_1,253,14,14
258,minimum_up,15,101_CT_1,258,15,15
259,minimum_down,15,101_CT_1,259,15,15
264,minimum_up,16,101_CT_1,264,16,16
265,minimum_down,16,101_CT_1,265,16,16
270,minimum_up,17,101_CT_1,270,17,17
271,minimum_down,17,101_CT_1,271,17,17
276,minimum_up,18,101_CT_1,276,18,18
277,minimum_down,18,101_CT_1,277,18,18
282,minimum_up,19,101_CT_1,282,19,19
283,minimum_down,19,101_CT_1,283,19,19
288,minimum_up,20,101_CT_1,288,20,20
289,minimum_down,20,101_CT_1,289,20,20
294,minimum_up,21,101_CT_1,294,21,21
295,minimum_down,21,101_CT_1,295,21,21
300,minimum_up,22,101_CT_1,300,22,22
301,minimum_down,22,101_CT_1,301,22,22
306,minimum_up,23,101_CT_1,306,23,23
307,minimum_down,23,101_CT_1,307,23,23
312,minimum_up,24,101_CT_1,312,24,24
313,minimum_down,24,101_CT_1,313,24,24
318,minimum_up,25,101_CT_1,318,25,25
319,minimum_down,25,101_CT_1,319,25,25
324,minimum_up,26,101_CT_1,324,26,26
325,minimum_down,26,101_CT_1,325,26,26
330,minimum_up,27,101_CT_1,330,27,27
331,minimum_down,27,101_CT_1,331,27,27
336,minimum_up,28,101_CT_1,336,28,28
337,minimum_down,28,101_CT_1,337,28,28
342,minimum_up,29,101_CT_1,342,29,29
343,minimum_down,29,101_CT_1,343,29,29
348,minimum_up,30,101_CT_1,348,30,30
349,minimum_down,30,101_CT_1,349,30,30
354,minimum_up,31,101_CT_1,354,31,31
355,minimum_down,31,101_CT_1,355,31,31
360,minimum_up,32,101_CT_1,360,32,32
361,minimum_down,32,101_CT_1,361,32,32
366,minimum_up,33,101_CT_1,366,33,33
367,minimum_down,33,101_CT_1,367,33,33
372,minimum_up,34,101_CT_1,372,34,34
373,minimum_down,34,101_CT_1,373,34,34
378,minimum_up,35,101_CT_1,378,35,35
379,minimum_down,35,101_CT_1,379,35,35
384,minimum_up,36,101_CT_1,384,36,36
385,minimum_down,36,101_CT_1,385,36,36
390,minimum_up,37,101_CT_1,390,37,37
391,minimum_down,37,101_CT_1,391,37,37
396,minimum_up,38,101_CT_1,396,38,38
397,minimum_down,38,101_CT_1,397,38,38
402,minimum_up,39,101_CT_1,402,39,39
403,minimum_down,39,101_CT_1,403,39,39
408,minimum_up,40,101_CT_1,408,40,40
409,minimum_down,40,101_CT_1,409,40,40
414,minimum_up,41,101_CT_1,414,41,41
415,minimum_down,41,101_CT_1,415,41,41
420,minimum_up,42,101_CT_1,420,42,42
421,minimum_down,42,101_CT_1,421,42,42
426,minimum_up,43,101_CT_1,426,43,43
427,minimum_down,43,101_CT_1,427,43,43
432,minimum_up,44,101_CT_1,432,44,44
433,minimum_down,44,101_CT_1,433,44,44
438,minimum_up,45,101_CT_1,438,45,45
439,minimum_down,45,101_CT_1,439,45,45
444,minimum_up,46,101_CT_1,444,46,46
445,minimum_down,46,101_CT_1,445,46,46
450,minimum_up,47,101_CT_1,450,47,47
451,minimum_down,47,101_CT_1,451,47,47
456,minimum_up,48,101_CT_1,456,48,48
457,minimum_down,48,101_CT_1,457,48,48
462,minimum_up,49,101_CT_1,462,49,49
463,minimum_down,49,101_CT_1,463,49,49
468,minimum_up,50,101_CT_1,468,50,50
469,minimum_down,50,101_CT_1,469,50,50
474,minimum_up,51,101_CT_1,474,51,51
475,minimum_down,51,101_CT_1,475,51,51
480,minimum_up,52,101_CT_1,480,52,52
481,minimum_down,52,101_CT_1,481,52,52
486,minimum_up,53,101_CT_1,486,53,53
487,minimum_down,53,101_CT_1,487,53,53
492,minimum_up,54,101_CT_1,492,54,54
493,minimum_down,54,101_CT_1,493,54,54
498,minimum_up,55,101_CT_1,498,55,55
499,minimum_down,55,101_CT_1,499,55,55
504,minimum_up,56,101_CT_1,504,56,56
505,minimum_down,56,101_CT_1,505,56,56
510,minimum_up,57,101_CT_1,510,57,57
511,minimum_down,57,101_CT_1,511,57,57
516,minimum_up,58,101_CT_1,516,58,58
517,minimum_down,58,101_CT_1,517,58,58
522,minimum_up,59,101_CT_1,522,59,59
523,minimum_down,59,101_CT_1,523,59,59
528,minimum_up,60,101_CT_1,528,60,60
529,minimum_down,60,101_CT_1,529,60,60
534,minimum_up,61,101_CT_1,534,61,61
535,minimum_down,61,101_CT_1,535,61,61
540,minimum_up,62,101_CT_1,540,62,62
541,minimum_down,62,101_CT_1,541,62,62
546,minimum_up,63,101_CT_1,546,63,63
547,minimum_down,63,101_CT_1,547,63,63
552,minimum_up,64,101_CT_1,552,64,64
553,minimum_down,64,101_CT_1,553,64,64
558,minimum_up,65,101_CT_1,558,65,65
559,minimum_down,65,101_CT_1,559,65,65
564,minimum_up,66,101_CT_1,564,66,66
565,minimum_down,66,101_CT_1,565,66,66
570,minimum_up,67,101_CT_1,570,67,67
571,minimum_down,67,101_CT_1,571,67,67
576,minimum_up,68,101_CT_1,576,68,68
577,minimum_down,68,101_CT_1,577,68,68
582,minimum_up,69,101_CT_1,582,69,69
583,minimum_down,69,101_CT_1,583,69,69
588,minimum_up,70,101_CT_1,588,70,70
589,minimum_down,70,101_CT_1,589,70,70
594,minimum_up,71,101_CT_1,594,71,71
595,minimum_down,71,101_CT_1,595,71,71
600,minimum_up,72,101_CT_1,600,72,72
601,minimum_down,72,101_CT_1,601,72,72
606,minimum_up,73,101_CT_1,606,73,73
607,minimum_down,73,101_CT_1,607,73,73
612,minimum_up,74,101_CT_1,612,74,74
613,minimum_down,74,101_CT_1,613,74,74
618,minimum_up,75,101_CT_1,618,75,75
619,minimum_down,75,101_CT_1,619,75,75
624,minimum_up,76,101_CT_1,624,76,76
625,minimum_down,76,101_CT_1,625,76,76
630,minimum_up,77,101_CT_1,630,77,77
631,minimum_down,77,101_CT_1,631,77,77
636,minimum_up,78,101_CT_1,636,78,78
637,minimum_down,78,101_CT_1,637,78,78
642,minimum_up,79,101_CT_1,642,79,79
643,minimum_down,79,101_CT_1,643,79,79
648,minimum_up,80,101_CT_1,648,80,80
649,minimum_down,80,101_CT_1,649,80,80
654,minimum_up,81,101_CT_1,654,81,81
655,minimum_down,81,101_CT_1,655,81,81
660,minimum_up,82,101_CT_1,660,82,82
661,minimum_down,82,101_CT_1,661,82,82
666,minimum_up,83,101_CT_1,666,83,83
667,minimum_down,83,101_CT_1,667,83,83
672,minimum_up,84,101_CT_1,672,84,84
673,minimum_down,84,101_CT_1,673,84,84
678,minimum_up,85,101_CT_1,678,85,85
679,minimum_down,85,101_CT_1,679,85,85
684,minimum_up,86,101_CT_1,684,86,86
685,minimum_down,86,101_CT_1,685,86,86
690,minimum_up,87,101_CT_1,690,87,87
691,minimum_down,87,101_CT_1,691,87,87
696,minimum_up,88,101_CT_1,696,88,88
697,minimum_down,88,101_CT_1,697,88,88
702,minimum_up,89,101_CT_1,702,89,89
703,minimum_down,89,101_CT_1,703,89,89
708,minimum_up,90,101_CT_1,708,90,90
709,minimum_down,90,101_CT_1,709,90,90
714,minimum_up,91,101_CT_1,714,91,91
715,minimum_down,91,101_CT_1,715,91,91
720,minimum_up,92,101_CT_1,720,92,92
721,minimum_down,92,101_CT_1,721,92,92
726,minimum_up,93,101_CT_1,726,93,93
727,minimum_down,93,101_CT_1,727,93,93
732,minimum_up,94,101_CT_1,732,94,94
733,minimum_down,94,101_CT_1,733,94,94
738,minimum_up,95,101_CT_1,738,95,95
739,minimum_down,95,101_CT_1,739,95,95
744,minimum_up,96,101_CT_1,744,96,96
745,minimum_down,96,101_CT_1,745,96,96
750,minimum_up,97,101_CT_1,750,97,97
751,minimum_down,97,101_CT_1,751,97,97
756,minimum_up,98,101_CT_1,756,98,98
757,minimum_down,98,101_CT_1,757,98,98
762,minimum_up,99,101_CT_1,762,99,99
763,minimum_down,99,101_CT_1,763,99,99
768,minimum_up,100,101_CT_1,768,100,100
769,minimum_down,100,101_CT_1,769,100,100
774,minimum_up,101,101_CT_1,774,101,101
775,minimum_down,101,101_CT_1,775,101,101
780,minimum_up,102,101_CT_1,780,102,102
781,minimum_down,102,101_CT_1,781,102,102
786,minimum_up,103,101_CT_1,786,103,103
787,minimum_down,103,101_CT_1,787,103,103
792,minimum_up,104,101_CT_1,792,104,104
793,minimum_down,104,101_CT_1,793,104,104
798,minimum_up,105,101_CT_1,798,105,105
799,minimum_down,105,101_CT_1,799,105,105
804,minimum_up,106,101_CT_1,804,106,106
805,minimum_down,106,101_CT_1,805,106,106
810,minimum_up,107,101_CT_1,810,107,107
811,minimum_down,107,101_CT_1,811,107,107
816,minimum_up,108,101_CT_1,816,108,108
817,minimum_down,108,101_CT_1,817,108,108
822,minimum_up,109,101_CT_1,822,109,109
823,minimum_down,109,101_CT_1,823,109,109
828,minimum_up,110,101_CT_1,828,110,110
829,minimum_down,110,101_CT_1,829,110,110
834,minimum_up,111,101_CT_1,834,111,111
835,minimum_down,111,101_CT_1,835,111,111
840,minimum_up,112,101_CT_1,840,112,112
841,minimum_down,112,101_CT_1,841,112,112
846,minimum_up,113,101_CT_1,846,113,113
847,minimum_down,113,101_CT_1,847,113,113
852,minimum_up,114,101_CT_1,852,114,114
853,minimum_down,114,101_CT_1,853,114,114
858,minimum_up,115,101_CT_1,858,115,115
859,minimum_down,115,101_CT_1,859,115,115
864,minimum_up,116,101_CT_1,864,116,116
865,minimum_down,116,101_CT_1,865,116,116
870,minimum_up,117,101_CT_1,870,117,117
871,minimum_down,117,101_CT_1,871,117,117
876,minimum_up,118,101_CT_1,876,118,118
877,minimum_down,118,101_CT_1,877,118,118
882,minimum_up,119,101_CT_1,882,119,119
883,minimum_down,119,101_CT_1,883,119,119
888,minimum_up,120,101_CT_1,888,120,120
889,minimum_down,120,101_CT_1,889,120,120
894,minimum_up,121,101_CT_1,894,121,121
895,minimum_down,121,101_CT_1,895,121,121
900,minimum_up,122,101_CT_1,900,122,122
901,minimum_down,122,101_CT_1,901,122,122
906,minimum_up,123,101_CT_1,906,123,123
907,minimum_down,123,101_CT_1,907,123,123
912,minimum_up,124,101_CT_1,912,124,124
913,minimum_down,124,101_CT_1,913,124,124
918,minimum_up,125,101_CT_1,918,125,125
919,minimum_down,125,101_CT_1,919,125,125
924,minimum_up,126,101_CT_1,924,126,126
925,minimum_down,126,101_CT_1,925,126,126
930,minimum_up,127,101_CT_1,930,127,127
931,minimum_down,127,101_CT_1,931,127,127
936,minimum_up,128,101_CT_1,936,128,128
937,minimum_down,128,101_CT_1,937,128,128
942,minimum_up,129,101_CT_1,942,129,129
943,minimum_down,129,101_CT_1,943,129,129
948,minimum_up,130,101_CT_1,948,130,130
949,minimum_down,130,101_CT_1,949,130,130
954,minimum_up,131,101_CT_1,954,131,131
955,minimum_down,131,101_CT_1,955,131,131
960,minimum_up,132,101_CT_1,960,132,132
961,minimum_down,132,101_CT_1,961,132,132
966,minimum_up,133,101_CT_1,966,133,133
967,minimum_down,133,101_CT_1,967,133,133
972,minimum_up,134,101_CT_1,972,134,134
973,minimum_down,134,101_CT_1,973,134,134
978,minimum_up,135,101_CT_1,978,135,135
979,minimum_down,135,101_CT_1,979,135,135
984,minimum_up,136,101_CT_1,984,136,136
985,minimum_down,136,101_CT_1,985,136,136
990,minimum_up,137,101_CT_1,990,137,137
991,minimum_down,137,101_CT_1,991,137,137
996,minimum_up,138,101_CT_1,996,138,138
997,minimum_down,138,101_CT_1,997,138,138
1002,minimum_up,139,101_CT_1,1002,139,139
1003,minimum_down,139,101_CT_1,1003,139,139
1008,minimum_up,140,101_CT_1,1008,140,140
1009,minimum_down,140,101_CT_1,1009,140,140
1014,minimum_up,141,101_CT_1,1014,141,141
1015,minimum_down,141,101_CT_1,1015,141,141
1020,minimum_up,142,101_CT_1,1020,142,142
1021,minimum_down,142,101_CT_1,1021,142,142
1026,minimum_up,143,101_CT_1,1026,143,143
1027,minimum_down,143,101_CT_1,1027,143,143
1032,minimum_up,144,101_CT_1,1032,144,144
1033,minimum_down,144,101_CT_1,1033,144,144
1038,minimum_up,145,101_CT_1,1038,145,145
1039,minimum_down,145,101_CT_1,1039,145,145
1044,minimum_up,146,101_CT_1,1044,146,146
1045,minimum_down,146,101_CT_1,1045,146,146
1050,minimum_up,147,101_CT_1,1050,147,147
1051,minimum_down,147,101_CT_1,1051,147,147
1056,minimum_up,148,101_CT_1,1056,148,148
1057,minimum_down,148,101_CT_1,1057,148,148
1062,minimum_up,149,101_CT_1,1062,149,149
1063,minimum_down,149,101_CT_1,1063,149,149
1068,minimum_up,150,101_CT_1,1068,150,150
1069,minimum_down,150,101_CT_1,1069,150,150
1074,minimum_up,151,101_CT_1,1074,151,151
1075,minimum_down,151,101_CT_1,1075,151,151
1080,minimum_up,152,101_CT_1,1080,152,152
1081,minimum_down,152,101_CT_1,1081,152,152
1086,minimum_up,153,101_CT_1,1086,153,153
1087,minimum_down,153,101_CT_1,1087,153,153
1092,minimum_up,154,101_CT_1,1092,154,154
1093,minimum_down,154,101_CT_1,1093,154,154
1098,minimum_up,155,101_CT_1,1098,155,155
1099,minimum_down,155,101_CT_1,1099,155,155
1104,minimum_up,156,101_CT_1,1104,156,156
1105,minimum_down,156,101_CT_1,1105,156,156
1110,minimum_up,157,101_CT_1,1110,157,157
1111,minimum_down,157,101_CT_1,1111,157,157
1116,minimum_up,158,101_CT_1,1116,158,158
1117,minimum_down,158,101_CT_1,1117,158,158
1122,minimum_up,159,101_CT_1,1122,159,159
1123,minimum_down,159,101_CT_1,1123,159,159
1128,minimum_up,160,101_CT_1,1128,160,160
1129,minimum_down,160,101_CT_1,1129,160,160
1134,minimum_up,161,101_CT_1,1134,161,161
1135,minimum_down,161,101_CT_1,1135,161,161
1140,minimum_up,162,101_CT_1,1140,162,162
1141,minimum_down,162,101_CT_1,1141,162,162
1146,minimum_up,163,101_CT_1,1146,163,163
1147,minimum_down,163,101_CT_1,1147,163,163
1152,minimum_up,164,101_CT_1,1152,164,164
1153,minimum_down,164,101_CT_1,1153,164,164
1158,minimum_up,165,101_CT_1,1158,165,165
1159,minimum_down,165,101_CT_1,1159,165,165
1164,minimum_up,166,101_CT_1,1164,166,166
1165,minimum_down,166,101_CT_1,1165,166,166
1170,minimum_up,167,101_CT_1,1170,167,167
1171,minimum_down,167,101_CT_1,1171,167,167
1178,minimum_up,1,101_CT_2,1178,1,1
1179,minimum_down,1,101_CT_2,1179,1,1
1184,minimum_up,2,101_CT_2,1184,2,2
1185,minimum_down,2,101_CT_2,1185,2,2
1190,minimum_up,3,101_CT_2,1190,3,3
1191,minimum_down,3,101_CT_2,1191,3,3
1196,minimum_up,4,101_CT_2,1196,4,4
1197,minimum_down,4,101_CT_2,1197,4,4
1202,minimum_up,5,101_CT_2,1202,5,5
1203,minimum_down,5,101_CT_2,1203,5,5
1208,minimum_up,6,101_CT_2,1208,6,6
1209,minimum_down,6,101_CT_2,1209,6,6
1214,minimum_up,7,101_CT_2,1214,7,7
1215,minimum_down,7,101_CT_2,1215,7,7
1220,minimum_up,8,101_CT_2,1220,8,8
1221,minimum_down,8,101_CT_2,1221,8,8
1226,minimum_up,9,101_CT_2,1226,9,9
1227,minimum_down,9,101_CT_2,1227,9,9
1232,minimum_up,10,101_CT_2,1232,10,10
1233,minimum_down,10,101_CT_2,1233,10,10
1238,minimum_up,11,101_CT_2,1238,11,11
1239,minimum_down,11,101_CT_2,1239,11,11
1244,minimum_up,12,101_CT_2,1244,12,12
1245,minimum_down,12,101_CT_2,1245,12,12
1250,minimum_up,13,101_CT_2,1250,13,13
1251,minimum_down,13,101_CT_2,1251,13,13
1256,minimum_up,14,101_CT_2,1256,14,14
1257,minimum_down,14,101_CT_2,1257,14,14
1262,minimum_up,15,101_CT_2,1262,15,15
1263,minimum_down,15,101_CT_2,1263,15,15
1268,minimum_up,16,101_CT_2,1268,16,16
1269,minimum_down,16,101_CT_2,1269,16,16
1274,minimum_up,17,101_CT_2,1274,17,17
1275,minimum_down,17,101_CT_2,1275,17,17
1280,minimum_up,18,101_CT_2,1280,18,18
1281,minimum_down,18,101_CT_2,1281,18,18
1286,minimum_up,19,101_CT_2,1286,19,19
1287,minimum_down,19,101_CT_2,1287,19,19
1292,minimum_up,20,101_CT_2,1292,20,20
1293,minimum_down,20,101_CT_2,1293,20,20
1298,minimum_up,21,101_CT_2,1298,21,21
1299,minimum_down,21,101_CT_2,1299,21,21
1304,minimum_up,22,101_CT_2,1304,22,22
1305,minimum_down,22,101_CT_2,1305,22,22
1310,minimum_up,23,101_CT_2,1310,23,23
1311,minimum_down,23,101_CT_2,1311,23,23
1316,minimum_up,24,101_CT_2,1316,24,24
1317,minimum_down,24,101_CT_2,1317,24,24
1322,minimum_up,25,101_CT_2,1322,25,25
1323,minimum_down,25,101_CT_2,1323,25,25
1328,minimum_up,26,101_CT_2,1328,26,26
1329,minimum_down,26,101_CT_2,1329,26,26
1334,minimum_up,27,101_CT_2,1334,27,27
1335,minimum_down,27,101_CT_2,1335,27,27
1340,minimum_up,28,101_CT_2,1340,28,28
1341,minimum_down,28,101_CT_2,1341,28,28
1346,minimum_up,29,101_CT_2,1346,29,29
1347,minimum_down,29,101_CT_2,1347,29,29
1352,minimum_up,30,101_CT_2,1352,30,30
1353,minimum_down,30,101_CT_2,1353,30,30
1358,minimum_up,31,101_CT_2,1358,31,31
1359,minimum_down,31,101_CT_2,1359,31,31
1364,minimum_up,32,101_CT_2,1364,32,32
1365,minimum_down,32,101_CT_2,1365,32,32
1370,minimum_up,33,101_CT_2,1370,33,33
1371,minimum_down,33,101_CT_2,1371,33,33
1376,minimum_up,34,101_CT_2,1376,34,34
1377,minimum_down,34,101_CT_2,1377,34,34
1382,minimum_up,35,101_CT_2,1382,35,35
1383,minimum_down,35,101_CT_2,1383,35,35
1388,minimum_up,36,101_CT_2,1388,36,36
1389,minimum_down,36,101_CT_2,1389,36,36
1394,minimum_up,37,101_CT_2,1394,37,37
1395,minimum_down,37,101_CT_2,1395,37,37
1400,minimum_up,38,101_CT_2,1400,38,38
1401,minimum_down,38,101_CT_2,1401,38,38
1406,minimum_up,39,101_CT_2,1406,39,39
1407,minimum_down,39,101_CT_2,1407,39,39
1412,minimum_up,40,101_CT_2,1412,40,40
1413,minimum_down,40,101_CT_2,1413,40,40
1418,minimum_up,41,101_CT_2,1418,41,41
1419,minimum_down,41,101_CT_2,1419,41,41
1424,minimum_up,42,101_CT_2,1424,42,42
1425,minimum_down,42,101_CT_2,1425,42,42
1430,minimum_up,43,101_CT_2,1430,43,43
1431,minimum_down,43,101_CT_2,1431,43,43
1436,minimum_up,44,101_CT_2,1436,44,44
1437,minimum_down,44,101_CT_2,1437,44,44
1442,minimum_up,45,101_CT_2,1442,45,45
1443,minimum_down,45,101_CT_2,1443,45,45
1448,minimum_up,46,101_CT_2,1448,46,46
1449,minimum_down,46,101_CT_2,1449,46,46
1454,minimum_up,47,101_CT_2,1454,47,47
1455,minimum_down,47,101_CT_2,1455,47,47
1460,minimum_up,48,101_CT_2,1460,48,48
1461,minimum_down,48,101_CT_2,1461,48,48
1466,minimum_up,49,101_CT_2,1466,49,49
1467,minimum_down,49,101_CT_2,1467,49,49
1472,minimum_up,50,101_CT_2,1472,50,50
1473,minimum_down,50,101_CT_2,1473,50,50
1478,minimum_up,51,101_CT_2,1478,51,51
1479,minimum_down,51,101_CT_2,1479,51,51
1484,minimum_up,52,101_CT_2,1484,52,52
1485,minimum_down,52,101_CT_2,1485,52,52
1490,minimum_up,53,101_CT_2,1490,53,53
1491,minimum_down,53,101_CT_2,1491,53,53
1496,minimum_up,54,101_CT_2,1496,54,54
1497,minimum_down,54,101_CT_2,1497,54,54
1502,minimum_up,55,101_CT_2,1502,55,55
1503,minimum_down,55,101_CT_2,1503,55,55
1508,minimum_up,56,101_CT_2,1508,56,56
1509,minimum_down,56,101_CT_2,1509,56,56
1514,minimum_up,57,101_CT_2,1514,57,57
1515,minimum_down,57,101_CT_2,1515,57,57
1520,minimum_up,58,101_CT_2,1520,58,58
1521,minimum_down,58,101_CT_2,1521,58,58
1526,minimum_up,59,101_CT_2,1526,59,59
1527,minimum_down,59,101_CT_2,1527,59,59
1532,minimum_up,60,101_CT_2,1532,60,60
1533,minimum_down,60,101_CT_2,1533,60,60
1538,minimum_up,61,101_CT_2,1538,61,61
1539,minimum_down,61,101_CT_2,1539,61,61
1544,minimum_up,62,101_CT_2,1544,62,62
1545,minimum_down,62,101_CT_2,1545,62,62
1550,minimum_up,63,101_CT_2,1550,63,63
1551,minimum_down,63,101_CT_2,1551,63,63
1556,minimum_up,64,101_CT_2,1556,64,64
1557,minimum_down,64,101_CT_2,1557,64,64
1562,minimum_up,65,101_CT_2,1562,65,65
1563,minimum_down,65,101_CT_2,1563,65,65
1568,minimum_up,66,101_CT_2,1568,66,66
1569,minimum_down,66,101_CT_2,1569,66,66
1574,minimum_up,67,101_CT_2,1574,67,67
1575,minimum_down,67,101_CT_2,1575,67,67
1580,minimum_up,68,101_CT_2,1580,68,68
1581,minimum_down,68,101_CT_2,1581,68,68
1586,minimum_up,69,101_CT_2,1586,69,69
1587,minimum_down,69,101_CT_2,1587,69,69
1592,minimum_up,70,101_CT_2,1592,70,70
1593,minimum_down,70,101_CT_2,1593,70,70
1598,minimum_up,71,101_CT_2,1598,71,71
1599,minimum_down,71,101_CT_2,1599,71,71
1604,minimum_up,72,101_CT_2,1604,72,72
1605,minimum_down,72,101_CT_2,1605,72,72
1610,minimum_up,73,101_CT_2,1610,73,73
1611,minimum_down,73,101_CT_2,1611,73,73
1616,minimum_up,74,101_CT_2,1616,74,74
1617,minimum_down,74,101_CT_2,1617,74,74
1622,minimum_up,75,101_CT_2,1622,75,75
1623,minimum_down,75,101_CT_2,1623,75,75
1628,minimum_up,76,101_CT_2,1628,76,76
1629,minimum_down,76,101_CT_2,1629,76,76
1634,minimum_up,77,101_CT_2,1634,77,77
1635,minimum_down,77,101_CT_2,1635,77,77
1640,minimum_up,78,101_CT_2,1640,78,78
1641,minimum_down,78,101_CT_2,1641,78,78
1646,minimum_up,79,101_CT_2,1646,79,79
1647,minimum_down,79,101_CT_2,1647,79,79
1652,minimum_up,80,101_CT_2,1652,80,80
1653,minimum_down,80,101_CT_2,1653,80,80
1658,minimum_up,81,101_CT_2,1658,81,81
1659,minimum_down,81,101_CT_2,1659,81,81
1664,minimum_up,82,101_CT_2,1664,82,82
1665,minimum_down,82,101_CT_2,1665,82,82
1670,minimum_up,83,101_CT_2,1670,83,83
1671,minimum_down,83,101_CT_2,1671,83,83
1676,minimum_up,84,101_CT_2,1676,84,84
1677,minimum_down,84,101_CT_2,1677,84,84
1682,minimum_up,85,101_CT_2,1682,85,85
1683,minimum_down,85,101_CT_2,1683,85,85
1688,minimum_up,86,101_CT_2,1688,86,86
1689,minimum_down,86,101_CT_2,1689,86,86
1694,minimum_up,87,101_CT_2,1694,87,87
1695,minimum_down,87,101_CT_2,1695,87,87
1700,minimum_up,88,101_CT_2,1700,88,88
1701,minimum_down,88,101_CT_2,1701,88,88
1706,minimum_up,89,101_CT_2,1706,89,89
1707,minimum_down,89,101_CT_2,1707,89,89
1712,minimum_up,90,101_CT_2,1712,90,90
1713,minimum_down,90,101_CT_2,1713,90,90
1718,minimum_up,91,101_CT_2,1718,91,91
1719,minimum_down,91,101_CT_2,1719,91,91
1724,minimum_up,92,101_CT_2,1724,92,92
1725,minimum_down,92,101_CT_2,1725,92,92
1730,minimum_up,93,101_CT_2,1730,93,93
1731,minimum_down,93,101_CT_2,1731,93,93
1736,minimum_up,94,101_CT_2,1736,94,94
1737,minimum_down,94,101_CT_2,1737,94,94
1742,minimum_up,95,101_CT_2,1742,95,95
1743,minimum_down,95,101_CT_2,1743,95,95
1748,minimum_up,96,101_CT_2,1748,96,96
1749,minimum_down,96,101_CT_2,1749,96,96
1754,minimum_up,97,101_CT_2,1754,97,97
1755,minimum_down,97,101_CT_2,1755,97,97
1760,minimum_up,98,101_CT_2,1760,98,98
1761,minimum_down,98,101_CT_2,1761,98,98
1766,minimum_up,99,101_CT_2,1766,99,99
1767,minimum_down,99,101_CT_2,1767,99,99
1772,minimum_up,100,101_CT_2,1772,100,100
1773,minimum_down,100,101_CT_2,1773,100,100
1778,minimum_up,101,101_CT_2,1778,101,101
1779,minimum_down,101,101_CT_2,1779,101,101
1784,minimum_up,102,101_CT_2,1784,102,102
1785,minimum_down,102,101_CT_2,1785,102,102
1790,minimum_up,103,101_CT_2,1790,103,103
1791,minimum_down,103,101_CT_2,1791,103,103
1796,minimum_up,104,101_CT_2,1796,104,104
1797,minimum_down,104,101_CT_2,1797,104,104
1802,minimum_up,105,101_CT_2,1802,105,105
1803,minimum_down,105,101_CT_2,1803,105,105
1808,minimum_up,106,101_CT_2,1808,106,106
1809,minimum_down,106,101_CT_2,1809,106,106
1814,minimum_up,107,101_CT_2,1814,107,107
1815,minimum_down,107,101_CT_2,1815,107,107
1820,minimum_up,108,101_CT_2,1820,108,108
1821,minimum_down,108,101_CT_2,1821,108,108
1826,minimum_up,109,101_CT_2,1826,109,109
1827,minimum_down,109,101_CT_2,1827,109,109
1832,minimum_up,110,101_CT_2,1832,110,110
1833,minimum_down,110,101_CT_2,1833,110,110
1838,minimum_up,111,101_CT_2,1838,111,111
1839,minimum_down,111,101_CT_2,1839,111,111
1844,minimum_up,112,101_CT_2,1844,112,112
1845,minimum_down,112,101_CT_2,1845,112,112
1850,minimum_up,113,101_CT_2,1850,113,113
1851,minimum_down,113,101_CT_2,1851,113,113
1856,minimum_up,114,101_CT_2,1856,114,114
1857,minimum_down,114,101_CT_2,1857,114,114
1862,minimum_up,115,101_CT_2,1862,115,115
1863,minimum_down,115,101_CT_2,1863,115,115
1868,minimum_up,116,101_CT_2,1868,116,116
1869,minimum_down,116,101_CT_2,1869,116,116
1874,minimum_up,117,101_CT_2,1874,117,117
1875,minimum_down,117,101_CT_2,1875,117,117
1880,minimum_up,118,101_CT_2,1880,118,118
1881,minimum_down,118,101_CT_2,1881,118,118
1886,minimum_up,119,101_CT_2,1886,119,119
1887,minimum_down,119,101_CT_2,1887,119,119
1892,minimum_up,120,101_CT_2,1892,120,120
1893,minimum_down,120,101_CT_2,1893,120,120
1898,minimum_up,121,101_CT_2,1898,121,121
1899,minimum_down,121,101_CT_2,1899,121,121
1904,minimum_up,122,101_CT_2,1904,122,122
1905,minimum_down,122,101_CT_2,1905,122,122
1910,minimum_up,123,101_CT_2,1910,123,123
1911,minimum_down,123,101_CT_2,1911,123,123
1916,minimum_up,124,101_CT_2,1916,124,124
1917,minimum_down,124,101_CT_2,1917,124,124
1922,minimum_up,125,101_CT_2,1922,125,125
1923,minimum_down,125,101_CT_2,1923,125,125
1928,minimum_up,126,101_CT_2,1928,126,126
1929,minimum_down,126,101_CT_2,1929,126,126
1934,minimum_up,127,101_CT_2,1934,127,127
1935,minimum_down,127,101_CT_2,1935,127,127
1940,minimum_up,128,101_CT_2,1940,128,128
1941,minimum_down,128,101_CT_2,1941,128,128
1946,minimum_up,129,101_CT_2,1946,129,129
1947,minimum_down,129,101_CT_2,1947,129,129
1952,minimum_up,130,101_CT_2,1952,130,130
1953,minimum_down,130,101_CT_2,1953,130,130
1958,minimum_up,131,101_CT_2,1958,131,131
1959,minimum_down,131,101_CT_2,1959,131,131
1964,minimum_up,132,101_CT_2,1964,132,132
1965,minimum_down,132,101_CT_2,1965,132,132
1970,minimum_up,133,101_CT_2,1970,133,133
1971,minimum_down,133,101_CT_2,1971,133,133
1976,minimum_up,134,101_CT_2,1976,134,134
1977,minimum_down,134,101_CT_2,1977,134,134
1982,minimum_up,135,101_CT_2,1982,135,135
1983,minimum_down,135,101_CT_2,1983,135,135
1988,minimum_up,136,101_CT_2,1988,136,136
1989,minimum_down,136,101_CT_2,1989,136,136
1994,minimum_up,137,101_CT_2,1994,137,137
1995,minimum_down,137,101_CT_2,1995,137,137
2000,minimum_up,138,101_CT_2,2000,138,138
2001,minimum_down,138,101_CT_2,2001,138,138
2006,minimum_up,139,101_CT_2,2006,139,139
2007,minimum_down,139,101_CT_2,2007,139,139
2012,minimum_up,140,101_CT_2,2012,140,140
2013,minimum_down,140,101_CT_2,2013,140,140
2018,minimum_up,141,101_CT_2,2018,141,141
2019,minimum_down,141,101_CT_2,2019,141,141
2024,minimum_up,142,101_CT_2,2024,142,142
2025,minimum_down,142,101_CT_2,2025,142,142
2030,minimum_up,143,101_CT_2,2030,143,143
2031,minimum_down,143,101_CT_2,2031,143,143
2036,minimum_up,144,101_CT_2,2036,144,144
2037,minimum_down,144,101_CT_2,2037,144,144
2042,minimum_up,145,101_CT_2,2042,145,145
2043,minimum_down,145,101_CT_2,2043,145,145
2048,minimum_up,146,101_CT_2,2048,146,146
2049,minimum_down,146,101_CT_2,2049,146,146
2054,minimum_up,147,101_CT_2,2054,147,147
2055,minimum_down,147,101_CT_2,2055,147,147
2060,minimum_up,148,101_CT_2,2060,148,148
2061,minimum_down,148,101_CT_2,2061,148,148
2066,minimum_up,149,101_CT_2,2066,149,149
2067,minimum_down,149,101_CT_2,2067,149,149
2072,minimum_up,150,101_CT_2,2072,150,150
2073,minimum_down,150,101_CT_2,2073,150,150
2078,minimum_up,151,101_CT_2,2078,151,151
2079,minimum_down,151,101_CT_2,2079,151,151
2084,minimum_up,152,101_CT_2,2084,152,152
2085,minimum_down,152,101_CT_2,2085,152,152
2090,minimum_up,153,101_CT_2,2090,153,153
2091,minimum_down,153,101_CT_2,2091,153,153
2096,minimum_up,154,101_CT_2,2096,154,154
2097,minimum_down,154,101_CT_2,2097,154,154
2102,minimum_up,155,101_CT_2,2102,155,155
2103,minimum_down,155,101_CT_2,2103,155,155
2108,minimum_up,156,101_CT_2,2108,156,156
2109,minimum_down,156,101_CT_2,2109,156,156
2114,minimum_up,157,101_CT_2,2114,157,157
2115,minimum_down,157,101_CT_2,2115,157,157
2120,minimum_up,158,101_CT_2,2120,158,158
2121,minimum_down,158,101_CT_2,2121,158,158
2126,minimum_up,159,101_CT_2,2126,159,159
2127,minimum_down,159,101_CT_2,2127,159,159
2132,minimum_up,160,101_CT_2,2132,160,160
2133,minimum_down,160,101_CT_2,2133,160,160
2138,minimum_up,161,101_CT_2,2138,161,161
2139,minimum_down,161,101_CT_2,2139,161,161
2144,minimum_up,162,101_CT_2,2144,162,162
2145,minimum_down,162,101_CT_2,2145,162,162
2150,minimum_up,163,101_CT_2,2150,163,163
2151,minimum_down,163,101_CT_2,2151,163,163
2156,minimum_up,164,101_CT_2,2156,164,164
2157,minimum_down,164,101_CT_2,2157,164,164
2162,minimum_up,165,101_CT_2,2162,165,165
2163,minimum_down,165,101_CT_2,2163,165,165
2168,minimum_up,166,101_CT_2,2168,166,166
2169,minimum_down,166,101_CT_2,2169,166,166
2174,minimum_up,167,101_CT_2,2174,167,167
2175,minimum_down,167,101_CT_2,2175,167,167
2182,minimum_up,1,101_STEAM_3,2182,1,1
2183,minimum_down,1,101_STEAM_3,2183,1,1
2188,minimum_up,2,101_STEAM_3,2188,1,2
2189,minimum_down,2,101_STEAM_3,2189,1,2
2194,minimum_up,3,101_STEAM_3,2194,1,3
2195,minimum_down,3,101_STEAM_3,2195,1,3
2200,minimum_up,4,101_STEAM_3,2200,1,4
2201,minimum_down,4,101_STEAM_3,2201,1,4
2206,minimum_up,5,101_STEAM_3,2206,1,5
2207,minimum_down,5,101_STEAM_3,2207,2,5
2212,minimum_up,6,101_STEAM_3,2212,1,6
2213,minimum_down,6,101_STEAM_3,2213,3,6
2218,minimum_up,7,101_STEAM_3,2218,1,7
2219,minimum_down,7,101_STEAM_3,2219,4,7
2224,minimum_up,8,101_STEAM_3,2224,1,8
2225,minimum_down,8,101_STEAM_3,2225,5,8
2230,minimum_up,9,101_STEAM_3,2230,2,9
2231,minimum_down,9,101_STEAM_3,2231,6,9
2236,minimum_up,10,101_STEAM_3,2236,3,10
2237,minimum_down,10,101_STEAM_3,2237,7,10
2242,minimum_up,11,101_STEAM_3,2242,4,11
2243,minimum_down,11,101_STEAM_3,2243,8,11
2248,minimum_up,12,101_STEAM_3,2248,5,12
2249,minimum_down,12,101_STEAM_3,2249,9,12
2254,minimum_up,13,101_STEAM_3,2254,6,13
2255,minimum_down,13,101_STEAM_3,2255,10,13
2260,minimum_up,14,101_STEAM_3,2260,7,14
2261,minimum_down,14,101_STEAM_3,2261,11,14
2266,minimum_up,15,101_STEAM_3,2266,8,15
2267,minimum_down,15,101_STEAM_3,2267,12,15
2272,minimum_up,16,101_STEAM_3,2272,9,16
2273,minimum_down,16,101_STEAM_3,2273,13,16
2278,minimum_up,17,101_STEAM_3,2278,10,17
2279,minimum_down,17,101_STEAM_3,2279,14,17
2284,minimum_up,18,101_STEAM_3,2284,11,18
2285,minimum_down,18,101_STEAM_3,2285,15,18
2290,minimum_up,19,101_STEAM_3,2290,12,19
2291,minimum_down,19,101_STEAM_3,2291,16,19
2296,minimum_up,20,101_STEAM_3,2296,13,20
2297,minimum_down,20,101_STEAM_3,2297,17,20
2302,minimum_up,21,101_STEAM_3,2302,14,21
2303,minimum_down,21,101_STEAM_3,2303,18,21
2308,minimum_up,22,101_STEAM_3,2308,15,22
2309,minimum_down,22,101_STEAM_3,2309,19,22
2314,minimum_up,23,101_STEAM_3,2314,16,23
2315,minimum_down,23,101_STEAM_3,2315,20,23
2320,minimum_up,24,101_STEAM_3,2320,17,24
2321,minimum_down,24,101_STEAM_3,2321,21,24
2326,minimum_up,25,101_STEAM_3,2326,18,25
2327,minimum_down,25,101_STEAM_3,2327,22,25
2332,minimum_up,26,101_STEAM_3,2332,19,26
2333,minimum_down,26,101_STEAM_3,2333,23,26
2338,minimum_up,27,101_STEAM_3,2338,20,27
2339,minimum_down,27,101_STEAM_3,2339,24,27
2344,minimum_up,28,101_STEAM_3,2344,21,28
2345,minimum_down,28,101_STEAM_3,2345,25,28
2350,minimum_up,29,101_STEAM_3,2350,22,29
2351,minimum_down,29,101_STEAM_3,2351,26,29
2356,minimum_up,30,101_STEAM_3,2356,23,30
2357,minimum_down,30,101_STEAM_3,2357,27,30
2362,minimum_up,31,101_STEAM_3,2362,24,31
2363,minimum_down,31,101_STEAM_3,2363,28,31
2368,minimum_up,32,101_STEAM_3,2368,25,32
2369,minimum_down,32,101_STEAM_3,2369,29,32
2374,minimum_up,33,101_STEAM_3,2374,26,33
2375,minimum_down,33,101_STEAM_3,2375,30,33
2380,minimum_up,34,101_STEAM_3,2380,27,34
2381,minimum_down,34,101_STEAM_3,2381,31,34
2386,minimum_up,35,101_STEAM_3,2386,28,35
2387,minimum_down,35,101_STEAM_3,2387,32,35
2392,minimum_up,36,101_STEAM_3,2392,29,36
2393,minimum_down,36,101_STEAM_3,2393,33,36
2398,minimum_up,37,101_STEAM_3,2398,30,37
2399,minimum_down,37,101_STEAM_3,2399,34,37
2404,minimum_up,38,101_STEAM_3,2404,31,38
2405,minimum_down,38,101_STEAM_3,2405,35,38
2410,minimum_up,39,101_STEAM_3,2410,32,39
2411,minimum_down,39,101_STEAM_3,2411,36,39
2416,minimum_up,40,101_STEAM_3,2416,33,40
2417,minimum_down,40,101_STEAM_3,2417,37,40
2422,minimum_up,41,101_STEAM_3,2422,34,41
2423,minimum_down,41,101_STEAM_3,2423,38,41
2428,minimum_up,42,101_STEAM_3,2428,35,42
2429,minimum_down,42,101_STEAM_3,2429,39,42
2434,minimum_up,43,101_STEAM_3,2434,36,43
2435,minimum_down,43,101_STEAM_3,2435,40,43
2440,minimum_up,44,101_STEAM_3,2440,37,44
2441,minimum_down,44,101_STEAM_3,2441,41,44
2446,minimum_up,45,101_STEAM_3,2446,38,45
2447,minimum_down,45,101_STEAM_3,2447,42,45
2452,minimum_up,46,101_STEAM_3,2452,39,46
2453,minimum_down,46,101_STEAM_3,2453,43,46
2458,minimum_up,47,101_STEAM_3,2458,40,47
2459,minimum_down,47,101_STEAM_3,2459,44,47
2464,minimum_up,48,101_STEAM_3,2464,41,48
2465,minimum_down,48,101_STEAM_3,2465,45,48
2470,minimum_up,49,101_STEAM_3,2470,42,49
2471,minimum_down,49,101_STEAM_3,2471,46,49
2476,minimum_up,50,101_STEAM_3,2476,43,50
2477,minimum_down,50,101_STEAM_3,2477,47,50
2482,minimum_up,51,101_STEAM_3,2482,44,51
2483,minimum_down,51,101_STEAM_3,2483,48,51
2488,minimum_up,52,101_STEAM_3,2488,45,52
2489,minimum_down,52,101_STEAM_3,2489,49,52
2494,minimum_up,53,101_STEAM_3,2494,46,53
2495,minimum_down,53,101_STEAM_3,2495,50,53
2500,minimum_up,54,101_STEAM_3,2500,47,54
2501,minimum_down,54,101_STEAM_3,2501,51,54
2506,minimum_up,55,101_STEAM_3,2506,48,55
2507,minimum_down,55,101_STEAM_3,2507,52,55
2512,minimum_up,56,101_STEAM_3,2512,49,56
2513,minimum_down,56,101_STEAM_3,2513,53,56
2518,minimum_up,57,101_STEAM_3,2518,50,57
2519,minimum_down,57,101_STEAM_3,2519,54,57
2524,minimum_up,58,101_STEAM_3,2524,51,58
2525,minimum_down,58,101_STEAM_3,2525,55,58
2530,minimum_up,59,101_STEAM_3,2530,52,59
2531,minimum_down,59,101_STEAM_3,2531,56,59
2536,minimum_up,60,101_STEAM_3,2536,53,60
2537,minimum_down,60,101_STEAM_3,2537,57,60
2542,minimum_up,61,101_STEAM_3,2542,54,61
2543,minimum_down,61,101_STEAM_3,2543,58,61
2548,minimum_up,62,101_STEAM_3,2548,55,62
2549,minimum_down,62,101_STEAM_3,2549,59,62
2554,minimum_up,63,101_STEAM_3,2554,56,63
2555,minimum_down,63,101_STEAM_3,2555,60,63
2560,minimum_up,64,101_STEAM_3,2560,57,64
2561,minimum_down,64,101_STEAM_3,2561,61,64
2566,minimum_up,65,101_STEAM_3,2566,58,65
2567,minimum_down,65,101_STEAM_3,2567,62,65
2572,minimum_up,66,101_STEAM_3,2572,59,66
2573,minimum_down,66,101_STEAM_3,2573,63,66
2578,minimum_up,67,101_STEAM_3,2578,60,67
2579,minimum_down,67,101_STEAM_3,2579,64,67
2584,minimum_up,68,101_STEAM_3,2584,61,68
2585,minimum_down,68,101_STEAM_3,2585,65,68
2590,minimum_up,69,101_STEAM_3,2590,62,69
2591,minimum_down,69,101_STEAM_3,2591,66,69
2596,minimum_up,70,101_STEAM_3,2596,63,70
2597,minimum_down,70,101_STEAM_3,2597,67,70
2602,minimum_up,71,101_STEAM_3,2602,64,71
2603,minimum_down,71,101_STEAM_3,2603,68,71
2608,minimum_up,72,101_STEAM_3,2608,65,72
2609,minimum_down,72,101_STEAM_3,2609,69,72
2614,minimum_up,73,101_STEAM_3,2614,66,73
2615,minimum_down,73,101_STEAM_3,2615,70,73
2620,minimum_up,74,101_STEAM_3,2620,67,74
2621,minimum_down,74,101_STEAM_3,2621,71,74
2626,minimum_up,75,101_STEAM_3,2626,68,75
2627,minimum_down,75,101_STEAM_3,2627,72,75
2632,minimum_up,76,101_STEAM_3,2632,69,76
2633,minimum_down,76,101_STEAM_3,2633,73,76
2638,minimum_up,77,101_STEAM_3,2638,70,77
2639,minimum_down,77,101_STEAM_3,2639,74,77
2644,minimum_up,78,101_STEAM_3,2644,71,78
2645,minimum_down,78,101_STEAM_3,2645,75,78
2650,minimum_up,79,101_STEAM_3,2650,72,79
2651,minimum_down,79,101_STEAM_3,2651,76,79
2656,minimum_up,80,101_STEAM_3,2656,73,80
2657,minimum_down,80,101_STEAM_3,2657,77,80
2662,minimum_up,81,101_STEAM_3,2662,74,81
2663,minimum_down,81,101_STEAM_3,2663,78,81
2668,minimum_up,82,101_STEAM_3,2668,75,82
2669,minimum_down,82,101_STEAM_3,2669,79,82
2674,minimum_up,83,101_STEAM_3,2674,76,83
2675,minimum_down,83,101_STEAM_3,2675,80,83
2680,minimum_up,84,101_STEAM_3,2680,77,84
2681,minimum_down,84,101_STEAM_3,2681,81,84
2686,minimum_up,85,101_STEAM_3,2686,78,85
2687,minimum_down,85,101_STEAM_3,2687,82,85
2692,minimum_up,86,101_STEAM_3,2692,79,86
2693,minimum_down,86,101_STEAM_3,2693,83,86
2698,minimum_up,87,101_STEAM_3,2698,80,87
2699,minimum_down,87,101_STEAM_3,2699,84,87
2704,minimum_up,88,101_STEAM_3,2704,81,88
2705,minimum_down,88,101_STEAM_3,2705,85,88
2710,minimum_up,89,101_STEAM_3,2710,82,89
2711,minimum_down,89,101_STEAM_3,2711,86,89
2716,minimum_up,90,101_STEAM_3,2716,83,90
2717,minimum_down,90,101_STEAM_3,2717,87,90
2722,minimum_up,91,101_STEAM_3,2722,84,91
2723,minimum_down,91,101_STEAM_3,2723,88,91
2728,minimum_up,92,101_STEAM_3,2728,85,92
2729,minimum_down,92,101_STEAM_3,2729,89,92
2734,minimum_up,93,101_STEAM_3,2734,86,93
2735,minimum_down,93,101_STEAM_3,2735,90,93
2740,minimum_up,94,101_STEAM_3,2740,87,94
2741,minimum_down,94,101_STEAM_3,2741,91,94
2746,minimum_up,95,101_STEAM_3,2746,88,95
2747,minimum_down,95,101_STEAM_3,2747,92,95
2752,minimum_up,96,101_STEAM_3,2752,89,96
2753,minimum_down,96,101_STEAM_3,2753,93,96
2758,minimum_up,97,101_STEAM_3,2758,90,97
2759,minimum_down,97,101_STEAM_3,2759,94,97
2764,minimum_up,98,101_STEAM_3,2764,91,98
2765,minimum_down,98,101_STEAM_3,2765,95,98
2770,minimum_up,99,101_STEAM_3,2770,92,99
2771,minimum_down,99,101_STEAM_3,2771,96,99
2776,minimum_up,100,101_STEAM_3,2776,93,100
2777,minimum_down,100,101_STEAM_3,2777,97,100
2782,minimum_up,101,101_STEAM_3,2782,94,101
2783,minimum_down,101,101_STEAM_3,2783,98,101
2788,minimum_up,102,101_STEAM_3,2788,95,102
2789,minimum_down,102,101_STEAM_3,2789,99,102
2794,minimum_up,103,101_STEAM_3,2794,96,103
2795,minimum_down,103,101_STEAM_3,2795,100,103
2800,minimum_up,104,101_STEAM_3,2800,97,104
2801,minimum_down,104,101_STEAM_3,2801,101,104
2806,minimum_up,105,101_STEAM_3,2806,98,105
2807,minimum_down,105,101_STEAM_3,2807,102,105
2812,minimum_up,106,101_STEAM_3,2812,99,106
2813,minimum_down,106,101_STEAM_3,2813,103,106
2818,minimum_up,107,101_STEAM_3,2818,100,107
2819,minimum_down,107,101_STEAM_3,2819,104,107
2824,minimum_up,108,101_STEAM_3,2824,101,108
2825,minimum_down,108,101_STEAM_3,2825,105,108
2830,minimum_up,109,101_STEAM_3,2830,102,109
2831,minimum_down,109,101_STEAM_3,2831,106,109
2836,minimum_up,110,101_STEAM_3,2836,103,110
2837,minimum_down,110,101_STEAM_3,2837,107,110
2842,minimum_up,111,101_STEAM_3,2842,104,111
2843,minimum_down,111,101_STEAM_3,2843,108,111
2848,minimum_up,112,101_STEAM_3,2848,105,112
2849,minimum_down,112,101_STEAM_3,2849,109,112
2854,minimum_up,113,101_STEAM_3,2854,106,113
2855,minimum_down,113,101_STEAM_3,2855,110,113
2860,minimum_up,114,101_STEAM_3,2860,107,114
2861,minimum_down,114,101_STEAM_3,2861,111,114
2866,minimum_up,115,101_STEAM_3,2866,108,115
2867,minimum_down,115,101_STEAM_3,2867,112,115
2872,minimum_up,116,101_STEAM_3,2872,109,116
2873,minimum_down,116,101_STEAM_3,2873,113,116
2878,minimum_up,117,101_STEAM_3,2878,110,117
2879,minimum_down,117,101_STEAM_3,2879,114,117
2884,minimum_up,118,101_STEAM_3,2884,111,118
2885,minimum_down,118,101_STEAM_3,2885,115,118
2890,minimum_up,119,101_STEAM_3,2890,112,119
2891,minimum_down,119,101_STEAM_3,2891,116,119
2896,minimum_up,120,101_STEAM_3,2896,113,120
2897,minimum_down,120,101_STEAM_3,2897,117,120
2902,minimum_up,121,101_STEAM_3,2902,114,121
2903,minimum_down,121,101_STEAM_3,2903,118,121
2908,minimum_up,122,101_STEAM_3,2908,115,122
2909,minimum_down,122,101_STEAM_3,2909,119,122
2914,minimum_up,123,101_STEAM_3,2914,116,123
2915,minimum_down,123,101_STEAM_3,2915,120,123
2920,minimum_up,124,101_STEAM_3,2920,117,124
2921,minimum_down,124,101_STEAM_3,2921,121,124
2926,minimum_up,125,101_STEAM_3,2926,118,125
2927,minimum_down,125,101_STEAM_3,2927,122,125
2932,minimum_up,126,101_STEAM_3,2932,119,126
2933,minimum_down,126,101_STEAM_3,2933,123,126
2938,minimum_up,127,101_STEAM_3,2938,120,127
2939,minimum_down,127,101_STEAM_3,2939,124,127
2944,minimum_up,128,101_STEAM_3,2944,121,128
2945,minimum_down,128,101_STEAM_3,2945,125,128
2950,minimum_up,129,101_STEAM_3,2950,122,129
2951,minimum_down,129,101_STEAM_3,2951,126,129
2956,minimum_up,130,101_STEAM_3,2956,123,130
2957,minimum_down,130,101_STEAM_3,2957,127,130
2962,minimum_up,131,101_STEAM_3,2962,124,131
2963,minimum_down,131,101_STEAM_3,2963,128,131
2968,minimum_up,132,101_STEAM_3,2968,125,132
2969,minimum_down,132,101_STEAM_3,2969,129,132
2974,minimum_up,133,101_STEAM_3,2974,126,133
2975,minimum_down,133,101_STEAM_3,2975,130,133
2980,minimum_up,134,101_STEAM_3,2980,127,134
2981,minimum_down,134,101_STEAM_3,2981,131,134
2986,minimum_up,135,101_STEAM_3,2986,128,135
2987,minimum_down,135,101_STEAM_3,2987,132,135
2992,minimum_up,136,101_STEAM_3,2992,129,136
2993,minimum_down,136,101_STEAM_3,2993,133,136
2998,minimum_up,137,101_STEAM_3,2998,130,137
2999,minimum_down,137,101_STEAM_3,2999,134,137
3004,minimum_up,138,101_STEAM_3,3004,131,138
3005,minimum_down,138,101_STEAM_3,3005,135,138
3010,minimum_up,139,101_STEAM_3,3010,132,139
3011,minimum_down,139,101_STEAM_3,3011,136,139
3016,minimum_up,140,101_STEAM_3,3016,133,140
3017,minimum_down,140,101_STEAM_3,3017,137,140
3022,minimum_up,141,101_STEAM_3,3022,134,141
3023,minimum_down,141,101_STEAM_3,3023,138,141
3028,minimum_up,142,101_STEAM_3,3028,135,142
3029,minimum_down,142,101_STEAM_3,3029,139,142
3034,minimum_up,143,101_STEAM_3,3034,136,143
3035,minimum_down,143,101_STEAM_3,3035,140,143
3040,minimum_up,144,101_STEAM_3,3040,137,144
3041,minimum_down,144,101_STEAM_3,3041,141,144
3046,minimum_up,145,101_STEAM_3,3046,138,145
3047,minimum_down,145,101_STEAM_3,3047,142,145
3052,minimum_up,146,101_STEAM_3,3052,139,146
3053,minimum_down,146,101_STEAM_3,3053,143,146
3058,minimum_up,147,101_STEAM_3,3058,140,147
3059,minimum_down,147,101_STEAM_3,3059,144,147
3064,minimum_up,148,101_STEAM_3,3064,141,148
3065,minimum_down,148,101_STEAM_3,3065,145,148
3070,minimum_up,149,101_STEAM_3,3070,142,149
3071,minimum_down,149,101_STEAM_3,3071,146,149
3076,minimum_up,150,101_STEAM_3,3076,143,150
3077,minimum_down,150,101_STEAM_3,3077,147,150
3082,minimum_up,151,101_STEAM_3,3082,144,151
3083,minimum_down,151,101_STEAM_3,3083,148,151
3088,minimum_up,152,101_STEAM_3,3088,145,152
3089,minimum_down,152,101_STEAM_3,3089,149,152
3094,minimum_up,153,101_STEAM_3,3094,146,153
3095,minimum_down,153,101_STEAM_3,3095,150,153
3100,minimum_up,154,101_STEAM_3,3100,147,154
3101,minimum_down,154,101_STEAM_3,3101,151,154
3106,minimum_up,155,101_STEAM_3,3106,148,155
3107,minimum_down,155,101_STEAM_3,3107,152,155
3112,minimum_up,156,101_STEAM_3,3112,149,156
3113,minimum_down,156,101_STEAM_3,3113,153,156
3118,minimum_up,157,101_STEAM_3,3118,150,157
3119,minimum_down,157,101_STEAM_3,3119,154,157
3124,minimum_up,158,101_STEAM_3,3124,151,158
3125,minimum_down,158,101_STEAM_3,3125,155,158
3130,minimum_up,159,101_STEAM_3,3130,152,159
3131,minimum_down,159,101_STEAM_3,3131,156,159
3136,minimum_up,160,101_STEAM_3,3136,153,160
3137,minimum_down,160,101_STEAM_3,3137,157,160
3142,minimum_up,161,101_STEAM_3,3142,154,161
3143,minimum_down,161,101_STEAM_3,3143,158,161
3148,minimum_up,162,101_STEAM_3,3148,155,162
3149,minimum_down,162,101_STEAM_3,3149,159,162
3154,minimum_up,163,101_STEAM_3,3154,156,163
3155,minimum_down,163,101_STEAM_3,3155,160,163
3160,minimum_up,164,101_STEAM_3,3160,157,164
3161,minimum_down,164,101_STEAM_3,3161,161,164
3166,minimum_up,165,101_STEAM_3,3166,158,165
3167,minimum_down,165,101_STEAM_3,3167,162,165
3172,minimum_up,166,101_STEAM_3,3172,159,166
3173,minimum_down,166,101_STEAM_3,3173,163,166
3178,minimum_up,167,101_STEAM_3,3178,160,167
3179,minimum_down,167,101_STEAM_3,3179,164,167
3186,minimum_up,1,101_STEAM_4,3186,1,1
3187,minimum_down,1,101_STEAM_4,3187,1,1
3192,minimum_up,2,101_STEAM_4,3192,1,2
3193,minimum_down,2,101_STEAM_4,3193,1,2
3198,minimum_up,3,101_STEAM_4,3198,1,3
3199,minimum_down,3,101_STEAM_4,3199,1,3
3204,minimum_up,4,101_STEAM_4,3204,1,4
3205,minimum_down,4,101_STEAM_4,3205,1,4
3210,minimum_up,5,101_STEAM_4,3210,1,5
3211,minimum_down,5,101_STEAM_4,3211,2,5
3216,minimum_up,6,101_STEAM_4,3216,1,6
3217,minimum_down,6,101_STEAM_4,3217,3,6
3222,minimum_up,7,101_STEAM_4,3222,1,7
3223,minimum_down,7,101_STEAM_4,3223,4,7
3228,minimum_up,8,101_STEAM_4,3228,1,8
3229,minimum_down,8,101_STEAM_4,3229,5,8
3234,minimum_up,9,101_STEAM_4,3234,2,9
3235,minimum_down,9,101_STEAM_4,3235,6,9
3240,minimum_up,10,101_STEAM_4,3240,3,10
3241,minimum_down,10,101_STEAM_4,3241,7,10
3246,minimum_up,11,101_STEAM_4,3246,4,11
3247,minimum_down,11,101_STEAM_4,3247,8,11
3252,minimum_up,12,101_STEAM_4,3252,5,12
3253,minimum_down,12,101_STEAM_4,3253,9,12
3258,minimum_up,13,101_STEAM_4,3258,6,13
3259,minimum_down,13,101_STEAM_4,3259,10,13
3264,minimum_up,14,101_STEAM_4,3264,7,14
3265,minimum_down,14,101_STEAM_4,3265,11,14
3270,minimum_up,15,101_STEAM_4,3270,8,15
3271,minimum_down,15,101_STEAM_4,3271,12,15
3276,minimum_up,16,101_STEAM_4,3276,9,16
3277,minimum_down,16,101_STEAM_4,3277,13,16
3282,minimum_up,17,101_STEAM_4,3282,10,17
3283,minimum_down,17,101_STEAM_4,3283,14,17
3288,minimum_up,18,101_STEAM_4,3288,11,18
3289,minimum_down,18,101_STEAM_4,3289,15,18
3294,minimum_up,19,101_STEAM_4,3294,12,19
3295,minimum_down,19,101_STEAM_4,3295,16,19
3300,minimum_up,20,101_STEAM_4,3300,13,20
3301,minimum_down,20,101_STEAM_4,3301,17,20
3306,minimum_up,21,101_STEAM_4,3306,14,21
3307,minimum_down,21,101_STEAM_4,3307,18,21
3312,minimum_up,22,101_STEAM_4,3312,15,22
3313,minimum_down,22,101_STEAM_4,3313,19,22
3318,minimum_up,23,101_STEAM_4,3318,16,23
3319,minimum_down,23,101_STEAM_4,3319,20,23
3324,minimum_up,24,101_STEAM_4,3324,17,24
3325,minimum_down,24,101_STEAM_4,3325,21,24
3330,minimum_up,25,101_STEAM_4,3330,18,25
3331,minimum_down,25,101_STEAM_4,3331,22,25
3336,minimum_up,26,101_STEAM_4,3336,19,26
3337,minimum_down,26,101_STEAM_4,3337,23,26
3342,minimum_up,27,101_STEAM_4,3342,20,27
3343,minimum_down,27,101_STEAM_4,3343,24,27
3348,minimum_up,28,101_STEAM_4,3348,21,28
3349,minimum_down,28,101_STEAM_4,3349,25,28
3354,minimum_up,29,101_STEAM_4,3354,22,29
3355,minimum_down,29,101_STEAM_4,3355,26,29
3360,minimum_up,30,101_STEAM_4,3360,23,30
3361,minimum_down,30,101_STEAM_4,3361,27,30
3366,minimum_up,31,101_STEAM_4,3366,24,31
3367,minimum_down,31,101_STEAM_4,3367,28,31
3372,minimum_up,32,101_STEAM_4,3372,25,32
3373,minimum_down,32,101_STEAM_4,3373,29,32
3378,minimum_up,33,101_STEAM_4,3378,26,33
3379,minimum_down,33,101_STEAM_4,3379,30,33
3384,minimum_up,34,101_STEAM_4,3384,27,34
3385,minimum_down,34,101_STEAM_4,3385,31,34
3390,minimum_up,35,101_STEAM_4,3390,28,35
3391,minimum_down,35,101_STEAM_4,3391,32,35
3396,minimum_up,36,101_STEAM_4,3396,29,36
3397,minimum_down,36,101_STEAM_4,3397,33,36
3402,minimum_up,37,101_STEAM_4,3402,30,37
3403,minimum_down,37,101_STEAM_4,3403,34,37
3408,minimum_up,38,101_STEAM_4,3408,31,38
3409,minimum_down,38,101_STEAM_4,3409,35,38
3414,minimum_up,39,101_STEAM_4,3414,32,39
3415,minimum_down,39,101_STEAM_4,3415,36,39
3420,minimum_up,40,101_STEAM_4,3420,33,40
3421,minimum_down,40,101_STEAM_4,3421,37,40
3426,minimum_up,41,101_STEAM_4,3426,34,41
3427,minimum_down,41,101_STEAM_4,3427,38,41
3432,minimum_up,42,101_STEAM_4,3432,35,42
3433,minimum_down,42,101_STEAM_4,3433,39,42
3438,minimum_up,43,101_STEAM_4,3438,36,43
3439,minimum_down,43,101_STEAM_4,3439,40,43
3444,minimum_up,44,101_STEAM_4,3444,37,44
3445,minimum_down,44,101_STEAM_4,3445,41,44
3450,minimum_up,45,101_STEAM_4,3450,38,45
3451,minimum_down,45,101_STEAM_4,3451,42,45
3456,minimum_up,46,101_STEAM_4,3456,39,46
3457,minimum_down,46,101_STEAM_4,3457,43,46
3462,minimum_up,47,101_STEAM_4,3462,40,47
3463,minimum_down,47,101_STEAM_4,3463,44,47
3468,minimum_up,48,101_STEAM_4,3468,41,48
3469,minimum_down,48,101_STEAM_4,3469,45,48
3474,minimum_up,49,101_STEAM_4,3474,42,49
3475,minimum_down,49,101_STEAM_4,3475,46,49
3480,minimum_up,50,101_STEAM_4,3480,43,50
3481,minimum_down,50,101_STEAM_4,3481,47,50
3486,minimum_up,51,101_STEAM_4,3486,44,51
3487,minimum_down,51,101_STEAM_4,3487,48,51
3492,minimum_up,52,101_STEAM_4,3492,45,52
3493,minimum_down,52,101_STEAM_4,3493,49,52
3498,minimum_up,53,101_STEAM_4,3498,46,53
3499,minimum_down,53,101_STEAM_4,3499,50,53
3504,minimum_up,54,101_STEAM_4,3504,47,54
3505,minimum_down,54,101_STEAM_4,3505,51,54
3510,minimum_up,55,101_STEAM_4,3510,48,55
3511,minimum_down,55,101_STEAM_4,3511,52,55
3516,minimum_up,56,101_STEAM_4,3516,49,56
3517,minimum_down,56,101_STEAM_4,3517,53,56
3522,minimum_up,57,101_STEAM_4,3522,50,57
3523,minimum_down,57,101_STEAM_4,3523,54,57
3528,minimum_up,58,101_STEAM_4,3528,51,58
3529,minimum_down,58,101_STEAM_4,3529,55,58
3534,minimum_up,59,101_STEAM_4,3534,52,59
3535,minimum_down,59,101_STEAM_4,3535,56,59
3540,minimum_up,60,101_STEAM_4,3540,53,60
3541,minimum_down,60,101_STEAM_4,3541,57,60
3546,minimum_up,61,101_STEAM_4,3546,54,61
3547,minimum_down,61,101_STEAM_4,3547,58,61
3552,minimum_up,62,101_STEAM_4,3552,55,62
3553,minimum_down,62,101_STEAM_4,3553,59,62
3558,minimum_up,63,101_STEAM_4,3558,56,63
3559,minimum_down,63,101_STEAM_4,3559,60,63
3564,minimum_up,64,101_STEAM_4,3564,57,64
3565,minimum_down,64,101_STEAM_4,3565,61,64
3570,minimum_up,65,101_STEAM_4,3570,58,65
3571,minimum_down,65,101_STEAM_4,3571,62,65
3576,minimum_up,66,101_STEAM_4,3576,59,66
3577,minimum_down,66,101_STEAM_4,3577,63,66
3582,minimum_up,67,101_STEAM_4,3582,60,67
3583,minimum_down,67,101_STEAM_4,3583,64,67
3588,minimum_up,68,101_STEAM_4,3588,61,68
3589,minimum_down,68,101_STEAM_4,3589,65,68
3594,minimum_up,69,101_STEAM_4,3594,62,69
3595,minimum_down,69,101_STEAM_4,3595,66,69
3600,minimum_up,70,101_STEAM_4,3600,63,70
3601,minimum_down,70,101_STEAM_4,3601,67,70
3606,minimum_up,71,101_STEAM_4,3606,64,71
3607,minimum_down,71,101_STEAM_4,3607,68,71
3612,minimum_up,72,101_STEAM_4,3612,65,72
3613,minimum_down,72,101_STEAM_4,3613,69,72
3618,minimum_up,73,101_STEAM_4,3618,66,73
3619,minimum_down,73,101_STEAM_4,3619,70,73
3624,minimum_up,74,101_STEAM_4,3624,67,74
3625,minimum_down,74,101_STEAM_4,3625,71,74
3630,minimum_up,75,101_STEAM_4,3630,68,75
3631,minimum_down,75,101_STEAM_4,3631,72,75
3636,minimum_up,76,101_STEAM_4,3636,69,76
3637,minimum_down,76,101_STEAM_4,3637,73,76
3642,minimum_up,77,101_STEAM_4,3642,70,77
3643,minimum_down,77,101_STEAM_4,3643,74,77
3648,minimum_up,78,101_STEAM_4,3648,71,78
3649,minimum_down,78,101_STEAM_4,3649,75,78
3654,minimum_up,79,101_STEAM_4,3654,72,79
3655,minimum_down,79,101_STEAM_4,3655,76,79
3660,minimum_up,80,101_STEAM_4,3660,73,80
3661,minimum_down,80,101_STEAM_4,3661,77,80
3666,minimum_up,81,101_STEAM_4,3666,74,81
3667,minimum_down,81,101_STEAM_4,3667,78,81
3672,minimum_up,82,101_STEAM_4,3672,75,82
3673,minimum_down,82,101_STEAM_4,3673,79,82
3678,minimum_up,83,101_STEAM_4,3678,76,83
3679,minimum_down,83,101_STEAM_4,3679,80,83
3684,minimum_up,84,101_STEAM_4,3684,77,84
3685,minimum_down,84,101_STEAM_4,3685,81,84
3690,minimum_up,85,101_STEAM_4,3690,78,85
3691,minimum_down,85,101_STEAM_4,3691,82,85
3696,minimum_up,86,101_STEAM_4,3696,79,86
3697,minimum_down,86,101_STEAM_4,3697,83,86
3702,minimum_up,87,101_STEAM_4,3702,80,87
3703,minimum_down,87,101_STEAM_4,3703,84,87
3708,minimum_up,88,101_STEAM_4,3708,81,88
3709,minimum_down,88,101_STEAM_4,3709,85,88
3714,minimum_up,89,101_STEAM_4,3714,82,89
3715,minimum_down,89,101_STEAM_4,3715,86,89
3720,minimum_up,90,101_STEAM_4,3720,83,90
3721,minimum_down,90,101_STEAM_4,3721,87,90
3726,minimum_up,91,101_STEAM_4,3726,84,91
3727,minimum_down,91,101_STEAM_4,3727,88,91
3732,minimum_up,92,101_STEAM_4,3732,85,92
3733,minimum_down,92,101_STEAM_4,3733,89,92
3738,minimum_up,93,101_STEAM_4,3738,86,93
3739,minimum_down,93,101_STEAM_4,3739,90,93
3744,minimum_up,94,101_STEAM_4,3744,87,94
3745,minimum_down,94,101_STEAM_4,3745,91,94
3750,minimum_up,95,101_STEAM_4,3750,88,95
3751,minimum_down,95,101_STEAM_4,3751,92,95
3756,minimum_up,96,101_STEAM_4,3756,89,96
3757,minimum_down,96,101_STEAM_4,3757,93,96
3762,minimum_up,97,101_STEAM_4,3762,90,97
3763,minimum_down,97,101_STEAM_4,3763,94,97
3768,minimum_up,98,101_STEAM_4,3768,91,98
3769,minimum_down,98,101_STEAM_4,3769,95,98
3774,minimum_up,99,101_STEAM_4,3774,92,99
3775,minimum_down,99,101_STEAM_4,3775,96,99
3780,minimum_up,100,101_STEAM_4,3780,93,100
3781,minimum_down,100,101_STEAM_4,3781,97,100
3786,minimum_up,101,101_STEAM_4,3786,94,101
3787,minimum_down,101,101_STEAM_4,3787,98,101
3792,minimum_up,102,101_STEAM_4,3792,95,102
3793,minimum_down,102,101_STEAM_4,3793,99,102
3798,minimum_up,103,101_STEAM_4,3798,96,103
3799,minimum_down,103,101_STEAM_4,3799,100,103
3804,minimum_up,104,101_STEAM_4,3804,97,104
3805,minimum_down,104,101_STEAM_4,3805,101,104
3810,minimum_up,105,101_STEAM_4,3810,98,105
3811,minimum_down,105,101_STEAM_4,3811,102,105
3816,minimum_up,106,101_STEAM_4,3816,99,106
3817,minimum_down,106,101_STEAM_4,3817,103,106
3822,minimum_up,107,101_STEAM_4,3822,100,107
3823,minimum_down,107,101_STEAM_4,3823,104,107
3828,minimum_up,108,101_STEAM_4,3828,101,108
3829,minimum_down,108,101_STEAM_4,3829,105,108
3834,minimum_up,109,101_STEAM_4,3834,102,109
3835,minimum_down,109,101_STEAM_4,3835,106,109
3840,minimum_up,110,101_STEAM_4,3840,103,110
3841,minimum_down,110,101_STEAM_4,3841,107,110
3846,minimum_up,111,101_STEAM_4,3846,104,111
3847,minimum_down,111,101_STEAM_4,3847,108,111
3852,minimum_up,112,101_STEAM_4,3852,105,112
3853,minimum_down,112,101_STEAM_4,3853,109,112
3858,minimum_up,113,101_STEAM_4,3858,106,113
3859,minimum_down,113,101_STEAM_4,3859,110,113
3864,minimum_up,114,101_STEAM_4,3864,107,114
3865,minimum_down,114,101_STEAM_4,3865,111,114
3870,minimum_up,115,101_STEAM_4,3870,108,115
3871,minimum_down,115,101_STEAM_4,3871,112,115
3876,minimum_up,116,101_STEAM_4,3876,109,116
3877,minimum_down,116,101_STEAM_4,3877,113,116
3882,minimum_up,117,101_STEAM_4,3882,110,117
3883,minimum_down,117,101_STEAM_4,3883,114,117
3888,minimum_up,118,101_STEAM_4,3888,111,118
3889,minimum_down,118,101_STEAM_4,3889,115,118
3894,minimum_up,119,101_STEAM_4,3894,112,119
3895,minimum_down,119,101_STEAM_4,3895,116,119
3900,minimum_up,120,101_STEAM_4,3900,113,120
3901,minimum_down,120,101_STEAM_4,3901,117,120
3906,minimum_up,121,101_STEAM_4,3906,114,121
3907,minimum_down,121,101_STEAM_4,3907,118,121
3912,minimum_up,122,101_STEAM_4,3912,115,122
3913,minimum_down,122,101_STEAM_4,3913,119,122
3918,minimum_up,123,101_STEAM_4,3918,116,123
3919,minimum_down,123,101_STEAM_4,3919,120,123
3924,minimum_up,124,101_STEAM_4,3924,117,124
3925,minimum_down,124,101_STEAM_4,3925,121,124
3930,minimum_up,125,101_STEAM_4,3930,118,125
3931,minimum_down,125,101_STEAM_4,3931,122,125
3936,minimum_up,126,101_STEAM_4,3936,119,126
3937,minimum_down,126,101_STEAM_4,3937,123,126
3942,minimum_up,127,101_STEAM_4,3942,120,127
3943,minimum_down,127,101_STEAM_4,3943,124,127
3948,minimum_up,128,101_STEAM_4,3948,121,128
3949,minimum_down,128,101_STEAM_4,3949,125,128
3954,minimum_up,129,101_STEAM_4,3954,122,129
3955,minimum_down,129,101_STEAM_4,3955,126,129
3960,minimum_up,130,101_STEAM_4,3960,123,130
3961,minimum_down,130,101_STEAM_4,3961,127,130
3966,minimum_up,131,101_STEAM_4,3966,124,131
3967,minimum_down,131,101_STEAM_4,3967,128,131
3972,minimum_up,132,101_STEAM_4,3972,125,132
3973,minimum_down,132,101_STEAM_4,3973,129,132
3978,minimum_up,133,101_STEAM_4,3978,126,133
3979,minimum_down,133,101_STEAM_4,3979,130,133
3984,minimum_up,134,101_STEAM_4,3984,127,134
3985,minimum_down,134,101_STEAM_4,3985,131,134
3990,minimum_up,135,101_STEAM_4,3990,128,135
3991,minimum_down,135,101_STEAM_4,3991,132,135
3996,minimum_up,136,101_STEAM_4,3996,129,136
3997,minimum_down,136,101_STEAM_4,3997,133,136
4002,minimum_up,137,101_STEAM_4,4002,130,137
4003,minimum_down,137,101_STEAM_4,4003,134,137
4008,minimum_up,138,101_STEAM_4,4008,131,138
4009,minimum_down,138,101_STEAM_4,4009,135,138
4014,minimum_up,139,101_STEAM_4,4014,132,139
4015,minimum_down,139,101_STEAM_4,4015,136,139
4020,minimum_up,140,101_STEAM_4,4020,133,140
4021,minimum_down,140,101_STEAM_4,4021,137,140
4026,minimum_up,141,101_STEAM_4,4026,134,141
4027,minimum_down,141,101_STEAM_4,4027,138,141
4032,minimum_up,142,101_STEAM_4,4032,135,142
4033,minimum_down,142,101_STEAM_4,4033,139,142
4038,minimum_up,143,101_STEAM_4,4038,136,143
4039,minimum_down,143,101_STEAM_4,4039,140,143
4044,minimum_up,144,101_STEAM_4,4044,137,144
4045,minimum_down,144,101_STEAM_4,4045,141,144
4050,minimum_up,145,101_STEAM_4,4050,138,145
4051,minimum_down,145,101_STEAM_4,4051,142,145
4056,minimum_up,146,101_STEAM_4,4056,139,146
4057,minimum_down,146,101_STEAM_4,4057,143,146
4062,minimum_up,147,101_STEAM_4,4062,140,147
4063,minimum_down,147,101_STEAM_4,4063,144,147
4068,minimum_up,148,101_STEAM_4,4068,141,148
4069,minimum_down,148,101_STEAM_4,4069,145,148
4074,minimum_up,149,101_STEAM_4,4074,142,149
4075,minimum_down,149,101_STEAM_4,4075,146,149
4080,minimum_up,150,101_STEAM_4,4080,143,150
4081,minimum_down,150,101_STEAM_4,4081,147,150
4086,minimum_up,151,101_STEAM_4,4086,144,151
4087,minimum_down,151,101_STEAM_4,4087,148,151
4092,minimum_up,152,101_STEAM_4,4092,145,152
4093,minimum_down,152,101_STEAM_4,4093,149,152
4098,minimum_up,153,101_STEAM_4,4098,146,153
4099,minimum_down,153,101_STEAM_4,4099,150,153
4104,minimum_up,154,101_STEAM_4,4104,147,154
4105,minimum_down,154,101_STEAM_4,4105,151,154
4110,minimum_up,155,101_STEAM_4,4110,148,155
4111,minimum_down,155,101_STEAM_4,4111,152,155
4116,minimum_up,156,101_STEAM_4,4116,149,156
4117,minimum_down,156,101_STEAM_4,4117,153,156
4122,minimum_up,157,101_STEAM_4,4122,150,157
4123,minimum_down,157,101_STEAM_4,4123,154,157
4128,minimum_up,158,101_STEAM_4,4128,151,158
4129,minimum_down,158,101_STEAM_4,4129,155,158
4134,minimum_up,159,101_STEAM_4,4134,152,159
4135,minimum_down,159,101_STEAM_4,4135,156,159
4140,minimum_up,160,101_STEAM_4,4140,153,160
4141,minimum_down,160,101_STEAM_4,4141,157,160
4146,minimum_up,161,101_STEAM_4,4146,154,161
4147,minimum_down,161,101_STEAM_4,4147,158,161
4152,minimum_up,162,101_STEAM_4,4152,155,162
4153,minimum_down,162,101_STEAM_4,4153,159,162
4158,minimum_up,163,101_STEAM_4,4158,156,163
4159,minimum_down,163,101_STEAM_4,4159,160,163
4164,minimum_up,164,101_STEAM_4,4164,157,164
4165,minimum_down,164,101_STEAM_4,4165,161,164
4170,minimum_up,165,101_STEAM_4,4170,158,165
4171,minimum_down,165,101_STEAM_4,4171,162,165
4176,minimum_up,166,101_STEAM_4,4176,159,166
4177,minimum_down,166,101_STEAM_4,4177,163,166
4182,minimum_up,167,101_STEAM_4,4182,160,167
4183,minimum_down,167,101_STEAM_4,4183,164,167
4190,minimum_up,1,102_CT_1,4190,1,1
4191,minimum_down,1,102_CT_1,4191,1,1
4196,minimum_up,2,102_CT_1,4196,2,2
4197,minimum_down,2,102_CT_1,4197,2,2
4202,minimum_up,3,102_CT_1,4202,3,3
4203,minimum_down,3,102_CT_1,4203,3,3
4208,minimum_up,4,102_CT_1,4208,4,4
4209,minimum_down,4,102_CT_1,4209,4,4
4214,minimum_up,5,102_CT_1,4214,5,5
4215,minimum_down,5,102_CT_1,4215,5,5
4220,minimum_up,6,102_CT_1,4220,6,6
4221,minimum_down,6,102_CT_1,4221,6,6
4226,minimum_up,7,102_CT_1,4226,7,7
4227,minimum_down,7,102_CT_1,4227,7,7
4232,minimum_up,8,102_CT_1,4232,8,8
4233,minimum_down,8,102_CT_1,4233,8,8
4238,minimum_up,9,102_CT_1,4238,9,9
4239,minimum_down,9,102_CT_1,4239,9,9
4244,minimum_up,10,102_CT_1,4244,10,10
4245,minimum_down,10,102_CT_1,4245,10,10
4250,minimum_up,11,102_CT_1,4250,11,11
4251,minimum_down,11,102_CT_1,4251,11,11
4256,minimum_up,12,102_CT_1,4256,12,12
4257,minimum_down,12,102_CT_1,4257,12,12
4262,minimum_up,13,102_CT_1,4262,13,13
4263,minimum_down,13,102_CT_1,4263,13,13
4268,minimum_up,14,102_CT_1,4268,14,14
4269,minimum_down,14,102_CT_1,4269,14,14
4274,minimum_up,15,102_CT_1,4274,15,15
4275,minimum_down,15,102_CT_1,4275,15,15
4280,minimum_up,16,102_CT_1,4280,16,16
4281,minimum_down,16,102_CT_1,4281,16,16
4286,minimum_up,17,102_CT_1,4286,17,17
4287,minimum_down,17,102_CT_1,4287,17,17
4292,minimum_up,18,102_CT_1,4292,18,18
4293,minimum_down,18,102_CT_1,4293,18,18
4298,minimum_up,19,102_CT_1,4298,19,19
4299,minimum_down,19,102_CT_1,4299,19,19
4304,minimum_up,20,102_CT_1,4304,20,20
4305,minimum_down,20,102_CT_1,4305,20,20
4310,minimum_up,21,102_CT_1,4310,21,21
4311,minimum_down,21,102_CT_1,4311,21,21
4316,minimum_up,22,102_CT_1,4316,22,22
4317,minimum_down,22,102_CT_1,4317,22,22
4322,minimum_up,23,102_CT_1,4322,23,23
4323,minimum_down,23,102_CT_1,4323,23,23
4328,minimum_up,24,102_CT_1,4328,24,24
4329,minimum_down,24,102_CT_1,4329,24,24
4334,minimum_up,25,102_CT_1,4334,25,25
4335,minimum_down,25,102_CT_1,4335,25,25
4340,minimum_up,26,102_CT_1,4340,26,26
4341,minimum_down,26,102_CT_1,4341,26,26
4346,minimum_up,27,102_CT_1,4346,27,27
4347,minimum_down,27,102_CT_1,4347,27,27
4352,minimum_up,28,102_CT_1,4352,28,28
4353,minimum_down,28,102_CT_1,4353,28,28
4358,minimum_up,29,102_CT_1,4358,29,29
4359,minimum_down,29,102_CT_1,4359,29,29
4364,minimum_up,30,102_CT_1,4364,30,30
4365,minimum_down,30,102_CT_1,4365,30,30
4370,minimum_up,31,102_CT_1,4370,31,31
4371,minimum_down,31,102_CT_1,4371,31,31
4376,minimum_up,32,102_CT_1,4376,32,32
4377,minimum_down,32,102_CT_1,4377,32,32
4382,minimum_up,33,102_CT_1,4382,33,33
4383,minimum_down,33,102_CT_1,4383,33,33
4388,minimum_up,34,102_CT_1,4388,34,34
4389,minimum_down,34,102_CT_1,4389,34,34
4394,minimum_up,35,102_CT_1,4394,35,35
4395,minimum_down,35,102_CT_1,4395,35,35
4400,minimum_up,36,102_CT_1,4400,36,36
4401,minimum_down,36,102_CT_1,4401,36,36
4406,minimum_up,37,102_CT_1,4406,37,37
4407,minimum_down,37,102_CT_1,4407,37,37
4412,minimum_up,38,102_CT_1,4412,38,38
4413,minimum_down,38,102_CT_1,4413,38,38
4418,minimum_up,39,102_CT_1,4418,39,39
4419,minimum_down,39,102_CT_1,4419,39,39
4424,minimum_up,40,102_CT_1,4424,40,40
4425,minimum_down,40,102_CT_1,4425,40,40
4430,minimum_up,41,102_CT_1,4430,41,41
4431,minimum_down,41,102_CT_1,4431,41,41
4436,minimum_up,42,102_CT_1,4436,42,42
4437,minimum_down,42,102_CT_1,4437,42,42
4442,minimum_up,43,102_CT_1,4442,43,43
4443,minimum_down,43,102_CT_1,4443,43,43
4448,minimum_up,44,102_CT_1,4448,44,44
4449,minimum_down,44,102_CT_1,4449,44,44
4454,minimum_up,45,102_CT_1,4454,45,45
4455,minimum_down,45,102_CT_1,4455,45,45
4460,minimum_up,46,102_CT_1,4460,46,46
4461,minimum_down,46,102_CT_1,4461,46,46
4466,minimum_up,47,102_CT_1,4466,47,47
4467,minimum_down,47,102_CT_1,4467,47,47
4472,minimum_up,48,102_CT_1,4472,48,48
4473,minimum_down,48,102_CT_1,4473,48,48
4478,minimum_up,49,102_CT_1,4478,49,49
4479,minimum_down,49,102_CT_1,4479,49,49
4484,minimum_up,50,102_CT_1,4484,50,50
4485,minimum_down,50,102_CT_1,4485,50,50
4490,minimum_up,51,102_CT_1,4490,51,51
4491,minimum_down,51,102_CT_1,4491,51,51
4496,minimum_up,52,102_CT_1,4496,52,52
4497,minimum_down,52,102_CT_1,4497,52,52
4502,minimum_up,53,102_CT_1,4502,53,53
4503,minimum_down,53,102_CT_1,4503,53,53
4508,minimum_up,54,102_CT_1,4508,54,54
4509,minimum_down,54,102_CT_1,4509,54,54
4514,minimum_up,55,102_CT_1,4514,55,55
4515,minimum_down,55,102_CT_1,4515,55,55
4520,minimum_up,56,102_CT_1,4520,56,56
4521,minimum_down,56,102_CT_1,4521,56,56
4526,minimum_up,57,102_CT_1,4526,57,57
4527,minimum_down,57,102_CT_1,4527,57,57
4532,minimum_up,58,102_CT_1,4532,58,58
4533,minimum_down,58,102_CT_1,4533,58,58
4538,minimum_up,59,102_CT_1,4538,59,59
4539,minimum_down,59,102_CT_1,4539,59,59
4544,minimum_up,60,102_CT_1,4544,60,60
4545,minimum_down,60,102_CT_1,4545,60,60
4550,minimum_up,61,102_CT_1,4550,61,61
4551,minimum_down,61,102_CT_1,4551,61,61
4556,minimum_up,62,102_CT_1,4556,62,62
4557,minimum_down,62,102_CT_1,4557,62,62
4562,minimum_up,63,102_CT_1,4562,63,63
4563,minimum_down,63,102_CT_1,4563,63,63
4568,minimum_up,64,102_CT_1,4568,64,64
4569,minimum_down,64,102_CT_1,4569,64,64
4574,minimum_up,65,102_CT_1,4574,65,65
4575,minimum_down,65,102_CT_1,4575,65,65
4580,minimum_up,66,102_CT_1,4580,66,66
4581,minimum_down,66,102_CT_1,4581,66,66
4586,minimum_up,67,102_CT_1,4586,67,67
4587,minimum_down,67,102_CT_1,4587,67,67
4592,minimum_up,68,102_CT_1,4592,68,68
4593,minimum_down,68,102_CT_1,4593,68,68
4598,minimum_up,69,102_CT_1,4598,69,69
4599,minimum_down,69,102_CT_1,4599,69,69
4604,minimum_up,70,102_CT_1,4604,70,70
4605,minimum_down,70,102_CT_1,4605,70,70
4610,minimum_up,71,102_CT_1,4610,71,71
4611,minimum_down,71,102_CT_1,4611,71,71
4616,minimum_up,72,102_CT_1,4616,72,72
4617,minimum_down,72,102_CT_1,4617,72,72
4622,minimum_up,73,102_CT_1,4622,73,73
4623,minimum_down,73,102_CT_1,4623,73,73
4628,minimum_up,74,102_CT_1,4628,74,74
4629,minimum_down,74,102_CT_1,4629,74,74
4634,minimum_up,75,102_CT_1,4634,75,75
4635,minimum_down,75,102_CT_1,4635,75,75
4640,minimum_up,76,102_CT_1,4640,76,76
4641,minimum_down,76,102_CT_1,4641,76,76
4646,minimum_up,77,102_CT_1,4646,77,77
4647,minimum_down,77,102_CT_1,4647,77,77
4652,minimum_up,78,102_CT_1,4652,78,78
4653,minimum_down,78,102_CT_1,4653,78,78
4658,minimum_up,79,102_CT_1,4658,79,79
4659,minimum_down,79,102_CT_1,4659,79,79
4664,minimum_up,80,102_CT_1,4664,80,80
4665,minimum_down,80,102_CT_1,4665,80,80
4670,minimum_up,81,102_CT_1,4670,81,81
4671,minimum_down,81,102_CT_1,4671,81,81
4676,minimum_up,82,102_CT_1,4676,82,82
4677,minimum_down,82,102_CT_1,4677,82,82
4682,minimum_up,83,102_CT_1,4682,83,83
4683,minimum_down,83,102_CT_1,4683,83,83
4688,minimum_up,84,102_CT_1,4688,84,84
4689,minimum_down,84,102_CT_1,4689,84,84
4694,minimum_up,85,102_CT_1,4694,85,85
4695,minimum_down,85,102_CT_1,4695,85,85
4700,minimum_up,86,102_CT_1,4700,86,86
4701,minimum_down,86,102_CT_1,4701,86,86
4706,minimum_up,87,102_CT_1,4706,87,87
4707,minimum_down,87,102_CT_1,4707,87,87
4712,minimum_up,88,102_CT_1,4712,88,88
4713,minimum_down,88,102_CT_1,4713,88,88
4718,minimum_up,89,102_CT_1,4718,89,89
4719,minimum_down,89,102_CT_1,4719,89,89
4724,minimum_up,90,102_CT_1,4724,90,90
4725,minimum_down,90,102_CT_1,4725,90,90
4730,minimum_up,91,102_CT_1,4730,91,91
4731,minimum_down,91,102_CT_1,4731,91,91
4736,minimum_up,92,102_CT_1,4736,92,92
4737,minimum_down,92,102_CT_1,4737,92,92
4742,minimum_up,93,102_CT_1,4742,93,93
4743,minimum_down,93,102_CT_1,4743,93,93
4748,minimum_up,94,102_CT_1,4748,94,94
4749,minimum_down,94,102_CT_1,4749,94,94
4754,minimum_up,95,102_CT_1,4754,95,95
4755,minimum_down,95,102_CT_1,4755,95,95
4760,minimum_up,96,102_CT_1,4760,96,96
4761,minimum_down,96,102_CT_1,4761,96,96
4766,minimum_up,97,102_CT_1,4766,97,97
4767,minimum_down,97,102_CT_1,4767,97,97
4772,minimum_up,98,102_CT_1,4772,98,98
4773,minimum_down,98,102_CT_1,4773,98,98
4778,minimum_up,99,102_CT_1,4778,99,99
4779,minimum_down,99,102_CT_1,4779,99,99
4784,minimum_up,100,102_CT_1,4784,100,100
4785,minimum_down,100,102_CT_1,4785,100,100
4790,minimum_up,101,102_CT_1,4790,101,101
4791,minimum_down,101,102_CT_1,4791,101,101
4796,minimum_up,102,102_CT_1,4796,102,102
4797,minimum_down,102,102_CT_1,4797,102,102
4802,minimum_up,103,102_CT_1,4802,103,103
4803,minimum_down,103,102_CT_1,4803,103,103
4808,minimum_up,104,102_CT_1,4808,104,104
4809,minimum_down,104,102_CT_1,4809,104,104
4814,minimum_up,105,102_CT_1,4814,105,105
4815,minimum_down,105,102_CT_1,4815,105,105
4820,minimum_up,106,102_CT_1,4820,106,106
4821,minimum_down,106,102_CT_1,4821,106,106
4826,minimum_up,107,102_CT_1,4826,107,107
4827,minimum_down,107,102_CT_1,4827,107,107
4832,minimum_up,108,102_CT_1,4832,108,108
4833,minimum_down,108,102_CT_1,4833,108,108
4838,minimum_up,109,102_CT_1,4838,109,109
4839,minimum_down,109,102_CT_1,4839,109,109
4844,minimum_up,110,102_CT_1,4844,110,110
4845,minimum_down,110,102_CT_1,4845,110,110
4850,minimum_up,111,102_CT_1,4850,111,111
4851,minimum_down,111,102_CT_1,4851,111,111
4856,minimum_up,112,102_CT_1,4856,112,112
4857,minimum_down,112,102_CT_1,4857,112,112
4862,minimum_up,113,102_CT_1,4862,113,113
4863,minimum_down,113,102_CT_1,4863,113,113
4868,minimum_up,114,102_CT_1,4868,114,114
4869,minimum_down,114,102_CT_1,4869,114,114
4874,minimum_up,115,102_CT_1,4874,115,115
4875,minimum_down,115,102_CT_1,4875,115,115
4880,minimum_up,116,102_CT_1,4880,116,116
4881,minimum_down,116,102_CT_1,4881,116,116
4886,minimum_up,117,102_CT_1,4886,117,117
4887,minimum_down,117,102_CT_1,4887,117,117
4892,minimum_up,118,102_CT_1,4892,118,118
4893,minimum_down,118,102_CT_1,4893,118,118
4898,minimum_up,119,102_CT_1,4898,119,119
4899,minimum_down,119,102_CT_1,4899,119,119
4904,minimum_up,120,102_CT_1,4904,120,120
4905,minimum_down,120,102_CT_1,4905,120,120
4910,minimum_up,121,102_CT_1,4910,121,121
4911,minimum_down,121,102_CT_1,4911,121,121
4916,minimum_up,122,102_CT_1,4916,122,122
4917,minimum_down,122,102_CT_1,4917,122,122
4922,minimum_up,123,102_CT_1,4922,123,123
4923,minimum_down,123,102_CT_1,4923,123,123
4928,minimum_up,124,102_CT_1,4928,124,124
4929,minimum_down,124,102_CT_1,4929,124,124
4934,minimum_up,125,102_CT_1,4934,125,125
4935,minimum_down,125,102_CT_1,4935,125,125
4940,minimum_up,126,102_CT_1,4940,126,126
4941,minimum_down,126,102_CT_1,4941,126,126
4946,minimum_up,127,102_CT_1,4946,127,127
4947,minimum_down,127,102_CT_1,4947,127,127
4952,minimum_up,128,102_CT_1,4952,128,128
4953,minimum_down,128,102_CT_1,4953,128,128
4958,minimum_up,129,102_CT_1,4958,129,129
4959,minimum_down,129,102_CT_1,4959,129,129
4964,minimum_up,130,102_CT_1,4964,130,130
4965,minimum_down,130,102_CT_1,4965,130,130
4970,minimum_up,131,102_CT_1,4970,131,131
4971,minimum_down,131,102_CT_1,4971,131,131
4976,minimum_up,132,102_CT_1,4976,132,132
4977,minimum_down,132,102_CT_1,4977,132,132
4982,minimum_up,133,102_CT_1,4982,133,133
4983,minimum_down,133,102_CT_1,4983,133,133
4988,minimum_up,134,102_CT_1,4988,134,134
4989,minimum_down,134,102_CT_1,4989,134,134
4994,minimum_up,135,102_CT_1,4994,135,135
4995,minimum_down,135,102_CT_1,4995,135,135
5000,minimum_up,136,102_CT_1,5000,136,136
5001,minimum_down,136,102_CT_1,5001,136,136
5006,minimum_up,137,102_CT_1,5006,137,137
5007,minimum_down,137,102_CT_1,5007,137,137
5012,minimum_up,138,102_CT_1,5012,138,138
5013,minimum_down,138,102_CT_1,5013,138,138
5018,minimum_up,139,102_CT_1,5018,139,139
5019,minimum_down,139,102_CT_1,5019,139,139
5024,minimum_up,140,102_CT_1,5024,140,140
5025,minimum_down,140,102_CT_1,5025,140,140
5030,minimum_up,141,102_CT_1,5030,141,141
5031,minimum_down,141,102_CT_1,5031,141,141
5036,minimum_up,142,102_CT_1,5036,142,142
5037,minimum_down,142,102_CT_1,5037,142,142
5042,minimum_up,143,102_CT_1,5042,143,143
5043,minimum_down,143,102_CT_1,5043,143,143
5048,minimum_up,144,102_CT_1,5048,144,144
5049,minimum_down,144,102_CT_1,5049,144,144
5054,minimum_up,145,102_CT_1,5054,145,145
5055,minimum_down,145,102_CT_1,5055,145,145
5060,minimum_up,146,102_CT_1,5060,146,146
5061,minimum_down,146,102_CT_1,5061,146,146
5066,minimum_up,147,102_CT_1,5066,147,147
5067,minimum_down,147,102_CT_1,5067,147,147
5072,minimum_up,148,102_CT_1,5072,148,148
5073,minimum_down,148,102_CT_1,5073,148,148
5078,minimum_up,149,102_CT_1,5078,149,149
5079,minimum_down,149,102_CT_1,5079,149,149
5084,minimum_up,150,102_CT_1,5084,150,150
5085,minimum_down,150,102_CT_1,5085,150,150
5090,minimum_up,151,102_CT_1,5090,151,151
5091,minimum_down,151,102_CT_1,5091,151,151
5096,minimum_up,152,102_CT_1,5096,152,152
5097,minimum_down,152,102_CT_1,5097,152,152
5102,minimum_up,153,102_CT_1,5102,153,153
5103,minimum_down,153,102_CT_1,5103,153,153
5108,minimum_up,154,102_CT_1,5108,154,154
5109,minimum_down,154,102_CT_1,5109,154,154
5114,minimum_up,155,102_CT_1,5114,155,155
5115,minimum_down,155,102_CT_1,5115,155,155
5120,minimum_up,156,102_CT_1,5120,156,156
5121,minimum_down,156,102_CT_1,5121,156,156
5126,minimum_up,157,102_CT_1,5126,157,157
5127,minimum_down,157,102_CT_1,5127,157,157
5132,minimum_up,158,102_CT_1,5132,158,158
5133,minimum_down,158,102_CT_1,5133,158,158
5138,minimum_up,159,102_CT_1,5138,159,159
5139,minimum_down,159,102_CT_1,5139,159,159
5144,minimum_up,160,102_CT_1,5144,160,160
5145,minimum_down,160,102_CT_1,5145,160,160
5150,minimum_up,161,102_CT_1,5150,161,161
5151,minimum_down,161,102_CT_1,5151,161,161
5156,minimum_up,162,102_CT_1,5156,162,162
5157,minimum_down,162,102_CT_1,5157,162,162
5162,minimum_up,163,102_CT_1,5162,163,163
5163,minimum_down,163,102_CT_1,5163,163,163
5168,minimum_up,164,102_CT_1,5168,164,164
5169,minimum_down,164,102_CT_1,5169,164,164
5174,minimum_up,165,102_CT_1,5174,165,165
5175,minimum_down,165,102_CT_1,5175,165,165
5180,minimum_up,166,102_CT_1,5180,166,166
5181,minimum_down,166,102_CT_1,5181,166,166
5186,minimum_up,167,102_CT_1,5186,167,167
5187,minimum_down,167,102_CT_1,5187,167,167
5194,minimum_up,1,102_CT_2,5194,1,1
5195,minimum_down,1,102_CT_2,5195,1,1
5200,minimum_up,2,102_CT_2,5200,2,2
5201,minimum_down,2,102_CT_2,5201,2,2
5206,minimum_up,3,102_CT_2,5206,3,3
5207,minimum_down,3,102_CT_2,5207,3,3
5212,minimum_up,4,102_CT_2,5212,4,4
5213,minimum_down,4,102_CT_2,5213,4,4
5218,minimum_up,5,102_CT_2,5218,5,5
5219,minimum_down,5,102_CT_2,5219,5,5
5224,minimum_up,6,102_CT_2,5224,6,6
5225,minimum_down,6,102_CT_2,5225,6,6
5230,minimum_up,7,102_CT_2,5230,7,7
5231,minimum_down,7,102_CT_2,5231,7,7
5236,minimum_up,8,102_CT_2,5236,8,8
5237,minimum_down,8,102_CT_2,5237,8,8
5242,minimum_up,9,102_CT_2,5242,9,9
5243,minimum_down,9,102_CT_2,5243,9,9
5248,minimum_up,10,102_CT_2,5248,10,10
5249,minimum_down,10,102_CT_2,5249,10,10
5254,minimum_up,11,102_CT_2,5254,11,11
5255,minimum_down,11,102_CT_2,5255,11,11
5260,minimum_up,12,102_CT_2,5260,12,12
5261,minimum_down,12,102_CT_2,5261,12,12
5266,minimum_up,13,102_CT_2,5266,13,13
5267,minimum_down,13,102_CT_2,5267,13,13
5272,minimum_up,14,102_CT_2,5272,14,14
5273,minimum_down,14,102_CT_2,5273,14,14
5278,minimum_up,15,102_CT_2,5278,15,15
5279,minimum_down,15,102_CT_2,5279,15,15
5284,minimum_up,16,102_CT_2,5284,16,16
5285,minimum_down,16,102_CT_2,5285,16,16
5290,minimum_up,17,102_CT_2,5290,17,17
5291,minimum_down,17,102_CT_2,5291,17,17
5296,minimum_up,18,102_CT_2,5296,18,18
5297,minimum_down,18,102_CT_2,5297,18,18
5302,minimum_up,19,102_CT_2,5302,19,19
5303,minimum_down,19,102_CT_2,5303,19,19
5308,minimum_up,20,102_CT_2,5308,20,20
5309,minimum_down,20,102_CT_2,5309,20,20
5314,minimum_up,21,102_CT_2,5314,21,21
5315,minimum_down,21,102_CT_2,5315,21,21
5320,minimum_up,22,102_CT_2,5320,22,22
5321,minimum_down,22,102_CT_2,5321,22,22
5326,minimum_up,23,102_CT_2,5326,23,23
5327,minimum_down,23,102_CT_2,5327,23,23
5332,minimum_up,24,102_CT_2,5332,24,24
5333,minimum_down,24,102_CT_2,5333,24,24
5338,minimum_up,25,102_CT_2,5338,25,25
5339,minimum_down,25,102_CT_2,5339,25,25
5344,minimum_up,26,102_CT_2,5344,26,26
5345,minimum_down,26,102_CT_2,5345,26,26
5350,minimum_up,27,102_CT_2,5350,27,27
5351,minimum_down,27,102_CT_2,5351,27,27
5356,minimum_up,28,102_CT_2,5356,28,28
5357,minimum_down,28,102_CT_2,5357,28,28
5362,minimum_up,29,102_CT_2,5362,29,29
5363,minimum_down,29,102_CT_2,5363,29,29
5368,minimum_up,30,102_CT_2,5368,30,30
5369,minimum_down,30,102_CT_2,5369,30,30
5374,minimum_up,31,102_CT_2,5374,31,31
5375,minimum_down,31,102_CT_2,5375,31,31
5380,minimum_up,32,102_CT_2,5380,32,32
5381,minimum_down,32,102_CT_2,5381,32,32
5386,minimum_up,33,102_CT_2,5386,33,33
5387,minimum_down,33,102_CT_2,5387,33,33
5392,minimum_up,34,102_CT_2,5392,34,34
5393,minimum_down,34,102_CT_2,5393,34,34
5398,minimum_up,35,102_CT_2,5398,35,35
5399,minimum_down,35,102_CT_2,5399,35,35
5404,minimum_up,36,102_CT_2,5404,36,36
5405,minimum_down,36,102_CT_2,5405,36,36
5410,minimum_up,37,102_CT_2,5410,37,37
5411,minimum_down,37,102_CT_2,5411,37,37
5416,minimum_up,38,102_CT_2,5416,38,38
5417,minimum_down,38,102_CT_2,5417,38,38
5422,minimum_up,39,102_CT_2,5422,39,39
5423,minimum_down,39,102_CT_2,5423,39,39
5428,minimum_up,40,102_CT_2,5428,40,40
5429,minimum_down,40,102_CT_2,5429,40,40
5434,minimum_up,41,102_CT_2,5434,41,41
5435,minimum_down,41,102_CT_2,5435,41,41
5440,minimum_up,42,102_CT_2,5440,42,42
5441,minimum_down,42,102_CT_2,5441,42,42
5446,minimum_up,43,102_CT_2,5446,43,43
5447,minimum_down,43,102_CT_2,5447,43,43
5452,minimum_up,44,102_CT_2,5452,44,44
5453,minimum_down,44,102_CT_2,5453,44,44
5458,minimum_up,45,102_CT_2,5458,45,45
5459,minimum_down,45,102_CT_2,5459,45,45
5464,minimum_up,46,102_CT_2,5464,46,46
5465,minimum_down,46,102_CT_2,5465,46,46
5470,minimum_up,47,102_CT_2,5470,47,47
5471,minimum_down,47,102_CT_2,5471,47,47
5476,minimum_up,48,102_CT_2,5476,48,48
5477,minimum_down,48,102_CT_2,5477,48,48
5482,minimum_up,49,102_CT_2,5482,49,49
5483,minimum_down,49,102_CT_2,5483,49,49
5488,minimum_up,50,102_CT_2,5488,50,50
5489,minimum_down,50,102_CT_2,5489,50,50
5494,minimum_up,51,102_CT_2,5494,51,51
5495,minimum_down,51,102_CT_2,5495,51,51
5500,minimum_up,52,102_CT_2,5500,52,52
5501,minimum_down,52,102_CT_2,5501,52,52
5506,minimum_up,53,102_CT_2,5506,53,53
5507,minimum_down,53,102_CT_2,5507,53,53
5512,minimum_up,54,102_CT_2,5512,54,54
5513,minimum_down,54,102_CT_2,5513,54,54
5518,minimum_up,55,102_CT_2,5518,55,55
5519,minimum_down,55,102_CT_2,5519,55,55
5524,minimum_up,56,102_CT_2,5524,56,56
5525,minimum_down,56,102_CT_2,5525,56,56
5530,minimum_up,57,102_CT_2,5530,57,57
5531,minimum_down,57,102_CT_2,5531,57,57
5536,minimum_up,58,102_CT_2,5536,58,58
5537,minimum_down,58,102_CT_2,5537,58,58
5542,minimum_up,59,102_CT_2,5542,59,59
5543,minimum_down,59,102_CT_2,5543,59,59
5548,minimum_up,60,102_CT_2,5548,60,60
5549,minimum_down,60,102_CT_2,5549,60,60
5554,minimum_up,61,102_CT_2,5554,61,61
5555,minimum_down,61,102_CT_2,5555,61,61
5560,minimum_up,62,102_CT_2,5560,62,62
5561,minimum_down,62,102_CT_2,5561,62,62
5566,minimum_up,63,102_CT_2,5566,63,63
5567,minimum_down,63,102_CT_2,5567,63,63
5572,minimum_up,64,102_CT_2,5572,64,64
5573,minimum_down,64,102_CT_2,5573,64,64
5578,minimum_up,65,102_CT_2,5578,65,65
5579,minimum_down,65,102_CT_2,5579,65,65
5584,minimum_up,66,102_CT_2,5584,66,66
5585,minimum_down,66,102_CT_2,5585,66,66
5590,minimum_up,67,102_CT_2,5590,67,67
5591,minimum_down,67,102_CT_2,5591,67,67
5596,minimum_up,68,102_CT_2,5596,68,68
5597,minimum_down,68,102_CT_2,5597,68,68
5602,minimum_up,69,102_CT_2,5602,69,69
5603,minimum_down,69,102_CT_2,5603,69,69
5608,minimum_up,70,102_CT_2,5608,70,70
5609,minimum_down,70,102_CT_2,5609,70,70
5614,minimum_up,71,102_CT_2,5614,71,71
5615,minimum_down,71,102_CT_2,5615,71,71
5620,minimum_up,72,102_CT_2,5620,72,72
5621,minimum_down,72,102_CT_2,5621,72,72
5626,minimum_up,73,102_CT_2,5626,73,73
5627,minimum_down,73,102_CT_2,5627,73,73
5632,minimum_up,74,102_CT_2,5632,74,74
5633,minimum_down,74,102_CT_2,5633,74,74
5638,minimum_up,75,102_CT_2,5638,75,75
5639,minimum_down,75,102_CT_2,5639,75,75
5644,minimum_up,76,102_CT_2,5644,76,76
5645,minimum_down,76,102_CT_2,5645,76,76
5650,minimum_up,77,102_CT_2,5650,77,77
5651,minimum_down,77,102_CT_2,5651,77,77
5656,minimum_up,78,102_CT_2,5656,78,78
5657,minimum_down,78,102_CT_2,5657,78,78
5662,minimum_up,79,102_CT_2,5662,79,79
5663,minimum_down,79,102_CT_2,5663,79,79
5668,minimum_up,80,102_CT_2,5668,80,80
5669,minimum_down,80,102_CT_2,5669,80,80
5674,minimum_up,81,102_CT_2,5674,81,81
5675,minimum_down,81,102_CT_2,5675,81,81
5680,minimum_up,82,102_CT_2,5680,82,82
5681,minimum_down,82,102_CT_2,5681,82,82
5686,minimum_up,83,102_CT_2,5686,83,83
5687,minimum_down,83,102_CT_2,5687,83,83
5692,minimum_up,84,102_CT_2,5692,84,84
5693,minimum_down,84,102_CT_2,5693,84,84
5698,minimum_up,85,102_CT_2,5698,85,85
5699,minimum_down,85,102_CT_2,5699,85,85
5704,minimum_up,86,102_CT_2,5704,86,86
5705,minimum_down,86,102_CT_2,5705,86,86
5710,minimum_up,87,102_CT_2,5710,87,87
5711,minimum_down,87,102_CT_2,5711,87,87
5716,minimum_up,88,102_CT_2,5716,88,88
5717,minimum_down,88,102_CT_2,5717,88,88
5722,minimum_up,89,102_CT_2,5722,89,89
5723,minimum_down,89,102_CT_2,5723,89,89
5728,minimum_up,90,102_CT_2,5728,90,90
5729,minimum_down,90,102_CT_2,5729,90,90
5734,minimum_up,91,102_CT_2,5734,91,91
5735,minimum_down,91,102_CT_2,5735,91,91
5740,minimum_up,92,102_CT_2,5740,92,92
5741,minimum_down,92,102_CT_2,5741,92,92
5746,minimum_up,93,102_CT_2,5746,93,93
5747,minimum_down,93,102_CT_2,5747,93,93
5752,minimum_up,94,102_CT_2,5752,94,94
5753,minimum_down,94,102_CT_2,5753,94,94
5758,minimum_up,95,102_CT_2,5758,95,95
5759,minimum_down,95,102_CT_2,5759,95,95
5764,minimum_up,96,102_CT_2,5764,96,96
5765,minimum_down,96,102_CT_2,5765,96,96
5770,minimum_up,97,102_CT_2,5770,97,97
5771,minimum_down,97,102_CT_2,5771,97,97
5776,minimum_up,98,102_CT_2,5776,98,98
5777,minimum_down,98,102_CT_2,5777,98,98
5782,minimum_up,99,102_CT_2,5782,99,99
5783,minimum_down,99,102_CT_2,5783,99,99
5788,minimum_up,100,102_CT_2,5788,100,100
5789,minimum_down,100,102_CT_2,5789,100,100
5794,minimum_up,101,102_CT_2,5794,101,101
5795,minimum_down,101,102_CT_2,5795,101,101
5800,minimum_up,102,102_CT_2,5800,102,102
5801,minimum_down,102,102_CT_2,5801,102,102
5806,minimum_up,103,102_CT_2,5806,103,103
5807,minimum_down,103,102_CT_2,5807,103,103
5812,minimum_up,104,102_CT_2,5812,104,104
5813,minimum_down,104,102_CT_2,5813,104,104
5818,minimum_up,105,102_CT_2,5818,105,105
5819,minimum_down,105,102_CT_2,5819,105,105
5824,minimum_up,106,102_CT_2,5824,106,106
5825,minimum_down,106,102_CT_2,5825,106,106
5830,minimum_up,107,102_CT_2,5830,107,107
5831,minimum_down,107,102_CT_2,5831,107,107
5836,minimum_up,108,102_CT_2,5836,108,108
5837,minimum_down,108,102_CT_2,5837,108,108
5842,minimum_up,109,102_CT_2,5842,109,109
5843,minimum_down,109,102_CT_2,5843,109,109
5848,minimum_up,110,102_CT_2,5848,110,110
5849,minimum_down,110,102_CT_2,5849,110,110
5854,minimum_up,111,102_CT_2,5854,111,111
5855,minimum_down,111,102_CT_2,5855,111,111
5860,minimum_up,112,102_CT_2,5860,112,112
5861,minimum_down,112,102_CT_2,5861,112,112
5866,minimum_up,113,102_CT_2,5866,113,113
5867,minimum_down,113,102_CT_2,5867,113,113
5872,minimum_up,114,102_CT_2,5872,114,114
5873,minimum_down,114,102_CT_2,5873,114,114
5878,minimum_up,115,102_CT_2,5878,115,115
5879,minimum_down,115,102_CT_2,5879,115,115
5884,minimum_up,116,102_CT_2,5884,116,116
5885,minimum_down,116,102_CT_2,5885,116,116
5890,minimum_up,117,102_CT_2,5890,117,117
5891,minimum_down,117,102_CT_2,5891,117,117
5896,minimum_up,118,102_CT_2,5896,118,118
5897,minimum_down,118,102_CT_2,5897,118,118
5902,minimum_up,119,102_CT_2,5902,119,119
5903,minimum_down,119,102_CT_2,5903,119,119
5908,minimum_up,120,102_CT_2,5908,120,120
5909,minimum_down,120,102_CT_2,5909,120,120
5914,minimum_up,121,102_CT_2,5914,121,121
5915,minimum_down,121,102_CT_2,5915,121,121
5920,minimum_up,122,102_CT_2,5920,122,122
5921,minimum_down,122,102_CT_2,5921,122,122
5926,minimum_up,123,102_CT_2,5926,123,123
5927,minimum_down,123,102_CT_2,5927,123,123
5932,minimum_up,124,102_CT_2,5932,124,124
5933,minimum_down,124,102_CT_2,5933,124,124
5938,minimum_up,125,102_CT_2,5938,125,125
5939,minimum_down,125,102_CT_2,5939,125,125
5944,minimum_up,126,102_CT_2,5944,126,126
5945,minimum_down,126,102_CT_2,5945,126,126
5950,minimum_up,127,102_CT_2,5950,127,127
5951,minimum_down,127,102_CT_2,5951,127,127
5956,minimum_up,128,102_CT_2,5956,128,128
5957,minimum_down,128,102_CT_2,5957,128,128
5962,minimum_up,129,102_CT_2,5962,129,129
5963,minimum_down,129,102_CT_2,5963,129,129
5968,minimum_up,130,102_CT_2,5968,130,130
5969,minimum_down,130,102_CT_2,5969,130,130
5974,minimum_up,131,102_CT_2,5974,131,131
5975,minimum_down,131,102_CT_2,5975,131,131
5980,minimum_up,132,102_CT_2,5980,132,132
5981,minimum_down,132,102_CT_2,5981,132,132
5986,minimum_up,133,102_CT_2,5986,133,133
5987,minimum_down,133,102_CT_2,5987,133,133
5992,minimum_up,134,102_CT_2,5992,134,134
5993,minimum_down,134,102_CT_2,5993,134,134
5998,minimum_up,135,102_CT_2,5998,135,135
5999,minimum_down,135,102_CT_2,5999,135,135
6004,minimum_up,136,102_CT_2,6004,136,136
6005,minimum_down,136,102_CT_2,6005,136,136
6010,minimum_up,137,102_CT_2,6010,137,137
6011,minimum_down,137,102_CT_2,6011,137,137
6016,minimum_up,138,102_CT_2,6016,138,138
6017,minimum_down,138,102_CT_2,6017,138,138
6022,minimum_up,139,102_CT_2,6022,139,139
6023,minimum_down,139,102_CT_2,6023,139,139
6028,minimum_up,140,102_CT_2,6028,140,140
6029,minimum_down,140,102_CT_2,6029,140,140
6034,minimum_up,141,102_CT_2,6034,141,141
6035,minimum_down,141,102_CT_2,6035,141,141
6040,minimum_up,142,102_CT_2,6040,142,142
6041,minimum_down,142,102_CT_2,6041,142,142
6046,minimum_up,143,102_CT_2,6046,143,143
6047,minimum_down,143,102_CT_2,6047,143,143
6052,minimum_up,144,102_CT_2,6052,144,144
6053,minimum_down,144,102_CT_2,6053,144,144
6058,minimum_up,145,102_CT_2,6058,145,145
6059,minimum_down,145,102_CT_2,6059,145,145
6064,minimum_up,146,102_CT_2,6064,146,146
6065,minimum_down,146,102_CT_2,6065,146,146
6070,minimum_up,147,102_CT_2,6070,147,147
6071,minimum_down,147,102_CT_2,6071,147,147
6076,minimum_up,148,102_CT_2,6076,148,148
6077,minimum_down,148,102_CT_2,6077,148,148
6082,minimum_up,149,102_CT_2,6082,149,149
6083,minimum_down,149,102_CT_2,6083,149,149
6088,minimum_up,150,102_CT_2,6088,150,150
6089,minimum_down,150,102_CT_2,6089,150,150
6094,minimum_up,151,102_CT_2,6094,151,151
6095,minimum_down,151,102_CT_2,6095,151,151
6100,minimum_up,152,102_CT_2,6100,152,152
6101,minimum_down,152,102_CT_2,6101,152,152
6106,minimum_up,153,102_CT_2,6106,153,153
6107,minimum_down,153,102_CT_2,6107,153,153
6112,minimum_up,154,102_CT_2,6112,154,154
6113,minimum_down,154,102_CT_2,6113,154,154
6118,minimum_up,155,102_CT_2,6118,155,155
6119,minimum_down,155,102_CT_2,6119,155,155
6124,minimum_up,156,102_CT_2,6124,156,156
6125,minimum_down,156,102_CT_2,6125,156,156
6130,minimum_up,157,102_CT_2,6130,157,157
6131,minimum_down,157,102_CT_2,6131,157,157
6136,minimum_up,158,102_CT_2,6136,158,158
6137,minimum_down,158,102_CT_2,6137,158,158
6142,minimum_up,159,102_CT_2,6142,159,159
6143,minimum_down,159,102_CT_2,6143,159,159
6148,minimum_up,160,102_CT_2,6148,160,160
6149,minimum_down,160,102_CT_2,6149,160,160
6154,minimum_up,161,102_CT_2,6154,161,161
6155,minimum_down,161,102_CT_2,6155,161,161
6160,minimum_up,162,102_CT_2,6160,162,162
6161,minimum_down,162,102_CT_2,6161,162,162
6166,minimum_up,163,102_CT_2,6166,163,163
6167,minimum_down,163,102_CT_2,6167,163,163
6172,minimum_up,164,102_CT_2,6172,164,164
6173,minimum_down,164,102_CT_2,6173,164,164
6178,minimum_up,165,102_CT_2,6178,165,165
6179,minimum_down,165,102_CT_2,6179,165,165
6184,minimum_up,166,102_CT_2,6184,166,166
6185,minimum_down,166,102_CT_2,6185,166,166
6190,minimum_up,167,102_CT_2,6190,167,167
6191,minimum_down,167,102_CT_2,6191,167,167
6198,minimum_up,1,102_STEAM_3,6198,1,1
6199,minimum_down,1,102_STEAM_3,6199,1,1
6204,minimum_up,2,102_STEAM_3,6204,1,2
6205,minimum_down,2,102_STEAM_3,6205,1,2
6210,minimum_up,3,102_STEAM_3,6210,1,3
6211,minimum_down,3,102_STEAM_3,6211,1,3
6216,minimum_up,4,102_STEAM_3,6216,1,4
6217,minimum_down,4,102_STEAM_3,6217,1,4
6222,minimum_up,5,102_STEAM_3,6222,1,5
6223,minimum_down,5,102_STEAM_3,6223,2,5
6228,minimum_up,6,102_STEAM_3,6228,1,6
6229,minimum_down,6,102_STEAM_3,6229,3,6
6234,minimum_up,7,102_STEAM_3,6234,1,7
6235,minimum_down,7,102_STEAM_3,6235,4,7
6240,minimum_up,8,102_STEAM_3,6240,1,8
6241,minimum_down,8,102_STEAM_3,6241,5,8
6246,minimum_up,9,102_STEAM_3,6246,2,9
6247,minimum_down,9,102_STEAM_3,6247,6,9
6252,minimum_up,10,102_STEAM_3,6252,3,10
6253,minimum_down,10,102_STEAM_3,6253,7,10
6258,minimum_up,11,102_STEAM_3,6258,4,11
6259,minimum_down,11,102_STEAM_3,6259,8,11
6264,minimum_up,12,102_STEAM_3,6264,5,12
6265,minimum_down,12,102_STEAM_3,6265,9,12
6270,minimum_up,13,102_STEAM_3,6270,6,13
6271,minimum_down,13,102_STEAM_3,6271,10,13
6276,minimum_up,14,102_STEAM_3,6276,7,14
6277,minimum_down,14,102_STEAM_3,6277,11,14
6282,minimum_up,15,102_STEAM_3,6282,8,15
6283,minimum_down,15,102_STEAM_3,6283,12,15
6288,minimum_up,16,102_STEAM_3,6288,9,16
6289,minimum_down,16,102_STEAM_3,6289,13,16
6294,minimum_up,17,102_STEAM_3,6294,10,17
6295,minimum_down,17,102_STEAM_3,6295,14,17
6300,minimum_up,18,102_STEAM_3,6300,11,18
6301,minimum_down,18,102_STEAM_3,6301,15,18
6306,minimum_up,19,102_STEAM_3,6306,12,19
6307,minimum_down,19,102_STEAM_3,6307,16,19
6312,minimum_up,20,102_STEAM_3,6312,13,20
6313,minimum_down,20,102_STEAM_3,6313,17,20
6318,minimum_up,21,102_STEAM_3,6318,14,21
6319,minimum_down,21,102_STEAM_3,6319,18,21
6324,minimum_up,22,102_STEAM_3,6324,15,22
6325,minimum_down,22,102_STEAM_3,6325,19,22
6330,minimum_up,23,102_STEAM_3,6330,16,23
6331,minimum_down,23,102_STEAM_3,6331,20,23
6336,minimum_up,24,102_STEAM_3,6336,17,24
6337,minimum_down,24,102_STEAM_3,6337,21,24
6342,minimum_up,25,102_STEAM_3,6342,18,25
6343,minimum_down,25,102_STEAM_3,6343,22,25
6348,minimum_up,26,102_STEAM_3,6348,19,26
6349,minimum_down,26,102_STEAM_3,6349,23,26
6354,minimum_up,27,102_STEAM_3,6354,20,27
6355,minimum_down,27,102_STEAM_3,6355,24,27
6360,minimum_up,28,102_STEAM_3,6360,21,28
6361,minimum_down,28,102_STEAM_3,6361,25,28
6366,minimum_up,29,102_STEAM_3,6366,22,29
6367,minimum_down,29,102_STEAM_3,6367,26,29
6372,minimum_up,30,102_STEAM_3,6372,23,30
6373,minimum_down,30,102_STEAM_3,6373,27,30
6378,minimum_up,31,102_STEAM_3,6378,24,31
6379,minimum_down,31,102_STEAM_3,6379,28,31
6384,minimum_up,32,102_STEAM_3,6384,25,32
6385,minimum_down,32,102_STEAM_3,6385,29,32
6390,minimum_up,33,102_STEAM_3,6390,26,33
6391,minimum_down,33,102_STEAM_3,6391,30,33
6396,minimum_up,34,102_STEAM_3,6396,27,34
6397,minimum_down,34,102_STEAM_3,6397,31,34
6402,minimum_up,35,102_STEAM_3,6402,28,35
6403,minimum_down,35,102_STEAM_3,6403,32,35
6408,minimum_up,36,102_STEAM_3,6408,29,36
6409,minimum_down,36,102_STEAM_3,6409,33,36
6414,minimum_up,37,102_STEAM_3,6414,30,37
6415,minimum_down,37,102_STEAM_3,6415,34,37
6420,minimum_up,38,102_STEAM_3,6420,31,38
6421,minimum_down,38,102_STEAM_3,6421,35,38
6426,minimum_up,39,102_STEAM_3,6426,32,39
6427,minimum_down,39,102_STEAM_3,6427,36,39
6432,minimum_up,40,102_STEAM_3,6432,33,40
6433,minimum_down,40,102_STEAM_3,6433,37,40
6438,minimum_up,41,102_STEAM_3,6438,34,41
6439,minimum_down,41,102_STEAM_3,6439,38,41
6444,minimum_up,42,102_STEAM_3,6444,35,42
6445,minimum_down,42,102_STEAM_3,6445,39,42
6450,minimum_up,43,102_STEAM_3,6450,36,43
6451,minimum_down,43,102_STEAM_3,6451,40,43
6456,minimum_up,44,102_STEAM_3,6456,37,44
6457,minimum_down,44,102_STEAM_3,6457,41,44
6462,minimum_up,45,102_STEAM_3,6462,38,45
6463,minimum_down,45,102_STEAM_3,6463,42,45
6468,minimum_up,46,102_STEAM_3,6468,39,46
6469,minimum_down,46,102_STEAM_3,6469,43,46
6474,minimum_up,47,102_STEAM_3,6474,40,47
6475,minimum_down,47,102_STEAM_3,6475,44,47
6480,minimum_up,48,102_STEAM_3,6480,41,48
6481,minimum_down,48,102_STEAM_3,6481,45,48
6486,minimum_up,49,102_STEAM_3,6486,42,49
6487,minimum_down,49,102_STEAM_3,6487,46,49
6492,minimum_up,50,102_STEAM_3,6492,43,50
6493,minimum_down,50,102_STEAM_3,6493,47,50
6498,minimum_up,51,102_STEAM_3,6498,44,51
6499,minimum_down,51,102_STEAM_3,6499,48,51
6504,minimum_up,52,102_STEAM_3,6504,45,52
6505,minimum_down,52,102_STEAM_3,6505,49,52
6510,minimum_up,53,102_STEAM_3,6510,46,53
6511,minimum_down,53,102_STEAM_3,6511,50,53
6516,minimum_up,54,102_STEAM_3,6516,47,54
6517,minimum_down,54,102_STEAM_3,6517,51,54
6522,minimum_up,55,102_STEAM_3,6522,48,55
6523,minimum_down,55,102_STEAM_3,6523,52,55
6528,minimum_up,56,102_STEAM_3,6528,49,56
6529,minimum_down,56,102_STEAM_3,6529,53,56
6534,minimum_up,57,102_STEAM_3,6534,50,57
6535,minimum_down,57,102_STEAM_3,6535,54,57
6540,minimum_up,58,102_STEAM_3,6540,51,58
6541,minimum_down,58,102_STEAM_3,6541,55,58
6546,minimum_up,59,102_STEAM_3,6546,52,59
6547,minimum_down,59,102_STEAM_3,6547,56,59
6552,minimum_up,60,102_STEAM_3,6552,53,60
6553,minimum_down,60,102_STEAM_3,6553,57,60
6558,minimum_up,61,102_STEAM_3,6558,54,61
6559,minimum_down,61,102_STEAM_3,6559,58,61
6564,minimum_up,62,102_STEAM_3,6564,55,62
6565,minimum_down,62,102_STEAM_3,6565,59,62
6570,minimum_up,63,102_STEAM_3,6570,56,63
6571,minimum_down,63,102_STEAM_3,6571,60,63
6576,minimum_up,64,102_STEAM_3,6576,57,64
6577,minimum_down,64,102_STEAM_3,6577,61,64
6582,minimum_up,65,102_STEAM_3,6582,58,65
6583,minimum_down,65,102_STEAM_3,6583,62,65
6588,minimum_up,66,102_STEAM_3,6588,59,66
6589,minimum_down,66,102_STEAM_3,6589,63,66
6594,minimum_up,67,102_STEAM_3,6594,60,67
6595,minimum_down,67,102_STEAM_3,6595,64,67
6600,minimum_up,68,102_STEAM_3,6600,61,68
6601,minimum_down,68,102_STEAM_3,6601,65,68
6606,minimum_up,69,102_STEAM_3,6606,62,69
6607,minimum_down,69,102_STEAM_3,6607,66,69
6612,minimum_up,70,102_STEAM_3,6612,63,70
6613,minimum_down,70,102_STEAM_3,6613,67,70
6618,minimum_up,71,102_STEAM_3,6618,64,71
6619,minimum_down,71,102_STEAM_3,6619,68,71
6624,minimum_up,72,102_STEAM_3,6624,65,72
6625,minimum_down,72,102_STEAM_3,6625,69,72
6630,minimum_up,73,102_STEAM_3,6630,66,73
6631,minimum_down,73,102_STEAM_3,6631,70,73
6636,minimum_up,74,102_STEAM_3,6636,67,74
6637,minimum_down,74,102_STEAM_3,6637,71,74
6642,minimum_up,75,102_STEAM_3,6642,68,75
6643,minimum_down,75,102_STEAM_3,6643,72,75
6648,minimum_up,76,102_STEAM_3,6648,69,76
6649,minimum_down,76,102_STEAM_3,6649,73,76
6654,minimum_up,77,102_STEAM_3,6654,70,77
6655,minimum_down,77,102_STEAM_3,6655,74,77
6660,minimum_up,78,102_STEAM_3,6660,71,78
6661,minimum_down,78,102_STEAM_3,6661,75,78
6666,minimum_up,79,102_STEAM_3,6666,72,79
6667,minimum_down,79,102_STEAM_3,6667,76,79
6672,minimum_up,80,102_STEAM_3,6672,73,80
6673,minimum_down,80,102_STEAM_3,6673,77,80
6678,minimum_up,81,102_STEAM_3,6678,74,81
6679,minimum_down,81,102_STEAM_3,6679,78,81
6684,minimum_up,82,102_STEAM_3,6684,75,82
6685,minimum_down,82,102_STEAM_3,6685,79,82
6690,minimum_up,83,102_STEAM_3,6690,76,83
6691,minimum_down,83,102_STEAM_3,6691,80,83
6696,minimum_up,84,102_STEAM_3,6696,77,84
6697,minimum_down,84,102_STEAM_3,6697,81,84
6702,minimum_up,85,102_STEAM_3,6702,78,85
6703,minimum_down,85,102_STEAM_3,6703,82,85
6708,minimum_up,86,102_STEAM_3,6708,79,86
6709,minimum_down,86,102_STEAM_3,6709,83,86
6714,minimum_up,87,102_STEAM_3,6714,80,87
6715,minimum_down,87,102_STEAM_3,6715,84,87
6720,minimum_up,88,102_STEAM_3,6720,81,88
6721,minimum_down,88,102_STEAM_3,6721,85,88
6726,minimum_up,89,102_STEAM_3,6726,82,89
6727,minimum_down,89,102_STEAM_3,6727,86,89
6732,minimum_up,90,102_STEAM_3,6732,83,90
6733,minimum_down,90,102_STEAM_3,6733,87,90
6738,minimum_up,91,102_STEAM_3,6738,84,91
6739,minimum_down,91,102_STEAM_3,6739,88,91
6744,minimum_up,92,102_STEAM_3,6744,85,92
6745,minimum_down,92,102_STEAM_3,6745,89,92
6750,minimum_up,93,102_STEAM_3,6750,86,93
6751,minimum_down,93,102_STEAM_3,6751,90,93
6756,minimum_up,94,102_STEAM_3,6756,87,94
6757,minimum_down,94,102_STEAM_3,6757,91,94
6762,minimum_up,95,102_STEAM_3,6762,88,95
6763,minimum_down,95,102_STEAM_3,6763,92,95
6768,minimum_up,96,102_STEAM_3,6768,89,96
6769,minimum_down,96,102_STEAM_3,6769,93,96
6774,minimum_up,97,102_STEAM_3,6774,90,97
6775,minimum_down,97,102_STEAM_3,6775,94,97
6780,minimum_up,98,102_STEAM_3,6780,91,98
6781,minimum_down,98,102_STEAM_3,6781,95,98
6786,minimum_up,99,102_STEAM_3,6786,92,99
6787,minimum_down,99,102_STEAM_3,6787,96,99
6792,minimum_up,100,102_STEAM_3,6792,93,100
6793,minimum_down,100,102_STEAM_3,6793,97,100
6798,minimum_up,101,102_STEAM_3,6798,94,101
6799,minimum_down,101,102_STEAM_3,6799,98,101
6804,minimum_up,102,102_STEAM_3,6804,95,102
6805,minimum_down,102,102_STEAM_3,6805,99,102
6810,minimum_up,103,102_STEAM_3,6810,96,103
6811,minimum_down,103,102_STEAM_3,6811,100,103
6816,minimum_up,104,102_STEAM_3,6816,97,104
6817,minimum_down,104,102_STEAM_3,6817,101,104
6822,minimum_up,105,102_STEAM_3,6822,98,105
6823,minimum_down,105,102_STEAM_3,6823,102,105
6828,minimum_up,106,102_STEAM_3,6828,99,106
6829,minimum_down,106,102_STEAM_3,6829,103,106
6834,minimum_up,107,102_STEAM_3,6834,100,107
6835,minimum_down,107,102_STEAM_3,6835,104,107
6840,minimum_up,108,102_STEAM_3,6840,101,108
6841,minimum_down,108,102_STEAM_3,6841,105,108
6846,minimum_up,109,102_STEAM_3,6846,102,109
6847,minimum_down,109,102_STEAM_3,6847,106,109
6852,minimum_up,110,102_STEAM_3,6852,103,110
6853,minimum_down,110,102_STEAM_3,6853,107,110
6858,minimum_up,111,102_STEAM_3,6858,104,111
6859,minimum_down,111,102_STEAM_3,6859,108,111
6864,minimum_up,112,102_STEAM_3,6864,105,112
6865,minimum_down,112,102_STEAM_3,6865,109,112
6870,minimum_up,113,102_STEAM_3,6870,106,113
6871,minimum_down,113,102_STEAM_3,6871,110,113
6876,minimum_up,114,102_STEAM_3,6876,107,114
6877,minimum_down,114,102_STEAM_3,6877,111,114
6882,minimum_up,115,102_STEAM_3,6882,108,115
6883,minimum_down,115,102_STEAM_3,6883,112,115
6888,minimum_up,116,102_STEAM_3,6888,109,116
6889,minimum_down,116,102_STEAM_3,6889,113,116
6894,minimum_up,117,102_STEAM_3,6894,110,117
6895,minimum_down,117,102_STEAM_3,6895,114,117
6900,minimum_up,118,102_STEAM_3,6900,111,118
6901,minimum_down,118,102_STEAM_3,6901,115,118
6906,minimum_up,119,102_STEAM_3,6906,112,119
6907,minimum_down,119,102_STEAM_3,6907,116,119
6912,minimum_up,120,102_STEAM_3,6912,113,120
6913,minimum_down,120,102_STEAM_3,6913,117,120
6918,minimum_up,121,102_STEAM_3,6918,114,121
6919,minimum_down,121,102_STEAM_3,6919,118,121
6924,minimum_up,122,102_STEAM_3,6924,115,122
6925,minimum_down,122,102_STEAM_3,6925,119,122
6930,minimum_up,123,102_STEAM_3,6930,116,123
6931,minimum_down,123,102_STEAM_3,6931,120,123
6936,minimum_up,124,102_STEAM_3,6936,117,124
6937,minimum_down,124,102_STEAM_3,6937,121,124
6942,minimum_up,125,102_STEAM_3,6942,118,125
6943,minimum_down,125,102_STEAM_3,6943,122,125
6948,minimum_up,126,102_STEAM_3,6948,119,126
6949,minimum_down,126,102_STEAM_3,6949,123,126
6954,minimum_up,127,102_STEAM_3,6954,120,127
6955,minimum_down,127,102_STEAM_3,6955,124,127
6960,minimum_up,128,102_STEAM_3,6960,121,128
6961,minimum_down,128,102_STEAM_3,6961,125,128
6966,minimum_up,129,102_STEAM_3,6966,122,129
6967,minimum_down,129,102_STEAM_3,6967,126,129
6972,minimum_up,130,102_STEAM_3,6972,123,130
6973,minimum_down,130,102_STEAM_3,6973,127,130
6978,minimum_up,131,102_STEAM_3,6978,124,131
6979,minimum_down,131,102_STEAM_3,6979,128,131
6984,minimum_up,132,102_STEAM_3,6984,125,132
6985,minimum_down,132,102_STEAM_3,6985,129,132
6990,minimum_up,133,102_STEAM_3,6990,126,133
6991,minimum_down,133,102_STEAM_3,6991,130,133
6996,minimum_up,134,102_STEAM_3,6996,127,134
6997,minimum_down,134,102_STEAM_3,6997,131,134
7002,minimum_up,135,102_STEAM_3,7002,128,135
7003,minimum_down,135,102_STEAM_3,7003,132,135
7008,minimum_up,136,102_STEAM_3,7008,129,136
7009,minimum_down,136,102_STEAM_3,7009,133,136
7014,minimum_up,137,102_STEAM_3,7014,130,137
7015,minimum_down,137,102_STEAM_3,7015,134,137
7020,minimum_up,138,102_STEAM_3,7020,131,138
7021,minimum_down,138,102_STEAM_3,7021,135,138
7026,minimum_up,139,102_STEAM_3,7026,132,139
7027,minimum_down,139,102_STEAM_3,7027,136,139
7032,minimum_up,140,102_STEAM_3,7032,133,140
7033,minimum_down,140,102_STEAM_3,7033,137,140
7038,minimum_up,141,102_STEAM_3,7038,134,141
7039,minimum_down,141,102_STEAM_3,7039,138,141
7044,minimum_up,142,102_STEAM_3,7044,135,142
7045,minimum_down,142,102_STEAM_3,7045,139,142
7050,minimum_up,143,102_STEAM_3,7050,136,143
7051,minimum_down,143,102_STEAM_3,7051,140,143
7056,minimum_up,144,102_STEAM_3,7056,137,144
7057,minimum_down,144,102_STEAM_3,7057,141,144
7062,minimum_up,145,102_STEAM_3,7062,138,145
7063,minimum_down,145,102_STEAM_3,7063,142,145
7068,minimum_up,146,102_STEAM_3,7068,139,146
7069,minimum_down,146,102_STEAM_3,7069,143,146
7074,minimum_up,147,102_STEAM_3,7074,140,147
7075,minimum_down,147,102_STEAM_3,7075,144,147
7080,minimum_up,148,102_STEAM_3,7080,141,148
7081,minimum_down,148,102_STEAM_3,7081,145,148
7086,minimum_up,149,102_STEAM_3,7086,142,149
7087,minimum_down,149,102_STEAM_3,7087,146,149
7092,minimum_up,150,102_STEAM_3,7092,143,150
7093,minimum_down,150,102_STEAM_3,7093,147,150
7098,minimum_up,151,102_STEAM_3,7098,144,151
7099,minimum_down,151,102_STEAM_3,7099,148,151
7104,minimum_up,152,102_STEAM_3,7104,145,152
7105,minimum_down,152,102_STEAM_3,7105,149,152
7110,minimum_up,153,102_STEAM_3,7110,146,153
7111,minimum_down,153,102_STEAM_3,7111,150,153
7116,minimum_up,154,102_STEAM_3,7116,147,154
7117,minimum_down,154,102_STEAM_3,7117,151,154
7122,minimum_up,155,102_STEAM_3,7122,148,155
7123,minimum_down,155,102_STEAM_3,7123,152,155
7128,minimum_up,156,102_STEAM_3,7128,149,156
7129,minimum_down,156,102_STEAM_3,7129,153,156
7134,minimum_up,157,102_STEAM_3,7134,150,157
7135,minimum_down,157,102_STEAM_3,7135,154,157
7140,minimum_up,158,102_STEAM_3,7140,151,158
7141,minimum_down,158,102_STEAM_3,7141,155,158
7146,minimum_up,159,102_STEAM_3,7146,152,159
7147,minimum_down,159,102_STEAM_3,7147,156,159
7152,minimum_up,160,102_STEAM_3,7152,153,160
7153,minimum_down,160,102_STEAM_3,7153,157,160
7158,minimum_up,161,102_STEAM_3,7158,154,161
7159,minimum_down,161,102_STEAM_3,7159,158,161
7164,minimum_up,162,102_STEAM_3,7164,155,162
7165,minimum_down,162,102_STEAM_3,7165,159,162
7170,minimum_up,163,102_STEAM_3,7170,156,163
7171,minimum_down,163,102_STEAM_3,7171,160,163
7176,minimum_up,164,102_STEAM_3,7176,157,164
7177,minimum_down,164,102_STEAM_3,7177,161,164
7182,minimum_up,165,102_STEAM_3,7182,158,165
7183,minimum_down,165,102_STEAM_3,7183,162,165
7188,minimum_up,166,102_STEAM_3,7188,159,166
7189,minimum_down,166,102_STEAM_3,7189,163,166
7194,minimum_up,167,102_STEAM_3,7194,160,167
7195,minimum_down,167,102_STEAM_3,7195,164,167
7202,minimum_up,1,102_STEAM_4,7202,1,1
7203,minimum_down,1,102_STEAM_4,7203,1,1
7208,minimum_up,2,102_STEAM_4,7208,1,2
7209,minimum_down,2,102_STEAM_4,7209,1,2
7214,minimum_up,3,102_STEAM_4,7214,1,3
7215,minimum_down,3,102_STEAM_4,7215,1,3
7220,minimum_up,4,102_STEAM_4,7220,1,4
7221,minimum_down,4,102_STEAM_4,7221,1,4
7226,minimum_up,5,102_STEAM_4,7226,1,5
7227,minimum_down,5,102_STEAM_4,7227,2,5
7232,minimum_up,6,102_STEAM_4,7232,1,6
7233,minimum_down,6,102_STEAM_4,7233,3,6
7238,minimum_up,7,102_STEAM_4,7238,1,7
7239,minimum_down,7,102_STEAM_4,7239,4,7
7244,minimum_up,8,102_STEAM_4,7244,1,8
7245,minimum_down,8,102_STEAM_4,7245,5,8
7250,minimum_up,9,102_STEAM_4,7250,2,9
7251,minimum_down,9,102_STEAM_4,7251,6,9
7256,minimum_up,10,102_STEAM_4,7256,3,10
7257,minimum_down,10,102_STEAM_4,7257,7,10
7262,minimum_up,11,102_STEAM_4,7262,4,11
7263,minimum_down,11,102_STEAM_4,7263,8,11
7268,minimum_up,12,102_STEAM_4,7268,5,12
7269,minimum_down,12,102_STEAM_4,7269,9,12
7274,minimum_up,13,102_STEAM_4,7274,6,13
7275,minimum_down,13,102_STEAM_4,7275,10,13
7280,minimum_up,14,102_STEAM_4,7280,7,14
7281,minimum_down,14,102_STEAM_4,7281,11,14
7286,minimum_up,15,102_STEAM_4,7286,8,15
7287,minimum_down,15,102_STEAM_4,7287,12,15
7292,minimum_up,16,102_STEAM_4,7292,9,16
7293,minimum_down,16,102_STEAM_4,7293,13,16
7298,minimum_up,17,102_STEAM_4,7298,10,17
7299,minimum_down,17,102_STEAM_4,7299,14,17
7304,minimum_up,18,102_STEAM_4,7304,11,18
7305,minimum_down,18,102_STEAM_4,7305,15,18
7310,minimum_up,19,102_STEAM_4,7310,12,19
7311,minimum_down,19,102_STEAM_4,7311,16,19
7316,minimum_up,20,102_STEAM_4,7316,13,20
7317,minimum_down,20,102_STEAM_4,7317,17,20
7322,minimum_up,21,102_STEAM_4,7322,14,21
7323,minimum_down,21,102_STEAM_4,7323,18,21
7328,minimum_up,22,102_STEAM_4,7328,15,22
7329,minimum_down,22,102_STEAM_4,7329,19,22
7334,minimum_up,23,102_STEAM_4,7334,16,23
7335,minimum_down,23,102_STEAM_4,7335,20,23
7340,minimum_up,24,102_STEAM_4,7340,17,24
7341,minimum_down,24,102_STEAM_4,7341,21,24
7346,minimum_up,25,102_STEAM_4,7346,18,25
7347,minimum_down,25,102_STEAM_4,7347,22,25
7352,minimum_up,26,102_STEAM_4,7352,19,26
7353,minimum_down,26,102_STEAM_4,7353,23,26
7358,minimum_up,27,102_STEAM_4,7358,20,27
7359,minimum_down,27,102_STEAM_4,7359,24,27
7364,minimum_up,28,102_STEAM_4,7364,21,28
7365,minimum_down,28,102_STEAM_4,7365,25,28
7370,minimum_up,29,102_STEAM_4,7370,22,29
7371,minimum_down,29,102_STEAM_4,7371,26,29
7376,minimum_up,30,102_STEAM_4,7376,23,30
7377,minimum_down,30,102_STEAM_4,7377,27,30
7382,minimum_up,31,102_STEAM_4,7382,24,31
7383,minimum_down,31,102_STEAM_4,7383,28,31
7388,minimum_up,32,102_STEAM_4,7388,25,32
7389,minimum_down,32,102_STEAM_4,7389,29,32
7394,minimum_up,33,102_STEAM_4,7394,26,33
7395,minimum_down,33,102_STEAM_4,7395,30,33
7400,minimum_up,34,102_STEAM_4,7400,27,34
7401,minimum_down,34,102_STEAM_4,7401,31,34
7406,minimum_up,35,102_STEAM_4,7406,28,35
7407,minimum_down,35,102_STEAM_4,7407,32,35
7412,minimum_up,36,102_STEAM_4,7412,29,36
7413,minimum_down,36,102_STEAM_4,7413,33,36
7418,minimum_up,37,102_STEAM_4,7418,30,37
7419,minimum_down,37,102_STEAM_4,7419,34,37
7424,minimum_up,38,102_STEAM_4,7424,31,38
7425,minimum_down,38,102_STEAM_4,7425,35,38
7430,minimum_up,39,102_STEAM_4,7430,32,39
7431,minimum_down,39,102_STEAM_4,7431,36,39
7436,minimum_up,40,102_STEAM_4,7436,33,40
7437,minimum_down,40,102_STEAM_4,7437,37,40
7442,minimum_up,41,102_STEAM_4,7442,34,41
7443,minimum_down,41,102_STEAM_4,7443,38,41
7448,minimum_up,42,102_STEAM_4,7448,35,42
7449,minimum_down,42,102_STEAM_4,7449,39,42
7454,minimum_up,43,102_STEAM_4,7454,36,43
7455,minimum_down,43,102_STEAM_4,7455,40,43
7460,minimum_up,44,102_STEAM_4,7460,37,44
7461,minimum_down,44,102_STEAM_4,7461,41,44
7466,minimum_up,45,102_STEAM_4,7466,38,45
7467,minimum_down,45,102_STEAM_4,7467,42,45
7472,minimum_up,46,102_STEAM_4,7472,39,46
7473,minimum_down,46,102_STEAM_4,7473,43,46
7478,minimum_up,47,102_STEAM_4,7478,40,47
7479,minimum_down,47,102_STEAM_4,7479,44,47
7484,minimum_up,48,102_STEAM_4,7484,41,48
7485,minimum_down,48,102_STEAM_4,7485,45,48
7490,minimum_up,49,102_STEAM_4,7490,42,49
7491,minimum_down,49,102_STEAM_4,7491,46,49
7496,minimum_up,50,102_STEAM_4,7496,43,50
7497,minimum_down,50,102_STEAM_4,7497,47,50
7502,minimum_up,51,102_STEAM_4,7502,44,51
7503,minimum_down,51,102_STEAM_4,7503,48,51
7508,minimum_up,52,102_STEAM_4,7508,45,52
7509,minimum_down,52,102_STEAM_4,7509,49,52
7514,minimum_up,53,102_STEAM_4,7514,46,53
7515,minimum_down,53,102_STEAM_4,7515,50,53
7520,minimum_up,54,102_STEAM_4,7520,47,54
7521,minimum_down,54,102_STEAM_4,7521,51,54
7526,minimum_up,55,102_STEAM_4,7526,48,55
7527,minimum_down,55,102_STEAM_4,7527,52,55
7532,minimum_up,56,102_STEAM_4,7532,49,56
7533,minimum_down,56,102_STEAM_4,7533,53,56
7538,minimum_up,57,102_STEAM_4,7538,50,57
7539,minimum_down,57,102_STEAM_4,7539,54,57
7544,minimum_up,58,102_STEAM_4,7544,51,58
7545,minimum_down,58,102_STEAM_4,7545,55,58
7550,minimum_up,59,102_STEAM_4,7550,52,59
7551,minimum_down,59,102_STEAM_4,7551,56,59
7556,minimum_up,60,102_STEAM_4,7556,53,60
7557,minimum_down,60,102_STEAM_4,7557,57,60
7562,minimum_up,61,102_STEAM_4,7562,54,61
7563,minimum_down,61,102_STEAM_4,7563,58,61
7568,minimum_up,62,102_STEAM_4,7568,55,62
7569,minimum_down,62,102_STEAM_4,7569,59,62
7574,minimum_up,63,102_STEAM_4,7574,56,63
7575,minimum_down,63,102_STEAM_4,7575,60,63
7580,minimum_up,64,102_STEAM_4,7580,57,64
7581,minimum_down,64,102_STEAM_4,7581,61,64
7586,minimum_up,65,102_STEAM_4,7586,58,65
7587,minimum_down,65,102_STEAM_4,7587,62,65
7592,minimum_up,66,102_STEAM_4,7592,59,66
7593,minimum_down,66,102_STEAM_4,7593,63,66
7598,minimum_up,67,102_STEAM_4,7598,60,67
7599,minimum_down,67,102_STEAM_4,7599,64,67
7604,minimum_up,68,102_STEAM_4,7604,61,68
7605,minimum_down,68,102_STEAM_4,7605,65,68
7610,minimum_up,69,102_STEAM_4,7610,62,69
7611,minimum_down,69,102_STEAM_4,7611,66,69
7616,minimum_up,70,102_STEAM_4,7616,63,70
7617,minimum_down,70,102_STEAM_4,7617,67,70
7622,minimum_up,71,102_STEAM_4,7622,64,71
7623,minimum_down,71,102_STEAM_4,7623,68,71
7628,minimum_up,72,102_STEAM_4,7628,65,72
7629,minimum_down,72,102_STEAM_4,7629,69,72
7634,minimum_up,73,102_STEAM_4,7634,66,73
7635,minimum_down,73,102_STEAM_4,7635,70,73
7640,minimum_up,74,102_STEAM_4,7640,67,74
7641,minimum_down,74,102_STEAM_4,7641,71,74
7646,minimum_up,75,102_STEAM_4,7646,68,75
7647,minimum_down,75,102_STEAM_4,7647,72,75
7652,minimum_up,76,102_STEAM_4,7652,69,76
7653,minimum_down,76,102_STEAM_4,7653,73,76
7658,minimum_up,77,102_STEAM_4,7658,70,77
7659,minimum_down,77,102_STEAM_4,7659,74,77
7664,minimum_up,78,102_STEAM_4,7664,71,78
7665,minimum_down,78,102_STEAM_4,7665,75,78
7670,minimum_up,79,102_STEAM_4,7670,72,79
7671,minimum_down,79,102_STEAM_4,7671,76,79
7676,minimum_up,80,102_STEAM_4,7676,73,80
7677,minimum_down,80,102_STEAM_4,7677,77,80
7682,minimum_up,81,102_STEAM_4,7682,74,81
7683,minimum_down,81,102_STEAM_4,7683,78,81
7688,minimum_up,82,102_STEAM_4,7688,75,82
7689,minimum_down,82,102_STEAM_4,7689,79,82
7694,minimum_up,83,102_STEAM_4,7694,76,83
7695,minimum_down,83,102_STEAM_4,7695,80,83
7700,minimum_up,84,102_STEAM_4,7700,77,84
7701,minimum_down,84,102_STEAM_4,7701,81,84
7706,minimum_up,85,102_STEAM_4,7706,78,85
7707,minimum_down,85,102_STEAM_4,7707,82,85
7712,minimum_up,86,102_STEAM_4,7712,79,86
7713,minimum_down,86,102_STEAM_4,7713,83,86
7718,minimum_up,87,102_STEAM_4,7718,80,87
7719,minimum_down,87,102_STEAM_4,7719,84,87
7724,minimum_up,88,102_STEAM_4,7724,81,88
7725,minimum_down,88,102_STEAM_4,7725,85,88
7730,minimum_up,89,102_STEAM_4,7730,82,89
7731,minimum_down,89,102_STEAM_4,7731,86,89
7736,minimum_up,90,102_STEAM_4,7736,83,90
7737,minimum_down,90,102_STEAM_4,7737,87,90
7742,minimum_up,91,102_STEAM_4,7742,84,91
7743,minimum_down,91,102_STEAM_4,7743,88,91
7748,minimum_up,92,102_STEAM_4,7748,85,92
7749,minimum_down,92,102_STEAM_4,7749,89,92
7754,minimum_up,93,102_STEAM_4,7754,86,93
7755,minimum_down,93,102_STEAM_4,7755,90,93
7760,minimum_up,94,102_STEAM_4,7760,87,94
7761,minimum_down,94,102_STEAM_4,7761,91,94
7766,minimum_up,95,102_STEAM_4,7766,88,95
7767,minimum_down,95,102_STEAM_4,7767,92,95
7772,minimum_up,96,102_STEAM_4,7772,89,96
7773,minimum_down,96,102_STEAM_4,7773,93,96
7778,minimum_up,97,102_STEAM_4,7778,90,97
7779,minimum_down,97,102_STEAM_4,7779,94,97
7784,minimum_up,98,102_STEAM_4,7784,91,98
7785,minimum_down,98,102_STEAM_4,7785,95,98
7790,minimum_up,99,102_STEAM_4,7790,92,99
7791,minimum_down,99,102_STEAM_4,7791,96,99
7796,minimum_up,100,102_STEAM_4,7796,93,100
7797,minimum_down,100,102_STEAM_4,7797,97,100
7802,minimum_up,101,102_STEAM_4,7802,94,101
7803,minimum_down,101,102_STEAM_4,7803,98,101
7808,minimum_up,102,102_STEAM_4,7808,95,102
7809,minimum_down,102,102_STEAM_4,7809,99,102
7814,minimum_up,103,102_STEAM_4,7814,96,103
7815,minimum_down,103,102_STEAM_4,7815,100,103
7820,minimum_up,104,102_STEAM_4,7820,97,104
7821,minimum_down,104,102_STEAM_4,7821,101,104
7826,minimum_up,105,102_STEAM_4,7826,98,105
7827,minimum_down,105,102_STEAM_4,7827,102,105
7832,minimum_up,106,102_STEAM_4,7832,99,106
7833,minimum_down,106,102_STEAM_4,7833,103,106
7838,minimum_up,107,102_STEAM_4,7838,100,107
7839,minimum_down,107,102_STEAM_4,7839,104,107
7844,minimum_up,108,102_STEAM_4,7844,101,108
7845,minimum_down,108,102_STEAM_4,7845,105,108
7850,minimum_up,109,102_STEAM_4,7850,102,109
7851,minimum_down,109,102_STEAM_4,7851,106,109
7856,minimum_up,110,102_STEAM_4,7856,103,110
7857,minimum_down,110,102_STEAM_4,7857,107,110
7862,minimum_up,111,102_STEAM_4,7862,104,111
7863,minimum_down,111,102_STEAM_4,7863,108,111
7868,minimum_up,112,102_STEAM_4,7868,105,112
7869,minimum_down,112,102_STEAM_4,7869,109,112
7874,minimum_up,113,102_STEAM_4,7874,106,113
7875,minimum_down,113,102_STEAM_4,7875,110,113
7880,minimum_up,114,102_STEAM_4,7880,107,114
7881,minimum_down,114,102_STEAM_4,7881,111,114
7886,minimum_up,115,102_STEAM_4,7886,108,115
7887,minimum_down,115,102_STEAM_4,7887,112,115
7892,minimum_up,116,102_STEAM_4,7892,109,116
7893,minimum_down,116,102_STEAM_4,7893,113,116
7898,minimum_up,117,102_STEAM_4,7898,110,117
7899,minimum_down,117,102_STEAM_4,7899,114,117
7904,minimum_up,118,102_STEAM_4,7904,111,118
7905,minimum_down,118,102_STEAM_4,7905,115,118
7910,minimum_up,119,102_STEAM_4,7910,112,119
7911,minimum_down,119,102_STEAM_4,7911,116,119
7916,minimum_up,120,102_STEAM_4,7916,113,120
7917,minimum_down,120,102_STEAM_4,7917,117,120
7922,minimum_up,121,102_STEAM_4,7922,114,121
7923,minimum_down,121,102_STEAM_4,7923,118,121
7928,minimum_up,122,102_STEAM_4,7928,115,122
7929,minimum_down,122,102_STEAM_4,7929,119,122
7934,minimum_up,123,102_STEAM_4,7934,116,123
7935,minimum_down,123,102_STEAM_4,7935,120,123
7940,minimum_up,124,102_STEAM_4,7940,117,124
7941,minimum_down,124,102_STEAM_4,7941,121,124
7946,minimum_up,125,102_STEAM_4,7946,118,125
7947,minimum_down,125,102_STEAM_4,7947,122,125
7952,minimum_up,126,102_STEAM_4,7952,119,126
7953,minimum_down,126,102_STEAM_4,7953,123,126
7958,minimum_up,127,102_STEAM_4,7958,120,127
7959,minimum_down,127,102_STEAM_4,7959,124,127
7964,minimum_up,128,102_STEAM_4,7964,121,128
7965,minimum_down,128,102_STEAM_4,7965,125,128
7970,minimum_up,129,102_STEAM_4,7970,122,129
7971,minimum_down,129,102_STEAM_4,7971,126,129
7976,minimum_up,130,102_STEAM_4,7976,123,130
7977,minimum_down,130,102_STEAM_4,7977,127,130
7982,minimum_up,131,102_STEAM_4,7982,124,131
7983,minimum_down,131,102_STEAM_4,7983,128,131
7988,minimum_up,132,102_STEAM_4,7988,125,132
7989,minimum_down,132,102_STEAM_4,7989,129,132
7994,minimum_up,133,102_STEAM_4,7994,126,133
7995,minimum_down,133,102_STEAM_4,7995,130,133
8000,minimum_up,134,102_STEAM_4,8000,127,134
8001,minimum_down,134,102_STEAM_4,8001,131,134
8006,minimum_up,135,102_STEAM_4,8006,128,135
8007,minimum_down,135,102_STEAM_4,8007,132,135
8012,minimum_up,136,102_STEAM_4,8012,129,136
8013,minimum_down,136,102_STEAM_4,8013,133,136
8018,minimum_up,137,102_STEAM_4,8018,130,137
8019,minimum_down,137,102_STEAM_4,8019,134,137
8024,minimum_up,138,102_STEAM_4,8024,131,138
8025,minimum_down,138,102_STEAM_4,8025,135,138
8030,minimum_up,139,102_STEAM_4,8030,132,139
8031,minimum_down,139,102_STEAM_4,8031,136,139
8036,minimum_up,140,102_STEAM_4,8036,133,140
8037,minimum_down,140,102_STEAM_4,8037,137,140
8042,minimum_up,141,102_STEAM_4,8042,134,141
8043,minimum_down,141,102_STEAM_4,8043,138,141
8048,minimum_up,142,102_STEAM_4,8048,135,142
8049,minimum_down,142,102_STEAM_4,8049,139,142
8054,minimum_up,143,102_STEAM_4,8054,136,143
8055,minimum_down,143,102_STEAM_4,8055,140,143
8060,minimum_up,144,102_STEAM_4,8060,137,144
8061,minimum_down,144,102_STEAM_4,8061,141,144
8066,minimum_up,145,102_STEAM_4,8066,138,145
8067,minimum_down,145,102_STEAM_4,8067,142,145
8072,minimum_up,146,102_STEAM_4,8072,139,146
8073,minimum_down,146,102_STEAM_4,8073,143,146
8078,minimum_up,147,102_STEAM_4,8078,140,147
8079,minimum_down,147,102_STEAM_4,8079,144,147
8084,minimum_up,148,102_STEAM_4,8084,141,148
8085,minimum_down,148,102_STEAM_4,8085,145,148
8090,minimum_up,149,102_STEAM_4,8090,142,149
8091,minimum_down,149,102_STEAM_4,8091,146,149
8096,minimum_up,150,102_STEAM_4,8096,143,150
8097,minimum_down,150,102_STEAM_4,8097,147,150
8102,minimum_up,151,102_STEAM_4,8102,144,151
8103,minimum_down,151,102_STEAM_4,8103,148,151
8108,minimum_up,152,102_STEAM_4,8108,145,152
8109,minimum_down,152,102_STEAM_4,8109,149,152
8114,minimum_up,153,102_STEAM_4,8114,146,153
8115,minimum_down,153,102_STEAM_4,8115,150,153
8120,minimum_up,154,102_STEAM_4,8120,147,154
8121,minimum_down,154,102_STEAM_4,8121,151,154
8126,minimum_up,155,102_STEAM_4,8126,148,155
8127,minimum_down,155,102_STEAM_4,8127,152,155
8132,minimum_up,156,102_STEAM_4,8132,149,156
8133,minimum_down,156,102_STEAM_4,8133,153,156
8138,minimum_up,157,102_STEAM_4,8138,150,157
8139,minimum_down,157,102_STEAM_4,8139,154,157
8144,minimum_up,158,102_STEAM_4,8144,151,158
8145,minimum_down,158,102_STEAM_4,8145,155,158
8150,minimum_up,159,102_STEAM_4,8150,152,159
8151,minimum_down,159,102_STEAM_4,8151,156,159
8156,minimum_up,160,102_STEAM_4,8156,153,160
8157,minimum_down,160,102_STEAM_4,8157,157,160
8162,minimum_up,161,102_STEAM_4,8162,154,161
8163,minimum_down,161,102_STEAM_4,8163,158,161
8168,minimum_up,162,102_STEAM_4,8168,155,162
8169,minimum_down,162,102_STEAM_4,8169,159,162
8174,minimum_up,163,102_STEAM_4,8174,156,163
8175,minimum_down,163,102_STEAM_4,8175,160,163
8180,minimum_up,164,102_STEAM_4,8180,157,164
8181,minimum_down,164,102_STEAM_4,8181,161,164
8186,minimum_up,165,102_STEAM_4,8186,158,165
8187,minimum_down,165,102_STEAM_4,8187,162,165
8192,minimum_up,166,102_STEAM_4,8192,159,166
8193,minimum_down,166,102_STEAM_4,8193,163,166
8198,minimum_up,167,102_STEAM_4,8198,160,167
8199,minimum_down,167,102_STEAM_4,8199,164,167
8206,minimum_up,1,107_CC_1,8206,1,1
8207,minimum_down,1,107_CC_1,8207,1,1
8212,minimum_up,2,107_CC_1,8212,1,2
8213,minimum_down,2,107_CC_1,8213,1,2
8218,minimum_up,3,107_CC_1,8218,1,3
8219,minimum_down,3,107_CC_1,8219,1,3
8224,minimum_up,4,107_CC_1,8224,1,4
8225,minimum_down,4,107_CC_1,8225,1,4
8230,minimum_up,5,107_CC_1,8230,1,5
8231,minimum_down,5,107_CC_1,8231,1,5
8236,minimum_up,6,107_CC_1,8236,1,6
8237,minimum_down,6,107_CC_1,8237,2,6
8242,minimum_up,7,107_CC_1,8242,1,7
8243,minimum_down,7,107_CC_1,8243,3,7
8248,minimum_up,8,107_CC_1,8248,1,8
8249,minimum_down,8,107_CC_1,8249,4,8
8254,minimum_up,9,107_CC_1,8254,2,9
8255,minimum_down,9,107_CC_1,8255,5,9
8260,minimum_up,10,107_CC_1,8260,3,10
8261,minimum_down,10,107_CC_1,8261,6,10
8266,minimum_up,11,107_CC_1,8266,4,11
8267,minimum_down,11,107_CC_1,8267,7,11
8272,minimum_up,12,107_CC_1,8272,5,12
8273,minimum_down,12,107_CC_1,8273,8,12
8278,minimum_up,13,107_CC_1,8278,6,13
8279,minimum_down,13,107_CC_1,8279,9,13
8284,minimum_up,14,107_CC_1,8284,7,14
8285,minimum_down,14,107_CC_1,8285,10,14
8290,minimum_up,15,107_CC_1,8290,8,15
8291,minimum_down,15,107_CC_1,8291,11,15
8296,minimum_up,16,107_CC_1,8296,9,16
8297,minimum_down,16,107_CC_1,8297,12,16
8302,minimum_up,17,107_CC_1,8302,10,17
8303,minimum_down,17,107_CC_1,8303,13,17
8308,minimum_up,18,107_CC_1,8308,11,18
8309,minimum_down,18,107_CC_1,8309,14,18
8314,minimum_up,19,107_CC_1,8314,12,19
8315,minimum_down,19,107_CC_1,8315,15,19
8320,minimum_up,20,107_CC_1,8320,13,20
8321,minimum_down,20,107_CC_1,8321,16,20
8326,minimum_up,21,107_CC_1,8326,14,21
8327,minimum_down,21,107_CC_1,8327,17,21
8332,minimum_up,22,107_CC_1,8332,15,22
8333,minimum_down,22,107_CC_1,8333,18,22
8338,minimum_up,23,107_CC_1,8338,16,23
8339,minimum_down,23,107_CC_1,8339,19,23
8344,minimum_up,24,107_CC_1,8344,17,24
8345,minimum_down,24,107_CC_1,8345,20,24
8350,minimum_up,25,107_CC_1,8350,18,25
8351,minimum_down,25,107_CC_1,8351,21,25
8356,minimum_up,26,107_CC_1,8356,19,26
8357,minimum_down,26,107_CC_1,8357,22,26
8362,minimum_up,27,107_CC_1,8362,20,27
8363,minimum_down,27,107_CC_1,8363,23,27
8368,minimum_up,28,107_CC_1,8368,21,28
8369,minimum_down,28,107_CC_1,8369,24,28
8374,minimum_up,29,107_CC_1,8374,22,29
8375,minimum_down,29,107_CC_1,8375,25,29
8380,minimum_up,30,107_CC_1,8380,23,30
8381,minimum_down,30,107_CC_1,8381,26,30
8386,minimum_up,31,107_CC_1,8386,24,31
8387,minimum_down,31,107_CC_1,8387,27,31
8392,minimum_up,32,107_CC_1,8392,25,32
8393,minimum_down,32,107_CC_1,8393,28,32
8398,minimum_up,33,107_CC_1,8398,26,33
8399,minimum_down,33,107_CC_1,8399,29,33
8404,minimum_up,34,107_CC_1,8404,27,34
8405,minimum_down,34,107_CC_1,8405,30,34
8410,minimum_up,35,107_CC_1,8410,28,35
8411,minimum_down,35,107_CC_1,8411,31,35
8416,minimum_up,36,107_CC_1,8416,29,36
8417,minimum_down,36,107_CC_1,8417,32,36
8422,minimum_up,37,107_CC_1,8422,30,37
8423,minimum_down,37,107_CC_1,8423,33,37
8428,minimum_up,38,107_CC_1,8428,31,38
8429,minimum_down,38,107_CC_1,8429,34,38
8434,minimum_up,39,107_CC_1,8434,32,39
8435,minimum_down,39,107_CC_1,8435,35,39
8440,minimum_up,40,107_CC_1,8440,33,40
8441,minimum_down,40,107_CC_1,8441,36,40
8446,minimum_up,41,107_CC_1,8446,34,41
8447,minimum_down,41,107_CC_1,8447,37,41
8452,minimum_up,42,107_CC_1,8452,35,42
8453,minimum_down,42,107_CC_1,8453,38,42
8458,minimum_up,43,107_CC_1,8458,36,43
8459,minimum_down,43,107_CC_1,8459,39,43
8464,minimum_up,44,107_CC_1,8464,37,44
8465,minimum_down,44,107_CC_1,8465,40,44
8470,minimum_up,45,107_CC_1,8470,38,45
8471,minimum_down,45,107_CC_1,8471,41,45
8476,minimum_up,46,107_CC_1,8476,39,46
8477,minimum_down,46,107_CC_1,8477,42,46
8482,minimum_up,47,107_CC_1,8482,40,47
8483,minimum_down,47,107_CC_1,8483,43,47
8488,minimum_up,48,107_CC_1,8488,41,48
8489,minimum_down,48,107_CC_1,8489,44,48
8494,minimum_up,49,107_CC_1,8494,42,49
8495,minimum_down,49,107_CC_1,8495,45,49
8500,minimum_up,50,107_CC_1,8500,43,50
8501,minimum_down,50,107_CC_1,8501,46,50
8506,minimum_up,51,107_CC_1,8506,44,51
8507,minimum_down,51,107_CC_1,8507,47,51
8512,minimum_up,52,107_CC_1,8512,45,52
8513,minimum_down,52,107_CC_1,8513,48,52
8518,minimum_up,53,107_CC_1,8518,46,53
8519,minimum_down,53,107_CC_1,8519,49,53
8524,minimum_up,54,107_CC_1,8524,47,54
8525,minimum_down,54,107_CC_1,8525,50,54
8530,minimum_up,55,107_CC_1,8530,48,55
8531,minimum_down,55,107_CC_1,8531,51,55
8536,minimum_up,56,107_CC_1,8536,49,56
8537,minimum_down,56,107_CC_1,8537,52,56
8542,minimum_up,57,107_CC_1,8542,50,57
8543,minimum_down,57,107_CC_1,8543,53,57
8548,minimum_up,58,107_CC_1,8548,51,58
8549,minimum_down,58,107_CC_1,8549,54,58
8554,minimum_up,59,107_CC_1,8554,52,59
8555,minimum_down,59,107_CC_1,8555,55,59
8560,minimum_up,60,107_CC_1,8560,53,60
8561,minimum_down,60,107_CC_1,8561,56,60
8566,minimum_up,61,107_CC_1,8566,54,61
8567,minimum_down,61,107_CC_1,8567,57,61
8572,minimum_up,62,107_CC_1,8572,55,62
8573,minimum_down,62,107_CC_1,8573,58,62
8578,minimum_up,63,107_CC_1,8578,56,63
8579,minimum_down,63,107_CC_1,8579,59,63
8584,minimum_up,64,107_CC_1,8584,57,64
8585,minimum_down,64,107_CC_1,8585,60,64
8590,minimum_up,65,107_CC_1,8590,58,65
8591,minimum_down,65,107_CC_1,8591,61,65
8596,minimum_up,66,107_CC_1,8596,59,66
8597,minimum_down,66,107_CC_1,8597,62,66
8602,minimum_up,67,107_CC_1,8602,60,67
8603,minimum_down,67,107_CC_1,8603,63,67
8608,minimum_up,68,107_CC_1,8608,61,68
8609,minimum_down,68,107_CC_1,8609,64,68
8614,minimum_up,69,107_CC_1,8614,62,69
8615,minimum_down,69,107_CC_1,8615,65,69
8620,minimum_up,70,107_CC_1,8620,63,70
8621,minimum_down,70,107_CC_1,8621,66,70
8626,minimum_up,71,107_CC_1,8626,64,71
8627,minimum_down,71,107_CC_1,8627,67,71
8632,minimum_up,72,107_CC_1,8632,65,72
8633,minimum_down,72,107_CC_1,8633,68,72
8638,minimum_up,73,107_CC_1,8638,66,73
8639,minimum_down,73,107_CC_1,8639,69,73
8644,minimum_up,74,107_CC_1,8644,67,74
8645,minimum_down,74,107_CC_1,8645,70,74
8650,minimum_up,75,107_CC_1,8650,68,75
8651,minimum_down,75,107_CC_1,8651,71,75
8656,minimum_up,76,107_CC_1,8656,69,76
8657,minimum_down,76,107_CC_1,8657,72,76
8662,minimum_up,77,107_CC_1,8662,70,77
8663,minimum_down,77,107_CC_1,8663,73,77
8668,minimum_up,78,107_CC_1,8668,71,78
8669,minimum_down,78,107_CC_1,8669,74,78
8674,minimum_up,79,107_CC_1,8674,72,79
8675,minimum_down,79,107_CC_1,8675,75,79
8680,minimum_up,80,107_CC_1,8680,73,80
8681,minimum_down,80,107_CC_1,8681,76,80
8686,minimum_up,81,107_CC_1,8686,74,81
8687,minimum_down,81,107_CC_1,8687,77,81
8692,minimum_up,82,107_CC_1,8692,75,82
8693,minimum_down,82,107_CC_1,8693,78,82
8698,minimum_up,83,107_CC_1,8698,76,83
8699,minimum_down,83,107_CC_1,8699,79,83
8704,minimum_up,84,107_CC_1,8704,77,84
8705,minimum_down,84,107_CC_1,8705,80,84
8710,minimum_up,85,107_CC_1,8710,78,85
8711,minimum_down,85,107_CC_1,8711,81,85
8716,minimum_up,86,107_CC_1,8716,79,86
8717,minimum_down,86,107_CC_1,8717,82,86
8722,minimum_up,87,107_CC_1,8722,80,87
8723,minimum_down,87,107_CC_1,8723,83,87
8728,minimum_up,88,107_CC_1,8728,81,88
8729,minimum_down,88,107_CC_1,8729,84,88
8734,minimum_up,89,107_CC_1,8734,82,89
8735,minimum_down,89,107_CC_1,8735,85,89
8740,minimum_up,90,107_CC_1,8740,83,90
8741,minimum_down,90,107_CC_1,8741,86,90
8746,minimum_up,91,107_CC_1,8746,84,91
8747,minimum_down,91,107_CC_1,8747,87,91
8752,minimum_up,92,107_CC_1,8752,85,92
8753,minimum_down,92,107_CC_1,8753,88,92
8758,minimum_up,93,107_CC_1,8758,86,93
8759,minimum_down,93,107_CC_1,8759,89,93
8764,minimum_up,94,107_CC_1,8764,87,94
8765,minimum_down,94,107_CC_1,8765,90,94
8770,minimum_up,95,107_CC_1,8770,88,95
8771,minimum_down,95,107_CC_1,8771,91,95
8776,minimum_up,96,107_CC_1,8776,89,96
8777,minimum_down,96,107_CC_1,8777,92,96
8782,minimum_up,97,107_CC_1,8782,90,97
8783,minimum_down,97,107_CC_1,8783,93,97
8788,minimum_up,98,107_CC_1,8788,91,98
8789,minimum_down,98,107_CC_1,8789,94,98
8794,minimum_up,99,107_CC_1,8794,92,99
8795,minimum_down,99,107_CC_1,8795,95,99
8800,minimum_up,100,107_CC_1,8800,93,100
8801,minimum_down,100,107_CC_1,8801,96,100
8806,minimum_up,101,107_CC_1,8806,94,101
8807,minimum_down,101,107_CC_1,8807,97,101
8812,minimum_up,102,107_CC_1,8812,95,102
8813,minimum_down,102,107_CC_1,8813,98,102
8818,minimum_up,103,107_CC_1,8818,96,103
8819,minimum_down,103,107_CC_1,8819,99,103
8824,minimum_up,104,107_CC_1,8824,97,104
8825,minimum_down,104,107_CC_1,8825,100,104
8830,minimum_up,105,107_CC_1,8830,98,105
8831,minimum_down,105,107_CC_1,8831,101,105
8836,minimum_up,106,107_CC_1,8836,99,106
8837,minimum_down,106,107_CC_1,8837,102,106
8842,minimum_up,107,107_CC_1,8842,100,107
8843,minimum_down,107,107_CC_1,8843,103,107
8848,minimum_up,108,107_CC_1,8848,101,108
8849,minimum_down,108,107_CC_1,8849,104,108
8854,minimum_up,109,107_CC_1,8854,102,109
8855,minimum_down,109,107_CC_1,8855,105,109
8860,minimum_up,110,107_CC_1,8860,103,110
8861,minimum_down,110,107_CC_1,8861,106,110
8866,minimum_up,111,107_CC_1,8866,104,111
8867,minimum_down,111,107_CC_1,8867,107,111
8872,minimum_up,112,107_CC_1,8872,105,112
8873,minimum_down,112,107_CC_1,8873,108,112
8878,minimum_up,113,107_CC_1,8878,106,113
8879,minimum_down,113,107_CC_1,8879,109,113
8884,minimum_up,114,107_CC_1,8884,107,114
8885,minimum_down,114,107_CC_1,8885,110,114
8890,minimum_up,115,107_CC_1,8890,108,115
8891,minimum_down,115,107_CC_1,8891,111,115
8896,minimum_up,116,107_CC_1,8896,109,116
8897,minimum_down,116,107_CC_1,8897,112,116
8902,minimum_up,117,107_CC_1,8902,110,117
8903,minimum_down,117,107_CC_1,8903,113,117
8908,minimum_up,118,107_CC_1,8908,111,118
8909,minimum_down,118,107_CC_1,8909,114,118
8914,minimum_up,119,107_CC_1,8914,112,119
8915,minimum_down,119,107_CC_1,8915,115,119
8920,minimum_up,120,107_CC_1,8920,113,120
8921,minimum_down,120,107_CC_1,8921,116,120
8926,minimum_up,121,107_CC_1,8926,114,121
8927,minimum_down,121,107_CC_1,8927,117,121
8932,minimum_up,122,107_CC_1,8932,115,122
8933,minimum_down,122,107_CC_1,8933,118,122
8938,minimum_up,123,107_CC_1,8938,116,123
8939,minimum_down,123,107_CC_1,8939,119,123
8944,minimum_up,124,107_CC_1,8944,117,124
8945,minimum_down,124,107_CC_1,8945,120,124
8950,minimum_up,125,107_CC_1,8950,118,125
8951,minimum_down,125,107_CC_1,8951,121,125
8956,minimum_up,126,107_CC_1,8956,119,126
8957,minimum_down,126,107_CC_1,8957,122,126
8962,minimum_up,127,107_CC_1,8962,120,127
8963,minimum_down,127,107_CC_1,8963,123,127
8968,minimum_up,128,107_CC_1,8968,121,128
8969,minimum_down,128,107_CC_1,8969,124,128
8974,minimum_up,129,107_CC_1,8974,122,129
8975,minimum_down,129,107_CC_1,8975,125,129
8980,minimum_up,130,107_CC_1,8980,123,130
8981,minimum_down,130,107_CC_1,8981,126,130
8986,minimum_up,131,107_CC_1,8986,124,131
8987,minimum_down,131,107_CC_1,8987,127,131
8992,minimum_up,132,107_CC_1,8992,125,132
8993,minimum_down,132,107_CC_1,8993,128,132
8998,minimum_up,133,107_CC_1,8998,126,133
8999,minimum_down,133,107_CC_1,8999,129,133
9004,minimum_up,134,107_CC_1,9004,127,134
9005,minimum_down,134,107_CC_1,9005,130,134
9010,minimum_up,135,107_CC_1,9010,128,135
9011,minimum_down,135,107_CC_1,9011,131,135
9016,minimum_up,136,107_CC_1,9016,129,136
9017,minimum_down,136,107_CC_1,9017,132,136
9022,minimum_up,137,107_CC_1,9022,130,137
9023,minimum_down,137,107_CC_1,9023,133,137
9028,minimum_up,138,107_CC_1,9028,131,138
9029,minimum_down,138,107_CC_1,9029,134,138
9034,minimum_up,139,107_CC_1,9034,132,139
9035,minimum_down,139,107_CC_1,9035,135,139
9040,minimum_up,140,107_CC_1,9040,133,140
9041,minimum_down,140,107_CC_1,9041,136,140
9046,minimum_up,141,107_CC_1,9046,134,141
9047,minimum_down,141,107_CC_1,9047,137,141
9052,minimum_up,142,107_CC_1,9052,135,142
9053,minimum_down,142,107_CC_1,9053,138,142
9058,minimum_up,143,107_CC_1,9058,136,143
9059,minimum_down,143,107_CC_1,9059,139,143
9064,minimum_up,144,107_CC_1,9064,137,144
9065,minimum_down,144,107_CC_1,9065,140,144
9070,minimum_up,145,107_CC_1,9070,138,145
9071,minimum_down,145,107_CC_1,9071,141,145
9076,minimum_up,146,107_CC_1,9076,139,146
9077,minimum_down,146,107_CC_1,9077,142,146
9082,minimum_up,147,107_CC_1,9082,140,147
9083,minimum_down,147,107_CC_1,9083,143,147
9088,minimum_up,148,107_CC_1,9088,141,148
9089,minimum_down,148,107_CC_1,9089,144,148
9094,minimum_up,149,107_CC_1,9094,142,149
9095,minimum_down,149,107_CC_1,9095,145,149
9100,minimum_up,150,107_CC_1,9100,143,150
9101,minimum_down,150,107_CC_1,9101,146,150
9106,minimum_up,151,107_CC_1,9106,144,151
9107,minimum_down,151,107_CC_1,9107,147,151
9112,minimum_up,152,107_CC_1,9112,145,152
9113,minimum_down,152,107_CC_1,9113,148,152
9118,minimum_up,153,107_CC_1,9118,146,153
9119,minimum_down,153,107_CC_1,9119,149,153
9124,minimum_up,154,107_CC_1,9124,147,154
9125,minimum_down,154,107_CC_1,9125,150,154
9130,minimum_up,155,107_CC_1,9130,148,155
9131,minimum_down,155,107_CC_1,9131,151,155
9136,minimum_up,156,107_CC_1,9136,149,156
9137,minimum_down,156,107_CC_1,9137,152,156
9142,minimum_up,157,107_CC_1,9142,150,157
9143,minimum_down,157,107_CC_1,9143,153,157
9148,minimum_up,158,107_CC_1,9148,151,158
9149,minimum_down,158,107_CC_1,9149,154,158
9154,minimum_up,159,107_CC_1,9154,152,159
9155,minimum_down,159,107_CC_1,9155,155,159
9160,minimum_up,160,107_CC_1,9160,153,160
9161,minimum_down,160,107_CC_1,9161,156,160
9166,minimum_up,161,107_CC_1,9166,154,161
9167,minimum_down,161,107_CC_1,9167,157,161
9172,minimum_up,162,107_CC_1,9172,155,162
9173,minimum_down,162,107_CC_1,9173,158,162
9178,minimum_up,163,107_CC_1,9178,156,163
9179,minimum_down,163,107_CC_1,9179,159,163
9184,minimum_up,164,107_CC_1,9184,157,164
9185,minimum_down,164,107_CC_1,9185,160,164
9190,minimum_up,165,107_CC_1,9190,158,165
9191,minimum_down,165,107_CC_1,9191,161,165
9196,minimum_up,166,107_CC_1,9196,159,166
9197,minimum_down,166,107_CC_1,9197,162,166
9202,minimum_up,167,107_CC_1,9202,160,167
9203,minimum_down,167,107_CC_1,9203,163,167
9210,minimum_up,1,113_CT_1,9210,1,1
9211,minimum_down,1,113_CT_1,9211,1,1
9216,minimum_up,2,113_CT_1,9216,1,2
9217,minimum_down,2,113_CT_1,9217,1,2
9222,minimum_up,3,113_CT_1,9222,1,3
9223,minimum_down,3,113_CT_1,9223,1,3
9228,minimum_up,4,113_CT_1,9228,2,4
9229,minimum_down,4,113_CT_1,9229,2,4
9234,minimum_up,5,113_CT_1,9234,3,5
9235,minimum_down,5,113_CT_1,9235,3,5
9240,minimum_up,6,113_CT_1,9240,4,6
9241,minimum_down,6,113_CT_1,9241,4,6
9246,minimum_up,7,113_CT_1,9246,5,7
9247,minimum_down,7,113_CT_1,9247,5,7
9252,minimum_up,8,113_CT_1,9252,6,8
9253,minimum_down,8,113_CT_1,9253,6,8
9258,minimum_up,9,113_CT_1,9258,7,9
9259,minimum_down,9,113_CT_1,9259,7,9
9264,minimum_up,10,113_CT_1,9264,8,10
9265,minimum_down,10,113_CT_1,9265,8,10
9270,minimum_up,11,113_CT_1,9270,9,11
9271,minimum_down,11,113_CT_1,9271,9,11
9276,minimum_up,12,113_CT_1,9276,10,12
9277,minimum_down,12,113_CT_1,9277,10,12
9282,minimum_up,13,113_CT_1,9282,11,13
9283,minimum_down,13,113_CT_1,9283,11,13
9288,minimum_up,14,113_CT_1,9288,12,14
9289,minimum_down,14,113_CT_1,9289,12,14
9294,minimum_up,15,113_CT_1,9294,13,15
9295,minimum_down,15,113_CT_1,9295,13,15
9300,minimum_up,16,113_CT_1,9300,14,16
9301,minimum_down,16,113_CT_1,9301,14,16
9306,minimum_up,17,113_CT_1,9306,15,17
9307,minimum_down,17,113_CT_1,9307,15,17
9312,minimum_up,18,113_CT_1,9312,16,18
9313,minimum_down,18,113_CT_1,9313,16,18
9318,minimum_up,19,113_CT_1,9318,17,19
9319,minimum_down,19,113_CT_1,9319,17,19
9324,minimum_up,20,113_CT_1,9324,18,20
9325,minimum_down,20,113_CT_1,9325,18,20
9330,minimum_up,21,113_CT_1,9330,19,21
9331,minimum_down,21,113_CT_1,9331,19,21
9336,minimum_up,22,113_CT_1,9336,20,22
9337,minimum_down,22,113_CT_1,9337,20,22
9342,minimum_up,23,113_CT_1,9342,21,23
9343,minimum_down,23,113_CT_1,9343,21,23
9348,minimum_up,24,113_CT_1,9348,22,24
9349,minimum_down,24,113_CT_1,9349,22,24
9354,minimum_up,25,113_CT_1,9354,23,25
9355,minimum_down,25,113_CT_1,9355,23,25
9360,minimum_up,26,113_CT_1,9360,24,26
9361,minimum_down,26,113_CT_1,9361,24,26
9366,minimum_up,27,113_CT_1,9366,25,27
9367,minimum_down,27,113_CT_1,9367,25,27
9372,minimum_up,28,113_CT_1,9372,26,28
9373,minimum_down,28,113_CT_1,9373,26,28
9378,minimum_up,29,113_CT_1,9378,27,29
9379,minimum_down,29,113_CT_1,9379,27,29
9384,minimum_up,30,113_CT_1,9384,28,30
9385,minimum_down,30,113_CT_1,9385,28,30
9390,minimum_up,31,113_CT_1,9390,29,31
9391,minimum_down,31,113_CT_1,9391,29,31
9396,minimum_up,32,113_CT_1,9396,30,32
9397,minimum_down,32,113_CT_1,9397,30,32
9402,minimum_up,33,113_CT_1,9402,31,33
9403,minimum_down,33,113_CT_1,9403,31,33
9408,minimum_up,34,113_CT_1,9408,32,34
9409,minimum_down,34,113_CT_1,9409,32,34
9414,minimum_up,35,113_CT_1,9414,33,35
9415,minimum_down,35,113_CT_1,9415,33,35
9420,minimum_up,36,113_CT_1,9420,34,36
9421,minimum_down,36,113_CT_1,9421,34,36
9426,minimum_up,37,113_CT_1,9426,35,37
9427,minimum_down,37,113_CT_1,9427,35,37
9432,minimum_up,38,113_CT_1,9432,36,38
9433,minimum_down,38,113_CT_1,9433,36,38
9438,minimum_up,39,113_CT_1,9438,37,39
9439,minimum_down,39,113_CT_1,9439,37,39
9444,minimum_up,40,113_CT_1,9444,38,40
9445,minimum_down,40,113_CT_1,9445,38,40
9450,minimum_up,41,113_CT_1,9450,39,41
9451,minimum_down,41,113_CT_1,9451,39,41
9456,minimum_up,42,113_CT_1,9456,40,42
9457,minimum_down,42,113_CT_1,9457,40,42
9462,minimum_up,43,113_CT_1,9462,41,43
9463,minimum_down,43,113_CT_1,9463,41,43
9468,minimum_up,44,113_CT_1,9468,42,44
9469,minimum_down,44,113_CT_1,9469,42,44
9474,minimum_up,45,113_CT_1,9474,43,45
9475,minimum_down,45,113_CT_1,9475,43,45
9480,minimum_up,46,113_CT_1,9480,44,46
9481,minimum_down,46,113_CT_1,9481,44,46
9486,minimum_up,47,113_CT_1,9486,45,47
9487,minimum_down,47,113_CT_1,9487,45,47
9492,minimum_up,48,113_CT_1,9492,46,48
9493,minimum_down,48,113_CT_1,9493,46,48
9498,minimum_up,49,113_CT_1,9498,47,49
9499,minimum_down,49,113_CT_1,9499,47,49
9504,minimum_up,50,113_CT_1,9504,48,50
9505,minimum_down,50,113_CT_1,9505,48,50
9510,minimum_up,51,113_CT_1,9510,49,51
9511,minimum_down,51,113_CT_1,9511,49,51
9516,minimum_up,52,113_CT_1,9516,50,52
9517,minimum_down,52,113_CT_1,9517,50,52
9522,minimum_up,53,113_CT_1,9522,51,53
9523,minimum_down,53,113_CT_1,9523,51,53
9528,minimum_up,54,113_CT_1,9528,52,54
9529,minimum_down,54,113_CT_1,9529,52,54
9534,minimum_up,55,113_CT_1,9534,53,55
9535,minimum_down,55,113_CT_1,9535,53,55
9540,minimum_up,56,113_CT_1,9540,54,56
9541,minimum_down,56,113_CT_1,9541,54,56
9546,minimum_up,57,113_CT_1,9546,55,57
9547,minimum_down,57,113_CT_1,9547,55,57
9552,minimum_up,58,113_CT_1,9552,56,58
9553,minimum_down,58,113_CT_1,9553,56,58
9558,minimum_up,59,113_CT_1,9558,57,59
9559,minimum_down,59,113_CT_1,9559,57,59
9564,minimum_up,60,113_CT_1,9564,58,60
9565,minimum_down,60,113_CT_1,9565,58,60
9570,minimum_up,61,113_CT_1,9570,59,61
9571,minimum_down,61,113_CT_1,9571,59,61
9576,minimum_up,62,113_CT_1,9576,60,62
9577,minimum_down,62,113_CT_1,9577,60,62
9582,minimum_up,63,113_CT_1,9582,61,63
9583,minimum_down,63,113_CT_1,9583,61,63
9588,minimum_up,64,113_CT_1,9588,62,64
9589,minimum_down,64,113_CT_1,9589,62,64
9594,minimum_up,65,113_CT_1,9594,63,65
9595,minimum_down,65,113_CT_1,9595,63,65
9600,minimum_up,66,113_CT_1,9600,64,66
9601,minimum_down,66,113_CT_1,9601,64,66
9606,minimum_up,67,113_CT_1,9606,65,67
9607,minimum_down,67,113_CT_1,9607,65,67
9612,minimum_up,68,113_CT_1,9612,66,68
9613,minimum_down,68,113_CT_1,9613,66,68
9618,minimum_up,69,113_CT_1,9618,67,69
9619,minimum_down,69,113_CT_1,9619,67,69
9624,minimum_up,70,113_CT_1,9624,68,70
9625,minimum_down,70,113_CT_1,9625,68,70
9630,minimum_up,71,113_CT_1,9630,69,71
9631,minimum_down,71,113_CT_1,9631,69,71
9636,minimum_up,72,113_CT_1,9636,70,72
9637,minimum_down,72,113_CT_1,9637,70,72
9642,minimum_up,73,113_CT_1,9642,71,73
9643,minimum_down,73,113_CT_1,9643,71,73
9648,minimum_up,74,113_CT_1,9648,72,74
9649,minimum_down,74,113_CT_1,9649,72,74
9654,minimum_up,75,113_CT_1,9654,73,75
9655,minimum_down,75,113_CT_1,9655,73,75
9660,minimum_up,76,113_CT_1,9660,74,76
9661,minimum_down,76,113_CT_1,9661,74,76
9666,minimum_up,77,113_CT_1,9666,75,77
9667,minimum_down,77,113_CT_1,9667,75,77
9672,minimum_up,78,113_CT_1,9672,76,78
9673,minimum_down,78,113_CT_1,9673,76,78
9678,minimum_up,79,113_CT_1,9678,77,79
9679,minimum_down,79,113_CT_1,9679,77,79
9684,minimum_up,80,113_CT_1,9684,78,80
9685,minimum_down,80,113_CT_1,9685,78,80
9690,minimum_up,81,113_CT_1,9690,79,81
9691,minimum_down,81,113_CT_1,9691,79,81
9696,minimum_up,82,113_CT_1,9696,80,82
9697,minimum_down,82,113_CT_1,9697,80,82
9702,minimum_up,83,113_CT_1,9702,81,83
9703,minimum_down,83,113_CT_1,9703,81,83
9708,minimum_up,84,113_CT_1,9708,82,84
9709,minimum_down,84,113_CT_1,9709,82,84
9714,minimum_up,85,113_CT_1,9714,83,85
9715,minimum_down,85,113_CT_1,9715,83,85
9720,minimum_up,86,113_CT_1,9720,84,86
9721,minimum_down,86,113_CT_1,9721,84,86
9726,minimum_up,87,113_CT_1,9726,85,87
9727,minimum_down,87,113_CT_1,9727,85,87
9732,minimum_up,88,113_CT_1,9732,86,88
9733,minimum_down,88,113_CT_1,9733,86,88
9738,minimum_up,89,113_CT_1,9738,87,89
9739,minimum_down,89,113_CT_1,9739,87,89
9744,minimum_up,90,113_CT_1,9744,88,90
9745,minimum_down,90,113_CT_1,9745,88,90
9750,minimum_up,91,113_CT_1,9750,89,91
9751,minimum_down,91,113_CT_1,9751,89,91
9756,minimum_up,92,113_CT_1,9756,90,92
9757,minimum_down,92,113_CT_1,9757,90,92
9762,minimum_up,93,113_CT_1,9762,91,93
9763,minimum_down,93,113_CT_1,9763,91,93
9768,minimum_up,94,113_CT_1,9768,92,94
9769,minimum_down,94,113_CT_1,9769,92,94
9774,minimum_up,95,113_CT_1,9774,93,95
9775,minimum_down,95,113_CT_1,9775,93,95
9780,minimum_up,96,113_CT_1,9780,94,96
9781,minimum_down,96,113_CT_1,9781,94,96
9786,minimum_up,97,113_CT_1,9786,95,97
9787,minimum_down,97,113_CT_1,9787,95,97
9792,minimum_up,98,113_CT_1,9792,96,98
9793,minimum_down,98,113_CT_1,9793,96,98
9798,minimum_up,99,113_CT_1,9798,97,99
9799,minimum_down,99,113_CT_1,9799,97,99
9804,minimum_up,100,113_CT_1,9804,98,100
9805,minimum_down,100,113_CT_1,9805,98,100
9810,minimum_up,101,113_CT_1,9810,99,101
9811,minimum_down,101,113_CT_1,9811,99,101
9816,minimum_up,102,113_CT_1,9816,100,102
9817,minimum_down,102,113_CT_1,9817,100,102
9822,minimum_up,103,113_CT_1,9822,101,103
9823,minimum_down,103,113_CT_1,9823,101,103
9828,minimum_up,104,113_CT_1,9828,102,104
9829,minimum_down,104,113_CT_1,9829,102,104
9834,minimum_up,105,113_CT_1,9834,103,105
9835,minimum_down,105,113_CT_1,9835,103,105
9840,minimum_up,106,113_CT_1,9840,104,106
9841,minimum_down,106,113_CT_1,9841,104,106
9846,minimum_up,107,113_CT_1,9846,105,107
9847,minimum_down,107,113_CT_1,9847,105,107
9852,minimum_up,108,113_CT_1,9852,106,108
9853,minimum_down,108,113_CT_1,9853,106,108
9858,minimum_up,109,113_CT_1,9858,107,109
9859,minimum_down,109,113_CT_1,9859,107,109
9864,minimum_up,110,113_CT_1,9864,108,110
9865,minimum_down,110,113_CT_1,9865,108,110
9870,minimum_up,111,113_CT_1,9870,109,111
9871,minimum_down,111,113_CT_1,9871,109,111
9876,minimum_up,112,113_CT_1,9876,110,112
9877,minimum_down,112,113_CT_1,9877,110,112
9882,minimum_up,113,113_CT_1,9882,111,113
9883,minimum_down,113,113_CT_1,9883,111,113
9888,minimum_up,114,113_CT_1,9888,112,114
9889,minimum_down,114,113_CT_1,9889,112,114
9894,minimum_up,115,113_CT_1,9894,113,115
9895,minimum_down,115,113_CT_1,9895,113,115
9900,minimum_up,116,113_CT_1,9900,114,116
9901,minimum_down,116,113_CT_1,9901,114,116
9906,minimum_up,117,113_CT_1,9906,115,117
9907,minimum_down,117,113_CT_1,9907,115,117
9912,minimum_up,118,113_CT_1,9912,116,118
9913,minimum_down,118,113_CT_1,9913,116,118
9918,minimum_up,119,113_CT_1,9918,117,119
9919,minimum_down,119,113_CT_1,9919,117,119
9924,minimum_up,120,113_CT_1,9924,118,120
9925,minimum_down,120,113_CT_1,9925,118,120
9930,minimum_up,121,113_CT_1,9930,119,121
9931,minimum_down,121,113_CT_1,9931,119,121
9936,minimum_up,122,113_CT_1,9936,120,122
9937,minimum_down,122,113_CT_1,9937,120,122
9942,minimum_up,123,113_CT_1,9942,121,123
9943,minimum_down,123,113_CT_1,9943,121,123
9948,minimum_up,124,113_CT_1,9948,122,124
9949,minimum_down,124,113_CT_1,9949,122,124
9954,minimum_up,125,113_CT_1,9954,123,125
9955,minimum_down,125,113_CT_1,9955,123,125
9960,minimum_up,126,113_CT_1,9960,124,126
9961,minimum_down,126,113_CT_1,9961,124,126
9966,minimum_up,127,113_CT_1,9966,125,127
9967,minimum_down,127,113_CT_1,9967,125,127
9972,minimum_up,128,113_CT_1,9972,126,128
9973,minimum_down,128,113_CT_1,9973,126,128
9978,minimum_up,129,113_CT_1,9978,127,129
9979,minimum_down,129,113_CT_1,9979,127,129
9984,minimum_up,130,113_CT_1,9984,128,130
9985,minimum_down,130,113_CT_1,9985,128,130
9990,minimum_up,131,113_CT_1,9990,129,131
9991,minimum_down,131,113_CT_1,9991,129,131
9996,minimum_up,132,113_CT_1,9996,130,132
9997,minimum_down,132,113_CT_1,9997,130,132
10002,minimum_up,133,113_CT_1,10002,131,133
10003,minimum_down,133,113_CT_1,10003,131,133
10008,minimum_up,134,113_CT_1,10008,132,134
10009,minimum_down,134,113_CT_1,10009,132,134
10014,minimum_up,135,113_CT_1,10014,133,135
10015,minimum_down,135,113_CT_1,10015,133,135
10020,minimum_up,136,113_CT_1,10020,134,136
10021,minimum_down,136,113_CT_1,10021,134,136
10026,minimum_up,137,113_CT_1,10026,135,137
10027,minimum_down,137,113_CT_1,10027,135,137
10032,minimum_up,138,113_CT_1,10032,136,138
10033,minimum_down,138,113_CT_1,10033,136,138
10038,minimum_up,139,113_CT_1,10038,137,139
10039,minimum_down,139,113_CT_1,10039,137,139
10044,minimum_up,140,113_CT_1,10044,138,140
10045,minimum_down,140,113_CT_1,10045,138,140
10050,minimum_up,141,113_CT_1,10050,139,141
10051,minimum_down,141,113_CT_1,10051,139,141
10056,minimum_up,142,113_CT_1,10056,140,142
10057,minimum_down,142,113_CT_1,10057,140,142
10062,minimum_up,143,113_CT_1,10062,141,143
10063,minimum_down,143,113_CT_1,10063,141,143
10068,minimum_up,144,113_CT_1,10068,142,144
10069,minimum_down,144,113_CT_1,10069,142,144
10074,minimum_up,145,113_CT_1,10074,143,145
10075,minimum_down,145,113_CT_1,10075,143,145
10080,minimum_up,146,113_CT_1,10080,144,146
10081,minimum_down,146,113_CT_1,10081,144,146
10086,minimum_up,147,113_CT_1,10086,145,147
10087,minimum_down,147,113_CT_1,10087,145,147
10092,minimum_up,148,113_CT_1,10092,146,148
10093,minimum_down,148,113_CT_1,10093,146,148
10098,minimum_up,149,113_CT_1,10098,147,149
10099,minimum_down,149,113_CT_1,10099,147,149
10104,minimum_up,150,113_CT_1,10104,148,150
10105,minimum_down,150,113_CT_1,10105,148,150
10110,minimum_up,151,113_CT_1,10110,149,151
10111,minimum_down,151,113_CT_1,10111,149,151
10116,minimum_up,152,113_CT_1,10116,150,152
10117,minimum_down,152,113_CT_1,10117,150,152
10122,minimum_up,153,113_CT_1,10122,151,153
10123,minimum_down,153,113_CT_1,10123,151,153
10128,minimum_up,154,113_CT_1,10128,152,154
10129,minimum_down,154,113_CT_1,10129,152,154
10134,minimum_up,155,113_CT_1,10134,153,155
10135,minimum_down,155,113_CT_1,10135,153,155
10140,minimum_up,156,113_CT_1,10140,154,156
10141,minimum_down,156,113_CT_1,10141,154,156
10146,minimum_up,157,113_CT_1,10146,155,157
10147,minimum_down,157,113_CT_1,10147,155,157
10152,minimum_up,158,113_CT_1,10152,156,158
10153,minimum_down,158,113_CT_1,10153,156,158
10158,minimum_up,159,113_CT_1,10158,157,159
10159,minimum_down,159,113_CT_1,10159,157,159
10164,minimum_up,160,113_CT_1,10164,158,160
10165,minimum_down,160,113_CT_1,10165,158,160
10170,minimum_up,161,113_CT_1,10170,159,161
10171,minimum_down,161,113_CT_1,10171,159,161
10176,minimum_up,162,113_CT_1,10176,160,162
10177,minimum_down,162,113_CT_1,10177,160,162
10182,minimum_up,163,113_CT_1,10182,161,163
10183,minimum_down,163,113_CT_1,10183,161,163
10188,minimum_up,164,113_CT_1,10188,162,164
10189,minimum_down,164,113_CT_1,10189,162,164
10194,minimum_up,165,113_CT_1,10194,163,165
10195,minimum_down,165,113_CT_1,10195,163,165
10200,minimum_up,166,113_CT_1,10200,164,166
10201,minimum_down,166,113_CT_1,10201,164,166
10206,minimum_up,167,113_CT_1,10206,165,167
10207,minimum_down,167,113_CT_1,10207,165,167
10214,minimum_up,1,113_CT_2,10214,1,1
10215,minimum_down,1,113_CT_2,10215,1,1
10220,minimum_up,2,113_CT_2,10220,1,2
10221,minimum_down,2,113_CT_2,10221,1,2
10226,minimum_up,3,113_CT_2,10226,1,3
10227,minimum_down,3,113_CT_2,10227,1,3
10232,minimum_up,4,113_CT_2,10232,2,4
10233,minimum_down,4,113_CT_2,10233,2,4
10238,minimum_up,5,113_CT_2,10238,3,5
10239,minimum_down,5,113_CT_2,10239,3,5
10244,minimum_up,6,113_CT_2,10244,4,6
10245,minimum_down,6,113_CT_2,10245,4,6
10250,minimum_up,7,113_CT_2,10250,5,7
10251,minimum_down,7,113_CT_2,10251,5,7
10256,minimum_up,8,113_CT_2,10256,6,8
10257,minimum_down,8,113_CT_2,10257,6,8
10262,minimum_up,9,113_CT_2,10262,7,9
10263,minimum_down,9,113_CT_2,10263,7,9
10268,minimum_up,10,113_CT_2,10268,8,10
10269,minimum_down,10,113_CT_2,10269,8,10
10274,minimum_up,11,113_CT_2,10274,9,11
10275,minimum_down,11,113_CT_2,10275,9,11
10280,minimum_up,12,113_CT_2,10280,10,12
10281,minimum_down,12,113_CT_2,10281,10,12
10286,minimum_up,13,113_CT_2,10286,11,13
10287,minimum_down,13,113_CT_2,10287,11,13
10292,minimum_up,14,113_CT_2,10292,12,14
10293,minimum_down,14,113_CT_2,10293,12,14
10298,minimum_up,15,113_CT_2,10298,13,15
10299,minimum_down,15,113_CT_2,10299,13,15
10304,minimum_up,16,113_CT_2,10304,14,16
10305,minimum_down,16,113_CT_2,10305,14,16
10310,minimum_up,17,113_CT_2,10310,15,17
10311,minimum_down,17,113_CT_2,10311,15,17
10316,minimum_up,18,113_CT_2,10316,16,18
10317,minimum_down,18,113_CT_2,10317,16,18
10322,minimum_up,19,113_CT_2,10322,17,19
10323,minimum_down,19,113_CT_2,10323,17,19
10328,minimum_up,20,113_CT_2,10328,18,20
10329,minimum_down,20,113_CT_2,10329,18,20
10334,minimum_up,21,113_CT_2,10334,19,21
10335,minimum_down,21,113_CT_2,10335,19,21
10340,minimum_up,22,113_CT_2,10340,20,22
10341,minimum_down,22,113_CT_2,10341,20,22
10346,minimum_up,23,113_CT_2,10346,21,23
10347,minimum_down,23,113_CT_2,10347,21,23
10352,minimum_up,24,113_CT_2,10352,22,24
10353,minimum_down,24,113_CT_2,10353,22,24
10358,minimum_up,25,113_CT_2,10358,23,25
10359,minimum_down,25,113_CT_2,10359,23,25
10364,minimum_up,26,113_CT_2,10364,24,26
10365,minimum_down,26,113_CT_2,10365,24,26
10370,minimum_up,27,113_CT_2,10370,25,27
10371,minimum_down,27,113_CT_2,10371,25,27
10376,minimum_up,28,113_CT_2,10376,26,28
10377,minimum_down,28,113_CT_2,10377,26,28
10382,minimum_up,29,113_CT_2,10382,27,29
10383,minimum_down,29,113_CT_2,10383,27,29
10388,minimum_up,30,113_CT_2,10388,28,30
10389,minimum_down,30,113_CT_2,10389,28,30
10394,minimum_up,31,113_CT_2,10394,29,31
10395,minimum_down,31,113_CT_2,10395,29,31
10400,minimum_up,32,113_CT_2,10400,30,32
10401,minimum_down,32,113_CT_2,10401,30,32
10406,minimum_up,33,113_CT_2,10406,31,33
10407,minimum_down,33,113_CT_2,10407,31,33
10412,minimum_up,34,113_CT_2,10412,32,34
10413,minimum_down,34,113_CT_2,10413,32,34
10418,minimum_up,35,113_CT_2,10418,33,35
10419,minimum_down,35,113_CT_2,10419,33,35
10424,minimum_up,36,113_CT_2,10424,34,36
10425,minimum_down,36,113_CT_2,10425,34,36
10430,minimum_up,37,113_CT_2,10430,35,37
10431,minimum_down,37,113_CT_2,10431,35,37
10436,minimum_up,38,113_CT_2,10436,36,38
10437,minimum_down,38,113_CT_2,10437,36,38
10442,minimum_up,39,113_CT_2,10442,37,39
10443,minimum_down,39,113_CT_2,10443,37,39
10448,minimum_up,40,113_CT_2,10448,38,40
10449,minimum_down,40,113_CT_2,10449,38,40
10454,minimum_up,41,113_CT_2,10454,39,41
10455,minimum_down,41,113_CT_2,10455,39,41
10460,minimum_up,42,113_CT_2,10460,40,42
10461,minimum_down,42,113_CT_2,10461,40,42
10466,minimum_up,43,113_CT_2,10466,41,43
10467,minimum_down,43,113_CT_2,10467,41,43
10472,minimum_up,44,113_CT_2,10472,42,44
10473,minimum_down,44,113_CT_2,10473,42,44
10478,minimum_up,45,113_CT_2,10478,43,45
10479,minimum_down,45,113_CT_2,10479,43,45
10484,minimum_up,46,113_CT_2,10484,44,46
10485,minimum_down,46,113_CT_2,10485,44,46
10490,minimum_up,47,113_CT_2,10490,45,47
10491,minimum_down,47,113_CT_2,10491,45,47
10496,minimum_up,48,113_CT_2,10496,46,48
10497,minimum_down,48,113_CT_2,10497,46,48
10502,minimum_up,49,113_CT_2,10502,47,49
10503,minimum_down,49,113_CT_2,10503,47,49
10508,minimum_up,50,113_CT_2,10508,48,50
10509,minimum_down,50,113_CT_2,10509,48,50
10514,minimum_up,51,113_CT_2,10514,49,51
10515,minimum_down,51,113_CT_2,10515,49,51
10520,minimum_up,52,113_CT_2,10520,50,52
10521,minimum_down,52,113_CT_2,10521,50,52
10526,minimum_up,53,113_CT_2,10526,51,53
10527,minimum_down,53,113_CT_2,10527,51,53
10532,minimum_up,54,113_CT_2,10532,52,54
10533,minimum_down,54,113_CT_2,10533,52,54
10538,minimum_up,55,113_CT_2,10538,53,55
10539,minimum_down,55,113_CT_2,10539,53,55
10544,minimum_up,56,113_CT_2,10544,54,56
10545,minimum_down,56,113_CT_2,10545,54,56
10550,minimum_up,57,113_CT_2,10550,55,57
10551,minimum_down,57,113_CT_2,10551,55,57
10556,minimum_up,58,113_CT_2,10556,56,58
10557,minimum_down,58,113_CT_2,10557,56,58
10562,minimum_up,59,113_CT_2,10562,57,59
10563,minimum_down,59,113_CT_2,10563,57,59
10568,minimum_up,60,113_CT_2,10568,58,60
10569,minimum_down,60,113_CT_2,10569,58,60
10574,minimum_up,61,113_CT_2,10574,59,61
10575,minimum_down,61,113_CT_2,10575,59,61
10580,minimum_up,62,113_CT_2,10580,60,62
10581,minimum_down,62,113_CT_2,10581,60,62
10586,minimum_up,63,113_CT_2,10586,61,63
10587,minimum_down,63,113_CT_2,10587,61,63
10592,minimum_up,64,113_CT_2,10592,62,64
10593,minimum_down,64,113_CT_2,10593,62,64
10598,minimum_up,65,113_CT_2,10598,63,65
10599,minimum_down,65,113_CT_2,10599,63,65
10604,minimum_up,66,113_CT_2,10604,64,66
10605,minimum_down,66,113_CT_2,10605,64,66
10610,minimum_up,67,113_CT_2,10610,65,67
10611,minimum_down,67,113_CT_2,10611,65,67
10616,minimum_up,68,113_CT_2,10616,66,68
10617,minimum_down,68,113_CT_2,10617,66,68
10622,minimum_up,69,113_CT_2,10622,67,69
10623,minimum_down,69,113_CT_2,10623,67,69
10628,minimum_up,70,113_CT_2,10628,68,70
10629,minimum_down,70,113_CT_2,10629,68,70
10634,minimum_up,71,113_CT_2,10634,69,71
10635,minimum_down,71,113_CT_2,10635,69,71
10640,minimum_up,72,113_CT_2,10640,70,72
10641,minimum_down,72,113_CT_2,10641,70,72
10646,minimum_up,73,113_CT_2,10646,71,73
10647,minimum_down,73,113_CT_2,10647,71,73
10652,minimum_up,74,113_CT_2,10652,72,74
10653,minimum_down,74,113_CT_2,10653,72,74
10658,minimum_up,75,113_CT_2,10658,73,75
10659,minimum_down,75,113_CT_2,10659,73,75
10664,minimum_up,76,113_CT_2,10664,74,76
10665,minimum_down,76,113_CT_2,10665,74,76
10670,minimum_up,77,113_CT_2,10670,75,77
10671,minimum_down,77,113_CT_2,10671,75,77
10676,minimum_up,78,113_CT_2,10676,76,78
10677,minimum_down,78,113_CT_2,10677,76,78
10682,minimum_up,79,113_CT_2,10682,77,79
10683,minimum_down,79,113_CT_2,10683,77,79
10688,minimum_up,80,113_CT_2,10688,78,80
10689,minimum_down,80,113_CT_2,10689,78,80
10694,minimum_up,81,113_CT_2,10694,79,81
10695,minimum_down,81,113_CT_2,10695,79,81
10700,minimum_up,82,113_CT_2,10700,80,82
10701,minimum_down,82,113_CT_2,10701,80,82
10706,minimum_up,83,113_CT_2,10706,81,83
10707,minimum_down,83,113_CT_2,10707,81,83
10712,minimum_up,84,113_CT_2,10712,82,84
10713,minimum_down,84,113_CT_2,10713,82,84
10718,minimum_up,85,113_CT_2,10718,83,85
10719,minimum_down,85,113_CT_2,10719,83,85
10724,minimum_up,86,113_CT_2,10724,84,86
10725,minimum_down,86,113_CT_2,10725,84,86
10730,minimum_up,87,113_CT_2,10730,85,87
10731,minimum_down,87,113_CT_2,10731,85,87
10736,minimum_up,88,113_CT_2,10736,86,88
10737,minimum_down,88,113_CT_2,10737,86,88
10742,minimum_up,89,113_CT_2,10742,87,89
10743,minimum_down,89,113_CT_2,10743,87,89
10748,minimum_up,90,113_CT_2,10748,88,90
10749,minimum_down,90,113_CT_2,10749,88,90
10754,minimum_up,91,113_CT_2,10754,89,91
10755,minimum_down,91,113_CT_2,10755,89,91
10760,minimum_up,92,113_CT_2,10760,90,92
10761,minimum_down,92,113_CT_2,10761,90,92
10766,minimum_up,93,113_CT_2,10766,91,93
10767,minimum_down,93,113_CT_2,10767,91,93
10772,minimum_up,94,113_CT_2,10772,92,94
10773,minimum_down,94,113_CT_2,10773,92,94
10778,minimum_up,95,113_CT_2,10778,93,95
10779,minimum_down,95,113_CT_2,10779,93,95
10784,minimum_up,96,113_CT_2,10784,94,96
10785,minimum_down,96,113_CT_2,10785,94,96
10790,minimum_up,97,113_CT_2,10790,95,97
10791,minimum_down,97,113_CT_2,10791,95,97
10796,minimum_up,98,113_CT_2,10796,96,98
10797,minimum_down,98,113_CT_2,10797,96,98
10802,minimum_up,99,113_CT_2,10802,97,99
10803,minimum_down,99,113_CT_2,10803,97,99
10808,minimum_up,100,113_CT_2,10808,98,100
10809,minimum_down,100,113_CT_2,10809,98,100
10814,minimum_up,101,113_CT_2,10814,99,101
10815,minimum_down,101,113_CT_2,10815,99,101
10820,minimum_up,102,113_CT_2,10820,100,102
10821,minimum_down,102,113_CT_2,10821,100,102
10826,minimum_up,103,113_CT_2,10826,101,103
10827,minimum_down,103,113_CT_2,10827,101,103
10832,minimum_up,104,113_CT_2,10832,102,104
10833,minimum_down,104,113_CT_2,10833,102,104
10838,minimum_up,105,113_CT_2,10838,103,105
10839,minimum_down,105,113_CT_2,10839,103,105
10844,minimum_up,106,113_CT_2,10844,104,106
10845,minimum_down,106,113_CT_2,10845,104,106
10850,minimum_up,107,113_CT_2,10850,105,107
10851,minimum_down,107,113_CT_2,10851,105,107
10856,minimum_up,108,113_CT_2,10856,106,108
10857,minimum_down,108,113_CT_2,10857,106,108
10862,minimum_up,109,113_CT_2,10862,107,109
10863,minimum_down,109,113_CT_2,10863,107,109
10868,minimum_up,110,113_CT_2,10868,108,110
10869,minimum_down,110,113_CT_2,10869,108,110
10874,minimum_up,111,113_CT_2,10874,109,111
10875,minimum_down,111,113_CT_2,10875,109,111
10880,minimum_up,112,113_CT_2,10880,110,112
10881,minimum_down,112,113_CT_2,10881,110,112
10886,minimum_up,113,113_CT_2,10886,111,113
10887,minimum_down,113,113_CT_2,10887,111,113
10892,minimum_up,114,113_CT_2,10892,112,114
10893,minimum_down,114,113_CT_2,10893,112,114
10898,minimum_up,115,113_CT_2,10898,113,115
10899,minimum_down,115,113_CT_2,10899,113,115
10904,minimum_up,116,113_CT_2,10904,114,116
10905,minimum_down,116,113_CT_2,10905,114,116
10910,minimum_up,117,113_CT_2,10910,115,117
10911,minimum_down,117,113_CT_2,10911,115,117
10916,minimum_up,118,113_CT_2,10916,116,118
10917,minimum_down,118,113_CT_2,10917,116,118
10922,minimum_up,119,113_CT_2,10922,117,119
10923,minimum_down,119,113_CT_2,10923,117,119
10928,minimum_up,120,113_CT_2,10928,118,120
10929,minimum_down,120,113_CT_2,10929,118,120
10934,minimum_up,121,113_CT_2,10934,119,121
10935,minimum_down,121,113_CT_2,10935,119,121
10940,minimum_up,122,113_CT_2,10940,120,122
10941,minimum_down,122,113_CT_2,10941,120,122
10946,minimum_up,123,113_CT_2,10946,121,123
10947,minimum_down,123,113_CT_2,10947,121,123
10952,minimum_up,124,113_CT_2,10952,122,124
10953,minimum_down,124,113_CT_2,10953,122,124
10958,minimum_up,125,113_CT_2,10958,123,125
10959,minimum_down,125,113_CT_2,10959,123,125
10964,minimum_up,126,113_CT_2,10964,124,126
10965,minimum_down,126,113_CT_2,10965,124,126
10970,minimum_up,127,113_CT_2,10970,125,127
10971,minimum_down,127,113_CT_2,10971,125,127
10976,minimum_up,128,113_CT_2,10976,126,128
10977,minimum_down,128,113_CT_2,10977,126,128
10982,minimum_up,129,113_CT_2,10982,127,129
10983,minimum_down,129,113_CT_2,10983,127,129
10988,minimum_up,130,113_CT_2,10988,128,130
10989,minimum_down,130,113_CT_2,10989,128,130
10994,minimum_up,131,113_CT_2,10994,129,131
10995,minimum_down,131,113_CT_2,10995,129,131
11000,minimum_up,132,113_CT_2,11000,130,132
11001,minimum_down,132,113_CT_2,11001,130,132
11006,minimum_up,133,113_CT_2,11006,131,133
11007,minimum_down,133,113_CT_2,11007,131,133
11012,minimum_up,134,113_CT_2,11012,132,134
11013,minimum_down,134,113_CT_2,11013,132,134
11018,minimum_up,135,113_CT_2,11018,133,135
11019,minimum_down,135,113_CT_2,11019,133,135
11024,minimum_up,136,113_CT_2,11024,134,136
11025,minimum_down,136,113_CT_2,11025,134,136
11030,minimum_up,137,113_CT_2,11030,135,137
11031,minimum_down,137,113_CT_2,11031,135,137
11036,minimum_up,138,113_CT_2,11036,136,138
11037,minimum_down,138,113_CT_2,11037,136,138
11042,minimum_up,139,113_CT_2,11042,137,139
11043,minimum_down,139,113_CT_2,11043,137,139
11048,minimum_up,140,113_CT_2,11048,138,140
11049,minimum_down,140,113_CT_2,11049,138,140
11054,minimum_up,141,113_CT_2,11054,139,141
11055,minimum_down,141,113_CT_2,11055,139,141
11060,minimum_up,142,113_CT_2,11060,140,142
11061,minimum_down,142,113_CT_2,11061,140,142
11066,minimum_up,143,113_CT_2,11066,141,143
11067,minimum_down,143,113_CT_2,11067,141,143
11072,minimum_up,144,113_CT_2,11072,142,144
11073,minimum_down,144,113_CT_2,11073,142,144
11078,minimum_up,145,113_CT_2,11078,143,145
11079,minimum_down,145,113_CT_2,11079,143,145
11084,minimum_up,146,113_CT_2,11084,144,146
11085,minimum_down,146,113_CT_2,11085,144,146
11090,minimum_up,147,113_CT_2,11090,145,147
11091,minimum_down,147,113_CT_2,11091,145,147
11096,minimum_up,148,113_CT_2,11096,146,148
11097,minimum_down,148,113_CT_2,11097,146,148
11102,minimum_up,149,113_CT_2,11102,147,149
11103,minimum_down,149,113_CT_2,11103,147,149
11108,minimum_up,150,113_CT_2,11108,148,150
11109,minimum_down,150,113_CT_2,11109,148,150
11114,minimum_up,151,113_CT_2,11114,149,151
11115,minimum_down,151,113_CT_2,11115,149,151
11120,minimum_up,152,113_CT_2,11120,150,152
11121,minimum_down,152,113_CT_2,11121,150,152
11126,minimum_up,153,113_CT_2,11126,151,153
11127,minimum_down,153,113_CT_2,11127,151,153
11132,minimum_up,154,113_CT_2,11132,152,154
11133,minimum_down,154,113_CT_2,11133,152,154
11138,minimum_up,155,113_CT_2,11138,153,155
11139,minimum_down,155,113_CT_2,11139,153,155
11144,minimum_up,156,113_CT_2,11144,154,156
11145,minimum_down,156,113_CT_2,11145,154,156
11150,minimum_up,157,113_CT_2,11150,155,157
11151,minimum_down,157,113_CT_2,11151,155,157
11156,minimum_up,158,113_CT_2,11156,156,158
11157,minimum_down,158,113_CT_2,11157,156,158
11162,minimum_up,159,113_CT_2,11162,157,159
11163,minimum_down,159,113_CT_2,11163,157,159
11168,minimum_up,160,113_CT_2,11168,158,160
11169,minimum_down,160,113_CT_2,11169,158,160
11174,minimum_up,161,113_CT_2,11174,159,161
11175,minimum_down,161,113_CT_2,11175,159,161
11180,minimum_up,162,113_CT_2,11180,160,162
11181,minimum_down,162,113_CT_2,11181,160,162
11186,minimum_up,163,113_CT_2,11186,161,163
11187,minimum_down,163,113_CT_2,11187,161,163
11192,minimum_up,164,113_CT_2,11192,162,164
11193,minimum_down,164,113_CT_2,11193,162,164
11198,minimum_up,165,113_CT_2,11198,163,165
11199,minimum_down,165,113_CT_2,11199,163,165
11204,minimum_up,166,113_CT_2,11204,164,166
11205,minimum_down,166,113_CT_2,11205,164,166
11210,minimum_up,167,113_CT_2,11210,165,167
11211,minimum_down,167,113_CT_2,11211,165,167
11218,minimum_up,1,113_CT_3,11218,1,1
11219,minimum_down,1,113_CT_3,11219,1,1
11224,minimum_up,2,113_CT_3,11224,1,2
11225,minimum_down,2,113_CT_3,11225,1,2
11230,minimum_up,3,113_CT_3,11230,1,3
11231,minimum_down,3,113_CT_3,11231,1,3
11236,minimum_up,4,113_CT_3,11236,2,4
11237,minimum_down,4,113_CT_3,11237,2,4
11242,minimum_up,5,113_CT_3,11242,3,5
11243,minimum_down,5,113_CT_3,11243,3,5
11248,minimum_up,6,113_CT_3,11248,4,6
11249,minimum_down,6,113_CT_3,11249,4,6
11254,minimum_up,7,113_CT_3,11254,5,7
11255,minimum_down,7,113_CT_3,11255,5,7
11260,minimum_up,8,113_CT_3,11260,6,8
11261,minimum_down,8,113_CT_3,11261,6,8
11266,minimum_up,9,113_CT_3,11266,7,9
11267,minimum_down,9,113_CT_3,11267,7,9
11272,minimum_up,10,113_CT_3,11272,8,10
11273,minimum_down,10,113_CT_3,11273,8,10
11278,minimum_up,11,113_CT_3,11278,9,11
11279,minimum_down,11,113_CT_3,11279,9,11
11284,minimum_up,12,113_CT_3,11284,10,12
11285,minimum_down,12,113_CT_3,11285,10,12
11290,minimum_up,13,113_CT_3,11290,11,13
11291,minimum_down,13,113_CT_3,11291,11,13
11296,minimum_up,14,113_CT_3,11296,12,14
11297,minimum_down,14,113_CT_3,11297,12,14
11302,minimum_up,15,113_CT_3,11302,13,15
11303,minimum_down,15,113_CT_3,11303,13,15
11308,minimum_up,16,113_CT_3,11308,14,16
11309,minimum_down,16,113_CT_3,11309,14,16
11314,minimum_up,17,113_CT_3,11314,15,17
11315,minimum_down,17,113_CT_3,11315,15,17
11320,minimum_up,18,113_CT_3,11320,16,18
11321,minimum_down,18,113_CT_3,11321,16,18
11326,minimum_up,19,113_CT_3,11326,17,19
11327,minimum_down,19,113_CT_3,11327,17,19
11332,minimum_up,20,113_CT_3,11332,18,20
11333,minimum_down,20,113_CT_3,11333,18,20
11338,minimum_up,21,113_CT_3,11338,19,21
11339,minimum_down,21,113_CT_3,11339,19,21
11344,minimum_up,22,113_CT_3,11344,20,22
11345,minimum_down,22,113_CT_3,11345,20,22
11350,minimum_up,23,113_CT_3,11350,21,23
11351,minimum_down,23,113_CT_3,11351,21,23
11356,minimum_up,24,113_CT_3,11356,22,24
11357,minimum_down,24,113_CT_3,11357,22,24
11362,minimum_up,25,113_CT_3,11362,23,25
11363,minimum_down,25,113_CT_3,11363,23,25
11368,minimum_up,26,113_CT_3,11368,24,26
11369,minimum_down,26,113_CT_3,11369,24,26
11374,minimum_up,27,113_CT_3,11374,25,27
11375,minimum_down,27,113_CT_3,11375,25,27
11380,minimum_up,28,113_CT_3,11380,26,28
11381,minimum_down,28,113_CT_3,11381,26,28
11386,minimum_up,29,113_CT_3,11386,27,29
11387,minimum_down,29,113_CT_3,11387,27,29
11392,minimum_up,30,113_CT_3,11392,28,30
11393,minimum_down,30,113_CT_3,11393,28,30
11398,minimum_up,31,113_CT_3,11398,29,31
11399,minimum_down,31,113_CT_3,11399,29,31
11404,minimum_up,32,113_CT_3,11404,30,32
11405,minimum_down,32,113_CT_3,11405,30,32
11410,minimum_up,33,113_CT_3,11410,31,33
11411,minimum_down,33,113_CT_3,11411,31,33
11416,minimum_up,34,113_CT_3,11416,32,34
11417,minimum_down,34,113_CT_3,11417,32,34
11422,minimum_up,35,113_CT_3,11422,33,35
11423,minimum_down,35,113_CT_3,11423,33,35
11428,minimum_up,36,113_CT_3,11428,34,36
11429,minimum_down,36,113_CT_3,11429,34,36
11434,minimum_up,37,113_CT_3,11434,35,37
11435,minimum_down,37,113_CT_3,11435,35,37
11440,minimum_up,38,113_CT_3,11440,36,38
11441,minimum_down,38,113_CT_3,11441,36,38
11446,minimum_up,39,113_CT_3,11446,37,39
11447,minimum_down,39,113_CT_3,11447,37,39
11452,minimum_up,40,113_CT_3,11452,38,40
11453,minimum_down,40,113_CT_3,11453,38,40
11458,minimum_up,41,113_CT_3,11458,39,41
11459,minimum_down,41,113_CT_3,11459,39,41
11464,minimum_up,42,113_CT_3,11464,40,42
11465,minimum_down,42,113_CT_3,11465,40,42
11470,minimum_up,43,113_CT_3,11470,41,43
11471,minimum_down,43,113_CT_3,11471,41,43
11476,minimum_up,44,113_CT_3,11476,42,44
11477,minimum_down,44,113_CT_3,11477,42,44
11482,minimum_up,45,113_CT_3,11482,43,45
11483,minimum_down,45,113_CT_3,11483,43,45
11488,minimum_up,46,113_CT_3,11488,44,46
11489,minimum_down,46,113_CT_3,11489,44,46
11494,minimum_up,47,113_CT_3,11494,45,47
11495,minimum_down,47,113_CT_3,11495,45,47
11500,minimum_up,48,113_CT_3,11500,46,48
11501,minimum_down,48,113_CT_3,11501,46,48
11506,minimum_up,49,113_CT_3,11506,47,49
11507,minimum_down,49,113_CT_3,11507,47,49
11512,minimum_up,50,113_CT_3,11512,48,50
11513,minimum_down,50,113_CT_3,11513,48,50
11518,minimum_up,51,113_CT_3,11518,49,51
11519,minimum_down,51,113_CT_3,11519,49,51
11524,minimum_up,52,113_CT_3,11524,50,52
11525,minimum_down,52,113_CT_3,11525,50,52
11530,minimum_up,53,113_CT_3,11530,51,53
11531,minimum_down,53,113_CT_3,11531,51,53
11536,minimum_up,54,113_CT_3,11536,52,54
11537,minimum_down,54,113_CT_3,11537,52,54
11542,minimum_up,55,113_CT_3,11542,53,55
11543,minimum_down,55,113_CT_3,11543,53,55
11548,minimum_up,56,113_CT_3,11548,54,56
11549,minimum_down,56,113_CT_3,11549,54,56
11554,minimum_up,57,113_CT_3,11554,55,57
11555,minimum_down,57,113_CT_3,11555,55,57
11560,minimum_up,58,113_CT_3,11560,56,58
11561,minimum_down,58,113_CT_3,11561,56,58
11566,minimum_up,59,113_CT_3,11566,57,59
11567,minimum_down,59,113_CT_3,11567,57,59
11572,minimum_up,60,113_CT_3,11572,58,60
11573,minimum_down,60,113_CT_3,11573,58,60
11578,minimum_up,61,113_CT_3,11578,59,61
11579,minimum_down,61,113_CT_3,11579,59,61
11584,minimum_up,62,113_CT_3,11584,60,62
11585,minimum_down,62,113_CT_3,11585,60,62
11590,minimum_up,63,113_CT_3,11590,61,63
11591,minimum_down,63,113_CT_3,11591,61,63
11596,minimum_up,64,113_CT_3,11596,62,64
11597,minimum_down,64,113_CT_3,11597,62,64
11602,minimum_up,65,113_CT_3,11602,63,65
11603,minimum_down,65,113_CT_3,11603,63,65
11608,minimum_up,66,113_CT_3,11608,64,66
11609,minimum_down,66,113_CT_3,11609,64,66
11614,minimum_up,67,113_CT_3,11614,65,67
11615,minimum_down,67,113_CT_3,11615,65,67
11620,minimum_up,68,113_CT_3,11620,66,68
11621,minimum_down,68,113_CT_3,11621,66,68
11626,minimum_up,69,113_CT_3,11626,67,69
11627,minimum_down,69,113_CT_3,11627,67,69
11632,minimum_up,70,113_CT_3,11632,68,70
11633,minimum_down,70,113_CT_3,11633,68,70
11638,minimum_up,71,113_CT_3,11638,69,71
11639,minimum_down,71,113_CT_3,11639,69,71
11644,minimum_up,72,113_CT_3,11644,70,72
11645,minimum_down,72,113_CT_3,11645,70,72
11650,minimum_up,73,113_CT_3,11650,71,73
11651,minimum_down,73,113_CT_3,11651,71,73
11656,minimum_up,74,113_CT_3,11656,72,74
11657,minimum_down,74,113_CT_3,11657,72,74
11662,minimum_up,75,113_CT_3,11662,73,75
11663,minimum_down,75,113_CT_3,11663,73,75
11668,minimum_up,76,113_CT_3,11668,74,76
11669,minimum_down,76,113_CT_3,11669,74,76
11674,minimum_up,77,113_CT_3,11674,75,77
11675,minimum_down,77,113_CT_3,11675,75,77
11680,minimum_up,78,113_CT_3,11680,76,78
11681,minimum_down,78,113_CT_3,11681,76,78
11686,minimum_up,79,113_CT_3,11686,77,79
11687,minimum_down,79,113_CT_3,11687,77,79
11692,minimum_up,80,113_CT_3,11692,78,80
11693,minimum_down,80,113_CT_3,11693,78,80
11698,minimum_up,81,113_CT_3,11698,79,81
11699,minimum_down,81,113_CT_3,11699,79,81
11704,minimum_up,82,113_CT_3,11704,80,82
11705,minimum_down,82,113_CT_3,11705,80,82
11710,minimum_up,83,113_CT_3,11710,81,83
11711,minimum_down,83,113_CT_3,11711,81,83
11716,minimum_up,84,113_CT_3,11716,82,84
11717,minimum_down,84,113_CT_3,11717,82,84
11722,minimum_up,85,113_CT_3,11722,83,85
11723,minimum_down,85,113_CT_3,11723,83,85
11728,minimum_up,86,113_CT_3,11728,84,86
11729,minimum_down,86,113_CT_3,11729,84,86
11734,minimum_up,87,113_CT_3,11734,85,87
11735,minimum_down,87,113_CT_3,11735,85,87
11740,minimum_up,88,113_CT_3,11740,86,88
11741,minimum_down,88,113_CT_3,11741,86,88
11746,minimum_up,89,113_CT_3,11746,87,89
11747,minimum_down,89,113_CT_3,11747,87,89
11752,minimum_up,90,113_CT_3,11752,88,90
11753,minimum_down,90,113_CT_3,11753,88,90
11758,minimum_up,91,113_CT_3,11758,89,91
11759,minimum_down,91,113_CT_3,11759,89,91
11764,minimum_up,92,113_CT_3,11764,90,92
11765,minimum_down,92,113_CT_3,11765,90,92
11770,minimum_up,93,113_CT_3,11770,91,93
11771,minimum_down,93,113_CT_3,11771,91,93
11776,minimum_up,94,113_CT_3,11776,92,94
11777,minimum_down,94,113_CT_3,11777,92,94
11782,minimum_up,95,113_CT_3,11782,93,95
11783,minimum_down,95,113_CT_3,11783,93,95
11788,minimum_up,96,113_CT_3,11788,94,96
11789,minimum_down,96,113_CT_3,11789,94,96
11794,minimum_up,97,113_CT_3,11794,95,97
11795,minimum_down,97,113_CT_3,11795,95,97
11800,minimum_up,98,113_CT_3,11800,96,98
11801,minimum_down,98,113_CT_3,11801,96,98
11806,minimum_up,99,113_CT_3,11806,97,99
11807,minimum_down,99,113_CT_3,11807,97,99
11812,minimum_up,100,113_CT_3,11812,98,100
11813,minimum_down,100,113_CT_3,11813,98,100
11818,minimum_up,101,113_CT_3,11818,99,101
11819,minimum_down,101,113_CT_3,11819,99,101
11824,minimum_up,102,113_CT_3,11824,100,102
11825,minimum_down,102,113_CT_3,11825,100,102
11830,minimum_up,103,113_CT_3,11830,101,103
11831,minimum_down,103,113_CT_3,11831,101,103
11836,minimum_up,104,113_CT_3,11836,102,104
11837,minimum_down,104,113_CT_3,11837,102,104
11842,minimum_up,105,113_CT_3,11842,103,105
11843,minimum_down,105,113_CT_3,11843,103,105
11848,minimum_up,106,113_CT_3,11848,104,106
11849,minimum_down,106,113_CT_3,11849,104,106
11854,minimum_up,107,113_CT_3,11854,105,107
11855,minimum_down,107,113_CT_3,11855,105,107
11860,minimum_up,108,113_CT_3,11860,106,108
11861,minimum_down,108,113_CT_3,11861,106,108
11866,minimum_up,109,113_CT_3,11866,107,109
11867,minimum_down,109,113_CT_3,11867,107,109
11872,minimum_up,110,113_CT_3,11872,108,110
11873,minimum_down,110,113_CT_3,11873,108,110
11878,minimum_up,111,113_CT_3,11878,109,111
11879,minimum_down,111,113_CT_3,11879,109,111
11884,minimum_up,112,113_CT_3,11884,110,112
11885,minimum_down,112,113_CT_3,11885,110,112
11890,minimum_up,113,113_CT_3,11890,111,113
11891,minimum_down,113,113_CT_3,11891,111,113
11896,minimum_up,114,113_CT_3,11896,112,114
11897,minimum_down,114,113_CT_3,11897,112,114
11902,minimum_up,115,113_CT_3,11902,113,115
11903,minimum_down,115,113_CT_3,11903,113,115
11908,minimum_up,116,113_CT_3,11908,114,116
11909,minimum_down,116,113_CT_3,11909,114,116
11914,minimum_up,117,113_CT_3,11914,115,117
11915,minimum_down,117,113_CT_3,11915,115,117
11920,minimum_up,118,113_CT_3,11920,116,118
11921,minimum_down,118,113_CT_3,11921,116,118
11926,minimum_up,119,113_CT_3,11926,117,119
11927,minimum_down,119,113_CT_3,11927,117,119
11932,minimum_up,120,113_CT_3,11932,118,120
11933,minimum_down,120,113_CT_3,11933,118,120
11938,minimum_up,121,113_CT_3,11938,119,121
11939,minimum_down,121,113_CT_3,11939,119,121
11944,minimum_up,122,113_CT_3,11944,120,122
11945,minimum_down,122,113_CT_3,11945,120,122
11950,minimum_up,123,113_CT_3,11950,121,123
11951,minimum_down,123,113_CT_3,11951,121,123
11956,minimum_up,124,113_CT_3,11956,122,124
11957,minimum_down,124,113_CT_3,11957,122,124
11962,minimum_up,125,113_CT_3,11962,123,125
11963,minimum_down,125,113_CT_3,11963,123,125
11968,minimum_up,126,113_CT_3,11968,124,126
11969,minimum_down,126,113_CT_3,11969,124,126
11974,minimum_up,127,113_CT_3,11974,125,127
11975,minimum_down,127,113_CT_3,11975,125,127
11980,minimum_up,128,113_CT_3,11980,126,128
11981,minimum_down,128,113_CT_3,11981,126,128
11986,minimum_up,129,113_CT_3,11986,127,129
11987,minimum_down,129,113_CT_3,11987,127,129
11992,minimum_up,130,113_CT_3,11992,128,130
11993,minimum_down,130,113_CT_3,11993,128,130
11998,minimum_up,131,113_CT_3,11998,129,131
11999,minimum_down,131,113_CT_3,11999,129,131
12004,minimum_up,132,113_CT_3,12004,130,132
12005,minimum_down,132,113_CT_3,12005,130,132
12010,minimum_up,133,113_CT_3,12010,131,133
12011,minimum_down,133,113_CT_3,12011,131,133
12016,minimum_up,134,113_CT_3,12016,132,134
12017,minimum_down,134,113_CT_3,12017,132,134
12022,minimum_up,135,113_CT_3,12022,133,135
12023,minimum_down,135,113_CT_3,12023,133,135
12028,minimum_up,136,113_CT_3,12028,134,136
12029,minimum_down,136,113_CT_3,12029,134,136
12034,minimum_up,137,113_CT_3,12034,135,137
12035,minimum_down,137,113_CT_3,12035,135,137
12040,minimum_up,138,113_CT_3,12040,136,138
12041,minimum_down,138,113_CT_3,12041,136,138
12046,minimum_up,139,113_CT_3,12046,137,139
12047,minimum_down,139,113_CT_3,12047,137,139
12052,minimum_up,140,113_CT_3,12052,138,140
12053,minimum_down,140,113_CT_3,12053,138,140
12058,minimum_up,141,113_CT_3,12058,139,141
12059,minimum_down,141,113_CT_3,12059,139,141
12064,minimum_up,142,113_CT_3,12064,140,142
12065,minimum_down,142,113_CT_3,12065,140,142
12070,minimum_up,143,113_CT_3,12070,141,143
12071,minimum_down,143,113_CT_3,12071,141,143
12076,minimum_up,144,113_CT_3,12076,142,144
12077,minimum_down,144,113_CT_3,12077,142,144
12082,minimum_up,145,113_CT_3,12082,143,145
12083,minimum_down,145,113_CT_3,12083,143,145
12088,minimum_up,146,113_CT_3,12088,144,146
12089,minimum_down,146,113_CT_3,12089,144,146
12094,minimum_up,147,113_CT_3,12094,145,147
12095,minimum_down,147,113_CT_3,12095,145,147
12100,minimum_up,148,113_CT_3,12100,146,148
12101,minimum_down,148,113_CT_3,12101,146,148
12106,minimum_up,149,113_CT_3,12106,147,149
12107,minimum_down,149,113_CT_3,12107,147,149
12112,minimum_up,150,113_CT_3,12112,148,150
12113,minimum_down,150,113_CT_3,12113,148,150
12118,minimum_up,151,113_CT_3,12118,149,151
12119,minimum_down,151,113_CT_3,12119,149,151
12124,minimum_up,152,113_CT_3,12124,150,152
12125,minimum_down,152,113_CT_3,12125,150,152
12130,minimum_up,153,113_CT_3,12130,151,153
12131,minimum_down,153,113_CT_3,12131,151,153
12136,minimum_up,154,113_CT_3,12136,152,154
12137,minimum_down,154,113_CT_3,12137,152,154
12142,minimum_up,155,113_CT_3,12142,153,155
12143,minimum_down,155,113_CT_3,12143,153,155
12148,minimum_up,156,113_CT_3,12148,154,156
12149,minimum_down,156,113_CT_3,12149,154,156
12154,minimum_up,157,113_CT_3,12154,155,157
12155,minimum_down,157,113_CT_3,12155,155,157
12160,minimum_up,158,113_CT_3,12160,156,158
12161,minimum_down,158,113_CT_3,12161,156,158
12166,minimum_up,159,113_CT_3,12166,157,159
12167,minimum_down,159,113_CT_3,12167,157,159
12172,minimum_up,160,113_CT_3,12172,158,160
12173,minimum_down,160,113_CT_3,12173,158,160
12178,minimum_up,161,113_CT_3,12178,159,161
12179,minimum_down,161,113_CT_3,12179,159,161
12184,minimum_up,162,113_CT_3,12184,160,162
12185,minimum_down,162,113_CT_3,12185,160,162
12190,minimum_up,163,113_CT_3,12190,161,163
12191,minimum_down,163,113_CT_3,12191,161,163
12196,minimum_up,164,113_CT_3,12196,162,164
12197,minimum_down,164,113_CT_3,12197,162,164
12202,minimum_up,165,113_CT_3,12202,163,165
12203,minimum_down,165,113_CT_3,12203,163,165
12208,minimum_up,166,113_CT_3,12208,164,166
12209,minimum_down,166,113_CT_3,12209,164,166
12214,minimum_up,167,113_CT_3,12214,165,167
12215,minimum_down,167,113_CT_3,12215,165,167
12222,minimum_up,1,113_CT_4,12222,1,1
12223,minimum_down,1,113_CT_4,12223,1,1
12228,minimum_up,2,113_CT_4,12228,1,2
12229,minimum_down,2,113_CT_4,12229,1,2
12234,minimum_up,3,113_CT_4,12234,1,3
12235,minimum_down,3,113_CT_4,12235,1,3
12240,minimum_up,4,113_CT_4,12240,2,4
12241,minimum_down,4,113_CT_4,12241,2,4
12246,minimum_up,5,113_CT_4,12246,3,5
12247,minimum_down,5,113_CT_4,12247,3,5
12252,minimum_up,6,113_CT_4,12252,4,6
12253,minimum_down,6,113_CT_4,12253,4,6
12258,minimum_up,7,113_CT_4,12258,5,7
12259,minimum_down,7,113_CT_4,12259,5,7
12264,minimum_up,8,113_CT_4,12264,6,8
12265,minimum_down,8,113_CT_4,12265,6,8
12270,minimum_up,9,113_CT_4,12270,7,9
12271,minimum_down,9,113_CT_4,12271,7,9
12276,minimum_up,10,113_CT_4,12276,8,10
12277,minimum_down,10,113_CT_4,12277,8,10
12282,minimum_up,11,113_CT_4,12282,9,11
12283,minimum_down,11,113_CT_4,12283,9,11
12288,minimum_up,12,113_CT_4,12288,10,12
12289,minimum_down,12,113_CT_4,12289,10,12
12294,minimum_up,13,113_CT_4,12294,11,13
12295,minimum_down,13,113_CT_4,12295,11,13
12300,minimum_up,14,113_CT_4,12300,12,14
12301,minimum_down,14,113_CT_4,12301,12,14
12306,minimum_up,15,113_CT_4,12306,13,15
12307,minimum_down,15,113_CT_4,12307,13,15
12312,minimum_up,16,113_CT_4,12312,14,16
12313,minimum_down,16,113_CT_4,12313,14,16
12318,minimum_up,17,113_CT_4,12318,15,17
12319,minimum_down,17,113_CT_4,12319,15,17
12324,minimum_up,18,113_CT_4,12324,16,18
12325,minimum_down,18,113_CT_4,12325,16,18
12330,minimum_up,19,113_CT_4,12330,17,19
12331,minimum_down,19,113_CT_4,12331,17,19
12336,minimum_up,20,113_CT_4,12336,18,20
12337,minimum_down,20,113_CT_4,12337,18,20
12342,minimum_up,21,113_CT_4,12342,19,21
12343,minimum_down,21,113_CT_4,12343,19,21
12348,minimum_up,22,113_CT_4,12348,20,22
12349,minimum_down,22,113_CT_4,12349,20,22
12354,minimum_up,23,113_CT_4,12354,21,23
12355,minimum_down,23,113_CT_4,12355,21,23
12360,minimum_up,24,113_CT_4,12360,22,24
12361,minimum_down,24,113_CT_4,12361,22,24
12366,minimum_up,25,113_CT_4,12366,23,25
12367,minimum_down,25,113_CT_4,12367,23,25
12372,minimum_up,26,113_CT_4,12372,24,26
12373,minimum_down,26,113_CT_4,12373,24,26
12378,minimum_up,27,113_CT_4,12378,25,27
12379,minimum_down,27,113_CT_4,12379,25,27
12384,minimum_up,28,113_CT_4,12384,26,28
12385,minimum_down,28,113_CT_4,12385,26,28
12390,minimum_up,29,113_CT_4,12390,27,29
12391,minimum_down,29,113_CT_4,12391,27,29
12396,minimum_up,30,113_CT_4,12396,28,30
12397,minimum_down,30,113_CT_4,12397,28,30
12402,minimum_up,31,113_CT_4,12402,29,31
12403,minimum_down,31,113_CT_4,12403,29,31
12408,minimum_up,32,113_CT_4,12408,30,32
12409,minimum_down,32,113_CT_4,12409,30,32
12414,minimum_up,33,113_CT_4,12414,31,33
12415,minimum_down,33,113_CT_4,12415,31,33
12420,minimum_up,34,113_CT_4,12420,32,34
12421,minimum_down,34,113_CT_4,12421,32,34
12426,minimum_up,35,113_CT_4,12426,33,35
12427,minimum_down,35,113_CT_4,12427,33,35
12432,minimum_up,36,113_CT_4,12432,34,36
12433,minimum_down,36,113_CT_4,12433,34,36
12438,minimum_up,37,113_CT_4,12438,35,37
12439,minimum_down,37,113_CT_4,12439,35,37
12444,minimum_up,38,113_CT_4,12444,36,38
12445,minimum_down,38,113_CT_4,12445,36,38
12450,minimum_up,39,113_CT_4,12450,37,39
12451,minimum_down,39,113_CT_4,12451,37,39
12456,minimum_up,40,113_CT_4,12456,38,40
12457,minimum_down,40,113_CT_4,12457,38,40
12462,minimum_up,41,113_CT_4,12462,39,41
12463,minimum_down,41,113_CT_4,12463,39,41
12468,minimum_up,42,113_CT_4,12468,40,42
12469,minimum_down,42,113_CT_4,12469,40,42
12474,minimum_up,43,113_CT_4,12474,41,43
12475,minimum_down,43,113_CT_4,12475,41,43
12480,minimum_up,44,113_CT_4,12480,42,44
12481,minimum_down,44,113_CT_4,12481,42,44
12486,minimum_up,45,113_CT_4,12486,43,45
12487,minimum_down,45,113_CT_4,12487,43,45
12492,minimum_up,46,113_CT_4,12492,44,46
12493,minimum_down,46,113_CT_4,12493,44,46
12498,minimum_up,47,113_CT_4,12498,45,47
12499,minimum_down,47,113_CT_4,12499,45,47
12504,minimum_up,48,113_CT_4,12504,46,48
12505,minimum_down,48,113_CT_4,12505,46,48
12510,minimum_up,49,113_CT_4,12510,47,49
12511,minimum_down,49,113_CT_4,12511,47,49
12516,minimum_up,50,113_CT_4,12516,48,50
12517,minimum_down,50,113_CT_4,12517,48,50
12522,minimum_up,51,113_CT_4,12522,49,51
12523,minimum_down,51,113_CT_4,12523,49,51
12528,minimum_up,52,113_CT_4,12528,50,52
12529,minimum_down,52,113_CT_4,12529,50,52
12534,minimum_up,53,113_CT_4,12534,51,53
12535,minimum_down,53,113_CT_4,12535,51,53
12540,minimum_up,54,113_CT_4,12540,52,54
12541,minimum_down,54,113_CT_4,12541,52,54
12546,minimum_up,55,113_CT_4,12546,53,55
12547,minimum_down,55,113_CT_4,12547,53,55
12552,minimum_up,56,113_CT_4,12552,54,56
12553,minimum_down,56,113_CT_4,12553,54,56
12558,minimum_up,57,113_CT_4,12558,55,57
12559,minimum_down,57,113_CT_4,12559,55,57
12564,minimum_up,58,113_CT_4,12564,56,58
12565,minimum_down,58,113_CT_4,12565,56,58
12570,minimum_up,59,113_CT_4,12570,57,59
12571,minimum_down,59,113_CT_4,12571,57,59
12576,minimum_up,60,113_CT_4,12576,58,60
12577,minimum_down,60,113_CT_4,12577,58,60
12582,minimum_up,61,113_CT_4,12582,59,61
12583,minimum_down,61,113_CT_4,12583,59,61
12588,minimum_up,62,113_CT_4,12588,60,62
12589,minimum_down,62,113_CT_4,12589,60,62
12594,minimum_up,63,113_CT_4,12594,61,63
12595,minimum_down,63,113_CT_4,12595,61,63
12600,minimum_up,64,113_CT_4,12600,62,64
12601,minimum_down,64,113_CT_4,12601,62,64
12606,minimum_up,65,113_CT_4,12606,63,65
12607,minimum_down,65,113_CT_4,12607,63,65
12612,minimum_up,66,113_CT_4,12612,64,66
12613,minimum_down,66,113_CT_4,12613,64,66
12618,minimum_up,67,113_CT_4,12618,65,67
12619,minimum_down,67,113_CT_4,12619,65,67
12624,minimum_up,68,113_CT_4,12624,66,68
12625,minimum_down,68,113_CT_4,12625,66,68
12630,minimum_up,69,113_CT_4,12630,67,69
12631,minimum_down,69,113_CT_4,12631,67,69
12636,minimum_up,70,113_CT_4,12636,68,70
12637,minimum_down,70,113_CT_4,12637,68,70
12642,minimum_up,71,113_CT_4,12642,69,71
12643,minimum_down,71,113_CT_4,12643,69,71
12648,minimum_up,72,113_CT_4,12648,70,72
12649,minimum_down,72,113_CT_4,12649,70,72
12654,minimum_up,73,113_CT_4,12654,71,73
12655,minimum_down,73,113_CT_4,12655,71,73
12660,minimum_up,74,113_CT_4,12660,72,74
12661,minimum_down,74,113_CT_4,12661,72,74
12666,minimum_up,75,113_CT_4,12666,73,75
12667,minimum_down,75,113_CT_4,12667,73,75
12672,minimum_up,76,113_CT_4,12672,74,76
12673,minimum_down,76,113_CT_4,12673,74,76
12678,minimum_up,77,113_CT_4,12678,75,77
12679,minimum_down,77,113_CT_4,12679,75,77
12684,minimum_up,78,113_CT_4,12684,76,78
12685,minimum_down,78,113_CT_4,12685,76,78
12690,minimum_up,79,113_CT_4,12690,77,79
12691,minimum_down,79,113_CT_4,12691,77,79
12696,minimum_up,80,113_CT_4,12696,78,80
12697,minimum_down,80,113_CT_4,12697,78,80
12702,minimum_up,81,113_CT_4,12702,79,81
12703,minimum_down,81,113_CT_4,12703,79,81
12708,minimum_up,82,113_CT_4,12708,80,82
12709,minimum_down,82,113_CT_4,12709,80,82
12714,minimum_up,83,113_CT_4,12714,81,83
12715,minimum_down,83,113_CT_4,12715,81,83
12720,minimum_up,84,113_CT_4,12720,82,84
12721,minimum_down,84,113_CT_4,12721,82,84
12726,minimum_up,85,113_CT_4,12726,83,85
12727,minimum_down,85,113_CT_4,12727,83,85
12732,minimum_up,86,113_CT_4,12732,84,86
12733,minimum_down,86,113_CT_4,12733,84,86
12738,minimum_up,87,113_CT_4,12738,85,87
12739,minimum_down,87,113_CT_4,12739,85,87
12744,minimum_up,88,113_CT_4,12744,86,88
12745,minimum_down,88,113_CT_4,12745,86,88
12750,minimum_up,89,113_CT_4,12750,87,89
12751,minimum_down,89,113_CT_4,12751,87,89
12756,minimum_up,90,113_CT_4,12756,88,90
12757,minimum_down,90,113_CT_4,12757,88,90
12762,minimum_up,91,113_CT_4,12762,89,91
12763,minimum_down,91,113_CT_4,12763,89,91
12768,minimum_up,92,113_CT_4,12768,90,92
12769,minimum_down,92,113_CT_4,12769,90,92
12774,minimum_up,93,113_CT_4,12774,91,93
12775,minimum_down,93,113_CT_4,12775,91,93
12780,minimum_up,94,113_CT_4,12780,92,94
12781,minimum_down,94,113_CT_4,12781,92,94
12786,minimum_up,95,113_CT_4,12786,93,95
12787,minimum_down,95,113_CT_4,12787,93,95
12792,minimum_up,96,113_CT_4,12792,94,96
12793,minimum_down,96,113_CT_4,12793,94,96
12798,minimum_up,97,113_CT_4,12798,95,97
12799,minimum_down,97,113_CT_4,12799,95,97
12804,minimum_up,98,113_CT_4,12804,96,98
12805,minimum_down,98,113_CT_4,12805,96,98
12810,minimum_up,99,113_CT_4,12810,97,99
12811,minimum_down,99,113_CT_4,12811,97,99
12816,minimum_up,100,113_CT_4,12816,98,100
12817,minimum_down,100,113_CT_4,12817,98,100
12822,minimum_up,101,113_CT_4,12822,99,101
12823,minimum_down,101,113_CT_4,12823,99,101
12828,minimum_up,102,113_CT_4,12828,100,102
12829,minimum_down,102,113_CT_4,12829,100,102
12834,minimum_up,103,113_CT_4,12834,101,103
12835,minimum_down,103,113_CT_4,12835,101,103
12840,minimum_up,104,113_CT_4,12840,102,104
12841,minimum_down,104,113_CT_4,12841,102,104
12846,minimum_up,105,113_CT_4,12846,103,105
12847,minimum_down,105,113_CT_4,12847,103,105
12852,minimum_up,106,113_CT_4,12852,104,106
12853,minimum_down,106,113_CT_4,12853,104,106
12858,minimum_up,107,113_CT_4,12858,105,107
12859,minimum_down,107,113_CT_4,12859,105,107
12864,minimum_up,108,113_CT_4,12864,106,108
12865,minimum_down,108,113_CT_4,12865,106,108
12870,minimum_up,109,113_CT_4,12870,107,109
12871,minimum_down,109,113_CT_4,12871,107,109
12876,minimum_up,110,113_CT_4,12876,108,110
12877,minimum_down,110,113_CT_4,12877,108,110
12882,minimum_up,111,113_CT_4,12882,109,111
12883,minimum_down,111,113_CT_4,12883,109,111
12888,minimum_up,112,113_CT_4,12888,110,112
12889,minimum_down,112,113_CT_4,12889,110,112
12894,minimum_up,113,113_CT_4,12894,111,113
12895,minimum_down,113,113_CT_4,12895,111,113
12900,minimum_up,114,113_CT_4,12900,112,114
12901,minimum_down,114,113_CT_4,12901,112,114
12906,minimum_up,115,113_CT_4,12906,113,115
12907,minimum_down,115,113_CT_4,12907,113,115
12912,minimum_up,116,113_CT_4,12912,114,116
12913,minimum_down,116,113_CT_4,12913,114,116
12918,minimum_up,117,113_CT_4,12918,115,117
12919,minimum_down,117,113_CT_4,12919,115,117
12924,minimum_up,118,113_CT_4,12924,116,118
12925,minimum_down,118,113_CT_4,12925,116,118
12930,minimum_up,119,113_CT_4,12930,117,119
12931,minimum_down,119,113_CT_4,12931,117,119
12936,minimum_up,120,113_CT_4,12936,118,120
12937,minimum_down,120,113_CT_4,12937,118,120
12942,minimum_up,121,113_CT_4,12942,119,121
12943,minimum_down,121,113_CT_4,12943,119,121
12948,minimum_up,122,113_CT_4,12948,120,122
12949,minimum_down,122,113_CT_4,12949,120,122
12954,minimum_up,123,113_CT_4,12954,121,123
12955,minimum_down,123,113_CT_4,12955,121,123
12960,minimum_up,124,113_CT_4,12960,122,124
12961,minimum_down,124,113_CT_4,12961,122,124
12966,minimum_up,125,113_CT_4,12966,123,125
12967,minimum_down,125,113_CT_4,12967,123,125
12972,minimum_up,126,113_CT_4,12972,124,126
12973,minimum_down,126,113_CT_4,12973,124,126
12978,minimum_up,127,113_CT_4,12978,125,127
12979,minimum_down,127,113_CT_4,12979,125,127
12984,minimum_up,128,113_CT_4,12984,126,128
12985,minimum_down,128,113_CT_4,12985,126,128
12990,minimum_up,129,113_CT_4,12990,127,129
12991,minimum_down,129,113_CT_4,12991,127,129
12996,minimum_up,130,113_CT_4,12996,128,130
12997,minimum_down,130,113_CT_4,12997,128,130
13002,minimum_up,131,113_CT_4,13002,129,131
13003,minimum_down,131,113_CT_4,13003,129,131
13008,minimum_up,132,113_CT_4,13008,130,132
13009,minimum_down,132,113_CT_4,13009,130,132
13014,minimum_up,133,113_CT_4,13014,131,133
13015,minimum_down,133,113_CT_4,13015,131,133
13020,minimum_up,134,113_CT_4,13020,132,134
13021,minimum_down,134,113_CT_4,13021,132,134
13026,minimum_up,135,113_CT_4,13026,133,135
13027,minimum_down,135,113_CT_4,13027,133,135
13032,minimum_up,136,113_CT_4,13032,134,136
13033,minimum_down,136,113_CT_4,13033,134,136
13038,minimum_up,137,113_CT_4,13038,135,137
13039,minimum_down,137,113_CT_4,13039,135,137
13044,minimum_up,138,113_CT_4,13044,136,138
13045,minimum_down,138,113_CT_4,13045,136,138
13050,minimum_up,139,113_CT_4,13050,137,139
13051,minimum_down,139,113_CT_4,13051,137,139
13056,minimum_up,140,113_CT_4,13056,138,140
13057,minimum_down,140,113_CT_4,13057,138,140
13062,minimum_up,141,113_CT_4,13062,139,141
13063,minimum_down,141,113_CT_4,13063,139,141
13068,minimum_up,142,113_CT_4,13068,140,142
13069,minimum_down,142,113_CT_4,13069,140,142
13074,minimum_up,143,113_CT_4,13074,141,143
13075,minimum_down,143,113_CT_4,13075,141,143
13080,minimum_up,144,113_CT_4,13080,142,144
13081,minimum_down,144,113_CT_4,13081,142,144
13086,minimum_up,145,113_CT_4,13086,143,145
13087,minimum_down,145,113_CT_4,13087,143,145
13092,minimum_up,146,113_CT_4,13092,144,146
13093,minimum_down,146,113_CT_4,13093,144,146
13098,minimum_up,147,113_CT_4,13098,145,147
13099,minimum_down,147,113_CT_4,13099,145,147
13104,minimum_up,148,113_CT_4,13104,146,148
13105,minimum_down,148,113_CT_4,13105,146,148
13110,minimum_up,149,113_CT_4,13110,147,149
13111,minimum_down,149,113_CT_4,13111,147,149
13116,minimum_up,150,113_CT_4,13116,148,150
13117,minimum_down,150,113_CT_4,13117,148,150
13122,minimum_up,151,113_CT_4,13122,149,151
13123,minimum_down,151,113_CT_4,13123,149,151
13128,minimum_up,152,113_CT_4,13128,150,152
13129,minimum_down,152,113_CT_4,13129,150,152
13134,minimum_up,153,113_CT_4,13134,151,153
13135,minimum_down,153,113_CT_4,13135,151,153
13140,minimum_up,154,113_CT_4,13140,152,154
13141,minimum_down,154,113_CT_4,13141,152,154
13146,minimum_up,155,113_CT_4,13146,153,155
13147,minimum_down,155,113_CT_4,13147,153,155
13152,minimum_up,156,113_CT_4,13152,154,156
13153,minimum_down,156,113_CT_4,13153,154,156
13158,minimum_up,157,113_CT_4,13158,155,157
13159,minimum_down,157,113_CT_4,13159,155,157
13164,minimum_up,158,113_CT_4,13164,156,158
13165,minimum_down,158,113_CT_4,13165,156,158
13170,minimum_up,159,113_CT_4,13170,157,159
13171,minimum_down,159,113_CT_4,13171,157,159
13176,minimum_up,160,113_CT_4,13176,158,160
13177,minimum_down,160,113_CT_4,13177,158,160
13182,minimum_up,161,113_CT_4,13182,159,161
13183,minimum_down,161,113_CT_4,13183,159,161
13188,minimum_up,162,113_CT_4,13188,160,162
13189,minimum_down,162,113_CT_4,13189,160,162
13194,minimum_up,163,113_CT_4,13194,161,163
13195,minimum_down,163,113_CT_4,13195,161,163
13200,minimum_up,164,113_CT_4,13200,162,164
13201,minimum_down,164,113_CT_4,13201,162,164
13206,minimum_up,165,113_CT_4,13206,163,165
13207,minimum_down,165,113_CT_4,13207,163,165
13212,minimum_up,166,113_CT_4,13212,164,166
13213,minimum_down,166,113_CT_4,13213,164,166
13218,minimum_up,167,113_CT_4,13218,165,167
13219,minimum_down,167,113_CT_4,13219,165,167
13226,minimum_up,1,115_STEAM_1,13226,1,1
13227,minimum_down,1,115_STEAM_1,13227,1,1
13232,minimum_up,2,115_STEAM_1,13232,1,2
13233,minimum_down,2,115_STEAM_1,13233,1,2
13238,minimum_up,3,115_STEAM_1,13238,1,3
13239,minimum_down,3,115_STEAM_1,13239,2,3
13244,minimum_up,4,115_STEAM_1,13244,1,4
13245,minimum_down,4,115_STEAM_1,13245,3,4
13250,minimum_up,5,115_STEAM_1,13250,2,5
13251,minimum_down,5,115_STEAM_1,13251,4,5
13256,minimum_up,6,115_STEAM_1,13256,3,6
13257,minimum_down,6,115_STEAM_1,13257,5,6
13262,minimum_up,7,115_STEAM_1,13262,4,7
13263,minimum_down,7,115_STEAM_1,13263,6,7
13268,minimum_up,8,115_STEAM_1,13268,5,8
13269,minimum_down,8,115_STEAM_1,13269,7,8
13274,minimum_up,9,115_STEAM_1,13274,6,9
13275,minimum_down,9,115_STEAM_1,13275,8,9
13280,minimum_up,10,115_STEAM_1,13280,7,10
13281,minimum_down,10,115_STEAM_1,13281,9,10
13286,minimum_up,11,115_STEAM_1,13286,8,11
13287,minimum_down,11,115_STEAM_1,13287,10,11
13292,minimum_up,12,115_STEAM_1,13292,9,12
13293,minimum_down,12,115_STEAM_1,13293,11,12
13298,minimum_up,13,115_STEAM_1,13298,10,13
13299,minimum_down,13,115_STEAM_1,13299,12,13
13304,minimum_up,14,115_STEAM_1,13304,11,14
13305,minimum_down,14,115_STEAM_1,13305,13,14
13310,minimum_up,15,115_STEAM_1,13310,12,15
13311,minimum_down,15,115_STEAM_1,13311,14,15
13316,minimum_up,16,115_STEAM_1,13316,13,16
13317,minimum_down,16,115_STEAM_1,13317,15,16
13322,minimum_up,17,115_STEAM_1,13322,14,17
13323,minimum_down,17,115_STEAM_1,13323,16,17
13328,minimum_up,18,115_STEAM_1,13328,15,18
13329,minimum_down,18,115_STEAM_1,13329,17,18
13334,minimum_up,19,115_STEAM_1,13334,16,19
13335,minimum_down,19,115_STEAM_1,13335,18,19
13340,minimum_up,20,115_STEAM_1,13340,17,20
13341,minimum_down,20,115_STEAM_1,13341,19,20
13346,minimum_up,21,115_STEAM_1,13346,18,21
13347,minimum_down,21,115_STEAM_1,13347,20,21
13352,minimum_up,22,115_STEAM_1,13352,19,22
13353,minimum_down,22,115_STEAM_1,13353,21,22
13358,minimum_up,23,115_STEAM_1,13358,20,23
13359,minimum_down,23,115_STEAM_1,13359,22,23
13364,minimum_up,24,115_STEAM_1,13364,21,24
13365,minimum_down,24,115_STEAM_1,13365,23,24
13370,minimum_up,25,115_STEAM_1,13370,22,25
13371,minimum_down,25,115_STEAM_1,13371,24,25
13376,minimum_up,26,115_STEAM_1,13376,23,26
13377,minimum_down,26,115_STEAM_1,13377,25,26
13382,minimum_up,27,115_STEAM_1,13382,24,27
13383,minimum_down,27,115_STEAM_1,13383,26,27
13388,minimum_up,28,115_STEAM_1,13388,25,28
13389,minimum_down,28,115_STEAM_1,13389,27,28
13394,minimum_up,29,115_STEAM_1,13394,26,29
13395,minimum_down,29,115_STEAM_1,13395,28,29
13400,minimum_up,30,115_STEAM_1,13400,27,30
13401,minimum_down,30,115_STEAM_1,13401,29,30
13406,minimum_up,31,115_STEAM_1,13406,28,31
13407,minimum_down,31,115_STEAM_1,13407,30,31
13412,minimum_up,32,115_STEAM_1,13412,29,32
13413,minimum_down,32,115_STEAM_1,13413,31,32
13418,minimum_up,33,115_STEAM_1,13418,30,33
13419,minimum_down,33,115_STEAM_1,13419,32,33
13424,minimum_up,34,115_STEAM_1,13424,31,34
13425,minimum_down,34,115_STEAM_1,13425,33,34
13430,minimum_up,35,115_STEAM_1,13430,32,35
13431,minimum_down,35,115_STEAM_1,13431,34,35
13436,minimum_up,36,115_STEAM_1,13436,33,36
13437,minimum_down,36,115_STEAM_1,13437,35,36
13442,minimum_up,37,115_STEAM_1,13442,34,37
13443,minimum_down,37,115_STEAM_1,13443,36,37
13448,minimum_up,38,115_STEAM_1,13448,35,38
13449,minimum_down,38,115_STEAM_1,13449,37,38
13454,minimum_up,39,115_STEAM_1,13454,36,39
13455,minimum_down,39,115_STEAM_1,13455,38,39
13460,minimum_up,40,115_STEAM_1,13460,37,40
13461,minimum_down,40,115_STEAM_1,13461,39,40
13466,minimum_up,41,115_STEAM_1,13466,38,41
13467,minimum_down,41,115_STEAM_1,13467,40,41
13472,minimum_up,42,115_STEAM_1,13472,39,42
13473,minimum_down,42,115_STEAM_1,13473,41,42
13478,minimum_up,43,115_STEAM_1,13478,40,43
13479,minimum_down,43,115_STEAM_1,13479,42,43
13484,minimum_up,44,115_STEAM_1,13484,41,44
13485,minimum_down,44,115_STEAM_1,13485,43,44
13490,minimum_up,45,115_STEAM_1,13490,42,45
13491,minimum_down,45,115_STEAM_1,13491,44,45
13496,minimum_up,46,115_STEAM_1,13496,43,46
13497,minimum_down,46,115_STEAM_1,13497,45,46
13502,minimum_up,47,115_STEAM_1,13502,44,47
13503,minimum_down,47,115_STEAM_1,13503,46,47
13508,minimum_up,48,115_STEAM_1,13508,45,48
13509,minimum_down,48,115_STEAM_1,13509,47,48
13514,minimum_up,49,115_STEAM_1,13514,46,49
13515,minimum_down,49,115_STEAM_1,13515,48,49
13520,minimum_up,50,115_STEAM_1,13520,47,50
13521,minimum_down,50,115_STEAM_1,13521,49,50
13526,minimum_up,51,115_STEAM_1,13526,48,51
13527,minimum_down,51,115_STEAM_1,13527,50,51
13532,minimum_up,52,115_STEAM_1,13532,49,52
13533,minimum_down,52,115_STEAM_1,13533,51,52
13538,minimum_up,53,115_STEAM_1,13538,50,53
13539,minimum_down,53,115_STEAM_1,13539,52,53
13544,minimum_up,54,115_STEAM_1,13544,51,54
13545,minimum_down,54,115_STEAM_1,13545,53,54
13550,minimum_up,55,115_STEAM_1,13550,52,55
13551,minimum_down,55,115_STEAM_1,13551,54,55
13556,minimum_up,56,115_STEAM_1,13556,53,56
13557,minimum_down,56,115_STEAM_1,13557,55,56
13562,minimum_up,57,115_STEAM_1,13562,54,57
13563,minimum_down,57,115_STEAM_1,13563,56,57
13568,minimum_up,58,115_STEAM_1,13568,55,58
13569,minimum_down,58,115_STEAM_1,13569,57,58
13574,minimum_up,59,115_STEAM_1,13574,56,59
13575,minimum_down,59,115_STEAM_1,13575,58,59
13580,minimum_up,60,115_STEAM_1,13580,57,60
13581,minimum_down,60,115_STEAM_1,13581,59,60
13586,minimum_up,61,115_STEAM_1,13586,58,61
13587,minimum_down,61,115_STEAM_1,13587,60,61
13592,minimum_up,62,115_STEAM_1,13592,59,62
13593,minimum_down,62,115_STEAM_1,13593,61,62
13598,minimum_up,63,115_STEAM_1,13598,60,63
13599,minimum_down,63,115_STEAM_1,13599,62,63
13604,minimum_up,64,115_STEAM_1,13604,61,64
13605,minimum_down,64,115_STEAM_1,13605,63,64
13610,minimum_up,65,115_STEAM_1,13610,62,65
13611,minimum_down,65,115_STEAM_1,13611,64,65
13616,minimum_up,66,115_STEAM_1,13616,63,66
13617,minimum_down,66,115_STEAM_1,13617,65,66
13622,minimum_up,67,115_STEAM_1,13622,64,67
13623,minimum_down,67,115_STEAM_1,13623,66,67
13628,minimum_up,68,115_STEAM_1,13628,65,68
13629,minimum_down,68,115_STEAM_1,13629,67,68
13634,minimum_up,69,115_STEAM_1,13634,66,69
13635,minimum_down,69,115_STEAM_1,13635,68,69
13640,minimum_up,70,115_STEAM_1,13640,67,70
13641,minimum_down,70,115_STEAM_1,13641,69,70
13646,minimum_up,71,115_STEAM_1,13646,68,71
13647,minimum_down,71,115_STEAM_1,13647,70,71
13652,minimum_up,72,115_STEAM_1,13652,69,72
13653,minimum_down,72,115_STEAM_1,13653,71,72
13658,minimum_up,73,115_STEAM_1,13658,70,73
13659,minimum_down,73,115_STEAM_1,13659,72,73
13664,minimum_up,74,115_STEAM_1,13664,71,74
13665,minimum_down,74,115_STEAM_1,13665,73,74
13670,minimum_up,75,115_STEAM_1,13670,72,75
13671,minimum_down,75,115_STEAM_1,13671,74,75
13676,minimum_up,76,115_STEAM_1,13676,73,76
13677,minimum_down,76,115_STEAM_1,13677,75,76
13682,minimum_up,77,115_STEAM_1,13682,74,77
13683,minimum_down,77,115_STEAM_1,13683,76,77
13688,minimum_up,78,115_STEAM_1,13688,75,78
13689,minimum_down,78,115_STEAM_1,13689,77,78
13694,minimum_up,79,115_STEAM_1,13694,76,79
13695,minimum_down,79,115_STEAM_1,13695,78,79
13700,minimum_up,80,115_STEAM_1,13700,77,80
13701,minimum_down,80,115_STEAM_1,13701,79,80
13706,minimum_up,81,115_STEAM_1,13706,78,81
13707,minimum_down,81,115_STEAM_1,13707,80,81
13712,minimum_up,82,115_STEAM_1,13712,79,82
13713,minimum_down,82,115_STEAM_1,13713,81,82
13718,minimum_up,83,115_STEAM_1,13718,80,83
13719,minimum_down,83,115_STEAM_1,13719,82,83
13724,minimum_up,84,115_STEAM_1,13724,81,84
13725,minimum_down,84,115_STEAM_1,13725,83,84
13730,minimum_up,85,115_STEAM_1,13730,82,85
13731,minimum_down,85,115_STEAM_1,13731,84,85
13736,minimum_up,86,115_STEAM_1,13736,83,86
13737,minimum_down,86,115_STEAM_1,13737,85,86
13742,minimum_up,87,115_STEAM_1,13742,84,87
13743,minimum_down,87,115_STEAM_1,13743,86,87
13748,minimum_up,88,115_STEAM_1,13748,85,88
13749,minimum_down,88,115_STEAM_1,13749,87,88
13754,minimum_up,89,115_STEAM_1,13754,86,89
13755,minimum_down,89,115_STEAM_1,13755,88,89
13760,minimum_up,90,115_STEAM_1,13760,87,90
13761,minimum_down,90,115_STEAM_1,13761,89,90
13766,minimum_up,91,115_STEAM_1,13766,88,91
13767,minimum_down,91,115_STEAM_1,13767,90,91
13772,minimum_up,92,115_STEAM_1,13772,89,92
13773,minimum_down,92,115_STEAM_1,13773,91,92
13778,minimum_up,93,115_STEAM_1,13778,90,93
13779,minimum_down,93,115_STEAM_1,13779,92,93
13784,minimum_up,94,115_STEAM_1,13784,91,94
13785,minimum_down,94,115_STEAM_1,13785,93,94
13790,minimum_up,95,115_STEAM_1,13790,92,95
13791,minimum_down,95,115_STEAM_1,13791,94,95
13796,minimum_up,96,115_STEAM_1,13796,93,96
13797,minimum_down,96,115_STEAM_1,13797,95,96
13802,minimum_up,97,115_STEAM_1,13802,94,97
13803,minimum_down,97,115_STEAM_1,13803,96,97
13808,minimum_up,98,115_STEAM_1,13808,95,98
13809,minimum_down,98,115_STEAM_1,13809,97,98
13814,minimum_up,99,115_STEAM_1,13814,96,99
13815,minimum_down,99,115_STEAM_1,13815,98,99
13820,minimum_up,100,115_STEAM_1,13820,97,100
13821,minimum_down,100,115_STEAM_1,13821,99,100
13826,minimum_up,101,115_STEAM_1,13826,98,101
13827,minimum_down,101,115_STEAM_1,13827,100,101
13832,minimum_up,102,115_STEAM_1,13832,99,102
13833,minimum_down,102,115_STEAM_1,13833,101,102
13838,minimum_up,103,115_STEAM_1,13838,100,103
13839,minimum_down,103,115_STEAM_1,13839,102,103
13844,minimum_up,104,115_STEAM_1,13844,101,104
13845,minimum_down,104,115_STEAM_1,13845,103,104
13850,minimum_up,105,115_STEAM_1,13850,102,105
13851,minimum_down,105,115_STEAM_1,13851,104,105
13856,minimum_up,106,115_STEAM_1,13856,103,106
13857,minimum_down,106,115_STEAM_1,13857,105,106
13862,minimum_up,107,115_STEAM_1,13862,104,107
13863,minimum_down,107,115_STEAM_1,13863,106,107
13868,minimum_up,108,115_STEAM_1,13868,105,108
13869,minimum_down,108,115_STEAM_1,13869,107,108
13874,minimum_up,109,115_STEAM_1,13874,106,109
13875,minimum_down,109,115_STEAM_1,13875,108,109
13880,minimum_up,110,115_STEAM_1,13880,107,110
13881,minimum_down,110,115_STEAM_1,13881,109,110
13886,minimum_up,111,115_STEAM_1,13886,108,111
13887,minimum_down,111,115_STEAM_1,13887,110,111
13892,minimum_up,112,115_STEAM_1,13892,109,112
13893,minimum_down,112,115_STEAM_1,13893,111,112
13898,minimum_up,113,115_STEAM_1,13898,110,113
13899,minimum_down,113,115_STEAM_1,13899,112,113
13904,minimum_up,114,115_STEAM_1,13904,111,114
13905,minimum_down,114,115_STEAM_1,13905,113,114
13910,minimum_up,115,115_STEAM_1,13910,112,115
13911,minimum_down,115,115_STEAM_1,13911,114,115
13916,minimum_up,116,115_STEAM_1,13916,113,116
13917,minimum_down,116,115_STEAM_1,13917,115,116
13922,minimum_up,117,115_STEAM_1,13922,114,117
13923,minimum_down,117,115_STEAM_1,13923,116,117
13928,minimum_up,118,115_STEAM_1,13928,115,118
13929,minimum_down,118,115_STEAM_1,13929,117,118
13934,minimum_up,119,115_STEAM_1,13934,116,119
13935,minimum_down,119,115_STEAM_1,13935,118,119
13940,minimum_up,120,115_STEAM_1,13940,117,120
13941,minimum_down,120,115_STEAM_1,13941,119,120
13946,minimum_up,121,115_STEAM_1,13946,118,121
13947,minimum_down,121,115_STEAM_1,13947,120,121
13952,minimum_up,122,115_STEAM_1,13952,119,122
13953,minimum_down,122,115_STEAM_1,13953,121,122
13958,minimum_up,123,115_STEAM_1,13958,120,123
13959,minimum_down,123,115_STEAM_1,13959,122,123
13964,minimum_up,124,115_STEAM_1,13964,121,124
13965,minimum_down,124,115_STEAM_1,13965,123,124
13970,minimum_up,125,115_STEAM_1,13970,122,125
13971,minimum_down,125,115_STEAM_1,13971,124,125
13976,minimum_up,126,115_STEAM_1,13976,123,126
13977,minimum_down,126,115_STEAM_1,13977,125,126
13982,minimum_up,127,115_STEAM_1,13982,124,127
13983,minimum_down,127,115_STEAM_1,13983,126,127
13988,minimum_up,128,115_STEAM_1,13988,125,128
13989,minimum_down,128,115_STEAM_1,13989,127,128
13994,minimum_up,129,115_STEAM_1,13994,126,129
13995,minimum_down,129,115_STEAM_1,13995,128,129
14000,minimum_up,130,115_STEAM_1,14000,127,130
14001,minimum_down,130,115_STEAM_1,14001,129,130
14006,minimum_up,131,115_STEAM_1,14006,128,131
14007,minimum_down,131,115_STEAM_1,14007,130,131
14012,minimum_up,132,115_STEAM_1,14012,129,132
14013,minimum_down,132,115_STEAM_1,14013,131,132
14018,minimum_up,133,115_STEAM_1,14018,130,133
14019,minimum_down,133,115_STEAM_1,14019,132,133
14024,minimum_up,134,115_STEAM_1,14024,131,134
14025,minimum_down,134,115_STEAM_1,14025,133,134
14030,minimum_up,135,115_STEAM_1,14030,132,135
14031,minimum_down,135,115_STEAM_1,14031,134,135
14036,minimum_up,136,115_STEAM_1,14036,133,136
14037,minimum_down,136,115_STEAM_1,14037,135,136
14042,minimum_up,137,115_STEAM_1,14042,134,137
14043,minimum_down,137,115_STEAM_1,14043,136,137
14048,minimum_up,138,115_STEAM_1,14048,135,138
14049,minimum_down,138,115_STEAM_1,14049,137,138
14054,minimum_up,139,115_STEAM_1,14054,136,139
14055,minimum_down,139,115_STEAM_1,14055,138,139
14060,minimum_up,140,115_STEAM_1,14060,137,140
14061,minimum_down,140,115_STEAM_1,14061,139,140
14066,minimum_up,141,115_STEAM_1,14066,138,141
14067,minimum_down,141,115_STEAM_1,14067,140,141
14072,minimum_up,142,115_STEAM_1,14072,139,142
14073,minimum_down,142,115_STEAM_1,14073,141,142
14078,minimum_up,143,115_STEAM_1,14078,140,143
14079,minimum_down,143,115_STEAM_1,14079,142,143
14084,minimum_up,144,115_STEAM_1,14084,141,144
14085,minimum_down,144,115_STEAM_1,14085,143,144
14090,minimum_up,145,115_STEAM_1,14090,142,145
14091,minimum_down,145,115_STEAM_1,14091,144,145
14096,minimum_up,146,115_STEAM_1,14096,143,146
14097,minimum_down,146,115_STEAM_1,14097,145,146
14102,minimum_up,147,115_STEAM_1,14102,144,147
14103,minimum_down,147,115_STEAM_1,14103,146,147
14108,minimum_up,148,115_STEAM_1,14108,145,148
14109,minimum_down,148,115_STEAM_1,14109,147,148
14114,minimum_up,149,115_STEAM_1,14114,146,149
14115,minimum_down,149,115_STEAM_1,14115,148,149
14120,minimum_up,150,115_STEAM_1,14120,147,150
14121,minimum_down,150,115_STEAM_1,14121,149,150
14126,minimum_up,151,115_STEAM_1,14126,148,151
14127,minimum_down,151,115_STEAM_1,14127,150,151
14132,minimum_up,152,115_STEAM_1,14132,149,152
14133,minimum_down,152,115_STEAM_1,14133,151,152
14138,minimum_up,153,115_STEAM_1,14138,150,153
14139,minimum_down,153,115_STEAM_1,14139,152,153
14144,minimum_up,154,115_STEAM_1,14144,151,154
14145,minimum_down,154,115_STEAM_1,14145,153,154
14150,minimum_up,155,115_STEAM_1,14150,152,155
14151,minimum_down,155,115_STEAM_1,14151,154,155
14156,minimum_up,156,115_STEAM_1,14156,153,156
14157,minimum_down,156,115_STEAM_1,14157,155,156
14162,minimum_up,157,115_STEAM_1,14162,154,157
14163,minimum_down,157,115_STEAM_1,14163,156,157
14168,minimum_up,158,115_STEAM_1,14168,155,158
14169,minimum_down,158,115_STEAM_1,14169,157,158
14174,minimum_up,159,115_STEAM_1,14174,156,159
14175,minimum_down,159,115_STEAM_1,14175,158,159
14180,minimum_up,160,115_STEAM_1,14180,157,160
14181,minimum_down,160,115_STEAM_1,14181,159,160
14186,minimum_up,161,115_STEAM_1,14186,158,161
14187,minimum_down,161,115_STEAM_1,14187,160,161
14192,minimum_up,162,115_STEAM_1,14192,159,162
14193,minimum_down,162,115_STEAM_1,14193,161,162
14198,minimum_up,163,115_STEAM_1,14198,160,163
14199,minimum_down,163,115_STEAM_1,14199,162,163
14204,minimum_up,164,115_STEAM_1,14204,161,164
14205,minimum_down,164,115_STEAM_1,14205,163,164
14210,minimum_up,165,115_STEAM_1,14210,162,165
14211,minimum_down,165,115_STEAM_1,14211,164,165
14216,minimum_up,166,115_STEAM_1,14216,163,166
14217,minimum_down,166,115_STEAM_1,14217,165,166
14222,minimum_up,167,115_STEAM_1,14222,164,167
14223,minimum_down,167,115_STEAM_1,14223,166,167
14230,minimum_up,1,115_STEAM_2,14230,1,1
14231,minimum_down,1,115_STEAM_2,14231,1,1
14236,minimum_up,2,115_STEAM_2,14236,1,2
14237,minimum_down,2,115_STEAM_2,14237,1,2
14242,minimum_up,3,115_STEAM_2,14242,1,3
14243,minimum_down,3,115_STEAM_2,14243,2,3
14248,minimum_up,4,115_STEAM_2,14248,1,4
14249,minimum_down,4,115_STEAM_2,14249,3,4
14254,minimum_up,5,115_STEAM_2,14254,2,5
14255,minimum_down,5,115_STEAM_2,14255,4,5
14260,minimum_up,6,115_STEAM_2,14260,3,6
14261,minimum_down,6,115_STEAM_2,14261,5,6
14266,minimum_up,7,115_STEAM_2,14266,4,7
14267,minimum_down,7,115_STEAM_2,14267,6,7
14272,minimum_up,8,115_STEAM_2,14272,5,8
14273,minimum_down,8,115_STEAM_2,14273,7,8
14278,minimum_up,9,115_STEAM_2,14278,6,9
14279,minimum_down,9,115_STEAM_2,14279,8,9
14284,minimum_up,10,115_STEAM_2,14284,7,10
14285,minimum_down,10,115_STEAM_2,14285,9,10
14290,minimum_up,11,115_STEAM_2,14290,8,11
14291,minimum_down,11,115_STEAM_2,14291,10,11
14296,minimum_up,12,115_STEAM_2,14296,9,12
14297,minimum_down,12,115_STEAM_2,14297,11,12
14302,minimum_up,13,115_STEAM_2,14302,10,13
14303,minimum_down,13,115_STEAM_2,14303,12,13
14308,minimum_up,14,115_STEAM_2,14308,11,14
14309,minimum_down,14,115_STEAM_2,14309,13,14
14314,minimum_up,15,115_STEAM_2,14314,12,15
14315,minimum_down,15,115_STEAM_2,14315,14,15
14320,minimum_up,16,115_STEAM_2,14320,13,16
14321,minimum_down,16,115_STEAM_2,14321,15,16
14326,minimum_up,17,115_STEAM_2,14326,14,17
14327,minimum_down,17,115_STEAM_2,14327,16,17
14332,minimum_up,18,115_STEAM_2,14332,15,18
14333,minimum_down,18,115_STEAM_2,14333,17,18
14338,minimum_up,19,115_STEAM_2,14338,16,19
14339,minimum_down,19,115_STEAM_2,14339,18,19
14344,minimum_up,20,115_STEAM_2,14344,17,20
14345,minimum_down,20,115_STEAM_2,14345,19,20
14350,minimum_up,21,115_STEAM_2,14350,18,21
14351,minimum_down,21,115_STEAM_2,14351,20,21
14356,minimum_up,22,115_STEAM_2,14356,19,22
14357,minimum_down,22,115_STEAM_2,14357,21,22
14362,minimum_up,23,115_STEAM_2,14362,20,23
14363,minimum_down,23,115_STEAM_2,14363,22,23
14368,minimum_up,24,115_STEAM_2,14368,21,24
14369,minimum_down,24,115_STEAM_2,14369,23,24
14374,minimum_up,25,115_STEAM_2,14374,22,25
14375,minimum_down,25,115_STEAM_2,14375,24,25
14380,minimum_up,26,115_STEAM_2,14380,23,26
14381,minimum_down,26,115_STEAM_2,14381,25,26
14386,minimum_up,27,115_STEAM_2,14386,24,27
14387,minimum_down,27,115_STEAM_2,14387,26,27
14392,minimum_up,28,115_STEAM_2,14392,25,28
14393,minimum_down,28,115_STEAM_2,14393,27,28
14398,minimum_up,29,115_STEAM_2,14398,26,29
14399,minimum_down,29,115_STEAM_2,14399,28,29
14404,minimum_up,30,115_STEAM_2,14404,27,30
14405,minimum_down,30,115_STEAM_2,14405,29,30
14410,minimum_up,31,115_STEAM_2,14410,28,31
14411,minimum_down,31,115_STEAM_2,14411,30,31
14416,minimum_up,32,115_STEAM_2,14416,29,32
14417,minimum_down,32,115_STEAM_2,14417,31,32
14422,minimum_up,33,115_STEAM_2,14422,30,33
14423,minimum_down,33,115_STEAM_2,14423,32,33
14428,minimum_up,34,115_STEAM_2,14428,31,34
14429,minimum_down,34,115_STEAM_2,14429,33,34
14434,minimum_up,35,115_STEAM_2,14434,32,35
14435,minimum_down,35,115_STEAM_2,14435,34,35
14440,minimum_up,36,115_STEAM_2,14440,33,36
14441,minimum_down,36,115_STEAM_2,14441,35,36
14446,minimum_up,37,115_STEAM_2,14446,34,37
14447,minimum_down,37,115_STEAM_2,14447,36,37
14452,minimum_up,38,115_STEAM_2,14452,35,38
14453,minimum_down,38,115_STEAM_2,14453,37,38
14458,minimum_up,39,115_STEAM_2,14458,36,39
14459,minimum_down,39,115_STEAM_2,14459,38,39
14464,minimum_up,40,115_STEAM_2,14464,37,40
14465,minimum_down,40,115_STEAM_2,14465,39,40
14470,minimum_up,41,115_STEAM_2,14470,38,41
14471,minimum_down,41,115_STEAM_2,14471,40,41
14476,minimum_up,42,115_STEAM_2,14476,39,42
14477,minimum_down,42,115_STEAM_2,14477,41,42
14482,minimum_up,43,115_STEAM_2,14482,40,43
14483,minimum_down,43,115_STEAM_2,14483,42,43
14488,minimum_up,44,115_STEAM_2,14488,41,44
14489,minimum_down,44,115_STEAM_2,14489,43,44
14494,minimum_up,45,115_STEAM_2,14494,42,45
14495,minimum_down,45,115_STEAM_2,14495,44,45
14500,minimum_up,46,115_STEAM_2,14500,43,46
14501,minimum_down,46,115_STEAM_2,14501,45,46
14506,minimum_up,47,115_STEAM_2,14506,44,47
14507,minimum_down,47,115_STEAM_2,14507,46,47
14512,minimum_up,48,115_STEAM_2,14512,45,48
14513,minimum_down,48,115_STEAM_2,14513,47,48
14518,minimum_up,49,115_STEAM_2,14518,46,49
14519,minimum_down,49,115_STEAM_2,14519,48,49
14524,minimum_up,50,115_STEAM_2,14524,47,50
14525,minimum_down,50,115_STEAM_2,14525,49,50
14530,minimum_up,51,115_STEAM_2,14530,48,51
14531,minimum_down,51,115_STEAM_2,14531,50,51
14536,minimum_up,52,115_STEAM_2,14536,49,52
14537,minimum_down,52,115_STEAM_2,14537,51,52
14542,minimum_up,53,115_STEAM_2,14542,50,53
14543,minimum_down,53,115_STEAM_2,14543,52,53
14548,minimum_up,54,115_STEAM_2,14548,51,54
14549,minimum_down,54,115_STEAM_2,14549,53,54
14554,minimum_up,55,115_STEAM_2,14554,52,55
14555,minimum_down,55,115_STEAM_2,14555,54,55
14560,minimum_up,56,115_STEAM_2,14560,53,56
14561,minimum_down,56,115_STEAM_2,14561,55,56
14566,minimum_up,57,115_STEAM_2,14566,54,57
14567,minimum_down,57,115_STEAM_2,14567,56,57
14572,minimum_up,58,115_STEAM_2,14572,55,58
14573,minimum_down,58,115_STEAM_2,14573,57,58
14578,minimum_up,59,115_STEAM_2,14578,56,59
14579,minimum_down,59,115_STEAM_2,14579,58,59
14584,minimum_up,60,115_STEAM_2,14584,57,60
14585,minimum_down,60,115_STEAM_2,14585,59,60
14590,minimum_up,61,115_STEAM_2,14590,58,61
14591,minimum_down,61,115_STEAM_2,14591,60,61
14596,minimum_up,62,115_STEAM_2,14596,59,62
14597,minimum_down,62,115_STEAM_2,14597,61,62
14602,minimum_up,63,115_STEAM_2,14602,60,63
14603,minimum_down,63,115_STEAM_2,14603,62,63
14608,minimum_up,64,115_STEAM_2,14608,61,64
14609,minimum_down,64,115_STEAM_2,14609,63,64
14614,minimum_up,65,115_STEAM_2,14614,62,65
14615,minimum_down,65,115_STEAM_2,14615,64,65
14620,minimum_up,66,115_STEAM_2,14620,63,66
14621,minimum_down,66,115_STEAM_2,14621,65,66
14626,minimum_up,67,115_STEAM_2,14626,64,67
14627,minimum_down,67,115_STEAM_2,14627,66,67
14632,minimum_up,68,115_STEAM_2,14632,65,68
14633,minimum_down,68,115_STEAM_2,14633,67,68
14638,minimum_up,69,115_STEAM_2,14638,66,69
14639,minimum_down,69,115_STEAM_2,14639,68,69
14644,minimum_up,70,115_STEAM_2,14644,67,70
14645,minimum_down,70,115_STEAM_2,14645,69,70
14650,minimum_up,71,115_STEAM_2,14650,68,71
14651,minimum_down,71,115_STEAM_2,14651,70,71
14656,minimum_up,72,115_STEAM_2,14656,69,72
14657,minimum_down,72,115_STEAM_2,14657,71,72
14662,minimum_up,73,115_STEAM_2,14662,70,73
14663,minimum_down,73,115_STEAM_2,14663,72,73
14668,minimum_up,74,115_STEAM_2,14668,71,74
14669,minimum_down,74,115_STEAM_2,14669,73,74
14674,minimum_up,75,115_STEAM_2,14674,72,75
14675,minimum_down,75,115_STEAM_2,14675,74,75
14680,minimum_up,76,115_STEAM_2,14680,73,76
14681,minimum_down,76,115_STEAM_2,14681,75,76
14686,minimum_up,77,115_STEAM_2,14686,74,77
14687,minimum_down,77,115_STEAM_2,14687,76,77
14692,minimum_up,78,115_STEAM_2,14692,75,78
14693,minimum_down,78,115_STEAM_2,14693,77,78
14698,minimum_up,79,115_STEAM_2,14698,76,79
14699,minimum_down,79,115_STEAM_2,14699,78,79
14704,minimum_up,80,115_STEAM_2,14704,77,80
14705,minimum_down,80,115_STEAM_2,14705,79,80
14710,minimum_up,81,115_STEAM_2,14710,78,81
14711,minimum_down,81,115_STEAM_2,14711,80,81
14716,minimum_up,82,115_STEAM_2,14716,79,82
14717,minimum_down,82,115_STEAM_2,14717,81,82
14722,minimum_up,83,115_STEAM_2,14722,80,83
14723,minimum_down,83,115_STEAM_2,14723,82,83
14728,minimum_up,84,115_STEAM_2,14728,81,84
14729,minimum_down,84,115_STEAM_2,14729,83,84
14734,minimum_up,85,115_STEAM_2,14734,82,85
14735,minimum_down,85,115_STEAM_2,14735,84,85
14740,minimum_up,86,115_STEAM_2,14740,83,86
14741,minimum_down,86,115_STEAM_2,14741,85,86
14746,minimum_up,87,115_STEAM_2,14746,84,87
14747,minimum_down,87,115_STEAM_2,14747,86,87
14752,minimum_up,88,115_STEAM_2,14752,85,88
14753,minimum_down,88,115_STEAM_2,14753,87,88
14758,minimum_up,89,115_STEAM_2,14758,86,89
14759,minimum_down,89,115_STEAM_2,14759,88,89
14764,minimum_up,90,115_STEAM_2,14764,87,90
14765,minimum_down,90,115_STEAM_2,14765,89,90
14770,minimum_up,91,115_STEAM_2,14770,88,91
14771,minimum_down,91,115_STEAM_2,14771,90,91
14776,minimum_up,92,115_STEAM_2,14776,89,92
14777,minimum_down,92,115_STEAM_2,14777,91,92
14782,minimum_up,93,115_STEAM_2,14782,90,93
14783,minimum_down,93,115_STEAM_2,14783,92,93
14788,minimum_up,94,115_STEAM_2,14788,91,94
14789,minimum_down,94,115_STEAM_2,14789,93,94
14794,minimum_up,95,115_STEAM_2,14794,92,95
14795,minimum_down,95,115_STEAM_2,14795,94,95
14800,minimum_up,96,115_STEAM_2,14800,93,96
14801,minimum_down,96,115_STEAM_2,14801,95,96
14806,minimum_up,97,115_STEAM_2,14806,94,97
14807,minimum_down,97,115_STEAM_2,14807,96,97
14812,minimum_up,98,115_STEAM_2,14812,95,98
14813,minimum_down,98,115_STEAM_2,14813,97,98
14818,minimum_up,99,115_STEAM_2,14818,96,99
14819,minimum_down,99,115_STEAM_2,14819,98,99
14824,minimum_up,100,115_STEAM_2,14824,97,100
14825,minimum_down,100,115_STEAM_2,14825,99,100
14830,minimum_up,101,115_STEAM_2,14830,98,101
14831,minimum_down,101,115_STEAM_2,14831,100,101
14836,minimum_up,102,115_STEAM_2,14836,99,102
14837,minimum_down,102,115_STEAM_2,14837,101,102
14842,minimum_up,103,115_STEAM_2,14842,100,103
14843,minimum_down,103,115_STEAM_2,14843,102,103
14848,minimum_up,104,115_STEAM_2,14848,101,104
14849,minimum_down,104,115_STEAM_2,14849,103,104
14854,minimum_up,105,115_STEAM_2,14854,102,105
14855,minimum_down,105,115_STEAM_2,14855,104,105
14860,minimum_up,106,115_STEAM_2,14860,103,106
14861,minimum_down,106,115_STEAM_2,14861,105,106
14866,minimum_up,107,115_STEAM_2,14866,104,107
14867,minimum_down,107,115_STEAM_2,14867,106,107
14872,minimum_up,108,115_STEAM_2,14872,105,108
14873,minimum_down,108,115_STEAM_2,14873,107,108
14878,minimum_up,109,115_STEAM_2,14878,106,109
14879,minimum_down,109,115_STEAM_2,14879,108,109
14884,minimum_up,110,115_STEAM_2,14884,107,110
14885,minimum_down,110,115_STEAM_2,14885,109,110
14890,minimum_up,111,115_STEAM_2,14890,108,111
14891,minimum_down,111,115_STEAM_2,14891,110,111
14896,minimum_up,112,115_STEAM_2,14896,109,112
14897,minimum_down,112,115_STEAM_2,14897,111,112
14902,minimum_up,113,115_STEAM_2,14902,110,113
14903,minimum_down,113,115_STEAM_2,14903,112,113
14908,minimum_up,114,115_STEAM_2,14908,111,114
14909,minimum_down,114,115_STEAM_2,14909,113,114
14914,minimum_up,115,115_STEAM_2,14914,112,115
14915,minimum_down,115,115_STEAM_2,14915,114,115
14920,minimum_up,116,115_STEAM_2,14920,113,116
14921,minimum_down,116,115_STEAM_2,14921,115,116
14926,minimum_up,117,115_STEAM_2,14926,114,117
14927,minimum_down,117,115_STEAM_2,14927,116,117
14932,minimum_up,118,115_STEAM_2,14932,115,118
14933,minimum_down,118,115_STEAM_2,14933,117,118
14938,minimum_up,119,115_STEAM_2,14938,116,119
14939,minimum_down,119,115_STEAM_2,14939,118,119
14944,minimum_up,120,115_STEAM_2,14944,117,120
14945,minimum_down,120,115_STEAM_2,14945,119,120
14950,minimum_up,121,115_STEAM_2,14950,118,121
14951,minimum_down,121,115_STEAM_2,14951,120,121
14956,minimum_up,122,115_STEAM_2,14956,119,122
14957,minimum_down,122,115_STEAM_2,14957,121,122
14962,minimum_up,123,115_STEAM_2,14962,120,123
14963,minimum_down,123,115_STEAM_2,14963,122,123
14968,minimum_up,124,115_STEAM_2,14968,121,124
14969,minimum_down,124,115_STEAM_2,14969,123,124
14974,minimum_up,125,115_STEAM_2,14974,122,125
14975,minimum_down,125,115_STEAM_2,14975,124,125
14980,minimum_up,126,115_STEAM_2,14980,123,126
14981,minimum_down,126,115_STEAM_2,14981,125,126
14986,minimum_up,127,115_STEAM_2,14986,124,127
14987,minimum_down,127,115_STEAM_2,14987,126,127
14992,minimum_up,128,115_STEAM_2,14992,125,128
14993,minimum_down,128,115_STEAM_2,14993,127,128
14998,minimum_up,129,115_STEAM_2,14998,126,129
14999,minimum_down,129,115_STEAM_2,14999,128,129
15004,minimum_up,130,115_STEAM_2,15004,127,130
15005,minimum_down,130,115_STEAM_2,15005,129,130
15010,minimum_up,131,115_STEAM_2,15010,128,131
15011,minimum_down,131,115_STEAM_2,15011,130,131
15016,minimum_up,132,115_STEAM_2,15016,129,132
15017,minimum_down,132,115_STEAM_2,15017,131,132
15022,minimum_up,133,115_STEAM_2,15022,130,133
15023,minimum_down,133,115_STEAM_2,15023,132,133
15028,minimum_up,134,115_STEAM_2,15028,131,134
15029,minimum_down,134,115_STEAM_2,15029,133,134
15034,minimum_up,135,115_STEAM_2,15034,132,135
15035,minimum_down,135,115_STEAM_2,15035,134,135
15040,minimum_up,136,115_STEAM_2,15040,133,136
15041,minimum_down,136,115_STEAM_2,15041,135,136
15046,minimum_up,137,115_STEAM_2,15046,134,137
15047,minimum_down,137,115_STEAM_2,15047,136,137
15052,minimum_up,138,115_STEAM_2,15052,135,138
15053,minimum_down,138,115_STEAM_2,15053,137,138
15058,minimum_up,139,115_STEAM_2,15058,136,139
15059,minimum_down,139,115_STEAM_2,15059,138,139
15064,minimum_up,140,115_STEAM_2,15064,137,140
15065,minimum_down,140,115_STEAM_2,15065,139,140
15070,minimum_up,141,115_STEAM_2,15070,138,141
15071,minimum_down,141,115_STEAM_2,15071,140,141
15076,minimum_up,142,115_STEAM_2,15076,139,142
15077,minimum_down,142,115_STEAM_2,15077,141,142
15082,minimum_up,143,115_STEAM_2,15082,140,143
15083,minimum_down,143,115_STEAM_2,15083,142,143
15088,minimum_up,144,115_STEAM_2,15088,141,144
15089,minimum_down,144,115_STEAM_2,15089,143,144
15094,minimum_up,145,115_STEAM_2,15094,142,145
15095,minimum_down,145,115_STEAM_2,15095,144,145
15100,minimum_up,146,115_STEAM_2,15100,143,146
15101,minimum_down,146,115_STEAM_2,15101,145,146
15106,minimum_up,147,115_STEAM_2,15106,144,147
15107,minimum_down,147,115_STEAM_2,15107,146,147
15112,minimum_up,148,115_STEAM_2,15112,145,148
15113,minimum_down,148,115_STEAM_2,15113,147,148
15118,minimum_up,149,115_STEAM_2,15118,146,149
15119,minimum_down,149,115_STEAM_2,15119,148,149
15124,minimum_up,150,115_STEAM_2,15124,147,150
15125,minimum_down,150,115_STEAM_2,15125,149,150
15130,minimum_up,151,115_STEAM_2,15130,148,151
15131,minimum_down,151,115_STEAM_2,15131,150,151
15136,minimum_up,152,115_STEAM_2,15136,149,152
15137,minimum_down,152,115_STEAM_2,15137,151,152
15142,minimum_up,153,115_STEAM_2,15142,150,153
15143,minimum_down,153,115_STEAM_2,15143,152,153
15148,minimum_up,154,115_STEAM_2,15148,151,154
15149,minimum_down,154,115_STEAM_2,15149,153,154
15154,minimum_up,155,115_STEAM_2,15154,152,155
15155,minimum_down,155,115_STEAM_2,15155,154,155
15160,minimum_up,156,115_STEAM_2,15160,153,156
15161,minimum_down,156,115_STEAM_2,15161,155,156
15166,minimum_up,157,115_STEAM_2,15166,154,157
15167,minimum_down,157,115_STEAM_2,15167,156,157
15172,minimum_up,158,115_STEAM_2,15172,155,158
15173,minimum_down,158,115_STEAM_2,15173,157,158
15178,minimum_up,159,115_STEAM_2,15178,156,159
15179,minimum_down,159,115_STEAM_2,15179,158,159
15184,minimum_up,160,115_STEAM_2,15184,157,160
15185,minimum_down,160,115_STEAM_2,15185,159,160
15190,minimum_up,161,115_STEAM_2,15190,158,161
15191,minimum_down,161,115_STEAM_2,15191,160,161
15196,minimum_up,162,115_STEAM_2,15196,159,162
15197,minimum_down,162,115_STEAM_2,15197,161,162
15202,minimum_up,163,115_STEAM_2,15202,160,163
15203,minimum_down,163,115_STEAM_2,15203,162,163
15208,minimum_up,164,115_STEAM_2,15208,161,164
15209,minimum_down,164,115_STEAM_2,15209,163,164
15214,minimum_up,165,115_STEAM_2,15214,162,165
15215,minimum_down,165,115_STEAM_2,15215,164,165
15220,minimum_up,166,115_STEAM_2,15220,163,166
15221,minimum_down,166,115_STEAM_2,15221,165,166
15226,minimum_up,167,115_STEAM_2,15226,164,167
15227,minimum_down,167,115_STEAM_2,15227,166,167
15234,minimum_up,1,115_STEAM_3,15234,1,1
15235,minimum_down,1,115_STEAM_3,15235,1,1
15240,minimum_up,2,115_STEAM_3,15240,1,2
15241,minimum_down,2,115_STEAM_3,15241,1,2
15246,minimum_up,3,115_STEAM_3,15246,1,3
15247,minimum_down,3,115_STEAM_3,15247,1,3
15252,minimum_up,4,115_STEAM_3,15252,1,4
15253,minimum_down,4,115_STEAM_3,15253,1,4
15258,minimum_up,5,115_STEAM_3,15258,1,5
15259,minimum_down,5,115_STEAM_3,15259,1,5
15264,minimum_up,6,115_STEAM_3,15264,1,6
15265,minimum_down,6,115_STEAM_3,15265,1,6
15270,minimum_up,7,115_STEAM_3,15270,1,7
15271,minimum_down,7,115_STEAM_3,15271,1,7
15276,minimum_up,8,115_STEAM_3,15276,1,8
15277,minimum_down,8,115_STEAM_3,15277,1,8
15282,minimum_up,9,115_STEAM_3,15282,2,9
15283,minimum_down,9,115_STEAM_3,15283,2,9
15288,minimum_up,10,115_STEAM_3,15288,3,10
15289,minimum_down,10,115_STEAM_3,15289,3,10
15294,minimum_up,11,115_STEAM_3,15294,4,11
15295,minimum_down,11,115_STEAM_3,15295,4,11
15300,minimum_up,12,115_STEAM_3,15300,5,12
15301,minimum_down,12,115_STEAM_3,15301,5,12
15306,minimum_up,13,115_STEAM_3,15306,6,13
15307,minimum_down,13,115_STEAM_3,15307,6,13
15312,minimum_up,14,115_STEAM_3,15312,7,14
15313,minimum_down,14,115_STEAM_3,15313,7,14
15318,minimum_up,15,115_STEAM_3,15318,8,15
15319,minimum_down,15,115_STEAM_3,15319,8,15
15324,minimum_up,16,115_STEAM_3,15324,9,16
15325,minimum_down,16,115_STEAM_3,15325,9,16
15330,minimum_up,17,115_STEAM_3,15330,10,17
15331,minimum_down,17,115_STEAM_3,15331,10,17
15336,minimum_up,18,115_STEAM_3,15336,11,18
15337,minimum_down,18,115_STEAM_3,15337,11,18
15342,minimum_up,19,115_STEAM_3,15342,12,19
15343,minimum_down,19,115_STEAM_3,15343,12,19
15348,minimum_up,20,115_STEAM_3,15348,13,20
15349,minimum_down,20,115_STEAM_3,15349,13,20
15354,minimum_up,21,115_STEAM_3,15354,14,21
15355,minimum_down,21,115_STEAM_3,15355,14,21
15360,minimum_up,22,115_STEAM_3,15360,15,22
15361,minimum_down,22,115_STEAM_3,15361,15,22
15366,minimum_up,23,115_STEAM_3,15366,16,23
15367,minimum_down,23,115_STEAM_3,15367,16,23
15372,minimum_up,24,115_STEAM_3,15372,17,24
15373,minimum_down,24,115_STEAM_3,15373,17,24
15378,minimum_up,25,115_STEAM_3,15378,18,25
15379,minimum_down,25,115_STEAM_3,15379,18,25
15384,minimum_up,26,115_STEAM_3,15384,19,26
15385,minimum_down,26,115_STEAM_3,15385,19,26
15390,minimum_up,27,115_STEAM_3,15390,20,27
15391,minimum_down,27,115_STEAM_3,15391,20,27
15396,minimum_up,28,115_STEAM_3,15396,21,28
15397,minimum_down,28,115_STEAM_3,15397,21,28
15402,minimum_up,29,115_STEAM_3,15402,22,29
15403,minimum_down,29,115_STEAM_3,15403,22,29
15408,minimum_up,30,115_STEAM_3,15408,23,30
15409,minimum_down,30,115_STEAM_3,15409,23,30
15414,minimum_up,31,115_STEAM_3,15414,24,31
15415,minimum_down,31,115_STEAM_3,15415,24,31
15420,minimum_up,32,115_STEAM_3,15420,25,32
15421,minimum_down,32,115_STEAM_3,15421,25,32
15426,minimum_up,33,115_STEAM_3,15426,26,33
15427,minimum_down,33,115_STEAM_3,15427,26,33
15432,minimum_up,34,115_STEAM_3,15432,27,34
15433,minimum_down,34,115_STEAM_3,15433,27,34
15438,minimum_up,35,115_STEAM_3,15438,28,35
15439,minimum_down,35,115_STEAM_3,15439,28,35
15444,minimum_up,36,115_STEAM_3,15444,29,36
15445,minimum_down,36,115_STEAM_3,15445,29,36
15450,minimum_up,37,115_STEAM_3,15450,30,37
15451,minimum_down,37,115_STEAM_3,15451,30,37
15456,minimum_up,38,115_STEAM_3,15456,31,38
15457,minimum_down,38,115_STEAM_3,15457,31,38
15462,minimum_up,39,115_STEAM_3,15462,32,39
15463,minimum_down,39,115_STEAM_3,15463,32,39
15468,minimum_up,40,115_STEAM_3,15468,33,40
15469,minimum_down,40,115_STEAM_3,15469,33,40
15474,minimum_up,41,115_STEAM_3,15474,34,41
15475,minimum_down,41,115_STEAM_3,15475,34,41
15480,minimum_up,42,115_STEAM_3,15480,35,42
15481,minimum_down,42,115_STEAM_3,15481,35,42
15486,minimum_up,43,115_STEAM_3,15486,36,43
15487,minimum_down,43,115_STEAM_3,15487,36,43
15492,minimum_up,44,115_STEAM_3,15492,37,44
15493,minimum_down,44,115_STEAM_3,15493,37,44
15498,minimum_up,45,115_STEAM_3,15498,38,45
15499,minimum_down,45,115_STEAM_3,15499,38,45
15504,minimum_up,46,115_STEAM_3,15504,39,46
15505,minimum_down,46,115_STEAM_3,15505,39,46
15510,minimum_up,47,115_STEAM_3,15510,40,47
15511,minimum_down,47,115_STEAM_3,15511,40,47
15516,minimum_up,48,115_STEAM_3,15516,41,48
15517,minimum_down,48,115_STEAM_3,15517,41,48
15522,minimum_up,49,115_STEAM_3,15522,42,49
15523,minimum_down,49,115_STEAM_3,15523,42,49
15528,minimum_up,50,115_STEAM_3,15528,43,50
15529,minimum_down,50,115_STEAM_3,15529,43,50
15534,minimum_up,51,115_STEAM_3,15534,44,51
15535,minimum_down,51,115_STEAM_3,15535,44,51
15540,minimum_up,52,115_STEAM_3,15540,45,52
15541,minimum_down,52,115_STEAM_3,15541,45,52
15546,minimum_up,53,115_STEAM_3,15546,46,53
15547,minimum_down,53,115_STEAM_3,15547,46,53
15552,minimum_up,54,115_STEAM_3,15552,47,54
15553,minimum_down,54,115_STEAM_3,15553,47,54
15558,minimum_up,55,115_STEAM_3,15558,48,55
15559,minimum_down,55,115_STEAM_3,15559,48,55
15564,minimum_up,56,115_STEAM_3,15564,49,56
15565,minimum_down,56,115_STEAM_3,15565,49,56
15570,minimum_up,57,115_STEAM_3,15570,50,57
15571,minimum_down,57,115_STEAM_3,15571,50,57
15576,minimum_up,58,115_STEAM_3,15576,51,58
15577,minimum_down,58,115_STEAM_3,15577,51,58
15582,minimum_up,59,115_STEAM_3,15582,52,59
15583,minimum_down,59,115_STEAM_3,15583,52,59
15588,minimum_up,60,115_STEAM_3,15588,53,60
15589,minimum_down,60,115_STEAM_3,15589,53,60
15594,minimum_up,61,115_STEAM_3,15594,54,61
15595,minimum_down,61,115_STEAM_3,15595,54,61
15600,minimum_up,62,115_STEAM_3,15600,55,62
15601,minimum_down,62,115_STEAM_3,15601,55,62
15606,minimum_up,63,115_STEAM_3,15606,56,63
15607,minimum_down,63,115_STEAM_3,15607,56,63
15612,minimum_up,64,115_STEAM_3,15612,57,64
15613,minimum_down,64,115_STEAM_3,15613,57,64
15618,minimum_up,65,115_STEAM_3,15618,58,65
15619,minimum_down,65,115_STEAM_3,15619,58,65
15624,minimum_up,66,115_STEAM_3,15624,59,66
15625,minimum_down,66,115_STEAM_3,15625,59,66
15630,minimum_up,67,115_STEAM_3,15630,60,67
15631,minimum_down,67,115_STEAM_3,15631,60,67
15636,minimum_up,68,115_STEAM_3,15636,61,68
15637,minimum_down,68,115_STEAM_3,15637,61,68
15642,minimum_up,69,115_STEAM_3,15642,62,69
15643,minimum_down,69,115_STEAM_3,15643,62,69
15648,minimum_up,70,115_STEAM_3,15648,63,70
15649,minimum_down,70,115_STEAM_3,15649,63,70
15654,minimum_up,71,115_STEAM_3,15654,64,71
15655,minimum_down,71,115_STEAM_3,15655,64,71
15660,minimum_up,72,115_STEAM_3,15660,65,72
15661,minimum_down,72,115_STEAM_3,15661,65,72
15666,minimum_up,73,115_STEAM_3,15666,66,73
15667,minimum_down,73,115_STEAM_3,15667,66,73
15672,minimum_up,74,115_STEAM_3,15672,67,74
15673,minimum_down,74,115_STEAM_3,15673,67,74
15678,minimum_up,75,115_STEAM_3,15678,68,75
15679,minimum_down,75,115_STEAM_3,15679,68,75
15684,minimum_up,76,115_STEAM_3,15684,69,76
15685,minimum_down,76,115_STEAM_3,15685,69,76
15690,minimum_up,77,115_STEAM_3,15690,70,77
15691,minimum_down,77,115_STEAM_3,15691,70,77
15696,minimum_up,78,115_STEAM_3,15696,71,78
15697,minimum_down,78,115_STEAM_3,15697,71,78
15702,minimum_up,79,115_STEAM_3,15702,72,79
15703,minimum_down,79,115_STEAM_3,15703,72,79
15708,minimum_up,80,115_STEAM_3,15708,73,80
15709,minimum_down,80,115_STEAM_3,15709,73,80
15714,minimum_up,81,115_STEAM_3,15714,74,81
15715,minimum_down,81,115_STEAM_3,15715,74,81
15720,minimum_up,82,115_STEAM_3,15720,75,82
15721,minimum_down,82,115_STEAM_3,15721,75,82
15726,minimum_up,83,115_STEAM_3,15726,76,83
15727,minimum_down,83,115_STEAM_3,15727,76,83
15732,minimum_up,84,115_STEAM_3,15732,77,84
15733,minimum_down,84,115_STEAM_3,15733,77,84
15738,minimum_up,85,115_STEAM_3,15738,78,85
15739,minimum_down,85,115_STEAM_3,15739,78,85
15744,minimum_up,86,115_STEAM_3,15744,79,86
15745,minimum_down,86,115_STEAM_3,15745,79,86
15750,minimum_up,87,115_STEAM_3,15750,80,87
15751,minimum_down,87,115_STEAM_3,15751,80,87
15756,minimum_up,88,115_STEAM_3,15756,81,88
15757,minimum_down,88,115_STEAM_3,15757,81,88
15762,minimum_up,89,115_STEAM_3,15762,82,89
15763,minimum_down,89,115_STEAM_3,15763,82,89
15768,minimum_up,90,115_STEAM_3,15768,83,90
15769,minimum_down,90,115_STEAM_3,15769,83,90
15774,minimum_up,91,115_STEAM_3,15774,84,91
15775,minimum_down,91,115_STEAM_3,15775,84,91
15780,minimum_up,92,115_STEAM_3,15780,85,92
15781,minimum_down,92,115_STEAM_3,15781,85,92
15786,minimum_up,93,115_STEAM_3,15786,86,93
15787,minimum_down,93,115_STEAM_3,15787,86,93
15792,minimum_up,94,115_STEAM_3,15792,87,94
15793,minimum_down,94,115_STEAM_3,15793,87,94
15798,minimum_up,95,115_STEAM_3,15798,88,95
15799,minimum_down,95,115_STEAM_3,15799,88,95
15804,minimum_up,96,115_STEAM_3,15804,89,96
15805,minimum_down,96,115_STEAM_3,15805,89,96
15810,minimum_up,97,115_STEAM_3,15810,90,97
15811,minimum_down,97,115_STEAM_3,15811,90,97
15816,minimum_up,98,115_STEAM_3,15816,91,98
15817,minimum_down,98,115_STEAM_3,15817,91,98
15822,minimum_up,99,115_STEAM_3,15822,92,99
15823,minimum_down,99,115_STEAM_3,15823,92,99
15828,minimum_up,100,115_STEAM_3,15828,93,100
15829,minimum_down,100,115_STEAM_3,15829,93,100
15834,minimum_up,101,115_STEAM_3,15834,94,101
15835,minimum_down,101,115_STEAM_3,15835,94,101
15840,minimum_up,102,115_STEAM_3,15840,95,102
15841,minimum_down,102,115_STEAM_3,15841,95,102
15846,minimum_up,103,115_STEAM_3,15846,96,103
15847,minimum_down,103,115_STEAM_3,15847,96,103
15852,minimum_up,104,115_STEAM_3,15852,97,104
15853,minimum_down,104,115_STEAM_3,15853,97,104
15858,minimum_up,105,115_STEAM_3,15858,98,105
15859,minimum_down,105,115_STEAM_3,15859,98,105
15864,minimum_up,106,115_STEAM_3,15864,99,106
15865,minimum_down,106,115_STEAM_3,15865,99,106
15870,minimum_up,107,115_STEAM_3,15870,100,107
15871,minimum_down,107,115_STEAM_3,15871,100,107
15876,minimum_up,108,115_STEAM_3,15876,101,108
15877,minimum_down,108,115_STEAM_3,15877,101,108
15882,minimum_up,109,115_STEAM_3,15882,102,109
15883,minimum_down,109,115_STEAM_3,15883,102,109
15888,minimum_up,110,115_STEAM_3,15888,103,110
15889,minimum_down,110,115_STEAM_3,15889,103,110
15894,minimum_up,111,115_STEAM_3,15894,104,111
15895,minimum_down,111,115_STEAM_3,15895,104,111
15900,minimum_up,112,115_STEAM_3,15900,105,112
15901,minimum_down,112,115_STEAM_3,15901,105,112
15906,minimum_up,113,115_STEAM_3,15906,106,113
15907,minimum_down,113,115_STEAM_3,15907,106,113
15912,minimum_up,114,115_STEAM_3,15912,107,114
15913,minimum_down,114,115_STEAM_3,15913,107,114
15918,minimum_up,115,115_STEAM_3,15918,108,115
15919,minimum_down,115,115_STEAM_3,15919,108,115
15924,minimum_up,116,115_STEAM_3,15924,109,116
15925,minimum_down,116,115_STEAM_3,15925,109,116
15930,minimum_up,117,115_STEAM_3,15930,110,117
15931,minimum_down,117,115_STEAM_3,15931,110,117
15936,minimum_up,118,115_STEAM_3,15936,111,118
15937,minimum_down,118,115_STEAM_3,15937,111,118
15942,minimum_up,119,115_STEAM_3,15942,112,119
15943,minimum_down,119,115_STEAM_3,15943,112,119
15948,minimum_up,120,115_STEAM_3,15948,113,120
15949,minimum_down,120,115_STEAM_3,15949,113,120
15954,minimum_up,121,115_STEAM_3,15954,114,121
15955,minimum_down,121,115_STEAM_3,15955,114,121
15960,minimum_up,122,115_STEAM_3,15960,115,122
15961,minimum_down,122,115_STEAM_3,15961,115,122
15966,minimum_up,123,115_STEAM_3,15966,116,123
15967,minimum_down,123,115_STEAM_3,15967,116,123
15972,minimum_up,124,115_STEAM_3,15972,117,124
15973,minimum_down,124,115_STEAM_3,15973,117,124
15978,minimum_up,125,115_STEAM_3,15978,118,125
15979,minimum_down,125,115_STEAM_3,15979,118,125
15984,minimum_up,126,115_STEAM_3,15984,119,126
15985,minimum_down,126,115_STEAM_3,15985,119,126
15990,minimum_up,127,115_STEAM_3,15990,120,127
15991,minimum_down,127,115_STEAM_3,15991,120,127
15996,minimum_up,128,115_STEAM_3,15996,121,128
15997,minimum_down,128,115_STEAM_3,15997,121,128
16002,minimum_up,129,115_STEAM_3,16002,122,129
16003,minimum_down,129,115_STEAM_3,16003,122,129
16008,minimum_up,130,115_STEAM_3,16008,123,130
16009,minimum_down,130,115_STEAM_3,16009,123,130
16014,minimum_up,131,115_STEAM_3,16014,124,131
16015,minimum_down,131,115_STEAM_3,16015,124,131
16020,minimum_up,132,115_STEAM_3,16020,125,132
16021,minimum_down,132,115_STEAM_3,16021,125,132
16026,minimum_up,133,115_STEAM_3,16026,126,133
16027,minimum_down,133,115_STEAM_3,16027,126,133
16032,minimum_up,134,115_STEAM_3,16032,127,134
16033,minimum_down,134,115_STEAM_3,16033,127,134
16038,minimum_up,135,115_STEAM_3,16038,128,135
16039,minimum_down,135,115_STEAM_3,16039,128,135
16044,minimum_up,136,115_STEAM_3,16044,129,136
16045,minimum_down,136,115_STEAM_3,16045,129,136
16050,minimum_up,137,115_STEAM_3,16050,130,137
16051,minimum_down,137,115_STEAM_3,16051,130,137
16056,minimum_up,138,115_STEAM_3,16056,131,138
16057,minimum_down,138,115_STEAM_3,16057,131,138
16062,minimum_up,139,115_STEAM_3,16062,132,139
16063,minimum_down,139,115_STEAM_3,16063,132,139
16068,minimum_up,140,115_STEAM_3,16068,133,140
16069,minimum_down,140,115_STEAM_3,16069,133,140
16074,minimum_up,141,115_STEAM_3,16074,134,141
16075,minimum_down,141,115_STEAM_3,16075,134,141
16080,minimum_up,142,115_STEAM_3,16080,135,142
16081,minimum_down,142,115_STEAM_3,16081,135,142
16086,minimum_up,143,115_STEAM_3,16086,136,143
16087,minimum_down,143,115_STEAM_3,16087,136,143
16092,minimum_up,144,115_STEAM_3,16092,137,144
16093,minimum_down,144,115_STEAM_3,16093,137,144
16098,minimum_up,145,115_STEAM_3,16098,138,145
16099,minimum_down,145,115_STEAM_3,16099,138,145
16104,minimum_up,146,115_STEAM_3,16104,139,146
16105,minimum_down,146,115_STEAM_3,16105,139,146
16110,minimum_up,147,115_STEAM_3,16110,140,147
16111,minimum_down,147,115_STEAM_3,16111,140,147
16116,minimum_up,148,115_STEAM_3,16116,141,148
16117,minimum_down,148,115_STEAM_3,16117,141,148
16122,minimum_up,149,115_STEAM_3,16122,142,149
16123,minimum_down,149,115_STEAM_3,16123,142,149
16128,minimum_up,150,115_STEAM_3,16128,143,150
16129,minimum_down,150,115_STEAM_3,16129,143,150
16134,minimum_up,151,115_STEAM_3,16134,144,151
16135,minimum_down,151,115_STEAM_3,16135,144,151
16140,minimum_up,152,115_STEAM_3,16140,145,152
16141,minimum_down,152,115_STEAM_3,16141,145,152
16146,minimum_up,153,115_STEAM_3,16146,146,153
16147,minimum_down,153,115_STEAM_3,16147,146,153
16152,minimum_up,154,115_STEAM_3,16152,147,154
16153,minimum_down,154,115_STEAM_3,16153,147,154
16158,minimum_up,155,115_STEAM_3,16158,148,155
16159,minimum_down,155,115_STEAM_3,16159,148,155
16164,minimum_up,156,115_STEAM_3,16164,149,156
16165,minimum_down,156,115_STEAM_3,16165,149,156
16170,minimum_up,157,115_STEAM_3,16170,150,157
16171,minimum_down,157,115_STEAM_3,16171,150,157
16176,minimum_up,158,115_STEAM_3,16176,151,158
16177,minimum_down,158,115_STEAM_3,16177,151,158
16182,minimum_up,159,115_STEAM_3,16182,152,159
16183,minimum_down,159,115_STEAM_3,16183,152,159
16188,minimum_up,160,115_STEAM_3,16188,153,160
16189,minimum_down,160,115_STEAM_3,16189,153,160
16194,minimum_up,161,115_STEAM_3,16194,154,161
16195,minimum_down,161,115_STEAM_3,16195,154,161
16200,minimum_up,162,115_STEAM_3,16200,155,162
16201,minimum_down,162,115_STEAM_3,16201,155,162
16206,minimum_up,163,115_STEAM_3,16206,156,163
16207,minimum_down,163,115_STEAM_3,16207,156,163
16212,minimum_up,164,115_STEAM_3,16212,157,164
16213,minimum_down,164,115_STEAM_3,16213,157,164
16218,minimum_up,165,115_STEAM_3,16218,158,165
16219,minimum_down,165,115_STEAM_3,16219,158,165
16224,minimum_up,166,115_STEAM_3,16224,159,166
16225,minimum_down,166,115_STEAM_3,16225,159,166
16230,minimum_up,167,115_STEAM_3,16230,160,167
16231,minimum_down,167,115_STEAM_3,16231,160,167
16238,minimum_up,1,116_STEAM_1,16238,1,1
16239,minimum_down,1,116_STEAM_1,16239,1,1
16244,minimum_up,2,116_STEAM_1,16244,1,2
16245,minimum_down,2,116_STEAM_1,16245,1,2
16250,minimum_up,3,116_STEAM_1,16250,1,3
16251,minimum_down,3,116_STEAM_1,16251,1,3
16256,minimum_up,4,116_STEAM_1,16256,1,4
16257,minimum_down,4,116_STEAM_1,16257,1,4
16262,minimum_up,5,116_STEAM_1,16262,1,5
16263,minimum_down,5,116_STEAM_1,16263,1,5
16268,minimum_up,6,116_STEAM_1,16268,1,6
16269,minimum_down,6,116_STEAM_1,16269,1,6
16274,minimum_up,7,116_STEAM_1,16274,1,7
16275,minimum_down,7,116_STEAM_1,16275,1,7
16280,minimum_up,8,116_STEAM_1,16280,1,8
16281,minimum_down,8,116_STEAM_1,16281,1,8
16286,minimum_up,9,116_STEAM_1,16286,2,9
16287,minimum_down,9,116_STEAM_1,16287,2,9
16292,minimum_up,10,116_STEAM_1,16292,3,10
16293,minimum_down,10,116_STEAM_1,16293,3,10
16298,minimum_up,11,116_STEAM_1,16298,4,11
16299,minimum_down,11,116_STEAM_1,16299,4,11
16304,minimum_up,12,116_STEAM_1,16304,5,12
16305,minimum_down,12,116_STEAM_1,16305,5,12
16310,minimum_up,13,116_STEAM_1,16310,6,13
16311,minimum_down,13,116_STEAM_1,16311,6,13
16316,minimum_up,14,116_STEAM_1,16316,7,14
16317,minimum_down,14,116_STEAM_1,16317,7,14
16322,minimum_up,15,116_STEAM_1,16322,8,15
16323,minimum_down,15,116_STEAM_1,16323,8,15
16328,minimum_up,16,116_STEAM_1,16328,9,16
16329,minimum_down,16,116_STEAM_1,16329,9,16
16334,minimum_up,17,116_STEAM_1,16334,10,17
16335,minimum_down,17,116_STEAM_1,16335,10,17
16340,minimum_up,18,116_STEAM_1,16340,11,18
16341,minimum_down,18,116_STEAM_1,16341,11,18
16346,minimum_up,19,116_STEAM_1,16346,12,19
16347,minimum_down,19,116_STEAM_1,16347,12,19
16352,minimum_up,20,116_STEAM_1,16352,13,20
16353,minimum_down,20,116_STEAM_1,16353,13,20
16358,minimum_up,21,116_STEAM_1,16358,14,21
16359,minimum_down,21,116_STEAM_1,16359,14,21
16364,minimum_up,22,116_STEAM_1,16364,15,22
16365,minimum_down,22,116_STEAM_1,16365,15,22
16370,minimum_up,23,116_STEAM_1,16370,16,23
16371,minimum_down,23,116_STEAM_1,16371,16,23
16376,minimum_up,24,116_STEAM_1,16376,17,24
16377,minimum_down,24,116_STEAM_1,16377,17,24
16382,minimum_up,25,116_STEAM_1,16382,18,25
16383,minimum_down,25,116_STEAM_1,16383,18,25
16388,minimum_up,26,116_STEAM_1,16388,19,26
16389,minimum_down,26,116_STEAM_1,16389,19,26
16394,minimum_up,27,116_STEAM_1,16394,20,27
16395,minimum_down,27,116_STEAM_1,16395,20,27
16400,minimum_up,28,116_STEAM_1,16400,21,28
16401,minimum_down,28,116_STEAM_1,16401,21,28
16406,minimum_up,29,116_STEAM_1,16406,22,29
16407,minimum_down,29,116_STEAM_1,16407,22,29
16412,minimum_up,30,116_STEAM_1,16412,23,30
16413,minimum_down,30,116_STEAM_1,16413,23,30
16418,minimum_up,31,116_STEAM_1,16418,24,31
16419,minimum_down,31,116_STEAM_1,16419,24,31
16424,minimum_up,32,116_STEAM_1,16424,25,32
16425,minimum_down,32,116_STEAM_1,16425,25,32
16430,minimum_up,33,116_STEAM_1,16430,26,33
16431,minimum_down,33,116_STEAM_1,16431,26,33
16436,minimum_up,34,116_STEAM_1,16436,27,34
16437,minimum_down,34,116_STEAM_1,16437,27,34
16442,minimum_up,35,116_STEAM_1,16442,28,35
16443,minimum_down,35,116_STEAM_1,16443,28,35
16448,minimum_up,36,116_STEAM_1,16448,29,36
16449,minimum_down,36,116_STEAM_1,16449,29,36
16454,minimum_up,37,116_STEAM_1,16454,30,37
16455,minimum_down,37,116_STEAM_1,16455,30,37
16460,minimum_up,38,116_STEAM_1,16460,31,38
16461,minimum_down,38,116_STEAM_1,16461,31,38
16466,minimum_up,39,116_STEAM_1,16466,32,39
16467,minimum_down,39,116_STEAM_1,16467,32,39
16472,minimum_up,40,116_STEAM_1,16472,33,40
16473,minimum_down,40,116_STEAM_1,16473,33,40
16478,minimum_up,41,116_STEAM_1,16478,34,41
16479,minimum_down,41,116_STEAM_1,16479,34,41
16484,minimum_up,42,116_STEAM_1,16484,35,42
16485,minimum_down,42,116_STEAM_1,16485,35,42
16490,minimum_up,43,116_STEAM_1,16490,36,43
16491,minimum_down,43,116_STEAM_1,16491,36,43
16496,minimum_up,44,116_STEAM_1,16496,37,44
16497,minimum_down,44,116_STEAM_1,16497,37,44
16502,minimum_up,45,116_STEAM_1,16502,38,45
16503,minimum_down,45,116_STEAM_1,16503,38,45
16508,minimum_up,46,116_STEAM_1,16508,39,46
16509,minimum_down,46,116_STEAM_1,16509,39,46
16514,minimum_up,47,116_STEAM_1,16514,40,47
16515,minimum_down,47,116_STEAM_1,16515,40,47
16520,minimum_up,48,116_STEAM_1,16520,41,48
16521,minimum_down,48,116_STEAM_1,16521,41,48
16526,minimum_up,49,116_STEAM_1,16526,42,49
16527,minimum_down,49,116_STEAM_1,16527,42,49
16532,minimum_up,50,116_STEAM_1,16532,43,50
16533,minimum_down,50,116_STEAM_1,16533,43,50
16538,minimum_up,51,116_STEAM_1,16538,44,51
16539,minimum_down,51,116_STEAM_1,16539,44,51
16544,minimum_up,52,116_STEAM_1,16544,45,52
16545,minimum_down,52,116_STEAM_1,16545,45,52
16550,minimum_up,53,116_STEAM_1,16550,46,53
16551,minimum_down,53,116_STEAM_1,16551,46,53
16556,minimum_up,54,116_STEAM_1,16556,47,54
16557,minimum_down,54,116_STEAM_1,16557,47,54
16562,minimum_up,55,116_STEAM_1,16562,48,55
16563,minimum_down,55,116_STEAM_1,16563,48,55
16568,minimum_up,56,116_STEAM_1,16568,49,56
16569,minimum_down,56,116_STEAM_1,16569,49,56
16574,minimum_up,57,116_STEAM_1,16574,50,57
16575,minimum_down,57,116_STEAM_1,16575,50,57
16580,minimum_up,58,116_STEAM_1,16580,51,58
16581,minimum_down,58,116_STEAM_1,16581,51,58
16586,minimum_up,59,116_STEAM_1,16586,52,59
16587,minimum_down,59,116_STEAM_1,16587,52,59
16592,minimum_up,60,116_STEAM_1,16592,53,60
16593,minimum_down,60,116_STEAM_1,16593,53,60
16598,minimum_up,61,116_STEAM_1,16598,54,61
16599,minimum_down,61,116_STEAM_1,16599,54,61
16604,minimum_up,62,116_STEAM_1,16604,55,62
16605,minimum_down,62,116_STEAM_1,16605,55,62
16610,minimum_up,63,116_STEAM_1,16610,56,63
16611,minimum_down,63,116_STEAM_1,16611,56,63
16616,minimum_up,64,116_STEAM_1,16616,57,64
16617,minimum_down,64,116_STEAM_1,16617,57,64
16622,minimum_up,65,116_STEAM_1,16622,58,65
16623,minimum_down,65,116_STEAM_1,16623,58,65
16628,minimum_up,66,116_STEAM_1,16628,59,66
16629,minimum_down,66,116_STEAM_1,16629,59,66
16634,minimum_up,67,116_STEAM_1,16634,60,67
16635,minimum_down,67,116_STEAM_1,16635,60,67
16640,minimum_up,68,116_STEAM_1,16640,61,68
16641,minimum_down,68,116_STEAM_1,16641,61,68
16646,minimum_up,69,116_STEAM_1,16646,62,69
16647,minimum_down,69,116_STEAM_1,16647,62,69
16652,minimum_up,70,116_STEAM_1,16652,63,70
16653,minimum_down,70,116_STEAM_1,16653,63,70
16658,minimum_up,71,116_STEAM_1,16658,64,71
16659,minimum_down,71,116_STEAM_1,16659,64,71
16664,minimum_up,72,116_STEAM_1,16664,65,72
16665,minimum_down,72,116_STEAM_1,16665,65,72
16670,minimum_up,73,116_STEAM_1,16670,66,73
16671,minimum_down,73,116_STEAM_1,16671,66,73
16676,minimum_up,74,116_STEAM_1,16676,67,74
16677,minimum_down,74,116_STEAM_1,16677,67,74
16682,minimum_up,75,116_STEAM_1,16682,68,75
16683,minimum_down,75,116_STEAM_1,16683,68,75
16688,minimum_up,76,116_STEAM_1,16688,69,76
16689,minimum_down,76,116_STEAM_1,16689,69,76
16694,minimum_up,77,116_STEAM_1,16694,70,77
16695,minimum_down,77,116_STEAM_1,16695,70,77
16700,minimum_up,78,116_STEAM_1,16700,71,78
16701,minimum_down,78,116_STEAM_1,16701,71,78
16706,minimum_up,79,116_STEAM_1,16706,72,79
16707,minimum_down,79,116_STEAM_1,16707,72,79
16712,minimum_up,80,116_STEAM_1,16712,73,80
16713,minimum_down,80,116_STEAM_1,16713,73,80
16718,minimum_up,81,116_STEAM_1,16718,74,81
16719,minimum_down,81,116_STEAM_1,16719,74,81
16724,minimum_up,82,116_STEAM_1,16724,75,82
16725,minimum_down,82,116_STEAM_1,16725,75,82
16730,minimum_up,83,116_STEAM_1,16730,76,83
16731,minimum_down,83,116_STEAM_1,16731,76,83
16736,minimum_up,84,116_STEAM_1,16736,77,84
16737,minimum_down,84,116_STEAM_1,16737,77,84
16742,minimum_up,85,116_STEAM_1,16742,78,85
16743,minimum_down,85,116_STEAM_1,16743,78,85
16748,minimum_up,86,116_STEAM_1,16748,79,86
16749,minimum_down,86,116_STEAM_1,16749,79,86
16754,minimum_up,87,116_STEAM_1,16754,80,87
16755,minimum_down,87,116_STEAM_1,16755,80,87
16760,minimum_up,88,116_STEAM_1,16760,81,88
16761,minimum_down,88,116_STEAM_1,16761,81,88
16766,minimum_up,89,116_STEAM_1,16766,82,89
16767,minimum_down,89,116_STEAM_1,16767,82,89
16772,minimum_up,90,116_STEAM_1,16772,83,90
16773,minimum_down,90,116_STEAM_1,16773,83,90
16778,minimum_up,91,116_STEAM_1,16778,84,91
16779,minimum_down,91,116_STEAM_1,16779,84,91
16784,minimum_up,92,116_STEAM_1,16784,85,92
16785,minimum_down,92,116_STEAM_1,16785,85,92
16790,minimum_up,93,116_STEAM_1,16790,86,93
16791,minimum_down,93,116_STEAM_1,16791,86,93
16796,minimum_up,94,116_STEAM_1,16796,87,94
16797,minimum_down,94,116_STEAM_1,16797,87,94
16802,minimum_up,95,116_STEAM_1,16802,88,95
16803,minimum_down,95,116_STEAM_1,16803,88,95
16808,minimum_up,96,116_STEAM_1,16808,89,96
16809,minimum_down,96,116_STEAM_1,16809,89,96
16814,minimum_up,97,116_STEAM_1,16814,90,97
16815,minimum_down,97,116_STEAM_1,16815,90,97
16820,minimum_up,98,116_STEAM_1,16820,91,98
16821,minimum_down,98,116_STEAM_1,16821,91,98
16826,minimum_up,99,116_STEAM_1,16826,92,99
16827,minimum_down,99,116_STEAM_1,16827,92,99
16832,minimum_up,100,116_STEAM_1,16832,93,100
16833,minimum_down,100,116_STEAM_1,16833,93,100
16838,minimum_up,101,116_STEAM_1,16838,94,101
16839,minimum_down,101,116_STEAM_1,16839,94,101
16844,minimum_up,102,116_STEAM_1,16844,95,102
16845,minimum_down,102,116_STEAM_1,16845,95,102
16850,minimum_up,103,116_STEAM_1,16850,96,103
16851,minimum_down,103,116_STEAM_1,16851,96,103
16856,minimum_up,104,116_STEAM_1,16856,97,104
16857,minimum_down,104,116_STEAM_1,16857,97,104
16862,minimum_up,105,116_STEAM_1,16862,98,105
16863,minimum_down,105,116_STEAM_1,16863,98,105
16868,minimum_up,106,116_STEAM_1,16868,99,106
16869,minimum_down,106,116_STEAM_1,16869,99,106
16874,minimum_up,107,116_STEAM_1,16874,100,107
16875,minimum_down,107,116_STEAM_1,16875,100,107
16880,minimum_up,108,116_STEAM_1,16880,101,108
16881,minimum_down,108,116_STEAM_1,16881,101,108
16886,minimum_up,109,116_STEAM_1,16886,102,109
16887,minimum_down,109,116_STEAM_1,16887,102,109
16892,minimum_up,110,116_STEAM_1,16892,103,110
16893,minimum_down,110,116_STEAM_1,16893,103,110
16898,minimum_up,111,116_STEAM_1,16898,104,111
16899,minimum_down,111,116_STEAM_1,16899,104,111
16904,minimum_up,112,116_STEAM_1,16904,105,112
16905,minimum_down,112,116_STEAM_1,16905,105,112
16910,minimum_up,113,116_STEAM_1,16910,106,113
16911,minimum_down,113,116_STEAM_1,16911,106,113
16916,minimum_up,114,116_STEAM_1,16916,107,114
16917,minimum_down,114,116_STEAM_1,16917,107,114
16922,minimum_up,115,116_STEAM_1,16922,108,115
16923,minimum_down,115,116_STEAM_1,16923,108,115
16928,minimum_up,116,116_STEAM_1,16928,109,116
16929,minimum_down,116,116_STEAM_1,16929,109,116
16934,minimum_up,117,116_STEAM_1,16934,110,117
16935,minimum_down,117,116_STEAM_1,16935,110,117
16940,minimum_up,118,116_STEAM_1,16940,111,118
16941,minimum_down,118,116_STEAM_1,16941,111,118
16946,minimum_up,119,116_STEAM_1,16946,112,119
16947,minimum_down,119,116_STEAM_1,16947,112,119
16952,minimum_up,120,116_STEAM_1,16952,113,120
16953,minimum_down,120,116_STEAM_1,16953,113,120
16958,minimum_up,121,116_STEAM_1,16958,114,121
16959,minimum_down,121,116_STEAM_1,16959,114,121
16964,minimum_up,122,116_STEAM_1,16964,115,122
16965,minimum_down,122,116_STEAM_1,16965,115,122
16970,minimum_up,123,116_STEAM_1,16970,116,123
16971,minimum_down,123,116_STEAM_1,16971,116,123
16976,minimum_up,124,116_STEAM_1,16976,117,124
16977,minimum_down,124,116_STEAM_1,16977,117,124
16982,minimum_up,125,116_STEAM_1,16982,118,125
16983,minimum_down,125,116_STEAM_1,16983,118,125
16988,minimum_up,126,116_STEAM_1,16988,119,126
16989,minimum_down,126,116_STEAM_1,16989,119,126
16994,minimum_up,127,116_STEAM_1,16994,120,127
16995,minimum_down,127,116_STEAM_1,16995,120,127
17000,minimum_up,128,116_STEAM_1,17000,121,128
17001,minimum_down,128,116_STEAM_1,17001,121,128
17006,minimum_up,129,116_STEAM_1,17006,122,129
17007,minimum_down,129,116_STEAM_1,17007,122,129
17012,minimum_up,130,116_STEAM_1,17012,123,130
17013,minimum_down,130,116_STEAM_1,17013,123,130
17018,minimum_up,131,116_STEAM_1,17018,124,131
17019,minimum_down,131,116_STEAM_1,17019,124,131
17024,minimum_up,132,116_STEAM_1,17024,125,132
17025,minimum_down,132,116_STEAM_1,17025,125,132
17030,minimum_up,133,116_STEAM_1,17030,126,133
17031,minimum_down,133,116_STEAM_1,17031,126,133
17036,minimum_up,134,116_STEAM_1,17036,127,134
17037,minimum_down,134,116_STEAM_1,17037,127,134
17042,minimum_up,135,116_STEAM_1,17042,128,135
17043,minimum_down,135,116_STEAM_1,17043,128,135
17048,minimum_up,136,116_STEAM_1,17048,129,136
17049,minimum_down,136,116_STEAM_1,17049,129,136
17054,minimum_up,137,116_STEAM_1,17054,130,137
17055,minimum_down,137,116_STEAM_1,17055,130,137
17060,minimum_up,138,116_STEAM_1,17060,131,138
17061,minimum_down,138,116_STEAM_1,17061,131,138
17066,minimum_up,139,116_STEAM_1,17066,132,139
17067,minimum_down,139,116_STEAM_1,17067,132,139
17072,minimum_up,140,116_STEAM_1,17072,133,140
17073,minimum_down,140,116_STEAM_1,17073,133,140
17078,minimum_up,141,116_STEAM_1,17078,134,141
17079,minimum_down,141,116_STEAM_1,17079,134,141
17084,minimum_up,142,116_STEAM_1,17084,135,142
17085,minimum_down,142,116_STEAM_1,17085,135,142
17090,minimum_up,143,116_STEAM_1,17090,136,143
17091,minimum_down,143,116_STEAM_1,17091,136,143
17096,minimum_up,144,116_STEAM_1,17096,137,144
17097,minimum_down,144,116_STEAM_1,17097,137,144
17102,minimum_up,145,116_STEAM_1,17102,138,145
17103,minimum_down,145,116_STEAM_1,17103,138,145
17108,minimum_up,146,116_STEAM_1,17108,139,146
17109,minimum_down,146,116_STEAM_1,17109,139,146
17114,minimum_up,147,116_STEAM_1,17114,140,147
17115,minimum_down,147,116_STEAM_1,17115,140,147
17120,minimum_up,148,116_STEAM_1,17120,141,148
17121,minimum_down,148,116_STEAM_1,17121,141,148
17126,minimum_up,149,116_STEAM_1,17126,142,149
17127,minimum_down,149,116_STEAM_1,17127,142,149
17132,minimum_up,150,116_STEAM_1,17132,143,150
17133,minimum_down,150,116_STEAM_1,17133,143,150
17138,minimum_up,151,116_STEAM_1,17138,144,151
17139,minimum_down,151,116_STEAM_1,17139,144,151
17144,minimum_up,152,116_STEAM_1,17144,145,152
17145,minimum_down,152,116_STEAM_1,17145,145,152
17150,minimum_up,153,116_STEAM_1,17150,146,153
17151,minimum_down,153,116_STEAM_1,17151,146,153
17156,minimum_up,154,116_STEAM_1,17156,147,154
17157,minimum_down,154,116_STEAM_1,17157,147,154
17162,minimum_up,155,116_STEAM_1,17162,148,155
17163,minimum_down,155,116_STEAM_1,17163,148,155
17168,minimum_up,156,116_STEAM_1,17168,149,156
17169,minimum_down,156,116_STEAM_1,17169,149,156
17174,minimum_up,157,116_STEAM_1,17174,150,157
17175,minimum_down,157,116_STEAM_1,17175,150,157
17180,minimum_up,158,116_STEAM_1,17180,151,158
17181,minimum_down,158,116_STEAM_1,17181,151,158
17186,minimum_up,159,116_STEAM_1,17186,152,159
17187,minimum_down,159,116_STEAM_1,17187,152,159
17192,minimum_up,160,116_STEAM_1,17192,153,160
17193,minimum_down,160,116_STEAM_1,17193,153,160
17198,minimum_up,161,116_STEAM_1,17198,154,161
17199,minimum_down,161,116_STEAM_1,17199,154,161
17204,minimum_up,162,116_STEAM_1,17204,155,162
17205,minimum_down,162,116_STEAM_1,17205,155,162
17210,minimum_up,163,116_STEAM_1,17210,156,163
17211,minimum_down,163,116_STEAM_1,17211,156,163
17216,minimum_up,164,116_STEAM_1,17216,157,164
17217,minimum_down,164,116_STEAM_1,17217,157,164
17222,minimum_up,165,116_STEAM_1,17222,158,165
17223,minimum_down,165,116_STEAM_1,17223,158,165
17228,minimum_up,166,116_STEAM_1,17228,159,166
17229,minimum_down,166,116_STEAM_1,17229,159,166
17234,minimum_up,167,116_STEAM_1,17234,160,167
17235,minimum_down,167,116_STEAM_1,17235,160,167
17242,minimum_up,1,118_CC_1,17242,1,1
17243,minimum_down,1,118_CC_1,17243,1,1
17248,minimum_up,2,118_CC_1,17248,1,2
17249,minimum_down,2,118_CC_1,17249,1,2
17254,minimum_up,3,118_CC_1,17254,1,3
17255,minimum_down,3,118_CC_1,17255,1,3
17260,minimum_up,4,118_CC_1,17260,1,4
17261,minimum_down,4,118_CC_1,17261,1,4
17266,minimum_up,5,118_CC_1,17266,1,5
17267,minimum_down,5,118_CC_1,17267,1,5
17272,minimum_up,6,118_CC_1,17272,1,6
17273,minimum_down,6,118_CC_1,17273,2,6
17278,minimum_up,7,118_CC_1,17278,1,7
17279,minimum_down,7,118_CC_1,17279,3,7
17284,minimum_up,8,118_CC_1,17284,1,8
17285,minimum_down,8,118_CC_1,17285,4,8
17290,minimum_up,9,118_CC_1,17290,2,9
17291,minimum_down,9,118_CC_1,17291,5,9
17296,minimum_up,10,118_CC_1,17296,3,10
17297,minimum_down,10,118_CC_1,17297,6,10
17302,minimum_up,11,118_CC_1,17302,4,11
17303,minimum_down,11,118_CC_1,17303,7,11
17308,minimum_up,12,118_CC_1,17308,5,12
17309,minimum_down,12,118_CC_1,17309,8,12
17314,minimum_up,13,118_CC_1,17314,6,13
17315,minimum_down,13,118_CC_1,17315,9,13
17320,minimum_up,14,118_CC_1,17320,7,14
17321,minimum_down,14,118_CC_1,17321,10,14
17326,minimum_up,15,118_CC_1,17326,8,15
17327,minimum_down,15,118_CC_1,17327,11,15
17332,minimum_up,16,118_CC_1,17332,9,16
17333,minimum_down,16,118_CC_1,17333,12,16
17338,minimum_up,17,118_CC_1,17338,10,17
17339,minimum_down,17,118_CC_1,17339,13,17
17344,minimum_up,18,118_CC_1,17344,11,18
17345,minimum_down,18,118_CC_1,17345,14,18
17350,minimum_up,19,118_CC_1,17350,12,19
17351,minimum_down,19,118_CC_1,17351,15,19
17356,minimum_up,20,118_CC_1,17356,13,20
17357,minimum_down,20,118_CC_1,17357,16,20
17362,minimum_up,21,118_CC_1,17362,14,21
17363,minimum_down,21,118_CC_1,17363,17,21
17368,minimum_up,22,118_CC_1,17368,15,22
17369,minimum_down,22,118_CC_1,17369,18,22
17374,minimum_up,23,118_CC_1,17374,16,23
17375,minimum_down,23,118_CC_1,17375,19,23
17380,minimum_up,24,118_CC_1,17380,17,24
17381,minimum_down,24,118_CC_1,17381,20,24
17386,minimum_up,25,118_CC_1,17386,18,25
17387,minimum_down,25,118_CC_1,17387,21,25
17392,minimum_up,26,118_CC_1,17392,19,26
17393,minimum_down,26,118_CC_1,17393,22,26
17398,minimum_up,27,118_CC_1,17398,20,27
17399,minimum_down,27,118_CC_1,17399,23,27
17404,minimum_up,28,118_CC_1,17404,21,28
17405,minimum_down,28,118_CC_1,17405,24,28
17410,minimum_up,29,118_CC_1,17410,22,29
17411,minimum_down,29,118_CC_1,17411,25,29
17416,minimum_up,30,118_CC_1,17416,23,30
17417,minimum_down,30,118_CC_1,17417,26,30
17422,minimum_up,31,118_CC_1,17422,24,31
17423,minimum_down,31,118_CC_1,17423,27,31
17428,minimum_up,32,118_CC_1,17428,25,32
17429,minimum_down,32,118_CC_1,17429,28,32
17434,minimum_up,33,118_CC_1,17434,26,33
17435,minimum_down,33,118_CC_1,17435,29,33
17440,minimum_up,34,118_CC_1,17440,27,34
17441,minimum_down,34,118_CC_1,17441,30,34
17446,minimum_up,35,118_CC_1,17446,28,35
17447,minimum_down,35,118_CC_1,17447,31,35
17452,minimum_up,36,118_CC_1,17452,29,36
17453,minimum_down,36,118_CC_1,17453,32,36
17458,minimum_up,37,118_CC_1,17458,30,37
17459,minimum_down,37,118_CC_1,17459,33,37
17464,minimum_up,38,118_CC_1,17464,31,38
17465,minimum_down,38,118_CC_1,17465,34,38
17470,minimum_up,39,118_CC_1,17470,32,39
17471,minimum_down,39,118_CC_1,17471,35,39
17476,minimum_up,40,118_CC_1,17476,33,40
17477,minimum_down,40,118_CC_1,17477,36,40
17482,minimum_up,41,118_CC_1,17482,34,41
17483,minimum_down,41,118_CC_1,17483,37,41
17488,minimum_up,42,118_CC_1,17488,35,42
17489,minimum_down,42,118_CC_1,17489,38,42
17494,minimum_up,43,118_CC_1,17494,36,43
17495,minimum_down,43,118_CC_1,17495,39,43
17500,minimum_up,44,118_CC_1,17500,37,44
17501,minimum_down,44,118_CC_1,17501,40,44
17506,minimum_up,45,118_CC_1,17506,38,45
17507,minimum_down,45,118_CC_1,17507,41,45
17512,minimum_up,46,118_CC_1,17512,39,46
17513,minimum_down,46,118_CC_1,17513,42,46
17518,minimum_up,47,118_CC_1,17518,40,47
17519,minimum_down,47,118_CC_1,17519,43,47
17524,minimum_up,48,118_CC_1,17524,41,48
17525,minimum_down,48,118_CC_1,17525,44,48
17530,minimum_up,49,118_CC_1,17530,42,49
17531,minimum_down,49,118_CC_1,17531,45,49
17536,minimum_up,50,118_CC_1,17536,43,50
17537,minimum_down,50,118_CC_1,17537,46,50
17542,minimum_up,51,118_CC_1,17542,44,51
17543,minimum_down,51,118_CC_1,17543,47,51
17548,minimum_up,52,118_CC_1,17548,45,52
17549,minimum_down,52,118_CC_1,17549,48,52
17554,minimum_up,53,118_CC_1,17554,46,53
17555,minimum_down,53,118_CC_1,17555,49,53
17560,minimum_up,54,118_CC_1,17560,47,54
17561,minimum_down,54,118_CC_1,17561,50,54
17566,minimum_up,55,118_CC_1,17566,48,55
17567,minimum_down,55,118_CC_1,17567,51,55
17572,minimum_up,56,118_CC_1,17572,49,56
17573,minimum_down,56,118_CC_1,17573,52,56
17578,minimum_up,57,118_CC_1,17578,50,57
17579,minimum_down,57,118_CC_1,17579,53,57
17584,minimum_up,58,118_CC_1,17584,51,58
17585,minimum_down,58,118_CC_1,17585,54,58
17590,minimum_up,59,118_CC_1,17590,52,59
17591,minimum_down,59,118_CC_1,17591,55,59
17596,minimum_up,60,118_CC_1,17596,53,60
17597,minimum_down,60,118_CC_1,17597,56,60
17602,minimum_up,61,118_CC_1,17602,54,61
17603,minimum_down,61,118_CC_1,17603,57,61
17608,minimum_up,62,118_CC_1,17608,55,62
17609,minimum_down,62,118_CC_1,17609,58,62
17614,minimum_up,63,118_CC_1,17614,56,63
17615,minimum_down,63,118_CC_1,17615,59,63
17620,minimum_up,64,118_CC_1,17620,57,64
17621,minimum_down,64,118_CC_1,17621,60,64
17626,minimum_up,65,118_CC_1,17626,58,65
17627,minimum_down,65,118_CC_1,17627,61,65
17632,minimum_up,66,118_CC_1,17632,59,66
17633,minimum_down,66,118_CC_1,17633,62,66
17638,minimum_up,67,118_CC_1,17638,60,67
17639,minimum_down,67,118_CC_1,17639,63,67
17644,minimum_up,68,118_CC_1,17644,61,68
17645,minimum_down,68,118_CC_1,17645,64,68
17650,minimum_up,69,118_CC_1,17650,62,69
17651,minimum_down,69,118_CC_1,17651,65,69
17656,minimum_up,70,118_CC_1,17656,63,70
17657,minimum_down,70,118_CC_1,17657,66,70
17662,minimum_up,71,118_CC_1,17662,64,71
17663,minimum_down,71,118_CC_1,17663,67,71
17668,minimum_up,72,118_CC_1,17668,65,72
17669,minimum_down,72,118_CC_1,17669,68,72
17674,minimum_up,73,118_CC_1,17674,66,73
17675,minimum_down,73,118_CC_1,17675,69,73
17680,minimum_up,74,118_CC_1,17680,67,74
17681,minimum_down,74,118_CC_1,17681,70,74
17686,minimum_up,75,118_CC_1,17686,68,75
17687,minimum_down,75,118_CC_1,17687,71,75
17692,minimum_up,76,118_CC_1,17692,69,76
17693,minimum_down,76,118_CC_1,17693,72,76
17698,minimum_up,77,118_CC_1,17698,70,77
17699,minimum_down,77,118_CC_1,17699,73,77
17704,minimum_up,78,118_CC_1,17704,71,78
17705,minimum_down,78,118_CC_1,17705,74,78
17710,minimum_up,79,118_CC_1,17710,72,79
17711,minimum_down,79,118_CC_1,17711,75,79
17716,minimum_up,80,118_CC_1,17716,73,80
17717,minimum_down,80,118_CC_1,17717,76,80
17722,minimum_up,81,118_CC_1,17722,74,81
17723,minimum_down,81,118_CC_1,17723,77,81
17728,minimum_up,82,118_CC_1,17728,75,82
17729,minimum_down,82,118_CC_1,17729,78,82
17734,minimum_up,83,118_CC_1,17734,76,83
17735,minimum_down,83,118_CC_1,17735,79,83
17740,minimum_up,84,118_CC_1,17740,77,84
17741,minimum_down,84,118_CC_1,17741,80,84
17746,minimum_up,85,118_CC_1,17746,78,85
17747,minimum_down,85,118_CC_1,17747,81,85
17752,minimum_up,86,118_CC_1,17752,79,86
17753,minimum_down,86,118_CC_1,17753,82,86
17758,minimum_up,87,118_CC_1,17758,80,87
17759,minimum_down,87,118_CC_1,17759,83,87
17764,minimum_up,88,118_CC_1,17764,81,88
17765,minimum_down,88,118_CC_1,17765,84,88
17770,minimum_up,89,118_CC_1,17770,82,89
17771,minimum_down,89,118_CC_1,17771,85,89
17776,minimum_up,90,118_CC_1,17776,83,90
17777,minimum_down,90,118_CC_1,17777,86,90
17782,minimum_up,91,118_CC_1,17782,84,91
17783,minimum_down,91,118_CC_1,17783,87,91
17788,minimum_up,92,118_CC_1,17788,85,92
17789,minimum_down,92,118_CC_1,17789,88,92
17794,minimum_up,93,118_CC_1,17794,86,93
17795,minimum_down,93,118_CC_1,17795,89,93
17800,minimum_up,94,118_CC_1,17800,87,94
17801,minimum_down,94,118_CC_1,17801,90,94
17806,minimum_up,95,118_CC_1,17806,88,95
17807,minimum_down,95,118_CC_1,17807,91,95
17812,minimum_up,96,118_CC_1,17812,89,96
17813,minimum_down,96,118_CC_1,17813,92,96
17818,minimum_up,97,118_CC_1,17818,90,97
17819,minimum_down,97,118_CC_1,17819,93,97
17824,minimum_up,98,118_CC_1,17824,91,98
17825,minimum_down,98,118_CC_1,17825,94,98
17830,minimum_up,99,118_CC_1,17830,92,99
17831,minimum_down,99,118_CC_1,17831,95,99
17836,minimum_up,100,118_CC_1,17836,93,100
17837,minimum_down,100,118_CC_1,17837,96,100
17842,minimum_up,101,118_CC_1,17842,94,101
17843,minimum_down,101,118_CC_1,17843,97,101
17848,minimum_up,102,118_CC_1,17848,95,102
17849,minimum_down,102,118_CC_1,17849,98,102
17854,minimum_up,103,118_CC_1,17854,96,103
17855,minimum_down,103,118_CC_1,17855,99,103
17860,minimum_up,104,118_CC_1,17860,97,104
17861,minimum_down,104,118_CC_1,17861,100,104
17866,minimum_up,105,118_CC_1,17866,98,105
17867,minimum_down,105,118_CC_1,17867,101,105
17872,minimum_up,106,118_CC_1,17872,99,106
17873,minimum_down,106,118_CC_1,17873,102,106
17878,minimum_up,107,118_CC_1,17878,100,107
17879,minimum_down,107,118_CC_1,17879,103,107
17884,minimum_up,108,118_CC_1,17884,101,108
17885,minimum_down,108,118_CC_1,17885,104,108
17890,minimum_up,109,118_CC_1,17890,102,109
17891,minimum_down,109,118_CC_1,17891,105,109
17896,minimum_up,110,118_CC_1,17896,103,110
17897,minimum_down,110,118_CC_1,17897,106,110
17902,minimum_up,111,118_CC_1,17902,104,111
17903,minimum_down,111,118_CC_1,17903,107,111
17908,minimum_up,112,118_CC_1,17908,105,112
17909,minimum_down,112,118_CC_1,17909,108,112
17914,minimum_up,113,118_CC_1,17914,106,113
17915,minimum_down,113,118_CC_1,17915,109,113
17920,minimum_up,114,118_CC_1,17920,107,114
17921,minimum_down,114,118_CC_1,17921,110,114
17926,minimum_up,115,118_CC_1,17926,108,115
17927,minimum_down,115,118_CC_1,17927,111,115
17932,minimum_up,116,118_CC_1,17932,109,116
17933,minimum_down,116,118_CC_1,17933,112,116
17938,minimum_up,117,118_CC_1,17938,110,117
17939,minimum_down,117,118_CC_1,17939,113,117
17944,minimum_up,118,118_CC_1,17944,111,118
17945,minimum_down,118,118_CC_1,17945,114,118
17950,minimum_up,119,118_CC_1,17950,112,119
17951,minimum_down,119,118_CC_1,17951,115,119
17956,minimum_up,120,118_CC_1,17956,113,120
17957,minimum_down,120,118_CC_1,17957,116,120
17962,minimum_up,121,118_CC_1,17962,114,121
17963,minimum_down,121,118_CC_1,17963,117,121
17968,minimum_up,122,118_CC_1,17968,115,122
17969,minimum_down,122,118_CC_1,17969,118,122
17974,minimum_up,123,118_CC_1,17974,116,123
17975,minimum_down,123,118_CC_1,17975,119,123
17980,minimum_up,124,118_CC_1,17980,117,124
17981,minimum_down,124,118_CC_1,17981,120,124
17986,minimum_up,125,118_CC_1,17986,118,125
17987,minimum_down,125,118_CC_1,17987,121,125
17992,minimum_up,126,118_CC_1,17992,119,126
17993,minimum_down,126,118_CC_1,17993,122,126
17998,minimum_up,127,118_CC_1,17998,120,127
17999,minimum_down,127,118_CC_1,17999,123,127
18004,minimum_up,128,118_CC_1,18004,121,128
18005,minimum_down,128,118_CC_1,18005,124,128
18010,minimum_up,129,118_CC_1,18010,122,129
18011,minimum_down,129,118_CC_1,18011,125,129
18016,minimum_up,130,118_CC_1,18016,123,130
18017,minimum_down,130,118_CC_1,18017,126,130
18022,minimum_up,131,118_CC_1,18022,124,131
18023,minimum_down,131,118_CC_1,18023,127,131
18028,minimum_up,132,118_CC_1,18028,125,132
18029,minimum_down,132,118_CC_1,18029,128,132
18034,minimum_up,133,118_CC_1,18034,126,133
18035,minimum_down,133,118_CC_1,18035,129,133
18040,minimum_up,134,118_CC_1,18040,127,134
18041,minimum_down,134,118_CC_1,18041,130,134
18046,minimum_up,135,118_CC_1,18046,128,135
18047,minimum_down,135,118_CC_1,18047,131,135
18052,minimum_up,136,118_CC_1,18052,129,136
18053,minimum_down,136,118_CC_1,18053,132,136
18058,minimum_up,137,118_CC_1,18058,130,137
18059,minimum_down,137,118_CC_1,18059,133,137
18064,minimum_up,138,118_CC_1,18064,131,138
18065,minimum_down,138,118_CC_1,18065,134,138
18070,minimum_up,139,118_CC_1,18070,132,139
18071,minimum_down,139,118_CC_1,18071,135,139
18076,minimum_up,140,118_CC_1,18076,133,140
18077,minimum_down,140,118_CC_1,18077,136,140
18082,minimum_up,141,118_CC_1,18082,134,141
18083,minimum_down,141,118_CC_1,18083,137,141
18088,minimum_up,142,118_CC_1,18088,135,142
18089,minimum_down,142,118_CC_1,18089,138,142
18094,minimum_up,143,118_CC_1,18094,136,143
18095,minimum_down,143,118_CC_1,18095,139,143
18100,minimum_up,144,118_CC_1,18100,137,144
18101,minimum_down,144,118_CC_1,18101,140,144
18106,minimum_up,145,118_CC_1,18106,138,145
18107,minimum_down,145,118_CC_1,18107,141,145
18112,minimum_up,146,118_CC_1,18112,139,146
18113,minimum_down,146,118_CC_1,18113,142,146
18118,minimum_up,147,118_CC_1,18118,140,147
18119,minimum_down,147,118_CC_1,18119,143,147
18124,minimum_up,148,118_CC_1,18124,141,148
18125,minimum_down,148,118_CC_1,18125,144,148
18130,minimum_up,149,118_CC_1,18130,142,149
18131,minimum_down,149,118_CC_1,18131,145,149
18136,minimum_up,150,118_CC_1,18136,143,150
18137,minimum_down,150,118_CC_1,18137,146,150
18142,minimum_up,151,118_CC_1,18142,144,151
18143,minimum_down,151,118_CC_1,18143,147,151
18148,minimum_up,152,118_CC_1,18148,145,152
18149,minimum_down,152,118_CC_1,18149,148,152
18154,minimum_up,153,118_CC_1,18154,146,153
18155,minimum_down,153,118_CC_1,18155,149,153
18160,minimum_up,154,118_CC_1,18160,147,154
18161,minimum_down,154,118_CC_1,18161,150,154
18166,minimum_up,155,118_CC_1,18166,148,155
18167,minimum_down,155,118_CC_1,18167,151,155
18172,minimum_up,156,118_CC_1,18172,149,156
18173,minimum_down,156,118_CC_1,18173,152,156
18178,minimum_up,157,118_CC_1,18178,150,157
18179,minimum_down,157,118_CC_1,18179,153,157
18184,minimum_up,158,118_CC_1,18184,151,158
18185,minimum_down,158,118_CC_1,18185,154,158
18190,minimum_up,159,118_CC_1,18190,152,159
18191,minimum_down,159,118_CC_1,18191,155,159
18196,minimum_up,160,118_CC_1,18196,153,160
18197,minimum_down,160,118_CC_1,18197,156,160
18202,minimum_up,161,118_CC_1,18202,154,161
18203,minimum_down,161,118_CC_1,18203,157,161
18208,minimum_up,162,118_CC_1,18208,155,162
18209,minimum_down,162,118_CC_1,18209,158,162
18214,minimum_up,163,118_CC_1,18214,156,163
18215,minimum_down,163,118_CC_1,18215,159,163
18220,minimum_up,164,118_CC_1,18220,157,164
18221,minimum_down,164,118_CC_1,18221,160,164
18226,minimum_up,165,118_CC_1,18226,158,165
18227,minimum_down,165,118_CC_1,18227,161,165
18232,minimum_up,166,118_CC_1,18232,159,166
18233,minimum_down,166,118_CC_1,18233,162,166
18238,minimum_up,167,118_CC_1,18238,160,167
18239,minimum_down,167,118_CC_1,18239,163,167
18246,minimum_up,1,123_STEAM_2,18246,1,1
18247,minimum_down,1,123_STEAM_2,18247,1,1
18252,minimum_up,2,123_STEAM_2,18252,1,2
18253,minimum_down,2,123_STEAM_2,18253,1,2
18258,minimum_up,3,123_STEAM_2,18258,1,3
18259,minimum_down,3,123_STEAM_2,18259,1,3
18264,minimum_up,4,123_STEAM_2,18264,1,4
18265,minimum_down,4,123_STEAM_2,18265,1,4
18270,minimum_up,5,123_STEAM_2,18270,1,5
18271,minimum_down,5,123_STEAM_2,18271,1,5
18276,minimum_up,6,123_STEAM_2,18276,1,6
18277,minimum_down,6,123_STEAM_2,18277,1,6
18282,minimum_up,7,123_STEAM_2,18282,1,7
18283,minimum_down,7,123_STEAM_2,18283,1,7
18288,minimum_up,8,123_STEAM_2,18288,1,8
18289,minimum_down,8,123_STEAM_2,18289,1,8
18294,minimum_up,9,123_STEAM_2,18294,2,9
18295,minimum_down,9,123_STEAM_2,18295,2,9
18300,minimum_up,10,123_STEAM_2,18300,3,10
18301,minimum_down,10,123_STEAM_2,18301,3,10
18306,minimum_up,11,123_STEAM_2,18306,4,11
18307,minimum_down,11,123_STEAM_2,18307,4,11
18312,minimum_up,12,123_STEAM_2,18312,5,12
18313,minimum_down,12,123_STEAM_2,18313,5,12
18318,minimum_up,13,123_STEAM_2,18318,6,13
18319,minimum_down,13,123_STEAM_2,18319,6,13
18324,minimum_up,14,123_STEAM_2,18324,7,14
18325,minimum_down,14,123_STEAM_2,18325,7,14
18330,minimum_up,15,123_STEAM_2,18330,8,15
18331,minimum_down,15,123_STEAM_2,18331,8,15
18336,minimum_up,16,123_STEAM_2,18336,9,16
18337,minimum_down,16,123_STEAM_2,18337,9,16
18342,minimum_up,17,123_STEAM_2,18342,10,17
18343,minimum_down,17,123_STEAM_2,18343,10,17
18348,minimum_up,18,123_STEAM_2,18348,11,18
18349,minimum_down,18,123_STEAM_2,18349,11,18
18354,minimum_up,19,123_STEAM_2,18354,12,19
18355,minimum_down,19,123_STEAM_2,18355,12,19
18360,minimum_up,20,123_STEAM_2,18360,13,20
18361,minimum_down,20,123_STEAM_2,18361,13,20
18366,minimum_up,21,123_STEAM_2,18366,14,21
18367,minimum_down,21,123_STEAM_2,18367,14,21
18372,minimum_up,22,123_STEAM_2,18372,15,22
18373,minimum_down,22,123_STEAM_2,18373,15,22
18378,minimum_up,23,123_STEAM_2,18378,16,23
18379,minimum_down,23,123_STEAM_2,18379,16,23
18384,minimum_up,24,123_STEAM_2,18384,17,24
18385,minimum_down,24,123_STEAM_2,18385,17,24
18390,minimum_up,25,123_STEAM_2,18390,18,25
18391,minimum_down,25,123_STEAM_2,18391,18,25
18396,minimum_up,26,123_STEAM_2,18396,19,26
18397,minimum_down,26,123_STEAM_2,18397,19,26
18402,minimum_up,27,123_STEAM_2,18402,20,27
18403,minimum_down,27,123_STEAM_2,18403,20,27
18408,minimum_up,28,123_STEAM_2,18408,21,28
18409,minimum_down,28,123_STEAM_2,18409,21,28
18414,minimum_up,29,123_STEAM_2,18414,22,29
18415,minimum_down,29,123_STEAM_2,18415,22,29
18420,minimum_up,30,123_STEAM_2,18420,23,30
18421,minimum_down,30,123_STEAM_2,18421,23,30
18426,minimum_up,31,123_STEAM_2,18426,24,31
18427,minimum_down,31,123_STEAM_2,18427,24,31
18432,minimum_up,32,123_STEAM_2,18432,25,32
18433,minimum_down,32,123_STEAM_2,18433,25,32
18438,minimum_up,33,123_STEAM_2,18438,26,33
18439,minimum_down,33,123_STEAM_2,18439,26,33
18444,minimum_up,34,123_STEAM_2,18444,27,34
18445,minimum_down,34,123_STEAM_2,18445,27,34
18450,minimum_up,35,123_STEAM_2,18450,28,35
18451,minimum_down,35,123_STEAM_2,18451,28,35
18456,minimum_up,36,123_STEAM_2,18456,29,36
18457,minimum_down,36,123_STEAM_2,18457,29,36
18462,minimum_up,37,123_STEAM_2,18462,30,37
18463,minimum_down,37,123_STEAM_2,18463,30,37
18468,minimum_up,38,123_STEAM_2,18468,31,38
18469,minimum_down,38,123_STEAM_2,18469,31,38
18474,minimum_up,39,123_STEAM_2,18474,32,39
18475,minimum_down,39,123_STEAM_2,18475,32,39
18480,minimum_up,40,123_STEAM_2,18480,33,40
18481,minimum_down,40,123_STEAM_2,18481,33,40
18486,minimum_up,41,123_STEAM_2,18486,34,41
18487,minimum_down,41,123_STEAM_2,18487,34,41
18492,minimum_up,42,123_STEAM_2,18492,35,42
18493,minimum_down,42,123_STEAM_2,18493,35,42
18498,minimum_up,43,123_STEAM_2,18498,36,43
18499,minimum_down,43,123_STEAM_2,18499,36,43
18504,minimum_up,44,123_STEAM_2,18504,37,44
18505,minimum_down,44,123_STEAM_2,18505,37,44
18510,minimum_up,45,123_STEAM_2,18510,38,45
18511,minimum_down,45,123_STEAM_2,18511,38,45
18516,minimum_up,46,123_STEAM_2,18516,39,46
18517,minimum_down,46,123_STEAM_2,18517,39,46
18522,minimum_up,47,123_STEAM_2,18522,40,47
18523,minimum_down,47,123_STEAM_2,18523,40,47
18528,minimum_up,48,123_STEAM_2,18528,41,48
18529,minimum_down,48,123_STEAM_2,18529,41,48
18534,minimum_up,49,123_STEAM_2,18534,42,49
18535,minimum_down,49,123_STEAM_2,18535,42,49
18540,minimum_up,50,123_STEAM_2,18540,43,50
18541,minimum_down,50,123_STEAM_2,18541,43,50
18546,minimum_up,51,123_STEAM_2,18546,44,51
18547,minimum_down,51,123_STEAM_2,18547,44,51
18552,minimum_up,52,123_STEAM_2,18552,45,52
18553,minimum_down,52,123_STEAM_2,18553,45,52
18558,minimum_up,53,123_STEAM_2,18558,46,53
18559,minimum_down,53,123_STEAM_2,18559,46,53
18564,minimum_up,54,123_STEAM_2,18564,47,54
18565,minimum_down,54,123_STEAM_2,18565,47,54
18570,minimum_up,55,123_STEAM_2,18570,48,55
18571,minimum_down,55,123_STEAM_2,18571,48,55
18576,minimum_up,56,123_STEAM_2,18576,49,56
18577,minimum_down,56,123_STEAM_2,18577,49,56
18582,minimum_up,57,123_STEAM_2,18582,50,57
18583,minimum_down,57,123_STEAM_2,18583,50,57
18588,minimum_up,58,123_STEAM_2,18588,51,58
18589,minimum_down,58,123_STEAM_2,18589,51,58
18594,minimum_up,59,123_STEAM_2,18594,52,59
18595,minimum_down,59,123_STEAM_2,18595,52,59
18600,minimum_up,60,123_STEAM_2,18600,53,60
18601,minimum_down,60,123_STEAM_2,18601,53,60
18606,minimum_up,61,123_STEAM_2,18606,54,61
18607,minimum_down,61,123_STEAM_2,18607,54,61
18612,minimum_up,62,123_STEAM_2,18612,55,62
18613,minimum_down,62,123_STEAM_2,18613,55,62
18618,minimum_up,63,123_STEAM_2,18618,56,63
18619,minimum_down,63,123_STEAM_2,18619,56,63
18624,minimum_up,64,123_STEAM_2,18624,57,64
18625,minimum_down,64,123_STEAM_2,18625,57,64
18630,minimum_up,65,123_STEAM_2,18630,58,65
18631,minimum_down,65,123_STEAM_2,18631,58,65
18636,minimum_up,66,123_STEAM_2,18636,59,66
18637,minimum_down,66,123_STEAM_2,18637,59,66
18642,minimum_up,67,123_STEAM_2,18642,60,67
18643,minimum_down,67,123_STEAM_2,18643,60,67
18648,minimum_up,68,123_STEAM_2,18648,61,68
18649,minimum_down,68,123_STEAM_2,18649,61,68
18654,minimum_up,69,123_STEAM_2,18654,62,69
18655,minimum_down,69,123_STEAM_2,18655,62,69
18660,minimum_up,70,123_STEAM_2,18660,63,70
18661,minimum_down,70,123_STEAM_2,18661,63,70
18666,minimum_up,71,123_STEAM_2,18666,64,71
18667,minimum_down,71,123_STEAM_2,18667,64,71
18672,minimum_up,72,123_STEAM_2,18672,65,72
18673,minimum_down,72,123_STEAM_2,18673,65,72
18678,minimum_up,73,123_STEAM_2,18678,66,73
18679,minimum_down,73,123_STEAM_2,18679,66,73
18684,minimum_up,74,123_STEAM_2,18684,67,74
18685,minimum_down,74,123_STEAM_2,18685,67,74
18690,minimum_up,75,123_STEAM_2,18690,68,75
18691,minimum_down,75,123_STEAM_2,18691,68,75
18696,minimum_up,76,123_STEAM_2,18696,69,76
18697,minimum_down,76,123_STEAM_2,18697,69,76
18702,minimum_up,77,123_STEAM_2,18702,70,77
18703,minimum_down,77,123_STEAM_2,18703,70,77
18708,minimum_up,78,123_STEAM_2,18708,71,78
18709,minimum_down,78,123_STEAM_2,18709,71,78
18714,minimum_up,79,123_STEAM_2,18714,72,79
18715,minimum_down,79,123_STEAM_2,18715,72,79
18720,minimum_up,80,123_STEAM_2,18720,73,80
18721,minimum_down,80,123_STEAM_2,18721,73,80
18726,minimum_up,81,123_STEAM_2,18726,74,81
18727,minimum_down,81,123_STEAM_2,18727,74,81
18732,minimum_up,82,123_STEAM_2,18732,75,82
18733,minimum_down,82,123_STEAM_2,18733,75,82
18738,minimum_up,83,123_STEAM_2,18738,76,83
18739,minimum_down,83,123_STEAM_2,18739,76,83
18744,minimum_up,84,123_STEAM_2,18744,77,84
18745,minimum_down,84,123_STEAM_2,18745,77,84
18750,minimum_up,85,123_STEAM_2,18750,78,85
18751,minimum_down,85,123_STEAM_2,18751,78,85
18756,minimum_up,86,123_STEAM_2,18756,79,86
18757,minimum_down,86,123_STEAM_2,18757,79,86
18762,minimum_up,87,123_STEAM_2,18762,80,87
18763,minimum_down,87,123_STEAM_2,18763,80,87
18768,minimum_up,88,123_STEAM_2,18768,81,88
18769,minimum_down,88,123_STEAM_2,18769,81,88
18774,minimum_up,89,123_STEAM_2,18774,82,89
18775,minimum_down,89,123_STEAM_2,18775,82,89
18780,minimum_up,90,123_STEAM_2,18780,83,90
18781,minimum_down,90,123_STEAM_2,18781,83,90
18786,minimum_up,91,123_STEAM_2,18786,84,91
18787,minimum_down,91,123_STEAM_2,18787,84,91
18792,minimum_up,92,123_STEAM_2,18792,85,92
18793,minimum_down,92,123_STEAM_2,18793,85,92
18798,minimum_up,93,123_STEAM_2,18798,86,93
18799,minimum_down,93,123_STEAM_2,18799,86,93
18804,minimum_up,94,123_STEAM_2,18804,87,94
18805,minimum_down,94,123_STEAM_2,18805,87,94
18810,minimum_up,95,123_STEAM_2,18810,88,95
18811,minimum_down,95,123_STEAM_2,18811,88,95
18816,minimum_up,96,123_STEAM_2,18816,89,96
18817,minimum_down,96,123_STEAM_2,18817,89,96
18822,minimum_up,97,123_STEAM_2,18822,90,97
18823,minimum_down,97,123_STEAM_2,18823,90,97
18828,minimum_up,98,123_STEAM_2,18828,91,98
18829,minimum_down,98,123_STEAM_2,18829,91,98
18834,minimum_up,99,123_STEAM_2,18834,92,99
18835,minimum_down,99,123_STEAM_2,18835,92,99
18840,minimum_up,100,123_STEAM_2,18840,93,100
18841,minimum_down,100,123_STEAM_2,18841,93,100
18846,minimum_up,101,123_STEAM_2,18846,94,101
18847,minimum_down,101,123_STEAM_2,18847,94,101
18852,minimum_up,102,123_STEAM_2,18852,95,102
18853,minimum_down,102,123_STEAM_2,18853,95,102
18858,minimum_up,103,123_STEAM_2,18858,96,103
18859,minimum_down,103,123_STEAM_2,18859,96,103
18864,minimum_up,104,123_STEAM_2,18864,97,104
18865,minimum_down,104,123_STEAM_2,18865,97,104
18870,minimum_up,105,123_STEAM_2,18870,98,105
18871,minimum_down,105,123_STEAM_2,18871,98,105
18876,minimum_up,106,123_STEAM_2,18876,99,106
18877,minimum_down,106,123_STEAM_2,18877,99,106
18882,minimum_up,107,123_STEAM_2,18882,100,107
18883,minimum_down,107,123_STEAM_2,18883,100,107
18888,minimum_up,108,123_STEAM_2,18888,101,108
18889,minimum_down,108,123_STEAM_2,18889,101,108
18894,minimum_up,109,123_STEAM_2,18894,102,109
18895,minimum_down,109,123_STEAM_2,18895,102,109
18900,minimum_up,110,123_STEAM_2,18900,103,110
18901,minimum_down,110,123_STEAM_2,18901,103,110
18906,minimum_up,111,123_STEAM_2,18906,104,111
18907,minimum_down,111,123_STEAM_2,18907,104,111
18912,minimum_up,112,123_STEAM_2,18912,105,112
18913,minimum_down,112,123_STEAM_2,18913,105,112
18918,minimum_up,113,123_STEAM_2,18918,106,113
18919,minimum_down,113,123_STEAM_2,18919,106,113
18924,minimum_up,114,123_STEAM_2,18924,107,114
18925,minimum_down,114,123_STEAM_2,18925,107,114
18930,minimum_up,115,123_STEAM_2,18930,108,115
18931,minimum_down,115,123_STEAM_2,18931,108,115
18936,minimum_up,116,123_STEAM_2,18936,109,116
18937,minimum_down,116,123_STEAM_2,18937,109,116
18942,minimum_up,117,123_STEAM_2,18942,110,117
18943,minimum_down,117,123_STEAM_2,18943,110,117
18948,minimum_up,118,123_STEAM_2,18948,111,118
18949,minimum_down,118,123_STEAM_2,18949,111,118
18954,minimum_up,119,123_STEAM_2,18954,112,119
18955,minimum_down,119,123_STEAM_2,18955,112,119
18960,minimum_up,120,123_STEAM_2,18960,113,120
18961,minimum_down,120,123_STEAM_2,18961,113,120
18966,minimum_up,121,123_STEAM_2,18966,114,121
18967,minimum_down,121,123_STEAM_2,18967,114,121
18972,minimum_up,122,123_STEAM_2,18972,115,122
18973,minimum_down,122,123_STEAM_2,18973,115,122
18978,minimum_up,123,123_STEAM_2,18978,116,123
18979,minimum_down,123,123_STEAM_2,18979,116,123
18984,minimum_up,124,123_STEAM_2,18984,117,124
18985,minimum_down,124,123_STEAM_2,18985,117,124
18990,minimum_up,125,123_STEAM_2,18990,118,125
18991,minimum_down,125,123_STEAM_2,18991,118,125
18996,minimum_up,126,123_STEAM_2,18996,119,126
18997,minimum_down,126,123_STEAM_2,18997,119,126
19002,minimum_up,127,123_STEAM_2,19002,120,127
19003,minimum_down,127,123_STEAM_2,19003,120,127
19008,minimum_up,128,123_STEAM_2,19008,121,128
19009,minimum_down,128,123_STEAM_2,19009,121,128
19014,minimum_up,129,123_STEAM_2,19014,122,129
19015,minimum_down,129,123_STEAM_2,19015,122,129
19020,minimum_up,130,123_STEAM_2,19020,123,130
19021,minimum_down,130,123_STEAM_2,19021,123,130
19026,minimum_up,131,123_STEAM_2,19026,124,131
19027,minimum_down,131,123_STEAM_2,19027,124,131
19032,minimum_up,132,123_STEAM_2,19032,125,132
19033,minimum_down,132,123_STEAM_2,19033,125,132
19038,minimum_up,133,123_STEAM_2,19038,126,133
19039,minimum_down,133,123_STEAM_2,19039,126,133
19044,minimum_up,134,123_STEAM_2,19044,127,134
19045,minimum_down,134,123_STEAM_2,19045,127,134
19050,minimum_up,135,123_STEAM_2,19050,128,135
19051,minimum_down,135,123_STEAM_2,19051,128,135
19056,minimum_up,136,123_STEAM_2,19056,129,136
19057,minimum_down,136,123_STEAM_2,19057,129,136
19062,minimum_up,137,123_STEAM_2,19062,130,137
19063,minimum_down,137,123_STEAM_2,19063,130,137
19068,minimum_up,138,123_STEAM_2,19068,131,138
19069,minimum_down,138,123_STEAM_2,19069,131,138
19074,minimum_up,139,123_STEAM_2,19074,132,139
19075,minimum_down,139,123_STEAM_2,19075,132,139
19080,minimum_up,140,123_STEAM_2,19080,133,140
19081,minimum_down,140,123_STEAM_2,19081,133,140
19086,minimum_up,141,123_STEAM_2,19086,134,141
19087,minimum_down,141,123_STEAM_2,19087,134,141
19092,minimum_up,142,123_STEAM_2,19092,135,142
19093,minimum_down,142,123_STEAM_2,19093,135,142
19098,minimum_up,143,123_STEAM_2,19098,136,143
19099,minimum_down,143,123_STEAM_2,19099,136,143
19104,minimum_up,144,123_STEAM_2,19104,137,144
19105,minimum_down,144,123_STEAM_2,19105,137,144
19110,minimum_up,145,123_STEAM_2,19110,138,145
19111,minimum_down,145,123_STEAM_2,19111,138,145
19116,minimum_up,146,123_STEAM_2,19116,139,146
19117,minimum_down,146,123_STEAM_2,19117,139,146
19122,minimum_up,147,123_STEAM_2,19122,140,147
19123,minimum_down,147,123_STEAM_2,19123,140,147
19128,minimum_up,148,123_STEAM_2,19128,141,148
19129,minimum_down,148,123_STEAM_2,19129,141,148
19134,minimum_up,149,123_STEAM_2,19134,142,149
19135,minimum_down,149,123_STEAM_2,19135,142,149
19140,minimum_up,150,123_STEAM_2,19140,143,150
19141,minimum_down,150,123_STEAM_2,19141,143,150
19146,minimum_up,151,123_STEAM_2,19146,144,151
19147,minimum_down,151,123_STEAM_2,19147,144,151
19152,minimum_up,152,123_STEAM_2,19152,145,152
19153,minimum_down,152,123_STEAM_2,19153,145,152
19158,minimum_up,153,123_STEAM_2,19158,146,153
19159,minimum_down,153,123_STEAM_2,19159,146,153
19164,minimum_up,154,123_STEAM_2,19164,147,154
19165,minimum_down,154,123_STEAM_2,19165,147,154
19170,minimum_up,155,123_STEAM_2,19170,148,155
19171,minimum_down,155,123_STEAM_2,19171,148,155
19176,minimum_up,156,123_STEAM_2,19176,149,156
19177,minimum_down,156,123_STEAM_2,19177,149,156
19182,minimum_up,157,123_STEAM_2,19182,150,157
19183,minimum_down,157,123_STEAM_2,19183,150,157
19188,minimum_up,158,123_STEAM_2,19188,151,158
19189,minimum_down,158,123_STEAM_2,19189,151,158
19194,minimum_up,159,123_STEAM_2,19194,152,159
19195,minimum_down,159,123_STEAM_2,19195,152,159
19200,minimum_up,160,123_STEAM_2,19200,153,160
19201,minimum_down,160,123_STEAM_2,19201,153,160
19206,minimum_up,161,123_STEAM_2,19206,154,161
19207,minimum_down,161,123_STEAM_2,19207,154,161
19212,minimum_up,162,123_STEAM_2,19212,155,162
19213,minimum_down,162,123_STEAM_2,19213,155,162
19218,minimum_up,163,123_STEAM_2,19218,156,163
19219,minimum_down,163,123_STEAM_2,19219,156,163
19224,minimum_up,164,123_STEAM_2,19224,157,164
19225,minimum_down,164,123_STEAM_2,19225,157,164
19230,minimum_up,165,123_STEAM_2,19230,158,165
19231,minimum_down,165,123_STEAM_2,19231,158,165
19236,minimum_up,166,123_STEAM_2,19236,159,166
19237,minimum_down,166,123_STEAM_2,19237,159,166
19242,minimum_up,167,123_STEAM_2,19242,160,167
19243,minimum_down,167,123_STEAM_2,19243,160,167
19250,minimum_up,1,123_STEAM_3,19250,1,1
19251,minimum_down,1,123_STEAM_3,19251,1,1
19256,minimum_up,2,123_STEAM_3,19256,1,2
19257,minimum_down,2,123_STEAM_3,19257,1,2
19262,minimum_up,3,123_STEAM_3,19262,1,3
19263,minimum_down,3,123_STEAM_3,19263,1,3
19268,minimum_up,4,123_STEAM_3,19268,1,4
19269,minimum_down,4,123_STEAM_3,19269,1,4
19274,minimum_up,5,123_STEAM_3,19274,1,5
19275,minimum_down,5,123_STEAM_3,19275,1,5
19280,minimum_up,6,123_STEAM_3,19280,1,6
19281,minimum_down,6,123_STEAM_3,19281,1,6
19286,minimum_up,7,123_STEAM_3,19286,1,7
19287,minimum_down,7,123_STEAM_3,19287,1,7
19292,minimum_up,8,123_STEAM_3,19292,1,8
19293,minimum_down,8,123_STEAM_3,19293,1,8
19298,minimum_up,9,123_STEAM_3,19298,1,9
19299,minimum_down,9,123_STEAM_3,19299,1,9
19304,minimum_up,10,123_STEAM_3,19304,1,10
19305,minimum_down,10,123_STEAM_3,19305,1,10
19310,minimum_up,11,123_STEAM_3,19310,1,11
19311,minimum_down,11,123_STEAM_3,19311,1,11
19316,minimum_up,12,123_STEAM_3,19316,1,12
19317,minimum_down,12,123_STEAM_3,19317,1,12
19322,minimum_up,13,123_STEAM_3,19322,1,13
19323,minimum_down,13,123_STEAM_3,19323,1,13
19328,minimum_up,14,123_STEAM_3,19328,1,14
19329,minimum_down,14,123_STEAM_3,19329,1,14
19334,minimum_up,15,123_STEAM_3,19334,1,15
19335,minimum_down,15,123_STEAM_3,19335,1,15
19340,minimum_up,16,123_STEAM_3,19340,1,16
19341,minimum_down,16,123_STEAM_3,19341,1,16
19346,minimum_up,17,123_STEAM_3,19346,1,17
19347,minimum_down,17,123_STEAM_3,19347,1,17
19352,minimum_up,18,123_STEAM_3,19352,1,18
19353,minimum_down,18,123_STEAM_3,19353,1,18
19358,minimum_up,19,123_STEAM_3,19358,1,19
19359,minimum_down,19,123_STEAM_3,19359,1,19
19364,minimum_up,20,123_STEAM_3,19364,1,20
19365,minimum_down,20,123_STEAM_3,19365,1,20
19370,minimum_up,21,123_STEAM_3,19370,1,21
19371,minimum_down,21,123_STEAM_3,19371,1,21
19376,minimum_up,22,123_STEAM_3,19376,1,22
19377,minimum_down,22,123_STEAM_3,19377,1,22
19382,minimum_up,23,123_STEAM_3,19382,1,23
19383,minimum_down,23,123_STEAM_3,19383,1,23
19388,minimum_up,24,123_STEAM_3,19388,1,24
19389,minimum_down,24,123_STEAM_3,19389,1,24
19394,minimum_up,25,123_STEAM_3,19394,2,25
19395,minimum_down,25,123_STEAM_3,19395,1,25
19400,minimum_up,26,123_STEAM_3,19400,3,26
19401,minimum_down,26,123_STEAM_3,19401,1,26
19406,minimum_up,27,123_STEAM_3,19406,4,27
19407,minimum_down,27,123_STEAM_3,19407,1,27
19412,minimum_up,28,123_STEAM_3,19412,5,28
19413,minimum_down,28,123_STEAM_3,19413,1,28
19418,minimum_up,29,123_STEAM_3,19418,6,29
19419,minimum_down,29,123_STEAM_3,19419,1,29
19424,minimum_up,30,123_STEAM_3,19424,7,30
19425,minimum_down,30,123_STEAM_3,19425,1,30
19430,minimum_up,31,123_STEAM_3,19430,8,31
19431,minimum_down,31,123_STEAM_3,19431,1,31
19436,minimum_up,32,123_STEAM_3,19436,9,32
19437,minimum_down,32,123_STEAM_3,19437,1,32
19442,minimum_up,33,123_STEAM_3,19442,10,33
19443,minimum_down,33,123_STEAM_3,19443,1,33
19448,minimum_up,34,123_STEAM_3,19448,11,34
19449,minimum_down,34,123_STEAM_3,19449,1,34
19454,minimum_up,35,123_STEAM_3,19454,12,35
19455,minimum_down,35,123_STEAM_3,19455,1,35
19460,minimum_up,36,123_STEAM_3,19460,13,36
19461,minimum_down,36,123_STEAM_3,19461,1,36
19466,minimum_up,37,123_STEAM_3,19466,14,37
19467,minimum_down,37,123_STEAM_3,19467,1,37
19472,minimum_up,38,123_STEAM_3,19472,15,38
19473,minimum_down,38,123_STEAM_3,19473,1,38
19478,minimum_up,39,123_STEAM_3,19478,16,39
19479,minimum_down,39,123_STEAM_3,19479,1,39
19484,minimum_up,40,123_STEAM_3,19484,17,40
19485,minimum_down,40,123_STEAM_3,19485,1,40
19490,minimum_up,41,123_STEAM_3,19490,18,41
19491,minimum_down,41,123_STEAM_3,19491,1,41
19496,minimum_up,42,123_STEAM_3,19496,19,42
19497,minimum_down,42,123_STEAM_3,19497,1,42
19502,minimum_up,43,123_STEAM_3,19502,20,43
19503,minimum_down,43,123_STEAM_3,19503,1,43
19508,minimum_up,44,123_STEAM_3,19508,21,44
19509,minimum_down,44,123_STEAM_3,19509,1,44
19514,minimum_up,45,123_STEAM_3,19514,22,45
19515,minimum_down,45,123_STEAM_3,19515,1,45
19520,minimum_up,46,123_STEAM_3,19520,23,46
19521,minimum_down,46,123_STEAM_3,19521,1,46
19526,minimum_up,47,123_STEAM_3,19526,24,47
19527,minimum_down,47,123_STEAM_3,19527,1,47
19532,minimum_up,48,123_STEAM_3,19532,25,48
19533,minimum_down,48,123_STEAM_3,19533,1,48
19538,minimum_up,49,123_STEAM_3,19538,26,49
19539,minimum_down,49,123_STEAM_3,19539,2,49
19544,minimum_up,50,123_STEAM_3,19544,27,50
19545,minimum_down,50,123_STEAM_3,19545,3,50
19550,minimum_up,51,123_STEAM_3,19550,28,51
19551,minimum_down,51,123_STEAM_3,19551,4,51
19556,minimum_up,52,123_STEAM_3,19556,29,52
19557,minimum_down,52,123_STEAM_3,19557,5,52
19562,minimum_up,53,123_STEAM_3,19562,30,53
19563,minimum_down,53,123_STEAM_3,19563,6,53
19568,minimum_up,54,123_STEAM_3,19568,31,54
19569,minimum_down,54,123_STEAM_3,19569,7,54
19574,minimum_up,55,123_STEAM_3,19574,32,55
19575,minimum_down,55,123_STEAM_3,19575,8,55
19580,minimum_up,56,123_STEAM_3,19580,33,56
19581,minimum_down,56,123_STEAM_3,19581,9,56
19586,minimum_up,57,123_STEAM_3,19586,34,57
19587,minimum_down,57,123_STEAM_3,19587,10,57
19592,minimum_up,58,123_STEAM_3,19592,35,58
19593,minimum_down,58,123_STEAM_3,19593,11,58
19598,minimum_up,59,123_STEAM_3,19598,36,59
19599,minimum_down,59,123_STEAM_3,19599,12,59
19604,minimum_up,60,123_STEAM_3,19604,37,60
19605,minimum_down,60,123_STEAM_3,19605,13,60
19610,minimum_up,61,123_STEAM_3,19610,38,61
19611,minimum_down,61,123_STEAM_3,19611,14,61
19616,minimum_up,62,123_STEAM_3,19616,39,62
19617,minimum_down,62,123_STEAM_3,19617,15,62
19622,minimum_up,63,123_STEAM_3,19622,40,63
19623,minimum_down,63,123_STEAM_3,19623,16,63
19628,minimum_up,64,123_STEAM_3,19628,41,64
19629,minimum_down,64,123_STEAM_3,19629,17,64
19634,minimum_up,65,123_STEAM_3,19634,42,65
19635,minimum_down,65,123_STEAM_3,19635,18,65
19640,minimum_up,66,123_STEAM_3,19640,43,66
19641,minimum_down,66,123_STEAM_3,19641,19,66
19646,minimum_up,67,123_STEAM_3,19646,44,67
19647,minimum_down,67,123_STEAM_3,19647,20,67
19652,minimum_up,68,123_STEAM_3,19652,45,68
19653,minimum_down,68,123_STEAM_3,19653,21,68
19658,minimum_up,69,123_STEAM_3,19658,46,69
19659,minimum_down,69,123_STEAM_3,19659,22,69
19664,minimum_up,70,123_STEAM_3,19664,47,70
19665,minimum_down,70,123_STEAM_3,19665,23,70
19670,minimum_up,71,123_STEAM_3,19670,48,71
19671,minimum_down,71,123_STEAM_3,19671,24,71
19676,minimum_up,72,123_STEAM_3,19676,49,72
19677,minimum_down,72,123_STEAM_3,19677,25,72
19682,minimum_up,73,123_STEAM_3,19682,50,73
19683,minimum_down,73,123_STEAM_3,19683,26,73
19688,minimum_up,74,123_STEAM_3,19688,51,74
19689,minimum_down,74,123_STEAM_3,19689,27,74
19694,minimum_up,75,123_STEAM_3,19694,52,75
19695,minimum_down,75,123_STEAM_3,19695,28,75
19700,minimum_up,76,123_STEAM_3,19700,53,76
19701,minimum_down,76,123_STEAM_3,19701,29,76
19706,minimum_up,77,123_STEAM_3,19706,54,77
19707,minimum_down,77,123_STEAM_3,19707,30,77
19712,minimum_up,78,123_STEAM_3,19712,55,78
19713,minimum_down,78,123_STEAM_3,19713,31,78
19718,minimum_up,79,123_STEAM_3,19718,56,79
19719,minimum_down,79,123_STEAM_3,19719,32,79
19724,minimum_up,80,123_STEAM_3,19724,57,80
19725,minimum_down,80,123_STEAM_3,19725,33,80
19730,minimum_up,81,123_STEAM_3,19730,58,81
19731,minimum_down,81,123_STEAM_3,19731,34,81
19736,minimum_up,82,123_STEAM_3,19736,59,82
19737,minimum_down,82,123_STEAM_3,19737,35,82
19742,minimum_up,83,123_STEAM_3,19742,60,83
19743,minimum_down,83,123_STEAM_3,19743,36,83
19748,minimum_up,84,123_STEAM_3,19748,61,84
19749,minimum_down,84,123_STEAM_3,19749,37,84
19754,minimum_up,85,123_STEAM_3,19754,62,85
19755,minimum_down,85,123_STEAM_3,19755,38,85
19760,minimum_up,86,123_STEAM_3,19760,63,86
19761,minimum_down,86,123_STEAM_3,19761,39,86
19766,minimum_up,87,123_STEAM_3,19766,64,87
19767,minimum_down,87,123_STEAM_3,19767,40,87
19772,minimum_up,88,123_STEAM_3,19772,65,88
19773,minimum_down,88,123_STEAM_3,19773,41,88
19778,minimum_up,89,123_STEAM_3,19778,66,89
19779,minimum_down,89,123_STEAM_3,19779,42,89
19784,minimum_up,90,123_STEAM_3,19784,67,90
19785,minimum_down,90,123_STEAM_3,19785,43,90
19790,minimum_up,91,123_STEAM_3,19790,68,91
19791,minimum_down,91,123_STEAM_3,19791,44,91
19796,minimum_up,92,123_STEAM_3,19796,69,92
19797,minimum_down,92,123_STEAM_3,19797,45,92
19802,minimum_up,93,123_STEAM_3,19802,70,93
19803,minimum_down,93,123_STEAM_3,19803,46,93
19808,minimum_up,94,123_STEAM_3,19808,71,94
19809,minimum_down,94,123_STEAM_3,19809,47,94
19814,minimum_up,95,123_STEAM_3,19814,72,95
19815,minimum_down,95,123_STEAM_3,19815,48,95
19820,minimum_up,96,123_STEAM_3,19820,73,96
19821,minimum_down,96,123_STEAM_3,19821,49,96
19826,minimum_up,97,123_STEAM_3,19826,74,97
19827,minimum_down,97,123_STEAM_3,19827,50,97
19832,minimum_up,98,123_STEAM_3,19832,75,98
19833,minimum_down,98,123_STEAM_3,19833,51,98
19838,minimum_up,99,123_STEAM_3,19838,76,99
19839,minimum_down,99,123_STEAM_3,19839,52,99
19844,minimum_up,100,123_STEAM_3,19844,77,100
19845,minimum_down,100,123_STEAM_3,19845,53,100
19850,minimum_up,101,123_STEAM_3,19850,78,101
19851,minimum_down,101,123_STEAM_3,19851,54,101
19856,minimum_up,102,123_STEAM_3,19856,79,102
19857,minimum_down,102,123_STEAM_3,19857,55,102
19862,minimum_up,103,123_STEAM_3,19862,80,103
19863,minimum_down,103,123_STEAM_3,19863,56,103
19868,minimum_up,104,123_STEAM_3,19868,81,104
19869,minimum_down,104,123_STEAM_3,19869,57,104
19874,minimum_up,105,123_STEAM_3,19874,82,105
19875,minimum_down,105,123_STEAM_3,19875,58,105
19880,minimum_up,106,123_STEAM_3,19880,83,106
19881,minimum_down,106,123_STEAM_3,19881,59,106
19886,minimum_up,107,123_STEAM_3,19886,84,107
19887,minimum_down,107,123_STEAM_3,19887,60,107
19892,minimum_up,108,123_STEAM_3,19892,85,108
19893,minimum_down,108,123_STEAM_3,19893,61,108
19898,minimum_up,109,123_STEAM_3,19898,86,109
19899,minimum_down,109,123_STEAM_3,19899,62,109
19904,minimum_up,110,123_STEAM_3,19904,87,110
19905,minimum_down,110,123_STEAM_3,19905,63,110
19910,minimum_up,111,123_STEAM_3,19910,88,111
19911,minimum_down,111,123_STEAM_3,19911,64,111
19916,minimum_up,112,123_STEAM_3,19916,89,112
19917,minimum_down,112,123_STEAM_3,19917,65,112
19922,minimum_up,113,123_STEAM_3,19922,90,113
19923,minimum_down,113,123_STEAM_3,19923,66,113
19928,minimum_up,114,123_STEAM_3,19928,91,114
19929,minimum_down,114,123_STEAM_3,19929,67,114
19934,minimum_up,115,123_STEAM_3,19934,92,115
19935,minimum_down,115,123_STEAM_3,19935,68,115
19940,minimum_up,116,123_STEAM_3,19940,93,116
19941,minimum_down,116,123_STEAM_3,19941,69,116
19946,minimum_up,117,123_STEAM_3,19946,94,117
19947,minimum_down,117,123_STEAM_3,19947,70,117
19952,minimum_up,118,123_STEAM_3,19952,95,118
19953,minimum_down,118,123_STEAM_3,19953,71,118
19958,minimum_up,119,123_STEAM_3,19958,96,119
19959,minimum_down,119,123_STEAM_3,19959,72,119
19964,minimum_up,120,123_STEAM_3,19964,97,120
19965,minimum_down,120,123_STEAM_3,19965,73,120
19970,minimum_up,121,123_STEAM_3,19970,98,121
19971,minimum_down,121,123_STEAM_3,19971,74,121
19976,minimum_up,122,123_STEAM_3,19976,99,122
19977,minimum_down,122,123_STEAM_3,19977,75,122
19982,minimum_up,123,123_STEAM_3,19982,100,123
19983,minimum_down,123,123_STEAM_3,19983,76,123
19988,minimum_up,124,123_STEAM_3,19988,101,124
19989,minimum_down,124,123_STEAM_3,19989,77,124
19994,minimum_up,125,123_STEAM_3,19994,102,125
19995,minimum_down,125,123_STEAM_3,19995,78,125
20000,minimum_up,126,123_STEAM_3,20000,103,126
20001,minimum_down,126,123_STEAM_3,20001,79,126
20006,minimum_up,127,123_STEAM_3,20006,104,127
20007,minimum_down,127,123_STEAM_3,20007,80,127
20012,minimum_up,128,123_STEAM_3,20012,105,128
20013,minimum_down,128,123_STEAM_3,20013,81,128
20018,minimum_up,129,123_STEAM_3,20018,106,129
20019,minimum_down,129,123_STEAM_3,20019,82,129
20024,minimum_up,130,123_STEAM_3,20024,107,130
20025,minimum_down,130,123_STEAM_3,20025,83,130
20030,minimum_up,131,123_STEAM_3,20030,108,131
20031,minimum_down,131,123_STEAM_3,20031,84,131
20036,minimum_up,132,123_STEAM_3,20036,109,132
20037,minimum_down,132,123_STEAM_3,20037,85,132
20042,minimum_up,133,123_STEAM_3,20042,110,133
20043,minimum_down,133,123_STEAM_3,20043,86,133
20048,minimum_up,134,123_STEAM_3,20048,111,134
20049,minimum_down,134,123_STEAM_3,20049,87,134
20054,minimum_up,135,123_STEAM_3,20054,112,135
20055,minimum_down,135,123_STEAM_3,20055,88,135
20060,minimum_up,136,123_STEAM_3,20060,113,136
20061,minimum_down,136,123_STEAM_3,20061,89,136
20066,minimum_up,137,123_STEAM_3,20066,114,137
20067,minimum_down,137,123_STEAM_3,20067,90,137
20072,minimum_up,138,123_STEAM_3,20072,115,138
20073,minimum_down,138,123_STEAM_3,20073,91,138
20078,minimum_up,139,123_STEAM_3,20078,116,139
20079,minimum_down,139,123_STEAM_3,20079,92,139
20084,minimum_up,140,123_STEAM_3,20084,117,140
20085,minimum_down,140,123_STEAM_3,20085,93,140
20090,minimum_up,141,123_STEAM_3,20090,118,141
20091,minimum_down,141,123_STEAM_3,20091,94,141
20096,minimum_up,142,123_STEAM_3,20096,119,142
20097,minimum_down,142,123_STEAM_3,20097,95,142
20102,minimum_up,143,123_STEAM_3,20102,120,143
20103,minimum_down,143,123_STEAM_3,20103,96,143
20108,minimum_up,144,123_STEAM_3,20108,121,144
20109,minimum_down,144,123_STEAM_3,20109,97,144
20114,minimum_up,145,123_STEAM_3,20114,122,145
20115,minimum_down,145,123_STEAM_3,20115,98,145
20120,minimum_up,146,123_STEAM_3,20120,123,146
20121,minimum_down,146,123_STEAM_3,20121,99,146
20126,minimum_up,147,123_STEAM_3,20126,124,147
20127,minimum_down,147,123_STEAM_3,20127,100,147
20132,minimum_up,148,123_STEAM_3,20132,125,148
20133,minimum_down,148,123_STEAM_3,20133,101,148
20138,minimum_up,149,123_STEAM_3,20138,126,149
20139,minimum_down,149,123_STEAM_3,20139,102,149
20144,minimum_up,150,123_STEAM_3,20144,127,150
20145,minimum_down,150,123_STEAM_3,20145,103,150
20150,minimum_up,151,123_STEAM_3,20150,128,151
20151,minimum_down,151,123_STEAM_3,20151,104,151
20156,minimum_up,152,123_STEAM_3,20156,129,152
20157,minimum_down,152,123_STEAM_3,20157,105,152
20162,minimum_up,153,123_STEAM_3,20162,130,153
20163,minimum_down,153,123_STEAM_3,20163,106,153
20168,minimum_up,154,123_STEAM_3,20168,131,154
20169,minimum_down,154,123_STEAM_3,20169,107,154
20174,minimum_up,155,123_STEAM_3,20174,132,155
20175,minimum_down,155,123_STEAM_3,20175,108,155
20180,minimum_up,156,123_STEAM_3,20180,133,156
20181,minimum_down,156,123_STEAM_3,20181,109,156
20186,minimum_up,157,123_STEAM_3,20186,134,157
20187,minimum_down,157,123_STEAM_3,20187,110,157
20192,minimum_up,158,123_STEAM_3,20192,135,158
20193,minimum_down,158,123_STEAM_3,20193,111,158
20198,minimum_up,159,123_STEAM_3,20198,136,159
20199,minimum_down,159,123_STEAM_3,20199,112,159
20204,minimum_up,160,123_STEAM_3,20204,137,160
20205,minimum_down,160,123_STEAM_3,20205,113,160
20210,minimum_up,161,123_STEAM_3,20210,138,161
20211,minimum_down,161,123_STEAM_3,20211,114,161
20216,minimum_up,162,123_STEAM_3,20216,139,162
20217,minimum_down,162,123_STEAM_3,20217,115,162
20222,minimum_up,163,123_STEAM_3,20222,140,163
20223,minimum_down,163,123_STEAM_3,20223,116,163
20228,minimum_up,164,123_STEAM_3,20228,141,164
20229,minimum_down,164,123_STEAM_3,20229,117,164
20234,minimum_up,165,123_STEAM_3,20234,142,165
20235,minimum_down,165,123_STEAM_3,20235,118,165
20240,minimum_up,166,123_STEAM_3,20240,143,166
20241,minimum_down,166,123_STEAM_3,20241,119,166
20246,minimum_up,167,123_STEAM_3,20246,144,167
20247,minimum_down,167,123_STEAM_3,20247,120,167
20254,minimum_up,1,123_CT_1,20254,1,1
20255,minimum_down,1,123_CT_1,20255,1,1
20260,minimum_up,2,123_CT_1,20260,1,2
20261,minimum_down,2,123_CT_1,20261,1,2
20266,minimum_up,3,123_CT_1,20266,1,3
20267,minimum_down,3,123_CT_1,20267,1,3
20272,minimum_up,4,123_CT_1,20272,2,4
20273,minimum_down,4,123_CT_1,20273,2,4
20278,minimum_up,5,123_CT_1,20278,3,5
20279,minimum_down,5,123_CT_1,20279,3,5
20284,minimum_up,6,123_CT_1,20284,4,6
20285,minimum_down,6,123_CT_1,20285,4,6
20290,minimum_up,7,123_CT_1,20290,5,7
20291,minimum_down,7,123_CT_1,20291,5,7
20296,minimum_up,8,123_CT_1,20296,6,8
20297,minimum_down,8,123_CT_1,20297,6,8
20302,minimum_up,9,123_CT_1,20302,7,9
20303,minimum_down,9,123_CT_1,20303,7,9
20308,minimum_up,10,123_CT_1,20308,8,10
20309,minimum_down,10,123_CT_1,20309,8,10
20314,minimum_up,11,123_CT_1,20314,9,11
20315,minimum_down,11,123_CT_1,20315,9,11
20320,minimum_up,12,123_CT_1,20320,10,12
20321,minimum_down,12,123_CT_1,20321,10,12
20326,minimum_up,13,123_CT_1,20326,11,13
20327,minimum_down,13,123_CT_1,20327,11,13
20332,minimum_up,14,123_CT_1,20332,12,14
20333,minimum_down,14,123_CT_1,20333,12,14
20338,minimum_up,15,123_CT_1,20338,13,15
20339,minimum_down,15,123_CT_1,20339,13,15
20344,minimum_up,16,123_CT_1,20344,14,16
20345,minimum_down,16,123_CT_1,20345,14,16
20350,minimum_up,17,123_CT_1,20350,15,17
20351,minimum_down,17,123_CT_1,20351,15,17
20356,minimum_up,18,123_CT_1,20356,16,18
20357,minimum_down,18,123_CT_1,20357,16,18
20362,minimum_up,19,123_CT_1,20362,17,19
20363,minimum_down,19,123_CT_1,20363,17,19
20368,minimum_up,20,123_CT_1,20368,18,20
20369,minimum_down,20,123_CT_1,20369,18,20
20374,minimum_up,21,123_CT_1,20374,19,21
20375,minimum_down,21,123_CT_1,20375,19,21
20380,minimum_up,22,123_CT_1,20380,20,22
20381,minimum_down,22,123_CT_1,20381,20,22
20386,minimum_up,23,123_CT_1,20386,21,23
20387,minimum_down,23,123_CT_1,20387,21,23
20392,minimum_up,24,123_CT_1,20392,22,24
20393,minimum_down,24,123_CT_1,20393,22,24
20398,minimum_up,25,123_CT_1,20398,23,25
20399,minimum_down,25,123_CT_1,20399,23,25
20404,minimum_up,26,123_CT_1,20404,24,26
20405,minimum_down,26,123_CT_1,20405,24,26
20410,minimum_up,27,123_CT_1,20410,25,27
20411,minimum_down,27,123_CT_1,20411,25,27
20416,minimum_up,28,123_CT_1,20416,26,28
20417,minimum_down,28,123_CT_1,20417,26,28
20422,minimum_up,29,123_CT_1,20422,27,29
20423,minimum_down,29,123_CT_1,20423,27,29
20428,minimum_up,30,123_CT_1,20428,28,30
20429,minimum_down,30,123_CT_1,20429,28,30
20434,minimum_up,31,123_CT_1,20434,29,31
20435,minimum_down,31,123_CT_1,20435,29,31
20440,minimum_up,32,123_CT_1,20440,30,32
20441,minimum_down,32,123_CT_1,20441,30,32
20446,minimum_up,33,123_CT_1,20446,31,33
20447,minimum_down,33,123_CT_1,20447,31,33
20452,minimum_up,34,123_CT_1,20452,32,34
20453,minimum_down,34,123_CT_1,20453,32,34
20458,minimum_up,35,123_CT_1,20458,33,35
20459,minimum_down,35,123_CT_1,20459,33,35
20464,minimum_up,36,123_CT_1,20464,34,36
20465,minimum_down,36,123_CT_1,20465,34,36
20470,minimum_up,37,123_CT_1,20470,35,37
20471,minimum_down,37,123_CT_1,20471,35,37
20476,minimum_up,38,123_CT_1,20476,36,38
20477,minimum_down,38,123_CT_1,20477,36,38
20482,minimum_up,39,123_CT_1,20482,37,39
20483,minimum_down,39,123_CT_1,20483,37,39
20488,minimum_up,40,123_CT_1,20488,38,40
20489,minimum_down,40,123_CT_1,20489,38,40
20494,minimum_up,41,123_CT_1,20494,39,41
20495,minimum_down,41,123_CT_1,20495,39,41
20500,minimum_up,42,123_CT_1,20500,40,42
20501,minimum_down,42,123_CT_1,20501,40,42
20506,minimum_up,43,123_CT_1,20506,41,43
20507,minimum_down,43,123_CT_1,20507,41,43
20512,minimum_up,44,123_CT_1,20512,42,44
20513,minimum_down,44,123_CT_1,20513,42,44
20518,minimum_up,45,123_CT_1,20518,43,45
20519,minimum_down,45,123_CT_1,20519,43,45
20524,minimum_up,46,123_CT_1,20524,44,46
20525,minimum_down,46,123_CT_1,20525,44,46
20530,minimum_up,47,123_CT_1,20530,45,47
20531,minimum_down,47,123_CT_1,20531,45,47
20536,minimum_up,48,123_CT_1,20536,46,48
20537,minimum_down,48,123_CT_1,20537,46,48
20542,minimum_up,49,123_CT_1,20542,47,49
20543,minimum_down,49,123_CT_1,20543,47,49
20548,minimum_up,50,123_CT_1,20548,48,50
20549,minimum_down,50,123_CT_1,20549,48,50
20554,minimum_up,51,123_CT_1,20554,49,51
20555,minimum_down,51,123_CT_1,20555,49,51
20560,minimum_up,52,123_CT_1,20560,50,52
20561,minimum_down,52,123_CT_1,20561,50,52
20566,minimum_up,53,123_CT_1,20566,51,53
20567,minimum_down,53,123_CT_1,20567,51,53
20572,minimum_up,54,123_CT_1,20572,52,54
20573,minimum_down,54,123_CT_1,20573,52,54
20578,minimum_up,55,123_CT_1,20578,53,55
20579,minimum_down,55,123_CT_1,20579,53,55
20584,minimum_up,56,123_CT_1,20584,54,56
20585,minimum_down,56,123_CT_1,20585,54,56
20590,minimum_up,57,123_CT_1,20590,55,57
20591,minimum_down,57,123_CT_1,20591,55,57
20596,minimum_up,58,123_CT_1,20596,56,58
20597,minimum_down,58,123_CT_1,20597,56,58
20602,minimum_up,59,123_CT_1,20602,57,59
20603,minimum_down,59,123_CT_1,20603,57,59
20608,minimum_up,60,123_CT_1,20608,58,60
20609,minimum_down,60,123_CT_1,20609,58,60
20614,minimum_up,61,123_CT_1,20614,59,61
20615,minimum_down,61,123_CT_1,20615,59,61
20620,minimum_up,62,123_CT_1,20620,60,62
20621,minimum_down,62,123_CT_1,20621,60,62
20626,minimum_up,63,123_CT_1,20626,61,63
20627,minimum_down,63,123_CT_1,20627,61,63
20632,minimum_up,64,123_CT_1,20632,62,64
20633,minimum_down,64,123_CT_1,20633,62,64
20638,minimum_up,65,123_CT_1,20638,63,65
20639,minimum_down,65,123_CT_1,20639,63,65
20644,minimum_up,66,123_CT_1,20644,64,66
20645,minimum_down,66,123_CT_1,20645,64,66
20650,minimum_up,67,123_CT_1,20650,65,67
20651,minimum_down,67,123_CT_1,20651,65,67
20656,minimum_up,68,123_CT_1,20656,66,68
20657,minimum_down,68,123_CT_1,20657,66,68
20662,minimum_up,69,123_CT_1,20662,67,69
20663,minimum_down,69,123_CT_1,20663,67,69
20668,minimum_up,70,123_CT_1,20668,68,70
20669,minimum_down,70,123_CT_1,20669,68,70
20674,minimum_up,71,123_CT_1,20674,69,71
20675,minimum_down,71,123_CT_1,20675,69,71
20680,minimum_up,72,123_CT_1,20680,70,72
20681,minimum_down,72,123_CT_1,20681,70,72
20686,minimum_up,73,123_CT_1,20686,71,73
20687,minimum_down,73,123_CT_1,20687,71,73
20692,minimum_up,74,123_CT_1,20692,72,74
20693,minimum_down,74,123_CT_1,20693,72,74
20698,minimum_up,75,123_CT_1,20698,73,75
20699,minimum_down,75,123_CT_1,20699,73,75
20704,minimum_up,76,123_CT_1,20704,74,76
20705,minimum_down,76,123_CT_1,20705,74,76
20710,minimum_up,77,123_CT_1,20710,75,77
20711,minimum_down,77,123_CT_1,20711,75,77
20716,minimum_up,78,123_CT_1,20716,76,78
20717,minimum_down,78,123_CT_1,20717,76,78
20722,minimum_up,79,123_CT_1,20722,77,79
20723,minimum_down,79,123_CT_1,20723,77,79
20728,minimum_up,80,123_CT_1,20728,78,80
20729,minimum_down,80,123_CT_1,20729,78,80
20734,minimum_up,81,123_CT_1,20734,79,81
20735,minimum_down,81,123_CT_1,20735,79,81
20740,minimum_up,82,123_CT_1,20740,80,82
20741,minimum_down,82,123_CT_1,20741,80,82
20746,minimum_up,83,123_CT_1,20746,81,83
20747,minimum_down,83,123_CT_1,20747,81,83
20752,minimum_up,84,123_CT_1,20752,82,84
20753,minimum_down,84,123_CT_1,20753,82,84
20758,minimum_up,85,123_CT_1,20758,83,85
20759,minimum_down,85,123_CT_1,20759,83,85
20764,minimum_up,86,123_CT_1,20764,84,86
20765,minimum_down,86,123_CT_1,20765,84,86
20770,minimum_up,87,123_CT_1,20770,85,87
20771,minimum_down,87,123_CT_1,20771,85,87
20776,minimum_up,88,123_CT_1,20776,86,88
20777,minimum_down,88,123_CT_1,20777,86,88
20782,minimum_up,89,123_CT_1,20782,87,89
20783,minimum_down,89,123_CT_1,20783,87,89
20788,minimum_up,90,123_CT_1,20788,88,90
20789,minimum_down,90,123_CT_1,20789,88,90
20794,minimum_up,91,123_CT_1,20794,89,91
20795,minimum_down,91,123_CT_1,20795,89,91
20800,minimum_up,92,123_CT_1,20800,90,92
20801,minimum_down,92,123_CT_1,20801,90,92
20806,minimum_up,93,123_CT_1,20806,91,93
20807,minimum_down,93,123_CT_1,20807,91,93
20812,minimum_up,94,123_CT_1,20812,92,94
20813,minimum_down,94,123_CT_1,20813,92,94
20818,minimum_up,95,123_CT_1,20818,93,95
20819,minimum_down,95,123_CT_1,20819,93,95
20824,minimum_up,96,123_CT_1,20824,94,96
20825,minimum_down,96,123_CT_1,20825,94,96
20830,minimum_up,97,123_CT_1,20830,95,97
20831,minimum_down,97,123_CT_1,20831,95,97
20836,minimum_up,98,123_CT_1,20836,96,98
20837,minimum_down,98,123_CT_1,20837,96,98
20842,minimum_up,99,123_CT_1,20842,97,99
20843,minimum_down,99,123_CT_1,20843,97,99
20848,minimum_up,100,123_CT_1,20848,98,100
20849,minimum_down,100,123_CT_1,20849,98,100
20854,minimum_up,101,123_CT_1,20854,99,101
20855,minimum_down,101,123_CT_1,20855,99,101
20860,minimum_up,102,123_CT_1,20860,100,102
20861,minimum_down,102,123_CT_1,20861,100,102
20866,minimum_up,103,123_CT_1,20866,101,103
20867,minimum_down,103,123_CT_1,20867,101,103
20872,minimum_up,104,123_CT_1,20872,102,104
20873,minimum_down,104,123_CT_1,20873,102,104
20878,minimum_up,105,123_CT_1,20878,103,105
20879,minimum_down,105,123_CT_1,20879,103,105
20884,minimum_up,106,123_CT_1,20884,104,106
20885,minimum_down,106,123_CT_1,20885,104,106
20890,minimum_up,107,123_CT_1,20890,105,107
20891,minimum_down,107,123_CT_1,20891,105,107
20896,minimum_up,108,123_CT_1,20896,106,108
20897,minimum_down,108,123_CT_1,20897,106,108
20902,minimum_up,109,123_CT_1,20902,107,109
20903,minimum_down,109,123_CT_1,20903,107,109
20908,minimum_up,110,123_CT_1,20908,108,110
20909,minimum_down,110,123_CT_1,20909,108,110
20914,minimum_up,111,123_CT_1,20914,109,111
20915,minimum_down,111,123_CT_1,20915,109,111
20920,minimum_up,112,123_CT_1,20920,110,112
20921,minimum_down,112,123_CT_1,20921,110,112
20926,minimum_up,113,123_CT_1,20926,111,113
20927,minimum_down,113,123_CT_1,20927,111,113
20932,minimum_up,114,123_CT_1,20932,112,114
20933,minimum_down,114,123_CT_1,20933,112,114
20938,minimum_up,115,123_CT_1,20938,113,115
20939,minimum_down,115,123_CT_1,20939,113,115
20944,minimum_up,116,123_CT_1,20944,114,116
20945,minimum_down,116,123_CT_1,20945,114,116
20950,minimum_up,117,123_CT_1,20950,115,117
20951,minimum_down,117,123_CT_1,20951,115,117
20956,minimum_up,118,123_CT_1,20956,116,118
20957,minimum_down,118,123_CT_1,20957,116,118
20962,minimum_up,119,123_CT_1,20962,117,119
20963,minimum_down,119,123_CT_1,20963,117,119
20968,minimum_up,120,123_CT_1,20968,118,120
20969,minimum_down,120,123_CT_1,20969,118,120
20974,minimum_up,121,123_CT_1,20974,119,121
20975,minimum_down,121,123_CT_1,20975,119,121
20980,minimum_up,122,123_CT_1,20980,120,122
20981,minimum_down,122,123_CT_1,20981,120,122
20986,minimum_up,123,123_CT_1,20986,121,123
20987,minimum_down,123,123_CT_1,20987,121,123
20992,minimum_up,124,123_CT_1,20992,122,124
20993,minimum_down,124,123_CT_1,20993,122,124
20998,minimum_up,125,123_CT_1,20998,123,125
20999,minimum_down,125,123_CT_1,20999,123,125
21004,minimum_up,126,123_CT_1,21004,124,126
21005,minimum_down,126,123_CT_1,21005,124,126
21010,minimum_up,127,123_CT_1,21010,125,127
21011,minimum_down,127,123_CT_1,21011,125,127
21016,minimum_up,128,123_CT_1,21016,126,128
21017,minimum_down,128,123_CT_1,21017,126,128
21022,minimum_up,129,123_CT_1,21022,127,129
21023,minimum_down,129,123_CT_1,21023,127,129
21028,minimum_up,130,123_CT_1,21028,128,130
21029,minimum_down,130,123_CT_1,21029,128,130
21034,minimum_up,131,123_CT_1,21034,129,131
21035,minimum_down,131,123_CT_1,21035,129,131
21040,minimum_up,132,123_CT_1,21040,130,132
21041,minimum_down,132,123_CT_1,21041,130,132
21046,minimum_up,133,123_CT_1,21046,131,133
21047,minimum_down,133,123_CT_1,21047,131,133
21052,minimum_up,134,123_CT_1,21052,132,134
21053,minimum_down,134,123_CT_1,21053,132,134
21058,minimum_up,135,123_CT_1,21058,133,135
21059,minimum_down,135,123_CT_1,21059,133,135
21064,minimum_up,136,123_CT_1,21064,134,136
21065,minimum_down,136,123_CT_1,21065,134,136
21070,minimum_up,137,123_CT_1,21070,135,137
21071,minimum_down,137,123_CT_1,21071,135,137
21076,minimum_up,138,123_CT_1,21076,136,138
21077,minimum_down,138,123_CT_1,21077,136,138
21082,minimum_up,139,123_CT_1,21082,137,139
21083,minimum_down,139,123_CT_1,21083,137,139
21088,minimum_up,140,123_CT_1,21088,138,140
21089,minimum_down,140,123_CT_1,21089,138,140
21094,minimum_up,141,123_CT_1,21094,139,141
21095,minimum_down,141,123_CT_1,21095,139,141
21100,minimum_up,142,123_CT_1,21100,140,142
21101,minimum_down,142,123_CT_1,21101,140,142
21106,minimum_up,143,123_CT_1,21106,141,143
21107,minimum_down,143,123_CT_1,21107,141,143
21112,minimum_up,144,123_CT_1,21112,142,144
21113,minimum_down,144,123_CT_1,21113,142,144
21118,minimum_up,145,123_CT_1,21118,143,145
21119,minimum_down,145,123_CT_1,21119,143,145
21124,minimum_up,146,123_CT_1,21124,144,146
21125,minimum_down,146,123_CT_1,21125,144,146
21130,minimum_up,147,123_CT_1,21130,145,147
21131,minimum_down,147,123_CT_1,21131,145,147
21136,minimum_up,148,123_CT_1,21136,146,148
21137,minimum_down,148,123_CT_1,21137,146,148
21142,minimum_up,149,123_CT_1,21142,147,149
21143,minimum_down,149,123_CT_1,21143,147,149
21148,minimum_up,150,123_CT_1,21148,148,150
21149,minimum_down,150,123_CT_1,21149,148,150
21154,minimum_up,151,123_CT_1,21154,149,151
21155,minimum_down,151,123_CT_1,21155,149,151
21160,minimum_up,152,123_CT_1,21160,150,152
21161,minimum_down,152,123_CT_1,21161,150,152
21166,minimum_up,153,123_CT_1,21166,151,153
21167,minimum_down,153,123_CT_1,21167,151,153
21172,minimum_up,154,123_CT_1,21172,152,154
21173,minimum_down,154,123_CT_1,21173,152,154
21178,minimum_up,155,123_CT_1,21178,153,155
21179,minimum_down,155,123_CT_1,21179,153,155
21184,minimum_up,156,123_CT_1,21184,154,156
21185,minimum_down,156,123_CT_1,21185,154,156
21190,minimum_up,157,123_CT_1,21190,155,157
21191,minimum_down,157,123_CT_1,21191,155,157
21196,minimum_up,158,123_CT_1,21196,156,158
21197,minimum_down,158,123_CT_1,21197,156,158
21202,minimum_up,159,123_CT_1,21202,157,159
21203,minimum_down,159,123_CT_1,21203,157,159
21208,minimum_up,160,123_CT_1,21208,158,160
21209,minimum_down,160,123_CT_1,21209,158,160
21214,minimum_up,161,123_CT_1,21214,159,161
21215,minimum_down,161,123_CT_1,21215,159,161
21220,minimum_up,162,123_CT_1,21220,160,162
21221,minimum_down,162,123_CT_1,21221,160,162
21226,minimum_up,163,123_CT_1,21226,161,163
21227,minimum_down,163,123_CT_1,21227,161,163
21232,minimum_up,164,123_CT_1,21232,162,164
21233,minimum_down,164,123_CT_1,21233,162,164
21238,minimum_up,165,123_CT_1,21238,163,165
21239,minimum_down,165,123_CT_1,21239,163,165
21244,minimum_up,166,123_CT_1,21244,164,166
21245,minimum_down,166,123_CT_1,21245,164,166
21250,minimum_up,167,123_CT_1,21250,165,167
21251,minimum_down,167,123_CT_1,21251,165,167
21258,minimum_up,1,123_CT_4,21258,1,1
21259,minimum_down,1,123_CT_4,21259,1,1
21264,minimum_up,2,123_CT_4,21264,1,2
21265,minimum_down,2,123_CT_4,21265,1,2
21270,minimum_up,3,123_CT_4,21270,1,3
21271,minimum_down,3,123_CT_4,21271,1,3
21276,minimum_up,4,123_CT_4,21276,2,4
21277,minimum_down,4,123_CT_4,21277,2,4
21282,minimum_up,5,123_CT_4,21282,3,5
21283,minimum_down,5,123_CT_4,21283,3,5
21288,minimum_up,6,123_CT_4,21288,4,6
21289,minimum_down,6,123_CT_4,21289,4,6
21294,minimum_up,7,123_CT_4,21294,5,7
21295,minimum_down,7,123_CT_4,21295,5,7
21300,minimum_up,8,123_CT_4,21300,6,8
21301,minimum_down,8,123_CT_4,21301,6,8
21306,minimum_up,9,123_CT_4,21306,7,9
21307,minimum_down,9,123_CT_4,21307,7,9
21312,minimum_up,10,123_CT_4,21312,8,10
21313,minimum_down,10,123_CT_4,21313,8,10
21318,minimum_up,11,123_CT_4,21318,9,11
21319,minimum_down,11,123_CT_4,21319,9,11
21324,minimum_up,12,123_CT_4,21324,10,12
21325,minimum_down,12,123_CT_4,21325,10,12
21330,minimum_up,13,123_CT_4,21330,11,13
21331,minimum_down,13,123_CT_4,21331,11,13
21336,minimum_up,14,123_CT_4,21336,12,14
21337,minimum_down,14,123_CT_4,21337,12,14
21342,minimum_up,15,123_CT_4,21342,13,15
21343,minimum_down,15,123_CT_4,21343,13,15
21348,minimum_up,16,123_CT_4,21348,14,16
21349,minimum_down,16,123_CT_4,21349,14,16
21354,minimum_up,17,123_CT_4,21354,15,17
21355,minimum_down,17,123_CT_4,21355,15,17
21360,minimum_up,18,123_CT_4,21360,16,18
21361,minimum_down,18,123_CT_4,21361,16,18
21366,minimum_up,19,123_CT_4,21366,17,19
21367,minimum_down,19,123_CT_4,21367,17,19
21372,minimum_up,20,123_CT_4,21372,18,20
21373,minimum_down,20,123_CT_4,21373,18,20
21378,minimum_up,21,123_CT_4,21378,19,21
21379,minimum_down,21,123_CT_4,21379,19,21
21384,minimum_up,22,123_CT_4,21384,20,22
21385,minimum_down,22,123_CT_4,21385,20,22
21390,minimum_up,23,123_CT_4,21390,21,23
21391,minimum_down,23,123_CT_4,21391,21,23
21396,minimum_up,24,123_CT_4,21396,22,24
21397,minimum_down,24,123_CT_4,21397,22,24
21402,minimum_up,25,123_CT_4,21402,23,25
21403,minimum_down,25,123_CT_4,21403,23,25
21408,minimum_up,26,123_CT_4,21408,24,26
21409,minimum_down,26,123_CT_4,21409,24,26
21414,minimum_up,27,123_CT_4,21414,25,27
21415,minimum_down,27,123_CT_4,21415,25,27
21420,minimum_up,28,123_CT_4,21420,26,28
21421,minimum_down,28,123_CT_4,21421,26,28
21426,minimum_up,29,123_CT_4,21426,27,29
21427,minimum_down,29,123_CT_4,21427,27,29
21432,minimum_up,30,123_CT_4,21432,28,30
21433,minimum_down,30,123_CT_4,21433,28,30
21438,minimum_up,31,123_CT_4,21438,29,31
21439,minimum_down,31,123_CT_4,21439,29,31
21444,minimum_up,32,123_CT_4,21444,30,32
21445,minimum_down,32,123_CT_4,21445,30,32
21450,minimum_up,33,123_CT_4,21450,31,33
21451,minimum_down,33,123_CT_4,21451,31,33
21456,minimum_up,34,123_CT_4,21456,32,34
21457,minimum_down,34,123_CT_4,21457,32,34
21462,minimum_up,35,123_CT_4,21462,33,35
21463,minimum_down,35,123_CT_4,21463,33,35
21468,minimum_up,36,123_CT_4,21468,34,36
21469,minimum_down,36,123_CT_4,21469,34,36
21474,minimum_up,37,123_CT_4,21474,35,37
21475,minimum_down,37,123_CT_4,21475,35,37
21480,minimum_up,38,123_CT_4,21480,36,38
21481,minimum_down,38,123_CT_4,21481,36,38
21486,minimum_up,39,123_CT_4,21486,37,39
21487,minimum_down,39,123_CT_4,21487,37,39
21492,minimum_up,40,123_CT_4,21492,38,40
21493,minimum_down,40,123_CT_4,21493,38,40
21498,minimum_up,41,123_CT_4,21498,39,41
21499,minimum_down,41,123_CT_4,21499,39,41
21504,minimum_up,42,123_CT_4,21504,40,42
21505,minimum_down,42,123_CT_4,21505,40,42
21510,minimum_up,43,123_CT_4,21510,41,43
21511,minimum_down,43,123_CT_4,21511,41,43
21516,minimum_up,44,123_CT_4,21516,42,44
21517,minimum_down,44,123_CT_4,21517,42,44
21522,minimum_up,45,123_CT_4,21522,43,45
21523,minimum_down,45,123_CT_4,21523,43,45
21528,minimum_up,46,123_CT_4,21528,44,46
21529,minimum_down,46,123_CT_4,21529,44,46
21534,minimum_up,47,123_CT_4,21534,45,47
21535,minimum_down,47,123_CT_4,21535,45,47
21540,minimum_up,48,123_CT_4,21540,46,48
21541,minimum_down,48,123_CT_4,21541,46,48
21546,minimum_up,49,123_CT_4,21546,47,49
21547,minimum_down,49,123_CT_4,21547,47,49
21552,minimum_up,50,123_CT_4,21552,48,50
21553,minimum_down,50,123_CT_4,21553,48,50
21558,minimum_up,51,123_CT_4,21558,49,51
21559,minimum_down,51,123_CT_4,21559,49,51
21564,minimum_up,52,123_CT_4,21564,50,52
21565,minimum_down,52,123_CT_4,21565,50,52
21570,minimum_up,53,123_CT_4,21570,51,53
21571,minimum_down,53,123_CT_4,21571,51,53
21576,minimum_up,54,123_CT_4,21576,52,54
21577,minimum_down,54,123_CT_4,21577,52,54
21582,minimum_up,55,123_CT_4,21582,53,55
21583,minimum_down,55,123_CT_4,21583,53,55
21588,minimum_up,56,123_CT_4,21588,54,56
21589,minimum_down,56,123_CT_4,21589,54,56
21594,minimum_up,57,123_CT_4,21594,55,57
21595,minimum_down,57,123_CT_4,21595,55,57
21600,minimum_up,58,123_CT_4,21600,56,58
21601,minimum_down,58,123_CT_4,21601,56,58
21606,minimum_up,59,123_CT_4,21606,57,59
21607,minimum_down,59,123_CT_4,21607,57,59
21612,minimum_up,60,123_CT_4,21612,58,60
21613,minimum_down,60,123_CT_4,21613,58,60
21618,minimum_up,61,123_CT_4,21618,59,61
21619,minimum_down,61,123_CT_4,21619,59,61
21624,minimum_up,62,123_CT_4,21624,60,62
21625,minimum_down,62,123_CT_4,21625,60,62
21630,minimum_up,63,123_CT_4,21630,61,63
21631,minimum_down,63,123_CT_4,21631,61,63
21636,minimum_up,64,123_CT_4,21636,62,64
21637,minimum_down,64,123_CT_4,21637,62,64
21642,minimum_up,65,123_CT_4,21642,63,65
21643,minimum_down,65,123_CT_4,21643,63,65
21648,minimum_up,66,123_CT_4,21648,64,66
21649,minimum_down,66,123_CT_4,21649,64,66
21654,minimum_up,67,123_CT_4,21654,65,67
21655,minimum_down,67,123_CT_4,21655,65,67
21660,minimum_up,68,123_CT_4,21660,66,68
21661,minimum_down,68,123_CT_4,21661,66,68
21666,minimum_up,69,123_CT_4,21666,67,69
21667,minimum_down,69,123_CT_4,21667,67,69
21672,minimum_up,70,123_CT_4,21672,68,70
21673,minimum_down,70,123_CT_4,21673,68,70
21678,minimum_up,71,123_CT_4,21678,69,71
21679,minimum_down,71,123_CT_4,21679,69,71
21684,minimum_up,72,123_CT_4,21684,70,72
21685,minimum_down,72,123_CT_4,21685,70,72
21690,minimum_up,73,123_CT_4,21690,71,73
21691,minimum_down,73,123_CT_4,21691,71,73
21696,minimum_up,74,123_CT_4,21696,72,74
21697,minimum_down,74,123_CT_4,21697,72,74
21702,minimum_up,75,123_CT_4,21702,73,75
21703,minimum_down,75,123_CT_4,21703,73,75
21708,minimum_up,76,123_CT_4,21708,74,76
21709,minimum_down,76,123_CT_4,21709,74,76
21714,minimum_up,77,123_CT_4,21714,75,77
21715,minimum_down,77,123_CT_4,21715,75,77
21720,minimum_up,78,123_CT_4,21720,76,78
21721,minimum_down,78,123_CT_4,21721,76,78
21726,minimum_up,79,123_CT_4,21726,77,79
21727,minimum_down,79,123_CT_4,21727,77,79
21732,minimum_up,80,123_CT_4,21732,78,80
21733,minimum_down,80,123_CT_4,21733,78,80
21738,minimum_up,81,123_CT_4,21738,79,81
21739,minimum_down,81,123_CT_4,21739,79,81
21744,minimum_up,82,123_CT_4,21744,80,82
21745,minimum_down,82,123_CT_4,21745,80,82
21750,minimum_up,83,123_CT_4,21750,81,83
21751,minimum_down,83,123_CT_4,21751,81,83
21756,minimum_up,84,123_CT_4,21756,82,84
21757,minimum_down,84,123_CT_4,21757,82,84
21762,minimum_up,85,123_CT_4,21762,83,85
21763,minimum_down,85,123_CT_4,21763,83,85
21768,minimum_up,86,123_CT_4,21768,84,86
21769,minimum_down,86,123_CT_4,21769,84,86
21774,minimum_up,87,123_CT_4,21774,85,87
21775,minimum_down,87,123_CT_4,21775,85,87
21780,minimum_up,88,123_CT_4,21780,86,88
21781,minimum_down,88,123_CT_4,21781,86,88
21786,minimum_up,89,123_CT_4,21786,87,89
21787,minimum_down,89,123_CT_4,21787,87,89
21792,minimum_up,90,123_CT_4,21792,88,90
21793,minimum_down,90,123_CT_4,21793,88,90
21798,minimum_up,91,123_CT_4,21798,89,91
21799,minimum_down,91,123_CT_4,21799,89,91
21804,minimum_up,92,123_CT_4,21804,90,92
21805,minimum_down,92,123_CT_4,21805,90,92
21810,minimum_up,93,123_CT_4,21810,91,93
21811,minimum_down,93,123_CT_4,21811,91,93
21816,minimum_up,94,123_CT_4,21816,92,94
21817,minimum_down,94,123_CT_4,21817,92,94
21822,minimum_up,95,123_CT_4,21822,93,95
21823,minimum_down,95,123_CT_4,21823,93,95
21828,minimum_up,96,123_CT_4,21828,94,96
21829,minimum_down,96,123_CT_4,21829,94,96
21834,minimum_up,97,123_CT_4,21834,95,97
21835,minimum_down,97,123_CT_4,21835,95,97
21840,minimum_up,98,123_CT_4,21840,96,98
21841,minimum_down,98,123_CT_4,21841,96,98
21846,minimum_up,99,123_CT_4,21846,97,99
21847,minimum_down,99,123_CT_4,21847,97,99
21852,minimum_up,100,123_CT_4,21852,98,100
21853,minimum_down,100,123_CT_4,21853,98,100
21858,minimum_up,101,123_CT_4,21858,99,101
21859,minimum_down,101,123_CT_4,21859,99,101
21864,minimum_up,102,123_CT_4,21864,100,102
21865,minimum_down,102,123_CT_4,21865,100,102
21870,minimum_up,103,123_CT_4,21870,101,103
21871,minimum_down,103,123_CT_4,21871,101,103
21876,minimum_up,104,123_CT_4,21876,102,104
21877,minimum_down,104,123_CT_4,21877,102,104
21882,minimum_up,105,123_CT_4,21882,103,105
21883,minimum_down,105,123_CT_4,21883,103,105
21888,minimum_up,106,123_CT_4,21888,104,106
21889,minimum_down,106,123_CT_4,21889,104,106
21894,minimum_up,107,123_CT_4,21894,105,107
21895,minimum_down,107,123_CT_4,21895,105,107
21900,minimum_up,108,123_CT_4,21900,106,108
21901,minimum_down,108,123_CT_4,21901,106,108
21906,minimum_up,109,123_CT_4,21906,107,109
21907,minimum_down,109,123_CT_4,21907,107,109
21912,minimum_up,110,123_CT_4,21912,108,110
21913,minimum_down,110,123_CT_4,21913,108,110
21918,minimum_up,111,123_CT_4,21918,109,111
21919,minimum_down,111,123_CT_4,21919,109,111
21924,minimum_up,112,123_CT_4,21924,110,112
21925,minimum_down,112,123_CT_4,21925,110,112
21930,minimum_up,113,123_CT_4,21930,111,113
21931,minimum_down,113,123_CT_4,21931,111,113
21936,minimum_up,114,123_CT_4,21936,112,114
21937,minimum_down,114,123_CT_4,21937,112,114
21942,minimum_up,115,123_CT_4,21942,113,115
21943,minimum_down,115,123_CT_4,21943,113,115
21948,minimum_up,116,123_CT_4,21948,114,116
21949,minimum_down,116,123_CT_4,21949,114,116
21954,minimum_up,117,123_CT_4,21954,115,117
21955,minimum_down,117,123_CT_4,21955,115,117
21960,minimum_up,118,123_CT_4,21960,116,118
21961,minimum_down,118,123_CT_4,21961,116,118
21966,minimum_up,119,123_CT_4,21966,117,119
21967,minimum_down,119,123_CT_4,21967,117,119
21972,minimum_up,120,123_CT_4,21972,118,120
21973,minimum_down,120,123_CT_4,21973,118,120
21978,minimum_up,121,123_CT_4,21978,119,121
21979,minimum_down,121,123_CT_4,21979,119,121
21984,minimum_up,122,123_CT_4,21984,120,122
21985,minimum_down,122,123_CT_4,21985,120,122
21990,minimum_up,123,123_CT_4,21990,121,123
21991,minimum_down,123,123_CT_4,21991,121,123
21996,minimum_up,124,123_CT_4,21996,122,124
21997,minimum_down,124,123_CT_4,21997,122,124
22002,minimum_up,125,123_CT_4,22002,123,125
22003,minimum_down,125,123_CT_4,22003,123,125
22008,minimum_up,126,123_CT_4,22008,124,126
22009,minimum_down,126,123_CT_4,22009,124,126
22014,minimum_up,127,123_CT_4,22014,125,127
22015,minimum_down,127,123_CT_4,22015,125,127
22020,minimum_up,128,123_CT_4,22020,126,128
22021,minimum_down,128,123_CT_4,22021,126,128
22026,minimum_up,129,123_CT_4,22026,127,129
22027,minimum_down,129,123_CT_4,22027,127,129
22032,minimum_up,130,123_CT_4,22032,128,130
22033,minimum_down,130,123_CT_4,22033,128,130
22038,minimum_up,131,123_CT_4,22038,129,131
22039,minimum_down,131,123_CT_4,22039,129,131
22044,minimum_up,132,123_CT_4,22044,130,132
22045,minimum_down,132,123_CT_4,22045,130,132
22050,minimum_up,133,123_CT_4,22050,131,133
22051,minimum_down,133,123_CT_4,22051,131,133
22056,minimum_up,134,123_CT_4,22056,132,134
22057,minimum_down,134,123_CT_4,22057,132,134
22062,minimum_up,135,123_CT_4,22062,133,135
22063,minimum_down,135,123_CT_4,22063,133,135
22068,minimum_up,136,123_CT_4,22068,134,136
22069,minimum_down,136,123_CT_4,22069,134,136
22074,minimum_up,137,123_CT_4,22074,135,137
22075,minimum_down,137,123_CT_4,22075,135,137
22080,minimum_up,138,123_CT_4,22080,136,138
22081,minimum_down,138,123_CT_4,22081,136,138
22086,minimum_up,139,123_CT_4,22086,137,139
22087,minimum_down,139,123_CT_4,22087,137,139
22092,minimum_up,140,123_CT_4,22092,138,140
22093,minimum_down,140,123_CT_4,22093,138,140
22098,minimum_up,141,123_CT_4,22098,139,141
22099,minimum_down,141,123_CT_4,22099,139,141
22104,minimum_up,142,123_CT_4,22104,140,142
22105,minimum_down,142,123_CT_4,22105,140,142
22110,minimum_up,143,123_CT_4,22110,141,143
22111,minimum_down,143,123_CT_4,22111,141,143
22116,minimum_up,144,123_CT_4,22116,142,144
22117,minimum_down,144,123_CT_4,22117,142,144
22122,minimum_up,145,123_CT_4,22122,143,145
22123,minimum_down,145,123_CT_4,22123,143,145
22128,minimum_up,146,123_CT_4,22128,144,146
22129,minimum_down,146,123_CT_4,22129,144,146
22134,minimum_up,147,123_CT_4,22134,145,147
22135,minimum_down,147,123_CT_4,22135,145,147
22140,minimum_up,148,123_CT_4,22140,146,148
22141,minimum_down,148,123_CT_4,22141,146,148
22146,minimum_up,149,123_CT_4,22146,147,149
22147,minimum_down,149,123_CT_4,22147,147,149
22152,minimum_up,150,123_CT_4,22152,148,150
22153,minimum_down,150,123_CT_4,22153,148,150
22158,minimum_up,151,123_CT_4,22158,149,151
22159,minimum_down,151,123_CT_4,22159,149,151
22164,minimum_up,152,123_CT_4,22164,150,152
22165,minimum_down,152,123_CT_4,22165,150,152
22170,minimum_up,153,123_CT_4,22170,151,153
22171,minimum_down,153,123_CT_4,22171,151,153
22176,minimum_up,154,123_CT_4,22176,152,154
22177,minimum_down,154,123_CT_4,22177,152,154
22182,minimum_up,155,123_CT_4,22182,153,155
22183,minimum_down,155,123_CT_4,22183,153,155
22188,minimum_up,156,123_CT_4,22188,154,156
22189,minimum_down,156,123_CT_4,22189,154,156
22194,minimum_up,157,123_CT_4,22194,155,157
22195,minimum_down,157,123_CT_4,22195,155,157
22200,minimum_up,158,123_CT_4,22200,156,158
22201,minimum_down,158,123_CT_4,22201,156,158
22206,minimum_up,159,123_CT_4,22206,157,159
22207,minimum_down,159,123_CT_4,22207,157,159
22212,minimum_up,160,123_CT_4,22212,158,160
22213,minimum_down,160,123_CT_4,22213,158,160
22218,minimum_up,161,123_CT_4,22218,159,161
22219,minimum_down,161,123_CT_4,22219,159,161
22224,minimum_up,162,123_CT_4,22224,160,162
22225,minimum_down,162,123_CT_4,22225,160,162
22230,minimum_up,163,123_CT_4,22230,161,163
22231,minimum_down,163,123_CT_4,22231,161,163
22236,minimum_up,164,123_CT_4,22236,162,164
22237,minimum_down,164,123_CT_4,22237,162,164
22242,minimum_up,165,123_CT_4,22242,163,165
22243,minimum_down,165,123_CT_4,22243,163,165
22248,minimum_up,166,123_CT_4,22248,164,166
22249,minimum_down,166,123_CT_4,22249,164,166
22254,minimum_up,167,123_CT_4,22254,165,167
22255,minimum_down,167,123_CT_4,22255,165,167
22262,minimum_up,1,123_CT_5,22262,1,1
22263,minimum_down,1,123_CT_5,22263,1,1
22268,minimum_up,2,123_CT_5,22268,1,2
22269,minimum_down,2,123_CT_5,22269,1,2
22274,minimum_up,3,123_CT_5,22274,1,3
22275,minimum_down,3,123_CT_5,22275,1,3
22280,minimum_up,4,123_CT_5,22280,2,4
22281,minimum_down,4,123_CT_5,22281,2,4
22286,minimum_up,5,123_CT_5,22286,3,5
22287,minimum_down,5,123_CT_5,22287,3,5
22292,minimum_up,6,123_CT_5,22292,4,6
22293,minimum_down,6,123_CT_5,22293,4,6
22298,minimum_up,7,123_CT_5,22298,5,7
22299,minimum_down,7,123_CT_5,22299,5,7
22304,minimum_up,8,123_CT_5,22304,6,8
22305,minimum_down,8,123_CT_5,22305,6,8
22310,minimum_up,9,123_CT_5,22310,7,9
22311,minimum_down,9,123_CT_5,22311,7,9
22316,minimum_up,10,123_CT_5,22316,8,10
22317,minimum_down,10,123_CT_5,22317,8,10
22322,minimum_up,11,123_CT_5,22322,9,11
22323,minimum_down,11,123_CT_5,22323,9,11
22328,minimum_up,12,123_CT_5,22328,10,12
22329,minimum_down,12,123_CT_5,22329,10,12
22334,minimum_up,13,123_CT_5,22334,11,13
22335,minimum_down,13,123_CT_5,22335,11,13
22340,minimum_up,14,123_CT_5,22340,12,14
22341,minimum_down,14,123_CT_5,22341,12,14
22346,minimum_up,15,123_CT_5,22346,13,15
22347,minimum_down,15,123_CT_5,22347,13,15
22352,minimum_up,16,123_CT_5,22352,14,16
22353,minimum_down,16,123_CT_5,22353,14,16
22358,minimum_up,17,123_CT_5,22358,15,17
22359,minimum_down,17,123_CT_5,22359,15,17
22364,minimum_up,18,123_CT_5,22364,16,18
22365,minimum_down,18,123_CT_5,22365,16,18
22370,minimum_up,19,123_CT_5,22370,17,19
22371,minimum_down,19,123_CT_5,22371,17,19
22376,minimum_up,20,123_CT_5,22376,18,20
22377,minimum_down,20,123_CT_5,22377,18,20
22382,minimum_up,21,123_CT_5,22382,19,21
22383,minimum_down,21,123_CT_5,22383,19,21
22388,minimum_up,22,123_CT_5,22388,20,22
22389,minimum_down,22,123_CT_5,22389,20,22
22394,minimum_up,23,123_CT_5,22394,21,23
22395,minimum_down,23,123_CT_5,22395,21,23
22400,minimum_up,24,123_CT_5,22400,22,24
22401,minimum_down,24,123_CT_5,22401,22,24
22406,minimum_up,25,123_CT_5,22406,23,25
22407,minimum_down,25,123_CT_5,22407,23,25
22412,minimum_up,26,123_CT_5,22412,24,26
22413,minimum_down,26,123_CT_5,22413,24,26
22418,minimum_up,27,123_CT_5,22418,25,27
22419,minimum_down,27,123_CT_5,22419,25,27
22424,minimum_up,28,123_CT_5,22424,26,28
22425,minimum_down,28,123_CT_5,22425,26,28
22430,minimum_up,29,123_CT_5,22430,27,29
22431,minimum_down,29,123_CT_5,22431,27,29
22436,minimum_up,30,123_CT_5,22436,28,30
22437,minimum_down,30,123_CT_5,22437,28,30
22442,minimum_up,31,123_CT_5,22442,29,31
22443,minimum_down,31,123_CT_5,22443,29,31
22448,minimum_up,32,123_CT_5,22448,30,32
22449,minimum_down,32,123_CT_5,22449,30,32
22454,minimum_up,33,123_CT_5,22454,31,33
22455,minimum_down,33,123_CT_5,22455,31,33
22460,minimum_up,34,123_CT_5,22460,32,34
22461,minimum_down,34,123_CT_5,22461,32,34
22466,minimum_up,35,123_CT_5,22466,33,35
22467,minimum_down,35,123_CT_5,22467,33,35
22472,minimum_up,36,123_CT_5,22472,34,36
22473,minimum_down,36,123_CT_5,22473,34,36
22478,minimum_up,37,123_CT_5,22478,35,37
22479,minimum_down,37,123_CT_5,22479,35,37
22484,minimum_up,38,123_CT_5,22484,36,38
22485,minimum_down,38,123_CT_5,22485,36,38
22490,minimum_up,39,123_CT_5,22490,37,39
22491,minimum_down,39,123_CT_5,22491,37,39
22496,minimum_up,40,123_CT_5,22496,38,40
22497,minimum_down,40,123_CT_5,22497,38,40
22502,minimum_up,41,123_CT_5,22502,39,41
22503,minimum_down,41,123_CT_5,22503,39,41
22508,minimum_up,42,123_CT_5,22508,40,42
22509,minimum_down,42,123_CT_5,22509,40,42
22514,minimum_up,43,123_CT_5,22514,41,43
22515,minimum_down,43,123_CT_5,22515,41,43
22520,minimum_up,44,123_CT_5,22520,42,44
22521,minimum_down,44,123_CT_5,22521,42,44
22526,minimum_up,45,123_CT_5,22526,43,45
22527,minimum_down,45,123_CT_5,22527,43,45
22532,minimum_up,46,123_CT_5,22532,44,46
22533,minimum_down,46,123_CT_5,22533,44,46
22538,minimum_up,47,123_CT_5,22538,45,47
22539,minimum_down,47,123_CT_5,22539,45,47
22544,minimum_up,48,123_CT_5,22544,46,48
22545,minimum_down,48,123_CT_5,22545,46,48
22550,minimum_up,49,123_CT_5,22550,47,49
22551,minimum_down,49,123_CT_5,22551,47,49
22556,minimum_up,50,123_CT_5,22556,48,50
22557,minimum_down,50,123_CT_5,22557,48,50
22562,minimum_up,51,123_CT_5,22562,49,51
22563,minimum_down,51,123_CT_5,22563,49,51
22568,minimum_up,52,123_CT_5,22568,50,52
22569,minimum_down,52,123_CT_5,22569,50,52
22574,minimum_up,53,123_CT_5,22574,51,53
22575,minimum_down,53,123_CT_5,22575,51,53
22580,minimum_up,54,123_CT_5,22580,52,54
22581,minimum_down,54,123_CT_5,22581,52,54
22586,minimum_up,55,123_CT_5,22586,53,55
22587,minimum_down,55,123_CT_5,22587,53,55
22592,minimum_up,56,123_CT_5,22592,54,56
22593,minimum_down,56,123_CT_5,22593,54,56
22598,minimum_up,57,123_CT_5,22598,55,57
22599,minimum_down,57,123_CT_5,22599,55,57
22604,minimum_up,58,123_CT_5,22604,56,58
22605,minimum_down,58,123_CT_5,22605,56,58
22610,minimum_up,59,123_CT_5,22610,57,59
22611,minimum_down,59,123_CT_5,22611,57,59
22616,minimum_up,60,123_CT_5,22616,58,60
22617,minimum_down,60,123_CT_5,22617,58,60
22622,minimum_up,61,123_CT_5,22622,59,61
22623,minimum_down,61,123_CT_5,22623,59,61
22628,minimum_up,62,123_CT_5,22628,60,62
22629,minimum_down,62,123_CT_5,22629,60,62
22634,minimum_up,63,123_CT_5,22634,61,63
22635,minimum_down,63,123_CT_5,22635,61,63
22640,minimum_up,64,123_CT_5,22640,62,64
22641,minimum_down,64,123_CT_5,22641,62,64
22646,minimum_up,65,123_CT_5,22646,63,65
22647,minimum_down,65,123_CT_5,22647,63,65
22652,minimum_up,66,123_CT_5,22652,64,66
22653,minimum_down,66,123_CT_5,22653,64,66
22658,minimum_up,67,123_CT_5,22658,65,67
22659,minimum_down,67,123_CT_5,22659,65,67
22664,minimum_up,68,123_CT_5,22664,66,68
22665,minimum_down,68,123_CT_5,22665,66,68
22670,minimum_up,69,123_CT_5,22670,67,69
22671,minimum_down,69,123_CT_5,22671,67,69
22676,minimum_up,70,123_CT_5,22676,68,70
22677,minimum_down,70,123_CT_5,22677,68,70
22682,minimum_up,71,123_CT_5,22682,69,71
22683,minimum_down,71,123_CT_5,22683,69,71
22688,minimum_up,72,123_CT_5,22688,70,72
22689,minimum_down,72,123_CT_5,22689,70,72
22694,minimum_up,73,123_CT_5,22694,71,73
22695,minimum_down,73,123_CT_5,22695,71,73
22700,minimum_up,74,123_CT_5,22700,72,74
22701,minimum_down,74,123_CT_5,22701,72,74
22706,minimum_up,75,123_CT_5,22706,73,75
22707,minimum_down,75,123_CT_5,22707,73,75
22712,minimum_up,76,123_CT_5,22712,74,76
22713,minimum_down,76,123_CT_5,22713,74,76
22718,minimum_up,77,123_CT_5,22718,75,77
22719,minimum_down,77,123_CT_5,22719,75,77
22724,minimum_up,78,123_CT_5,22724,76,78
22725,minimum_down,78,123_CT_5,22725,76,78
22730,minimum_up,79,123_CT_5,22730,77,79
22731,minimum_down,79,123_CT_5,22731,77,79
22736,minimum_up,80,123_CT_5,22736,78,80
22737,minimum_down,80,123_CT_5,22737,78,80
22742,minimum_up,81,123_CT_5,22742,79,81
22743,minimum_down,81,123_CT_5,22743,79,81
22748,minimum_up,82,123_CT_5,22748,80,82
22749,minimum_down,82,123_CT_5,22749,80,82
22754,minimum_up,83,123_CT_5,22754,81,83
22755,minimum_down,83,123_CT_5,22755,81,83
22760,minimum_up,84,123_CT_5,22760,82,84
22761,minimum_down,84,123_CT_5,22761,82,84
22766,minimum_up,85,123_CT_5,22766,83,85
22767,minimum_down,85,123_CT_5,22767,83,85
22772,minimum_up,86,123_CT_5,22772,84,86
22773,minimum_down,86,123_CT_5,22773,84,86
22778,minimum_up,87,123_CT_5,22778,85,87
22779,minimum_down,87,123_CT_5,22779,85,87
22784,minimum_up,88,123_CT_5,22784,86,88
22785,minimum_down,88,123_CT_5,22785,86,88
22790,minimum_up,89,123_CT_5,22790,87,89
22791,minimum_down,89,123_CT_5,22791,87,89
22796,minimum_up,90,123_CT_5,22796,88,90
22797,minimum_down,90,123_CT_5,22797,88,90
22802,minimum_up,91,123_CT_5,22802,89,91
22803,minimum_down,91,123_CT_5,22803,89,91
22808,minimum_up,92,123_CT_5,22808,90,92
22809,minimum_down,92,123_CT_5,22809,90,92
22814,minimum_up,93,123_CT_5,22814,91,93
22815,minimum_down,93,123_CT_5,22815,91,93
22820,minimum_up,94,123_CT_5,22820,92,94
22821,minimum_down,94,123_CT_5,22821,92,94
22826,minimum_up,95,123_CT_5,22826,93,95
22827,minimum_down,95,123_CT_5,22827,93,95
22832,minimum_up,96,123_CT_5,22832,94,96
22833,minimum_down,96,123_CT_5,22833,94,96
22838,minimum_up,97,123_CT_5,22838,95,97
22839,minimum_down,97,123_CT_5,22839,95,97
22844,minimum_up,98,123_CT_5,22844,96,98
22845,minimum_down,98,123_CT_5,22845,96,98
22850,minimum_up,99,123_CT_5,22850,97,99
22851,minimum_down,99,123_CT_5,22851,97,99
22856,minimum_up,100,123_CT_5,22856,98,100
22857,minimum_down,100,123_CT_5,22857,98,100
22862,minimum_up,101,123_CT_5,22862,99,101
22863,minimum_down,101,123_CT_5,22863,99,101
22868,minimum_up,102,123_CT_5,22868,100,102
22869,minimum_down,102,123_CT_5,22869,100,102
22874,minimum_up,103,123_CT_5,22874,101,103
22875,minimum_down,103,123_CT_5,22875,101,103
22880,minimum_up,104,123_CT_5,22880,102,104
22881,minimum_down,104,123_CT_5,22881,102,104
22886,minimum_up,105,123_CT_5,22886,103,105
22887,minimum_down,105,123_CT_5,22887,103,105
22892,minimum_up,106,123_CT_5,22892,104,106
22893,minimum_down,106,123_CT_5,22893,104,106
22898,minimum_up,107,123_CT_5,22898,105,107
22899,minimum_down,107,123_CT_5,22899,105,107
22904,minimum_up,108,123_CT_5,22904,106,108
22905,minimum_down,108,123_CT_5,22905,106,108
22910,minimum_up,109,123_CT_5,22910,107,109
22911,minimum_down,109,123_CT_5,22911,107,109
22916,minimum_up,110,123_CT_5,22916,108,110
22917,minimum_down,110,123_CT_5,22917,108,110
22922,minimum_up,111,123_CT_5,22922,109,111
22923,minimum_down,111,123_CT_5,22923,109,111
22928,minimum_up,112,123_CT_5,22928,110,112
22929,minimum_down,112,123_CT_5,22929,110,112
22934,minimum_up,113,123_CT_5,22934,111,113
22935,minimum_down,113,123_CT_5,22935,111,113
22940,minimum_up,114,123_CT_5,22940,112,114
22941,minimum_down,114,123_CT_5,22941,112,114
22946,minimum_up,115,123_CT_5,22946,113,115
22947,minimum_down,115,123_CT_5,22947,113,115
22952,minimum_up,116,123_CT_5,22952,114,116
22953,minimum_down,116,123_CT_5,22953,114,116
22958,minimum_up,117,123_CT_5,22958,115,117
22959,minimum_down,117,123_CT_5,22959,115,117
22964,minimum_up,118,123_CT_5,22964,116,118
22965,minimum_down,118,123_CT_5,22965,116,118
22970,minimum_up,119,123_CT_5,22970,117,119
22971,minimum_down,119,123_CT_5,22971,117,119
22976,minimum_up,120,123_CT_5,22976,118,120
22977,minimum_down,120,123_CT_5,22977,118,120
22982,minimum_up,121,123_CT_5,22982,119,121
22983,minimum_down,121,123_CT_5,22983,119,121
22988,minimum_up,122,123_CT_5,22988,120,122
22989,minimum_down,122,123_CT_5,22989,120,122
22994,minimum_up,123,123_CT_5,22994,121,123
22995,minimum_down,123,123_CT_5,22995,121,123
23000,minimum_up,124,123_CT_5,23000,122,124
23001,minimum_down,124,123_CT_5,23001,122,124
23006,minimum_up,125,123_CT_5,23006,123,125
23007,minimum_down,125,123_CT_5,23007,123,125
23012,minimum_up,126,123_CT_5,23012,124,126
23013,minimum_down,126,123_CT_5,23013,124,126
23018,minimum_up,127,123_CT_5,23018,125,127
23019,minimum_down,127,123_CT_5,23019,125,127
23024,minimum_up,128,123_CT_5,23024,126,128
23025,minimum_down,128,123_CT_5,23025,126,128
23030,minimum_up,129,123_CT_5,23030,127,129
23031,minimum_down,129,123_CT_5,23031,127,129
23036,minimum_up,130,123_CT_5,23036,128,130
23037,minimum_down,130,123_CT_5,23037,128,130
23042,minimum_up,131,123_CT_5,23042,129,131
23043,minimum_down,131,123_CT_5,23043,129,131
23048,minimum_up,132,123_CT_5,23048,130,132
23049,minimum_down,132,123_CT_5,23049,130,132
23054,minimum_up,133,123_CT_5,23054,131,133
23055,minimum_down,133,123_CT_5,23055,131,133
23060,minimum_up,134,123_CT_5,23060,132,134
23061,minimum_down,134,123_CT_5,23061,132,134
23066,minimum_up,135,123_CT_5,23066,133,135
23067,minimum_down,135,123_CT_5,23067,133,135
23072,minimum_up,136,123_CT_5,23072,134,136
23073,minimum_down,136,123_CT_5,23073,134,136
23078,minimum_up,137,123_CT_5,23078,135,137
23079,minimum_down,137,123_CT_5,23079,135,137
23084,minimum_up,138,123_CT_5,23084,136,138
23085,minimum_down,138,123_CT_5,23085,136,138
23090,minimum_up,139,123_CT_5,23090,137,139
23091,minimum_down,139,123_CT_5,23091,137,139
23096,minimum_up,140,123_CT_5,23096,138,140
23097,minimum_down,140,123_CT_5,23097,138,140
23102,minimum_up,141,123_CT_5,23102,139,141
23103,minimum_down,141,123_CT_5,23103,139,141
23108,minimum_up,142,123_CT_5,23108,140,142
23109,minimum_down,142,123_CT_5,23109,140,142
23114,minimum_up,143,123_CT_5,23114,141,143
23115,minimum_down,143,123_CT_5,23115,141,143
23120,minimum_up,144,123_CT_5,23120,142,144
23121,minimum_down,144,123_CT_5,23121,142,144
23126,minimum_up,145,123_CT_5,23126,143,145
23127,minimum_down,145,123_CT_5,23127,143,145
23132,minimum_up,146,123_CT_5,23132,144,146
23133,minimum_down,146,123_CT_5,23133,144,146
23138,minimum_up,147,123_CT_5,23138,145,147
23139,minimum_down,147,123_CT_5,23139,145,147
23144,minimum_up,148,123_CT_5,23144,146,148
23145,minimum_down,148,123_CT_5,23145,146,148
23150,minimum_up,149,123_CT_5,23150,147,149
23151,minimum_down,149,123_CT_5,23151,147,149
23156,minimum_up,150,123_CT_5,23156,148,150
23157,minimum_down,150,123_CT_5,23157,148,150
23162,minimum_up,151,123_CT_5,23162,149,151
23163,minimum_down,151,123_CT_5,23163,149,151
23168,minimum_up,152,123_CT_5,23168,150,152
23169,minimum_down,152,123_CT_5,23169,150,152
23174,minimum_up,153,123_CT_5,23174,151,153
23175,minimum_down,153,123_CT_5,23175,151,153
23180,minimum_up,154,123_CT_5,23180,152,154
23181,minimum_down,154,123_CT_5,23181,152,154
23186,minimum_up,155,123_CT_5,23186,153,155
23187,minimum_down,155,123_CT_5,23187,153,155
23192,minimum_up,156,123_CT_5,23192,154,156
23193,minimum_down,156,123_CT_5,23193,154,156
23198,minimum_up,157,123_CT_5,23198,155,157
23199,minimum_down,157,123_CT_5,23199,155,157
23204,minimum_up,158,123_CT_5,23204,156,158
23205,minimum_down,158,123_CT_5,23205,156,158
23210,minimum_up,159,123_CT_5,23210,157,159
23211,minimum_down,159,123_CT_5,23211,157,159
23216,minimum_up,160,123_CT_5,23216,158,160
23217,minimum_down,160,123_CT_5,23217,158,160
23222,minimum_up,161,123_CT_5,23222,159,161
23223,minimum_down,161,123_CT_5,23223,159,161
23228,minimum_up,162,123_CT_5,23228,160,162
23229,minimum_down,162,123_CT_5,23229,160,162
23234,minimum_up,163,123_CT_5,23234,161,163
23235,minimum_down,163,123_CT_5,23235,161,163
23240,minimum_up,164,123_CT_5,23240,162,164
23241,minimum_down,164,123_CT_5,23241,162,164
23246,minimum_up,165,123_CT_5,23246,163,165
23247,minimum_down,165,123_CT_5,23247,163,165
23252,minimum_up,166,123_CT_5,23252,164,166
23253,minimum_down,166,123_CT_5,23253,164,166
23258,minimum_up,167,123_CT_5,23258,165,167
23259,minimum_down,167,123_CT_5,23259,165,167
23266,minimum_up,1,121_NUCLEAR_1,23266,1,1
23267,minimum_down,1,121_NUCLEAR_1,23267,1,1
23272,minimum_up,2,121_NUCLEAR_1,23272,1,2
23273,minimum_down,2,121_NUCLEAR_1,23273,1,2
23278,minimum_up,3,121_NUCLEAR_1,23278,1,3
23279,minimum_down,3,121_NUCLEAR_1,23279,1,3
23284,minimum_up,4,121_NUCLEAR_1,23284,1,4
23285,minimum_down,4,121_NUCLEAR_1,23285,1,4
23290,minimum_up,5,121_NUCLEAR_1,23290,1,5
23291,minimum_down,5,121_NUCLEAR_1,23291,1,5
23296,minimum_up,6,121_NUCLEAR_1,23296,1,6
23297,minimum_down,6,121_NUCLEAR_1,23297,1,6
23302,minimum_up,7,121_NUCLEAR_1,23302,1,7
23303,minimum_down,7,121_NUCLEAR_1,23303,1,7
23308,minimum_up,8,121_NUCLEAR_1,23308,1,8
23309,minimum_down,8,121_NUCLEAR_1,23309,1,8
23314,minimum_up,9,121_NUCLEAR_1,23314,1,9
23315,minimum_down,9,121_NUCLEAR_1,23315,1,9
23320,minimum_up,10,121_NUCLEAR_1,23320,1,10
23321,minimum_down,10,121_NUCLEAR_1,23321,1,10
23326,minimum_up,11,121_NUCLEAR_1,23326,1,11
23327,minimum_down,11,121_NUCLEAR_1,23327,1,11
23332,minimum_up,12,121_NUCLEAR_1,23332,1,12
23333,minimum_down,12,121_NUCLEAR_1,23333,1,12
23338,minimum_up,13,121_NUCLEAR_1,23338,1,13
23339,minimum_down,13,121_NUCLEAR_1,23339,1,13
23344,minimum_up,14,121_NUCLEAR_1,23344,1,14
23345,minimum_down,14,121_NUCLEAR_1,23345,1,14
23350,minimum_up,15,121_NUCLEAR_1,23350,1,15
23351,minimum_down,15,121_NUCLEAR_1,23351,1,15
23356,minimum_up,16,121_NUCLEAR_1,23356,1,16
23357,minimum_down,16,121_NUCLEAR_1,23357,1,16
23362,minimum_up,17,121_NUCLEAR_1,23362,1,17
23363,minimum_down,17,121_NUCLEAR_1,23363,1,17
23368,minimum_up,18,121_NUCLEAR_1,23368,1,18
23369,minimum_down,18,121_NUCLEAR_1,23369,1,18
23374,minimum_up,19,121_NUCLEAR_1,23374,1,19
23375,minimum_down,19,121_NUCLEAR_1,23375,1,19
23380,minimum_up,20,121_NUCLEAR_1,23380,1,20
23381,minimum_down,20,121_NUCLEAR_1,23381,1,20
23386,minimum_up,21,121_NUCLEAR_1,23386,1,21
23387,minimum_down,21,121_NUCLEAR_1,23387,1,21
23392,minimum_up,22,121_NUCLEAR_1,23392,1,22
23393,minimum_down,22,121_NUCLEAR_1,23393,1,22
23398,minimum_up,23,121_NUCLEAR_1,23398,1,23
23399,minimum_down,23,121_NUCLEAR_1,23399,1,23
23404,minimum_up,24,121_NUCLEAR_1,23404,1,24
23405,minimum_down,24,121_NUCLEAR_1,23405,1,24
23410,minimum_up,25,121_NUCLEAR_1,23410,2,25
23411,minimum_down,25,121_NUCLEAR_1,23411,1,25
23416,minimum_up,26,121_NUCLEAR_1,23416,3,26
23417,minimum_down,26,121_NUCLEAR_1,23417,1,26
23422,minimum_up,27,121_NUCLEAR_1,23422,4,27
23423,minimum_down,27,121_NUCLEAR_1,23423,1,27
23428,minimum_up,28,121_NUCLEAR_1,23428,5,28
23429,minimum_down,28,121_NUCLEAR_1,23429,1,28
23434,minimum_up,29,121_NUCLEAR_1,23434,6,29
23435,minimum_down,29,121_NUCLEAR_1,23435,1,29
23440,minimum_up,30,121_NUCLEAR_1,23440,7,30
23441,minimum_down,30,121_NUCLEAR_1,23441,1,30
23446,minimum_up,31,121_NUCLEAR_1,23446,8,31
23447,minimum_down,31,121_NUCLEAR_1,23447,1,31
23452,minimum_up,32,121_NUCLEAR_1,23452,9,32
23453,minimum_down,32,121_NUCLEAR_1,23453,1,32
23458,minimum_up,33,121_NUCLEAR_1,23458,10,33
23459,minimum_down,33,121_NUCLEAR_1,23459,1,33
23464,minimum_up,34,121_NUCLEAR_1,23464,11,34
23465,minimum_down,34,121_NUCLEAR_1,23465,1,34
23470,minimum_up,35,121_NUCLEAR_1,23470,12,35
23471,minimum_down,35,121_NUCLEAR_1,23471,1,35
23476,minimum_up,36,121_NUCLEAR_1,23476,13,36
23477,minimum_down,36,121_NUCLEAR_1,23477,1,36
23482,minimum_up,37,121_NUCLEAR_1,23482,14,37
23483,minimum_down,37,121_NUCLEAR_1,23483,1,37
23488,minimum_up,38,121_NUCLEAR_1,23488,15,38
23489,minimum_down,38,121_NUCLEAR_1,23489,1,38
23494,minimum_up,39,121_NUCLEAR_1,23494,16,39
23495,minimum_down,39,121_NUCLEAR_1,23495,1,39
23500,minimum_up,40,121_NUCLEAR_1,23500,17,40
23501,minimum_down,40,121_NUCLEAR_1,23501,1,40
23506,minimum_up,41,121_NUCLEAR_1,23506,18,41
23507,minimum_down,41,121_NUCLEAR_1,23507,1,41
23512,minimum_up,42,121_NUCLEAR_1,23512,19,42
23513,minimum_down,42,121_NUCLEAR_1,23513,1,42
23518,minimum_up,43,121_NUCLEAR_1,23518,20,43
23519,minimum_down,43,121_NUCLEAR_1,23519,1,43
23524,minimum_up,44,121_NUCLEAR_1,23524,21,44
23525,minimum_down,44,121_NUCLEAR_1,23525,1,44
23530,minimum_up,45,121_NUCLEAR_1,23530,22,45
23531,minimum_down,45,121_NUCLEAR_1,23531,1,45
23536,minimum_up,46,121_NUCLEAR_1,23536,23,46
23537,minimum_down,46,121_NUCLEAR_1,23537,1,46
23542,minimum_up,47,121_NUCLEAR_1,23542,24,47
23543,minimum_down,47,121_NUCLEAR_1,23543,1,47
23548,minimum_up,48,121_NUCLEAR_1,23548,25,48
23549,minimum_down,48,121_NUCLEAR_1,23549,1,48
23554,minimum_up,49,121_NUCLEAR_1,23554,26,49
23555,minimum_down,49,121_NUCLEAR_1,23555,2,49
23560,minimum_up,50,121_NUCLEAR_1,23560,27,50
23561,minimum_down,50,121_NUCLEAR_1,23561,3,50
23566,minimum_up,51,121_NUCLEAR_1,23566,28,51
23567,minimum_down,51,121_NUCLEAR_1,23567,4,51
23572,minimum_up,52,121_NUCLEAR_1,23572,29,52
23573,minimum_down,52,121_NUCLEAR_1,23573,5,52
23578,minimum_up,53,121_NUCLEAR_1,23578,30,53
23579,minimum_down,53,121_NUCLEAR_1,23579,6,53
23584,minimum_up,54,121_NUCLEAR_1,23584,31,54
23585,minimum_down,54,121_NUCLEAR_1,23585,7,54
23590,minimum_up,55,121_NUCLEAR_1,23590,32,55
23591,minimum_down,55,121_NUCLEAR_1,23591,8,55
23596,minimum_up,56,121_NUCLEAR_1,23596,33,56
23597,minimum_down,56,121_NUCLEAR_1,23597,9,56
23602,minimum_up,57,121_NUCLEAR_1,23602,34,57
23603,minimum_down,57,121_NUCLEAR_1,23603,10,57
23608,minimum_up,58,121_NUCLEAR_1,23608,35,58
23609,minimum_down,58,121_NUCLEAR_1,23609,11,58
23614,minimum_up,59,121_NUCLEAR_1,23614,36,59
23615,minimum_down,59,121_NUCLEAR_1,23615,12,59
23620,minimum_up,60,121_NUCLEAR_1,23620,37,60
23621,minimum_down,60,121_NUCLEAR_1,23621,13,60
23626,minimum_up,61,121_NUCLEAR_1,23626,38,61
23627,minimum_down,61,121_NUCLEAR_1,23627,14,61
23632,minimum_up,62,121_NUCLEAR_1,23632,39,62
23633,minimum_down,62,121_NUCLEAR_1,23633,15,62
23638,minimum_up,63,121_NUCLEAR_1,23638,40,63
23639,minimum_down,63,121_NUCLEAR_1,23639,16,63
23644,minimum_up,64,121_NUCLEAR_1,23644,41,64
23645,minimum_down,64,121_NUCLEAR_1,23645,17,64
23650,minimum_up,65,121_NUCLEAR_1,23650,42,65
23651,minimum_down,65,121_NUCLEAR_1,23651,18,65
23656,minimum_up,66,121_NUCLEAR_1,23656,43,66
23657,minimum_down,66,121_NUCLEAR_1,23657,19,66
23662,minimum_up,67,121_NUCLEAR_1,23662,44,67
23663,minimum_down,67,121_NUCLEAR_1,23663,20,67
23668,minimum_up,68,121_NUCLEAR_1,23668,45,68
23669,minimum_down,68,121_NUCLEAR_1,23669,21,68
23674,minimum_up,69,121_NUCLEAR_1,23674,46,69
23675,minimum_down,69,121_NUCLEAR_1,23675,22,69
23680,minimum_up,70,121_NUCLEAR_1,23680,47,70
23681,minimum_down,70,121_NUCLEAR_1,23681,23,70
23686,minimum_up,71,121_NUCLEAR_1,23686,48,71
23687,minimum_down,71,121_NUCLEAR_1,23687,24,71
23692,minimum_up,72,121_NUCLEAR_1,23692,49,72
23693,minimum_down,72,121_NUCLEAR_1,23693,25,72
23698,minimum_up,73,121_NUCLEAR_1,23698,50,73
23699,minimum_down,73,121_NUCLEAR_1,23699,26,73
23704,minimum_up,74,121_NUCLEAR_1,23704,51,74
23705,minimum_down,74,121_NUCLEAR_1,23705,27,74
23710,minimum_up,75,121_NUCLEAR_1,23710,52,75
23711,minimum_down,75,121_NUCLEAR_1,23711,28,75
23716,minimum_up,76,121_NUCLEAR_1,23716,53,76
23717,minimum_down,76,121_NUCLEAR_1,23717,29,76
23722,minimum_up,77,121_NUCLEAR_1,23722,54,77
23723,minimum_down,77,121_NUCLEAR_1,23723,30,77
23728,minimum_up,78,121_NUCLEAR_1,23728,55,78
23729,minimum_down,78,121_NUCLEAR_1,23729,31,78
23734,minimum_up,79,121_NUCLEAR_1,23734,56,79
23735,minimum_down,79,121_NUCLEAR_1,23735,32,79
23740,minimum_up,80,121_NUCLEAR_1,23740,57,80
23741,minimum_down,80,121_NUCLEAR_1,23741,33,80
23746,minimum_up,81,121_NUCLEAR_1,23746,58,81
23747,minimum_down,81,121_NUCLEAR_1,23747,34,81
23752,minimum_up,82,121_NUCLEAR_1,23752,59,82
23753,minimum_down,82,121_NUCLEAR_1,23753,35,82
23758,minimum_up,83,121_NUCLEAR_1,23758,60,83
23759,minimum_down,83,121_NUCLEAR_1,23759,36,83
23764,minimum_up,84,121_NUCLEAR_1,23764,61,84
23765,minimum_down,84,121_NUCLEAR_1,23765,37,84
23770,minimum_up,85,121_NUCLEAR_1,23770,62,85
23771,minimum_down,85,121_NUCLEAR_1,23771,38,85
23776,minimum_up,86,121_NUCLEAR_1,23776,63,86
23777,minimum_down,86,121_NUCLEAR_1,23777,39,86
23782,minimum_up,87,121_NUCLEAR_1,23782,64,87
23783,minimum_down,87,121_NUCLEAR_1,23783,40,87
23788,minimum_up,88,121_NUCLEAR_1,23788,65,88
23789,minimum_down,88,121_NUCLEAR_1,23789,41,88
23794,minimum_up,89,121_NUCLEAR_1,23794,66,89
23795,minimum_down,89,121_NUCLEAR_1,23795,42,89
23800,minimum_up,90,121_NUCLEAR_1,23800,67,90
23801,minimum_down,90,121_NUCLEAR_1,23801,43,90
23806,minimum_up,91,121_NUCLEAR_1,23806,68,91
23807,minimum_down,91,121_NUCLEAR_1,23807,44,91
23812,minimum_up,92,121_NUCLEAR_1,23812,69,92
23813,minimum_down,92,121_NUCLEAR_1,23813,45,92
23818,minimum_up,93,121_NUCLEAR_1,23818,70,93
23819,minimum_down,93,121_NUCLEAR_1,23819,46,93
23824,minimum_up,94,121_NUCLEAR_1,23824,71,94
23825,minimum_down,94,121_NUCLEAR_1,23825,47,94
23830,minimum_up,95,121_NUCLEAR_1,23830,72,95
23831,minimum_down,95,121_NUCLEAR_1,23831,48,95
23836,minimum_up,96,121_NUCLEAR_1,23836,73,96
23837,minimum_down,96,121_NUCLEAR_1,23837,49,96
23842,minimum_up,97,121_NUCLEAR_1,23842,74,97
23843,minimum_down,97,121_NUCLEAR_1,23843,50,97
23848,minimum_up,98,121_NUCLEAR_1,23848,75,98
23849,minimum_down,98,121_NUCLEAR_1,23849,51,98
23854,minimum_up,99,121_NUCLEAR_1,23854,76,99
23855,minimum_down,99,121_NUCLEAR_1,23855,52,99
23860,minimum_up,100,121_NUCLEAR_1,23860,77,100
23861,minimum_down,100,121_NUCLEAR_1,23861,53,100
23866,minimum_up,101,121_NUCLEAR_1,23866,78,101
23867,minimum_down,101,121_NUCLEAR_1,23867,54,101
23872,minimum_up,102,121_NUCLEAR_1,23872,79,102
23873,minimum_down,102,121_NUCLEAR_1,23873,55,102
23878,minimum_up,103,121_NUCLEAR_1,23878,80,103
23879,minimum_down,103,121_NUCLEAR_1,23879,56,103
23884,minimum_up,104,121_NUCLEAR_1,23884,81,104
23885,minimum_down,104,121_NUCLEAR_1,23885,57,104
23890,minimum_up,105,121_NUCLEAR_1,23890,82,105
23891,minimum_down,105,121_NUCLEAR_1,23891,58,105
23896,minimum_up,106,121_NUCLEAR_1,23896,83,106
23897,minimum_down,106,121_NUCLEAR_1,23897,59,106
23902,minimum_up,107,121_NUCLEAR_1,23902,84,107
23903,minimum_down,107,121_NUCLEAR_1,23903,60,107
23908,minimum_up,108,121_NUCLEAR_1,23908,85,108
23909,minimum_down,108,121_NUCLEAR_1,23909,61,108
23914,minimum_up,109,121_NUCLEAR_1,23914,86,109
23915,minimum_down,109,121_NUCLEAR_1,23915,62,109
23920,minimum_up,110,121_NUCLEAR_1,23920,87,110
23921,minimum_down,110,121_NUCLEAR_1,23921,63,110
23926,minimum_up,111,121_NUCLEAR_1,23926,88,111
23927,minimum_down,111,121_NUCLEAR_1,23927,64,111
23932,minimum_up,112,121_NUCLEAR_1,23932,89,112
23933,minimum_down,112,121_NUCLEAR_1,23933,65,112
23938,minimum_up,113,121_NUCLEAR_1,23938,90,113
23939,minimum_down,113,121_NUCLEAR_1,23939,66,113
23944,minimum_up,114,121_NUCLEAR_1,23944,91,114
23945,minimum_down,114,121_NUCLEAR_1,23945,67,114
23950,minimum_up,115,121_NUCLEAR_1,23950,92,115
23951,minimum_down,115,121_NUCLEAR_1,23951,68,115
23956,minimum_up,116,121_NUCLEAR_1,23956,93,116
23957,minimum_down,116,121_NUCLEAR_1,23957,69,116
23962,minimum_up,117,121_NUCLEAR_1,23962,94,117
23963,minimum_down,117,121_NUCLEAR_1,23963,70,117
23968,minimum_up,118,121_NUCLEAR_1,23968,95,118
23969,minimum_down,118,121_NUCLEAR_1,23969,71,118
23974,minimum_up,119,121_NUCLEAR_1,23974,96,119
23975,minimum_down,119,121_NUCLEAR_1,23975,72,119
23980,minimum_up,120,121_NUCLEAR_1,23980,97,120
23981,minimum_down,120,121_NUCLEAR_1,23981,73,120
23986,minimum_up,121,121_NUCLEAR_1,23986,98,121
23987,minimum_down,121,121_NUCLEAR_1,23987,74,121
23992,minimum_up,122,121_NUCLEAR_1,23992,99,122
23993,minimum_down,122,121_NUCLEAR_1,23993,75,122
23998,minimum_up,123,121_NUCLEAR_1,23998,100,123
23999,minimum_down,123,121_NUCLEAR_1,23999,76,123
24004,minimum_up,124,121_NUCLEAR_1,24004,101,124
24005,minimum_down,124,121_NUCLEAR_1,24005,77,124
24010,minimum_up,125,121_NUCLEAR_1,24010,102,125
24011,minimum_down,125,121_NUCLEAR_1,24011,78,125
24016,minimum_up,126,121_NUCLEAR_1,24016,103,126
24017,minimum_down,126,121_NUCLEAR_1,24017,79,126
24022,minimum_up,127,121_NUCLEAR_1,24022,104,127
24023,minimum_down,127,121_NUCLEAR_1,24023,80,127
24028,minimum_up,128,121_NUCLEAR_1,24028,105,128
24029,minimum_down,128,121_NUCLEAR_1,24029,81,128
24034,minimum_up,129,121_NUCLEAR_1,24034,106,129
24035,minimum_down,129,121_NUCLEAR_1,24035,82,129
24040,minimum_up,130,121_NUCLEAR_1,24040,107,130
24041,minimum_down,130,121_NUCLEAR_1,24041,83,130
24046,minimum_up,131,121_NUCLEAR_1,24046,108,131
24047,minimum_down,131,121_NUCLEAR_1,24047,84,131
24052,minimum_up,132,121_NUCLEAR_1,24052,109,132
24053,minimum_down,132,121_NUCLEAR_1,24053,85,132
24058,minimum_up,133,121_NUCLEAR_1,24058,110,133
24059,minimum_down,133,121_NUCLEAR_1,24059,86,133
24064,minimum_up,134,121_NUCLEAR_1,24064,111,134
24065,minimum_down,134,121_NUCLEAR_1,24065,87,134
24070,minimum_up,135,121_NUCLEAR_1,24070,112,135
24071,minimum_down,135,121_NUCLEAR_1,24071,88,135
24076,minimum_up,136,121_NUCLEAR_1,24076,113,136
24077,minimum_down,136,121_NUCLEAR_1,24077,89,136
24082,minimum_up,137,121_NUCLEAR_1,24082,114,137
24083,minimum_down,137,121_NUCLEAR_1,24083,90,137
24088,minimum_up,138,121_NUCLEAR_1,24088,115,138
24089,minimum_down,138,121_NUCLEAR_1,24089,91,138
24094,minimum_up,139,121_NUCLEAR_1,24094,116,139
24095,minimum_down,139,121_NUCLEAR_1,24095,92,139
24100,minimum_up,140,121_NUCLEAR_1,24100,117,140
24101,minimum_down,140,121_NUCLEAR_1,24101,93,140
24106,minimum_up,141,121_NUCLEAR_1,24106,118,141
24107,minimum_down,141,121_NUCLEAR_1,24107,94,141
24112,minimum_up,142,121_NUCLEAR_1,24112,119,142
24113,minimum_down,142,121_NUCLEAR_1,24113,95,142
24118,minimum_up,143,121_NUCLEAR_1,24118,120,143
24119,minimum_down,143,121_NUCLEAR_1,24119,96,143
24124,minimum_up,144,121_NUCLEAR_1,24124,121,144
24125,minimum_down,144,121_NUCLEAR_1,24125,97,144
24130,minimum_up,145,121_NUCLEAR_1,24130,122,145
24131,minimum_down,145,121_NUCLEAR_1,24131,98,145
24136,minimum_up,146,121_NUCLEAR_1,24136,123,146
24137,minimum_down,146,121_NUCLEAR_1,24137,99,146
24142,minimum_up,147,121_NUCLEAR_1,24142,124,147
24143,minimum_down,147,121_NUCLEAR_1,24143,100,147
24148,minimum_up,148,121_NUCLEAR_1,24148,125,148
24149,minimum_down,148,121_NUCLEAR_1,24149,101,148
24154,minimum_up,149,121_NUCLEAR_1,24154,126,149
24155,minimum_down,149,121_NUCLEAR_1,24155,102,149
24160,minimum_up,150,121_NUCLEAR_1,24160,127,150
24161,minimum_down,150,121_NUCLEAR_1,24161,103,150
24166,minimum_up,151,121_NUCLEAR_1,24166,128,151
24167,minimum_down,151,121_NUCLEAR_1,24167,104,151
24172,minimum_up,152,121_NUCLEAR_1,24172,129,152
24173,minimum_down,152,121_NUCLEAR_1,24173,105,152
24178,minimum_up,153,121_NUCLEAR_1,24178,130,153
24179,minimum_down,153,121_NUCLEAR_1,24179,106,153
24184,minimum_up,154,121_NUCLEAR_1,24184,131,154
24185,minimum_down,154,121_NUCLEAR_1,24185,107,154
24190,minimum_up,155,121_NUCLEAR_1,24190,132,155
24191,minimum_down,155,121_NUCLEAR_1,24191,108,155
24196,minimum_up,156,121_NUCLEAR_1,24196,133,156
24197,minimum_down,156,121_NUCLEAR_1,24197,109,156
24202,minimum_up,157,121_NUCLEAR_1,24202,134,157
24203,minimum_down,157,121_NUCLEAR_1,24203,110,157
24208,minimum_up,158,121_NUCLEAR_1,24208,135,158
24209,minimum_down,158,121_NUCLEAR_1,24209,111,158
24214,minimum_up,159,121_NUCLEAR_1,24214,136,159
24215,minimum_down,159,121_NUCLEAR_1,24215,112,159
24220,minimum_up,160,121_NUCLEAR_1,24220,137,160
24221,minimum_down,160,121_NUCLEAR_1,24221,113,160
24226,minimum_up,161,121_NUCLEAR_1,24226,138,161
24227,minimum_down,161,121_NUCLEAR_1,24227,114,161
24232,minimum_up,162,121_NUCLEAR_1,24232,139,162
24233,minimum_down,162,121_NUCLEAR_1,24233,115,162
24238,minimum_up,163,121_NUCLEAR_1,24238,140,163
24239,minimum_down,163,121_NUCLEAR_1,24239,116,163
24244,minimum_up,164,121_NUCLEAR_1,24244,141,164
24245,minimum_down,164,121_NUCLEAR_1,24245,117,164
24250,minimum_up,165,121_NUCLEAR_1,24250,142,165
24251,minimum_down,165,121_NUCLEAR_1,24251,118,165
24256,minimum_up,166,121_NUCLEAR_1,24256,143,166
24257,minimum_down,166,121_NUCLEAR_1,24257,119,166
24262,minimum_up,167,121_NUCLEAR_1,24262,144,167
24263,minimum_down,167,121_NUCLEAR_1,24263,120,167
