fuel,source_line,parameter,raw_value,code_effect_if_exact_fuel_lookup,admission,scope,reason,source,implementation
Coal,2,committable,TRUE,TRUE only if exact normalized carrier key matches and thermal solve_mode is MILP,HOLD,native historical chronology parameter,LP explicitly disables UC; key normalization can prevent lookup; root config path differs from defaults.,https://github.com/andrewlyden/PyPSA-GB/blob/8e084afe4fb2d4be86f270d3f12ad3315eee2a3a/data/generators/generator_data_by_fuel.csv#L2,https://github.com/andrewlyden/PyPSA-GB/blob/8e084afe4fb2d4be86f270d3f12ad3315eee2a3a/scripts/generators/integrate_thermal_generators.py#L1594-L1655
Coal,2,min_up_time,394,394,HOLD,native historical chronology parameter,Thermal MILP code casts directly to int snapshots; CSV has no unit labels or time conversion; fractional part is truncated.,https://github.com/andrewlyden/PyPSA-GB/blob/8e084afe4fb2d4be86f270d3f12ad3315eee2a3a/data/generators/generator_data_by_fuel.csv#L2,https://github.com/andrewlyden/PyPSA-GB/blob/8e084afe4fb2d4be86f270d3f12ad3315eee2a3a/scripts/generators/integrate_thermal_generators.py#L1594-L1655
Coal,2,min_down_time,276,276,HOLD,native historical chronology parameter,Thermal MILP code casts directly to int snapshots; CSV has no unit labels or time conversion; fractional part is truncated.,https://github.com/andrewlyden/PyPSA-GB/blob/8e084afe4fb2d4be86f270d3f12ad3315eee2a3a/data/generators/generator_data_by_fuel.csv#L2,https://github.com/andrewlyden/PyPSA-GB/blob/8e084afe4fb2d4be86f270d3f12ad3315eee2a3a/scripts/generators/integrate_thermal_generators.py#L1594-L1655
Coal,2,ramp_limit_up,3.965,0.03965,HOLD,native historical chronology parameter,Thermal code comment calls raw value %/hr and divides by100; independent raw-source unit/calibration mapping unresolved.,https://github.com/andrewlyden/PyPSA-GB/blob/8e084afe4fb2d4be86f270d3f12ad3315eee2a3a/data/generators/generator_data_by_fuel.csv#L2,https://github.com/andrewlyden/PyPSA-GB/blob/8e084afe4fb2d4be86f270d3f12ad3315eee2a3a/scripts/generators/integrate_thermal_generators.py#L1594-L1655
Coal,2,ramp_limit_down,3.965,0.03965,HOLD,native historical chronology parameter,Thermal code comment calls raw value %/hr and divides by100; independent raw-source unit/calibration mapping unresolved.,https://github.com/andrewlyden/PyPSA-GB/blob/8e084afe4fb2d4be86f270d3f12ad3315eee2a3a/data/generators/generator_data_by_fuel.csv#L2,https://github.com/andrewlyden/PyPSA-GB/blob/8e084afe4fb2d4be86f270d3f12ad3315eee2a3a/scripts/generators/integrate_thermal_generators.py#L1594-L1655
Coal,2,p_min_pu,35.7,not assigned by add_thermal_generators from this CSV field,HOLD,native historical chronology parameter,"CSV presence does not prove use: p_min/p_max, initial uptime and startup cost are not copied by this thermal function.",https://github.com/andrewlyden/PyPSA-GB/blob/8e084afe4fb2d4be86f270d3f12ad3315eee2a3a/data/generators/generator_data_by_fuel.csv#L2,https://github.com/andrewlyden/PyPSA-GB/blob/8e084afe4fb2d4be86f270d3f12ad3315eee2a3a/scripts/generators/integrate_thermal_generators.py#L1594-L1655
Coal,2,up_time_before,0,not assigned by add_thermal_generators from this CSV field,HOLD,native historical chronology parameter,"CSV presence does not prove use: p_min/p_max, initial uptime and startup cost are not copied by this thermal function.",https://github.com/andrewlyden/PyPSA-GB/blob/8e084afe4fb2d4be86f270d3f12ad3315eee2a3a/data/generators/generator_data_by_fuel.csv#L2,https://github.com/andrewlyden/PyPSA-GB/blob/8e084afe4fb2d4be86f270d3f12ad3315eee2a3a/scripts/generators/integrate_thermal_generators.py#L1594-L1655
Coal,2,start_up_cost,38,not assigned by add_thermal_generators from this CSV field,HOLD,native historical chronology parameter,"CSV presence does not prove use: p_min/p_max, initial uptime and startup cost are not copied by this thermal function.",https://github.com/andrewlyden/PyPSA-GB/blob/8e084afe4fb2d4be86f270d3f12ad3315eee2a3a/data/generators/generator_data_by_fuel.csv#L2,https://github.com/andrewlyden/PyPSA-GB/blob/8e084afe4fb2d4be86f270d3f12ad3315eee2a3a/scripts/generators/integrate_thermal_generators.py#L1594-L1655
Coal,2,p_max_pu,100,not assigned by add_thermal_generators from this CSV field,HOLD,native historical chronology parameter,"CSV presence does not prove use: p_min/p_max, initial uptime and startup cost are not copied by this thermal function.",https://github.com/andrewlyden/PyPSA-GB/blob/8e084afe4fb2d4be86f270d3f12ad3315eee2a3a/data/generators/generator_data_by_fuel.csv#L2,https://github.com/andrewlyden/PyPSA-GB/blob/8e084afe4fb2d4be86f270d3f12ad3315eee2a3a/scripts/generators/integrate_thermal_generators.py#L1594-L1655
Oil,3,committable,TRUE,TRUE only if exact normalized carrier key matches and thermal solve_mode is MILP,HOLD,native historical chronology parameter,LP explicitly disables UC; key normalization can prevent lookup; root config path differs from defaults.,https://github.com/andrewlyden/PyPSA-GB/blob/8e084afe4fb2d4be86f270d3f12ad3315eee2a3a/data/generators/generator_data_by_fuel.csv#L3,https://github.com/andrewlyden/PyPSA-GB/blob/8e084afe4fb2d4be86f270d3f12ad3315eee2a3a/scripts/generators/integrate_thermal_generators.py#L1594-L1655
Oil,3,min_up_time,225,225,HOLD,native historical chronology parameter,Thermal MILP code casts directly to int snapshots; CSV has no unit labels or time conversion; fractional part is truncated.,https://github.com/andrewlyden/PyPSA-GB/blob/8e084afe4fb2d4be86f270d3f12ad3315eee2a3a/data/generators/generator_data_by_fuel.csv#L3,https://github.com/andrewlyden/PyPSA-GB/blob/8e084afe4fb2d4be86f270d3f12ad3315eee2a3a/scripts/generators/integrate_thermal_generators.py#L1594-L1655
Oil,3,min_down_time,195,195,HOLD,native historical chronology parameter,Thermal MILP code casts directly to int snapshots; CSV has no unit labels or time conversion; fractional part is truncated.,https://github.com/andrewlyden/PyPSA-GB/blob/8e084afe4fb2d4be86f270d3f12ad3315eee2a3a/data/generators/generator_data_by_fuel.csv#L3,https://github.com/andrewlyden/PyPSA-GB/blob/8e084afe4fb2d4be86f270d3f12ad3315eee2a3a/scripts/generators/integrate_thermal_generators.py#L1594-L1655
Oil,3,ramp_limit_up,10.2,0.102,HOLD,native historical chronology parameter,Thermal code comment calls raw value %/hr and divides by100; independent raw-source unit/calibration mapping unresolved.,https://github.com/andrewlyden/PyPSA-GB/blob/8e084afe4fb2d4be86f270d3f12ad3315eee2a3a/data/generators/generator_data_by_fuel.csv#L3,https://github.com/andrewlyden/PyPSA-GB/blob/8e084afe4fb2d4be86f270d3f12ad3315eee2a3a/scripts/generators/integrate_thermal_generators.py#L1594-L1655
Oil,3,ramp_limit_down,10.6,0.106,HOLD,native historical chronology parameter,Thermal code comment calls raw value %/hr and divides by100; independent raw-source unit/calibration mapping unresolved.,https://github.com/andrewlyden/PyPSA-GB/blob/8e084afe4fb2d4be86f270d3f12ad3315eee2a3a/data/generators/generator_data_by_fuel.csv#L3,https://github.com/andrewlyden/PyPSA-GB/blob/8e084afe4fb2d4be86f270d3f12ad3315eee2a3a/scripts/generators/integrate_thermal_generators.py#L1594-L1655
Oil,3,p_min_pu,33.3,not assigned by add_thermal_generators from this CSV field,HOLD,native historical chronology parameter,"CSV presence does not prove use: p_min/p_max, initial uptime and startup cost are not copied by this thermal function.",https://github.com/andrewlyden/PyPSA-GB/blob/8e084afe4fb2d4be86f270d3f12ad3315eee2a3a/data/generators/generator_data_by_fuel.csv#L3,https://github.com/andrewlyden/PyPSA-GB/blob/8e084afe4fb2d4be86f270d3f12ad3315eee2a3a/scripts/generators/integrate_thermal_generators.py#L1594-L1655
Oil,3,up_time_before,0,not assigned by add_thermal_generators from this CSV field,HOLD,native historical chronology parameter,"CSV presence does not prove use: p_min/p_max, initial uptime and startup cost are not copied by this thermal function.",https://github.com/andrewlyden/PyPSA-GB/blob/8e084afe4fb2d4be86f270d3f12ad3315eee2a3a/data/generators/generator_data_by_fuel.csv#L3,https://github.com/andrewlyden/PyPSA-GB/blob/8e084afe4fb2d4be86f270d3f12ad3315eee2a3a/scripts/generators/integrate_thermal_generators.py#L1594-L1655
Oil,3,start_up_cost,16,not assigned by add_thermal_generators from this CSV field,HOLD,native historical chronology parameter,"CSV presence does not prove use: p_min/p_max, initial uptime and startup cost are not copied by this thermal function.",https://github.com/andrewlyden/PyPSA-GB/blob/8e084afe4fb2d4be86f270d3f12ad3315eee2a3a/data/generators/generator_data_by_fuel.csv#L3,https://github.com/andrewlyden/PyPSA-GB/blob/8e084afe4fb2d4be86f270d3f12ad3315eee2a3a/scripts/generators/integrate_thermal_generators.py#L1594-L1655
Oil,3,p_max_pu,100,not assigned by add_thermal_generators from this CSV field,HOLD,native historical chronology parameter,"CSV presence does not prove use: p_min/p_max, initial uptime and startup cost are not copied by this thermal function.",https://github.com/andrewlyden/PyPSA-GB/blob/8e084afe4fb2d4be86f270d3f12ad3315eee2a3a/data/generators/generator_data_by_fuel.csv#L3,https://github.com/andrewlyden/PyPSA-GB/blob/8e084afe4fb2d4be86f270d3f12ad3315eee2a3a/scripts/generators/integrate_thermal_generators.py#L1594-L1655
CCGT,4,committable,TRUE,TRUE only if exact normalized carrier key matches and thermal solve_mode is MILP,HOLD,native historical chronology parameter,LP explicitly disables UC; key normalization can prevent lookup; root config path differs from defaults.,https://github.com/andrewlyden/PyPSA-GB/blob/8e084afe4fb2d4be86f270d3f12ad3315eee2a3a/data/generators/generator_data_by_fuel.csv#L4,https://github.com/andrewlyden/PyPSA-GB/blob/8e084afe4fb2d4be86f270d3f12ad3315eee2a3a/scripts/generators/integrate_thermal_generators.py#L1594-L1655
CCGT,4,min_up_time,247.5,247,HOLD,native historical chronology parameter,Thermal MILP code casts directly to int snapshots; CSV has no unit labels or time conversion; fractional part is truncated.,https://github.com/andrewlyden/PyPSA-GB/blob/8e084afe4fb2d4be86f270d3f12ad3315eee2a3a/data/generators/generator_data_by_fuel.csv#L4,https://github.com/andrewlyden/PyPSA-GB/blob/8e084afe4fb2d4be86f270d3f12ad3315eee2a3a/scripts/generators/integrate_thermal_generators.py#L1594-L1655
CCGT,4,min_down_time,150,150,HOLD,native historical chronology parameter,Thermal MILP code casts directly to int snapshots; CSV has no unit labels or time conversion; fractional part is truncated.,https://github.com/andrewlyden/PyPSA-GB/blob/8e084afe4fb2d4be86f270d3f12ad3315eee2a3a/data/generators/generator_data_by_fuel.csv#L4,https://github.com/andrewlyden/PyPSA-GB/blob/8e084afe4fb2d4be86f270d3f12ad3315eee2a3a/scripts/generators/integrate_thermal_generators.py#L1594-L1655
CCGT,4,ramp_limit_up,5.78,0.057800000000000004,HOLD,native historical chronology parameter,Thermal code comment calls raw value %/hr and divides by100; independent raw-source unit/calibration mapping unresolved.,https://github.com/andrewlyden/PyPSA-GB/blob/8e084afe4fb2d4be86f270d3f12ad3315eee2a3a/data/generators/generator_data_by_fuel.csv#L4,https://github.com/andrewlyden/PyPSA-GB/blob/8e084afe4fb2d4be86f270d3f12ad3315eee2a3a/scripts/generators/integrate_thermal_generators.py#L1594-L1655
CCGT,4,ramp_limit_down,5.78,0.057800000000000004,HOLD,native historical chronology parameter,Thermal code comment calls raw value %/hr and divides by100; independent raw-source unit/calibration mapping unresolved.,https://github.com/andrewlyden/PyPSA-GB/blob/8e084afe4fb2d4be86f270d3f12ad3315eee2a3a/data/generators/generator_data_by_fuel.csv#L4,https://github.com/andrewlyden/PyPSA-GB/blob/8e084afe4fb2d4be86f270d3f12ad3315eee2a3a/scripts/generators/integrate_thermal_generators.py#L1594-L1655
CCGT,4,p_min_pu,40,not assigned by add_thermal_generators from this CSV field,HOLD,native historical chronology parameter,"CSV presence does not prove use: p_min/p_max, initial uptime and startup cost are not copied by this thermal function.",https://github.com/andrewlyden/PyPSA-GB/blob/8e084afe4fb2d4be86f270d3f12ad3315eee2a3a/data/generators/generator_data_by_fuel.csv#L4,https://github.com/andrewlyden/PyPSA-GB/blob/8e084afe4fb2d4be86f270d3f12ad3315eee2a3a/scripts/generators/integrate_thermal_generators.py#L1594-L1655
CCGT,4,up_time_before,0,not assigned by add_thermal_generators from this CSV field,HOLD,native historical chronology parameter,"CSV presence does not prove use: p_min/p_max, initial uptime and startup cost are not copied by this thermal function.",https://github.com/andrewlyden/PyPSA-GB/blob/8e084afe4fb2d4be86f270d3f12ad3315eee2a3a/data/generators/generator_data_by_fuel.csv#L4,https://github.com/andrewlyden/PyPSA-GB/blob/8e084afe4fb2d4be86f270d3f12ad3315eee2a3a/scripts/generators/integrate_thermal_generators.py#L1594-L1655
CCGT,4,start_up_cost,64,not assigned by add_thermal_generators from this CSV field,HOLD,native historical chronology parameter,"CSV presence does not prove use: p_min/p_max, initial uptime and startup cost are not copied by this thermal function.",https://github.com/andrewlyden/PyPSA-GB/blob/8e084afe4fb2d4be86f270d3f12ad3315eee2a3a/data/generators/generator_data_by_fuel.csv#L4,https://github.com/andrewlyden/PyPSA-GB/blob/8e084afe4fb2d4be86f270d3f12ad3315eee2a3a/scripts/generators/integrate_thermal_generators.py#L1594-L1655
CCGT,4,p_max_pu,100,not assigned by add_thermal_generators from this CSV field,HOLD,native historical chronology parameter,"CSV presence does not prove use: p_min/p_max, initial uptime and startup cost are not copied by this thermal function.",https://github.com/andrewlyden/PyPSA-GB/blob/8e084afe4fb2d4be86f270d3f12ad3315eee2a3a/data/generators/generator_data_by_fuel.csv#L4,https://github.com/andrewlyden/PyPSA-GB/blob/8e084afe4fb2d4be86f270d3f12ad3315eee2a3a/scripts/generators/integrate_thermal_generators.py#L1594-L1655
OCGT,5,committable,TRUE,TRUE only if exact normalized carrier key matches and thermal solve_mode is MILP,HOLD,native historical chronology parameter,LP explicitly disables UC; key normalization can prevent lookup; root config path differs from defaults.,https://github.com/andrewlyden/PyPSA-GB/blob/8e084afe4fb2d4be86f270d3f12ad3315eee2a3a/data/generators/generator_data_by_fuel.csv#L5,https://github.com/andrewlyden/PyPSA-GB/blob/8e084afe4fb2d4be86f270d3f12ad3315eee2a3a/scripts/generators/integrate_thermal_generators.py#L1594-L1655
OCGT,5,min_up_time,106.9,106,HOLD,native historical chronology parameter,Thermal MILP code casts directly to int snapshots; CSV has no unit labels or time conversion; fractional part is truncated.,https://github.com/andrewlyden/PyPSA-GB/blob/8e084afe4fb2d4be86f270d3f12ad3315eee2a3a/data/generators/generator_data_by_fuel.csv#L5,https://github.com/andrewlyden/PyPSA-GB/blob/8e084afe4fb2d4be86f270d3f12ad3315eee2a3a/scripts/generators/integrate_thermal_generators.py#L1594-L1655
OCGT,5,min_down_time,63,63,HOLD,native historical chronology parameter,Thermal MILP code casts directly to int snapshots; CSV has no unit labels or time conversion; fractional part is truncated.,https://github.com/andrewlyden/PyPSA-GB/blob/8e084afe4fb2d4be86f270d3f12ad3315eee2a3a/data/generators/generator_data_by_fuel.csv#L5,https://github.com/andrewlyden/PyPSA-GB/blob/8e084afe4fb2d4be86f270d3f12ad3315eee2a3a/scripts/generators/integrate_thermal_generators.py#L1594-L1655
OCGT,5,ramp_limit_up,14.37,0.1437,HOLD,native historical chronology parameter,Thermal code comment calls raw value %/hr and divides by100; independent raw-source unit/calibration mapping unresolved.,https://github.com/andrewlyden/PyPSA-GB/blob/8e084afe4fb2d4be86f270d3f12ad3315eee2a3a/data/generators/generator_data_by_fuel.csv#L5,https://github.com/andrewlyden/PyPSA-GB/blob/8e084afe4fb2d4be86f270d3f12ad3315eee2a3a/scripts/generators/integrate_thermal_generators.py#L1594-L1655
OCGT,5,ramp_limit_down,14.37,0.1437,HOLD,native historical chronology parameter,Thermal code comment calls raw value %/hr and divides by100; independent raw-source unit/calibration mapping unresolved.,https://github.com/andrewlyden/PyPSA-GB/blob/8e084afe4fb2d4be86f270d3f12ad3315eee2a3a/data/generators/generator_data_by_fuel.csv#L5,https://github.com/andrewlyden/PyPSA-GB/blob/8e084afe4fb2d4be86f270d3f12ad3315eee2a3a/scripts/generators/integrate_thermal_generators.py#L1594-L1655
OCGT,5,p_min_pu,28.9,not assigned by add_thermal_generators from this CSV field,HOLD,native historical chronology parameter,"CSV presence does not prove use: p_min/p_max, initial uptime and startup cost are not copied by this thermal function.",https://github.com/andrewlyden/PyPSA-GB/blob/8e084afe4fb2d4be86f270d3f12ad3315eee2a3a/data/generators/generator_data_by_fuel.csv#L5,https://github.com/andrewlyden/PyPSA-GB/blob/8e084afe4fb2d4be86f270d3f12ad3315eee2a3a/scripts/generators/integrate_thermal_generators.py#L1594-L1655
OCGT,5,up_time_before,0,not assigned by add_thermal_generators from this CSV field,HOLD,native historical chronology parameter,"CSV presence does not prove use: p_min/p_max, initial uptime and startup cost are not copied by this thermal function.",https://github.com/andrewlyden/PyPSA-GB/blob/8e084afe4fb2d4be86f270d3f12ad3315eee2a3a/data/generators/generator_data_by_fuel.csv#L5,https://github.com/andrewlyden/PyPSA-GB/blob/8e084afe4fb2d4be86f270d3f12ad3315eee2a3a/scripts/generators/integrate_thermal_generators.py#L1594-L1655
OCGT,5,start_up_cost,20,not assigned by add_thermal_generators from this CSV field,HOLD,native historical chronology parameter,"CSV presence does not prove use: p_min/p_max, initial uptime and startup cost are not copied by this thermal function.",https://github.com/andrewlyden/PyPSA-GB/blob/8e084afe4fb2d4be86f270d3f12ad3315eee2a3a/data/generators/generator_data_by_fuel.csv#L5,https://github.com/andrewlyden/PyPSA-GB/blob/8e084afe4fb2d4be86f270d3f12ad3315eee2a3a/scripts/generators/integrate_thermal_generators.py#L1594-L1655
OCGT,5,p_max_pu,100,not assigned by add_thermal_generators from this CSV field,HOLD,native historical chronology parameter,"CSV presence does not prove use: p_min/p_max, initial uptime and startup cost are not copied by this thermal function.",https://github.com/andrewlyden/PyPSA-GB/blob/8e084afe4fb2d4be86f270d3f12ad3315eee2a3a/data/generators/generator_data_by_fuel.csv#L5,https://github.com/andrewlyden/PyPSA-GB/blob/8e084afe4fb2d4be86f270d3f12ad3315eee2a3a/scripts/generators/integrate_thermal_generators.py#L1594-L1655
Sour gas,6,committable,TRUE,TRUE only if exact normalized carrier key matches and thermal solve_mode is MILP,HOLD,native historical chronology parameter,LP explicitly disables UC; key normalization can prevent lookup; root config path differs from defaults.,https://github.com/andrewlyden/PyPSA-GB/blob/8e084afe4fb2d4be86f270d3f12ad3315eee2a3a/data/generators/generator_data_by_fuel.csv#L6,https://github.com/andrewlyden/PyPSA-GB/blob/8e084afe4fb2d4be86f270d3f12ad3315eee2a3a/scripts/generators/integrate_thermal_generators.py#L1594-L1655
Sour gas,6,min_up_time,106.9,106,HOLD,native historical chronology parameter,Thermal MILP code casts directly to int snapshots; CSV has no unit labels or time conversion; fractional part is truncated.,https://github.com/andrewlyden/PyPSA-GB/blob/8e084afe4fb2d4be86f270d3f12ad3315eee2a3a/data/generators/generator_data_by_fuel.csv#L6,https://github.com/andrewlyden/PyPSA-GB/blob/8e084afe4fb2d4be86f270d3f12ad3315eee2a3a/scripts/generators/integrate_thermal_generators.py#L1594-L1655
Sour gas,6,min_down_time,63,63,HOLD,native historical chronology parameter,Thermal MILP code casts directly to int snapshots; CSV has no unit labels or time conversion; fractional part is truncated.,https://github.com/andrewlyden/PyPSA-GB/blob/8e084afe4fb2d4be86f270d3f12ad3315eee2a3a/data/generators/generator_data_by_fuel.csv#L6,https://github.com/andrewlyden/PyPSA-GB/blob/8e084afe4fb2d4be86f270d3f12ad3315eee2a3a/scripts/generators/integrate_thermal_generators.py#L1594-L1655
Sour gas,6,ramp_limit_up,14.37,0.1437,HOLD,native historical chronology parameter,Thermal code comment calls raw value %/hr and divides by100; independent raw-source unit/calibration mapping unresolved.,https://github.com/andrewlyden/PyPSA-GB/blob/8e084afe4fb2d4be86f270d3f12ad3315eee2a3a/data/generators/generator_data_by_fuel.csv#L6,https://github.com/andrewlyden/PyPSA-GB/blob/8e084afe4fb2d4be86f270d3f12ad3315eee2a3a/scripts/generators/integrate_thermal_generators.py#L1594-L1655
Sour gas,6,ramp_limit_down,14.37,0.1437,HOLD,native historical chronology parameter,Thermal code comment calls raw value %/hr and divides by100; independent raw-source unit/calibration mapping unresolved.,https://github.com/andrewlyden/PyPSA-GB/blob/8e084afe4fb2d4be86f270d3f12ad3315eee2a3a/data/generators/generator_data_by_fuel.csv#L6,https://github.com/andrewlyden/PyPSA-GB/blob/8e084afe4fb2d4be86f270d3f12ad3315eee2a3a/scripts/generators/integrate_thermal_generators.py#L1594-L1655
Sour gas,6,p_min_pu,28.9,not assigned by add_thermal_generators from this CSV field,HOLD,native historical chronology parameter,"CSV presence does not prove use: p_min/p_max, initial uptime and startup cost are not copied by this thermal function.",https://github.com/andrewlyden/PyPSA-GB/blob/8e084afe4fb2d4be86f270d3f12ad3315eee2a3a/data/generators/generator_data_by_fuel.csv#L6,https://github.com/andrewlyden/PyPSA-GB/blob/8e084afe4fb2d4be86f270d3f12ad3315eee2a3a/scripts/generators/integrate_thermal_generators.py#L1594-L1655
Sour gas,6,up_time_before,0,not assigned by add_thermal_generators from this CSV field,HOLD,native historical chronology parameter,"CSV presence does not prove use: p_min/p_max, initial uptime and startup cost are not copied by this thermal function.",https://github.com/andrewlyden/PyPSA-GB/blob/8e084afe4fb2d4be86f270d3f12ad3315eee2a3a/data/generators/generator_data_by_fuel.csv#L6,https://github.com/andrewlyden/PyPSA-GB/blob/8e084afe4fb2d4be86f270d3f12ad3315eee2a3a/scripts/generators/integrate_thermal_generators.py#L1594-L1655
Sour gas,6,start_up_cost,20,not assigned by add_thermal_generators from this CSV field,HOLD,native historical chronology parameter,"CSV presence does not prove use: p_min/p_max, initial uptime and startup cost are not copied by this thermal function.",https://github.com/andrewlyden/PyPSA-GB/blob/8e084afe4fb2d4be86f270d3f12ad3315eee2a3a/data/generators/generator_data_by_fuel.csv#L6,https://github.com/andrewlyden/PyPSA-GB/blob/8e084afe4fb2d4be86f270d3f12ad3315eee2a3a/scripts/generators/integrate_thermal_generators.py#L1594-L1655
Sour gas,6,p_max_pu,100,not assigned by add_thermal_generators from this CSV field,HOLD,native historical chronology parameter,"CSV presence does not prove use: p_min/p_max, initial uptime and startup cost are not copied by this thermal function.",https://github.com/andrewlyden/PyPSA-GB/blob/8e084afe4fb2d4be86f270d3f12ad3315eee2a3a/data/generators/generator_data_by_fuel.csv#L6,https://github.com/andrewlyden/PyPSA-GB/blob/8e084afe4fb2d4be86f270d3f12ad3315eee2a3a/scripts/generators/integrate_thermal_generators.py#L1594-L1655
Nuclear,7,committable,TRUE,TRUE only if exact normalized carrier key matches and thermal solve_mode is MILP,HOLD,native historical chronology parameter,LP explicitly disables UC; key normalization can prevent lookup; root config path differs from defaults.,https://github.com/andrewlyden/PyPSA-GB/blob/8e084afe4fb2d4be86f270d3f12ad3315eee2a3a/data/generators/generator_data_by_fuel.csv#L7,https://github.com/andrewlyden/PyPSA-GB/blob/8e084afe4fb2d4be86f270d3f12ad3315eee2a3a/scripts/generators/integrate_thermal_generators.py#L1594-L1655
Nuclear,7,min_up_time,600,600,HOLD,native historical chronology parameter,Thermal MILP code casts directly to int snapshots; CSV has no unit labels or time conversion; fractional part is truncated.,https://github.com/andrewlyden/PyPSA-GB/blob/8e084afe4fb2d4be86f270d3f12ad3315eee2a3a/data/generators/generator_data_by_fuel.csv#L7,https://github.com/andrewlyden/PyPSA-GB/blob/8e084afe4fb2d4be86f270d3f12ad3315eee2a3a/scripts/generators/integrate_thermal_generators.py#L1594-L1655
Nuclear,7,min_down_time,600,600,HOLD,native historical chronology parameter,Thermal MILP code casts directly to int snapshots; CSV has no unit labels or time conversion; fractional part is truncated.,https://github.com/andrewlyden/PyPSA-GB/blob/8e084afe4fb2d4be86f270d3f12ad3315eee2a3a/data/generators/generator_data_by_fuel.csv#L7,https://github.com/andrewlyden/PyPSA-GB/blob/8e084afe4fb2d4be86f270d3f12ad3315eee2a3a/scripts/generators/integrate_thermal_generators.py#L1594-L1655
Nuclear,7,ramp_limit_up,0.05,0.0005,HOLD,native historical chronology parameter,Thermal code comment calls raw value %/hr and divides by100; independent raw-source unit/calibration mapping unresolved.,https://github.com/andrewlyden/PyPSA-GB/blob/8e084afe4fb2d4be86f270d3f12ad3315eee2a3a/data/generators/generator_data_by_fuel.csv#L7,https://github.com/andrewlyden/PyPSA-GB/blob/8e084afe4fb2d4be86f270d3f12ad3315eee2a3a/scripts/generators/integrate_thermal_generators.py#L1594-L1655
Nuclear,7,ramp_limit_down,0.05,0.0005,HOLD,native historical chronology parameter,Thermal code comment calls raw value %/hr and divides by100; independent raw-source unit/calibration mapping unresolved.,https://github.com/andrewlyden/PyPSA-GB/blob/8e084afe4fb2d4be86f270d3f12ad3315eee2a3a/data/generators/generator_data_by_fuel.csv#L7,https://github.com/andrewlyden/PyPSA-GB/blob/8e084afe4fb2d4be86f270d3f12ad3315eee2a3a/scripts/generators/integrate_thermal_generators.py#L1594-L1655
Nuclear,7,p_min_pu,45,not assigned by add_thermal_generators from this CSV field,HOLD,native historical chronology parameter,"CSV presence does not prove use: p_min/p_max, initial uptime and startup cost are not copied by this thermal function.",https://github.com/andrewlyden/PyPSA-GB/blob/8e084afe4fb2d4be86f270d3f12ad3315eee2a3a/data/generators/generator_data_by_fuel.csv#L7,https://github.com/andrewlyden/PyPSA-GB/blob/8e084afe4fb2d4be86f270d3f12ad3315eee2a3a/scripts/generators/integrate_thermal_generators.py#L1594-L1655
Nuclear,7,up_time_before,0,not assigned by add_thermal_generators from this CSV field,HOLD,native historical chronology parameter,"CSV presence does not prove use: p_min/p_max, initial uptime and startup cost are not copied by this thermal function.",https://github.com/andrewlyden/PyPSA-GB/blob/8e084afe4fb2d4be86f270d3f12ad3315eee2a3a/data/generators/generator_data_by_fuel.csv#L7,https://github.com/andrewlyden/PyPSA-GB/blob/8e084afe4fb2d4be86f270d3f12ad3315eee2a3a/scripts/generators/integrate_thermal_generators.py#L1594-L1655
Nuclear,7,start_up_cost,30,not assigned by add_thermal_generators from this CSV field,HOLD,native historical chronology parameter,"CSV presence does not prove use: p_min/p_max, initial uptime and startup cost are not copied by this thermal function.",https://github.com/andrewlyden/PyPSA-GB/blob/8e084afe4fb2d4be86f270d3f12ad3315eee2a3a/data/generators/generator_data_by_fuel.csv#L7,https://github.com/andrewlyden/PyPSA-GB/blob/8e084afe4fb2d4be86f270d3f12ad3315eee2a3a/scripts/generators/integrate_thermal_generators.py#L1594-L1655
Nuclear,7,p_max_pu,73,not assigned by add_thermal_generators from this CSV field,HOLD,native historical chronology parameter,"CSV presence does not prove use: p_min/p_max, initial uptime and startup cost are not copied by this thermal function.",https://github.com/andrewlyden/PyPSA-GB/blob/8e084afe4fb2d4be86f270d3f12ad3315eee2a3a/data/generators/generator_data_by_fuel.csv#L7,https://github.com/andrewlyden/PyPSA-GB/blob/8e084afe4fb2d4be86f270d3f12ad3315eee2a3a/scripts/generators/integrate_thermal_generators.py#L1594-L1655
Biomass (dedicated),8,committable,TRUE,TRUE only if exact normalized carrier key matches and thermal solve_mode is MILP,HOLD,native historical chronology parameter,LP explicitly disables UC; key normalization can prevent lookup; root config path differs from defaults.,https://github.com/andrewlyden/PyPSA-GB/blob/8e084afe4fb2d4be86f270d3f12ad3315eee2a3a/data/generators/generator_data_by_fuel.csv#L8,https://github.com/andrewlyden/PyPSA-GB/blob/8e084afe4fb2d4be86f270d3f12ad3315eee2a3a/scripts/generators/integrate_thermal_generators.py#L1594-L1655
Biomass (dedicated),8,min_up_time,394,394,HOLD,native historical chronology parameter,Thermal MILP code casts directly to int snapshots; CSV has no unit labels or time conversion; fractional part is truncated.,https://github.com/andrewlyden/PyPSA-GB/blob/8e084afe4fb2d4be86f270d3f12ad3315eee2a3a/data/generators/generator_data_by_fuel.csv#L8,https://github.com/andrewlyden/PyPSA-GB/blob/8e084afe4fb2d4be86f270d3f12ad3315eee2a3a/scripts/generators/integrate_thermal_generators.py#L1594-L1655
Biomass (dedicated),8,min_down_time,276,276,HOLD,native historical chronology parameter,Thermal MILP code casts directly to int snapshots; CSV has no unit labels or time conversion; fractional part is truncated.,https://github.com/andrewlyden/PyPSA-GB/blob/8e084afe4fb2d4be86f270d3f12ad3315eee2a3a/data/generators/generator_data_by_fuel.csv#L8,https://github.com/andrewlyden/PyPSA-GB/blob/8e084afe4fb2d4be86f270d3f12ad3315eee2a3a/scripts/generators/integrate_thermal_generators.py#L1594-L1655
Biomass (dedicated),8,ramp_limit_up,3.965,0.03965,HOLD,native historical chronology parameter,Thermal code comment calls raw value %/hr and divides by100; independent raw-source unit/calibration mapping unresolved.,https://github.com/andrewlyden/PyPSA-GB/blob/8e084afe4fb2d4be86f270d3f12ad3315eee2a3a/data/generators/generator_data_by_fuel.csv#L8,https://github.com/andrewlyden/PyPSA-GB/blob/8e084afe4fb2d4be86f270d3f12ad3315eee2a3a/scripts/generators/integrate_thermal_generators.py#L1594-L1655
Biomass (dedicated),8,ramp_limit_down,3.965,0.03965,HOLD,native historical chronology parameter,Thermal code comment calls raw value %/hr and divides by100; independent raw-source unit/calibration mapping unresolved.,https://github.com/andrewlyden/PyPSA-GB/blob/8e084afe4fb2d4be86f270d3f12ad3315eee2a3a/data/generators/generator_data_by_fuel.csv#L8,https://github.com/andrewlyden/PyPSA-GB/blob/8e084afe4fb2d4be86f270d3f12ad3315eee2a3a/scripts/generators/integrate_thermal_generators.py#L1594-L1655
Biomass (dedicated),8,p_min_pu,35.7,not assigned by add_thermal_generators from this CSV field,HOLD,native historical chronology parameter,"CSV presence does not prove use: p_min/p_max, initial uptime and startup cost are not copied by this thermal function.",https://github.com/andrewlyden/PyPSA-GB/blob/8e084afe4fb2d4be86f270d3f12ad3315eee2a3a/data/generators/generator_data_by_fuel.csv#L8,https://github.com/andrewlyden/PyPSA-GB/blob/8e084afe4fb2d4be86f270d3f12ad3315eee2a3a/scripts/generators/integrate_thermal_generators.py#L1594-L1655
Biomass (dedicated),8,up_time_before,0,not assigned by add_thermal_generators from this CSV field,HOLD,native historical chronology parameter,"CSV presence does not prove use: p_min/p_max, initial uptime and startup cost are not copied by this thermal function.",https://github.com/andrewlyden/PyPSA-GB/blob/8e084afe4fb2d4be86f270d3f12ad3315eee2a3a/data/generators/generator_data_by_fuel.csv#L8,https://github.com/andrewlyden/PyPSA-GB/blob/8e084afe4fb2d4be86f270d3f12ad3315eee2a3a/scripts/generators/integrate_thermal_generators.py#L1594-L1655
Biomass (dedicated),8,start_up_cost,38,not assigned by add_thermal_generators from this CSV field,HOLD,native historical chronology parameter,"CSV presence does not prove use: p_min/p_max, initial uptime and startup cost are not copied by this thermal function.",https://github.com/andrewlyden/PyPSA-GB/blob/8e084afe4fb2d4be86f270d3f12ad3315eee2a3a/data/generators/generator_data_by_fuel.csv#L8,https://github.com/andrewlyden/PyPSA-GB/blob/8e084afe4fb2d4be86f270d3f12ad3315eee2a3a/scripts/generators/integrate_thermal_generators.py#L1594-L1655
Biomass (dedicated),8,p_max_pu,73,not assigned by add_thermal_generators from this CSV field,HOLD,native historical chronology parameter,"CSV presence does not prove use: p_min/p_max, initial uptime and startup cost are not copied by this thermal function.",https://github.com/andrewlyden/PyPSA-GB/blob/8e084afe4fb2d4be86f270d3f12ad3315eee2a3a/data/generators/generator_data_by_fuel.csv#L8,https://github.com/andrewlyden/PyPSA-GB/blob/8e084afe4fb2d4be86f270d3f12ad3315eee2a3a/scripts/generators/integrate_thermal_generators.py#L1594-L1655
Biomass (co-firing),9,committable,TRUE,TRUE only if exact normalized carrier key matches and thermal solve_mode is MILP,HOLD,native historical chronology parameter,LP explicitly disables UC; key normalization can prevent lookup; root config path differs from defaults.,https://github.com/andrewlyden/PyPSA-GB/blob/8e084afe4fb2d4be86f270d3f12ad3315eee2a3a/data/generators/generator_data_by_fuel.csv#L9,https://github.com/andrewlyden/PyPSA-GB/blob/8e084afe4fb2d4be86f270d3f12ad3315eee2a3a/scripts/generators/integrate_thermal_generators.py#L1594-L1655
Biomass (co-firing),9,min_up_time,394,394,HOLD,native historical chronology parameter,Thermal MILP code casts directly to int snapshots; CSV has no unit labels or time conversion; fractional part is truncated.,https://github.com/andrewlyden/PyPSA-GB/blob/8e084afe4fb2d4be86f270d3f12ad3315eee2a3a/data/generators/generator_data_by_fuel.csv#L9,https://github.com/andrewlyden/PyPSA-GB/blob/8e084afe4fb2d4be86f270d3f12ad3315eee2a3a/scripts/generators/integrate_thermal_generators.py#L1594-L1655
Biomass (co-firing),9,min_down_time,276,276,HOLD,native historical chronology parameter,Thermal MILP code casts directly to int snapshots; CSV has no unit labels or time conversion; fractional part is truncated.,https://github.com/andrewlyden/PyPSA-GB/blob/8e084afe4fb2d4be86f270d3f12ad3315eee2a3a/data/generators/generator_data_by_fuel.csv#L9,https://github.com/andrewlyden/PyPSA-GB/blob/8e084afe4fb2d4be86f270d3f12ad3315eee2a3a/scripts/generators/integrate_thermal_generators.py#L1594-L1655
Biomass (co-firing),9,ramp_limit_up,3.965,0.03965,HOLD,native historical chronology parameter,Thermal code comment calls raw value %/hr and divides by100; independent raw-source unit/calibration mapping unresolved.,https://github.com/andrewlyden/PyPSA-GB/blob/8e084afe4fb2d4be86f270d3f12ad3315eee2a3a/data/generators/generator_data_by_fuel.csv#L9,https://github.com/andrewlyden/PyPSA-GB/blob/8e084afe4fb2d4be86f270d3f12ad3315eee2a3a/scripts/generators/integrate_thermal_generators.py#L1594-L1655
Biomass (co-firing),9,ramp_limit_down,3.965,0.03965,HOLD,native historical chronology parameter,Thermal code comment calls raw value %/hr and divides by100; independent raw-source unit/calibration mapping unresolved.,https://github.com/andrewlyden/PyPSA-GB/blob/8e084afe4fb2d4be86f270d3f12ad3315eee2a3a/data/generators/generator_data_by_fuel.csv#L9,https://github.com/andrewlyden/PyPSA-GB/blob/8e084afe4fb2d4be86f270d3f12ad3315eee2a3a/scripts/generators/integrate_thermal_generators.py#L1594-L1655
Biomass (co-firing),9,p_min_pu,35.7,not assigned by add_thermal_generators from this CSV field,HOLD,native historical chronology parameter,"CSV presence does not prove use: p_min/p_max, initial uptime and startup cost are not copied by this thermal function.",https://github.com/andrewlyden/PyPSA-GB/blob/8e084afe4fb2d4be86f270d3f12ad3315eee2a3a/data/generators/generator_data_by_fuel.csv#L9,https://github.com/andrewlyden/PyPSA-GB/blob/8e084afe4fb2d4be86f270d3f12ad3315eee2a3a/scripts/generators/integrate_thermal_generators.py#L1594-L1655
Biomass (co-firing),9,up_time_before,0,not assigned by add_thermal_generators from this CSV field,HOLD,native historical chronology parameter,"CSV presence does not prove use: p_min/p_max, initial uptime and startup cost are not copied by this thermal function.",https://github.com/andrewlyden/PyPSA-GB/blob/8e084afe4fb2d4be86f270d3f12ad3315eee2a3a/data/generators/generator_data_by_fuel.csv#L9,https://github.com/andrewlyden/PyPSA-GB/blob/8e084afe4fb2d4be86f270d3f12ad3315eee2a3a/scripts/generators/integrate_thermal_generators.py#L1594-L1655
Biomass (co-firing),9,start_up_cost,38,not assigned by add_thermal_generators from this CSV field,HOLD,native historical chronology parameter,"CSV presence does not prove use: p_min/p_max, initial uptime and startup cost are not copied by this thermal function.",https://github.com/andrewlyden/PyPSA-GB/blob/8e084afe4fb2d4be86f270d3f12ad3315eee2a3a/data/generators/generator_data_by_fuel.csv#L9,https://github.com/andrewlyden/PyPSA-GB/blob/8e084afe4fb2d4be86f270d3f12ad3315eee2a3a/scripts/generators/integrate_thermal_generators.py#L1594-L1655
Biomass (co-firing),9,p_max_pu,73,not assigned by add_thermal_generators from this CSV field,HOLD,native historical chronology parameter,"CSV presence does not prove use: p_min/p_max, initial uptime and startup cost are not copied by this thermal function.",https://github.com/andrewlyden/PyPSA-GB/blob/8e084afe4fb2d4be86f270d3f12ad3315eee2a3a/data/generators/generator_data_by_fuel.csv#L9,https://github.com/andrewlyden/PyPSA-GB/blob/8e084afe4fb2d4be86f270d3f12ad3315eee2a3a/scripts/generators/integrate_thermal_generators.py#L1594-L1655
Large Hydro,10,committable,FALSE,FALSE only if exact normalized carrier key matches and thermal solve_mode is MILP,HOLD,native historical chronology parameter,LP explicitly disables UC; key normalization can prevent lookup; root config path differs from defaults.,https://github.com/andrewlyden/PyPSA-GB/blob/8e084afe4fb2d4be86f270d3f12ad3315eee2a3a/data/generators/generator_data_by_fuel.csv#L10,https://github.com/andrewlyden/PyPSA-GB/blob/8e084afe4fb2d4be86f270d3f12ad3315eee2a3a/scripts/generators/integrate_thermal_generators.py#L1594-L1655
Large Hydro,10,min_up_time,0,0,HOLD,native historical chronology parameter,Thermal MILP code casts directly to int snapshots; CSV has no unit labels or time conversion; fractional part is truncated.,https://github.com/andrewlyden/PyPSA-GB/blob/8e084afe4fb2d4be86f270d3f12ad3315eee2a3a/data/generators/generator_data_by_fuel.csv#L10,https://github.com/andrewlyden/PyPSA-GB/blob/8e084afe4fb2d4be86f270d3f12ad3315eee2a3a/scripts/generators/integrate_thermal_generators.py#L1594-L1655
Large Hydro,10,min_down_time,0,0,HOLD,native historical chronology parameter,Thermal MILP code casts directly to int snapshots; CSV has no unit labels or time conversion; fractional part is truncated.,https://github.com/andrewlyden/PyPSA-GB/blob/8e084afe4fb2d4be86f270d3f12ad3315eee2a3a/data/generators/generator_data_by_fuel.csv#L10,https://github.com/andrewlyden/PyPSA-GB/blob/8e084afe4fb2d4be86f270d3f12ad3315eee2a3a/scripts/generators/integrate_thermal_generators.py#L1594-L1655
Large Hydro,10,ramp_limit_up,999,1.0,HOLD,native historical chronology parameter,Thermal code comment calls raw value %/hr and divides by100; independent raw-source unit/calibration mapping unresolved.,https://github.com/andrewlyden/PyPSA-GB/blob/8e084afe4fb2d4be86f270d3f12ad3315eee2a3a/data/generators/generator_data_by_fuel.csv#L10,https://github.com/andrewlyden/PyPSA-GB/blob/8e084afe4fb2d4be86f270d3f12ad3315eee2a3a/scripts/generators/integrate_thermal_generators.py#L1594-L1655
Large Hydro,10,ramp_limit_down,999,1.0,HOLD,native historical chronology parameter,Thermal code comment calls raw value %/hr and divides by100; independent raw-source unit/calibration mapping unresolved.,https://github.com/andrewlyden/PyPSA-GB/blob/8e084afe4fb2d4be86f270d3f12ad3315eee2a3a/data/generators/generator_data_by_fuel.csv#L10,https://github.com/andrewlyden/PyPSA-GB/blob/8e084afe4fb2d4be86f270d3f12ad3315eee2a3a/scripts/generators/integrate_thermal_generators.py#L1594-L1655
Large Hydro,10,p_min_pu,0,not assigned by add_thermal_generators from this CSV field,HOLD,native historical chronology parameter,"CSV presence does not prove use: p_min/p_max, initial uptime and startup cost are not copied by this thermal function.",https://github.com/andrewlyden/PyPSA-GB/blob/8e084afe4fb2d4be86f270d3f12ad3315eee2a3a/data/generators/generator_data_by_fuel.csv#L10,https://github.com/andrewlyden/PyPSA-GB/blob/8e084afe4fb2d4be86f270d3f12ad3315eee2a3a/scripts/generators/integrate_thermal_generators.py#L1594-L1655
Large Hydro,10,up_time_before,0,not assigned by add_thermal_generators from this CSV field,HOLD,native historical chronology parameter,"CSV presence does not prove use: p_min/p_max, initial uptime and startup cost are not copied by this thermal function.",https://github.com/andrewlyden/PyPSA-GB/blob/8e084afe4fb2d4be86f270d3f12ad3315eee2a3a/data/generators/generator_data_by_fuel.csv#L10,https://github.com/andrewlyden/PyPSA-GB/blob/8e084afe4fb2d4be86f270d3f12ad3315eee2a3a/scripts/generators/integrate_thermal_generators.py#L1594-L1655
Large Hydro,10,start_up_cost,0,not assigned by add_thermal_generators from this CSV field,HOLD,native historical chronology parameter,"CSV presence does not prove use: p_min/p_max, initial uptime and startup cost are not copied by this thermal function.",https://github.com/andrewlyden/PyPSA-GB/blob/8e084afe4fb2d4be86f270d3f12ad3315eee2a3a/data/generators/generator_data_by_fuel.csv#L10,https://github.com/andrewlyden/PyPSA-GB/blob/8e084afe4fb2d4be86f270d3f12ad3315eee2a3a/scripts/generators/integrate_thermal_generators.py#L1594-L1655
Large Hydro,10,p_max_pu,100,not assigned by add_thermal_generators from this CSV field,HOLD,native historical chronology parameter,"CSV presence does not prove use: p_min/p_max, initial uptime and startup cost are not copied by this thermal function.",https://github.com/andrewlyden/PyPSA-GB/blob/8e084afe4fb2d4be86f270d3f12ad3315eee2a3a/data/generators/generator_data_by_fuel.csv#L10,https://github.com/andrewlyden/PyPSA-GB/blob/8e084afe4fb2d4be86f270d3f12ad3315eee2a3a/scripts/generators/integrate_thermal_generators.py#L1594-L1655
Small Hydro,11,committable,FALSE,FALSE only if exact normalized carrier key matches and thermal solve_mode is MILP,HOLD,native historical chronology parameter,LP explicitly disables UC; key normalization can prevent lookup; root config path differs from defaults.,https://github.com/andrewlyden/PyPSA-GB/blob/8e084afe4fb2d4be86f270d3f12ad3315eee2a3a/data/generators/generator_data_by_fuel.csv#L11,https://github.com/andrewlyden/PyPSA-GB/blob/8e084afe4fb2d4be86f270d3f12ad3315eee2a3a/scripts/generators/integrate_thermal_generators.py#L1594-L1655
Small Hydro,11,min_up_time,0,0,HOLD,native historical chronology parameter,Thermal MILP code casts directly to int snapshots; CSV has no unit labels or time conversion; fractional part is truncated.,https://github.com/andrewlyden/PyPSA-GB/blob/8e084afe4fb2d4be86f270d3f12ad3315eee2a3a/data/generators/generator_data_by_fuel.csv#L11,https://github.com/andrewlyden/PyPSA-GB/blob/8e084afe4fb2d4be86f270d3f12ad3315eee2a3a/scripts/generators/integrate_thermal_generators.py#L1594-L1655
Small Hydro,11,min_down_time,0,0,HOLD,native historical chronology parameter,Thermal MILP code casts directly to int snapshots; CSV has no unit labels or time conversion; fractional part is truncated.,https://github.com/andrewlyden/PyPSA-GB/blob/8e084afe4fb2d4be86f270d3f12ad3315eee2a3a/data/generators/generator_data_by_fuel.csv#L11,https://github.com/andrewlyden/PyPSA-GB/blob/8e084afe4fb2d4be86f270d3f12ad3315eee2a3a/scripts/generators/integrate_thermal_generators.py#L1594-L1655
Small Hydro,11,ramp_limit_up,999,1.0,HOLD,native historical chronology parameter,Thermal code comment calls raw value %/hr and divides by100; independent raw-source unit/calibration mapping unresolved.,https://github.com/andrewlyden/PyPSA-GB/blob/8e084afe4fb2d4be86f270d3f12ad3315eee2a3a/data/generators/generator_data_by_fuel.csv#L11,https://github.com/andrewlyden/PyPSA-GB/blob/8e084afe4fb2d4be86f270d3f12ad3315eee2a3a/scripts/generators/integrate_thermal_generators.py#L1594-L1655
Small Hydro,11,ramp_limit_down,999,1.0,HOLD,native historical chronology parameter,Thermal code comment calls raw value %/hr and divides by100; independent raw-source unit/calibration mapping unresolved.,https://github.com/andrewlyden/PyPSA-GB/blob/8e084afe4fb2d4be86f270d3f12ad3315eee2a3a/data/generators/generator_data_by_fuel.csv#L11,https://github.com/andrewlyden/PyPSA-GB/blob/8e084afe4fb2d4be86f270d3f12ad3315eee2a3a/scripts/generators/integrate_thermal_generators.py#L1594-L1655
Small Hydro,11,p_min_pu,0,not assigned by add_thermal_generators from this CSV field,HOLD,native historical chronology parameter,"CSV presence does not prove use: p_min/p_max, initial uptime and startup cost are not copied by this thermal function.",https://github.com/andrewlyden/PyPSA-GB/blob/8e084afe4fb2d4be86f270d3f12ad3315eee2a3a/data/generators/generator_data_by_fuel.csv#L11,https://github.com/andrewlyden/PyPSA-GB/blob/8e084afe4fb2d4be86f270d3f12ad3315eee2a3a/scripts/generators/integrate_thermal_generators.py#L1594-L1655
Small Hydro,11,up_time_before,0,not assigned by add_thermal_generators from this CSV field,HOLD,native historical chronology parameter,"CSV presence does not prove use: p_min/p_max, initial uptime and startup cost are not copied by this thermal function.",https://github.com/andrewlyden/PyPSA-GB/blob/8e084afe4fb2d4be86f270d3f12ad3315eee2a3a/data/generators/generator_data_by_fuel.csv#L11,https://github.com/andrewlyden/PyPSA-GB/blob/8e084afe4fb2d4be86f270d3f12ad3315eee2a3a/scripts/generators/integrate_thermal_generators.py#L1594-L1655
Small Hydro,11,start_up_cost,0,not assigned by add_thermal_generators from this CSV field,HOLD,native historical chronology parameter,"CSV presence does not prove use: p_min/p_max, initial uptime and startup cost are not copied by this thermal function.",https://github.com/andrewlyden/PyPSA-GB/blob/8e084afe4fb2d4be86f270d3f12ad3315eee2a3a/data/generators/generator_data_by_fuel.csv#L11,https://github.com/andrewlyden/PyPSA-GB/blob/8e084afe4fb2d4be86f270d3f12ad3315eee2a3a/scripts/generators/integrate_thermal_generators.py#L1594-L1655
Small Hydro,11,p_max_pu,100,not assigned by add_thermal_generators from this CSV field,HOLD,native historical chronology parameter,"CSV presence does not prove use: p_min/p_max, initial uptime and startup cost are not copied by this thermal function.",https://github.com/andrewlyden/PyPSA-GB/blob/8e084afe4fb2d4be86f270d3f12ad3315eee2a3a/data/generators/generator_data_by_fuel.csv#L11,https://github.com/andrewlyden/PyPSA-GB/blob/8e084afe4fb2d4be86f270d3f12ad3315eee2a3a/scripts/generators/integrate_thermal_generators.py#L1594-L1655
Wind Offshore,12,committable,FALSE,FALSE only if exact normalized carrier key matches and thermal solve_mode is MILP,HOLD,native historical chronology parameter,LP explicitly disables UC; key normalization can prevent lookup; root config path differs from defaults.,https://github.com/andrewlyden/PyPSA-GB/blob/8e084afe4fb2d4be86f270d3f12ad3315eee2a3a/data/generators/generator_data_by_fuel.csv#L12,https://github.com/andrewlyden/PyPSA-GB/blob/8e084afe4fb2d4be86f270d3f12ad3315eee2a3a/scripts/generators/integrate_thermal_generators.py#L1594-L1655
Wind Offshore,12,min_up_time,0,0,HOLD,native historical chronology parameter,Thermal MILP code casts directly to int snapshots; CSV has no unit labels or time conversion; fractional part is truncated.,https://github.com/andrewlyden/PyPSA-GB/blob/8e084afe4fb2d4be86f270d3f12ad3315eee2a3a/data/generators/generator_data_by_fuel.csv#L12,https://github.com/andrewlyden/PyPSA-GB/blob/8e084afe4fb2d4be86f270d3f12ad3315eee2a3a/scripts/generators/integrate_thermal_generators.py#L1594-L1655
Wind Offshore,12,min_down_time,0,0,HOLD,native historical chronology parameter,Thermal MILP code casts directly to int snapshots; CSV has no unit labels or time conversion; fractional part is truncated.,https://github.com/andrewlyden/PyPSA-GB/blob/8e084afe4fb2d4be86f270d3f12ad3315eee2a3a/data/generators/generator_data_by_fuel.csv#L12,https://github.com/andrewlyden/PyPSA-GB/blob/8e084afe4fb2d4be86f270d3f12ad3315eee2a3a/scripts/generators/integrate_thermal_generators.py#L1594-L1655
Wind Offshore,12,ramp_limit_up,999,1.0,HOLD,native historical chronology parameter,Thermal code comment calls raw value %/hr and divides by100; independent raw-source unit/calibration mapping unresolved.,https://github.com/andrewlyden/PyPSA-GB/blob/8e084afe4fb2d4be86f270d3f12ad3315eee2a3a/data/generators/generator_data_by_fuel.csv#L12,https://github.com/andrewlyden/PyPSA-GB/blob/8e084afe4fb2d4be86f270d3f12ad3315eee2a3a/scripts/generators/integrate_thermal_generators.py#L1594-L1655
Wind Offshore,12,ramp_limit_down,999,1.0,HOLD,native historical chronology parameter,Thermal code comment calls raw value %/hr and divides by100; independent raw-source unit/calibration mapping unresolved.,https://github.com/andrewlyden/PyPSA-GB/blob/8e084afe4fb2d4be86f270d3f12ad3315eee2a3a/data/generators/generator_data_by_fuel.csv#L12,https://github.com/andrewlyden/PyPSA-GB/blob/8e084afe4fb2d4be86f270d3f12ad3315eee2a3a/scripts/generators/integrate_thermal_generators.py#L1594-L1655
Wind Offshore,12,p_min_pu,0,not assigned by add_thermal_generators from this CSV field,HOLD,native historical chronology parameter,"CSV presence does not prove use: p_min/p_max, initial uptime and startup cost are not copied by this thermal function.",https://github.com/andrewlyden/PyPSA-GB/blob/8e084afe4fb2d4be86f270d3f12ad3315eee2a3a/data/generators/generator_data_by_fuel.csv#L12,https://github.com/andrewlyden/PyPSA-GB/blob/8e084afe4fb2d4be86f270d3f12ad3315eee2a3a/scripts/generators/integrate_thermal_generators.py#L1594-L1655
Wind Offshore,12,up_time_before,0,not assigned by add_thermal_generators from this CSV field,HOLD,native historical chronology parameter,"CSV presence does not prove use: p_min/p_max, initial uptime and startup cost are not copied by this thermal function.",https://github.com/andrewlyden/PyPSA-GB/blob/8e084afe4fb2d4be86f270d3f12ad3315eee2a3a/data/generators/generator_data_by_fuel.csv#L12,https://github.com/andrewlyden/PyPSA-GB/blob/8e084afe4fb2d4be86f270d3f12ad3315eee2a3a/scripts/generators/integrate_thermal_generators.py#L1594-L1655
Wind Offshore,12,start_up_cost,0,not assigned by add_thermal_generators from this CSV field,HOLD,native historical chronology parameter,"CSV presence does not prove use: p_min/p_max, initial uptime and startup cost are not copied by this thermal function.",https://github.com/andrewlyden/PyPSA-GB/blob/8e084afe4fb2d4be86f270d3f12ad3315eee2a3a/data/generators/generator_data_by_fuel.csv#L12,https://github.com/andrewlyden/PyPSA-GB/blob/8e084afe4fb2d4be86f270d3f12ad3315eee2a3a/scripts/generators/integrate_thermal_generators.py#L1594-L1655
Wind Offshore,12,p_max_pu,100,not assigned by add_thermal_generators from this CSV field,HOLD,native historical chronology parameter,"CSV presence does not prove use: p_min/p_max, initial uptime and startup cost are not copied by this thermal function.",https://github.com/andrewlyden/PyPSA-GB/blob/8e084afe4fb2d4be86f270d3f12ad3315eee2a3a/data/generators/generator_data_by_fuel.csv#L12,https://github.com/andrewlyden/PyPSA-GB/blob/8e084afe4fb2d4be86f270d3f12ad3315eee2a3a/scripts/generators/integrate_thermal_generators.py#L1594-L1655
Wind Onshore,13,committable,FALSE,FALSE only if exact normalized carrier key matches and thermal solve_mode is MILP,HOLD,native historical chronology parameter,LP explicitly disables UC; key normalization can prevent lookup; root config path differs from defaults.,https://github.com/andrewlyden/PyPSA-GB/blob/8e084afe4fb2d4be86f270d3f12ad3315eee2a3a/data/generators/generator_data_by_fuel.csv#L13,https://github.com/andrewlyden/PyPSA-GB/blob/8e084afe4fb2d4be86f270d3f12ad3315eee2a3a/scripts/generators/integrate_thermal_generators.py#L1594-L1655
Wind Onshore,13,min_up_time,0,0,HOLD,native historical chronology parameter,Thermal MILP code casts directly to int snapshots; CSV has no unit labels or time conversion; fractional part is truncated.,https://github.com/andrewlyden/PyPSA-GB/blob/8e084afe4fb2d4be86f270d3f12ad3315eee2a3a/data/generators/generator_data_by_fuel.csv#L13,https://github.com/andrewlyden/PyPSA-GB/blob/8e084afe4fb2d4be86f270d3f12ad3315eee2a3a/scripts/generators/integrate_thermal_generators.py#L1594-L1655
Wind Onshore,13,min_down_time,0,0,HOLD,native historical chronology parameter,Thermal MILP code casts directly to int snapshots; CSV has no unit labels or time conversion; fractional part is truncated.,https://github.com/andrewlyden/PyPSA-GB/blob/8e084afe4fb2d4be86f270d3f12ad3315eee2a3a/data/generators/generator_data_by_fuel.csv#L13,https://github.com/andrewlyden/PyPSA-GB/blob/8e084afe4fb2d4be86f270d3f12ad3315eee2a3a/scripts/generators/integrate_thermal_generators.py#L1594-L1655
Wind Onshore,13,ramp_limit_up,999,1.0,HOLD,native historical chronology parameter,Thermal code comment calls raw value %/hr and divides by100; independent raw-source unit/calibration mapping unresolved.,https://github.com/andrewlyden/PyPSA-GB/blob/8e084afe4fb2d4be86f270d3f12ad3315eee2a3a/data/generators/generator_data_by_fuel.csv#L13,https://github.com/andrewlyden/PyPSA-GB/blob/8e084afe4fb2d4be86f270d3f12ad3315eee2a3a/scripts/generators/integrate_thermal_generators.py#L1594-L1655
Wind Onshore,13,ramp_limit_down,999,1.0,HOLD,native historical chronology parameter,Thermal code comment calls raw value %/hr and divides by100; independent raw-source unit/calibration mapping unresolved.,https://github.com/andrewlyden/PyPSA-GB/blob/8e084afe4fb2d4be86f270d3f12ad3315eee2a3a/data/generators/generator_data_by_fuel.csv#L13,https://github.com/andrewlyden/PyPSA-GB/blob/8e084afe4fb2d4be86f270d3f12ad3315eee2a3a/scripts/generators/integrate_thermal_generators.py#L1594-L1655
Wind Onshore,13,p_min_pu,0,not assigned by add_thermal_generators from this CSV field,HOLD,native historical chronology parameter,"CSV presence does not prove use: p_min/p_max, initial uptime and startup cost are not copied by this thermal function.",https://github.com/andrewlyden/PyPSA-GB/blob/8e084afe4fb2d4be86f270d3f12ad3315eee2a3a/data/generators/generator_data_by_fuel.csv#L13,https://github.com/andrewlyden/PyPSA-GB/blob/8e084afe4fb2d4be86f270d3f12ad3315eee2a3a/scripts/generators/integrate_thermal_generators.py#L1594-L1655
Wind Onshore,13,up_time_before,0,not assigned by add_thermal_generators from this CSV field,HOLD,native historical chronology parameter,"CSV presence does not prove use: p_min/p_max, initial uptime and startup cost are not copied by this thermal function.",https://github.com/andrewlyden/PyPSA-GB/blob/8e084afe4fb2d4be86f270d3f12ad3315eee2a3a/data/generators/generator_data_by_fuel.csv#L13,https://github.com/andrewlyden/PyPSA-GB/blob/8e084afe4fb2d4be86f270d3f12ad3315eee2a3a/scripts/generators/integrate_thermal_generators.py#L1594-L1655
Wind Onshore,13,start_up_cost,0,not assigned by add_thermal_generators from this CSV field,HOLD,native historical chronology parameter,"CSV presence does not prove use: p_min/p_max, initial uptime and startup cost are not copied by this thermal function.",https://github.com/andrewlyden/PyPSA-GB/blob/8e084afe4fb2d4be86f270d3f12ad3315eee2a3a/data/generators/generator_data_by_fuel.csv#L13,https://github.com/andrewlyden/PyPSA-GB/blob/8e084afe4fb2d4be86f270d3f12ad3315eee2a3a/scripts/generators/integrate_thermal_generators.py#L1594-L1655
Wind Onshore,13,p_max_pu,100,not assigned by add_thermal_generators from this CSV field,HOLD,native historical chronology parameter,"CSV presence does not prove use: p_min/p_max, initial uptime and startup cost are not copied by this thermal function.",https://github.com/andrewlyden/PyPSA-GB/blob/8e084afe4fb2d4be86f270d3f12ad3315eee2a3a/data/generators/generator_data_by_fuel.csv#L13,https://github.com/andrewlyden/PyPSA-GB/blob/8e084afe4fb2d4be86f270d3f12ad3315eee2a3a/scripts/generators/integrate_thermal_generators.py#L1594-L1655
Solar Photovoltaics,14,committable,FALSE,FALSE only if exact normalized carrier key matches and thermal solve_mode is MILP,HOLD,native historical chronology parameter,LP explicitly disables UC; key normalization can prevent lookup; root config path differs from defaults.,https://github.com/andrewlyden/PyPSA-GB/blob/8e084afe4fb2d4be86f270d3f12ad3315eee2a3a/data/generators/generator_data_by_fuel.csv#L14,https://github.com/andrewlyden/PyPSA-GB/blob/8e084afe4fb2d4be86f270d3f12ad3315eee2a3a/scripts/generators/integrate_thermal_generators.py#L1594-L1655
Solar Photovoltaics,14,min_up_time,0,0,HOLD,native historical chronology parameter,Thermal MILP code casts directly to int snapshots; CSV has no unit labels or time conversion; fractional part is truncated.,https://github.com/andrewlyden/PyPSA-GB/blob/8e084afe4fb2d4be86f270d3f12ad3315eee2a3a/data/generators/generator_data_by_fuel.csv#L14,https://github.com/andrewlyden/PyPSA-GB/blob/8e084afe4fb2d4be86f270d3f12ad3315eee2a3a/scripts/generators/integrate_thermal_generators.py#L1594-L1655
Solar Photovoltaics,14,min_down_time,0,0,HOLD,native historical chronology parameter,Thermal MILP code casts directly to int snapshots; CSV has no unit labels or time conversion; fractional part is truncated.,https://github.com/andrewlyden/PyPSA-GB/blob/8e084afe4fb2d4be86f270d3f12ad3315eee2a3a/data/generators/generator_data_by_fuel.csv#L14,https://github.com/andrewlyden/PyPSA-GB/blob/8e084afe4fb2d4be86f270d3f12ad3315eee2a3a/scripts/generators/integrate_thermal_generators.py#L1594-L1655
Solar Photovoltaics,14,ramp_limit_up,999,1.0,HOLD,native historical chronology parameter,Thermal code comment calls raw value %/hr and divides by100; independent raw-source unit/calibration mapping unresolved.,https://github.com/andrewlyden/PyPSA-GB/blob/8e084afe4fb2d4be86f270d3f12ad3315eee2a3a/data/generators/generator_data_by_fuel.csv#L14,https://github.com/andrewlyden/PyPSA-GB/blob/8e084afe4fb2d4be86f270d3f12ad3315eee2a3a/scripts/generators/integrate_thermal_generators.py#L1594-L1655
Solar Photovoltaics,14,ramp_limit_down,999,1.0,HOLD,native historical chronology parameter,Thermal code comment calls raw value %/hr and divides by100; independent raw-source unit/calibration mapping unresolved.,https://github.com/andrewlyden/PyPSA-GB/blob/8e084afe4fb2d4be86f270d3f12ad3315eee2a3a/data/generators/generator_data_by_fuel.csv#L14,https://github.com/andrewlyden/PyPSA-GB/blob/8e084afe4fb2d4be86f270d3f12ad3315eee2a3a/scripts/generators/integrate_thermal_generators.py#L1594-L1655
Solar Photovoltaics,14,p_min_pu,0,not assigned by add_thermal_generators from this CSV field,HOLD,native historical chronology parameter,"CSV presence does not prove use: p_min/p_max, initial uptime and startup cost are not copied by this thermal function.",https://github.com/andrewlyden/PyPSA-GB/blob/8e084afe4fb2d4be86f270d3f12ad3315eee2a3a/data/generators/generator_data_by_fuel.csv#L14,https://github.com/andrewlyden/PyPSA-GB/blob/8e084afe4fb2d4be86f270d3f12ad3315eee2a3a/scripts/generators/integrate_thermal_generators.py#L1594-L1655
Solar Photovoltaics,14,up_time_before,0,not assigned by add_thermal_generators from this CSV field,HOLD,native historical chronology parameter,"CSV presence does not prove use: p_min/p_max, initial uptime and startup cost are not copied by this thermal function.",https://github.com/andrewlyden/PyPSA-GB/blob/8e084afe4fb2d4be86f270d3f12ad3315eee2a3a/data/generators/generator_data_by_fuel.csv#L14,https://github.com/andrewlyden/PyPSA-GB/blob/8e084afe4fb2d4be86f270d3f12ad3315eee2a3a/scripts/generators/integrate_thermal_generators.py#L1594-L1655
Solar Photovoltaics,14,start_up_cost,0,not assigned by add_thermal_generators from this CSV field,HOLD,native historical chronology parameter,"CSV presence does not prove use: p_min/p_max, initial uptime and startup cost are not copied by this thermal function.",https://github.com/andrewlyden/PyPSA-GB/blob/8e084afe4fb2d4be86f270d3f12ad3315eee2a3a/data/generators/generator_data_by_fuel.csv#L14,https://github.com/andrewlyden/PyPSA-GB/blob/8e084afe4fb2d4be86f270d3f12ad3315eee2a3a/scripts/generators/integrate_thermal_generators.py#L1594-L1655
Solar Photovoltaics,14,p_max_pu,100,not assigned by add_thermal_generators from this CSV field,HOLD,native historical chronology parameter,"CSV presence does not prove use: p_min/p_max, initial uptime and startup cost are not copied by this thermal function.",https://github.com/andrewlyden/PyPSA-GB/blob/8e084afe4fb2d4be86f270d3f12ad3315eee2a3a/data/generators/generator_data_by_fuel.csv#L14,https://github.com/andrewlyden/PyPSA-GB/blob/8e084afe4fb2d4be86f270d3f12ad3315eee2a3a/scripts/generators/integrate_thermal_generators.py#L1594-L1655
Waste (anaerobic digestion),15,committable,FALSE,FALSE only if exact normalized carrier key matches and thermal solve_mode is MILP,HOLD,native historical chronology parameter,LP explicitly disables UC; key normalization can prevent lookup; root config path differs from defaults.,https://github.com/andrewlyden/PyPSA-GB/blob/8e084afe4fb2d4be86f270d3f12ad3315eee2a3a/data/generators/generator_data_by_fuel.csv#L15,https://github.com/andrewlyden/PyPSA-GB/blob/8e084afe4fb2d4be86f270d3f12ad3315eee2a3a/scripts/generators/integrate_thermal_generators.py#L1594-L1655
Waste (anaerobic digestion),15,min_up_time,0,0,HOLD,native historical chronology parameter,Thermal MILP code casts directly to int snapshots; CSV has no unit labels or time conversion; fractional part is truncated.,https://github.com/andrewlyden/PyPSA-GB/blob/8e084afe4fb2d4be86f270d3f12ad3315eee2a3a/data/generators/generator_data_by_fuel.csv#L15,https://github.com/andrewlyden/PyPSA-GB/blob/8e084afe4fb2d4be86f270d3f12ad3315eee2a3a/scripts/generators/integrate_thermal_generators.py#L1594-L1655
Waste (anaerobic digestion),15,min_down_time,0,0,HOLD,native historical chronology parameter,Thermal MILP code casts directly to int snapshots; CSV has no unit labels or time conversion; fractional part is truncated.,https://github.com/andrewlyden/PyPSA-GB/blob/8e084afe4fb2d4be86f270d3f12ad3315eee2a3a/data/generators/generator_data_by_fuel.csv#L15,https://github.com/andrewlyden/PyPSA-GB/blob/8e084afe4fb2d4be86f270d3f12ad3315eee2a3a/scripts/generators/integrate_thermal_generators.py#L1594-L1655
Waste (anaerobic digestion),15,ramp_limit_up,999,1.0,HOLD,native historical chronology parameter,Thermal code comment calls raw value %/hr and divides by100; independent raw-source unit/calibration mapping unresolved.,https://github.com/andrewlyden/PyPSA-GB/blob/8e084afe4fb2d4be86f270d3f12ad3315eee2a3a/data/generators/generator_data_by_fuel.csv#L15,https://github.com/andrewlyden/PyPSA-GB/blob/8e084afe4fb2d4be86f270d3f12ad3315eee2a3a/scripts/generators/integrate_thermal_generators.py#L1594-L1655
Waste (anaerobic digestion),15,ramp_limit_down,999,1.0,HOLD,native historical chronology parameter,Thermal code comment calls raw value %/hr and divides by100; independent raw-source unit/calibration mapping unresolved.,https://github.com/andrewlyden/PyPSA-GB/blob/8e084afe4fb2d4be86f270d3f12ad3315eee2a3a/data/generators/generator_data_by_fuel.csv#L15,https://github.com/andrewlyden/PyPSA-GB/blob/8e084afe4fb2d4be86f270d3f12ad3315eee2a3a/scripts/generators/integrate_thermal_generators.py#L1594-L1655
Waste (anaerobic digestion),15,p_min_pu,0,not assigned by add_thermal_generators from this CSV field,HOLD,native historical chronology parameter,"CSV presence does not prove use: p_min/p_max, initial uptime and startup cost are not copied by this thermal function.",https://github.com/andrewlyden/PyPSA-GB/blob/8e084afe4fb2d4be86f270d3f12ad3315eee2a3a/data/generators/generator_data_by_fuel.csv#L15,https://github.com/andrewlyden/PyPSA-GB/blob/8e084afe4fb2d4be86f270d3f12ad3315eee2a3a/scripts/generators/integrate_thermal_generators.py#L1594-L1655
Waste (anaerobic digestion),15,up_time_before,0,not assigned by add_thermal_generators from this CSV field,HOLD,native historical chronology parameter,"CSV presence does not prove use: p_min/p_max, initial uptime and startup cost are not copied by this thermal function.",https://github.com/andrewlyden/PyPSA-GB/blob/8e084afe4fb2d4be86f270d3f12ad3315eee2a3a/data/generators/generator_data_by_fuel.csv#L15,https://github.com/andrewlyden/PyPSA-GB/blob/8e084afe4fb2d4be86f270d3f12ad3315eee2a3a/scripts/generators/integrate_thermal_generators.py#L1594-L1655
Waste (anaerobic digestion),15,start_up_cost,0,not assigned by add_thermal_generators from this CSV field,HOLD,native historical chronology parameter,"CSV presence does not prove use: p_min/p_max, initial uptime and startup cost are not copied by this thermal function.",https://github.com/andrewlyden/PyPSA-GB/blob/8e084afe4fb2d4be86f270d3f12ad3315eee2a3a/data/generators/generator_data_by_fuel.csv#L15,https://github.com/andrewlyden/PyPSA-GB/blob/8e084afe4fb2d4be86f270d3f12ad3315eee2a3a/scripts/generators/integrate_thermal_generators.py#L1594-L1655
Waste (anaerobic digestion),15,p_max_pu,100,not assigned by add_thermal_generators from this CSV field,HOLD,native historical chronology parameter,"CSV presence does not prove use: p_min/p_max, initial uptime and startup cost are not copied by this thermal function.",https://github.com/andrewlyden/PyPSA-GB/blob/8e084afe4fb2d4be86f270d3f12ad3315eee2a3a/data/generators/generator_data_by_fuel.csv#L15,https://github.com/andrewlyden/PyPSA-GB/blob/8e084afe4fb2d4be86f270d3f12ad3315eee2a3a/scripts/generators/integrate_thermal_generators.py#L1594-L1655
Anaerobic Digestion,16,committable,FALSE,FALSE only if exact normalized carrier key matches and thermal solve_mode is MILP,HOLD,native historical chronology parameter,LP explicitly disables UC; key normalization can prevent lookup; root config path differs from defaults.,https://github.com/andrewlyden/PyPSA-GB/blob/8e084afe4fb2d4be86f270d3f12ad3315eee2a3a/data/generators/generator_data_by_fuel.csv#L16,https://github.com/andrewlyden/PyPSA-GB/blob/8e084afe4fb2d4be86f270d3f12ad3315eee2a3a/scripts/generators/integrate_thermal_generators.py#L1594-L1655
Anaerobic Digestion,16,min_up_time,0,0,HOLD,native historical chronology parameter,Thermal MILP code casts directly to int snapshots; CSV has no unit labels or time conversion; fractional part is truncated.,https://github.com/andrewlyden/PyPSA-GB/blob/8e084afe4fb2d4be86f270d3f12ad3315eee2a3a/data/generators/generator_data_by_fuel.csv#L16,https://github.com/andrewlyden/PyPSA-GB/blob/8e084afe4fb2d4be86f270d3f12ad3315eee2a3a/scripts/generators/integrate_thermal_generators.py#L1594-L1655
Anaerobic Digestion,16,min_down_time,0,0,HOLD,native historical chronology parameter,Thermal MILP code casts directly to int snapshots; CSV has no unit labels or time conversion; fractional part is truncated.,https://github.com/andrewlyden/PyPSA-GB/blob/8e084afe4fb2d4be86f270d3f12ad3315eee2a3a/data/generators/generator_data_by_fuel.csv#L16,https://github.com/andrewlyden/PyPSA-GB/blob/8e084afe4fb2d4be86f270d3f12ad3315eee2a3a/scripts/generators/integrate_thermal_generators.py#L1594-L1655
Anaerobic Digestion,16,ramp_limit_up,999,1.0,HOLD,native historical chronology parameter,Thermal code comment calls raw value %/hr and divides by100; independent raw-source unit/calibration mapping unresolved.,https://github.com/andrewlyden/PyPSA-GB/blob/8e084afe4fb2d4be86f270d3f12ad3315eee2a3a/data/generators/generator_data_by_fuel.csv#L16,https://github.com/andrewlyden/PyPSA-GB/blob/8e084afe4fb2d4be86f270d3f12ad3315eee2a3a/scripts/generators/integrate_thermal_generators.py#L1594-L1655
Anaerobic Digestion,16,ramp_limit_down,999,1.0,HOLD,native historical chronology parameter,Thermal code comment calls raw value %/hr and divides by100; independent raw-source unit/calibration mapping unresolved.,https://github.com/andrewlyden/PyPSA-GB/blob/8e084afe4fb2d4be86f270d3f12ad3315eee2a3a/data/generators/generator_data_by_fuel.csv#L16,https://github.com/andrewlyden/PyPSA-GB/blob/8e084afe4fb2d4be86f270d3f12ad3315eee2a3a/scripts/generators/integrate_thermal_generators.py#L1594-L1655
Anaerobic Digestion,16,p_min_pu,0,not assigned by add_thermal_generators from this CSV field,HOLD,native historical chronology parameter,"CSV presence does not prove use: p_min/p_max, initial uptime and startup cost are not copied by this thermal function.",https://github.com/andrewlyden/PyPSA-GB/blob/8e084afe4fb2d4be86f270d3f12ad3315eee2a3a/data/generators/generator_data_by_fuel.csv#L16,https://github.com/andrewlyden/PyPSA-GB/blob/8e084afe4fb2d4be86f270d3f12ad3315eee2a3a/scripts/generators/integrate_thermal_generators.py#L1594-L1655
Anaerobic Digestion,16,up_time_before,0,not assigned by add_thermal_generators from this CSV field,HOLD,native historical chronology parameter,"CSV presence does not prove use: p_min/p_max, initial uptime and startup cost are not copied by this thermal function.",https://github.com/andrewlyden/PyPSA-GB/blob/8e084afe4fb2d4be86f270d3f12ad3315eee2a3a/data/generators/generator_data_by_fuel.csv#L16,https://github.com/andrewlyden/PyPSA-GB/blob/8e084afe4fb2d4be86f270d3f12ad3315eee2a3a/scripts/generators/integrate_thermal_generators.py#L1594-L1655
Anaerobic Digestion,16,start_up_cost,0,not assigned by add_thermal_generators from this CSV field,HOLD,native historical chronology parameter,"CSV presence does not prove use: p_min/p_max, initial uptime and startup cost are not copied by this thermal function.",https://github.com/andrewlyden/PyPSA-GB/blob/8e084afe4fb2d4be86f270d3f12ad3315eee2a3a/data/generators/generator_data_by_fuel.csv#L16,https://github.com/andrewlyden/PyPSA-GB/blob/8e084afe4fb2d4be86f270d3f12ad3315eee2a3a/scripts/generators/integrate_thermal_generators.py#L1594-L1655
Anaerobic Digestion,16,p_max_pu,100,not assigned by add_thermal_generators from this CSV field,HOLD,native historical chronology parameter,"CSV presence does not prove use: p_min/p_max, initial uptime and startup cost are not copied by this thermal function.",https://github.com/andrewlyden/PyPSA-GB/blob/8e084afe4fb2d4be86f270d3f12ad3315eee2a3a/data/generators/generator_data_by_fuel.csv#L16,https://github.com/andrewlyden/PyPSA-GB/blob/8e084afe4fb2d4be86f270d3f12ad3315eee2a3a/scripts/generators/integrate_thermal_generators.py#L1594-L1655
EfW Incineration,17,committable,FALSE,FALSE only if exact normalized carrier key matches and thermal solve_mode is MILP,HOLD,native historical chronology parameter,LP explicitly disables UC; key normalization can prevent lookup; root config path differs from defaults.,https://github.com/andrewlyden/PyPSA-GB/blob/8e084afe4fb2d4be86f270d3f12ad3315eee2a3a/data/generators/generator_data_by_fuel.csv#L17,https://github.com/andrewlyden/PyPSA-GB/blob/8e084afe4fb2d4be86f270d3f12ad3315eee2a3a/scripts/generators/integrate_thermal_generators.py#L1594-L1655
EfW Incineration,17,min_up_time,0,0,HOLD,native historical chronology parameter,Thermal MILP code casts directly to int snapshots; CSV has no unit labels or time conversion; fractional part is truncated.,https://github.com/andrewlyden/PyPSA-GB/blob/8e084afe4fb2d4be86f270d3f12ad3315eee2a3a/data/generators/generator_data_by_fuel.csv#L17,https://github.com/andrewlyden/PyPSA-GB/blob/8e084afe4fb2d4be86f270d3f12ad3315eee2a3a/scripts/generators/integrate_thermal_generators.py#L1594-L1655
EfW Incineration,17,min_down_time,0,0,HOLD,native historical chronology parameter,Thermal MILP code casts directly to int snapshots; CSV has no unit labels or time conversion; fractional part is truncated.,https://github.com/andrewlyden/PyPSA-GB/blob/8e084afe4fb2d4be86f270d3f12ad3315eee2a3a/data/generators/generator_data_by_fuel.csv#L17,https://github.com/andrewlyden/PyPSA-GB/blob/8e084afe4fb2d4be86f270d3f12ad3315eee2a3a/scripts/generators/integrate_thermal_generators.py#L1594-L1655
EfW Incineration,17,ramp_limit_up,999,1.0,HOLD,native historical chronology parameter,Thermal code comment calls raw value %/hr and divides by100; independent raw-source unit/calibration mapping unresolved.,https://github.com/andrewlyden/PyPSA-GB/blob/8e084afe4fb2d4be86f270d3f12ad3315eee2a3a/data/generators/generator_data_by_fuel.csv#L17,https://github.com/andrewlyden/PyPSA-GB/blob/8e084afe4fb2d4be86f270d3f12ad3315eee2a3a/scripts/generators/integrate_thermal_generators.py#L1594-L1655
EfW Incineration,17,ramp_limit_down,999,1.0,HOLD,native historical chronology parameter,Thermal code comment calls raw value %/hr and divides by100; independent raw-source unit/calibration mapping unresolved.,https://github.com/andrewlyden/PyPSA-GB/blob/8e084afe4fb2d4be86f270d3f12ad3315eee2a3a/data/generators/generator_data_by_fuel.csv#L17,https://github.com/andrewlyden/PyPSA-GB/blob/8e084afe4fb2d4be86f270d3f12ad3315eee2a3a/scripts/generators/integrate_thermal_generators.py#L1594-L1655
EfW Incineration,17,p_min_pu,0,not assigned by add_thermal_generators from this CSV field,HOLD,native historical chronology parameter,"CSV presence does not prove use: p_min/p_max, initial uptime and startup cost are not copied by this thermal function.",https://github.com/andrewlyden/PyPSA-GB/blob/8e084afe4fb2d4be86f270d3f12ad3315eee2a3a/data/generators/generator_data_by_fuel.csv#L17,https://github.com/andrewlyden/PyPSA-GB/blob/8e084afe4fb2d4be86f270d3f12ad3315eee2a3a/scripts/generators/integrate_thermal_generators.py#L1594-L1655
EfW Incineration,17,up_time_before,0,not assigned by add_thermal_generators from this CSV field,HOLD,native historical chronology parameter,"CSV presence does not prove use: p_min/p_max, initial uptime and startup cost are not copied by this thermal function.",https://github.com/andrewlyden/PyPSA-GB/blob/8e084afe4fb2d4be86f270d3f12ad3315eee2a3a/data/generators/generator_data_by_fuel.csv#L17,https://github.com/andrewlyden/PyPSA-GB/blob/8e084afe4fb2d4be86f270d3f12ad3315eee2a3a/scripts/generators/integrate_thermal_generators.py#L1594-L1655
EfW Incineration,17,start_up_cost,0,not assigned by add_thermal_generators from this CSV field,HOLD,native historical chronology parameter,"CSV presence does not prove use: p_min/p_max, initial uptime and startup cost are not copied by this thermal function.",https://github.com/andrewlyden/PyPSA-GB/blob/8e084afe4fb2d4be86f270d3f12ad3315eee2a3a/data/generators/generator_data_by_fuel.csv#L17,https://github.com/andrewlyden/PyPSA-GB/blob/8e084afe4fb2d4be86f270d3f12ad3315eee2a3a/scripts/generators/integrate_thermal_generators.py#L1594-L1655
EfW Incineration,17,p_max_pu,36,not assigned by add_thermal_generators from this CSV field,HOLD,native historical chronology parameter,"CSV presence does not prove use: p_min/p_max, initial uptime and startup cost are not copied by this thermal function.",https://github.com/andrewlyden/PyPSA-GB/blob/8e084afe4fb2d4be86f270d3f12ad3315eee2a3a/data/generators/generator_data_by_fuel.csv#L17,https://github.com/andrewlyden/PyPSA-GB/blob/8e084afe4fb2d4be86f270d3f12ad3315eee2a3a/scripts/generators/integrate_thermal_generators.py#L1594-L1655
Landfill Gas,18,committable,FALSE,FALSE only if exact normalized carrier key matches and thermal solve_mode is MILP,HOLD,native historical chronology parameter,LP explicitly disables UC; key normalization can prevent lookup; root config path differs from defaults.,https://github.com/andrewlyden/PyPSA-GB/blob/8e084afe4fb2d4be86f270d3f12ad3315eee2a3a/data/generators/generator_data_by_fuel.csv#L18,https://github.com/andrewlyden/PyPSA-GB/blob/8e084afe4fb2d4be86f270d3f12ad3315eee2a3a/scripts/generators/integrate_thermal_generators.py#L1594-L1655
Landfill Gas,18,min_up_time,0,0,HOLD,native historical chronology parameter,Thermal MILP code casts directly to int snapshots; CSV has no unit labels or time conversion; fractional part is truncated.,https://github.com/andrewlyden/PyPSA-GB/blob/8e084afe4fb2d4be86f270d3f12ad3315eee2a3a/data/generators/generator_data_by_fuel.csv#L18,https://github.com/andrewlyden/PyPSA-GB/blob/8e084afe4fb2d4be86f270d3f12ad3315eee2a3a/scripts/generators/integrate_thermal_generators.py#L1594-L1655
Landfill Gas,18,min_down_time,0,0,HOLD,native historical chronology parameter,Thermal MILP code casts directly to int snapshots; CSV has no unit labels or time conversion; fractional part is truncated.,https://github.com/andrewlyden/PyPSA-GB/blob/8e084afe4fb2d4be86f270d3f12ad3315eee2a3a/data/generators/generator_data_by_fuel.csv#L18,https://github.com/andrewlyden/PyPSA-GB/blob/8e084afe4fb2d4be86f270d3f12ad3315eee2a3a/scripts/generators/integrate_thermal_generators.py#L1594-L1655
Landfill Gas,18,ramp_limit_up,999,1.0,HOLD,native historical chronology parameter,Thermal code comment calls raw value %/hr and divides by100; independent raw-source unit/calibration mapping unresolved.,https://github.com/andrewlyden/PyPSA-GB/blob/8e084afe4fb2d4be86f270d3f12ad3315eee2a3a/data/generators/generator_data_by_fuel.csv#L18,https://github.com/andrewlyden/PyPSA-GB/blob/8e084afe4fb2d4be86f270d3f12ad3315eee2a3a/scripts/generators/integrate_thermal_generators.py#L1594-L1655
Landfill Gas,18,ramp_limit_down,999,1.0,HOLD,native historical chronology parameter,Thermal code comment calls raw value %/hr and divides by100; independent raw-source unit/calibration mapping unresolved.,https://github.com/andrewlyden/PyPSA-GB/blob/8e084afe4fb2d4be86f270d3f12ad3315eee2a3a/data/generators/generator_data_by_fuel.csv#L18,https://github.com/andrewlyden/PyPSA-GB/blob/8e084afe4fb2d4be86f270d3f12ad3315eee2a3a/scripts/generators/integrate_thermal_generators.py#L1594-L1655
Landfill Gas,18,p_min_pu,0,not assigned by add_thermal_generators from this CSV field,HOLD,native historical chronology parameter,"CSV presence does not prove use: p_min/p_max, initial uptime and startup cost are not copied by this thermal function.",https://github.com/andrewlyden/PyPSA-GB/blob/8e084afe4fb2d4be86f270d3f12ad3315eee2a3a/data/generators/generator_data_by_fuel.csv#L18,https://github.com/andrewlyden/PyPSA-GB/blob/8e084afe4fb2d4be86f270d3f12ad3315eee2a3a/scripts/generators/integrate_thermal_generators.py#L1594-L1655
Landfill Gas,18,up_time_before,0,not assigned by add_thermal_generators from this CSV field,HOLD,native historical chronology parameter,"CSV presence does not prove use: p_min/p_max, initial uptime and startup cost are not copied by this thermal function.",https://github.com/andrewlyden/PyPSA-GB/blob/8e084afe4fb2d4be86f270d3f12ad3315eee2a3a/data/generators/generator_data_by_fuel.csv#L18,https://github.com/andrewlyden/PyPSA-GB/blob/8e084afe4fb2d4be86f270d3f12ad3315eee2a3a/scripts/generators/integrate_thermal_generators.py#L1594-L1655
Landfill Gas,18,start_up_cost,0,not assigned by add_thermal_generators from this CSV field,HOLD,native historical chronology parameter,"CSV presence does not prove use: p_min/p_max, initial uptime and startup cost are not copied by this thermal function.",https://github.com/andrewlyden/PyPSA-GB/blob/8e084afe4fb2d4be86f270d3f12ad3315eee2a3a/data/generators/generator_data_by_fuel.csv#L18,https://github.com/andrewlyden/PyPSA-GB/blob/8e084afe4fb2d4be86f270d3f12ad3315eee2a3a/scripts/generators/integrate_thermal_generators.py#L1594-L1655
Landfill Gas,18,p_max_pu,100,not assigned by add_thermal_generators from this CSV field,HOLD,native historical chronology parameter,"CSV presence does not prove use: p_min/p_max, initial uptime and startup cost are not copied by this thermal function.",https://github.com/andrewlyden/PyPSA-GB/blob/8e084afe4fb2d4be86f270d3f12ad3315eee2a3a/data/generators/generator_data_by_fuel.csv#L18,https://github.com/andrewlyden/PyPSA-GB/blob/8e084afe4fb2d4be86f270d3f12ad3315eee2a3a/scripts/generators/integrate_thermal_generators.py#L1594-L1655
Sewage Sludge Digestion,19,committable,FALSE,FALSE only if exact normalized carrier key matches and thermal solve_mode is MILP,HOLD,native historical chronology parameter,LP explicitly disables UC; key normalization can prevent lookup; root config path differs from defaults.,https://github.com/andrewlyden/PyPSA-GB/blob/8e084afe4fb2d4be86f270d3f12ad3315eee2a3a/data/generators/generator_data_by_fuel.csv#L19,https://github.com/andrewlyden/PyPSA-GB/blob/8e084afe4fb2d4be86f270d3f12ad3315eee2a3a/scripts/generators/integrate_thermal_generators.py#L1594-L1655
Sewage Sludge Digestion,19,min_up_time,0,0,HOLD,native historical chronology parameter,Thermal MILP code casts directly to int snapshots; CSV has no unit labels or time conversion; fractional part is truncated.,https://github.com/andrewlyden/PyPSA-GB/blob/8e084afe4fb2d4be86f270d3f12ad3315eee2a3a/data/generators/generator_data_by_fuel.csv#L19,https://github.com/andrewlyden/PyPSA-GB/blob/8e084afe4fb2d4be86f270d3f12ad3315eee2a3a/scripts/generators/integrate_thermal_generators.py#L1594-L1655
Sewage Sludge Digestion,19,min_down_time,0,0,HOLD,native historical chronology parameter,Thermal MILP code casts directly to int snapshots; CSV has no unit labels or time conversion; fractional part is truncated.,https://github.com/andrewlyden/PyPSA-GB/blob/8e084afe4fb2d4be86f270d3f12ad3315eee2a3a/data/generators/generator_data_by_fuel.csv#L19,https://github.com/andrewlyden/PyPSA-GB/blob/8e084afe4fb2d4be86f270d3f12ad3315eee2a3a/scripts/generators/integrate_thermal_generators.py#L1594-L1655
Sewage Sludge Digestion,19,ramp_limit_up,999,1.0,HOLD,native historical chronology parameter,Thermal code comment calls raw value %/hr and divides by100; independent raw-source unit/calibration mapping unresolved.,https://github.com/andrewlyden/PyPSA-GB/blob/8e084afe4fb2d4be86f270d3f12ad3315eee2a3a/data/generators/generator_data_by_fuel.csv#L19,https://github.com/andrewlyden/PyPSA-GB/blob/8e084afe4fb2d4be86f270d3f12ad3315eee2a3a/scripts/generators/integrate_thermal_generators.py#L1594-L1655
Sewage Sludge Digestion,19,ramp_limit_down,999,1.0,HOLD,native historical chronology parameter,Thermal code comment calls raw value %/hr and divides by100; independent raw-source unit/calibration mapping unresolved.,https://github.com/andrewlyden/PyPSA-GB/blob/8e084afe4fb2d4be86f270d3f12ad3315eee2a3a/data/generators/generator_data_by_fuel.csv#L19,https://github.com/andrewlyden/PyPSA-GB/blob/8e084afe4fb2d4be86f270d3f12ad3315eee2a3a/scripts/generators/integrate_thermal_generators.py#L1594-L1655
Sewage Sludge Digestion,19,p_min_pu,0,not assigned by add_thermal_generators from this CSV field,HOLD,native historical chronology parameter,"CSV presence does not prove use: p_min/p_max, initial uptime and startup cost are not copied by this thermal function.",https://github.com/andrewlyden/PyPSA-GB/blob/8e084afe4fb2d4be86f270d3f12ad3315eee2a3a/data/generators/generator_data_by_fuel.csv#L19,https://github.com/andrewlyden/PyPSA-GB/blob/8e084afe4fb2d4be86f270d3f12ad3315eee2a3a/scripts/generators/integrate_thermal_generators.py#L1594-L1655
Sewage Sludge Digestion,19,up_time_before,0,not assigned by add_thermal_generators from this CSV field,HOLD,native historical chronology parameter,"CSV presence does not prove use: p_min/p_max, initial uptime and startup cost are not copied by this thermal function.",https://github.com/andrewlyden/PyPSA-GB/blob/8e084afe4fb2d4be86f270d3f12ad3315eee2a3a/data/generators/generator_data_by_fuel.csv#L19,https://github.com/andrewlyden/PyPSA-GB/blob/8e084afe4fb2d4be86f270d3f12ad3315eee2a3a/scripts/generators/integrate_thermal_generators.py#L1594-L1655
Sewage Sludge Digestion,19,start_up_cost,0,not assigned by add_thermal_generators from this CSV field,HOLD,native historical chronology parameter,"CSV presence does not prove use: p_min/p_max, initial uptime and startup cost are not copied by this thermal function.",https://github.com/andrewlyden/PyPSA-GB/blob/8e084afe4fb2d4be86f270d3f12ad3315eee2a3a/data/generators/generator_data_by_fuel.csv#L19,https://github.com/andrewlyden/PyPSA-GB/blob/8e084afe4fb2d4be86f270d3f12ad3315eee2a3a/scripts/generators/integrate_thermal_generators.py#L1594-L1655
Sewage Sludge Digestion,19,p_max_pu,100,not assigned by add_thermal_generators from this CSV field,HOLD,native historical chronology parameter,"CSV presence does not prove use: p_min/p_max, initial uptime and startup cost are not copied by this thermal function.",https://github.com/andrewlyden/PyPSA-GB/blob/8e084afe4fb2d4be86f270d3f12ad3315eee2a3a/data/generators/generator_data_by_fuel.csv#L19,https://github.com/andrewlyden/PyPSA-GB/blob/8e084afe4fb2d4be86f270d3f12ad3315eee2a3a/scripts/generators/integrate_thermal_generators.py#L1594-L1655
Shoreline Wave,20,committable,FALSE,FALSE only if exact normalized carrier key matches and thermal solve_mode is MILP,HOLD,native historical chronology parameter,LP explicitly disables UC; key normalization can prevent lookup; root config path differs from defaults.,https://github.com/andrewlyden/PyPSA-GB/blob/8e084afe4fb2d4be86f270d3f12ad3315eee2a3a/data/generators/generator_data_by_fuel.csv#L20,https://github.com/andrewlyden/PyPSA-GB/blob/8e084afe4fb2d4be86f270d3f12ad3315eee2a3a/scripts/generators/integrate_thermal_generators.py#L1594-L1655
Shoreline Wave,20,min_up_time,0,0,HOLD,native historical chronology parameter,Thermal MILP code casts directly to int snapshots; CSV has no unit labels or time conversion; fractional part is truncated.,https://github.com/andrewlyden/PyPSA-GB/blob/8e084afe4fb2d4be86f270d3f12ad3315eee2a3a/data/generators/generator_data_by_fuel.csv#L20,https://github.com/andrewlyden/PyPSA-GB/blob/8e084afe4fb2d4be86f270d3f12ad3315eee2a3a/scripts/generators/integrate_thermal_generators.py#L1594-L1655
Shoreline Wave,20,min_down_time,0,0,HOLD,native historical chronology parameter,Thermal MILP code casts directly to int snapshots; CSV has no unit labels or time conversion; fractional part is truncated.,https://github.com/andrewlyden/PyPSA-GB/blob/8e084afe4fb2d4be86f270d3f12ad3315eee2a3a/data/generators/generator_data_by_fuel.csv#L20,https://github.com/andrewlyden/PyPSA-GB/blob/8e084afe4fb2d4be86f270d3f12ad3315eee2a3a/scripts/generators/integrate_thermal_generators.py#L1594-L1655
Shoreline Wave,20,ramp_limit_up,999,1.0,HOLD,native historical chronology parameter,Thermal code comment calls raw value %/hr and divides by100; independent raw-source unit/calibration mapping unresolved.,https://github.com/andrewlyden/PyPSA-GB/blob/8e084afe4fb2d4be86f270d3f12ad3315eee2a3a/data/generators/generator_data_by_fuel.csv#L20,https://github.com/andrewlyden/PyPSA-GB/blob/8e084afe4fb2d4be86f270d3f12ad3315eee2a3a/scripts/generators/integrate_thermal_generators.py#L1594-L1655
Shoreline Wave,20,ramp_limit_down,999,1.0,HOLD,native historical chronology parameter,Thermal code comment calls raw value %/hr and divides by100; independent raw-source unit/calibration mapping unresolved.,https://github.com/andrewlyden/PyPSA-GB/blob/8e084afe4fb2d4be86f270d3f12ad3315eee2a3a/data/generators/generator_data_by_fuel.csv#L20,https://github.com/andrewlyden/PyPSA-GB/blob/8e084afe4fb2d4be86f270d3f12ad3315eee2a3a/scripts/generators/integrate_thermal_generators.py#L1594-L1655
Shoreline Wave,20,p_min_pu,0,not assigned by add_thermal_generators from this CSV field,HOLD,native historical chronology parameter,"CSV presence does not prove use: p_min/p_max, initial uptime and startup cost are not copied by this thermal function.",https://github.com/andrewlyden/PyPSA-GB/blob/8e084afe4fb2d4be86f270d3f12ad3315eee2a3a/data/generators/generator_data_by_fuel.csv#L20,https://github.com/andrewlyden/PyPSA-GB/blob/8e084afe4fb2d4be86f270d3f12ad3315eee2a3a/scripts/generators/integrate_thermal_generators.py#L1594-L1655
Shoreline Wave,20,up_time_before,0,not assigned by add_thermal_generators from this CSV field,HOLD,native historical chronology parameter,"CSV presence does not prove use: p_min/p_max, initial uptime and startup cost are not copied by this thermal function.",https://github.com/andrewlyden/PyPSA-GB/blob/8e084afe4fb2d4be86f270d3f12ad3315eee2a3a/data/generators/generator_data_by_fuel.csv#L20,https://github.com/andrewlyden/PyPSA-GB/blob/8e084afe4fb2d4be86f270d3f12ad3315eee2a3a/scripts/generators/integrate_thermal_generators.py#L1594-L1655
Shoreline Wave,20,start_up_cost,0,not assigned by add_thermal_generators from this CSV field,HOLD,native historical chronology parameter,"CSV presence does not prove use: p_min/p_max, initial uptime and startup cost are not copied by this thermal function.",https://github.com/andrewlyden/PyPSA-GB/blob/8e084afe4fb2d4be86f270d3f12ad3315eee2a3a/data/generators/generator_data_by_fuel.csv#L20,https://github.com/andrewlyden/PyPSA-GB/blob/8e084afe4fb2d4be86f270d3f12ad3315eee2a3a/scripts/generators/integrate_thermal_generators.py#L1594-L1655
Shoreline Wave,20,p_max_pu,100,not assigned by add_thermal_generators from this CSV field,HOLD,native historical chronology parameter,"CSV presence does not prove use: p_min/p_max, initial uptime and startup cost are not copied by this thermal function.",https://github.com/andrewlyden/PyPSA-GB/blob/8e084afe4fb2d4be86f270d3f12ad3315eee2a3a/data/generators/generator_data_by_fuel.csv#L20,https://github.com/andrewlyden/PyPSA-GB/blob/8e084afe4fb2d4be86f270d3f12ad3315eee2a3a/scripts/generators/integrate_thermal_generators.py#L1594-L1655
Tidal Barrage and Tidal Stream,21,committable,FALSE,FALSE only if exact normalized carrier key matches and thermal solve_mode is MILP,HOLD,native historical chronology parameter,LP explicitly disables UC; key normalization can prevent lookup; root config path differs from defaults.,https://github.com/andrewlyden/PyPSA-GB/blob/8e084afe4fb2d4be86f270d3f12ad3315eee2a3a/data/generators/generator_data_by_fuel.csv#L21,https://github.com/andrewlyden/PyPSA-GB/blob/8e084afe4fb2d4be86f270d3f12ad3315eee2a3a/scripts/generators/integrate_thermal_generators.py#L1594-L1655
Tidal Barrage and Tidal Stream,21,min_up_time,0,0,HOLD,native historical chronology parameter,Thermal MILP code casts directly to int snapshots; CSV has no unit labels or time conversion; fractional part is truncated.,https://github.com/andrewlyden/PyPSA-GB/blob/8e084afe4fb2d4be86f270d3f12ad3315eee2a3a/data/generators/generator_data_by_fuel.csv#L21,https://github.com/andrewlyden/PyPSA-GB/blob/8e084afe4fb2d4be86f270d3f12ad3315eee2a3a/scripts/generators/integrate_thermal_generators.py#L1594-L1655
Tidal Barrage and Tidal Stream,21,min_down_time,0,0,HOLD,native historical chronology parameter,Thermal MILP code casts directly to int snapshots; CSV has no unit labels or time conversion; fractional part is truncated.,https://github.com/andrewlyden/PyPSA-GB/blob/8e084afe4fb2d4be86f270d3f12ad3315eee2a3a/data/generators/generator_data_by_fuel.csv#L21,https://github.com/andrewlyden/PyPSA-GB/blob/8e084afe4fb2d4be86f270d3f12ad3315eee2a3a/scripts/generators/integrate_thermal_generators.py#L1594-L1655
Tidal Barrage and Tidal Stream,21,ramp_limit_up,999,1.0,HOLD,native historical chronology parameter,Thermal code comment calls raw value %/hr and divides by100; independent raw-source unit/calibration mapping unresolved.,https://github.com/andrewlyden/PyPSA-GB/blob/8e084afe4fb2d4be86f270d3f12ad3315eee2a3a/data/generators/generator_data_by_fuel.csv#L21,https://github.com/andrewlyden/PyPSA-GB/blob/8e084afe4fb2d4be86f270d3f12ad3315eee2a3a/scripts/generators/integrate_thermal_generators.py#L1594-L1655
Tidal Barrage and Tidal Stream,21,ramp_limit_down,999,1.0,HOLD,native historical chronology parameter,Thermal code comment calls raw value %/hr and divides by100; independent raw-source unit/calibration mapping unresolved.,https://github.com/andrewlyden/PyPSA-GB/blob/8e084afe4fb2d4be86f270d3f12ad3315eee2a3a/data/generators/generator_data_by_fuel.csv#L21,https://github.com/andrewlyden/PyPSA-GB/blob/8e084afe4fb2d4be86f270d3f12ad3315eee2a3a/scripts/generators/integrate_thermal_generators.py#L1594-L1655
Tidal Barrage and Tidal Stream,21,p_min_pu,0,not assigned by add_thermal_generators from this CSV field,HOLD,native historical chronology parameter,"CSV presence does not prove use: p_min/p_max, initial uptime and startup cost are not copied by this thermal function.",https://github.com/andrewlyden/PyPSA-GB/blob/8e084afe4fb2d4be86f270d3f12ad3315eee2a3a/data/generators/generator_data_by_fuel.csv#L21,https://github.com/andrewlyden/PyPSA-GB/blob/8e084afe4fb2d4be86f270d3f12ad3315eee2a3a/scripts/generators/integrate_thermal_generators.py#L1594-L1655
Tidal Barrage and Tidal Stream,21,up_time_before,0,not assigned by add_thermal_generators from this CSV field,HOLD,native historical chronology parameter,"CSV presence does not prove use: p_min/p_max, initial uptime and startup cost are not copied by this thermal function.",https://github.com/andrewlyden/PyPSA-GB/blob/8e084afe4fb2d4be86f270d3f12ad3315eee2a3a/data/generators/generator_data_by_fuel.csv#L21,https://github.com/andrewlyden/PyPSA-GB/blob/8e084afe4fb2d4be86f270d3f12ad3315eee2a3a/scripts/generators/integrate_thermal_generators.py#L1594-L1655
Tidal Barrage and Tidal Stream,21,start_up_cost,0,not assigned by add_thermal_generators from this CSV field,HOLD,native historical chronology parameter,"CSV presence does not prove use: p_min/p_max, initial uptime and startup cost are not copied by this thermal function.",https://github.com/andrewlyden/PyPSA-GB/blob/8e084afe4fb2d4be86f270d3f12ad3315eee2a3a/data/generators/generator_data_by_fuel.csv#L21,https://github.com/andrewlyden/PyPSA-GB/blob/8e084afe4fb2d4be86f270d3f12ad3315eee2a3a/scripts/generators/integrate_thermal_generators.py#L1594-L1655
Tidal Barrage and Tidal Stream,21,p_max_pu,100,not assigned by add_thermal_generators from this CSV field,HOLD,native historical chronology parameter,"CSV presence does not prove use: p_min/p_max, initial uptime and startup cost are not copied by this thermal function.",https://github.com/andrewlyden/PyPSA-GB/blob/8e084afe4fb2d4be86f270d3f12ad3315eee2a3a/data/generators/generator_data_by_fuel.csv#L21,https://github.com/andrewlyden/PyPSA-GB/blob/8e084afe4fb2d4be86f270d3f12ad3315eee2a3a/scripts/generators/integrate_thermal_generators.py#L1594-L1655
CCS Gas,22,committable,TRUE,TRUE only if exact normalized carrier key matches and thermal solve_mode is MILP,HOLD,native historical chronology parameter,LP explicitly disables UC; key normalization can prevent lookup; root config path differs from defaults.,https://github.com/andrewlyden/PyPSA-GB/blob/8e084afe4fb2d4be86f270d3f12ad3315eee2a3a/data/generators/generator_data_by_fuel.csv#L22,https://github.com/andrewlyden/PyPSA-GB/blob/8e084afe4fb2d4be86f270d3f12ad3315eee2a3a/scripts/generators/integrate_thermal_generators.py#L1594-L1655
CCS Gas,22,min_up_time,394,394,HOLD,native historical chronology parameter,Thermal MILP code casts directly to int snapshots; CSV has no unit labels or time conversion; fractional part is truncated.,https://github.com/andrewlyden/PyPSA-GB/blob/8e084afe4fb2d4be86f270d3f12ad3315eee2a3a/data/generators/generator_data_by_fuel.csv#L22,https://github.com/andrewlyden/PyPSA-GB/blob/8e084afe4fb2d4be86f270d3f12ad3315eee2a3a/scripts/generators/integrate_thermal_generators.py#L1594-L1655
CCS Gas,22,min_down_time,276,276,HOLD,native historical chronology parameter,Thermal MILP code casts directly to int snapshots; CSV has no unit labels or time conversion; fractional part is truncated.,https://github.com/andrewlyden/PyPSA-GB/blob/8e084afe4fb2d4be86f270d3f12ad3315eee2a3a/data/generators/generator_data_by_fuel.csv#L22,https://github.com/andrewlyden/PyPSA-GB/blob/8e084afe4fb2d4be86f270d3f12ad3315eee2a3a/scripts/generators/integrate_thermal_generators.py#L1594-L1655
CCS Gas,22,ramp_limit_up,3.965,0.03965,HOLD,native historical chronology parameter,Thermal code comment calls raw value %/hr and divides by100; independent raw-source unit/calibration mapping unresolved.,https://github.com/andrewlyden/PyPSA-GB/blob/8e084afe4fb2d4be86f270d3f12ad3315eee2a3a/data/generators/generator_data_by_fuel.csv#L22,https://github.com/andrewlyden/PyPSA-GB/blob/8e084afe4fb2d4be86f270d3f12ad3315eee2a3a/scripts/generators/integrate_thermal_generators.py#L1594-L1655
CCS Gas,22,ramp_limit_down,3.965,0.03965,HOLD,native historical chronology parameter,Thermal code comment calls raw value %/hr and divides by100; independent raw-source unit/calibration mapping unresolved.,https://github.com/andrewlyden/PyPSA-GB/blob/8e084afe4fb2d4be86f270d3f12ad3315eee2a3a/data/generators/generator_data_by_fuel.csv#L22,https://github.com/andrewlyden/PyPSA-GB/blob/8e084afe4fb2d4be86f270d3f12ad3315eee2a3a/scripts/generators/integrate_thermal_generators.py#L1594-L1655
CCS Gas,22,p_min_pu,35.7,not assigned by add_thermal_generators from this CSV field,HOLD,native historical chronology parameter,"CSV presence does not prove use: p_min/p_max, initial uptime and startup cost are not copied by this thermal function.",https://github.com/andrewlyden/PyPSA-GB/blob/8e084afe4fb2d4be86f270d3f12ad3315eee2a3a/data/generators/generator_data_by_fuel.csv#L22,https://github.com/andrewlyden/PyPSA-GB/blob/8e084afe4fb2d4be86f270d3f12ad3315eee2a3a/scripts/generators/integrate_thermal_generators.py#L1594-L1655
CCS Gas,22,up_time_before,0,not assigned by add_thermal_generators from this CSV field,HOLD,native historical chronology parameter,"CSV presence does not prove use: p_min/p_max, initial uptime and startup cost are not copied by this thermal function.",https://github.com/andrewlyden/PyPSA-GB/blob/8e084afe4fb2d4be86f270d3f12ad3315eee2a3a/data/generators/generator_data_by_fuel.csv#L22,https://github.com/andrewlyden/PyPSA-GB/blob/8e084afe4fb2d4be86f270d3f12ad3315eee2a3a/scripts/generators/integrate_thermal_generators.py#L1594-L1655
CCS Gas,22,start_up_cost,38,not assigned by add_thermal_generators from this CSV field,HOLD,native historical chronology parameter,"CSV presence does not prove use: p_min/p_max, initial uptime and startup cost are not copied by this thermal function.",https://github.com/andrewlyden/PyPSA-GB/blob/8e084afe4fb2d4be86f270d3f12ad3315eee2a3a/data/generators/generator_data_by_fuel.csv#L22,https://github.com/andrewlyden/PyPSA-GB/blob/8e084afe4fb2d4be86f270d3f12ad3315eee2a3a/scripts/generators/integrate_thermal_generators.py#L1594-L1655
CCS Gas,22,p_max_pu,100,not assigned by add_thermal_generators from this CSV field,HOLD,native historical chronology parameter,"CSV presence does not prove use: p_min/p_max, initial uptime and startup cost are not copied by this thermal function.",https://github.com/andrewlyden/PyPSA-GB/blob/8e084afe4fb2d4be86f270d3f12ad3315eee2a3a/data/generators/generator_data_by_fuel.csv#L22,https://github.com/andrewlyden/PyPSA-GB/blob/8e084afe4fb2d4be86f270d3f12ad3315eee2a3a/scripts/generators/integrate_thermal_generators.py#L1594-L1655
CCS Biomass,23,committable,TRUE,TRUE only if exact normalized carrier key matches and thermal solve_mode is MILP,HOLD,native historical chronology parameter,LP explicitly disables UC; key normalization can prevent lookup; root config path differs from defaults.,https://github.com/andrewlyden/PyPSA-GB/blob/8e084afe4fb2d4be86f270d3f12ad3315eee2a3a/data/generators/generator_data_by_fuel.csv#L23,https://github.com/andrewlyden/PyPSA-GB/blob/8e084afe4fb2d4be86f270d3f12ad3315eee2a3a/scripts/generators/integrate_thermal_generators.py#L1594-L1655
CCS Biomass,23,min_up_time,394,394,HOLD,native historical chronology parameter,Thermal MILP code casts directly to int snapshots; CSV has no unit labels or time conversion; fractional part is truncated.,https://github.com/andrewlyden/PyPSA-GB/blob/8e084afe4fb2d4be86f270d3f12ad3315eee2a3a/data/generators/generator_data_by_fuel.csv#L23,https://github.com/andrewlyden/PyPSA-GB/blob/8e084afe4fb2d4be86f270d3f12ad3315eee2a3a/scripts/generators/integrate_thermal_generators.py#L1594-L1655
CCS Biomass,23,min_down_time,276,276,HOLD,native historical chronology parameter,Thermal MILP code casts directly to int snapshots; CSV has no unit labels or time conversion; fractional part is truncated.,https://github.com/andrewlyden/PyPSA-GB/blob/8e084afe4fb2d4be86f270d3f12ad3315eee2a3a/data/generators/generator_data_by_fuel.csv#L23,https://github.com/andrewlyden/PyPSA-GB/blob/8e084afe4fb2d4be86f270d3f12ad3315eee2a3a/scripts/generators/integrate_thermal_generators.py#L1594-L1655
CCS Biomass,23,ramp_limit_up,3.965,0.03965,HOLD,native historical chronology parameter,Thermal code comment calls raw value %/hr and divides by100; independent raw-source unit/calibration mapping unresolved.,https://github.com/andrewlyden/PyPSA-GB/blob/8e084afe4fb2d4be86f270d3f12ad3315eee2a3a/data/generators/generator_data_by_fuel.csv#L23,https://github.com/andrewlyden/PyPSA-GB/blob/8e084afe4fb2d4be86f270d3f12ad3315eee2a3a/scripts/generators/integrate_thermal_generators.py#L1594-L1655
CCS Biomass,23,ramp_limit_down,3.965,0.03965,HOLD,native historical chronology parameter,Thermal code comment calls raw value %/hr and divides by100; independent raw-source unit/calibration mapping unresolved.,https://github.com/andrewlyden/PyPSA-GB/blob/8e084afe4fb2d4be86f270d3f12ad3315eee2a3a/data/generators/generator_data_by_fuel.csv#L23,https://github.com/andrewlyden/PyPSA-GB/blob/8e084afe4fb2d4be86f270d3f12ad3315eee2a3a/scripts/generators/integrate_thermal_generators.py#L1594-L1655
CCS Biomass,23,p_min_pu,35.7,not assigned by add_thermal_generators from this CSV field,HOLD,native historical chronology parameter,"CSV presence does not prove use: p_min/p_max, initial uptime and startup cost are not copied by this thermal function.",https://github.com/andrewlyden/PyPSA-GB/blob/8e084afe4fb2d4be86f270d3f12ad3315eee2a3a/data/generators/generator_data_by_fuel.csv#L23,https://github.com/andrewlyden/PyPSA-GB/blob/8e084afe4fb2d4be86f270d3f12ad3315eee2a3a/scripts/generators/integrate_thermal_generators.py#L1594-L1655
CCS Biomass,23,up_time_before,0,not assigned by add_thermal_generators from this CSV field,HOLD,native historical chronology parameter,"CSV presence does not prove use: p_min/p_max, initial uptime and startup cost are not copied by this thermal function.",https://github.com/andrewlyden/PyPSA-GB/blob/8e084afe4fb2d4be86f270d3f12ad3315eee2a3a/data/generators/generator_data_by_fuel.csv#L23,https://github.com/andrewlyden/PyPSA-GB/blob/8e084afe4fb2d4be86f270d3f12ad3315eee2a3a/scripts/generators/integrate_thermal_generators.py#L1594-L1655
CCS Biomass,23,start_up_cost,38,not assigned by add_thermal_generators from this CSV field,HOLD,native historical chronology parameter,"CSV presence does not prove use: p_min/p_max, initial uptime and startup cost are not copied by this thermal function.",https://github.com/andrewlyden/PyPSA-GB/blob/8e084afe4fb2d4be86f270d3f12ad3315eee2a3a/data/generators/generator_data_by_fuel.csv#L23,https://github.com/andrewlyden/PyPSA-GB/blob/8e084afe4fb2d4be86f270d3f12ad3315eee2a3a/scripts/generators/integrate_thermal_generators.py#L1594-L1655
CCS Biomass,23,p_max_pu,100,not assigned by add_thermal_generators from this CSV field,HOLD,native historical chronology parameter,"CSV presence does not prove use: p_min/p_max, initial uptime and startup cost are not copied by this thermal function.",https://github.com/andrewlyden/PyPSA-GB/blob/8e084afe4fb2d4be86f270d3f12ad3315eee2a3a/data/generators/generator_data_by_fuel.csv#L23,https://github.com/andrewlyden/PyPSA-GB/blob/8e084afe4fb2d4be86f270d3f12ad3315eee2a3a/scripts/generators/integrate_thermal_generators.py#L1594-L1655
Hydrogen,24,committable,TRUE,TRUE only if exact normalized carrier key matches and thermal solve_mode is MILP,HOLD,native historical chronology parameter,LP explicitly disables UC; key normalization can prevent lookup; root config path differs from defaults.,https://github.com/andrewlyden/PyPSA-GB/blob/8e084afe4fb2d4be86f270d3f12ad3315eee2a3a/data/generators/generator_data_by_fuel.csv#L24,https://github.com/andrewlyden/PyPSA-GB/blob/8e084afe4fb2d4be86f270d3f12ad3315eee2a3a/scripts/generators/integrate_thermal_generators.py#L1594-L1655
Hydrogen,24,min_up_time,106.9,106,HOLD,native historical chronology parameter,Thermal MILP code casts directly to int snapshots; CSV has no unit labels or time conversion; fractional part is truncated.,https://github.com/andrewlyden/PyPSA-GB/blob/8e084afe4fb2d4be86f270d3f12ad3315eee2a3a/data/generators/generator_data_by_fuel.csv#L24,https://github.com/andrewlyden/PyPSA-GB/blob/8e084afe4fb2d4be86f270d3f12ad3315eee2a3a/scripts/generators/integrate_thermal_generators.py#L1594-L1655
Hydrogen,24,min_down_time,63,63,HOLD,native historical chronology parameter,Thermal MILP code casts directly to int snapshots; CSV has no unit labels or time conversion; fractional part is truncated.,https://github.com/andrewlyden/PyPSA-GB/blob/8e084afe4fb2d4be86f270d3f12ad3315eee2a3a/data/generators/generator_data_by_fuel.csv#L24,https://github.com/andrewlyden/PyPSA-GB/blob/8e084afe4fb2d4be86f270d3f12ad3315eee2a3a/scripts/generators/integrate_thermal_generators.py#L1594-L1655
Hydrogen,24,ramp_limit_up,14.37,0.1437,HOLD,native historical chronology parameter,Thermal code comment calls raw value %/hr and divides by100; independent raw-source unit/calibration mapping unresolved.,https://github.com/andrewlyden/PyPSA-GB/blob/8e084afe4fb2d4be86f270d3f12ad3315eee2a3a/data/generators/generator_data_by_fuel.csv#L24,https://github.com/andrewlyden/PyPSA-GB/blob/8e084afe4fb2d4be86f270d3f12ad3315eee2a3a/scripts/generators/integrate_thermal_generators.py#L1594-L1655
Hydrogen,24,ramp_limit_down,14.37,0.1437,HOLD,native historical chronology parameter,Thermal code comment calls raw value %/hr and divides by100; independent raw-source unit/calibration mapping unresolved.,https://github.com/andrewlyden/PyPSA-GB/blob/8e084afe4fb2d4be86f270d3f12ad3315eee2a3a/data/generators/generator_data_by_fuel.csv#L24,https://github.com/andrewlyden/PyPSA-GB/blob/8e084afe4fb2d4be86f270d3f12ad3315eee2a3a/scripts/generators/integrate_thermal_generators.py#L1594-L1655
Hydrogen,24,p_min_pu,28.9,not assigned by add_thermal_generators from this CSV field,HOLD,native historical chronology parameter,"CSV presence does not prove use: p_min/p_max, initial uptime and startup cost are not copied by this thermal function.",https://github.com/andrewlyden/PyPSA-GB/blob/8e084afe4fb2d4be86f270d3f12ad3315eee2a3a/data/generators/generator_data_by_fuel.csv#L24,https://github.com/andrewlyden/PyPSA-GB/blob/8e084afe4fb2d4be86f270d3f12ad3315eee2a3a/scripts/generators/integrate_thermal_generators.py#L1594-L1655
Hydrogen,24,up_time_before,0,not assigned by add_thermal_generators from this CSV field,HOLD,native historical chronology parameter,"CSV presence does not prove use: p_min/p_max, initial uptime and startup cost are not copied by this thermal function.",https://github.com/andrewlyden/PyPSA-GB/blob/8e084afe4fb2d4be86f270d3f12ad3315eee2a3a/data/generators/generator_data_by_fuel.csv#L24,https://github.com/andrewlyden/PyPSA-GB/blob/8e084afe4fb2d4be86f270d3f12ad3315eee2a3a/scripts/generators/integrate_thermal_generators.py#L1594-L1655
Hydrogen,24,start_up_cost,20,not assigned by add_thermal_generators from this CSV field,HOLD,native historical chronology parameter,"CSV presence does not prove use: p_min/p_max, initial uptime and startup cost are not copied by this thermal function.",https://github.com/andrewlyden/PyPSA-GB/blob/8e084afe4fb2d4be86f270d3f12ad3315eee2a3a/data/generators/generator_data_by_fuel.csv#L24,https://github.com/andrewlyden/PyPSA-GB/blob/8e084afe4fb2d4be86f270d3f12ad3315eee2a3a/scripts/generators/integrate_thermal_generators.py#L1594-L1655
Hydrogen,24,p_max_pu,100,not assigned by add_thermal_generators from this CSV field,HOLD,native historical chronology parameter,"CSV presence does not prove use: p_min/p_max, initial uptime and startup cost are not copied by this thermal function.",https://github.com/andrewlyden/PyPSA-GB/blob/8e084afe4fb2d4be86f270d3f12ad3315eee2a3a/data/generators/generator_data_by_fuel.csv#L24,https://github.com/andrewlyden/PyPSA-GB/blob/8e084afe4fb2d4be86f270d3f12ad3315eee2a3a/scripts/generators/integrate_thermal_generators.py#L1594-L1655
Fuel Cell,25,committable,TRUE,TRUE only if exact normalized carrier key matches and thermal solve_mode is MILP,HOLD,native historical chronology parameter,LP explicitly disables UC; key normalization can prevent lookup; root config path differs from defaults.,https://github.com/andrewlyden/PyPSA-GB/blob/8e084afe4fb2d4be86f270d3f12ad3315eee2a3a/data/generators/generator_data_by_fuel.csv#L25,https://github.com/andrewlyden/PyPSA-GB/blob/8e084afe4fb2d4be86f270d3f12ad3315eee2a3a/scripts/generators/integrate_thermal_generators.py#L1594-L1655
Fuel Cell,25,min_up_time,60,60,HOLD,native historical chronology parameter,Thermal MILP code casts directly to int snapshots; CSV has no unit labels or time conversion; fractional part is truncated.,https://github.com/andrewlyden/PyPSA-GB/blob/8e084afe4fb2d4be86f270d3f12ad3315eee2a3a/data/generators/generator_data_by_fuel.csv#L25,https://github.com/andrewlyden/PyPSA-GB/blob/8e084afe4fb2d4be86f270d3f12ad3315eee2a3a/scripts/generators/integrate_thermal_generators.py#L1594-L1655
Fuel Cell,25,min_down_time,30,30,HOLD,native historical chronology parameter,Thermal MILP code casts directly to int snapshots; CSV has no unit labels or time conversion; fractional part is truncated.,https://github.com/andrewlyden/PyPSA-GB/blob/8e084afe4fb2d4be86f270d3f12ad3315eee2a3a/data/generators/generator_data_by_fuel.csv#L25,https://github.com/andrewlyden/PyPSA-GB/blob/8e084afe4fb2d4be86f270d3f12ad3315eee2a3a/scripts/generators/integrate_thermal_generators.py#L1594-L1655
Fuel Cell,25,ramp_limit_up,20,0.2,HOLD,native historical chronology parameter,Thermal code comment calls raw value %/hr and divides by100; independent raw-source unit/calibration mapping unresolved.,https://github.com/andrewlyden/PyPSA-GB/blob/8e084afe4fb2d4be86f270d3f12ad3315eee2a3a/data/generators/generator_data_by_fuel.csv#L25,https://github.com/andrewlyden/PyPSA-GB/blob/8e084afe4fb2d4be86f270d3f12ad3315eee2a3a/scripts/generators/integrate_thermal_generators.py#L1594-L1655
Fuel Cell,25,ramp_limit_down,20,0.2,HOLD,native historical chronology parameter,Thermal code comment calls raw value %/hr and divides by100; independent raw-source unit/calibration mapping unresolved.,https://github.com/andrewlyden/PyPSA-GB/blob/8e084afe4fb2d4be86f270d3f12ad3315eee2a3a/data/generators/generator_data_by_fuel.csv#L25,https://github.com/andrewlyden/PyPSA-GB/blob/8e084afe4fb2d4be86f270d3f12ad3315eee2a3a/scripts/generators/integrate_thermal_generators.py#L1594-L1655
Fuel Cell,25,p_min_pu,20,not assigned by add_thermal_generators from this CSV field,HOLD,native historical chronology parameter,"CSV presence does not prove use: p_min/p_max, initial uptime and startup cost are not copied by this thermal function.",https://github.com/andrewlyden/PyPSA-GB/blob/8e084afe4fb2d4be86f270d3f12ad3315eee2a3a/data/generators/generator_data_by_fuel.csv#L25,https://github.com/andrewlyden/PyPSA-GB/blob/8e084afe4fb2d4be86f270d3f12ad3315eee2a3a/scripts/generators/integrate_thermal_generators.py#L1594-L1655
Fuel Cell,25,up_time_before,0,not assigned by add_thermal_generators from this CSV field,HOLD,native historical chronology parameter,"CSV presence does not prove use: p_min/p_max, initial uptime and startup cost are not copied by this thermal function.",https://github.com/andrewlyden/PyPSA-GB/blob/8e084afe4fb2d4be86f270d3f12ad3315eee2a3a/data/generators/generator_data_by_fuel.csv#L25,https://github.com/andrewlyden/PyPSA-GB/blob/8e084afe4fb2d4be86f270d3f12ad3315eee2a3a/scripts/generators/integrate_thermal_generators.py#L1594-L1655
Fuel Cell,25,start_up_cost,10,not assigned by add_thermal_generators from this CSV field,HOLD,native historical chronology parameter,"CSV presence does not prove use: p_min/p_max, initial uptime and startup cost are not copied by this thermal function.",https://github.com/andrewlyden/PyPSA-GB/blob/8e084afe4fb2d4be86f270d3f12ad3315eee2a3a/data/generators/generator_data_by_fuel.csv#L25,https://github.com/andrewlyden/PyPSA-GB/blob/8e084afe4fb2d4be86f270d3f12ad3315eee2a3a/scripts/generators/integrate_thermal_generators.py#L1594-L1655
Fuel Cell,25,p_max_pu,100,not assigned by add_thermal_generators from this CSV field,HOLD,native historical chronology parameter,"CSV presence does not prove use: p_min/p_max, initial uptime and startup cost are not copied by this thermal function.",https://github.com/andrewlyden/PyPSA-GB/blob/8e084afe4fb2d4be86f270d3f12ad3315eee2a3a/data/generators/generator_data_by_fuel.csv#L25,https://github.com/andrewlyden/PyPSA-GB/blob/8e084afe4fb2d4be86f270d3f12ad3315eee2a3a/scripts/generators/integrate_thermal_generators.py#L1594-L1655
CHP,26,committable,TRUE,TRUE only if exact normalized carrier key matches and thermal solve_mode is MILP,HOLD,native historical chronology parameter,LP explicitly disables UC; key normalization can prevent lookup; root config path differs from defaults.,https://github.com/andrewlyden/PyPSA-GB/blob/8e084afe4fb2d4be86f270d3f12ad3315eee2a3a/data/generators/generator_data_by_fuel.csv#L26,https://github.com/andrewlyden/PyPSA-GB/blob/8e084afe4fb2d4be86f270d3f12ad3315eee2a3a/scripts/generators/integrate_thermal_generators.py#L1594-L1655
CHP,26,min_up_time,200,200,HOLD,native historical chronology parameter,Thermal MILP code casts directly to int snapshots; CSV has no unit labels or time conversion; fractional part is truncated.,https://github.com/andrewlyden/PyPSA-GB/blob/8e084afe4fb2d4be86f270d3f12ad3315eee2a3a/data/generators/generator_data_by_fuel.csv#L26,https://github.com/andrewlyden/PyPSA-GB/blob/8e084afe4fb2d4be86f270d3f12ad3315eee2a3a/scripts/generators/integrate_thermal_generators.py#L1594-L1655
CHP,26,min_down_time,150,150,HOLD,native historical chronology parameter,Thermal MILP code casts directly to int snapshots; CSV has no unit labels or time conversion; fractional part is truncated.,https://github.com/andrewlyden/PyPSA-GB/blob/8e084afe4fb2d4be86f270d3f12ad3315eee2a3a/data/generators/generator_data_by_fuel.csv#L26,https://github.com/andrewlyden/PyPSA-GB/blob/8e084afe4fb2d4be86f270d3f12ad3315eee2a3a/scripts/generators/integrate_thermal_generators.py#L1594-L1655
CHP,26,ramp_limit_up,5.78,0.057800000000000004,HOLD,native historical chronology parameter,Thermal code comment calls raw value %/hr and divides by100; independent raw-source unit/calibration mapping unresolved.,https://github.com/andrewlyden/PyPSA-GB/blob/8e084afe4fb2d4be86f270d3f12ad3315eee2a3a/data/generators/generator_data_by_fuel.csv#L26,https://github.com/andrewlyden/PyPSA-GB/blob/8e084afe4fb2d4be86f270d3f12ad3315eee2a3a/scripts/generators/integrate_thermal_generators.py#L1594-L1655
CHP,26,ramp_limit_down,5.78,0.057800000000000004,HOLD,native historical chronology parameter,Thermal code comment calls raw value %/hr and divides by100; independent raw-source unit/calibration mapping unresolved.,https://github.com/andrewlyden/PyPSA-GB/blob/8e084afe4fb2d4be86f270d3f12ad3315eee2a3a/data/generators/generator_data_by_fuel.csv#L26,https://github.com/andrewlyden/PyPSA-GB/blob/8e084afe4fb2d4be86f270d3f12ad3315eee2a3a/scripts/generators/integrate_thermal_generators.py#L1594-L1655
CHP,26,p_min_pu,40,not assigned by add_thermal_generators from this CSV field,HOLD,native historical chronology parameter,"CSV presence does not prove use: p_min/p_max, initial uptime and startup cost are not copied by this thermal function.",https://github.com/andrewlyden/PyPSA-GB/blob/8e084afe4fb2d4be86f270d3f12ad3315eee2a3a/data/generators/generator_data_by_fuel.csv#L26,https://github.com/andrewlyden/PyPSA-GB/blob/8e084afe4fb2d4be86f270d3f12ad3315eee2a3a/scripts/generators/integrate_thermal_generators.py#L1594-L1655
CHP,26,up_time_before,0,not assigned by add_thermal_generators from this CSV field,HOLD,native historical chronology parameter,"CSV presence does not prove use: p_min/p_max, initial uptime and startup cost are not copied by this thermal function.",https://github.com/andrewlyden/PyPSA-GB/blob/8e084afe4fb2d4be86f270d3f12ad3315eee2a3a/data/generators/generator_data_by_fuel.csv#L26,https://github.com/andrewlyden/PyPSA-GB/blob/8e084afe4fb2d4be86f270d3f12ad3315eee2a3a/scripts/generators/integrate_thermal_generators.py#L1594-L1655
CHP,26,start_up_cost,30,not assigned by add_thermal_generators from this CSV field,HOLD,native historical chronology parameter,"CSV presence does not prove use: p_min/p_max, initial uptime and startup cost are not copied by this thermal function.",https://github.com/andrewlyden/PyPSA-GB/blob/8e084afe4fb2d4be86f270d3f12ad3315eee2a3a/data/generators/generator_data_by_fuel.csv#L26,https://github.com/andrewlyden/PyPSA-GB/blob/8e084afe4fb2d4be86f270d3f12ad3315eee2a3a/scripts/generators/integrate_thermal_generators.py#L1594-L1655
CHP,26,p_max_pu,100,not assigned by add_thermal_generators from this CSV field,HOLD,native historical chronology parameter,"CSV presence does not prove use: p_min/p_max, initial uptime and startup cost are not copied by this thermal function.",https://github.com/andrewlyden/PyPSA-GB/blob/8e084afe4fb2d4be86f270d3f12ad3315eee2a3a/data/generators/generator_data_by_fuel.csv#L26,https://github.com/andrewlyden/PyPSA-GB/blob/8e084afe4fb2d4be86f270d3f12ad3315eee2a3a/scripts/generators/integrate_thermal_generators.py#L1594-L1655
Micro CHP,27,committable,FALSE,FALSE only if exact normalized carrier key matches and thermal solve_mode is MILP,HOLD,native historical chronology parameter,LP explicitly disables UC; key normalization can prevent lookup; root config path differs from defaults.,https://github.com/andrewlyden/PyPSA-GB/blob/8e084afe4fb2d4be86f270d3f12ad3315eee2a3a/data/generators/generator_data_by_fuel.csv#L27,https://github.com/andrewlyden/PyPSA-GB/blob/8e084afe4fb2d4be86f270d3f12ad3315eee2a3a/scripts/generators/integrate_thermal_generators.py#L1594-L1655
Micro CHP,27,min_up_time,60,60,HOLD,native historical chronology parameter,Thermal MILP code casts directly to int snapshots; CSV has no unit labels or time conversion; fractional part is truncated.,https://github.com/andrewlyden/PyPSA-GB/blob/8e084afe4fb2d4be86f270d3f12ad3315eee2a3a/data/generators/generator_data_by_fuel.csv#L27,https://github.com/andrewlyden/PyPSA-GB/blob/8e084afe4fb2d4be86f270d3f12ad3315eee2a3a/scripts/generators/integrate_thermal_generators.py#L1594-L1655
Micro CHP,27,min_down_time,30,30,HOLD,native historical chronology parameter,Thermal MILP code casts directly to int snapshots; CSV has no unit labels or time conversion; fractional part is truncated.,https://github.com/andrewlyden/PyPSA-GB/blob/8e084afe4fb2d4be86f270d3f12ad3315eee2a3a/data/generators/generator_data_by_fuel.csv#L27,https://github.com/andrewlyden/PyPSA-GB/blob/8e084afe4fb2d4be86f270d3f12ad3315eee2a3a/scripts/generators/integrate_thermal_generators.py#L1594-L1655
Micro CHP,27,ramp_limit_up,20,0.2,HOLD,native historical chronology parameter,Thermal code comment calls raw value %/hr and divides by100; independent raw-source unit/calibration mapping unresolved.,https://github.com/andrewlyden/PyPSA-GB/blob/8e084afe4fb2d4be86f270d3f12ad3315eee2a3a/data/generators/generator_data_by_fuel.csv#L27,https://github.com/andrewlyden/PyPSA-GB/blob/8e084afe4fb2d4be86f270d3f12ad3315eee2a3a/scripts/generators/integrate_thermal_generators.py#L1594-L1655
Micro CHP,27,ramp_limit_down,20,0.2,HOLD,native historical chronology parameter,Thermal code comment calls raw value %/hr and divides by100; independent raw-source unit/calibration mapping unresolved.,https://github.com/andrewlyden/PyPSA-GB/blob/8e084afe4fb2d4be86f270d3f12ad3315eee2a3a/data/generators/generator_data_by_fuel.csv#L27,https://github.com/andrewlyden/PyPSA-GB/blob/8e084afe4fb2d4be86f270d3f12ad3315eee2a3a/scripts/generators/integrate_thermal_generators.py#L1594-L1655
Micro CHP,27,p_min_pu,20,not assigned by add_thermal_generators from this CSV field,HOLD,native historical chronology parameter,"CSV presence does not prove use: p_min/p_max, initial uptime and startup cost are not copied by this thermal function.",https://github.com/andrewlyden/PyPSA-GB/blob/8e084afe4fb2d4be86f270d3f12ad3315eee2a3a/data/generators/generator_data_by_fuel.csv#L27,https://github.com/andrewlyden/PyPSA-GB/blob/8e084afe4fb2d4be86f270d3f12ad3315eee2a3a/scripts/generators/integrate_thermal_generators.py#L1594-L1655
Micro CHP,27,up_time_before,0,not assigned by add_thermal_generators from this CSV field,HOLD,native historical chronology parameter,"CSV presence does not prove use: p_min/p_max, initial uptime and startup cost are not copied by this thermal function.",https://github.com/andrewlyden/PyPSA-GB/blob/8e084afe4fb2d4be86f270d3f12ad3315eee2a3a/data/generators/generator_data_by_fuel.csv#L27,https://github.com/andrewlyden/PyPSA-GB/blob/8e084afe4fb2d4be86f270d3f12ad3315eee2a3a/scripts/generators/integrate_thermal_generators.py#L1594-L1655
Micro CHP,27,start_up_cost,5,not assigned by add_thermal_generators from this CSV field,HOLD,native historical chronology parameter,"CSV presence does not prove use: p_min/p_max, initial uptime and startup cost are not copied by this thermal function.",https://github.com/andrewlyden/PyPSA-GB/blob/8e084afe4fb2d4be86f270d3f12ad3315eee2a3a/data/generators/generator_data_by_fuel.csv#L27,https://github.com/andrewlyden/PyPSA-GB/blob/8e084afe4fb2d4be86f270d3f12ad3315eee2a3a/scripts/generators/integrate_thermal_generators.py#L1594-L1655
Micro CHP,27,p_max_pu,100,not assigned by add_thermal_generators from this CSV field,HOLD,native historical chronology parameter,"CSV presence does not prove use: p_min/p_max, initial uptime and startup cost are not copied by this thermal function.",https://github.com/andrewlyden/PyPSA-GB/blob/8e084afe4fb2d4be86f270d3f12ad3315eee2a3a/data/generators/generator_data_by_fuel.csv#L27,https://github.com/andrewlyden/PyPSA-GB/blob/8e084afe4fb2d4be86f270d3f12ad3315eee2a3a/scripts/generators/integrate_thermal_generators.py#L1594-L1655
Gas Engine,28,committable,TRUE,TRUE only if exact normalized carrier key matches and thermal solve_mode is MILP,HOLD,native historical chronology parameter,LP explicitly disables UC; key normalization can prevent lookup; root config path differs from defaults.,https://github.com/andrewlyden/PyPSA-GB/blob/8e084afe4fb2d4be86f270d3f12ad3315eee2a3a/data/generators/generator_data_by_fuel.csv#L28,https://github.com/andrewlyden/PyPSA-GB/blob/8e084afe4fb2d4be86f270d3f12ad3315eee2a3a/scripts/generators/integrate_thermal_generators.py#L1594-L1655
Gas Engine,28,min_up_time,60,60,HOLD,native historical chronology parameter,Thermal MILP code casts directly to int snapshots; CSV has no unit labels or time conversion; fractional part is truncated.,https://github.com/andrewlyden/PyPSA-GB/blob/8e084afe4fb2d4be86f270d3f12ad3315eee2a3a/data/generators/generator_data_by_fuel.csv#L28,https://github.com/andrewlyden/PyPSA-GB/blob/8e084afe4fb2d4be86f270d3f12ad3315eee2a3a/scripts/generators/integrate_thermal_generators.py#L1594-L1655
Gas Engine,28,min_down_time,30,30,HOLD,native historical chronology parameter,Thermal MILP code casts directly to int snapshots; CSV has no unit labels or time conversion; fractional part is truncated.,https://github.com/andrewlyden/PyPSA-GB/blob/8e084afe4fb2d4be86f270d3f12ad3315eee2a3a/data/generators/generator_data_by_fuel.csv#L28,https://github.com/andrewlyden/PyPSA-GB/blob/8e084afe4fb2d4be86f270d3f12ad3315eee2a3a/scripts/generators/integrate_thermal_generators.py#L1594-L1655
Gas Engine,28,ramp_limit_up,20,0.2,HOLD,native historical chronology parameter,Thermal code comment calls raw value %/hr and divides by100; independent raw-source unit/calibration mapping unresolved.,https://github.com/andrewlyden/PyPSA-GB/blob/8e084afe4fb2d4be86f270d3f12ad3315eee2a3a/data/generators/generator_data_by_fuel.csv#L28,https://github.com/andrewlyden/PyPSA-GB/blob/8e084afe4fb2d4be86f270d3f12ad3315eee2a3a/scripts/generators/integrate_thermal_generators.py#L1594-L1655
Gas Engine,28,ramp_limit_down,20,0.2,HOLD,native historical chronology parameter,Thermal code comment calls raw value %/hr and divides by100; independent raw-source unit/calibration mapping unresolved.,https://github.com/andrewlyden/PyPSA-GB/blob/8e084afe4fb2d4be86f270d3f12ad3315eee2a3a/data/generators/generator_data_by_fuel.csv#L28,https://github.com/andrewlyden/PyPSA-GB/blob/8e084afe4fb2d4be86f270d3f12ad3315eee2a3a/scripts/generators/integrate_thermal_generators.py#L1594-L1655
Gas Engine,28,p_min_pu,20,not assigned by add_thermal_generators from this CSV field,HOLD,native historical chronology parameter,"CSV presence does not prove use: p_min/p_max, initial uptime and startup cost are not copied by this thermal function.",https://github.com/andrewlyden/PyPSA-GB/blob/8e084afe4fb2d4be86f270d3f12ad3315eee2a3a/data/generators/generator_data_by_fuel.csv#L28,https://github.com/andrewlyden/PyPSA-GB/blob/8e084afe4fb2d4be86f270d3f12ad3315eee2a3a/scripts/generators/integrate_thermal_generators.py#L1594-L1655
Gas Engine,28,up_time_before,0,not assigned by add_thermal_generators from this CSV field,HOLD,native historical chronology parameter,"CSV presence does not prove use: p_min/p_max, initial uptime and startup cost are not copied by this thermal function.",https://github.com/andrewlyden/PyPSA-GB/blob/8e084afe4fb2d4be86f270d3f12ad3315eee2a3a/data/generators/generator_data_by_fuel.csv#L28,https://github.com/andrewlyden/PyPSA-GB/blob/8e084afe4fb2d4be86f270d3f12ad3315eee2a3a/scripts/generators/integrate_thermal_generators.py#L1594-L1655
Gas Engine,28,start_up_cost,10,not assigned by add_thermal_generators from this CSV field,HOLD,native historical chronology parameter,"CSV presence does not prove use: p_min/p_max, initial uptime and startup cost are not copied by this thermal function.",https://github.com/andrewlyden/PyPSA-GB/blob/8e084afe4fb2d4be86f270d3f12ad3315eee2a3a/data/generators/generator_data_by_fuel.csv#L28,https://github.com/andrewlyden/PyPSA-GB/blob/8e084afe4fb2d4be86f270d3f12ad3315eee2a3a/scripts/generators/integrate_thermal_generators.py#L1594-L1655
Gas Engine,28,p_max_pu,100,not assigned by add_thermal_generators from this CSV field,HOLD,native historical chronology parameter,"CSV presence does not prove use: p_min/p_max, initial uptime and startup cost are not copied by this thermal function.",https://github.com/andrewlyden/PyPSA-GB/blob/8e084afe4fb2d4be86f270d3f12ad3315eee2a3a/data/generators/generator_data_by_fuel.csv#L28,https://github.com/andrewlyden/PyPSA-GB/blob/8e084afe4fb2d4be86f270d3f12ad3315eee2a3a/scripts/generators/integrate_thermal_generators.py#L1594-L1655
Geothermal,29,committable,FALSE,FALSE only if exact normalized carrier key matches and thermal solve_mode is MILP,HOLD,native historical chronology parameter,LP explicitly disables UC; key normalization can prevent lookup; root config path differs from defaults.,https://github.com/andrewlyden/PyPSA-GB/blob/8e084afe4fb2d4be86f270d3f12ad3315eee2a3a/data/generators/generator_data_by_fuel.csv#L29,https://github.com/andrewlyden/PyPSA-GB/blob/8e084afe4fb2d4be86f270d3f12ad3315eee2a3a/scripts/generators/integrate_thermal_generators.py#L1594-L1655
Geothermal,29,min_up_time,0,0,HOLD,native historical chronology parameter,Thermal MILP code casts directly to int snapshots; CSV has no unit labels or time conversion; fractional part is truncated.,https://github.com/andrewlyden/PyPSA-GB/blob/8e084afe4fb2d4be86f270d3f12ad3315eee2a3a/data/generators/generator_data_by_fuel.csv#L29,https://github.com/andrewlyden/PyPSA-GB/blob/8e084afe4fb2d4be86f270d3f12ad3315eee2a3a/scripts/generators/integrate_thermal_generators.py#L1594-L1655
Geothermal,29,min_down_time,0,0,HOLD,native historical chronology parameter,Thermal MILP code casts directly to int snapshots; CSV has no unit labels or time conversion; fractional part is truncated.,https://github.com/andrewlyden/PyPSA-GB/blob/8e084afe4fb2d4be86f270d3f12ad3315eee2a3a/data/generators/generator_data_by_fuel.csv#L29,https://github.com/andrewlyden/PyPSA-GB/blob/8e084afe4fb2d4be86f270d3f12ad3315eee2a3a/scripts/generators/integrate_thermal_generators.py#L1594-L1655
Geothermal,29,ramp_limit_up,999,1.0,HOLD,native historical chronology parameter,Thermal code comment calls raw value %/hr and divides by100; independent raw-source unit/calibration mapping unresolved.,https://github.com/andrewlyden/PyPSA-GB/blob/8e084afe4fb2d4be86f270d3f12ad3315eee2a3a/data/generators/generator_data_by_fuel.csv#L29,https://github.com/andrewlyden/PyPSA-GB/blob/8e084afe4fb2d4be86f270d3f12ad3315eee2a3a/scripts/generators/integrate_thermal_generators.py#L1594-L1655
Geothermal,29,ramp_limit_down,999,1.0,HOLD,native historical chronology parameter,Thermal code comment calls raw value %/hr and divides by100; independent raw-source unit/calibration mapping unresolved.,https://github.com/andrewlyden/PyPSA-GB/blob/8e084afe4fb2d4be86f270d3f12ad3315eee2a3a/data/generators/generator_data_by_fuel.csv#L29,https://github.com/andrewlyden/PyPSA-GB/blob/8e084afe4fb2d4be86f270d3f12ad3315eee2a3a/scripts/generators/integrate_thermal_generators.py#L1594-L1655
Geothermal,29,p_min_pu,0,not assigned by add_thermal_generators from this CSV field,HOLD,native historical chronology parameter,"CSV presence does not prove use: p_min/p_max, initial uptime and startup cost are not copied by this thermal function.",https://github.com/andrewlyden/PyPSA-GB/blob/8e084afe4fb2d4be86f270d3f12ad3315eee2a3a/data/generators/generator_data_by_fuel.csv#L29,https://github.com/andrewlyden/PyPSA-GB/blob/8e084afe4fb2d4be86f270d3f12ad3315eee2a3a/scripts/generators/integrate_thermal_generators.py#L1594-L1655
Geothermal,29,up_time_before,0,not assigned by add_thermal_generators from this CSV field,HOLD,native historical chronology parameter,"CSV presence does not prove use: p_min/p_max, initial uptime and startup cost are not copied by this thermal function.",https://github.com/andrewlyden/PyPSA-GB/blob/8e084afe4fb2d4be86f270d3f12ad3315eee2a3a/data/generators/generator_data_by_fuel.csv#L29,https://github.com/andrewlyden/PyPSA-GB/blob/8e084afe4fb2d4be86f270d3f12ad3315eee2a3a/scripts/generators/integrate_thermal_generators.py#L1594-L1655
Geothermal,29,start_up_cost,0,not assigned by add_thermal_generators from this CSV field,HOLD,native historical chronology parameter,"CSV presence does not prove use: p_min/p_max, initial uptime and startup cost are not copied by this thermal function.",https://github.com/andrewlyden/PyPSA-GB/blob/8e084afe4fb2d4be86f270d3f12ad3315eee2a3a/data/generators/generator_data_by_fuel.csv#L29,https://github.com/andrewlyden/PyPSA-GB/blob/8e084afe4fb2d4be86f270d3f12ad3315eee2a3a/scripts/generators/integrate_thermal_generators.py#L1594-L1655
Geothermal,29,p_max_pu,90,not assigned by add_thermal_generators from this CSV field,HOLD,native historical chronology parameter,"CSV presence does not prove use: p_min/p_max, initial uptime and startup cost are not copied by this thermal function.",https://github.com/andrewlyden/PyPSA-GB/blob/8e084afe4fb2d4be86f270d3f12ad3315eee2a3a/data/generators/generator_data_by_fuel.csv#L29,https://github.com/andrewlyden/PyPSA-GB/blob/8e084afe4fb2d4be86f270d3f12ad3315eee2a3a/scripts/generators/integrate_thermal_generators.py#L1594-L1655
Marine,30,committable,FALSE,FALSE only if exact normalized carrier key matches and thermal solve_mode is MILP,HOLD,native historical chronology parameter,LP explicitly disables UC; key normalization can prevent lookup; root config path differs from defaults.,https://github.com/andrewlyden/PyPSA-GB/blob/8e084afe4fb2d4be86f270d3f12ad3315eee2a3a/data/generators/generator_data_by_fuel.csv#L30,https://github.com/andrewlyden/PyPSA-GB/blob/8e084afe4fb2d4be86f270d3f12ad3315eee2a3a/scripts/generators/integrate_thermal_generators.py#L1594-L1655
Marine,30,min_up_time,0,0,HOLD,native historical chronology parameter,Thermal MILP code casts directly to int snapshots; CSV has no unit labels or time conversion; fractional part is truncated.,https://github.com/andrewlyden/PyPSA-GB/blob/8e084afe4fb2d4be86f270d3f12ad3315eee2a3a/data/generators/generator_data_by_fuel.csv#L30,https://github.com/andrewlyden/PyPSA-GB/blob/8e084afe4fb2d4be86f270d3f12ad3315eee2a3a/scripts/generators/integrate_thermal_generators.py#L1594-L1655
Marine,30,min_down_time,0,0,HOLD,native historical chronology parameter,Thermal MILP code casts directly to int snapshots; CSV has no unit labels or time conversion; fractional part is truncated.,https://github.com/andrewlyden/PyPSA-GB/blob/8e084afe4fb2d4be86f270d3f12ad3315eee2a3a/data/generators/generator_data_by_fuel.csv#L30,https://github.com/andrewlyden/PyPSA-GB/blob/8e084afe4fb2d4be86f270d3f12ad3315eee2a3a/scripts/generators/integrate_thermal_generators.py#L1594-L1655
Marine,30,ramp_limit_up,999,1.0,HOLD,native historical chronology parameter,Thermal code comment calls raw value %/hr and divides by100; independent raw-source unit/calibration mapping unresolved.,https://github.com/andrewlyden/PyPSA-GB/blob/8e084afe4fb2d4be86f270d3f12ad3315eee2a3a/data/generators/generator_data_by_fuel.csv#L30,https://github.com/andrewlyden/PyPSA-GB/blob/8e084afe4fb2d4be86f270d3f12ad3315eee2a3a/scripts/generators/integrate_thermal_generators.py#L1594-L1655
Marine,30,ramp_limit_down,999,1.0,HOLD,native historical chronology parameter,Thermal code comment calls raw value %/hr and divides by100; independent raw-source unit/calibration mapping unresolved.,https://github.com/andrewlyden/PyPSA-GB/blob/8e084afe4fb2d4be86f270d3f12ad3315eee2a3a/data/generators/generator_data_by_fuel.csv#L30,https://github.com/andrewlyden/PyPSA-GB/blob/8e084afe4fb2d4be86f270d3f12ad3315eee2a3a/scripts/generators/integrate_thermal_generators.py#L1594-L1655
Marine,30,p_min_pu,0,not assigned by add_thermal_generators from this CSV field,HOLD,native historical chronology parameter,"CSV presence does not prove use: p_min/p_max, initial uptime and startup cost are not copied by this thermal function.",https://github.com/andrewlyden/PyPSA-GB/blob/8e084afe4fb2d4be86f270d3f12ad3315eee2a3a/data/generators/generator_data_by_fuel.csv#L30,https://github.com/andrewlyden/PyPSA-GB/blob/8e084afe4fb2d4be86f270d3f12ad3315eee2a3a/scripts/generators/integrate_thermal_generators.py#L1594-L1655
Marine,30,up_time_before,0,not assigned by add_thermal_generators from this CSV field,HOLD,native historical chronology parameter,"CSV presence does not prove use: p_min/p_max, initial uptime and startup cost are not copied by this thermal function.",https://github.com/andrewlyden/PyPSA-GB/blob/8e084afe4fb2d4be86f270d3f12ad3315eee2a3a/data/generators/generator_data_by_fuel.csv#L30,https://github.com/andrewlyden/PyPSA-GB/blob/8e084afe4fb2d4be86f270d3f12ad3315eee2a3a/scripts/generators/integrate_thermal_generators.py#L1594-L1655
Marine,30,start_up_cost,0,not assigned by add_thermal_generators from this CSV field,HOLD,native historical chronology parameter,"CSV presence does not prove use: p_min/p_max, initial uptime and startup cost are not copied by this thermal function.",https://github.com/andrewlyden/PyPSA-GB/blob/8e084afe4fb2d4be86f270d3f12ad3315eee2a3a/data/generators/generator_data_by_fuel.csv#L30,https://github.com/andrewlyden/PyPSA-GB/blob/8e084afe4fb2d4be86f270d3f12ad3315eee2a3a/scripts/generators/integrate_thermal_generators.py#L1594-L1655
Marine,30,p_max_pu,100,not assigned by add_thermal_generators from this CSV field,HOLD,native historical chronology parameter,"CSV presence does not prove use: p_min/p_max, initial uptime and startup cost are not copied by this thermal function.",https://github.com/andrewlyden/PyPSA-GB/blob/8e084afe4fb2d4be86f270d3f12ad3315eee2a3a/data/generators/generator_data_by_fuel.csv#L30,https://github.com/andrewlyden/PyPSA-GB/blob/8e084afe4fb2d4be86f270d3f12ad3315eee2a3a/scripts/generators/integrate_thermal_generators.py#L1594-L1655
