bmUnit,settlementPeriod,settlementRunType,quantity,average_MW
T_BHLAW-1,1,DF,-0.506,-1.012
T_BPGRD-1,1,DF,-34.353,-68.706
T_CARR-1,1,DF,-0.8,-1.6
T_CARR-2,1,DF,-0.2,-0.4
T_CDCL-1,1,DF,-1.53,-3.06
T_CNQPS-1,1,DF,-2.205,-4.41
T_CNQPS-2,1,DF,-2.331,-4.662
T_CNQPS-3,1,DF,-2.079,-4.158
T_COSO-1,1,DF,-0.9400000000000001,-1.8800000000000001
T_CRGHD-1,1,DF,-0.004,-0.008
T_DAMC-1,1,DF,-0.65,-1.3
T_DIDCB5,1,DF,-1.9,-3.8
T_DIDCB6,1,DF,-1.0,-2.0
T_DINO-1,1,DF,-0.7000000000000001,-1.4000000000000001
T_DINO-2,1,DF,-140.7,-281.4
T_DINO-3,1,DF,-148.5,-297.0
T_DINO-5,1,DF,-142.8,-285.6
T_DINO-6,1,DF,-123.95,-247.9
T_DOREW-1,1,DF,-0.262,-0.524
T_DOREW-2,1,DF,-0.196,-0.392
T_EECL-1,1,DF,-0.36,-0.72
T_FASN-2,1,DF,-0.001,-0.002
T_FFES-1,1,DF,-36.733,-73.466
T_FFES-2,1,DF,-36.653,-73.306
T_FFES-3,1,DF,-0.8200000000000001,-1.6400000000000001
T_FFES-4,1,DF,-37.08,-74.16
T_FOYE-1,1,DF,-76.55,-153.1
T_FOYE-2,1,DF,-30.35,-60.7
T_FOYED-1,1,DF,-0.41300000000000003,-0.8260000000000001
T_GLNDO-1,1,DF,-0.021,-0.042
T_GRAI-6,1,DF,-0.35000000000000003,-0.7000000000000001
T_GYMRD-16,1,DF,-0.001,-0.002
T_GYMRD-E11,1,DF,-0.002,-0.004
T_GYMRD-W11,1,DF,-0.003,-0.006
T_HALSW-1,1,DF,-0.113,-0.226
T_HEYM2-D,1,DF,-26.636,-53.272
T_HMGTO-2,1,DF,-0.359,-0.718
T_HUMRD-1,1,DF,-25.58,-51.16
T_INDQ-1,1,DF,-1.195,-2.39
T_KEAD-1,1,DF,-2.02,-4.04
T_KEAD-2,1,DF,-0.421,-0.842
T_KEADGT-3,1,DF,-0.08,-0.16
T_KILLPG-1,1,DF,-0.422,-0.844
T_KILLPG-2,1,DF,-0.316,-0.632
T_LAGA-1,1,DF,-0.7000000000000001,-1.4000000000000001
T_LBAR-1,1,DF,-1.06,-2.12
T_LBAR-1G,1,DF,-0.04,-0.08
T_MEDP-1,1,DF,-1.7469999999999999,-3.4939999999999998
T_MRWD-1,1,DF,-2.4,-4.8
T_PEMB-11,1,DF,-1.0,-2.0
T_PEMB-21,1,DF,-0.3,-0.6
T_PEMB-31,1,DF,-0.35000000000000003,-0.7000000000000001
T_PEMB-41,1,DF,-0.3,-0.6
T_PNYCB-1,1,DF,-0.19,-0.38
T_ROCK-1,1,DF,-1.1,-2.2
T_RYHPS-1,1,DF,-0.803,-1.606
T_SCCL-3,1,DF,-0.4,-0.8
T_SCCL-4,1,DF,-28.98,-57.96
T_SEAB-2,1,DF,-1.5230000000000001,-3.0460000000000003
T_SEEL-1,1,DF,-0.133,-0.266
T_SHBA-1,1,DF,-1.466,-2.932
T_SHBA-2,1,DF,-0.776,-1.552
T_SPLN-1,1,DF,-1.35,-2.7
T_STAY-1,1,DF,-0.4,-0.8
T_STAY-3,1,DF,-0.35000000000000003,-0.7000000000000001
T_STAY-4,1,DF,-0.35000000000000003,-0.7000000000000001
T_STRNW-1,1,DF,-0.151,-0.302
T_SUTB-1,1,DF,-0.2,-0.4
T_SVRP-10,1,DF,-0.35000000000000003,-0.7000000000000001
T_SVRP-20,1,DF,-0.2,-0.4
T_TORN-D,1,DF,-16.444,-32.888
T_TSREP-1,1,DF,-0.881,-1.762
T_WBURB-1,1,DF,-1.306,-2.612
T_WBURB-41,1,DF,-0.594,-1.188
T_WBURB-43,1,DF,-0.56,-1.12
T_BHLAW-1,2,DF,-0.512,-1.024
T_BPGRD-1,2,DF,-34.314,-68.628
T_CARR-1,2,DF,-0.9,-1.8
T_CARR-2,2,DF,-0.3,-0.6
T_CDCL-1,2,DF,-1.53,-3.06
T_CNQPS-1,2,DF,-2.646,-5.292
T_CNQPS-2,2,DF,-2.394,-4.788
T_CNQPS-3,2,DF,-2.079,-4.158
T_COSO-1,2,DF,-1.037,-2.074
T_CRGHD-1,2,DF,-0.004,-0.008
T_DAMC-1,2,DF,-0.655,-1.31
T_DIDCB5,2,DF,-1.4,-2.8
T_DIDCB6,2,DF,-1.05,-2.1
T_DINO-1,2,DF,-0.7000000000000001,-1.4000000000000001
T_DINO-2,2,DF,-139.9,-279.8
T_DINO-3,2,DF,-147.75,-295.5
T_DINO-5,2,DF,-141.95,-283.9
T_DINO-6,2,DF,-140.6,-281.2
T_DOREW-1,2,DF,-0.259,-0.518
T_DOREW-2,2,DF,-0.194,-0.388
T_EECL-1,2,DF,-0.432,-0.864
T_FASN-2,2,DF,-0.001,-0.002
T_FFES-1,2,DF,-36.634,-73.268
T_FFES-2,2,DF,-36.574,-73.148
T_FFES-3,2,DF,-0.81,-1.62
T_FFES-4,2,DF,-36.97,-73.94
T_FOYE-1,2,DF,-1.1,-2.2
T_FOYED-1,2,DF,-0.09,-0.18
T_GLNDO-1,2,DF,-0.021,-0.042
T_GRAI-6,2,DF,-0.35000000000000003,-0.7000000000000001
T_GYMRD-16,2,DF,-0.001,-0.002
T_GYMRD-E11,2,DF,-0.002,-0.004
T_GYMRD-W11,2,DF,-0.003,-0.006
T_HALSW-1,2,DF,-0.114,-0.228
T_HEYM2-D,2,DF,-26.588,-53.176
T_HMGTO-2,2,DF,-0.355,-0.71
T_HUMRD-1,2,DF,-25.901,-51.802
T_INDQ-1,2,DF,-1.175,-2.35
T_KEAD-1,2,DF,-2.07,-4.14
T_KEAD-2,2,DF,-0.40900000000000003,-0.8180000000000001
T_KEADGT-3,2,DF,-0.08,-0.16
T_KILLPG-1,2,DF,-0.423,-0.846
T_KILLPG-2,2,DF,-0.32,-0.64
T_LAGA-1,2,DF,-0.7000000000000001,-1.4000000000000001
T_LBAR-1,2,DF,-1.01,-2.02
T_LBAR-1G,2,DF,-0.04,-0.08
T_MEDP-1,2,DF,-1.766,-3.532
T_MRWD-1,2,DF,-2.3,-4.6
T_PEMB-11,2,DF,-1.0,-2.0
T_PEMB-21,2,DF,-0.35000000000000003,-0.7000000000000001
T_PEMB-31,2,DF,-0.3,-0.6
T_PEMB-41,2,DF,-0.25,-0.5
T_PNYCB-1,2,DF,-0.035,-0.07
T_ROCK-1,2,DF,-1.2,-2.4
T_RYHPS-1,2,DF,-0.77,-1.54
T_SCCL-3,2,DF,-0.35000000000000003,-0.7000000000000001
T_SCCL-4,2,DF,-29.01,-58.02
T_SEAB-2,2,DF,-1.462,-2.924
T_SEEL-1,2,DF,-0.128,-0.256
T_SHBA-1,2,DF,-1.461,-2.922
T_SHBA-2,2,DF,-0.776,-1.552
T_SPLN-1,2,DF,-1.25,-2.5
T_STAY-1,2,DF,-0.4,-0.8
T_STAY-3,2,DF,-0.4,-0.8
T_STAY-4,2,DF,-0.35000000000000003,-0.7000000000000001
T_STRNW-1,2,DF,-0.153,-0.306
T_SUTB-1,2,DF,-0.2,-0.4
T_SVRP-10,2,DF,-0.3,-0.6
T_SVRP-20,2,DF,-0.2,-0.4
T_TORN-D,2,DF,-16.432,-32.864
T_TSREP-1,2,DF,-0.866,-1.732
T_WBURB-1,2,DF,-1.45,-2.9
T_WBURB-41,2,DF,-0.1,-0.2
T_WBURB-43,2,DF,-0.063,-0.126
T_BHLAW-1,3,DF,-0.507,-1.014
T_BPGRD-1,3,DF,-34.371,-68.742
T_CARR-1,3,DF,-0.9,-1.8
T_CARR-2,3,DF,-0.3,-0.6
T_CDCL-1,3,DF,-1.44,-2.88
T_CNQPS-1,3,DF,-2.709,-5.418
T_CNQPS-2,3,DF,-2.457,-4.914
T_CNQPS-3,3,DF,-2.079,-4.158
T_COSO-1,3,DF,-0.99,-1.98
T_CRGHD-1,3,DF,-0.004,-0.008
T_DAMC-1,3,DF,-0.675,-1.35
T_DIDCB5,3,DF,-1.3,-2.6
T_DIDCB6,3,DF,-1.05,-2.1
T_DINO-1,3,DF,-0.7000000000000001,-1.4000000000000001
T_DINO-2,3,DF,-139.7,-279.4
T_DINO-3,3,DF,-147.65,-295.3
T_DINO-5,3,DF,-141.75,-283.5
T_DINO-6,3,DF,-140.35,-280.7
T_DOREW-1,3,DF,-0.261,-0.522
T_DOREW-2,3,DF,-0.195,-0.39
T_EECL-1,3,DF,-0.36,-0.72
T_FASN-2,3,DF,-0.001,-0.002
T_FFES-1,3,DF,-36.673,-73.346
T_FFES-2,3,DF,-36.593,-73.186
T_FFES-3,3,DF,-0.81,-1.62
T_FFES-4,3,DF,-37.0,-74.0
T_FOYE-1,3,DF,-0.15,-0.3
T_FOYED-1,3,DF,-0.437,-0.874
T_GLNDO-1,3,DF,-0.021,-0.042
T_GRAI-6,3,DF,-0.35000000000000003,-0.7000000000000001
T_GYMRD-16,3,DF,-0.001,-0.002
T_GYMRD-E11,3,DF,-0.003,-0.006
T_GYMRD-W11,3,DF,-0.003,-0.006
T_HALSW-1,3,DF,-0.117,-0.234
T_HEYM2-D,3,DF,-26.696,-53.392
T_HMGTO-2,3,DF,-0.364,-0.728
T_HUMRD-1,3,DF,-26.272,-52.544
T_INDQ-1,3,DF,-1.195,-2.39
T_KEAD-1,3,DF,-2.015,-4.03
T_KEAD-2,3,DF,-0.41200000000000003,-0.8240000000000001
T_KEADGT-3,3,DF,-0.085,-0.17
T_KILLPG-1,3,DF,-0.419,-0.838
T_KILLPG-2,3,DF,-0.313,-0.626
T_LAGA-1,3,DF,-0.7000000000000001,-1.4000000000000001
T_LBAR-1,3,DF,-1.06,-2.12
T_LBAR-1G,3,DF,-0.04,-0.08
T_MEDP-1,3,DF,-1.806,-3.612
T_MRWD-1,3,DF,-2.3,-4.6
T_PEMB-11,3,DF,-1.5,-3.0
T_PEMB-21,3,DF,-0.3,-0.6
T_PEMB-31,3,DF,-0.9,-1.8
T_PEMB-41,3,DF,-0.3,-0.6
T_PNYCB-1,3,DF,-0.97,-1.94
T_ROCK-1,3,DF,-1.1,-2.2
T_RYHPS-1,3,DF,-0.805,-1.61
T_SCCL-3,3,DF,-0.4,-0.8
T_SCCL-4,3,DF,-29.06,-58.12
T_SEAB-2,3,DF,-1.349,-2.698
T_SEEL-1,3,DF,-0.133,-0.266
T_SHBA-1,3,DF,-1.464,-2.928
T_SHBA-2,3,DF,-0.784,-1.568
T_SPLN-1,3,DF,-1.3,-2.6
T_STAY-1,3,DF,-0.4,-0.8
T_STAY-3,3,DF,-0.35000000000000003,-0.7000000000000001
T_STAY-4,3,DF,-0.4,-0.8
T_STRNW-1,3,DF,-0.151,-0.302
T_SUTB-1,3,DF,-0.3,-0.6
T_SVRP-10,3,DF,-0.35000000000000003,-0.7000000000000001
T_SVRP-20,3,DF,-0.2,-0.4
T_TORN-D,3,DF,-16.532,-33.064
T_TSREP-1,3,DF,-0.877,-1.754
T_WBURB-1,3,DF,-1.6840000000000002,-3.3680000000000003
T_WBURB-41,3,DF,-0.216,-0.432
T_WBURB-43,3,DF,-0.14400000000000002,-0.28800000000000003
T_BHLAW-1,4,DF,-0.499,-0.998
T_BPGRD-1,4,DF,-34.095,-68.19
T_CARR-1,4,DF,-0.9,-1.8
T_CARR-2,4,DF,-0.4,-0.8
T_CDCL-1,4,DF,-1.53,-3.06
T_CNQPS-1,4,DF,-2.709,-5.418
T_CNQPS-2,4,DF,-2.394,-4.788
T_CNQPS-3,4,DF,-2.142,-4.284
T_COSO-1,4,DF,-0.989,-1.978
T_CRGHD-1,4,DF,-0.004,-0.008
T_DAMC-1,4,DF,-0.64,-1.28
T_DIDCB5,4,DF,-1.35,-2.7
T_DIDCB6,4,DF,-1.05,-2.1
T_DINO-1,4,DF,-0.7000000000000001,-1.4000000000000001
T_DINO-2,4,DF,-138.2,-276.4
T_DINO-3,4,DF,-146.45,-292.9
T_DINO-5,4,DF,-140.3,-280.6
T_DINO-6,4,DF,-138.8,-277.6
T_EECL-1,4,DF,-0.432,-0.864
T_FASN-2,4,DF,-0.001,-0.002
T_FFES-1,4,DF,-36.464,-72.928
T_FFES-2,4,DF,-36.403,-72.806
T_FFES-3,4,DF,-0.81,-1.62
T_FFES-4,4,DF,-36.79,-73.58
T_FOYE-1,4,DF,-75.3,-150.6
T_FOYED-1,4,DF,-0.331,-0.662
T_GLNDO-1,4,DF,-0.021,-0.042
T_GRAI-6,4,DF,-0.4,-0.8
T_GYMRD-16,4,DF,-0.001,-0.002
T_GYMRD-E11,4,DF,-0.002,-0.004
T_GYMRD-W11,4,DF,-0.002,-0.004
T_HALSW-1,4,DF,-0.115,-0.23
T_HEYM2-D,4,DF,-26.6,-53.2
T_HMGTO-2,4,DF,-0.361,-0.722
T_HUMRD-1,4,DF,-26.232,-52.464
T_INDQ-1,4,DF,-1.2,-2.4
T_KEAD-1,4,DF,-2.02,-4.04
T_KEAD-2,4,DF,-0.40800000000000003,-0.8160000000000001
T_KEADGT-3,4,DF,-0.08,-0.16
T_KILLPG-1,4,DF,-0.421,-0.842
T_KILLPG-2,4,DF,-0.318,-0.636
T_LAGA-1,4,DF,-0.7000000000000001,-1.4000000000000001
T_LBAR-1,4,DF,-1.06,-2.12
T_LBAR-1G,4,DF,-0.04,-0.08
T_MEDP-1,4,DF,-1.827,-3.654
T_MOWEO-1,4,DF,-0.976,-1.952
T_MOWEO-2,4,DF,-0.981,-1.962
T_MOWEO-3,4,DF,-0.984,-1.968
T_MRWD-1,4,DF,-2.4,-4.8
T_PEMB-11,4,DF,-2.45,-4.9
T_PEMB-21,4,DF,-0.3,-0.6
T_PEMB-31,4,DF,-1.25,-2.5
T_PEMB-41,4,DF,-0.25,-0.5
T_PNYCB-1,4,DF,-0.485,-0.97
T_ROCK-1,4,DF,-1.1,-2.2
T_RYHPS-1,4,DF,-0.776,-1.552
T_SCCL-3,4,DF,-0.35000000000000003,-0.7000000000000001
T_SCCL-4,4,DF,-28.86,-57.72
T_SEAB-2,4,DF,-0.8170000000000001,-1.6340000000000001
T_SEEL-1,4,DF,-0.135,-0.27
T_SHBA-1,4,DF,-1.468,-2.936
T_SHBA-2,4,DF,-0.783,-1.566
T_SPLN-1,4,DF,-1.3,-2.6
T_STAY-1,4,DF,-0.4,-0.8
T_STAY-3,4,DF,-0.35000000000000003,-0.7000000000000001
T_STAY-4,4,DF,-0.45,-0.9
T_STRNW-1,4,DF,-0.151,-0.302
T_SUTB-1,4,DF,-0.2,-0.4
T_SVRP-10,4,DF,-0.35000000000000003,-0.7000000000000001
T_SVRP-20,4,DF,-0.2,-0.4
T_TORN-D,4,DF,-16.5,-33.0
T_TSREP-1,4,DF,-0.868,-1.736
T_WBURB-1,4,DF,-1.267,-2.534
T_WBURB-41,4,DF,-0.984,-1.968
T_WBURB-43,4,DF,-0.514,-1.028
T_BHLAW-1,5,DF,-0.501,-1.002
T_BPGRD-1,5,DF,-34.0,-68.0
T_CARR-1,5,DF,-0.9,-1.8
T_CARR-2,5,DF,-0.6,-1.2
T_CDCL-1,5,DF,-1.44,-2.88
T_CNQPS-1,5,DF,-2.331,-4.662
T_CNQPS-2,5,DF,-2.394,-4.788
T_CNQPS-3,5,DF,-2.079,-4.158
T_COSO-1,5,DF,-0.989,-1.978
T_CRGHD-1,5,DF,-0.005,-0.01
T_DAMC-1,5,DF,-0.64,-1.28
T_DIDCB5,5,DF,-1.4,-2.8
T_DIDCB6,5,DF,-1.05,-2.1
T_DINO-1,5,DF,-0.7000000000000001,-1.4000000000000001
T_DINO-2,5,DF,-137.5,-275.0
T_DINO-3,5,DF,-145.8,-291.6
T_DINO-5,5,DF,-139.55,-279.1
T_DINO-6,5,DF,-138.0,-276.0
T_EECL-1,5,DF,-0.36,-0.72
T_FASN-2,5,DF,-0.001,-0.002
T_FFES-1,5,DF,-36.405,-72.81
T_FFES-2,5,DF,-36.344,-72.688
T_FFES-3,5,DF,-0.81,-1.62
T_FFES-4,5,DF,-36.73,-73.46
T_FOYE-1,5,DF,-76.7,-153.4
T_FOYED-1,5,DF,-0.32,-0.64
T_GLNDO-1,5,DF,-0.021,-0.042
T_GRAI-6,5,DF,-0.35000000000000003,-0.7000000000000001
T_GYMRD-16,5,DF,-0.001,-0.002
T_GYMRD-E11,5,DF,-0.003,-0.006
T_GYMRD-W11,5,DF,-0.003,-0.006
T_HALSW-1,5,DF,-0.116,-0.232
T_HEYM2-D,5,DF,-26.556,-53.112
T_HMGTO-2,5,DF,-0.359,-0.718
T_HUMRD-1,5,DF,-26.146,-52.292
T_INDQ-1,5,DF,-1.19,-2.38
T_KEAD-1,5,DF,-2.02,-4.04
T_KEAD-2,5,DF,-0.406,-0.812
T_KEADGT-3,5,DF,-0.08,-0.16
T_KILLPG-1,5,DF,-0.43,-0.86
T_KILLPG-2,5,DF,-0.328,-0.656
T_LAGA-1,5,DF,-0.7000000000000001,-1.4000000000000001
T_LBAR-1,5,DF,-1.06,-2.12
T_LBAR-1G,5,DF,-0.04,-0.08
T_MEDP-1,5,DF,-1.792,-3.584
T_MOWEO-1,5,DF,-0.981,-1.962
T_MOWEO-2,5,DF,-0.971,-1.942
T_MOWEO-3,5,DF,-0.929,-1.858
T_MRWD-1,5,DF,-2.3,-4.6
T_PEMB-11,5,DF,-2.4,-4.8
T_PEMB-21,5,DF,-0.3,-0.6
T_PEMB-31,5,DF,-1.15,-2.3
T_PEMB-41,5,DF,-0.3,-0.6
T_ROCK-1,5,DF,-1.1,-2.2
T_RYHPS-1,5,DF,-0.799,-1.598
T_SCCL-3,5,DF,-0.35000000000000003,-0.7000000000000001
T_SCCL-4,5,DF,-28.77,-57.54
T_SEAB-2,5,DF,-0.8210000000000001,-1.6420000000000001
T_SEEL-1,5,DF,-0.135,-0.27
T_SHBA-1,5,DF,-1.476,-2.952
T_SHBA-2,5,DF,-0.78,-1.56
T_SPLN-1,5,DF,-1.25,-2.5
T_STAY-1,5,DF,-0.4,-0.8
T_STAY-3,5,DF,-0.35000000000000003,-0.7000000000000001
T_STAY-4,5,DF,-0.35000000000000003,-0.7000000000000001
T_STRNW-1,5,DF,-0.15,-0.3
T_SUTB-1,5,DF,-0.3,-0.6
T_SVRP-10,5,DF,-0.35000000000000003,-0.7000000000000001
T_SVRP-20,5,DF,-0.2,-0.4
T_TORN-D,5,DF,-16.508,-33.016
T_TSREP-1,5,DF,-0.877,-1.754
T_WBURB-1,5,DF,-1.303,-2.606
T_WBURB-41,5,DF,-0.047,-0.094
T_WBURB-43,5,DF,-0.024,-0.048
T_BHLAW-1,6,DF,-0.489,-0.978
T_BPGRD-1,6,DF,-33.895,-67.79
T_CARR-1,6,DF,-0.6,-1.2
T_CARR-2,6,DF,-0.7000000000000001,-1.4000000000000001
T_CDCL-1,6,DF,-1.53,-3.06
T_CNQPS-1,6,DF,-2.268,-4.536
T_CNQPS-2,6,DF,-2.394,-4.788
T_CNQPS-3,6,DF,-2.016,-4.032
T_COSO-1,6,DF,-0.983,-1.966
T_CRGHD-1,6,DF,-0.005,-0.01
T_DAMC-1,6,DF,-0.64,-1.28
T_DIDCB5,6,DF,-1.35,-2.7
T_DIDCB6,6,DF,-1.05,-2.1
T_DINO-1,6,DF,-0.7000000000000001,-1.4000000000000001
T_DINO-2,6,DF,-135.85,-271.7
T_DINO-3,6,DF,-144.5,-289.0
T_DINO-5,6,DF,-137.95,-275.9
T_DINO-6,6,DF,-136.35,-272.7
T_EECL-1,6,DF,-0.36,-0.72
T_FASN-2,6,DF,-0.001,-0.002
T_FFES-1,6,DF,-36.185,-72.37
T_FFES-2,6,DF,-36.124,-72.248
T_FFES-3,6,DF,-0.8,-1.6
T_FFES-4,6,DF,-36.5,-73.0
T_FOYE-1,6,DF,-76.4,-152.8
T_FOYED-1,6,DF,-0.319,-0.638
T_GLNDO-1,6,DF,-0.02,-0.04
T_GRAI-6,6,DF,-0.35000000000000003,-0.7000000000000001
T_GYMRD-16,6,DF,-0.001,-0.002
T_GYMRD-E11,6,DF,-0.003,-0.006
T_GYMRD-W11,6,DF,-0.002,-0.004
T_HALSW-1,6,DF,-0.11900000000000001,-0.23800000000000002
T_HEYM2-D,6,DF,-26.664,-53.328
T_HMGTO-2,6,DF,-0.359,-0.718
T_HUMRD-1,6,DF,-26.05,-52.1
T_INDQ-1,6,DF,-1.195,-2.39
T_KEAD-1,6,DF,-1.97,-3.94
T_KEAD-2,6,DF,-0.41200000000000003,-0.8240000000000001
T_KEADGT-3,6,DF,-0.08,-0.16
T_KILLPG-1,6,DF,-0.432,-0.864
T_KILLPG-2,6,DF,-0.329,-0.658
T_LAGA-1,6,DF,-0.7000000000000001,-1.4000000000000001
T_LBAR-1,6,DF,-1.06,-2.12
T_LBAR-1G,6,DF,-0.04,-0.08
T_MEDP-1,6,DF,-1.7930000000000001,-3.5860000000000003
T_MOWEO-1,6,DF,-0.976,-1.952
T_MOWEO-2,6,DF,-0.965,-1.93
T_MOWEO-3,6,DF,-0.926,-1.852
T_MRWD-1,6,DF,-2.4,-4.8
T_PEMB-11,6,DF,-1.2,-2.4
T_PEMB-21,6,DF,-0.3,-0.6
T_PEMB-31,6,DF,-1.2,-2.4
T_PEMB-41,6,DF,-0.25,-0.5
T_ROCK-1,6,DF,-1.1,-2.2
T_RYHPS-1,6,DF,-0.78,-1.56
T_SCCL-3,6,DF,-0.4,-0.8
T_SCCL-4,6,DF,-28.75,-57.5
T_SEAB-2,6,DF,-0.8170000000000001,-1.6340000000000001
T_SEEL-1,6,DF,-0.132,-0.264
T_SHBA-1,6,DF,-1.472,-2.944
T_SHBA-2,6,DF,-0.783,-1.566
T_SPLN-1,6,DF,-1.3,-2.6
T_STAY-1,6,DF,-0.35000000000000003,-0.7000000000000001
T_STAY-3,6,DF,-0.35000000000000003,-0.7000000000000001
T_STAY-4,6,DF,-0.4,-0.8
T_STRNW-1,6,DF,-0.149,-0.298
T_SUTB-1,6,DF,-0.2,-0.4
T_SVRP-10,6,DF,-0.3,-0.6
T_SVRP-20,6,DF,-0.25,-0.5
T_TORN-D,6,DF,-16.508,-33.016
T_TSREP-1,6,DF,-0.867,-1.734
T_WBURB-1,6,DF,-1.2730000000000001,-2.5460000000000003
T_BHLAW-1,7,DF,-0.503,-1.006
T_BPGRD-1,7,DF,-34.13,-68.26
T_CARR-1,7,DF,-0.5,-1.0
T_CARR-2,7,DF,-0.6,-1.2
T_CDCL-1,7,DF,-1.44,-2.88
T_CNQPS-1,7,DF,-2.268,-4.536
T_CNQPS-2,7,DF,-2.394,-4.788
T_CNQPS-3,7,DF,-2.079,-4.158
T_COSO-1,7,DF,-0.986,-1.972
T_CRGHD-1,7,DF,-0.004,-0.008
T_DAMC-1,7,DF,-0.645,-1.29
T_DIDCB5,7,DF,-1.3,-2.6
T_DIDCB6,7,DF,-1.05,-2.1
T_DINO-1,7,DF,-0.75,-1.5
T_DINO-2,7,DF,-135.35,-270.7
T_DINO-3,7,DF,-144.05,-288.1
T_DINO-5,7,DF,-137.4,-274.8
T_DINO-6,7,DF,-94.55,-189.1
T_EECL-1,7,DF,-0.432,-0.864
T_FASN-2,7,DF,-0.001,-0.002
T_FFES-1,7,DF,-36.124,-72.248
T_FFES-2,7,DF,-36.083,-72.166
T_FFES-3,7,DF,-0.8,-1.6
T_FFES-4,7,DF,-36.45,-72.9
T_FOYE-1,7,DF,-76.45,-152.9
T_FOYED-1,7,DF,-0.322,-0.644
T_GLNDO-1,7,DF,-0.021,-0.042
T_GRAI-6,7,DF,-0.35000000000000003,-0.7000000000000001
T_GYMRD-16,7,DF,-0.001,-0.002
T_GYMRD-E11,7,DF,-0.003,-0.006
T_GYMRD-W11,7,DF,-0.003,-0.006
T_HALSW-1,7,DF,-0.115,-0.23
T_HEYM2-D,7,DF,-26.664,-53.328
T_HMGTO-2,7,DF,-0.356,-0.712
T_HUMRD-1,7,DF,-26.019,-52.038
T_INDQ-1,7,DF,-1.205,-2.41
T_KEAD-1,7,DF,-2.02,-4.04
T_KEAD-2,7,DF,-0.406,-0.812
T_KEADGT-3,7,DF,-0.08,-0.16
T_KILLPG-1,7,DF,-0.429,-0.858
T_KILLPG-2,7,DF,-0.327,-0.654
T_LAGA-1,7,DF,-0.8,-1.6
T_LBAR-1,7,DF,-1.06,-2.12
T_LBAR-1G,7,DF,-0.04,-0.08
T_MEDP-1,7,DF,-1.754,-3.508
T_MRWD-1,7,DF,-2.3,-4.6
T_PEMB-11,7,DF,-1.0,-2.0
T_PEMB-21,7,DF,-0.8,-1.6
T_PEMB-31,7,DF,-0.65,-1.3
T_PEMB-41,7,DF,-0.3,-0.6
T_ROCK-1,7,DF,-1.2,-2.4
T_RYHPS-1,7,DF,-0.786,-1.572
T_SCCL-3,7,DF,-0.35000000000000003,-0.7000000000000001
T_SCCL-4,7,DF,-28.7,-57.4
T_SEAB-2,7,DF,-0.8220000000000001,-1.6440000000000001
T_SEEL-1,7,DF,-0.128,-0.256
T_SHBA-1,7,DF,-1.472,-2.944
T_SHBA-2,7,DF,-0.777,-1.554
T_SPLN-1,7,DF,-1.3,-2.6
T_STAY-1,7,DF,-0.4,-0.8
T_STAY-3,7,DF,-0.4,-0.8
T_STAY-4,7,DF,-0.4,-0.8
T_STRNW-1,7,DF,-0.149,-0.298
T_SUTB-1,7,DF,-0.2,-0.4
T_SVRP-10,7,DF,-0.35000000000000003,-0.7000000000000001
T_SVRP-20,7,DF,-0.2,-0.4
T_TORN-D,7,DF,-16.532,-33.064
T_TSREP-1,7,DF,-0.868,-1.736
T_WBURB-1,7,DF,-1.289,-2.578
T_BHLAW-1,8,DF,-0.509,-1.018
T_BPGRD-1,8,DF,-34.109,-68.218
T_CARR-1,8,DF,-0.5,-1.0
T_CARR-2,8,DF,-0.3,-0.6
T_CDCL-1,8,DF,-1.53,-3.06
T_CNQPS-1,8,DF,-2.268,-4.536
T_CNQPS-2,8,DF,-2.394,-4.788
T_CNQPS-3,8,DF,-2.016,-4.032
T_COSO-1,8,DF,-0.998,-1.996
T_CRGHD-1,8,DF,-0.004,-0.008
T_DAMC-1,8,DF,-0.645,-1.29
T_DIDCB5,8,DF,-1.35,-2.7
T_DIDCB6,8,DF,-1.05,-2.1
T_DINO-1,8,DF,-0.7000000000000001,-1.4000000000000001
T_DINO-2,8,DF,-133.7,-267.4
T_DINO-3,8,DF,-142.7,-285.4
T_DINO-5,8,DF,-135.75,-271.5
T_DINO-6,8,DF,-134.05,-268.1
T_EECL-1,8,DF,-0.36,-0.72
T_FFES-1,8,DF,-35.924,-71.848
T_FFES-2,8,DF,-35.863,-71.726
T_FFES-3,8,DF,-0.8,-1.6
T_FFES-4,8,DF,-36.23,-72.46
T_FOYE-1,8,DF,-76.1,-152.2
T_FOYED-1,8,DF,-0.325,-0.65
T_GLNDO-1,8,DF,-0.021,-0.042
T_GRAI-6,8,DF,-0.35000000000000003,-0.7000000000000001
T_GYMRD-16,8,DF,-0.001,-0.002
T_GYMRD-E11,8,DF,-0.003,-0.006
T_GYMRD-W11,8,DF,-0.002,-0.004
T_HALSW-1,8,DF,-0.115,-0.23
T_HEYM2-D,8,DF,-26.592,-53.184
T_HMGTO-2,8,DF,-0.362,-0.724
T_HUMRD-1,8,DF,-25.681,-51.362
T_INDQ-1,8,DF,-1.19,-2.38
T_KEAD-1,8,DF,-2.07,-4.14
T_KEAD-2,8,DF,-0.405,-0.81
T_KEADGT-3,8,DF,-0.08,-0.16
T_KILLPG-1,8,DF,-0.427,-0.854
T_KILLPG-2,8,DF,-0.324,-0.648
T_LAGA-1,8,DF,-0.7000000000000001,-1.4000000000000001
T_LBAR-1,8,DF,-1.06,-2.12
T_LBAR-1G,8,DF,-0.04,-0.08
T_MEDP-1,8,DF,-1.7530000000000001,-3.5060000000000002
T_MRWD-1,8,DF,-2.4,-4.8
T_PEMB-11,8,DF,-0.9500000000000001,-1.9000000000000001
T_PEMB-21,8,DF,-1.2,-2.4
T_PEMB-31,8,DF,-0.35000000000000003,-0.7000000000000001
T_PEMB-41,8,DF,-0.25,-0.5
T_ROCK-1,8,DF,-1.1,-2.2
T_RYHPS-1,8,DF,-0.776,-1.552
T_SCCL-3,8,DF,-0.35000000000000003,-0.7000000000000001
T_SCCL-4,8,DF,-28.67,-57.34
T_SEAB-2,8,DF,-0.8230000000000001,-1.6460000000000001
T_SEEL-1,8,DF,-0.146,-0.292
T_SHBA-1,8,DF,-1.479,-2.958
T_SHBA-2,8,DF,-0.778,-1.556
T_SPLN-1,8,DF,-1.25,-2.5
T_STAY-1,8,DF,-0.4,-0.8
T_STAY-3,8,DF,-0.35000000000000003,-0.7000000000000001
T_STAY-4,8,DF,-0.35000000000000003,-0.7000000000000001
T_STRNW-1,8,DF,-0.149,-0.298
T_SUTB-1,8,DF,-0.3,-0.6
T_SVRP-10,8,DF,-0.35000000000000003,-0.7000000000000001
T_SVRP-20,8,DF,-0.2,-0.4
T_TORN-D,8,DF,-16.46,-32.92
T_TSREP-1,8,DF,-0.872,-1.744
T_WBURB-1,8,DF,-1.3,-2.6
T_WBURB-41,8,DF,-0.2,-0.4
T_WBURB-43,8,DF,-0.281,-0.562
T_BHLAW-1,9,DF,-0.509,-1.018
T_BPGRD-1,9,DF,-34.299,-68.598
T_CARR-1,9,DF,-0.6,-1.2
T_CARR-2,9,DF,-0.7000000000000001,-1.4000000000000001
T_CDCL-1,9,DF,-1.44,-2.88
T_CNQPS-1,9,DF,-2.268,-4.536
T_CNQPS-2,9,DF,-2.394,-4.788
T_CNQPS-3,9,DF,-2.079,-4.158
T_COSO-1,9,DF,-0.887,-1.774
T_CRGHD-1,9,DF,-0.005,-0.01
T_DAMC-1,9,DF,-0.655,-1.31
T_DIDCB5,9,DF,-1.3,-2.6
T_DIDCB6,9,DF,-1.05,-2.1
T_DINO-1,9,DF,-0.7000000000000001,-1.4000000000000001
T_DINO-2,9,DF,-134.5,-269.0
T_DINO-3,9,DF,-143.55,-287.1
T_DINO-5,9,DF,-136.6,-273.2
T_DINO-6,9,DF,-107.15,-214.3
T_EECL-1,9,DF,-0.36,-0.72
T_FFES-1,9,DF,-36.104,-72.208
T_FFES-2,9,DF,-36.053,-72.106
T_FFES-3,9,DF,-0.8,-1.6
T_FFES-4,9,DF,-36.43,-72.86
T_FOYE-1,9,DF,-76.55,-153.1
T_FOYED-1,9,DF,-0.323,-0.646
T_GLNDO-1,9,DF,-0.021,-0.042
T_GRAI-6,9,DF,-0.35000000000000003,-0.7000000000000001
T_GYMRD-16,9,DF,-0.001,-0.002
T_GYMRD-E11,9,DF,-0.002,-0.004
T_GYMRD-W11,9,DF,-0.002,-0.004
T_HALSW-1,9,DF,-0.117,-0.234
T_HEYM2-D,9,DF,-26.72,-53.44
T_HMGTO-2,9,DF,-0.362,-0.724
T_HUMRD-1,9,DF,-24.96,-49.92
T_INDQ-1,9,DF,-1.195,-2.39
T_KEAD-1,9,DF,-2.02,-4.04
T_KEAD-2,9,DF,-0.41400000000000003,-0.8280000000000001
T_KEADGT-3,9,DF,-0.08,-0.16
T_KILLPG-1,9,DF,-0.426,-0.852
T_KILLPG-2,9,DF,-0.323,-0.646
T_LAGA-1,9,DF,-0.7000000000000001,-1.4000000000000001
T_LBAR-1,9,DF,-1.06,-2.12
T_LBAR-1G,9,DF,-0.04,-0.08
T_MEDP-1,9,DF,-1.726,-3.452
T_MRWD-1,9,DF,-2.4,-4.8
T_PEMB-11,9,DF,-1.0,-2.0
T_PEMB-21,9,DF,-0.35000000000000003,-0.7000000000000001
T_PEMB-31,9,DF,-0.35000000000000003,-0.7000000000000001
T_PEMB-41,9,DF,-0.25,-0.5
T_ROCK-1,9,DF,-1.1,-2.2
T_RYHPS-1,9,DF,-0.81,-1.62
T_SCCL-3,9,DF,-0.4,-0.8
T_SCCL-4,9,DF,-28.99,-57.98
T_SEAB-2,9,DF,-0.8270000000000001,-1.6540000000000001
T_SEEL-1,9,DF,-0.149,-0.298
T_SHBA-1,9,DF,-1.476,-2.952
T_SHBA-2,9,DF,-0.776,-1.552
T_SPLN-1,9,DF,-1.3,-2.6
T_STAY-1,9,DF,-0.4,-0.8
T_STAY-3,9,DF,-0.35000000000000003,-0.7000000000000001
T_STAY-4,9,DF,-0.4,-0.8
T_STRNW-1,9,DF,-0.15,-0.3
T_SUTB-1,9,DF,-0.2,-0.4
T_SVRP-10,9,DF,-0.35000000000000003,-0.7000000000000001
T_SVRP-20,9,DF,-0.2,-0.4
T_TORN-D,9,DF,-16.508,-33.016
T_TSREP-1,9,DF,-0.872,-1.744
T_WBURB-1,9,DF,-1.323,-2.646
T_WBURB-41,9,DF,-0.028,-0.056
T_WBURB-43,9,DF,-0.01,-0.02
T_AKGLW-3,10,DF,-0.23600000000000002,-0.47200000000000003
T_BHLAW-1,10,DF,-0.499,-0.998
T_BPGRD-1,10,DF,-34.112,-68.224
T_CARR-1,10,DF,-0.5,-1.0
T_CARR-2,10,DF,-0.3,-0.6
T_CDCL-1,10,DF,-1.44,-2.88
T_CNQPS-1,10,DF,-2.268,-4.536
T_CNQPS-2,10,DF,-2.394,-4.788
T_CNQPS-3,10,DF,-2.079,-4.158
T_COSO-1,10,DF,-0.985,-1.97
T_CRGHD-1,10,DF,-0.005,-0.01
T_DAMC-1,10,DF,-0.665,-1.33
T_DIDCB5,10,DF,-1.35,-2.7
T_DIDCB6,10,DF,-1.05,-2.1
T_DINO-1,10,DF,-0.7000000000000001,-1.4000000000000001
T_DINO-2,10,DF,-133.35,-266.7
T_DINO-3,10,DF,-142.45,-284.9
T_DINO-5,10,DF,-135.35,-270.7
T_DINO-6,10,DF,-133.45,-266.9
T_EECL-1,10,DF,-0.432,-0.864
T_FFES-1,10,DF,-35.943,-71.886
T_FFES-2,10,DF,-35.903,-71.806
T_FFES-3,10,DF,-0.8,-1.6
T_FFES-4,10,DF,-36.26,-72.52
T_FOYED-1,10,DF,-0.085,-0.17
T_GLNDO-1,10,DF,-0.021,-0.042
T_GRAI-6,10,DF,-0.35000000000000003,-0.7000000000000001
T_GYMRD-16,10,DF,-0.001,-0.002
T_GYMRD-E11,10,DF,-0.003,-0.006
T_GYMRD-W11,10,DF,-0.002,-0.004
T_HADHW-1,10,DF,-0.21,-0.42
T_HALSW-1,10,DF,-0.117,-0.234
T_HEYM2-D,10,DF,-26.644,-53.288
T_HMGTO-2,10,DF,-0.365,-0.73
T_HUMRD-1,10,DF,-25.092,-50.184
T_INDQ-1,10,DF,-1.2,-2.4
T_KEAD-1,10,DF,-2.02,-4.04
T_KEAD-2,10,DF,-0.41300000000000003,-0.8260000000000001
T_KEADGT-3,10,DF,-0.08,-0.16
T_KENNW-1,10,DF,-0.085,-0.17
T_KILLPG-1,10,DF,-0.423,-0.846
T_KILLPG-2,10,DF,-0.32,-0.64
T_LAGA-1,10,DF,-0.7000000000000001,-1.4000000000000001
T_LBAR-1,10,DF,-1.06,-2.12
T_LBAR-1G,10,DF,-0.04,-0.08
T_MEDP-1,10,DF,-1.734,-3.468
T_MOWEO-1,10,DF,-1.025,-2.05
T_MRWD-1,10,DF,-2.4,-4.8
T_PEMB-11,10,DF,-1.0,-2.0
T_PEMB-21,10,DF,-0.3,-0.6
T_PEMB-31,10,DF,-0.35000000000000003,-0.7000000000000001
T_PEMB-41,10,DF,-0.3,-0.6
T_ROCK-1,10,DF,-1.1,-2.2
T_RYHPS-1,10,DF,-0.804,-1.608
T_SCCL-3,10,DF,-0.35000000000000003,-0.7000000000000001
T_SCCL-4,10,DF,-29.07,-58.14
T_SEAB-2,10,DF,-0.8260000000000001,-1.6520000000000001
T_SEEL-1,10,DF,-0.156,-0.312
T_SHBA-1,10,DF,-1.486,-2.972
T_SHBA-2,10,DF,-0.776,-1.552
T_SPLN-1,10,DF,-1.35,-2.7
T_STAY-1,10,DF,-0.4,-0.8
T_STAY-3,10,DF,-0.35000000000000003,-0.7000000000000001
T_STAY-4,10,DF,-0.35000000000000003,-0.7000000000000001
T_STRNW-1,10,DF,-0.149,-0.298
T_SUTB-1,10,DF,-0.3,-0.6
T_SVRP-10,10,DF,-0.35000000000000003,-0.7000000000000001
T_SVRP-20,10,DF,-0.2,-0.4
T_TORN-D,10,DF,-16.488,-32.976
T_TSREP-1,10,DF,-0.868,-1.736
T_WBURB-1,10,DF,-1.303,-2.606
T_AKGLW-3,11,DF,-0.159,-0.318
T_BHLAW-1,11,DF,-0.498,-0.996
T_BPGRD-1,11,DF,-34.251,-68.502
T_CARR-1,11,DF,-0.5,-1.0
T_CARR-2,11,DF,-0.3,-0.6
T_CDCL-1,11,DF,-1.44,-2.88
T_CNQPS-1,11,DF,-2.268,-4.536
T_CNQPS-2,11,DF,-2.394,-4.788
T_CNQPS-3,11,DF,-2.016,-4.032
T_COSO-1,11,DF,-0.889,-1.778
T_CRGHD-1,11,DF,-0.005,-0.01
T_DAMC-1,11,DF,-0.67,-1.34
T_DIDCB5,11,DF,-1.35,-2.7
T_DIDCB6,11,DF,-1.05,-2.1
T_DINO-1,11,DF,-0.75,-1.5
T_DINO-2,11,DF,-13.6,-27.2
T_DINO-3,11,DF,-141.65,-283.3
T_DINO-5,11,DF,-134.4,-268.8
T_DINO-6,11,DF,-92.15,-184.3
T_DOUGW-1,11,DF,-0.241,-0.482
T_EECL-1,11,DF,-0.36,-0.72
T_FFES-1,11,DF,-35.803,-71.606
T_FFES-2,11,DF,-35.752,-71.504
T_FFES-3,11,DF,-0.8,-1.6
T_FFES-4,11,DF,-1.04,-2.08
T_FOYED-1,11,DF,-0.073,-0.146
T_GLNDO-1,11,DF,-0.021,-0.042
T_GRAI-6,11,DF,-0.4,-0.8
T_GYMRD-16,11,DF,-0.001,-0.002
T_GYMRD-E11,11,DF,-0.002,-0.004
T_GYMRD-W11,11,DF,-0.003,-0.006
T_HADHW-1,11,DF,-0.2,-0.4
T_HALSW-1,11,DF,-0.11800000000000001,-0.23600000000000002
T_HEYM2-D,11,DF,-26.612,-53.224
T_HMGTO-2,11,DF,-0.366,-0.732
T_HUMRD-1,11,DF,-25.083,-50.166
T_INDQ-1,11,DF,-1.185,-2.37
T_KEAD-1,11,DF,-2.07,-4.14
T_KEAD-2,11,DF,-0.41200000000000003,-0.8240000000000001
T_KEADGT-3,11,DF,-0.08,-0.16
T_KENNW-1,11,DF,-0.085,-0.17
T_KILLPG-1,11,DF,-0.425,-0.85
T_KILLPG-2,11,DF,-0.32,-0.64
T_LAGA-1,11,DF,-0.7000000000000001,-1.4000000000000001
T_LBAR-1,11,DF,-1.11,-2.22
T_LBAR-1G,11,DF,-0.04,-0.08
T_MEDP-1,11,DF,-1.766,-3.532
T_MOWEO-1,11,DF,-0.979,-1.958
T_MOWEO-2,11,DF,-0.965,-1.93
T_MOWEO-3,11,DF,-0.963,-1.926
T_MRWD-1,11,DF,-2.5,-5.0
T_PEMB-11,11,DF,-1.0,-2.0
T_PEMB-21,11,DF,-0.3,-0.6
T_PEMB-31,11,DF,-0.3,-0.6
T_PEMB-41,11,DF,-0.25,-0.5
T_PNYCB-1,11,DF,-0.045,-0.09
T_ROCK-1,11,DF,-1.1,-2.2
T_RYHPS-1,11,DF,-0.806,-1.612
T_SCCL-3,11,DF,-0.35000000000000003,-0.7000000000000001
T_SCCL-4,11,DF,-29.06,-58.12
T_SEAB-2,11,DF,-0.8230000000000001,-1.6460000000000001
T_SEEL-1,11,DF,-0.137,-0.274
T_SHBA-1,11,DF,-1.488,-2.976
T_SHBA-2,11,DF,-0.776,-1.552
T_SPLN-1,11,DF,-1.35,-2.7
T_STAY-1,11,DF,-0.4,-0.8
T_STAY-3,11,DF,-0.35000000000000003,-0.7000000000000001
T_STAY-4,11,DF,-0.35000000000000003,-0.7000000000000001
T_STRNW-1,11,DF,-0.148,-0.296
T_SUTB-1,11,DF,-0.2,-0.4
T_SVRP-10,11,DF,-0.35000000000000003,-0.7000000000000001
T_SVRP-20,11,DF,-0.25,-0.5
T_TORN-D,11,DF,-16.48,-32.96
T_TSREP-1,11,DF,-0.878,-1.756
T_WBURB-1,11,DF,-1.3820000000000001,-2.7640000000000002
T_AKGLW-3,12,DF,-0.132,-0.264
T_BHLAW-1,12,DF,-0.496,-0.992
T_BPGRD-1,12,DF,-34.084,-68.168
T_CARR-1,12,DF,-0.6,-1.2
T_CARR-2,12,DF,-0.2,-0.4
T_CDCL-1,12,DF,-1.53,-3.06
T_CNQPS-1,12,DF,-2.268,-4.536
T_CNQPS-2,12,DF,-2.457,-4.914
T_CNQPS-3,12,DF,-2.079,-4.158
T_COSO-1,12,DF,-0.987,-1.974
T_CRGHD-1,12,DF,-0.004,-0.008
T_DAMC-1,12,DF,-0.66,-1.32
T_DIDCB5,12,DF,-1.3,-2.6
T_DIDCB6,12,DF,-1.0,-2.0
T_DINO-1,12,DF,-0.8,-1.6
T_DINO-2,12,DF,-2.55,-5.1
T_DINO-3,12,DF,-120.9,-241.8
T_DINO-5,12,DF,-3.45,-6.9
T_DINO-6,12,DF,-15.9,-31.8
T_EECL-1,12,DF,-0.432,-0.864
T_FFES-1,12,DF,-27.194,-54.388
T_FFES-2,12,DF,-1.512,-3.024
T_FFES-3,12,DF,-0.8,-1.6
T_FFES-4,12,DF,-0.01,-0.02
T_FOYED-1,12,DF,-0.07100000000000001,-0.14200000000000002
T_GLNDO-1,12,DF,-0.021,-0.042
T_GRAI-6,12,DF,-0.35000000000000003,-0.7000000000000001
T_GYMRD-16,12,DF,-0.001,-0.002
T_GYMRD-E11,12,DF,-0.003,-0.006
T_GYMRD-W11,12,DF,-0.002,-0.004
T_HADHW-1,12,DF,-0.21,-0.42
T_HALSW-1,12,DF,-0.117,-0.234
T_HEYM2-D,12,DF,-26.64,-53.28
T_HMGTO-2,12,DF,-0.365,-0.73
T_HUMRD-1,12,DF,-24.958,-49.916
T_INDQ-1,12,DF,-1.17,-2.34
T_KEAD-1,12,DF,-2.02,-4.04
T_KEAD-2,12,DF,-0.41200000000000003,-0.8240000000000001
T_KEADGT-3,12,DF,-0.08,-0.16
T_KENNW-1,12,DF,-0.085,-0.17
T_KILLPG-1,12,DF,-0.43,-0.86
T_KILLPG-2,12,DF,-0.324,-0.648
T_LAGA-1,12,DF,-0.7000000000000001,-1.4000000000000001
T_LBAR-1,12,DF,-1.06,-2.12
T_LBAR-1G,12,DF,-0.04,-0.08
T_MEDP-1,12,DF,-1.795,-3.59
T_MOWEO-1,12,DF,-0.981,-1.962
T_MOWEO-2,12,DF,-0.962,-1.924
T_MOWEO-3,12,DF,-0.934,-1.868
T_MRWD-1,12,DF,-2.4,-4.8
T_PEMB-11,12,DF,-1.0,-2.0
T_PEMB-21,12,DF,-0.3,-0.6
T_PEMB-31,12,DF,-0.35000000000000003,-0.7000000000000001
T_PEMB-41,12,DF,-0.3,-0.6
T_PNYCB-1,12,DF,-0.29,-0.58
T_ROCK-1,12,DF,-1.2,-2.4
T_RYHPS-1,12,DF,-0.783,-1.566
T_SCCL-3,12,DF,-0.4,-0.8
T_SCCL-4,12,DF,-29.8,-59.6
T_SEAB-2,12,DF,-0.8250000000000001,-1.6500000000000001
T_SEEL-1,12,DF,-0.134,-0.268
T_SHBA-1,12,DF,-1.4889999999999999,-2.9779999999999998
T_SHBA-2,12,DF,-0.777,-1.554
T_SPLN-1,12,DF,-1.35,-2.7
T_STAY-1,12,DF,-0.4,-0.8
T_STAY-3,12,DF,-0.35000000000000003,-0.7000000000000001
T_STAY-4,12,DF,-0.35000000000000003,-0.7000000000000001
T_STRNW-1,12,DF,-0.148,-0.296
T_SUTB-1,12,DF,-0.2,-0.4
T_SVRP-10,12,DF,-0.3,-0.6
T_SVRP-20,12,DF,-0.2,-0.4
T_TORN-D,12,DF,-16.48,-32.96
T_TSREP-1,12,DF,-0.882,-1.764
T_TWSHW-1,12,DF,-0.158,-0.316
T_WBURB-1,12,DF,-1.3900000000000001,-2.7800000000000002
T_AKGLW-3,13,DF,-0.12,-0.24
T_BHLAW-1,13,DF,-0.496,-0.992
T_BPGRD-1,13,DF,-34.411,-68.822
T_CARR-1,13,DF,-0.5,-1.0
T_CARR-2,13,DF,-0.3,-0.6
T_CDCL-1,13,DF,-1.44,-2.88
T_CNQPS-1,13,DF,-2.268,-4.536
T_CNQPS-2,13,DF,-2.394,-4.788
T_CNQPS-3,13,DF,-2.079,-4.158
T_COSO-1,13,DF,-0.9390000000000001,-1.8780000000000001
T_CRGHD-1,13,DF,-0.005,-0.01
T_DAMC-1,13,DF,-0.665,-1.33
T_DIDCB5,13,DF,-1.35,-2.7
T_DIDCB6,13,DF,-1.05,-2.1
T_DINO-1,13,DF,-0.8,-1.6
T_DINO-2,13,DF,-2.55,-5.1
T_DINO-3,13,DF,-0.25,-0.5
T_DINO-6,13,DF,-0.15,-0.3
T_EECL-1,13,DF,-0.792,-1.584
T_FFES-1,13,DF,-0.021,-0.042
T_FFES-2,13,DF,-0.021,-0.042
T_FFES-4,13,DF,-0.01,-0.02
T_FOYED-1,13,DF,-0.073,-0.146
T_GLNDO-1,13,DF,-0.021,-0.042
T_GRAI-6,13,DF,-0.35000000000000003,-0.7000000000000001
T_GYMRD-16,13,DF,-0.001,-0.002
T_GYMRD-E11,13,DF,-0.002,-0.004
T_GYMRD-W11,13,DF,-0.002,-0.004
T_HADHW-1,13,DF,-0.21,-0.42
T_HALSW-1,13,DF,-0.121,-0.242
T_HEYM2-D,13,DF,-26.672,-53.344
T_HMGTO-2,13,DF,-0.364,-0.728
T_HUMRD-1,13,DF,-24.852,-49.704
T_INDQ-1,13,DF,-1.175,-2.35
T_KEAD-1,13,DF,-2.02,-4.04
T_KEAD-2,13,DF,-0.427,-0.854
T_KEADGT-3,13,DF,-0.08,-0.16
T_KENNW-1,13,DF,-0.085,-0.17
T_KILLPG-1,13,DF,-0.429,-0.858
T_KILLPG-2,13,DF,-0.321,-0.642
T_LAGA-1,13,DF,-0.7000000000000001,-1.4000000000000001
T_LBAR-1,13,DF,-1.21,-2.42
T_LBAR-1G,13,DF,-0.04,-0.08
T_MEDP-1,13,DF,-1.8479999999999999,-3.6959999999999997
T_MOWEO-1,13,DF,-0.9550000000000001,-1.9100000000000001
T_MOWEO-2,13,DF,-0.9590000000000001,-1.9180000000000001
T_MOWEO-3,13,DF,-0.93,-1.86
T_MRWD-1,13,DF,-2.6,-5.2
T_PEMB-11,13,DF,-1.05,-2.1
T_PEMB-21,13,DF,-0.35000000000000003,-0.7000000000000001
T_PEMB-31,13,DF,-0.35000000000000003,-0.7000000000000001
T_PEMB-41,13,DF,-0.25,-0.5
T_PNYCB-1,13,DF,-0.88,-1.76
T_ROCK-1,13,DF,-1.2,-2.4
T_RYHPS-1,13,DF,-0.8240000000000001,-1.6480000000000001
T_SCCL-3,13,DF,-0.35000000000000003,-0.7000000000000001
T_SCCL-4,13,DF,-30.14,-60.28
T_SEAB-2,13,DF,-0.8300000000000001,-1.6600000000000001
T_SEEL-1,13,DF,-0.136,-0.272
T_SHBA-1,13,DF,-1.496,-2.992
T_SHBA-2,13,DF,-0.774,-1.548
T_SPLN-1,13,DF,-1.35,-2.7
T_STAY-1,13,DF,-0.4,-0.8
T_STAY-3,13,DF,-0.4,-0.8
T_STAY-4,13,DF,-0.4,-0.8
T_STRNW-1,13,DF,-0.152,-0.304
T_SUTB-1,13,DF,-0.3,-0.6
T_SVRP-10,13,DF,-0.35000000000000003,-0.7000000000000001
T_SVRP-20,13,DF,-0.25,-0.5
T_TORN-D,13,DF,-16.496,-32.992
T_TSREP-1,13,DF,-0.896,-1.792
T_TWSHW-1,13,DF,-0.161,-0.322
T_WBURB-1,13,DF,-2.122,-4.244
T_AKGLW-3,14,DF,-0.112,-0.224
T_BHLAW-1,14,DF,-0.49,-0.98
T_BPGRD-1,14,DF,-34.478,-68.956
T_CARR-1,14,DF,-0.5,-1.0
T_CARR-2,14,DF,-0.3,-0.6
T_CDCL-1,14,DF,-1.53,-3.06
T_CNQPS-1,14,DF,-2.268,-4.536
T_CNQPS-2,14,DF,-2.394,-4.788
T_CNQPS-3,14,DF,-2.016,-4.032
T_COSO-1,14,DF,-0.934,-1.868
T_CRGHD-1,14,DF,-0.005,-0.01
T_DAMC-1,14,DF,-0.665,-1.33
T_DIDCB5,14,DF,-1.35,-2.7
T_DIDCB6,14,DF,-1.05,-2.1
T_DINO-1,14,DF,-0.7000000000000001,-1.4000000000000001
T_DINO-2,14,DF,-2.55,-5.1
T_DINO-3,14,DF,-0.25,-0.5
T_EECL-1,14,DF,-1.152,-2.304
T_FFES-1,14,DF,-0.011,-0.022
T_FFES-2,14,DF,-0.011,-0.022
T_FFES-4,14,DF,-0.02,-0.04
T_FOYED-1,14,DF,-0.073,-0.146
T_GLNDO-1,14,DF,-0.021,-0.042
T_GRAI-6,14,DF,-0.4,-0.8
T_GYMRD-16,14,DF,-0.001,-0.002
T_GYMRD-E11,14,DF,-0.002,-0.004
T_GYMRD-W11,14,DF,-0.002,-0.004
T_HADHW-1,14,DF,-0.22,-0.44
T_HALSW-1,14,DF,-0.122,-0.244
T_HEYM2-D,14,DF,-26.696,-53.392
T_HMGTO-2,14,DF,-0.358,-0.716
T_HUMRD-1,14,DF,-25.416,-50.832
T_INDQ-1,14,DF,-1.1,-2.2
T_KEAD-1,14,DF,-2.015,-4.03
T_KEAD-2,14,DF,-0.406,-0.812
T_KEADGT-3,14,DF,-0.085,-0.17
T_KENNW-1,14,DF,-0.08,-0.16
T_KILLPG-1,14,DF,-0.432,-0.864
T_KILLPG-2,14,DF,-0.329,-0.658
T_LAGA-1,14,DF,-0.7000000000000001,-1.4000000000000001
T_LBAR-1,14,DF,-1.3599999999999999,-2.7199999999999998
T_LBAR-1G,14,DF,-0.04,-0.08
T_MEDP-1,14,DF,-1.865,-3.73
T_MOWEO-1,14,DF,-0.74,-1.48
T_MOWEO-2,14,DF,-0.595,-1.19
T_MOWEO-3,14,DF,-0.839,-1.678
T_MRWD-1,14,DF,-2.6,-5.2
T_PEMB-11,14,DF,-1.0,-2.0
T_PEMB-21,14,DF,-0.3,-0.6
T_PEMB-31,14,DF,-0.35000000000000003,-0.7000000000000001
T_PEMB-41,14,DF,-0.25,-0.5
T_ROCK-1,14,DF,-1.1,-2.2
T_RYHPS-1,14,DF,-0.789,-1.578
T_SCCL-3,14,DF,-0.35000000000000003,-0.7000000000000001
T_SCCL-4,14,DF,-29.93,-59.86
T_SEAB-2,14,DF,-0.8210000000000001,-1.6420000000000001
T_SEEL-1,14,DF,-0.132,-0.264
T_SHBA-1,14,DF,-1.5,-3.0
T_SHBA-2,14,DF,-0.775,-1.55
T_SPLN-1,14,DF,-1.3,-2.6
T_STAY-1,14,DF,-0.4,-0.8
T_STAY-3,14,DF,-0.35000000000000003,-0.7000000000000001
T_STAY-4,14,DF,-0.35000000000000003,-0.7000000000000001
T_STRNW-1,14,DF,-0.149,-0.298
T_SUTB-1,14,DF,-0.2,-0.4
T_SVRP-10,14,DF,-0.35000000000000003,-0.7000000000000001
T_SVRP-20,14,DF,-0.25,-0.5
T_TDBNW-1,14,DF,-0.002,-0.004
T_TORN-D,14,DF,-16.504,-33.008
T_TSREP-1,14,DF,-0.907,-1.814
T_TWSHW-1,14,DF,-0.161,-0.322
T_WBURB-1,14,DF,-1.824,-3.648
T_AKGLW-3,15,DF,-0.114,-0.228
T_BHLAW-1,15,DF,-0.498,-0.996
T_BPGRD-1,15,DF,-34.434,-68.868
T_CARR-1,15,DF,-0.6,-1.2
T_CARR-2,15,DF,-0.2,-0.4
T_CDCL-1,15,DF,-1.44,-2.88
T_CNQPS-1,15,DF,-2.268,-4.536
T_CNQPS-2,15,DF,-2.394,-4.788
T_CNQPS-3,15,DF,-2.079,-4.158
T_COSO-1,15,DF,-1.046,-2.092
T_CRGHD-1,15,DF,-0.005,-0.01
T_DAMC-1,15,DF,-0.675,-1.35
T_DIDCB5,15,DF,-1.35,-2.7
T_DIDCB6,15,DF,-1.05,-2.1
T_DINO-1,15,DF,-0.75,-1.5
T_DINO-2,15,DF,-2.55,-5.1
T_DINO-3,15,DF,-0.25,-0.5
T_EECL-1,15,DF,-0.792,-1.584
T_FFES-1,15,DF,-0.021,-0.042
T_FFES-2,15,DF,-0.021,-0.042
T_FFES-3,15,DF,-0.77,-1.54
T_FFES-4,15,DF,-0.01,-0.02
T_FOYED-1,15,DF,-0.073,-0.146
T_GLNDO-1,15,DF,-0.021,-0.042
T_GRAI-6,15,DF,-0.35000000000000003,-0.7000000000000001
T_GYMRD-16,15,DF,-0.001,-0.002
T_GYMRD-E11,15,DF,-0.002,-0.004
T_GYMRD-W11,15,DF,-0.002,-0.004
T_HADHW-1,15,DF,-0.22,-0.44
T_HALSW-1,15,DF,-0.12,-0.24
T_HEYM2-D,15,DF,-26.664,-53.328
T_HMGTO-2,15,DF,-0.359,-0.718
T_HUMRD-1,15,DF,-25.947,-51.894
T_INDQ-1,15,DF,-1.085,-2.17
T_KEAD-1,15,DF,-2.07,-4.14
T_KEAD-2,15,DF,-0.41500000000000004,-0.8300000000000001
T_KEADGT-3,15,DF,-0.08,-0.16
T_KENNW-1,15,DF,-0.08,-0.16
T_KILLPG-1,15,DF,-0.428,-0.856
T_KILLPG-2,15,DF,-0.324,-0.648
T_LAGA-1,15,DF,-0.8,-1.6
T_LBAR-1,15,DF,-1.06,-2.12
T_LBAR-1G,15,DF,-0.04,-0.08
T_MEDP-1,15,DF,-2.021,-4.042
T_MOWEO-1,15,DF,-0.594,-1.188
T_MOWEO-2,15,DF,-0.538,-1.076
T_MOWEO-3,15,DF,-0.515,-1.03
T_MRWD-1,15,DF,-2.5,-5.0
T_PEMB-11,15,DF,-1.0,-2.0
T_PEMB-21,15,DF,-0.3,-0.6
T_PEMB-31,15,DF,-0.35000000000000003,-0.7000000000000001
T_PEMB-41,15,DF,-0.3,-0.6
T_PNYCB-1,15,DF,-0.09,-0.18
T_ROCK-1,15,DF,-1.2,-2.4
T_RYHPS-1,15,DF,-0.836,-1.672
T_SCCL-3,15,DF,-0.4,-0.8
T_SCCL-4,15,DF,-29.94,-59.88
T_SEAB-2,15,DF,-0.81,-1.62
T_SEEL-1,15,DF,-0.138,-0.276
T_SHBA-1,15,DF,-1.51,-3.02
T_SHBA-2,15,DF,-0.776,-1.552
T_SPLN-1,15,DF,-1.3,-2.6
T_STAY-1,15,DF,-0.4,-0.8
T_STAY-3,15,DF,-0.4,-0.8
T_STAY-4,15,DF,-0.35000000000000003,-0.7000000000000001
T_STRNW-1,15,DF,-0.148,-0.296
T_SUTB-1,15,DF,-0.1,-0.2
T_SVRP-10,15,DF,-0.35000000000000003,-0.7000000000000001
T_SVRP-20,15,DF,-0.25,-0.5
T_TDBNW-1,15,DF,-0.002,-0.004
T_TORN-D,15,DF,-16.504,-33.008
T_TSREP-1,15,DF,-0.907,-1.814
T_TWSHW-1,15,DF,-0.152,-0.304
T_WBURB-1,15,DF,-3.559,-7.118
T_WILCT-1,15,DF,-0.185,-0.37
T_AKGLW-3,16,DF,-0.111,-0.222
T_BHLAW-1,16,DF,-0.507,-1.014
T_BPGRD-1,16,DF,-34.516,-69.032
T_CARR-1,16,DF,-0.5,-1.0
T_CARR-2,16,DF,-0.3,-0.6
T_CDCL-1,16,DF,-1.53,-3.06
T_CNQPS-1,16,DF,-2.268,-4.536
T_CNQPS-2,16,DF,-2.394,-4.788
T_CNQPS-3,16,DF,-2.016,-4.032
T_COSO-1,16,DF,-1.471,-2.942
T_CRGHD-1,16,DF,-0.005,-0.01
T_DAMC-1,16,DF,-0.68,-1.36
T_DIDCB5,16,DF,-1.3,-2.6
T_DIDCB6,16,DF,-1.05,-2.1
T_DINO-1,16,DF,-0.75,-1.5
T_DINO-2,16,DF,-2.55,-5.1
T_DINO-3,16,DF,-0.25,-0.5
T_DINO-6,16,DF,-2.1,-4.2
T_EECL-1,16,DF,-0.433,-0.866
T_FFES-1,16,DF,-0.011,-0.022
T_FFES-2,16,DF,-0.011,-0.022
T_FFES-4,16,DF,-0.02,-0.04
T_FOYED-1,16,DF,-0.077,-0.154
T_GLNDO-1,16,DF,-0.021,-0.042
T_GRAI-6,16,DF,-0.4,-0.8
T_GYMRD-16,16,DF,-0.001,-0.002
T_GYMRD-E11,16,DF,-0.002,-0.004
T_GYMRD-W11,16,DF,-0.003,-0.006
T_HALSW-1,16,DF,-0.121,-0.242
T_HEYM2-D,16,DF,-26.836,-53.672
T_HMGTO-2,16,DF,-0.357,-0.714
T_HUMRD-1,16,DF,-26.675,-53.35
T_INDQ-1,16,DF,-1.09,-2.18
T_KEAD-1,16,DF,-2.02,-4.04
T_KEAD-2,16,DF,-0.401,-0.802
T_KEADGT-3,16,DF,-0.08,-0.16
T_KENNW-1,16,DF,-0.08,-0.16
T_KILLPG-1,16,DF,-0.5,-1.0
T_KILLPG-2,16,DF,-0.324,-0.648
T_LAGA-1,16,DF,-0.7000000000000001,-1.4000000000000001
T_LBAR-1,16,DF,-1.1,-2.2
T_LBAR-1G,16,DF,-0.05,-0.1
T_MEDP-1,16,DF,-2.039,-4.078
T_MOWEO-1,16,DF,-0.557,-1.114
T_MOWEO-3,16,DF,-0.514,-1.028
T_MRWD-1,16,DF,-2.5,-5.0
T_PEMB-11,16,DF,-1.0,-2.0
T_PEMB-21,16,DF,-0.3,-0.6
T_PEMB-31,16,DF,-0.3,-0.6
T_PEMB-41,16,DF,-0.25,-0.5
T_ROCK-1,16,DF,-1.1,-2.2
T_RYHPS-1,16,DF,-0.809,-1.618
T_SCCL-3,16,DF,-0.4,-0.8
T_SCCL-4,16,DF,-29.85,-59.7
T_SEAB-2,16,DF,-0.8220000000000001,-1.6440000000000001
T_SEEL-1,16,DF,-0.135,-0.27
T_SHBA-1,16,DF,-1.509,-3.018
T_SHBA-2,16,DF,-0.918,-1.836
T_SPLN-1,16,DF,-1.3,-2.6
T_STAY-1,16,DF,-0.35000000000000003,-0.7000000000000001
T_STAY-3,16,DF,-0.35000000000000003,-0.7000000000000001
T_STAY-4,16,DF,-0.35000000000000003,-0.7000000000000001
T_STRNW-1,16,DF,-0.148,-0.296
T_SUTB-1,16,DF,-0.2,-0.4
T_SVRP-10,16,DF,-0.35000000000000003,-0.7000000000000001
T_SVRP-20,16,DF,-0.25,-0.5
T_TDBNW-1,16,DF,-0.001,-0.002
T_TORN-D,16,DF,-16.632,-33.264
T_TSREP-1,16,DF,-0.913,-1.826
T_WILCT-1,16,DF,-0.9550000000000001,-1.9100000000000001
T_AKGLW-3,17,DF,-0.112,-0.224
T_BHLAW-1,17,DF,-0.507,-1.014
T_BPGRD-1,17,DF,-34.559,-69.118
T_CARR-1,17,DF,-0.5,-1.0
T_CARR-2,17,DF,-0.3,-0.6
T_CDCL-1,17,DF,-1.44,-2.88
T_CNQPS-1,17,DF,-2.331,-4.662
T_CNQPS-2,17,DF,-2.394,-4.788
T_CNQPS-3,17,DF,-2.079,-4.158
T_COSO-1,17,DF,-1.312,-2.624
T_CRGHD-1,17,DF,-0.006,-0.012
T_DAMC-1,17,DF,-0.675,-1.35
T_DIDCB5,17,DF,-1.35,-2.7
T_DIDCB6,17,DF,-1.05,-2.1
T_DINO-1,17,DF,-0.75,-1.5
T_DINO-2,17,DF,-32.7,-65.4
T_DINO-3,17,DF,-0.25,-0.5
T_DINO-5,17,DF,-2.6,-5.2
T_DINO-6,17,DF,-1.25,-2.5
T_EECL-1,17,DF,-0.36,-0.72
T_FFES-1,17,DF,-0.021,-0.042
T_FFES-2,17,DF,-0.021,-0.042
T_FFES-3,17,DF,-0.79,-1.58
T_FFES-4,17,DF,-0.01,-0.02
T_FOYED-1,17,DF,-0.073,-0.146
T_GLNDO-1,17,DF,-0.021,-0.042
T_GRAI-6,17,DF,-0.35000000000000003,-0.7000000000000001
T_GYMRD-16,17,DF,-0.001,-0.002
T_GYMRD-E11,17,DF,-0.002,-0.004
T_GYMRD-W11,17,DF,-0.002,-0.004
T_HALSW-1,17,DF,-0.12,-0.24
T_HEYM2-D,17,DF,-26.968,-53.936
T_HMGTO-2,17,DF,-0.354,-0.708
T_HUMRD-1,17,DF,-26.219,-52.438
T_INDQ-1,17,DF,-1.095,-2.19
T_KEAD-1,17,DF,-2.07,-4.14
T_KEAD-2,17,DF,-0.393,-0.786
T_KEADGT-3,17,DF,-0.08,-0.16
T_KENNW-1,17,DF,-0.08,-0.16
T_KILLPG-1,17,DF,-0.533,-1.066
T_KILLPG-2,17,DF,-0.325,-0.65
T_LAGA-1,17,DF,-0.7000000000000001,-1.4000000000000001
T_LBAR-1,17,DF,-1.13,-2.26
T_LBAR-1G,17,DF,-0.02,-0.04
T_MEDP-1,17,DF,-2.12,-4.24
T_MOWEO-1,17,DF,-0.552,-1.104
T_MOWEO-3,17,DF,-0.522,-1.044
T_MRWD-1,17,DF,-2.4,-4.8
T_PEMB-11,17,DF,-1.05,-2.1
T_PEMB-21,17,DF,-0.3,-0.6
T_PEMB-31,17,DF,-0.35000000000000003,-0.7000000000000001
T_PEMB-41,17,DF,-0.3,-0.6
T_PNYCB-1,17,DF,-0.975,-1.95
T_ROCK-1,17,DF,-1.1,-2.2
T_RYHPS-1,17,DF,-0.8200000000000001,-1.6400000000000001
T_SCCL-3,17,DF,-0.35000000000000003,-0.7000000000000001
T_SCCL-4,17,DF,-29.86,-59.72
T_SEAB-2,17,DF,-0.8210000000000001,-1.6420000000000001
T_SEEL-1,17,DF,-0.136,-0.272
T_SHBA-1,17,DF,-1.51,-3.02
T_SHBA-2,17,DF,-0.916,-1.832
T_SPLN-1,17,DF,-1.3,-2.6
T_STAY-1,17,DF,-0.4,-0.8
T_STAY-3,17,DF,-0.35000000000000003,-0.7000000000000001
T_STAY-4,17,DF,-0.4,-0.8
T_STRNW-1,17,DF,-0.148,-0.296
T_SUTB-1,17,DF,-0.1,-0.2
T_SVRP-10,17,DF,-0.3,-0.6
T_SVRP-20,17,DF,-0.2,-0.4
T_TORN-D,17,DF,-16.732,-33.464
T_TSREP-1,17,DF,-0.897,-1.794
T_WBURB-41,17,DF,-0.112,-0.224
T_WBURB-43,17,DF,-0.066,-0.132
T_WILCT-1,17,DF,-1.5899999999999999,-3.1799999999999997
T_AKGLW-3,18,DF,-0.115,-0.23
T_BDCHW-1,18,DF,-0.096,-0.192
T_BHLAW-1,18,DF,-0.502,-1.004
T_BPGRD-1,18,DF,-34.492,-68.984
T_CARR-1,18,DF,-0.6,-1.2
T_CARR-2,18,DF,-0.3,-0.6
T_CDCL-1,18,DF,-1.53,-3.06
T_CNQPS-1,18,DF,-2.268,-4.536
T_CNQPS-2,18,DF,-2.394,-4.788
T_CNQPS-3,18,DF,-2.079,-4.158
T_COSO-1,18,DF,-1.27,-2.54
T_CRGHD-1,18,DF,-0.006,-0.012
T_DAMC-1,18,DF,-0.7000000000000001,-1.4000000000000001
T_DIDCB5,18,DF,-1.3,-2.6
T_DIDCB6,18,DF,-1.05,-2.1
T_DINO-1,18,DF,-0.75,-1.5
T_DINO-2,18,DF,-2.6,-5.2
T_DINO-3,18,DF,-0.25,-0.5
T_DINO-5,18,DF,-2.6,-5.2
T_DINO-6,18,DF,-0.15,-0.3
T_EECL-1,18,DF,-0.432,-0.864
T_FFES-1,18,DF,-0.021,-0.042
T_FFES-2,18,DF,-0.011,-0.022
T_FFES-3,18,DF,-0.8,-1.6
T_FFES-4,18,DF,-0.02,-0.04
T_FOYED-1,18,DF,-0.075,-0.15
T_GLNDO-1,18,DF,-0.021,-0.042
T_GRAI-6,18,DF,-0.35000000000000003,-0.7000000000000001
T_GYMRD-16,18,DF,-0.001,-0.002
T_GYMRD-E11,18,DF,-0.003,-0.006
T_GYMRD-W11,18,DF,-0.003,-0.006
T_HALSW-1,18,DF,-0.122,-0.244
T_HEYM2-D,18,DF,-27.044,-54.088
T_HMGTO-2,18,DF,-0.35100000000000003,-0.7020000000000001
T_HUMRD-1,18,DF,-25.823,-51.646
T_INDQ-1,18,DF,-1.105,-2.21
T_KEAD-1,18,DF,-2.07,-4.14
T_KEAD-2,18,DF,-0.388,-0.776
T_KEADGT-3,18,DF,-0.08,-0.16
T_KILLPG-1,18,DF,-0.533,-1.066
T_KILLPG-2,18,DF,-0.322,-0.644
T_LAGA-1,18,DF,-0.8,-1.6
T_LBAR-1,18,DF,-1.11,-2.22
T_LBAR-1G,18,DF,-0.04,-0.08
T_MEDP-1,18,DF,-2.118,-4.236
T_MOWEO-1,18,DF,-0.556,-1.112
T_MOWEO-3,18,DF,-0.507,-1.014
T_MRWD-1,18,DF,-2.6,-5.2
T_PEMB-11,18,DF,-1.0,-2.0
T_PEMB-21,18,DF,-0.35000000000000003,-0.7000000000000001
T_PEMB-31,18,DF,-0.35000000000000003,-0.7000000000000001
T_PEMB-41,18,DF,-0.25,-0.5
T_PEMB-51,18,DF,-1.75,-3.5
T_PNYCB-1,18,DF,-0.63,-1.26
T_ROCK-1,18,DF,-1.1,-2.2
T_RYHPS-1,18,DF,-0.848,-1.696
T_SCCL-3,18,DF,-0.4,-0.8
T_SCCL-4,18,DF,-29.94,-59.88
T_SEAB-2,18,DF,-0.8210000000000001,-1.6420000000000001
T_SEEL-1,18,DF,-0.138,-0.276
T_SHBA-1,18,DF,-1.513,-3.026
T_SHBA-2,18,DF,-0.781,-1.562
T_SPLN-1,18,DF,-1.3,-2.6
T_STAY-1,18,DF,-0.4,-0.8
T_STAY-3,18,DF,-0.35000000000000003,-0.7000000000000001
T_STAY-4,18,DF,-0.3,-0.6
T_STRNW-1,18,DF,-0.149,-0.298
T_SUTB-1,18,DF,-0.1,-0.2
T_SVRP-10,18,DF,-0.35000000000000003,-0.7000000000000001
T_SVRP-20,18,DF,-0.2,-0.4
T_TORN-D,18,DF,-16.728,-33.456
T_TSREP-1,18,DF,-0.907,-1.814
T_WBURB-41,18,DF,-0.221,-0.442
T_WBURB-43,18,DF,-0.138,-0.276
T_WILCT-1,18,DF,-1.185,-2.37
T_BDCHW-1,19,DF,-0.091,-0.182
T_BHLAW-1,19,DF,-0.504,-1.008
T_BPGRD-1,19,DF,-34.303,-68.606
T_CARR-1,19,DF,-0.5,-1.0
T_CARR-2,19,DF,-0.2,-0.4
T_CDCL-1,19,DF,-1.44,-2.88
T_CNQPS-1,19,DF,-2.268,-4.536
T_CNQPS-2,19,DF,-2.394,-4.788
T_CNQPS-3,19,DF,-2.079,-4.158
T_COSO-1,19,DF,-1.308,-2.616
T_CRGHD-1,19,DF,-0.004,-0.008
T_DAMC-1,19,DF,-0.725,-1.45
T_DIDCB5,19,DF,-1.35,-2.7
T_DIDCB6,19,DF,-1.05,-2.1
T_DINO-1,19,DF,-0.8,-1.6
T_DINO-2,19,DF,-1.1,-2.2
T_DINO-3,19,DF,-0.25,-0.5
T_DINO-5,19,DF,-2.6,-5.2
T_DINO-6,19,DF,-0.1,-0.2
T_EECL-1,19,DF,-0.361,-0.722
T_FFES-1,19,DF,-0.011,-0.022
T_FFES-2,19,DF,-0.021,-0.042
T_FFES-3,19,DF,-0.8,-1.6
T_FFES-4,19,DF,-0.01,-0.02
T_FOYED-1,19,DF,-0.073,-0.146
T_GLNDO-1,19,DF,-0.021,-0.042
T_GRAI-6,19,DF,-0.35000000000000003,-0.7000000000000001
T_GYMRD-16,19,DF,-0.001,-0.002
T_GYMRD-E11,19,DF,-0.003,-0.006
T_GYMRD-W11,19,DF,-0.002,-0.004
T_HALSW-1,19,DF,-0.11800000000000001,-0.23600000000000002
T_HEYM2-D,19,DF,-27.112,-54.224
T_HMGTO-1,19,DF,-0.56,-1.12
T_HMGTO-2,19,DF,-0.34600000000000003,-0.6920000000000001
T_HUMRD-1,19,DF,-25.743,-51.486
T_INDQ-1,19,DF,-1.12,-2.24
T_KEAD-1,19,DF,-2.07,-4.14
T_KEAD-2,19,DF,-0.381,-0.762
T_KEADGT-3,19,DF,-0.08,-0.16
T_KILLPG-1,19,DF,-0.532,-1.064
T_KILLPG-2,19,DF,-0.319,-0.638
T_LAGA-1,19,DF,-0.7000000000000001,-1.4000000000000001
T_LBAR-1,19,DF,-0.37,-0.74
T_MEDP-1,19,DF,-2.1,-4.2
T_MOWEO-1,19,DF,-0.561,-1.122
T_MOWEO-3,19,DF,-0.508,-1.016
T_MRWD-1,19,DF,-2.5,-5.0
T_PEMB-11,19,DF,-0.5,-1.0
T_PEMB-21,19,DF,-0.3,-0.6
T_PEMB-31,19,DF,-0.35000000000000003,-0.7000000000000001
T_PEMB-41,19,DF,-0.25,-0.5
T_PEMB-51,19,DF,-0.45,-0.9
T_ROCK-1,19,DF,-1.1,-2.2
T_RYHPS-1,19,DF,-0.88,-1.76
T_SCCL-3,19,DF,-0.4,-0.8
T_SCCL-4,19,DF,-30.01,-60.02
T_SEAB-2,19,DF,-0.8230000000000001,-1.6460000000000001
T_SEEL-1,19,DF,-0.131,-0.262
T_SHBA-1,19,DF,-1.51,-3.02
T_SHBA-2,19,DF,-0.785,-1.57
T_SPLN-1,19,DF,-1.3,-2.6
T_STAY-1,19,DF,-0.4,-0.8
T_STAY-3,19,DF,-0.5,-1.0
T_STAY-4,19,DF,-0.4,-0.8
T_STRNW-1,19,DF,-0.148,-0.296
T_SUTB-1,19,DF,-0.1,-0.2
T_SVRP-10,19,DF,-0.35000000000000003,-0.7000000000000001
T_SVRP-20,19,DF,-0.2,-0.4
T_TORN-D,19,DF,-16.776,-33.552
T_TSREP-1,19,DF,-0.908,-1.816
T_WBURB-41,19,DF,-0.389,-0.778
T_WBURB-43,19,DF,-0.251,-0.502
T_WILCT-1,19,DF,-2.7199999999999998,-5.4399999999999995
T_BDCHW-1,20,DF,-0.08700000000000001,-0.17400000000000002
T_BHLAW-1,20,DF,-0.492,-0.984
T_BPGRD-1,20,DF,-33.889,-67.778
T_CARR-1,20,DF,-0.5,-1.0
T_CARR-2,20,DF,-0.3,-0.6
T_CDCL-1,20,DF,-1.53,-3.06
T_CNQPS-1,20,DF,-2.331,-4.662
T_CNQPS-2,20,DF,-2.394,-4.788
T_CNQPS-3,20,DF,-2.016,-4.032
T_COSO-1,20,DF,-1.231,-2.462
T_CRGHD-1,20,DF,-0.005,-0.01
T_DAMC-1,20,DF,-0.73,-1.46
T_DIDCB5,20,DF,-1.35,-2.7
T_DIDCB6,20,DF,-1.05,-2.1
T_DINO-1,20,DF,-0.75,-1.5
T_DINO-2,20,DF,-0.1,-0.2
T_DINO-3,20,DF,-0.25,-0.5
T_DINO-5,20,DF,-2.6,-5.2
T_DINO-6,20,DF,-0.15,-0.3
T_EECL-1,20,DF,-0.432,-0.864
T_FFES-1,20,DF,-0.021,-0.042
T_FFES-2,20,DF,-0.021,-0.042
T_FFES-3,20,DF,-0.8,-1.6
T_FFES-4,20,DF,-0.02,-0.04
T_FOYED-1,20,DF,-0.07200000000000001,-0.14400000000000002
T_GLNDO-1,20,DF,-0.021,-0.042
T_GRAI-6,20,DF,-0.3,-0.6
T_GRAI-8,20,DF,-2.15,-4.3
T_GYMRD-16,20,DF,-0.001,-0.002
T_GYMRD-E11,20,DF,-0.002,-0.004
T_GYMRD-W11,20,DF,-0.002,-0.004
T_HALSW-1,20,DF,-0.117,-0.234
T_HEYM2-D,20,DF,-27.012,-54.024
T_HUMRD-1,20,DF,-25.765,-51.53
T_INDQ-1,20,DF,-1.13,-2.26
T_KEAD-1,20,DF,-2.07,-4.14
T_KEAD-2,20,DF,-0.393,-0.786
T_KEADGT-3,20,DF,-0.08,-0.16
T_KILLPG-1,20,DF,-0.538,-1.076
T_KILLPG-2,20,DF,-0.321,-0.642
T_LAGA-1,20,DF,-0.8,-1.6
T_LBAR-1,20,DF,-1.7000000000000002,-3.4000000000000004
T_MEDP-1,20,DF,-2.128,-4.256
T_MOWEO-1,20,DF,-0.554,-1.108
T_MRWD-1,20,DF,-2.4,-4.8
T_PEMB-11,20,DF,-0.45,-0.9
T_PEMB-21,20,DF,-0.3,-0.6
T_PEMB-31,20,DF,-0.35000000000000003,-0.7000000000000001
T_PEMB-41,20,DF,-0.3,-0.6
T_PEMB-51,20,DF,-0.35000000000000003,-0.7000000000000001
T_ROCK-1,20,DF,-1.0,-2.0
T_RYHPS-1,20,DF,-0.8290000000000001,-1.6580000000000001
T_SCCL-3,20,DF,-0.4,-0.8
T_SCCL-4,20,DF,-29.94,-59.88
T_SEAB-2,20,DF,-0.8220000000000001,-1.6440000000000001
T_SEEL-1,20,DF,-0.135,-0.27
T_SHBA-1,20,DF,-1.5030000000000001,-3.0060000000000002
T_SHBA-2,20,DF,-0.786,-1.572
T_SPLN-1,20,DF,-1.3,-2.6
T_STAY-1,20,DF,-0.4,-0.8
T_STAY-3,20,DF,-0.75,-1.5
T_STAY-4,20,DF,-0.35000000000000003,-0.7000000000000001
T_STRNW-1,20,DF,-0.148,-0.296
T_SUTB-1,20,DF,-0.1,-0.2
T_SVRP-10,20,DF,-0.35000000000000003,-0.7000000000000001
T_SVRP-20,20,DF,-0.25,-0.5
T_TORN-D,20,DF,-16.844,-33.688
T_TSREP-1,20,DF,-0.907,-1.814
T_WBURB-41,20,DF,-0.28600000000000003,-0.5720000000000001
T_WBURB-43,20,DF,-0.184,-0.368
T_WILCT-1,20,DF,-2.575,-5.15
T_BDCHW-1,21,DF,-0.081,-0.162
T_BHLAW-1,21,DF,-0.149,-0.298
T_BPGRD-1,21,DF,-33.495,-66.99
T_CARR-1,21,DF,-0.5,-1.0
T_CARR-2,21,DF,-0.3,-0.6
T_CDCL-1,21,DF,-1.44,-2.88
T_CNQPS-1,21,DF,-2.268,-4.536
T_CNQPS-2,21,DF,-2.331,-4.662
T_CNQPS-3,21,DF,-2.079,-4.158
T_COSO-1,21,DF,-1.33,-2.66
T_CRGHD-1,21,DF,-0.004,-0.008
T_DAMC-1,21,DF,-0.73,-1.46
T_DIDCB5,21,DF,-1.3,-2.6
T_DIDCB6,21,DF,-1.05,-2.1
T_DINO-1,21,DF,-0.8,-1.6
T_DINO-2,21,DF,-0.15,-0.3
T_DINO-3,21,DF,-0.25,-0.5
T_DINO-5,21,DF,-2.6,-5.2
T_DINO-6,21,DF,-0.1,-0.2
T_EECL-1,21,DF,-0.432,-0.864
T_FFES-1,21,DF,-0.011,-0.022
T_FFES-2,21,DF,-0.011,-0.022
T_FFES-3,21,DF,-0.8,-1.6
T_FFES-4,21,DF,-0.01,-0.02
T_FOYED-1,21,DF,-0.075,-0.15
T_GLNDO-1,21,DF,-0.021,-0.042
T_GRAI-6,21,DF,-0.35000000000000003,-0.7000000000000001
T_GRAI-8,21,DF,-2.15,-4.3
T_GYMRD-16,21,DF,-0.001,-0.002
T_GYMRD-E11,21,DF,-0.002,-0.004
T_GYMRD-W11,21,DF,-0.003,-0.006
T_HALSW-1,21,DF,-0.117,-0.234
T_HEYM2-D,21,DF,-26.996,-53.992
T_HUMRD-1,21,DF,-25.918,-51.836
T_INDQ-1,21,DF,-1.15,-2.3
T_KEAD-1,21,DF,-1.97,-3.94
T_KEAD-2,21,DF,-0.382,-0.764
T_KEADGT-3,21,DF,-0.08,-0.16
T_KILLPG-1,21,DF,-0.533,-1.066
T_KILLPG-2,21,DF,-0.319,-0.638
T_LAGA-1,21,DF,-0.7000000000000001,-1.4000000000000001
T_LBAR-1,21,DF,-2.34,-4.68
T_MEDP-1,21,DF,-2.103,-4.206
T_MOWEO-1,21,DF,-0.555,-1.11
T_MRWD-1,21,DF,-2.5,-5.0
T_PEMB-11,21,DF,-0.5,-1.0
T_PEMB-21,21,DF,-0.3,-0.6
T_PEMB-31,21,DF,-0.35000000000000003,-0.7000000000000001
T_PEMB-41,21,DF,-0.25,-0.5
T_PEMB-51,21,DF,-0.35000000000000003,-0.7000000000000001
T_ROCK-1,21,DF,-1.2,-2.4
T_RYHPS-1,21,DF,-0.869,-1.738
T_SCCL-3,21,DF,-0.35000000000000003,-0.7000000000000001
T_SCCL-4,21,DF,-29.94,-59.88
T_SEAB-1,21,DF,-2.507,-5.014
T_SEAB-2,21,DF,-0.8250000000000001,-1.6500000000000001
T_SEEL-1,21,DF,-0.133,-0.266
T_SHBA-1,21,DF,-1.4969999999999999,-2.9939999999999998
T_SHBA-2,21,DF,-0.787,-1.574
T_SPLN-1,21,DF,-1.35,-2.7
T_STAY-1,21,DF,-0.4,-0.8
T_STAY-3,21,DF,-0.8,-1.6
T_STAY-4,21,DF,-0.35000000000000003,-0.7000000000000001
T_STRNW-1,21,DF,-0.147,-0.294
T_SUTB-1,21,DF,-0.3,-0.6
T_SVRP-10,21,DF,-0.3,-0.6
T_SVRP-20,21,DF,-0.2,-0.4
T_TORN-D,21,DF,-16.824,-33.648
T_TSREP-1,21,DF,-0.917,-1.834
T_WBURB-41,21,DF,-0.331,-0.662
T_WBURB-43,21,DF,-0.211,-0.422
T_WILCT-1,21,DF,-1.13,-2.26
T_BDCHW-1,22,DF,-0.079,-0.158
T_BHLAW-1,22,DF,-0.23900000000000002,-0.47800000000000004
T_BPGRD-1,22,DF,-33.351,-66.702
T_CARR-1,22,DF,-0.5,-1.0
T_CARR-2,22,DF,-0.2,-0.4
T_CDCL-1,22,DF,-1.53,-3.06
T_CNQPS-1,22,DF,-2.268,-4.536
T_CNQPS-2,22,DF,-2.394,-4.788
T_CNQPS-3,22,DF,-2.079,-4.158
T_COSO-1,22,DF,-1.2610000000000001,-2.5220000000000002
T_CRGHD-1,22,DF,-0.005,-0.01
T_DAMC-1,22,DF,-0.715,-1.43
T_DIDCB5,22,DF,-1.3,-2.6
T_DIDCB6,22,DF,-1.05,-2.1
T_DINO-1,22,DF,-0.75,-1.5
T_DINO-2,22,DF,-0.1,-0.2
T_DINO-3,22,DF,-0.25,-0.5
T_DINO-5,22,DF,-2.55,-5.1
T_DINO-6,22,DF,-0.15,-0.3
T_EECL-1,22,DF,-0.36,-0.72
T_FFES-1,22,DF,-0.021,-0.042
T_FFES-2,22,DF,-0.021,-0.042
T_FFES-3,22,DF,-0.8,-1.6
T_FFES-4,22,DF,-0.02,-0.04
T_FOYED-1,22,DF,-0.07200000000000001,-0.14400000000000002
T_GLNDO-1,22,DF,-0.021,-0.042
T_GRAI-6,22,DF,-0.3,-0.6
T_GRAI-8,22,DF,-1.35,-2.7
T_GYMRD-16,22,DF,-0.001,-0.002
T_GYMRD-E11,22,DF,-0.003,-0.006
T_GYMRD-W11,22,DF,-0.003,-0.006
T_HALSW-1,22,DF,-0.117,-0.234
T_HEYM2-D,22,DF,-26.844,-53.688
T_HUMRD-1,22,DF,-25.725,-51.45
T_INDQ-1,22,DF,-1.125,-2.25
T_KEAD-1,22,DF,-2.07,-4.14
T_KEAD-2,22,DF,-0.38,-0.76
T_KEADGT-3,22,DF,-0.08,-0.16
T_KILLPG-1,22,DF,-0.528,-1.056
T_KILLPG-2,22,DF,-0.316,-0.632
T_LAGA-1,22,DF,-0.8,-1.6
T_LBAR-1,22,DF,-3.44,-6.88
T_MEDP-1,22,DF,-2.077,-4.154
T_MOWEO-1,22,DF,-0.5640000000000001,-1.1280000000000001
T_MRWD-1,22,DF,-2.4,-4.8
T_PEMB-11,22,DF,-0.5,-1.0
T_PEMB-21,22,DF,-0.3,-0.6
T_PEMB-31,22,DF,-0.3,-0.6
T_PEMB-41,22,DF,-0.3,-0.6
T_PEMB-51,22,DF,-0.3,-0.6
T_PNYCB-1,22,DF,-0.005,-0.01
T_ROCK-1,22,DF,-1.1,-2.2
T_RYHPS-1,22,DF,-0.864,-1.728
T_SCCL-3,22,DF,-0.4,-0.8
T_SCCL-4,22,DF,-29.89,-59.78
T_SEAB-1,22,DF,-2.066,-4.132
T_SEAB-2,22,DF,-0.885,-1.77
T_SEEL-1,22,DF,-0.131,-0.262
T_SHBA-1,22,DF,-1.509,-3.018
T_SHBA-2,22,DF,-0.782,-1.564
T_SPLN-1,22,DF,-1.3,-2.6
T_STAY-1,22,DF,-0.4,-0.8
T_STAY-3,22,DF,-0.75,-1.5
T_STAY-4,22,DF,-0.35000000000000003,-0.7000000000000001
T_STRNW-1,22,DF,-0.145,-0.29
T_SUTB-1,22,DF,-0.2,-0.4
T_SVRP-10,22,DF,-0.35000000000000003,-0.7000000000000001
T_SVRP-20,22,DF,-0.2,-0.4
T_TORN-D,22,DF,-16.752,-33.504
T_TSREP-1,22,DF,-0.932,-1.864
T_BDCHW-1,23,DF,-0.079,-0.158
T_BHLAW-1,23,DF,-0.402,-0.804
T_BPGRD-1,23,DF,-33.491,-66.982
T_CARR-1,23,DF,-0.6,-1.2
T_CARR-2,23,DF,-0.3,-0.6
T_CDCL-1,23,DF,-1.44,-2.88
T_CNQPS-1,23,DF,-2.331,-4.662
T_CNQPS-2,23,DF,-2.331,-4.662
T_CNQPS-3,23,DF,-2.016,-4.032
T_COSO-1,23,DF,-0.987,-1.974
T_CRGHD-1,23,DF,-0.004,-0.008
T_DAMC-1,23,DF,-0.705,-1.41
T_DIDCB5,23,DF,-1.35,-2.7
T_DIDCB6,23,DF,-1.05,-2.1
T_DINO-1,23,DF,-0.7000000000000001,-1.4000000000000001
T_DINO-2,23,DF,-0.15,-0.3
T_DINO-3,23,DF,-0.25,-0.5
T_DINO-5,23,DF,-2.55,-5.1
T_DINO-6,23,DF,-0.1,-0.2
T_EECL-1,23,DF,-0.432,-0.864
T_FFES-1,23,DF,-0.011,-0.022
T_FFES-2,23,DF,-0.011,-0.022
T_FFES-3,23,DF,-0.8,-1.6
T_FFES-4,23,DF,-0.01,-0.02
T_FOYED-1,23,DF,-0.075,-0.15
T_GLNDO-1,23,DF,-0.021,-0.042
T_GRAI-6,23,DF,-0.35000000000000003,-0.7000000000000001
T_GRAI-8,23,DF,-1.2,-2.4
T_GYMRD-16,23,DF,-0.001,-0.002
T_GYMRD-E11,23,DF,-0.002,-0.004
T_GYMRD-W11,23,DF,-0.003,-0.006
T_HALSW-1,23,DF,-0.12,-0.24
T_HEYM2-D,23,DF,-26.948,-53.896
T_HUMRD-1,23,DF,-25.777,-51.554
T_INDQ-1,23,DF,-1.12,-2.24
T_KEAD-1,23,DF,-2.02,-4.04
T_KEAD-2,23,DF,-0.387,-0.774
T_KEADGT-3,23,DF,-0.08,-0.16
T_KILLPG-1,23,DF,-0.529,-1.058
T_KILLPG-2,23,DF,-0.318,-0.636
T_LAGA-1,23,DF,-0.8,-1.6
T_LBAR-1,23,DF,-3.02,-6.04
T_MEDP-1,23,DF,-2.104,-4.208
T_MOWEO-1,23,DF,-0.559,-1.118
T_MRWD-1,23,DF,-2.5,-5.0
T_PEMB-11,23,DF,-0.45,-0.9
T_PEMB-21,23,DF,-0.35000000000000003,-0.7000000000000001
T_PEMB-31,23,DF,-0.35000000000000003,-0.7000000000000001
T_PEMB-41,23,DF,-0.25,-0.5
T_PEMB-51,23,DF,-0.35000000000000003,-0.7000000000000001
T_PNYCB-1,23,DF,-0.015,-0.03
T_ROCK-1,23,DF,-1.1,-2.2
T_RYHPS-1,23,DF,-0.836,-1.672
T_SCCL-3,23,DF,-0.3,-0.6
T_SCCL-4,23,DF,-29.88,-59.76
T_SEAB-1,23,DF,-1.706,-3.412
T_SEAB-2,23,DF,-0.852,-1.704
T_SEEL-1,23,DF,-0.133,-0.266
T_SHBA-1,23,DF,-1.491,-2.982
T_SHBA-2,23,DF,-0.781,-1.562
T_SPLN-1,23,DF,-1.4,-2.8
T_STAY-1,23,DF,-0.4,-0.8
T_STAY-2,23,DF,-1.3,-2.6
T_STAY-3,23,DF,-0.8,-1.6
T_STAY-4,23,DF,-0.3,-0.6
T_STRNW-1,23,DF,-0.14300000000000002,-0.28600000000000003
T_SUTB-1,23,DF,-0.2,-0.4
T_SVRP-10,23,DF,-0.35000000000000003,-0.7000000000000001
T_SVRP-20,23,DF,-0.2,-0.4
T_TORN-D,23,DF,-16.7,-33.4
T_TSREP-1,23,DF,-0.917,-1.834
T_WBURB-3,23,DF,-5.009,-10.018
T_WBURB-41,23,DF,-0.643,-1.286
T_WBURB-43,23,DF,-0.841,-1.682
T_BDCHW-1,24,DF,-0.077,-0.154
T_BHLAW-1,24,DF,-0.41000000000000003,-0.8200000000000001
T_BPGRD-1,24,DF,-33.202,-66.404
T_CARR-1,24,DF,-0.5,-1.0
T_CARR-2,24,DF,-0.5,-1.0
T_CDCL-1,24,DF,-1.53,-3.06
T_CNQPS-1,24,DF,-2.268,-4.536
T_CNQPS-2,24,DF,-2.394,-4.788
T_CNQPS-3,24,DF,-2.079,-4.158
T_COSO-1,24,DF,-0.986,-1.972
T_CRGHD-1,24,DF,-0.004,-0.008
T_DAMC-1,24,DF,-0.6950000000000001,-1.3900000000000001
T_DIDCB5,24,DF,-1.3,-2.6
T_DIDCB6,24,DF,-1.0,-2.0
T_DINO-1,24,DF,-0.75,-1.5
T_DINO-2,24,DF,-0.1,-0.2
T_DINO-3,24,DF,-0.25,-0.5
T_DINO-5,24,DF,-2.55,-5.1
T_DINO-6,24,DF,-2.35,-4.7
T_EECL-1,24,DF,-0.433,-0.866
T_FFES-1,24,DF,-0.021,-0.042
T_FFES-2,24,DF,-0.021,-0.042
T_FFES-3,24,DF,-0.8,-1.6
T_FFES-4,24,DF,-0.02,-0.04
T_FOYED-1,24,DF,-0.074,-0.148
T_GLNDO-1,24,DF,-0.021,-0.042
T_GRAI-6,24,DF,-0.35000000000000003,-0.7000000000000001
T_GRAI-8,24,DF,-1.15,-2.3
T_GYMRD-16,24,DF,-0.001,-0.002
T_GYMRD-E11,24,DF,-0.003,-0.006
T_GYMRD-W11,24,DF,-0.003,-0.006
T_HALSW-1,24,DF,-0.11900000000000001,-0.23800000000000002
T_HEYM2-D,24,DF,-26.76,-53.52
T_HUMRD-1,24,DF,-25.693,-51.386
T_INDQ-1,24,DF,-1.125,-2.25
T_KEAD-1,24,DF,-2.02,-4.04
T_KEAD-2,24,DF,-0.394,-0.788
T_KEADGT-3,24,DF,-0.08,-0.16
T_KILLPG-1,24,DF,-0.531,-1.062
T_KILLPG-2,24,DF,-0.321,-0.642
T_LAGA-1,24,DF,-0.7000000000000001,-1.4000000000000001
T_LBAR-1,24,DF,-2.36,-4.72
T_LBAR-1G,24,DF,-0.04,-0.08
T_MEDP-1,24,DF,-2.134,-4.268
T_MOWEO-1,24,DF,-0.557,-1.114
T_MRWD-1,24,DF,-2.3,-4.6
T_PEMB-11,24,DF,-0.5,-1.0
T_PEMB-21,24,DF,-0.3,-0.6
T_PEMB-31,24,DF,-0.35000000000000003,-0.7000000000000001
T_PEMB-41,24,DF,-0.3,-0.6
T_PEMB-51,24,DF,-0.35000000000000003,-0.7000000000000001
T_ROCK-1,24,DF,-1.1,-2.2
T_RYHPS-1,24,DF,-0.8250000000000001,-1.6500000000000001
T_SCCL-3,24,DF,-0.4,-0.8
T_SCCL-4,24,DF,-29.79,-59.58
T_SEAB-1,24,DF,-1.693,-3.386
T_SEAB-2,24,DF,-0.8170000000000001,-1.6340000000000001
T_SEEL-1,24,DF,-0.134,-0.268
T_SHBA-1,24,DF,-1.4969999999999999,-2.9939999999999998
T_SHBA-2,24,DF,-0.778,-1.556
T_SPLN-1,24,DF,-1.35,-2.7
T_STAY-1,24,DF,-0.4,-0.8
T_STAY-2,24,DF,-0.85,-1.7
T_STAY-3,24,DF,-0.75,-1.5
T_STAY-4,24,DF,-0.35000000000000003,-0.7000000000000001
T_STRNW-1,24,DF,-0.14200000000000002,-0.28400000000000003
T_SUTB-1,24,DF,-0.2,-0.4
T_SVRP-10,24,DF,-0.3,-0.6
T_SVRP-20,24,DF,-0.2,-0.4
T_TORN-D,24,DF,-16.592,-33.184
T_TSREP-1,24,DF,-0.917,-1.834
T_WBURB-3,24,DF,-4.587,-9.174
T_WBURB-41,24,DF,-0.388,-0.776
T_WBURB-43,24,DF,-0.41300000000000003,-0.8260000000000001
T_BDCHW-1,25,DF,-0.079,-0.158
T_BHLAW-1,25,DF,-0.418,-0.836
T_BPGRD-1,25,DF,-33.592,-67.184
T_CARR-1,25,DF,-0.5,-1.0
T_CARR-2,25,DF,-0.6,-1.2
T_CDCL-1,25,DF,-1.44,-2.88
T_CNQPS-1,25,DF,-2.268,-4.536
T_CNQPS-2,25,DF,-2.394,-4.788
T_CNQPS-3,25,DF,-2.079,-4.158
T_COSO-1,25,DF,-0.986,-1.972
T_CRGHD-1,25,DF,-0.004,-0.008
T_DAMC-1,25,DF,-0.645,-1.29
T_DIDCB5,25,DF,-1.3,-2.6
T_DIDCB6,25,DF,-1.0,-2.0
T_DINO-1,25,DF,-0.75,-1.5
T_DINO-2,25,DF,-0.1,-0.2
T_DINO-3,25,DF,-0.25,-0.5
T_EECL-1,25,DF,-0.36,-0.72
T_FFES-1,25,DF,-0.021,-0.042
T_FFES-2,25,DF,-0.011,-0.022
T_FFES-3,25,DF,-0.8,-1.6
T_FFES-4,25,DF,-0.01,-0.02
T_FOYED-1,25,DF,-0.191,-0.382
T_GLNDO-1,25,DF,-0.021,-0.042
T_GRAI-6,25,DF,-0.3,-0.6
T_GRAI-8,25,DF,-1.2,-2.4
T_GYMRD-16,25,DF,-0.001,-0.002
T_GYMRD-E11,25,DF,-0.003,-0.006
T_GYMRD-W11,25,DF,-0.003,-0.006
T_HALSW-1,25,DF,-0.122,-0.244
T_HEYM2-D,25,DF,-26.688,-53.376
T_HUMRD-1,25,DF,-25.368,-50.736
T_INDQ-1,25,DF,-1.12,-2.24
T_KEAD-1,25,DF,-2.12,-4.24
T_KEAD-2,25,DF,-0.385,-0.77
T_KEADGT-3,25,DF,-0.08,-0.16
T_KILLPG-1,25,DF,-0.539,-1.078
T_KILLPG-2,25,DF,-0.323,-0.646
T_LAGA-1,25,DF,-0.7000000000000001,-1.4000000000000001
T_LBAR-1,25,DF,-1.4,-2.8
T_LBAR-1G,25,DF,-0.05,-0.1
T_MEDP-1,25,DF,-2.088,-4.176
T_MOWEO-1,25,DF,-0.557,-1.114
T_MRWD-1,25,DF,-2.3,-4.6
T_PEMB-11,25,DF,-0.45,-0.9
T_PEMB-21,25,DF,-0.3,-0.6
T_PEMB-31,25,DF,-0.9500000000000001,-1.9000000000000001
T_PEMB-41,25,DF,-0.25,-0.5
T_PEMB-51,25,DF,-0.3,-0.6
T_ROCK-1,25,DF,-1.1,-2.2
T_RYHPS-1,25,DF,-0.791,-1.582
T_SCCL-3,25,DF,-0.35000000000000003,-0.7000000000000001
T_SCCL-4,25,DF,-30.13,-60.26
T_SEAB-1,25,DF,-1.691,-3.382
T_SEAB-2,25,DF,-0.8190000000000001,-1.6380000000000001
T_SEEL-1,25,DF,-0.137,-0.274
T_SHBA-1,25,DF,-1.486,-2.972
T_SHBA-2,25,DF,-0.779,-1.558
T_SPLN-1,25,DF,-1.3,-2.6
T_STAY-1,25,DF,-0.35000000000000003,-0.7000000000000001
T_STAY-2,25,DF,-0.85,-1.7
T_STAY-3,25,DF,-0.75,-1.5
T_STAY-4,25,DF,-0.35000000000000003,-0.7000000000000001
T_STRNW-1,25,DF,-0.148,-0.296
T_SUTB-1,25,DF,-0.2,-0.4
T_SVRP-10,25,DF,-0.35000000000000003,-0.7000000000000001
T_SVRP-20,25,DF,-0.2,-0.4
T_TORN-D,25,DF,-16.544,-33.088
T_TSREP-1,25,DF,-0.927,-1.854
T_WBURB-3,25,DF,-4.686,-9.372
T_WBURB-41,25,DF,-0.171,-0.342
T_WBURB-43,25,DF,-0.315,-0.63
T_BDCHW-1,26,DF,-0.08,-0.16
T_BHLAW-1,26,DF,-0.425,-0.85
T_BPGRD-1,26,DF,-33.635,-67.27
T_CARR-1,26,DF,-0.5,-1.0
T_CARR-2,26,DF,-0.7000000000000001,-1.4000000000000001
T_CDCL-1,26,DF,-1.44,-2.88
T_CNQPS-1,26,DF,-2.457,-4.914
T_CNQPS-2,26,DF,-2.331,-4.662
T_CNQPS-3,26,DF,-2.016,-4.032
T_COSO-1,26,DF,-1.036,-2.072
T_CRGHD-1,26,DF,-0.005,-0.01
T_DAMC-1,26,DF,-0.655,-1.31
T_DIDCB5,26,DF,-1.3,-2.6
T_DIDCB6,26,DF,-1.0,-2.0
T_DINO-1,26,DF,-0.7000000000000001,-1.4000000000000001
T_DINO-2,26,DF,-0.15,-0.3
T_DINO-3,26,DF,-0.25,-0.5
T_DINO-6,26,DF,-2.1,-4.2
T_EECL-1,26,DF,-0.432,-0.864
T_FFES-1,26,DF,-0.011,-0.022
T_FFES-2,26,DF,-0.021,-0.042
T_FFES-3,26,DF,-0.81,-1.62
T_FFES-4,26,DF,-0.02,-0.04
T_FOYED-1,26,DF,-0.305,-0.61
T_GLNDO-1,26,DF,-0.021,-0.042
T_GRAI-6,26,DF,-0.35000000000000003,-0.7000000000000001
T_GRAI-8,26,DF,-1.15,-2.3
T_GYMRD-16,26,DF,-0.001,-0.002
T_GYMRD-E11,26,DF,-0.003,-0.006
T_GYMRD-W11,26,DF,-0.002,-0.004
T_HALSW-1,26,DF,-0.122,-0.244
T_HEYM2-D,26,DF,-26.664,-53.328
T_HUMRD-1,26,DF,-24.659,-49.318
T_INDQ-1,26,DF,-1.11,-2.22
T_KEAD-1,26,DF,-2.065,-4.13
T_KEAD-2,26,DF,-0.389,-0.778
T_KEADGT-3,26,DF,-0.085,-0.17
T_KILLPG-1,26,DF,-0.546,-1.092
T_KILLPG-2,26,DF,-0.324,-0.648
T_LAGA-1,26,DF,-0.8,-1.6
T_LBAR-1,26,DF,-1.3,-2.6
T_LBAR-1G,26,DF,-0.05,-0.1
T_MEDP-1,26,DF,-2.048,-4.096
T_MOWEO-1,26,DF,-0.556,-1.112
T_MRWD-1,26,DF,-2.3,-4.6
T_PEMB-11,26,DF,-0.5,-1.0
T_PEMB-21,26,DF,-0.3,-0.6
T_PEMB-31,26,DF,-1.2,-2.4
T_PEMB-41,26,DF,-0.25,-0.5
T_PEMB-51,26,DF,-0.35000000000000003,-0.7000000000000001
T_ROCK-1,26,DF,-1.2,-2.4
T_RYHPS-1,26,DF,-0.766,-1.532
T_SCCL-3,26,DF,-0.35000000000000003,-0.7000000000000001
T_SCCL-4,26,DF,-30.08,-60.16
T_SEAB-1,26,DF,-1.681,-3.362
T_SEAB-2,26,DF,-0.8180000000000001,-1.6360000000000001
T_SEEL-1,26,DF,-0.132,-0.264
T_SHBA-1,26,DF,-1.949,-3.898
T_SHBA-2,26,DF,-0.766,-1.532
T_SPLN-1,26,DF,-1.3,-2.6
T_STAY-1,26,DF,-0.4,-0.8
T_STAY-2,26,DF,-0.85,-1.7
T_STAY-3,26,DF,-0.8,-1.6
T_STAY-4,26,DF,-0.3,-0.6
T_STRNW-1,26,DF,-0.151,-0.302
T_SUTB-1,26,DF,-0.3,-0.6
T_SVRP-10,26,DF,-0.4,-0.8
T_SVRP-20,26,DF,-0.2,-0.4
T_TORN-D,26,DF,-16.54,-33.08
T_TSREP-1,26,DF,-0.926,-1.852
T_WBURB-3,26,DF,-4.83,-9.66
T_WBURB-41,26,DF,-0.158,-0.316
T_BDCHW-1,27,DF,-0.084,-0.168
T_BHLAW-1,27,DF,-0.41600000000000004,-0.8320000000000001
T_BPGRD-1,27,DF,-33.684,-67.368
T_CARR-1,27,DF,-0.6,-1.2
T_CARR-2,27,DF,-0.6,-1.2
T_CDCL-1,27,DF,-1.53,-3.06
T_CNQPS-1,27,DF,-2.709,-5.418
T_CNQPS-2,27,DF,-2.583,-5.166
T_CNQPS-3,27,DF,-2.079,-4.158
T_COSO-1,27,DF,-0.9380000000000001,-1.8760000000000001
T_CRGHD-1,27,DF,-0.005,-0.01
T_DAMC-1,27,DF,-0.66,-1.32
T_DIDCB5,27,DF,-1.3,-2.6
T_DIDCB6,27,DF,-1.0,-2.0
T_DINO-1,27,DF,-0.8,-1.6
T_DINO-2,27,DF,-0.1,-0.2
T_DINO-3,27,DF,-0.25,-0.5
T_EECL-1,27,DF,-0.648,-1.296
T_FFES-1,27,DF,-0.021,-0.042
T_FFES-2,27,DF,-0.021,-0.042
T_FFES-4,27,DF,-0.01,-0.02
T_FOYED-1,27,DF,-0.308,-0.616
T_GLNDO-1,27,DF,-0.021,-0.042
T_GRAI-6,27,DF,-0.35000000000000003,-0.7000000000000001
T_GRAI-8,27,DF,-1.1,-2.2
T_GYMRD-16,27,DF,-0.001,-0.002
T_GYMRD-E11,27,DF,-0.003,-0.006
T_GYMRD-W11,27,DF,-0.003,-0.006
T_HALSW-1,27,DF,-0.127,-0.254
T_HEYM2-D,27,DF,-26.804,-53.608
T_HUMRD-1,27,DF,-24.66,-49.32
T_INDQ-1,27,DF,-1.115,-2.23
T_KEAD-1,27,DF,-2.02,-4.04
T_KEAD-2,27,DF,-0.389,-0.778
T_KEADGT-3,27,DF,-0.08,-0.16
T_KILLPG-1,27,DF,-0.535,-1.07
T_KILLPG-2,27,DF,-0.322,-0.644
T_LAGA-1,27,DF,-0.8,-1.6
T_LBAR-1,27,DF,-1.29,-2.58
T_LBAR-1G,27,DF,-0.06,-0.12
T_MEDP-1,27,DF,-2.051,-4.102
T_MOWEO-1,27,DF,-0.554,-1.108
T_MRWD-1,27,DF,-2.2,-4.4
T_PEMB-11,27,DF,-0.45,-0.9
T_PEMB-21,27,DF,-0.3,-0.6
T_PEMB-31,27,DF,-1.2,-2.4
T_PEMB-41,27,DF,-0.3,-0.6
T_PEMB-51,27,DF,-0.3,-0.6
T_ROCK-1,27,DF,-1.1,-2.2
T_RYHPS-1,27,DF,-0.76,-1.52
T_SCCL-3,27,DF,-0.4,-0.8
T_SCCL-4,27,DF,-30.1,-60.2
T_SEAB-1,27,DF,-1.683,-3.366
T_SEAB-2,27,DF,-0.8220000000000001,-1.6440000000000001
T_SEEL-1,27,DF,-0.127,-0.254
T_SHBA-1,27,DF,-2.627,-5.254
T_SHBA-2,27,DF,-0.77,-1.54
T_SPLN-1,27,DF,-1.25,-2.5
T_STAY-1,27,DF,-0.35000000000000003,-0.7000000000000001
T_STAY-2,27,DF,-0.85,-1.7
T_STAY-3,27,DF,-0.75,-1.5
T_STAY-4,27,DF,-0.35000000000000003,-0.7000000000000001
T_STRNW-1,27,DF,-0.15,-0.3
T_SUTB-1,27,DF,-0.2,-0.4
T_SVRP-10,27,DF,-0.35000000000000003,-0.7000000000000001
T_SVRP-20,27,DF,-0.2,-0.4
T_TORN-D,27,DF,-16.584,-33.168
T_TSREP-1,27,DF,-0.903,-1.806
T_WBURB-3,27,DF,-4.806,-9.612
T_BDCHW-1,28,DF,-0.084,-0.168
T_BHLAW-1,28,DF,-0.417,-0.834
T_BPGRD-1,28,DF,-33.7,-67.4
T_CARR-1,28,DF,-0.6,-1.2
T_CARR-2,28,DF,-0.7000000000000001,-1.4000000000000001
T_CDCL-1,28,DF,-1.44,-2.88
T_CNQPS-1,28,DF,-2.709,-5.418
T_CNQPS-2,28,DF,-2.709,-5.418
T_CNQPS-3,28,DF,-2.016,-4.032
T_COSO-1,28,DF,-1.036,-2.072
T_CRGHD-1,28,DF,-0.005,-0.01
T_DAMC-1,28,DF,-0.65,-1.3
T_DIDCB5,28,DF,-1.3,-2.6
T_DIDCB6,28,DF,-1.05,-2.1
T_DINO-1,28,DF,-0.75,-1.5
T_DINO-2,28,DF,-0.15,-0.3
T_DINO-3,28,DF,-0.25,-0.5
T_DINO-6,28,DF,-2.05,-4.1
T_EECL-1,28,DF,-1.08,-2.16
T_FFES-1,28,DF,-0.011,-0.022
T_FFES-2,28,DF,-0.011,-0.022
T_FFES-4,28,DF,-0.02,-0.04
T_FOYED-1,28,DF,-0.308,-0.616
T_GLNDO-1,28,DF,-0.021,-0.042
T_GRAI-6,28,DF,-0.35000000000000003,-0.7000000000000001
T_GRAI-8,28,DF,-1.1,-2.2
T_GYMRD-16,28,DF,-0.001,-0.002
T_GYMRD-E11,28,DF,-0.003,-0.006
T_GYMRD-W11,28,DF,-0.002,-0.004
T_HALSW-1,28,DF,-0.129,-0.258
T_HEYM2-D,28,DF,-26.756,-53.512
T_HUMRD-1,28,DF,-24.451,-48.902
T_INDQ-1,28,DF,-1.115,-2.23
T_KEAD-1,28,DF,-2.07,-4.14
T_KEAD-2,28,DF,-0.398,-0.796
T_KEADGT-3,28,DF,-0.08,-0.16
T_KILLPG-1,28,DF,-0.522,-1.044
T_KILLPG-2,28,DF,-0.316,-0.632
T_LAGA-1,28,DF,-0.7000000000000001,-1.4000000000000001
T_LBAR-1,28,DF,-1.35,-2.7
T_LBAR-1G,28,DF,-0.05,-0.1
T_MEDP-1,28,DF,-2.049,-4.098
T_MOWEO-1,28,DF,-0.553,-1.106
T_MRWD-1,28,DF,-2.3,-4.6
T_PEMB-11,28,DF,-0.35000000000000003,-0.7000000000000001
T_PEMB-21,28,DF,-0.2,-0.4
T_PEMB-31,28,DF,-1.15,-2.3
T_PEMB-41,28,DF,-0.25,-0.5
T_PEMB-51,28,DF,-0.35000000000000003,-0.7000000000000001
T_ROCK-1,28,DF,-1.1,-2.2
T_RYHPS-1,28,DF,-0.781,-1.562
T_SCCL-3,28,DF,-0.4,-0.8
T_SCCL-4,28,DF,-29.92,-59.84
T_SEAB-1,28,DF,-1.6760000000000002,-3.3520000000000003
T_SEAB-2,28,DF,-0.8250000000000001,-1.6500000000000001
T_SEEL-1,28,DF,-0.127,-0.254
T_SHBA-2,28,DF,-1.145,-2.29
T_SPLN-1,28,DF,-1.3,-2.6
T_STAY-1,28,DF,-0.4,-0.8
T_STAY-2,28,DF,-0.85,-1.7
T_STAY-3,28,DF,-0.4,-0.8
T_STAY-4,28,DF,-0.35000000000000003,-0.7000000000000001
T_STRNW-1,28,DF,-0.15,-0.3
T_SUTB-1,28,DF,-0.2,-0.4
T_SVRP-10,28,DF,-0.4,-0.8
T_SVRP-20,28,DF,-0.2,-0.4
T_TORN-D,28,DF,-16.568,-33.136
T_TSREP-1,28,DF,-0.857,-1.714
T_WBURB-3,28,DF,-5.227,-10.454
T_WILCT-1,28,DF,-0.24,-0.48
T_BDCHW-1,29,DF,-0.084,-0.168
T_BHLAW-1,29,DF,-0.417,-0.834
T_BPGRD-1,29,DF,-33.724,-67.448
T_CARR-1,29,DF,-0.9,-1.8
T_CARR-2,29,DF,-0.6,-1.2
T_CDCL-1,29,DF,-1.44,-2.88
T_CNQPS-1,29,DF,-2.331,-4.662
T_CNQPS-2,29,DF,-4.536,-9.072
T_CNQPS-3,29,DF,-2.079,-4.158
T_COSO-1,29,DF,-0.982,-1.964
T_CRGHD-1,29,DF,-0.005,-0.01
T_DAMC-1,29,DF,-0.66,-1.32
T_DIDCB5,29,DF,-1.35,-2.7
T_DIDCB6,29,DF,-1.0,-2.0
T_DINO-1,29,DF,-0.75,-1.5
T_DINO-2,29,DF,-0.1,-0.2
T_DINO-3,29,DF,-0.25,-0.5
T_DINO-6,29,DF,-2.1,-4.2
T_EECL-1,29,DF,-1.873,-3.746
T_FFES-1,29,DF,-0.021,-0.042
T_FFES-2,29,DF,-0.021,-0.042
T_FFES-3,29,DF,-0.78,-1.56
T_FFES-4,29,DF,-0.01,-0.02
T_FOYED-1,29,DF,-0.307,-0.614
T_GLNDO-1,29,DF,-0.021,-0.042
T_GRAI-6,29,DF,-0.35000000000000003,-0.7000000000000001
T_GRAI-8,29,DF,-1.1,-2.2
T_GYMRD-16,29,DF,-0.001,-0.002
T_GYMRD-E11,29,DF,-0.002,-0.004
T_GYMRD-W11,29,DF,-0.003,-0.006
T_HALSW-1,29,DF,-0.128,-0.256
T_HEYM2-D,29,DF,-26.68,-53.36
T_HUMRD-1,29,DF,-24.518,-49.036
T_INDQ-1,29,DF,-1.12,-2.24
T_KEAD-1,29,DF,-1.97,-3.94
T_KEAD-2,29,DF,-0.395,-0.79
T_KEADGT-3,29,DF,-0.08,-0.16
T_KILLPG-1,29,DF,-0.521,-1.042
T_KILLPG-2,29,DF,-0.317,-0.634
T_LAGA-1,29,DF,-0.8,-1.6
T_LBAR-1,29,DF,-1.34,-2.68
T_LBAR-1G,29,DF,-0.06,-0.12
T_MEDP-1,29,DF,-2.064,-4.128
T_MRWD-1,29,DF,-2.3,-4.6
T_PEMB-11,29,DF,-0.4,-0.8
T_PEMB-21,29,DF,-0.25,-0.5
T_PEMB-31,29,DF,-0.55,-1.1
T_PEMB-41,29,DF,-0.2,-0.4
T_PEMB-51,29,DF,-0.25,-0.5
T_ROCK-1,29,DF,-1.1,-2.2
T_RYHPS-1,29,DF,-0.79,-1.58
T_SCCL-3,29,DF,-0.35000000000000003,-0.7000000000000001
T_SCCL-4,29,DF,-30.14,-60.28
T_SEAB-1,29,DF,-1.677,-3.354
T_SEAB-2,29,DF,-0.8160000000000001,-1.6320000000000001
T_SEEL-1,29,DF,-0.132,-0.264
T_SHBA-2,29,DF,-0.992,-1.984
T_SPLN-1,29,DF,-1.3,-2.6
T_STAY-1,29,DF,-0.35000000000000003,-0.7000000000000001
T_STAY-2,29,DF,-0.8,-1.6
T_STAY-3,29,DF,-0.4,-0.8
T_STAY-4,29,DF,-0.35000000000000003,-0.7000000000000001
T_STRNW-1,29,DF,-0.145,-0.29
T_SUTB-1,29,DF,-0.2,-0.4
T_SVRP-10,29,DF,-0.35000000000000003,-0.7000000000000001
T_SVRP-20,29,DF,-0.25,-0.5
T_TORN-D,29,DF,-16.452,-32.904
T_TSREP-1,29,DF,-0.888,-1.776
T_WBURB-3,29,DF,-7.483,-14.966
T_BDCHW-1,30,DF,-0.085,-0.17
T_BHLAW-1,30,DF,-0.41100000000000003,-0.8220000000000001
T_BPGRD-1,30,DF,-33.768,-67.536
T_CARR-1,30,DF,-0.9,-1.8
T_CARR-2,30,DF,-0.7000000000000001,-1.4000000000000001
T_CDCL-1,30,DF,-1.44,-2.88
T_CNQPS-1,30,DF,-2.331,-4.662
T_CNQPS-3,30,DF,-2.016,-4.032
T_COSO-1,30,DF,-0.9420000000000001,-1.8840000000000001
T_CRGHD-1,30,DF,-0.004,-0.008
T_DAMC-1,30,DF,-0.66,-1.32
T_DIDCB5,30,DF,-1.3,-2.6
T_DIDCB6,30,DF,-1.05,-2.1
T_DINO-1,30,DF,-0.8,-1.6
T_DINO-3,30,DF,-0.25,-0.5
T_DINO-6,30,DF,-2.05,-4.1
T_EECL-1,30,DF,-1.728,-3.456
T_FFES-1,30,DF,-0.011,-0.022
T_FFES-2,30,DF,-0.011,-0.022
T_FFES-3,30,DF,-0.79,-1.58
T_FFES-4,30,DF,-0.02,-0.04
T_FOYED-1,30,DF,-0.309,-0.618
T_GLNDO-1,30,DF,-0.021,-0.042
T_GRAI-6,30,DF,-0.35000000000000003,-0.7000000000000001
T_GRAI-8,30,DF,-2.1,-4.2
T_GYMRD-16,30,DF,-0.001,-0.002
T_GYMRD-E11,30,DF,-0.003,-0.006
T_GYMRD-W11,30,DF,-0.002,-0.004
T_HALSW-1,30,DF,-0.127,-0.254
T_HEYM2-D,30,DF,-26.688,-53.376
T_HUMRD-1,30,DF,-25.102,-50.204
T_INDQ-1,30,DF,-1.12,-2.24
T_KEAD-1,30,DF,-2.02,-4.04
T_KEAD-2,30,DF,-0.396,-0.792
T_KEADGT-3,30,DF,-0.08,-0.16
T_KILLPG-1,30,DF,-0.521,-1.042
T_KILLPG-2,30,DF,-0.315,-0.63
T_LAGA-1,30,DF,-0.7000000000000001,-1.4000000000000001
T_LBAR-1,30,DF,-1.24,-2.48
T_LBAR-1G,30,DF,-0.06,-0.12
T_MEDP-1,30,DF,-2.134,-4.268
T_MRWD-1,30,DF,-2.3,-4.6
T_PEMB-11,30,DF,-0.45,-0.9
T_PEMB-21,30,DF,-0.3,-0.6
T_PEMB-31,30,DF,-0.35000000000000003,-0.7000000000000001
T_PEMB-41,30,DF,-0.25,-0.5
T_PEMB-51,30,DF,-0.3,-0.6
T_ROCK-1,30,DF,-1.2,-2.4
T_RYHPS-1,30,DF,-0.811,-1.622
T_SCCL-3,30,DF,-0.4,-0.8
T_SCCL-4,30,DF,-29.76,-59.52
T_SEAB-1,30,DF,-2.523,-5.046
T_SEAB-2,30,DF,-0.8200000000000001,-1.6400000000000001
T_SEEL-1,30,DF,-0.136,-0.272
T_SPLN-1,30,DF,-1.3,-2.6
T_STAY-1,30,DF,-0.4,-0.8
T_STAY-2,30,DF,-0.85,-1.7
T_STAY-3,30,DF,-0.35000000000000003,-0.7000000000000001
T_STAY-4,30,DF,-0.3,-0.6
T_STRNW-1,30,DF,-0.146,-0.292
T_SUTB-1,30,DF,-0.2,-0.4
T_SVRP-10,30,DF,-0.4,-0.8
T_SVRP-20,30,DF,-0.2,-0.4
T_TORN-D,30,DF,-16.476,-32.952
T_TSREP-1,30,DF,-0.892,-1.784
T_WBURB-41,30,DF,-0.364,-0.728
T_WBURB-43,30,DF,-0.065,-0.13
T_BDCHW-1,31,DF,-0.08600000000000001,-0.17200000000000001
T_BHLAW-1,31,DF,-0.404,-0.808
T_BPGRD-1,31,DF,-33.944,-67.888
T_CARR-1,31,DF,-0.9,-1.8
T_CARR-2,31,DF,-0.6,-1.2
T_CDCL-1,31,DF,-1.53,-3.06
T_CNQPS-1,31,DF,-2.268,-4.536
T_CNQPS-3,31,DF,-2.079,-4.158
T_COSO-1,31,DF,-1.001,-2.002
T_CRGHD-1,31,DF,-0.004,-0.008
T_DAMC-1,31,DF,-0.65,-1.3
T_DIDCB5,31,DF,-1.3,-2.6
T_DIDCB6,31,DF,-1.0,-2.0
T_DINO-1,31,DF,-0.8,-1.6
T_EECL-1,31,DF,-1.44,-2.88
T_FFES-1,31,DF,-0.326,-0.652
T_FFES-2,31,DF,-0.234,-0.468
T_FFES-3,31,DF,-0.79,-1.58
T_FFES-4,31,DF,-0.01,-0.02
T_FOYED-1,31,DF,-0.304,-0.608
T_GLNDO-1,31,DF,-0.021,-0.042
T_GRAI-6,31,DF,-0.35000000000000003,-0.7000000000000001
T_GRAI-8,31,DF,-2.55,-5.1
T_GYMRD-16,31,DF,-0.001,-0.002
T_GYMRD-E11,31,DF,-0.002,-0.004
T_GYMRD-W11,31,DF,-0.002,-0.004
T_HALSW-1,31,DF,-0.129,-0.258
T_HEYM2-D,31,DF,-26.576,-53.152
T_HUMRD-1,31,DF,-25.468,-50.936
T_INDQ-1,31,DF,-1.115,-2.23
T_KEAD-1,31,DF,-2.02,-4.04
T_KEAD-2,31,DF,-0.394,-0.788
T_KEADGT-3,31,DF,-0.08,-0.16
T_KILLPG-1,31,DF,-0.522,-1.044
T_KILLPG-2,31,DF,-0.316,-0.632
T_LAGA-1,31,DF,-0.7000000000000001,-1.4000000000000001
T_LBAR-1,31,DF,-1.6400000000000001,-3.2800000000000002
T_LBAR-1G,31,DF,-0.06,-0.12
T_MEDP-1,31,DF,-2.048,-4.096
T_MRWD-1,31,DF,-2.3,-4.6
T_PEMB-11,31,DF,-0.45,-0.9
T_PEMB-21,31,DF,-0.35000000000000003,-0.7000000000000001
T_PEMB-31,31,DF,-0.35000000000000003,-0.7000000000000001
T_PEMB-41,31,DF,-0.25,-0.5
T_PEMB-51,31,DF,-0.35000000000000003,-0.7000000000000001
T_ROCK-1,31,DF,-1.2,-2.4
T_RYHPS-1,31,DF,-0.8170000000000001,-1.6340000000000001
T_SCCL-3,31,DF,-0.4,-0.8
T_SCCL-4,31,DF,-29.73,-59.46
T_SEAB-1,31,DF,-2.5060000000000002,-5.0120000000000005
T_SEAB-2,31,DF,-0.8140000000000001,-1.6280000000000001
T_SEEL-1,31,DF,-0.137,-0.274
T_SPLN-1,31,DF,-1.3,-2.6
T_STAY-1,31,DF,-0.35000000000000003,-0.7000000000000001
T_STAY-2,31,DF,-0.85,-1.7
T_STAY-3,31,DF,-0.35000000000000003,-0.7000000000000001
T_STAY-4,31,DF,-0.35000000000000003,-0.7000000000000001
T_STRNW-1,31,DF,-0.14400000000000002,-0.28800000000000003
T_SUTB-1,31,DF,-0.3,-0.6
T_SVRP-10,31,DF,-0.35000000000000003,-0.7000000000000001
T_SVRP-20,31,DF,-0.2,-0.4
T_TORN-D,31,DF,-16.412,-32.824
T_TSREP-1,31,DF,-0.897,-1.794
T_BDCHW-1,32,DF,-0.088,-0.176
T_BPGRD-1,32,DF,-34.232,-68.464
T_CARR-1,32,DF,-1.0,-2.0
T_CARR-2,32,DF,-0.7000000000000001,-1.4000000000000001
T_CDCL-1,32,DF,-1.44,-2.88
T_CNQPS-1,32,DF,-2.268,-4.536
T_CNQPS-3,32,DF,-2.079,-4.158
T_COSO-1,32,DF,-0.9400000000000001,-1.8800000000000001
T_CRGHD-1,32,DF,-0.005,-0.01
T_DAMC-1,32,DF,-0.66,-1.32
T_DIDCB5,32,DF,-1.35,-2.7
T_DIDCB6,32,DF,-1.0,-2.0
T_DINO-1,32,DF,-0.7000000000000001,-1.4000000000000001
T_EECL-1,32,DF,-0.432,-0.864
T_FFES-2,32,DF,-0.658,-1.316
T_FFES-3,32,DF,-0.8,-1.6
T_FFES-4,32,DF,-0.43,-0.86
T_FOYED-1,32,DF,-0.305,-0.61
T_GRAI-6,32,DF,-0.35000000000000003,-0.7000000000000001
T_GYMRD-16,32,DF,-0.001,-0.002
T_GYMRD-E11,32,DF,-0.002,-0.004
T_GYMRD-W11,32,DF,-0.003,-0.006
T_HALSW-1,32,DF,-0.128,-0.256
T_HEYM2-D,32,DF,-26.684,-53.368
T_HUMRD-1,32,DF,-25.549,-51.098
T_INDQ-1,32,DF,-1.11,-2.22
T_KEAD-1,32,DF,-2.02,-4.04
T_KEAD-2,32,DF,-0.401,-0.802
T_KEADGT-3,32,DF,-0.08,-0.16
T_KILLPG-1,32,DF,-0.527,-1.054
T_KILLPG-2,32,DF,-0.317,-0.634
T_LAGA-1,32,DF,-0.8,-1.6
T_LBAR-1,32,DF,-1.44,-2.88
T_LBAR-1G,32,DF,-0.06,-0.12
T_MEDP-1,32,DF,-2.064,-4.128
T_MRWD-1,32,DF,-2.2,-4.4
T_PEMB-11,32,DF,-0.45,-0.9
T_PEMB-21,32,DF,-0.3,-0.6
T_PEMB-31,32,DF,-0.35000000000000003,-0.7000000000000001
T_PEMB-41,32,DF,-0.3,-0.6
T_PEMB-51,32,DF,-0.35000000000000003,-0.7000000000000001
T_ROCK-1,32,DF,-1.3,-2.6
T_RYHPS-1,32,DF,-0.8310000000000001,-1.6620000000000001
T_SCCL-3,32,DF,-0.35000000000000003,-0.7000000000000001
T_SCCL-4,32,DF,-29.68,-59.36
T_SEAB-1,32,DF,-2.476,-4.952
T_SEAB-2,32,DF,-0.8130000000000001,-1.6260000000000001
T_SEEL-1,32,DF,-0.133,-0.266
T_SPLN-1,32,DF,-1.3,-2.6
T_STAY-1,32,DF,-0.35000000000000003,-0.7000000000000001
T_STAY-2,32,DF,-0.85,-1.7
T_STAY-3,32,DF,-0.35000000000000003,-0.7000000000000001
T_STAY-4,32,DF,-0.35000000000000003,-0.7000000000000001
T_STRNW-1,32,DF,-0.145,-0.29
T_SUTB-1,32,DF,-0.2,-0.4
T_SVRP-10,32,DF,-0.4,-0.8
T_SVRP-20,32,DF,-0.2,-0.4
T_TORN-D,32,DF,-16.448,-32.896
T_TSREP-1,32,DF,-0.982,-1.964
T_WILCT-1,32,DF,-1.305,-2.61
T_BPGRD-1,33,DF,-34.776,-69.552
T_CARR-1,33,DF,-0.9,-1.8
T_CARR-2,33,DF,-0.6,-1.2
T_CDCL-1,33,DF,-1.44,-2.88
T_CNQPS-1,33,DF,-2.331,-4.662
T_CNQPS-3,33,DF,-2.016,-4.032
T_COSO-1,33,DF,-0.9510000000000001,-1.9020000000000001
T_CRGHD-1,33,DF,-0.005,-0.01
T_DAMC-1,33,DF,-0.6900000000000001,-1.3800000000000001
T_DIDCB5,33,DF,-1.3,-2.6
T_DIDCB6,33,DF,-1.1,-2.2
T_DINO-1,33,DF,-0.75,-1.5
T_EECL-1,33,DF,-0.361,-0.722
T_FFES-1,33,DF,-0.658,-1.316
T_FFES-2,33,DF,-0.648,-1.296
T_FFES-3,33,DF,-0.8200000000000001,-1.6400000000000001
T_FOYED-1,33,DF,-0.289,-0.578
T_GRAI-6,33,DF,-0.35000000000000003,-0.7000000000000001
T_GYMRD-16,33,DF,-0.001,-0.002
T_GYMRD-E11,33,DF,-0.002,-0.004
T_GYMRD-W11,33,DF,-0.003,-0.006
T_HEYM2-D,33,DF,-26.748,-53.496
T_HUMRD-1,33,DF,-25.898,-51.796
T_INDQ-1,33,DF,-1.115,-2.23
T_KEAD-1,33,DF,-2.07,-4.14
T_KEAD-2,33,DF,-0.40700000000000003,-0.8140000000000001
T_KEADGT-3,33,DF,-0.08,-0.16
T_KILLPG-1,33,DF,-0.529,-1.058
T_KILLPG-2,33,DF,-0.318,-0.636
T_LAGA-1,33,DF,-0.7000000000000001,-1.4000000000000001
T_LBAR-1,33,DF,-1.24,-2.48
T_LBAR-1G,33,DF,-0.06,-0.12
T_MEDP-1,33,DF,-2.115,-4.23
T_MRWD-1,33,DF,-2.3,-4.6
T_PEMB-11,33,DF,-0.45,-0.9
T_PEMB-21,33,DF,-0.3,-0.6
T_PEMB-31,33,DF,-0.35000000000000003,-0.7000000000000001
T_PEMB-41,33,DF,-0.25,-0.5
T_PEMB-51,33,DF,-1.1,-2.2
T_ROCK-1,33,DF,-1.3,-2.6
T_RYHPS-1,33,DF,-0.765,-1.53
T_SCCL-3,33,DF,-0.35000000000000003,-0.7000000000000001
T_SCCL-4,33,DF,-29.55,-59.1
T_SEAB-1,33,DF,-2.429,-4.858
T_SEAB-2,33,DF,-0.8170000000000001,-1.6340000000000001
T_SEEL-1,33,DF,-0.134,-0.268
T_SPLN-1,33,DF,-1.35,-2.7
T_STAY-1,33,DF,-0.4,-0.8
T_STAY-2,33,DF,-0.85,-1.7
T_STAY-3,33,DF,-0.35000000000000003,-0.7000000000000001
T_STAY-4,33,DF,-0.3,-0.6
T_SUTB-1,33,DF,-0.1,-0.2
T_SVRP-10,33,DF,-0.35000000000000003,-0.7000000000000001
T_SVRP-20,33,DF,-0.2,-0.4
T_TORN-D,33,DF,-16.504,-33.008
T_TSREP-1,33,DF,-1.002,-2.004
T_WBURB-41,33,DF,-0.14100000000000001,-0.28200000000000003
T_WBURB-43,33,DF,-0.085,-0.17
T_WILCT-1,33,DF,-0.01,-0.02
T_BPGRD-1,34,DF,-34.951,-69.902
T_CARR-1,34,DF,-0.6,-1.2
T_CARR-2,34,DF,-0.4,-0.8
T_CDCL-1,34,DF,-1.53,-3.06
T_CNQPS-1,34,DF,-2.268,-4.536
T_CNQPS-3,34,DF,-2.079,-4.158
T_COSO-1,34,DF,-0.995,-1.99
T_CRGHD-1,34,DF,-0.004,-0.008
T_DAMC-1,34,DF,-0.6950000000000001,-1.3900000000000001
T_DIDCB5,34,DF,-1.35,-2.7
T_DIDCB6,34,DF,-1.05,-2.1
T_DINO-1,34,DF,-0.7000000000000001,-1.4000000000000001
T_EECL-1,34,DF,-0.28800000000000003,-0.5760000000000001
T_FOYED-1,34,DF,-0.28500000000000003,-0.5700000000000001
T_GRAI-6,34,DF,-0.35000000000000003,-0.7000000000000001
T_GYMRD-16,34,DF,-0.001,-0.002
T_GYMRD-E11,34,DF,-0.003,-0.006
T_GYMRD-W11,34,DF,-0.002,-0.004
T_HEYM2-D,34,DF,-26.632,-53.264
T_HUMRD-1,34,DF,-25.855,-51.71
T_INDQ-1,34,DF,-1.1,-2.2
T_KEAD-1,34,DF,-2.07,-4.14
T_KEAD-2,34,DF,-0.404,-0.808
T_KEADGT-3,34,DF,-0.08,-0.16
T_KILLPG-1,34,DF,-0.535,-1.07
T_KILLPG-2,34,DF,-0.321,-0.642
T_LAGA-1,34,DF,-0.8,-1.6
T_LBAR-1,34,DF,-1.29,-2.58
T_LBAR-1G,34,DF,-0.06,-0.12
T_MEDP-1,34,DF,-2.161,-4.322
T_MRWD-1,34,DF,-2.5,-5.0
T_PEMB-11,34,DF,-0.45,-0.9
T_PEMB-21,34,DF,-0.3,-0.6
T_PEMB-31,34,DF,-0.35000000000000003,-0.7000000000000001
T_PEMB-41,34,DF,-0.55,-1.1
T_PEMB-51,34,DF,-1.2,-2.4
T_ROCK-1,34,DF,-1.2,-2.4
T_RYHPS-1,34,DF,-0.8300000000000001,-1.6600000000000001
T_SCCL-3,34,DF,-0.4,-0.8
T_SCCL-4,34,DF,-29.62,-59.24
T_SEAB-1,34,DF,-1.851,-3.702
T_SEAB-2,34,DF,-0.8190000000000001,-1.6380000000000001
T_SEEL-1,34,DF,-0.135,-0.27
T_SPLN-1,34,DF,-1.35,-2.7
T_STAY-1,34,DF,-0.35000000000000003,-0.7000000000000001
T_STAY-2,34,DF,-0.85,-1.7
T_STAY-3,34,DF,-0.4,-0.8
T_STAY-4,34,DF,-0.35000000000000003,-0.7000000000000001
T_SUTB-1,34,DF,-0.2,-0.4
T_SVRP-10,34,DF,-0.3,-0.6
T_SVRP-20,34,DF,-0.2,-0.4
T_TORN-D,34,DF,-16.452,-32.904
T_TSREP-1,34,DF,-1.002,-2.004
T_BPGRD-1,35,DF,-34.982,-69.964
T_CARR-1,35,DF,-0.5,-1.0
T_CARR-2,35,DF,-0.3,-0.6
T_CDCL-1,35,DF,-1.53,-3.06
T_CNQPS-1,35,DF,-2.268,-4.536
T_CNQPS-3,35,DF,-2.079,-4.158
T_COSO-1,35,DF,-0.904,-1.808
T_CRGHD-1,35,DF,-0.005,-0.01
T_DAMC-1,35,DF,-0.71,-1.42
T_DIDCB5,35,DF,-1.3,-2.6
T_DIDCB6,35,DF,-1.05,-2.1
T_DINO-1,35,DF,-0.75,-1.5
T_EECL-1,35,DF,-0.28800000000000003,-0.5760000000000001
T_FOYED-1,35,DF,-0.434,-0.868
T_GRAI-6,35,DF,-0.35000000000000003,-0.7000000000000001
T_GYMRD-16,35,DF,-0.001,-0.002
T_GYMRD-E11,35,DF,-0.002,-0.004
T_GYMRD-W11,35,DF,-0.002,-0.004
T_HEYM2-D,35,DF,-26.752,-53.504
T_HUMRD-1,35,DF,-25.942,-51.884
T_INDQ-1,35,DF,-1.115,-2.23
T_KEAD-1,35,DF,-2.02,-4.04
T_KEAD-2,35,DF,-0.40900000000000003,-0.8180000000000001
T_KEADGT-3,35,DF,-0.08,-0.16
T_KILLPG-1,35,DF,-0.533,-1.066
T_KILLPG-2,35,DF,-0.319,-0.638
T_LAGA-1,35,DF,-0.7000000000000001,-1.4000000000000001
T_LBAR-1,35,DF,-1.24,-2.48
T_LBAR-1G,35,DF,-0.06,-0.12
T_MEDP-1,35,DF,-2.18,-4.36
T_MRWD-1,35,DF,-2.3,-4.6
T_PEMB-11,35,DF,-0.45,-0.9
T_PEMB-21,35,DF,-0.3,-0.6
T_PEMB-31,35,DF,-0.35000000000000003,-0.7000000000000001
T_PEMB-41,35,DF,-1.1,-2.2
T_PEMB-51,35,DF,-0.65,-1.3
T_ROCK-1,35,DF,-1.3,-2.6
T_RYHPS-1,35,DF,-0.78,-1.56
T_SCCL-3,35,DF,-0.35000000000000003,-0.7000000000000001
T_SCCL-4,35,DF,-29.59,-59.18
T_SEAB-1,35,DF,-1.46,-2.92
T_SEAB-2,35,DF,-0.8270000000000001,-1.6540000000000001
T_SEEL-1,35,DF,-0.138,-0.276
T_SPLN-1,35,DF,-1.35,-2.7
T_STAY-1,35,DF,-0.4,-0.8
T_STAY-2,35,DF,-0.85,-1.7
T_STAY-3,35,DF,-0.35000000000000003,-0.7000000000000001
T_STAY-4,35,DF,-0.35000000000000003,-0.7000000000000001
T_SVRP-10,35,DF,-0.35000000000000003,-0.7000000000000001
T_SVRP-20,35,DF,-0.25,-0.5
T_TORN-D,35,DF,-16.484,-32.968
T_TSREP-1,35,DF,-0.991,-1.982
T_WBURB-41,35,DF,-0.11,-0.22
T_WBURB-43,35,DF,-0.065,-0.13
T_BPGRD-1,36,DF,-34.681,-69.362
T_CARR-1,36,DF,-0.6,-1.2
T_CARR-2,36,DF,-0.3,-0.6
T_CDCL-1,36,DF,-1.44,-2.88
T_CNQPS-1,36,DF,-2.331,-4.662
T_CNQPS-3,36,DF,-2.016,-4.032
T_COSO-1,36,DF,-0.995,-1.99
T_CRGHD-1,36,DF,-0.005,-0.01
T_DAMC-1,36,DF,-0.72,-1.44
T_DIDCB5,36,DF,-1.35,-2.7
T_DIDCB6,36,DF,-1.0,-2.0
T_DINO-1,36,DF,-0.7000000000000001,-1.4000000000000001
T_EECL-1,36,DF,-0.28800000000000003,-0.5760000000000001
T_FOYED-1,36,DF,-0.545,-1.09
T_GRAI-6,36,DF,-0.35000000000000003,-0.7000000000000001
T_GYMRD-16,36,DF,-0.001,-0.002
T_GYMRD-E11,36,DF,-0.002,-0.004
T_GYMRD-W11,36,DF,-0.002,-0.004
T_HEYM2-D,36,DF,-26.772,-53.544
T_HUMRD-1,36,DF,-26.609,-53.218
T_INDQ-1,36,DF,-1.195,-2.39
T_KEAD-1,36,DF,-2.07,-4.14
T_KEAD-2,36,DF,-0.4,-0.8
T_KEADGT-3,36,DF,-0.08,-0.16
T_KILLPG-1,36,DF,-0.532,-1.064
T_KILLPG-2,36,DF,-0.321,-0.642
T_LAGA-1,36,DF,-0.8,-1.6
T_LBAR-1,36,DF,-1.24,-2.48
T_LBAR-1G,36,DF,-0.06,-0.12
T_MEDP-1,36,DF,-2.109,-4.218
T_MRWD-1,36,DF,-2.6,-5.2
T_PEMB-11,36,DF,-0.5,-1.0
T_PEMB-21,36,DF,-0.3,-0.6
T_PEMB-31,36,DF,-0.35000000000000003,-0.7000000000000001
T_PEMB-41,36,DF,-0.25,-0.5
T_PEMB-51,36,DF,-0.35000000000000003,-0.7000000000000001
T_ROCK-1,36,DF,-1.2,-2.4
T_RYHPS-1,36,DF,-0.8,-1.6
T_SCCL-3,36,DF,-0.4,-0.8
T_SCCL-4,36,DF,-29.9,-59.8
T_SEAB-1,36,DF,-1.446,-2.892
T_SEAB-2,36,DF,-0.8280000000000001,-1.6560000000000001
T_SEEL-1,36,DF,-0.136,-0.272
T_SPLN-1,36,DF,-1.35,-2.7
T_STAY-1,36,DF,-0.35000000000000003,-0.7000000000000001
T_STAY-2,36,DF,-0.85,-1.7
T_STAY-3,36,DF,-0.35000000000000003,-0.7000000000000001
T_STAY-4,36,DF,-0.35000000000000003,-0.7000000000000001
T_SUTB-1,36,DF,-0.1,-0.2
T_SVRP-10,36,DF,-0.35000000000000003,-0.7000000000000001
T_SVRP-20,36,DF,-0.2,-0.4
T_TORN-D,36,DF,-16.528,-33.056
T_TSREP-1,36,DF,-0.996,-1.992
T_WBURB-41,36,DF,-0.14400000000000002,-0.28800000000000003
T_WBURB-43,36,DF,-0.088,-0.176
T_BPGRD-1,37,DF,-34.34,-68.68
T_CARR-1,37,DF,-0.5,-1.0
T_CARR-2,37,DF,-0.2,-0.4
T_CDCL-1,37,DF,-1.53,-3.06
T_CNQPS-1,37,DF,-2.205,-4.41
T_CNQPS-3,37,DF,-2.079,-4.158
T_COSO-1,37,DF,-0.883,-1.766
T_CRGHD-1,37,DF,-0.004,-0.008
T_DAMC-1,37,DF,-0.705,-1.41
T_DIDCB5,37,DF,-1.3,-2.6
T_DIDCB6,37,DF,-1.05,-2.1
T_DINO-1,37,DF,-0.7000000000000001,-1.4000000000000001
T_EECL-1,37,DF,-0.28800000000000003,-0.5760000000000001
T_FOYED-1,37,DF,-0.543,-1.086
T_GRAI-6,37,DF,-0.35000000000000003,-0.7000000000000001
T_GYMRD-16,37,DF,-0.001,-0.002
T_GYMRD-E11,37,DF,-0.002,-0.004
T_GYMRD-W11,37,DF,-0.002,-0.004
T_HEYM2-D,37,DF,-26.676,-53.352
T_HUMRD-1,37,DF,-26.616,-53.232
T_INDQ-1,37,DF,-1.2,-2.4
T_KEAD-1,37,DF,-2.02,-4.04
T_KEAD-2,37,DF,-0.364,-0.728
T_KEADGT-3,37,DF,-0.08,-0.16
T_KILLPG-1,37,DF,-0.528,-1.056
T_KILLPG-2,37,DF,-0.318,-0.636
T_LAGA-1,37,DF,-0.8,-1.6
T_LBAR-1,37,DF,-1.29,-2.58
T_LBAR-1G,37,DF,-0.06,-0.12
T_MEDP-1,37,DF,-2.061,-4.122
T_MRWD-1,37,DF,-2.5,-5.0
T_PEMB-11,37,DF,-0.5,-1.0
T_PEMB-21,37,DF,-0.3,-0.6
T_PEMB-31,37,DF,-0.4,-0.8
T_PEMB-41,37,DF,-0.3,-0.6
T_PEMB-51,37,DF,-0.35000000000000003,-0.7000000000000001
T_ROCK-1,37,DF,-1.3,-2.6
T_RYHPS-1,37,DF,-0.8190000000000001,-1.6380000000000001
T_SCCL-3,37,DF,-0.35000000000000003,-0.7000000000000001
T_SCCL-4,37,DF,-29.9,-59.8
T_SEAB-1,37,DF,-1.454,-2.908
T_SEAB-2,37,DF,-0.8290000000000001,-1.6580000000000001
T_SEEL-1,37,DF,-0.133,-0.266
T_SPLN-1,37,DF,-1.55,-3.1
T_STAY-1,37,DF,-0.4,-0.8
T_STAY-2,37,DF,-0.85,-1.7
T_STAY-3,37,DF,-0.35000000000000003,-0.7000000000000001
T_STAY-4,37,DF,-0.3,-0.6
T_SUTB-1,37,DF,-0.1,-0.2
T_SVRP-10,37,DF,-0.35000000000000003,-0.7000000000000001
T_SVRP-20,37,DF,-0.2,-0.4
T_TORN-D,37,DF,-16.496,-32.992
T_TSREP-1,37,DF,-0.977,-1.954
T_WBURB-41,37,DF,-0.01,-0.02
T_BPGRD-1,38,DF,-34.139,-68.278
T_CARR-1,38,DF,-0.5,-1.0
T_CARR-2,38,DF,-0.3,-0.6
T_CDCL-1,38,DF,-1.44,-2.88
T_CNQPS-1,38,DF,-2.268,-4.536
T_CNQPS-3,38,DF,-2.079,-4.158
T_COSO-1,38,DF,-1.045,-2.09
T_CRGHD-1,38,DF,-0.004,-0.008
T_DAMC-1,38,DF,-0.705,-1.41
T_DIDCB5,38,DF,-1.35,-2.7
T_DIDCB6,38,DF,-1.1,-2.2
T_DINO-1,38,DF,-0.75,-1.5
T_EECL-1,38,DF,-0.36,-0.72
T_FOYED-1,38,DF,-0.549,-1.098
T_GRAI-6,38,DF,-0.35000000000000003,-0.7000000000000001
T_GYMRD-16,38,DF,-0.001,-0.002
T_GYMRD-E11,38,DF,-0.002,-0.004
T_GYMRD-W11,38,DF,-0.003,-0.006
T_HEYM2-D,38,DF,-26.708,-53.416
T_HUMRD-1,38,DF,-26.576999999999998,-53.153999999999996
T_INDQ-1,38,DF,-1.145,-2.29
T_KEAD-1,38,DF,-2.115,-4.23
T_KEAD-2,38,DF,-0.367,-0.734
T_KEADGT-3,38,DF,-0.085,-0.17
T_KILLPG-1,38,DF,-0.527,-1.054
T_KILLPG-2,38,DF,-0.317,-0.634
T_LAGA-1,38,DF,-0.7000000000000001,-1.4000000000000001
T_LBAR-1,38,DF,-1.29,-2.58
T_LBAR-1G,38,DF,-0.06,-0.12
T_MEDP-1,38,DF,-2.089,-4.178
T_MRWD-1,38,DF,-2.5,-5.0
T_PEMB-11,38,DF,-0.5,-1.0
T_PEMB-21,38,DF,-0.35000000000000003,-0.7000000000000001
T_PEMB-31,38,DF,-0.35000000000000003,-0.7000000000000001
T_PEMB-41,38,DF,-0.25,-0.5
T_PEMB-51,38,DF,-0.3,-0.6
T_ROCK-1,38,DF,-1.2,-2.4
T_RYHPS-1,38,DF,-0.8230000000000001,-1.6460000000000001
T_SCCL-3,38,DF,-0.4,-0.8
T_SCCL-4,38,DF,-29.89,-59.78
T_SEAB-1,38,DF,-1.447,-2.894
T_SEAB-2,38,DF,-0.8270000000000001,-1.6540000000000001
T_SEEL-1,38,DF,-0.131,-0.262
T_SPLN-1,38,DF,-1.3,-2.6
T_STAY-1,38,DF,-0.35000000000000003,-0.7000000000000001
T_STAY-2,38,DF,-0.85,-1.7
T_STAY-3,38,DF,-0.4,-0.8
T_STAY-4,38,DF,-0.35000000000000003,-0.7000000000000001
T_SUTB-1,38,DF,-0.1,-0.2
T_SVRP-10,38,DF,-0.35000000000000003,-0.7000000000000001
T_SVRP-20,38,DF,-0.2,-0.4
T_TORN-D,38,DF,-16.52,-33.04
T_TSREP-1,38,DF,-0.972,-1.944
T_WBURB-41,38,DF,-0.14200000000000002,-0.28400000000000003
T_WBURB-43,38,DF,-0.08600000000000001,-0.17200000000000001
T_BPGRD-1,39,DF,-34.162,-68.324
T_CARR-1,39,DF,-0.6,-1.2
T_CARR-2,39,DF,-0.3,-0.6
T_CDCL-1,39,DF,-1.44,-2.88
T_CNQPS-1,39,DF,-2.268,-4.536
T_CNQPS-3,39,DF,-2.016,-4.032
T_COSO-1,39,DF,-1.089,-2.178
T_CRGHD-1,39,DF,-0.004,-0.008
T_DAMC-1,39,DF,-0.6900000000000001,-1.3800000000000001
T_DIDCB5,39,DF,-1.65,-3.3
T_DIDCB6,39,DF,-1.0,-2.0
T_DINO-1,39,DF,-0.75,-1.5
T_DINO-5,39,DF,-2.6,-5.2
T_EECL-1,39,DF,-1.08,-2.16
T_FFES-1,39,DF,-0.021,-0.042
T_FFES-2,39,DF,-0.021,-0.042
T_FFES-3,39,DF,-0.8200000000000001,-1.6400000000000001
T_FFES-4,39,DF,-0.02,-0.04
T_FOYED-1,39,DF,-0.544,-1.088
T_GRAI-6,39,DF,-0.35000000000000003,-0.7000000000000001
T_GYMRD-16,39,DF,-0.001,-0.002
T_GYMRD-E11,39,DF,-0.003,-0.006
T_GYMRD-W11,39,DF,-0.002,-0.004
T_HEYM2-D,39,DF,-26.568,-53.136
T_HUMRD-1,39,DF,-25.865,-51.73
T_INDQ-1,39,DF,-1.065,-2.13
T_KEAD-1,39,DF,-1.97,-3.94
T_KEAD-2,39,DF,-0.369,-0.738
T_KEADGT-3,39,DF,-0.08,-0.16
T_KILLPG-1,39,DF,-0.535,-1.07
T_KILLPG-2,39,DF,-0.323,-0.646
T_LAGA-1,39,DF,-0.7000000000000001,-1.4000000000000001
T_LBAR-1,39,DF,-1.24,-2.48
T_LBAR-1G,39,DF,-0.06,-0.12
T_MEDP-1,39,DF,-2.063,-4.126
T_MRWD-1,39,DF,-2.6,-5.2
T_PEMB-11,39,DF,-0.5,-1.0
T_PEMB-21,39,DF,-1.0,-2.0
T_PEMB-31,39,DF,-0.35000000000000003,-0.7000000000000001
T_PEMB-41,39,DF,-0.3,-0.6
T_PEMB-51,39,DF,-0.35000000000000003,-0.7000000000000001
T_PNYCB-1,39,DF,-0.245,-0.49
T_ROCK-1,39,DF,-1.3,-2.6
T_RYHPS-1,39,DF,-0.773,-1.546
T_SCCL-3,39,DF,-0.35000000000000003,-0.7000000000000001
T_SCCL-4,39,DF,-29.75,-59.5
T_SEAB-1,39,DF,-1.431,-2.862
T_SEAB-2,39,DF,-0.8190000000000001,-1.6380000000000001
T_SEEL-1,39,DF,-0.133,-0.266
T_SPLN-1,39,DF,-1.35,-2.7
T_STAY-1,39,DF,-0.4,-0.8
T_STAY-2,39,DF,-0.85,-1.7
T_STAY-3,39,DF,-0.35000000000000003,-0.7000000000000001
T_STAY-4,39,DF,-0.35000000000000003,-0.7000000000000001
T_SUTB-1,39,DF,-0.1,-0.2
T_SVRP-10,39,DF,-0.35000000000000003,-0.7000000000000001
T_SVRP-20,39,DF,-0.2,-0.4
T_TORN-D,39,DF,-16.428,-32.856
T_TSREP-1,39,DF,-0.962,-1.924
T_BPGRD-1,40,DF,-34.32,-68.64
T_CARR-1,40,DF,-0.5,-1.0
T_CARR-2,40,DF,-0.2,-0.4
T_CDCL-1,40,DF,-1.53,-3.06
T_CNQPS-1,40,DF,-3.276,-6.552
T_CNQPS-3,40,DF,-2.079,-4.158
T_COSO-1,40,DF,-0.993,-1.986
T_CRGHD-1,40,DF,-0.004,-0.008
T_DAMC-1,40,DF,-0.6900000000000001,-1.3800000000000001
T_DIDCB5,40,DF,-1.65,-3.3
T_DIDCB6,40,DF,-1.1,-2.2
T_DINO-1,40,DF,-0.75,-1.5
T_DINO-3,40,DF,-0.25,-0.5
T_EECL-1,40,DF,-0.5760000000000001,-1.1520000000000001
T_FFES-1,40,DF,-0.011,-0.022
T_FFES-2,40,DF,-0.011,-0.022
T_FFES-3,40,DF,-0.8200000000000001,-1.6400000000000001
T_FFES-4,40,DF,-0.01,-0.02
T_FOYED-1,40,DF,-0.515,-1.03
T_GRAI-6,40,DF,-0.35000000000000003,-0.7000000000000001
T_GYMRD-16,40,DF,-0.001,-0.002
T_GYMRD-E11,40,DF,-0.003,-0.006
T_GYMRD-W11,40,DF,-0.002,-0.004
T_HEYM2-D,40,DF,-26.576,-53.152
T_HUMRD-1,40,DF,-25.687,-51.374
T_INDQ-1,40,DF,-1.06,-2.12
T_KEAD-1,40,DF,-2.07,-4.14
T_KEAD-2,40,DF,-0.366,-0.732
T_KEADGT-3,40,DF,-0.08,-0.16
T_KILLPG-1,40,DF,-0.531,-1.062
T_KILLPG-2,40,DF,-0.319,-0.638
T_LAGA-1,40,DF,-0.8,-1.6
T_LBAR-1,40,DF,-1.25,-2.5
T_LBAR-1G,40,DF,-0.05,-0.1
T_MEDP-1,40,DF,-2.053,-4.106
T_MRWD-1,40,DF,-2.5,-5.0
T_PEMB-11,40,DF,-0.5,-1.0
T_PEMB-21,40,DF,-0.6,-1.2
T_PEMB-31,40,DF,-0.3,-0.6
T_PEMB-41,40,DF,-0.25,-0.5
T_PEMB-51,40,DF,-0.35000000000000003,-0.7000000000000001
T_ROCK-1,40,DF,-1.2,-2.4
T_RYHPS-1,40,DF,-0.802,-1.604
T_SCCL-3,40,DF,-0.4,-0.8
T_SCCL-4,40,DF,-29.68,-59.36
T_SEAB-1,40,DF,-1.435,-2.87
T_SEAB-2,40,DF,-0.8250000000000001,-1.6500000000000001
T_SEEL-1,40,DF,-0.139,-0.278
T_SPLN-1,40,DF,-1.25,-2.5
T_STAY-1,40,DF,-0.35000000000000003,-0.7000000000000001
T_STAY-2,40,DF,-0.85,-1.7
T_STAY-3,40,DF,-0.3,-0.6
T_STAY-4,40,DF,-0.35000000000000003,-0.7000000000000001
T_SUTB-1,40,DF,-0.1,-0.2
T_SVRP-10,40,DF,-0.35000000000000003,-0.7000000000000001
T_SVRP-20,40,DF,-0.2,-0.4
T_TORN-D,40,DF,-16.44,-32.88
T_TSREP-1,40,DF,-0.972,-1.944
T_BPGRD-1,41,DF,-34.742,-69.484
T_CARR-1,41,DF,-0.6,-1.2
T_CARR-2,41,DF,-0.3,-0.6
T_CDCL-1,41,DF,-1.44,-2.88
T_CNQPS-1,41,DF,-3.906,-7.812
T_CNQPS-3,41,DF,-2.079,-4.158
T_COSO-1,41,DF,-1.095,-2.19
T_CRGHD-1,41,DF,-0.005,-0.01
T_DAMC-1,41,DF,-0.68,-1.36
T_DIDCB5,41,DF,-1.3,-2.6
T_DIDCB6,41,DF,-1.0,-2.0
T_DINO-1,41,DF,-0.75,-1.5
T_DINO-3,41,DF,-0.25,-0.5
T_DINO-5,41,DF,-2.6,-5.2
T_DINO-6,41,DF,-0.1,-0.2
T_EECL-1,41,DF,-0.36,-0.72
T_FFES-1,41,DF,-0.021,-0.042
T_FFES-2,41,DF,-0.021,-0.042
T_FFES-3,41,DF,-0.81,-1.62
T_FFES-4,41,DF,-0.02,-0.04
T_FOYED-1,41,DF,-0.519,-1.038
T_GRAI-6,41,DF,-0.35000000000000003,-0.7000000000000001
T_GYMRD-16,41,DF,-0.001,-0.002
T_GYMRD-E11,41,DF,-0.003,-0.006
T_GYMRD-W11,41,DF,-0.002,-0.004
T_HEYM2-D,41,DF,-26.6,-53.2
T_HUMRD-1,41,DF,-25.76,-51.52
T_INDQ-1,41,DF,-1.065,-2.13
T_KEAD-1,41,DF,-2.02,-4.04
T_KEAD-2,41,DF,-0.379,-0.758
T_KEADGT-3,41,DF,-0.08,-0.16
T_KILLPG-1,41,DF,-0.483,-0.966
T_KILLPG-2,41,DF,-0.322,-0.644
T_LAGA-1,41,DF,-0.8,-1.6
T_LBAR-1,41,DF,-1.24,-2.48
T_LBAR-1G,41,DF,-0.06,-0.12
T_MEDP-1,41,DF,-2.04,-4.08
T_MRWD-1,41,DF,-2.4,-4.8
T_PEMB-11,41,DF,-1.0,-2.0
T_PEMB-21,41,DF,-1.1,-2.2
T_PEMB-31,41,DF,-0.35000000000000003,-0.7000000000000001
T_PEMB-41,41,DF,-0.25,-0.5
T_PEMB-51,41,DF,-0.35000000000000003,-0.7000000000000001
T_PNYCB-1,41,DF,-0.01,-0.02
T_ROCK-1,41,DF,-1.1,-2.2
T_RYHPS-1,41,DF,-0.77,-1.54
T_SCCL-3,41,DF,-0.35000000000000003,-0.7000000000000001
T_SCCL-4,41,DF,-30.1,-60.2
T_SEAB-1,41,DF,-1.427,-2.854
T_SEAB-2,41,DF,-0.8200000000000001,-1.6400000000000001
T_SEEL-1,41,DF,-0.14100000000000001,-0.28200000000000003
T_SPLN-1,41,DF,-1.35,-2.7
T_STAY-1,41,DF,-0.35000000000000003,-0.7000000000000001
T_STAY-2,41,DF,-0.85,-1.7
T_STAY-3,41,DF,-0.4,-0.8
T_STAY-4,41,DF,-0.35000000000000003,-0.7000000000000001
T_SVRP-10,41,DF,-0.3,-0.6
T_SVRP-20,41,DF,-0.25,-0.5
T_TORN-D,41,DF,-16.504,-33.008
T_TSREP-1,41,DF,-0.962,-1.924
T_BPGRD-1,42,DF,-34.523,-69.046
T_CARR-1,42,DF,-0.5,-1.0
T_CARR-2,42,DF,-0.3,-0.6
T_CDCL-1,42,DF,-1.44,-2.88
T_CNQPS-1,42,DF,-3.969,-7.938
T_CNQPS-2,42,DF,-3.402,-6.804
T_CNQPS-3,42,DF,-2.016,-4.032
T_COSO-1,42,DF,-1.011,-2.022
T_CRGHD-1,42,DF,-0.005,-0.01
T_DAMC-1,42,DF,-0.675,-1.35
T_DIDCB5,42,DF,-1.35,-2.7
T_DIDCB6,42,DF,-1.05,-2.1
T_DINO-1,42,DF,-0.7000000000000001,-1.4000000000000001
T_DINO-2,42,DF,-0.1,-0.2
T_DINO-3,42,DF,-0.2,-0.4
T_DINO-6,42,DF,-0.15,-0.3
T_EECL-1,42,DF,-0.28800000000000003,-0.5760000000000001
T_FFES-1,42,DF,-0.011,-0.022
T_FFES-2,42,DF,-0.011,-0.022
T_FFES-4,42,DF,-0.01,-0.02
T_FOYED-1,42,DF,-0.532,-1.064
T_GRAI-6,42,DF,-0.35000000000000003,-0.7000000000000001
T_GYMRD-16,42,DF,-0.001,-0.002
T_GYMRD-E11,42,DF,-0.003,-0.006
T_GYMRD-W11,42,DF,-0.003,-0.006
T_HEYM2-D,42,DF,-26.544,-53.088
T_HUMRD-1,42,DF,-25.776,-51.552
T_INDQ-1,42,DF,-1.07,-2.14
T_KEAD-1,42,DF,-2.02,-4.04
T_KEAD-2,42,DF,-0.376,-0.752
T_KEADGT-3,42,DF,-0.08,-0.16
T_KILLPG-1,42,DF,-0.449,-0.898
T_KILLPG-2,42,DF,-0.323,-0.646
T_LAGA-1,42,DF,-0.7000000000000001,-1.4000000000000001
T_LBAR-1,42,DF,-1.24,-2.48
T_LBAR-1G,42,DF,-0.06,-0.12
T_MEDP-1,42,DF,-2.065,-4.13
T_MRWD-1,42,DF,-2.9,-5.8
T_PEMB-11,42,DF,-1.05,-2.1
T_PEMB-21,42,DF,-1.5,-3.0
T_PEMB-31,42,DF,-0.35000000000000003,-0.7000000000000001
T_PEMB-41,42,DF,-0.3,-0.6
T_PEMB-51,42,DF,-0.35000000000000003,-0.7000000000000001
T_PNYCB-1,42,DF,-0.005,-0.01
T_ROCK-1,42,DF,-1.2,-2.4
T_RYHPS-1,42,DF,-0.799,-1.598
T_SCCL-3,42,DF,-0.35000000000000003,-0.7000000000000001
T_SCCL-4,42,DF,-29.8,-59.6
T_SEAB-1,42,DF,-1.438,-2.876
T_SEAB-2,42,DF,-0.8250000000000001,-1.6500000000000001
T_SEEL-1,42,DF,-0.138,-0.276
T_SHBA-2,42,DF,-1.338,-2.676
T_SPLN-1,42,DF,-1.25,-2.5
T_STAY-1,42,DF,-0.4,-0.8
T_STAY-2,42,DF,-0.8,-1.6
T_STAY-3,42,DF,-0.35000000000000003,-0.7000000000000001
T_STAY-4,42,DF,-0.35000000000000003,-0.7000000000000001
T_SUTB-1,42,DF,-0.1,-0.2
T_SVRP-10,42,DF,-0.35000000000000003,-0.7000000000000001
T_SVRP-20,42,DF,-0.2,-0.4
T_TORN-D,42,DF,-16.48,-32.96
T_TSREP-1,42,DF,-0.972,-1.944
T_WILCT-1,42,DF,-2.315,-4.63
T_BPGRD-1,43,DF,-34.765,-69.53
T_CARR-1,43,DF,-0.5,-1.0
T_CARR-2,43,DF,-0.2,-0.4
T_CDCL-1,43,DF,-1.53,-3.06
T_CNQPS-1,43,DF,-3.969,-7.938
T_CNQPS-2,43,DF,-2.52,-5.04
T_CNQPS-3,43,DF,-2.079,-4.158
T_COSO-1,43,DF,-1.101,-2.202
T_CRGHD-1,43,DF,-0.004,-0.008
T_DAMC-1,43,DF,-0.67,-1.34
T_DIDCB5,43,DF,-1.25,-2.5
T_DIDCB6,43,DF,-1.05,-2.1
T_DINO-1,43,DF,-0.75,-1.5
T_DINO-2,43,DF,-0.15,-0.3
T_DINO-3,43,DF,-0.25,-0.5
T_DINO-6,43,DF,-0.1,-0.2
T_EECL-1,43,DF,-0.36,-0.72
T_FFES-1,43,DF,-0.021,-0.042
T_FFES-2,43,DF,-0.021,-0.042
T_FFES-3,43,DF,-0.81,-1.62
T_FFES-4,43,DF,-0.02,-0.04
T_FOYED-1,43,DF,-0.537,-1.074
T_GRAI-6,43,DF,-0.35000000000000003,-0.7000000000000001
T_GYMRD-16,43,DF,-0.001,-0.002
T_GYMRD-E11,43,DF,-0.002,-0.004
T_GYMRD-W11,43,DF,-0.002,-0.004
T_HEYM2-D,43,DF,-26.588,-53.176
T_HUMRD-1,43,DF,-25.8,-51.6
T_INDQ-1,43,DF,-1.16,-2.32
T_KEAD-1,43,DF,-2.07,-4.14
T_KEAD-2,43,DF,-0.384,-0.768
T_KEADGT-3,43,DF,-0.08,-0.16
T_KILLPG-1,43,DF,-0.43,-0.86
T_KILLPG-2,43,DF,-0.322,-0.644
T_LAGA-1,43,DF,-0.7000000000000001,-1.4000000000000001
T_LBAR-1,43,DF,-1.34,-2.68
T_LBAR-1G,43,DF,-0.06,-0.12
T_MEDP-1,43,DF,-2.062,-4.124
T_PEMB-11,43,DF,-1.05,-2.1
T_PEMB-31,43,DF,-0.35000000000000003,-0.7000000000000001
T_PEMB-41,43,DF,-0.25,-0.5
T_PEMB-51,43,DF,-0.75,-1.5
T_PNYCB-1,43,DF,-0.005,-0.01
T_ROCK-1,43,DF,-1.1,-2.2
T_RYHPS-1,43,DF,-0.782,-1.564
T_SCCL-3,43,DF,-0.4,-0.8
T_SCCL-4,43,DF,-29.96,-59.92
T_SEAB-1,43,DF,-2.01,-4.02
T_SEAB-2,43,DF,-0.8320000000000001,-1.6640000000000001
T_SEEL-1,43,DF,-0.136,-0.272
T_SHBA-2,43,DF,-0.916,-1.832
T_SPLN-1,43,DF,-1.35,-2.7
T_STAY-1,43,DF,-0.4,-0.8
T_STAY-2,43,DF,-0.85,-1.7
T_STAY-3,43,DF,-0.4,-0.8
T_STAY-4,43,DF,-0.35000000000000003,-0.7000000000000001
T_SUTB-1,43,DF,-0.2,-0.4
T_SVRP-10,43,DF,-0.35000000000000003,-0.7000000000000001
T_SVRP-20,43,DF,-0.2,-0.4
T_TORN-D,43,DF,-16.496,-32.992
T_TSREP-1,43,DF,-0.967,-1.934
T_WBURB-1,43,DF,-1.6179999999999999,-3.2359999999999998
T_WBURB-41,43,DF,-0.032,-0.064
T_WBURB-43,43,DF,-0.043000000000000003,-0.08600000000000001
T_WILCT-1,43,DF,-3.98,-7.96
T_BPGRD-1,44,DF,-34.305,-68.61
T_CARR-1,44,DF,-0.6,-1.2
T_CARR-2,44,DF,-0.3,-0.6
T_CDCL-1,44,DF,-1.44,-2.88
T_CNQPS-1,44,DF,-3.969,-7.938
T_CNQPS-2,44,DF,-2.457,-4.914
T_CNQPS-3,44,DF,-2.016,-4.032
T_COSO-1,44,DF,-1.055,-2.11
T_CREAW-1,44,DF,-0.108,-0.216
T_CRGHD-1,44,DF,-0.005,-0.01
T_DAMC-1,44,DF,-0.665,-1.33
T_DIDCB5,44,DF,-1.25,-2.5
T_DIDCB6,44,DF,-1.05,-2.1
T_DINO-1,44,DF,-0.7000000000000001,-1.4000000000000001
T_DINO-2,44,DF,-0.1,-0.2
T_DINO-3,44,DF,-0.3,-0.6
T_DINO-6,44,DF,-0.15,-0.3
T_EECL-1,44,DF,-0.28800000000000003,-0.5760000000000001
T_FFES-1,44,DF,-0.021,-0.042
T_FFES-2,44,DF,-0.021,-0.042
T_FFES-3,44,DF,-0.8200000000000001,-1.6400000000000001
T_FFES-4,44,DF,-0.01,-0.02
T_FOYED-1,44,DF,-0.11,-0.22
T_GRAI-6,44,DF,-0.35000000000000003,-0.7000000000000001
T_GYMRD-16,44,DF,-0.001,-0.002
T_GYMRD-E11,44,DF,-0.003,-0.006
T_GYMRD-W11,44,DF,-0.002,-0.004
T_HEYM2-D,44,DF,-26.508,-53.016
T_HUMRD-1,44,DF,-25.68,-51.36
T_INDQ-1,44,DF,-1.165,-2.33
T_KEAD-1,44,DF,-2.02,-4.04
T_KEAD-2,44,DF,-0.393,-0.786
T_KEADGT-3,44,DF,-0.08,-0.16
T_KILLPG-1,44,DF,-0.432,-0.864
T_KILLPG-2,44,DF,-0.319,-0.638
T_LAGA-1,44,DF,-0.7000000000000001,-1.4000000000000001
T_LBAR-1,44,DF,-1.6,-3.2
T_LBAR-1G,44,DF,-0.05,-0.1
T_MEDP-1,44,DF,-2.063,-4.126
T_PEMB-11,44,DF,-1.1,-2.2
T_PEMB-31,44,DF,-0.35000000000000003,-0.7000000000000001
T_PEMB-41,44,DF,-0.3,-0.6
T_PEMB-51,44,DF,-0.9,-1.8
T_PNYCB-1,44,DF,-0.05,-0.1
T_ROCK-1,44,DF,-1.2,-2.4
T_RYHPS-1,44,DF,-0.79,-1.58
T_SCCL-3,44,DF,-0.35000000000000003,-0.7000000000000001
T_SCCL-4,44,DF,-29.87,-59.74
T_SEAB-1,44,DF,-2.519,-5.038
T_SEAB-2,44,DF,-0.842,-1.684
T_SEEL-1,44,DF,-0.137,-0.274
T_SHBA-2,44,DF,-0.87,-1.74
T_SPLN-1,44,DF,-1.35,-2.7
T_STAY-1,44,DF,-0.35000000000000003,-0.7000000000000001
T_STAY-2,44,DF,-1.65,-3.3
T_STAY-3,44,DF,-0.35000000000000003,-0.7000000000000001
T_STAY-4,44,DF,-0.35000000000000003,-0.7000000000000001
T_SUTB-1,44,DF,-0.2,-0.4
T_SVRP-10,44,DF,-0.3,-0.6
T_SVRP-20,44,DF,-0.2,-0.4
T_TORN-D,44,DF,-16.464,-32.928
T_TSREP-1,44,DF,-0.977,-1.954
T_WBURB-1,44,DF,-1.322,-2.644
T_WBURB-43,44,DF,-0.024,-0.048
T_WILCT-1,44,DF,-4.66,-9.32
T_BPGRD-1,45,DF,-34.094,-68.188
T_CARR-1,45,DF,-0.5,-1.0
T_CARR-2,45,DF,-0.3,-0.6
T_CDCL-1,45,DF,-1.44,-2.88
T_CNQPS-1,45,DF,-3.969,-7.938
T_CNQPS-2,45,DF,-2.457,-4.914
T_CNQPS-3,45,DF,-2.079,-4.158
T_COSO-1,45,DF,-1.045,-2.09
T_CRGHD-1,45,DF,-0.005,-0.01
T_DAMC-1,45,DF,-0.66,-1.32
T_DIDCB5,45,DF,-1.25,-2.5
T_DIDCB6,45,DF,-1.05,-2.1
T_DINO-1,45,DF,-1.4,-2.8
T_DINO-2,45,DF,-0.15,-0.3
T_DINO-3,45,DF,-1.3,-2.6
T_DINO-6,45,DF,-0.1,-0.2
T_EECL-1,45,DF,-0.28800000000000003,-0.5760000000000001
T_FFES-1,45,DF,-0.011,-0.022
T_FFES-2,45,DF,-0.011,-0.022
T_FFES-4,45,DF,-0.02,-0.04
T_FOYED-1,45,DF,-0.07100000000000001,-0.14200000000000002
T_GRAI-6,45,DF,-0.35000000000000003,-0.7000000000000001
T_GYMRD-16,45,DF,-0.001,-0.002
T_GYMRD-E11,45,DF,-0.003,-0.006
T_GYMRD-W11,45,DF,-0.003,-0.006
T_HEYM2-D,45,DF,-26.576,-53.152
T_HUMRD-1,45,DF,-25.816,-51.632
T_INDQ-1,45,DF,-1.185,-2.37
T_KEAD-1,45,DF,-2.07,-4.14
T_KEAD-2,45,DF,-0.383,-0.766
T_KEADGT-3,45,DF,-0.08,-0.16
T_KILLPG-1,45,DF,-0.436,-0.872
T_KILLPG-2,45,DF,-0.325,-0.65
T_LAGA-1,45,DF,-0.7000000000000001,-1.4000000000000001
T_LBAR-1,45,DF,-1.15,-2.3
T_LBAR-1G,45,DF,-0.05,-0.1
T_MEDP-1,45,DF,-1.955,-3.91
T_PEMB-11,45,DF,-1.1,-2.2
T_PEMB-31,45,DF,-0.35000000000000003,-0.7000000000000001
T_PEMB-41,45,DF,-0.25,-0.5
T_PEMB-51,45,DF,-0.9,-1.8
T_PNYCB-1,45,DF,-0.005,-0.01
T_ROCK-1,45,DF,-1.0,-2.0
T_RYHPS-1,45,DF,-0.793,-1.586
T_SCCL-3,45,DF,-0.4,-0.8
T_SCCL-4,45,DF,-29.87,-59.74
T_SEAB-2,45,DF,-0.836,-1.672
T_SEEL-1,45,DF,-0.14200000000000002,-0.28400000000000003
T_SHBA-2,45,DF,-0.864,-1.728
T_SPLN-1,45,DF,-1.35,-2.7
T_STAY-1,45,DF,-1.3,-2.6
T_STAY-2,45,DF,-1.75,-3.5
T_STAY-3,45,DF,-0.35000000000000003,-0.7000000000000001
T_STAY-4,45,DF,-0.35000000000000003,-0.7000000000000001
T_SUTB-1,45,DF,-0.2,-0.4
T_SVRP-10,45,DF,-0.35000000000000003,-0.7000000000000001
T_SVRP-20,45,DF,-0.2,-0.4
T_TORN-D,45,DF,-16.5,-33.0
T_TSREP-1,45,DF,-0.967,-1.934
T_WBURB-1,45,DF,-1.365,-2.73
T_WBURB-43,45,DF,-0.049,-0.098
T_WILCT-1,45,DF,-3.765,-7.53
T_BPGRD-1,46,DF,-34.3,-68.6
T_CARR-1,46,DF,-0.6,-1.2
T_CARR-2,46,DF,-0.3,-0.6
T_CDCL-1,46,DF,-1.44,-2.88
T_CNQPS-1,46,DF,-3.969,-7.938
T_CNQPS-2,46,DF,-2.457,-4.914
T_CNQPS-3,46,DF,-2.079,-4.158
T_COSO-1,46,DF,-1.059,-2.118
T_CRGHD-1,46,DF,-0.004,-0.008
T_DAMC-1,46,DF,-0.655,-1.31
T_DIDCB5,46,DF,-1.3,-2.6
T_DIDCB6,46,DF,-1.05,-2.1
T_DINO-1,46,DF,-1.6,-3.2
T_DINO-2,46,DF,-20.6,-41.2
T_DINO-3,46,DF,-88.7,-177.4
T_DINO-6,46,DF,-54.6,-109.2
T_EECL-1,46,DF,-0.28800000000000003,-0.5760000000000001
T_FFES-1,46,DF,-0.021,-0.042
T_FFES-2,46,DF,-0.021,-0.042
T_FFES-3,46,DF,-0.81,-1.62
T_FFES-4,46,DF,-0.01,-0.02
T_FOYED-1,46,DF,-0.07100000000000001,-0.14200000000000002
T_GRAI-6,46,DF,-0.35000000000000003,-0.7000000000000001
T_GYMRD-16,46,DF,-0.001,-0.002
T_GYMRD-E11,46,DF,-0.002,-0.004
T_GYMRD-W11,46,DF,-0.002,-0.004
T_HEYM2-D,46,DF,-26.716,-53.432
T_HUMRD-1,46,DF,-25.365,-50.73
T_INDQ-1,46,DF,-1.185,-2.37
T_KEAD-1,46,DF,-2.07,-4.14
T_KEAD-2,46,DF,-0.379,-0.758
T_KEADGT-3,46,DF,-0.08,-0.16
T_KILLPG-1,46,DF,-0.436,-0.872
T_KILLPG-2,46,DF,-0.327,-0.654
T_LAGA-1,46,DF,-0.8,-1.6
T_LBAR-1,46,DF,-1.05,-2.1
T_LBAR-1G,46,DF,-0.05,-0.1
T_MEDP-1,46,DF,-1.897,-3.794
T_PEMB-11,46,DF,-1.1,-2.2
T_PEMB-31,46,DF,-0.35000000000000003,-0.7000000000000001
T_PEMB-41,46,DF,-0.3,-0.6
T_PEMB-51,46,DF,-0.9,-1.8
T_PNYCB-1,46,DF,-0.135,-0.27
T_ROCK-1,46,DF,-1.2,-2.4
T_RYHPS-1,46,DF,-0.776,-1.552
T_SCCL-3,46,DF,-0.35000000000000003,-0.7000000000000001
T_SCCL-4,46,DF,-29.64,-59.28
T_SEAB-2,46,DF,-0.833,-1.666
T_SEEL-1,46,DF,-0.147,-0.294
T_SHBA-2,46,DF,-0.863,-1.726
T_SPLN-1,46,DF,-1.35,-2.7
T_STAY-1,46,DF,-1.5,-3.0
T_STAY-3,46,DF,-0.35000000000000003,-0.7000000000000001
T_STAY-4,46,DF,-0.3,-0.6
T_SUTB-1,46,DF,-0.2,-0.4
T_SVRP-10,46,DF,-0.3,-0.6
T_SVRP-20,46,DF,-0.25,-0.5
T_TORN-D,46,DF,-16.596,-33.192
T_TSREP-1,46,DF,-0.971,-1.942
T_WBURB-1,46,DF,-1.333,-2.666
T_WBURB-41,46,DF,-0.317,-0.634
T_WBURB-43,46,DF,-0.226,-0.452
T_WILCT-1,46,DF,-2.9699999999999998,-5.9399999999999995
T_BPGRD-1,47,DF,-34.35,-68.7
T_CARR-1,47,DF,-0.5,-1.0
T_CARR-2,47,DF,-0.3,-0.6
T_CDCL-1,47,DF,-1.44,-2.88
T_CNQPS-1,47,DF,-3.969,-7.938
T_CNQPS-2,47,DF,-2.457,-4.914
T_CNQPS-3,47,DF,-2.016,-4.032
T_COSO-1,47,DF,-1.042,-2.084
T_CRGHD-1,47,DF,-0.005,-0.01
T_DAMC-1,47,DF,-0.635,-1.27
T_DIDCB5,47,DF,-1.25,-2.5
T_DIDCB6,47,DF,-1.05,-2.1
T_DINO-1,47,DF,-0.7000000000000001,-1.4000000000000001
T_DINO-2,47,DF,-142.15,-284.3
T_DINO-3,47,DF,-149.7,-299.4
T_DINO-5,47,DF,-112.15,-224.3
T_DINO-6,47,DF,-143.25,-286.5
T_EECL-1,47,DF,-0.28800000000000003,-0.5760000000000001
T_FASN-1,47,DF,-0.003,-0.006
T_FFES-1,47,DF,-11.833,-23.666
T_FFES-2,47,DF,-5.837,-11.674
T_FFES-3,47,DF,-0.8200000000000001,-1.6400000000000001
T_FFES-4,47,DF,-1.82,-3.64
T_FOYED-1,47,DF,-0.074,-0.148
T_GRAI-6,47,DF,-0.4,-0.8
T_GYMRD-16,47,DF,-0.001,-0.002
T_GYMRD-E11,47,DF,-0.003,-0.006
T_GYMRD-W11,47,DF,-0.003,-0.006
T_HEYM2-D,47,DF,-26.64,-53.28
T_HUMRD-1,47,DF,-24.665,-49.33
T_INDQ-1,47,DF,-1.185,-2.37
T_KEAD-1,47,DF,-2.02,-4.04
T_KEAD-2,47,DF,-0.392,-0.784
T_KEADGT-3,47,DF,-0.08,-0.16
T_KILLPG-1,47,DF,-0.434,-0.868
T_KILLPG-2,47,DF,-0.324,-0.648
T_LAGA-1,47,DF,-0.7000000000000001,-1.4000000000000001
T_LBAR-1,47,DF,-1.09,-2.18
T_LBAR-1G,47,DF,-0.06,-0.12
T_MEDP-1,47,DF,-1.968,-3.936
T_PEMB-11,47,DF,-1.0,-2.0
T_PEMB-31,47,DF,-0.35000000000000003,-0.7000000000000001
T_PEMB-41,47,DF,-0.25,-0.5
T_PEMB-51,47,DF,-0.9,-1.8
T_PNYCB-1,47,DF,-0.015,-0.03
T_ROCK-1,47,DF,-1.1,-2.2
T_RYHPS-1,47,DF,-0.772,-1.544
T_SCCL-3,47,DF,-0.4,-0.8
T_SCCL-4,47,DF,-29.5,-59.0
T_SEAB-2,47,DF,-0.8220000000000001,-1.6440000000000001
T_SEEL-1,47,DF,-0.146,-0.292
T_SHBA-2,47,DF,-0.864,-1.728
T_SPLN-1,47,DF,-1.35,-2.7
T_STAY-1,47,DF,-0.35000000000000003,-0.7000000000000001
T_STAY-3,47,DF,-0.4,-0.8
T_STAY-4,47,DF,-0.35000000000000003,-0.7000000000000001
T_SUTB-1,47,DF,-0.2,-0.4
T_SVRP-10,47,DF,-0.35000000000000003,-0.7000000000000001
T_SVRP-20,47,DF,-0.2,-0.4
T_TORN-D,47,DF,-16.584,-33.168
T_TSREP-1,47,DF,-0.967,-1.934
T_WBURB-1,47,DF,-1.337,-2.674
T_WBURB-41,47,DF,-0.513,-1.026
T_WBURB-43,47,DF,-0.494,-0.988
T_WILCT-1,47,DF,-2.2,-4.4
T_BPGRD-1,48,DF,-34.231,-68.462
T_CARR-1,48,DF,-0.6,-1.2
T_CARR-2,48,DF,-0.2,-0.4
T_CDCL-1,48,DF,-1.53,-3.06
T_CNQPS-1,48,DF,-3.969,-7.938
T_CNQPS-2,48,DF,-2.583,-5.166
T_CNQPS-3,48,DF,-2.079,-4.158
T_COSO-1,48,DF,-1.052,-2.104
T_CRGHD-1,48,DF,-0.005,-0.01
T_DAMC-1,48,DF,-0.64,-1.28
T_DIDCB5,48,DF,-1.3,-2.6
T_DIDCB6,48,DF,-1.0,-2.0
T_DINO-1,48,DF,-0.65,-1.3
T_DINO-2,48,DF,-141.95,-283.9
T_DINO-3,48,DF,-149.4,-298.8
T_DINO-5,48,DF,-144.0,-288.0
T_DINO-6,48,DF,-142.9,-285.8
T_EECL-1,48,DF,-0.36,-0.72
T_FASN-1,48,DF,-0.003,-0.006
T_FFES-1,48,DF,-36.716,-73.432
T_FFES-2,48,DF,-36.655,-73.31
T_FFES-3,48,DF,-0.81,-1.62
T_FFES-4,48,DF,-37.11,-74.22
T_FOYED-1,48,DF,-0.07200000000000001,-0.14400000000000002
T_GLNDO-1,48,DF,-0.021,-0.042
T_GRAI-6,48,DF,-0.35000000000000003,-0.7000000000000001
T_GYMRD-16,48,DF,-0.001,-0.002
T_GYMRD-E11,48,DF,-0.003,-0.006
T_GYMRD-W11,48,DF,-0.002,-0.004
T_HEYM2-D,48,DF,-26.672,-53.344
T_HUMRD-1,48,DF,-24.704,-49.408
T_INDQ-1,48,DF,-1.19,-2.38
T_KEAD-1,48,DF,-2.12,-4.24
T_KEAD-2,48,DF,-0.381,-0.762
T_KEADGT-3,48,DF,-0.08,-0.16
T_KILLPG-1,48,DF,-0.429,-0.858
T_KILLPG-2,48,DF,-0.319,-0.638
T_LAGA-1,48,DF,-0.7000000000000001,-1.4000000000000001
T_LBAR-1,48,DF,-1.05,-2.1
T_LBAR-1G,48,DF,-0.05,-0.1
T_MEDP-1,48,DF,-1.9809999999999999,-3.9619999999999997
T_PEMB-11,48,DF,-1.05,-2.1
T_PEMB-31,48,DF,-0.35000000000000003,-0.7000000000000001
T_PEMB-41,48,DF,-0.3,-0.6
T_PEMB-51,48,DF,-0.9,-1.8
T_PNYCB-1,48,DF,-0.105,-0.21
T_ROCK-1,48,DF,-1.1,-2.2
T_RREW-1,48,DF,-0.058,-0.116
T_RYHPS-1,48,DF,-0.781,-1.562
T_SCCL-3,48,DF,-0.35000000000000003,-0.7000000000000001
T_SCCL-4,48,DF,-29.79,-59.58
T_SEAB-2,48,DF,-0.8200000000000001,-1.6400000000000001
T_SEEL-1,48,DF,-0.139,-0.278
T_SHBA-2,48,DF,-0.85,-1.7
T_SPLN-1,48,DF,-1.35,-2.7
T_STAY-1,48,DF,-0.4,-0.8
T_STAY-3,48,DF,-0.35000000000000003,-0.7000000000000001
T_STAY-4,48,DF,-0.4,-0.8
T_SUTB-1,48,DF,-0.2,-0.4
T_SVRP-10,48,DF,-0.35000000000000003,-0.7000000000000001
T_SVRP-20,48,DF,-0.2,-0.4
T_TORN-D,48,DF,-16.584,-33.168
T_TSREP-1,48,DF,-0.968,-1.936
T_WBURB-1,48,DF,-1.311,-2.622
T_WBURB-41,48,DF,-0.589,-1.178
T_WBURB-43,48,DF,-0.547,-1.094
T_WILCT-1,48,DF,-2.18,-4.36
