bmUnit,settlementPeriod,settlementRunType,quantity,average_MW
T_BDCHW-1,1,DF,-0.101,-0.202
T_BPGRD-1,1,DF,-27.343,-54.686
T_CNQPS-4,1,DF,-2.205,-4.41
T_CREAW-1,1,DF,-0.14400000000000002,-0.28800000000000003
T_CRGHD-1,1,DF,-0.003,-0.006
T_CRGHW-1,1,DF,-0.138,-0.276
T_DIDCB6,1,DF,-1.4,-2.8
T_DINO-3,1,DF,-0.65,-1.3
T_DINO-5,1,DF,-0.7000000000000001,-1.4000000000000001
T_DOREW-1,1,DF,-0.05,-0.1
T_DOREW-2,1,DF,-0.272,-0.544
T_EDINW-1,1,DF,-0.044,-0.088
T_FASN-2,1,DF,-0.001,-0.002
T_FERGD-1,1,DF,-0.267,-0.534
T_FERGD-2,1,DF,-0.775,-1.55
T_FFES-1,1,DF,-0.611,-1.222
T_FFES-2,1,DF,-0.61,-1.22
T_FFES-3,1,DF,-0.01,-0.02
T_FFES-4,1,DF,-0.79,-1.58
T_FOYE-1,1,DF,-0.9500000000000001,-1.9000000000000001
T_FOYED-1,1,DF,-0.489,-0.978
T_GLNDO-1,1,DF,-0.021,-0.042
T_GNAPW-1,1,DF,-0.05,-0.1
T_GORDW-2,1,DF,-0.037,-0.074
T_GRAI-6,1,DF,-0.1,-0.2
T_GRAI-7,1,DF,-0.3,-0.6
T_GYMRD-16,1,DF,-0.001,-0.002
T_GYMRD-E11,1,DF,-0.002,-0.004
T_GYMRD-W11,1,DF,-0.006,-0.012
T_HEYM2-D,1,DF,-14.508,-29.016
T_HEYM27,1,DF,-2.396,-4.792
T_HEYM28,1,DF,-8.092,-16.184
T_HRSTW-1,1,DF,-0.355,-0.71
T_HRTL-2,1,DF,-10.196,-20.392
T_HUMRD-1,1,DF,-25.17,-50.34
T_INDQ-1,1,DF,-1.18,-2.36
T_KEAD-1,1,DF,-1.565,-3.13
T_KEAD-2,1,DF,-0.395,-0.79
T_KEADGT-3,1,DF,-0.085,-0.17
T_KILLPG-1,1,DF,-0.369,-0.738
T_KILLPG-2,1,DF,-0.28700000000000003,-0.5740000000000001
T_KLGLW-1,1,DF,-0.486,-0.972
T_LAGA-1,1,DF,-0.6,-1.2
T_LARKS-1,1,DF,-0.05,-0.1
T_LBAR-1G,1,DF,-0.01,-0.02
T_MKHLW-1,1,DF,-0.05,-0.1
T_MOWEO-1,1,DF,-0.002,-0.004
T_MRWD-1,1,DF,-0.3,-0.6
T_PNYCB-1,1,DF,-0.01,-0.02
T_PNYCW-1,1,DF,-0.05,-0.1
T_RMPNO-2,1,DF,-0.053,-0.106
T_ROCK-1,1,DF,-1.2,-2.4
T_SCCL-2,1,DF,-2.05,-4.1
T_SCCL-4,1,DF,-22.02,-44.04
T_SEAB-2,1,DF,-1.5270000000000001,-3.0540000000000003
T_SEEL-1,1,DF,-0.171,-0.342
T_SGRWO-3,1,DF,-0.717,-1.434
T_SGRWO-4,1,DF,-0.543,-1.086
T_SGRWO-5,1,DF,-0.894,-1.788
T_SGRWO-6,1,DF,-1.673,-3.346
T_SHBA-2,1,DF,-0.254,-0.508
T_STRNW-1,1,DF,-0.184,-0.368
T_SUTB-1,1,DF,-0.5,-1.0
T_SVRP-10,1,DF,-0.25,-0.5
T_SVRP-20,1,DF,-0.2,-0.4
T_TORN-2,1,DF,-1.088,-2.176
T_TORN-D,1,DF,-15.604,-31.208
T_TSREP-1,1,DF,-1.645,-3.29
T_WBURB-41,1,DF,-0.025,-0.05
T_WBURB-43,1,DF,-0.506,-1.012
T_ACHRW-1,2,DF,-0.034,-0.068
T_BDCHW-1,2,DF,-0.10400000000000001,-0.20800000000000002
T_BPGRD-1,2,DF,-26.606,-53.212
T_CNQPS-4,2,DF,-2.268,-4.536
T_COSO-1,2,DF,-1.03,-2.06
T_CREAW-1,2,DF,-0.034,-0.068
T_CRGHD-1,2,DF,-0.002,-0.004
T_CRGHW-1,2,DF,-0.135,-0.27
T_DIDCB6,2,DF,-1.3,-2.6
T_DINO-3,2,DF,-0.65,-1.3
T_DINO-5,2,DF,-0.75,-1.5
T_DOREW-1,2,DF,-0.298,-0.596
T_DOREW-2,2,DF,-0.253,-0.506
T_EDINW-1,2,DF,-0.04,-0.08
T_FASN-2,2,DF,-0.001,-0.002
T_FERGD-1,2,DF,-0.403,-0.806
T_FERGD-2,2,DF,-0.493,-0.986
T_FFES-1,2,DF,-0.611,-1.222
T_FFES-2,2,DF,-0.62,-1.24
T_FFES-3,2,DF,-0.02,-0.04
T_FFES-4,2,DF,-0.79,-1.58
T_FOYE-1,2,DF,-0.9500000000000001,-1.9000000000000001
T_FOYE-2,2,DF,-0.9500000000000001,-1.9000000000000001
T_FOYED-1,2,DF,-0.44,-0.88
T_GLNDO-1,2,DF,-0.021,-0.042
T_GNAPW-1,2,DF,-0.048,-0.096
T_GORDW-1,2,DF,-0.129,-0.258
T_GORDW-2,2,DF,-0.078,-0.156
T_GRAI-6,2,DF,-0.1,-0.2
T_GRAI-7,2,DF,-0.3,-0.6
T_GYMRD-16,2,DF,-0.001,-0.002
T_GYMRD-E11,2,DF,-0.002,-0.004
T_GYMRD-W11,2,DF,-0.005,-0.01
T_HEYM2-D,2,DF,-14.548,-29.096
T_HEYM27,2,DF,-2.392,-4.784
T_HEYM28,2,DF,-7.856,-15.712
T_HRSTW-1,2,DF,-0.336,-0.672
T_HRTL-2,2,DF,-10.096,-20.192
T_HUMRD-1,2,DF,-25.9,-51.8
T_INDQ-1,2,DF,-1.185,-2.37
T_KEAD-1,2,DF,-1.52,-3.04
T_KEAD-2,2,DF,-0.399,-0.798
T_KEADGT-3,2,DF,-0.08,-0.16
T_KILLPG-1,2,DF,-0.367,-0.734
T_KILLPG-2,2,DF,-0.28400000000000003,-0.5680000000000001
T_LAGA-1,2,DF,-0.5,-1.0
T_LARKS-1,2,DF,-0.045,-0.09
T_LBAR-1G,2,DF,-0.01,-0.02
T_MKHLW-1,2,DF,-0.241,-0.482
T_MOWEO-1,2,DF,-0.002,-0.004
T_MRWD-1,2,DF,-0.3,-0.6
T_PNYCB-1,2,DF,-0.01,-0.02
T_RMPNO-1,2,DF,-0.41500000000000004,-0.8300000000000001
T_RMPNO-2,2,DF,-0.582,-1.164
T_ROCK-1,2,DF,-1.1,-2.2
T_SCCL-2,2,DF,-2.05,-4.1
T_SCCL-4,2,DF,-22.15,-44.3
T_SEAB-2,2,DF,-0.9520000000000001,-1.9040000000000001
T_SEEL-1,2,DF,-0.17,-0.34
T_SGRWO-3,2,DF,-0.715,-1.43
T_SGRWO-4,2,DF,-0.539,-1.078
T_SGRWO-5,2,DF,-0.895,-1.79
T_SGRWO-6,2,DF,-1.686,-3.372
T_SHBA-2,2,DF,-0.255,-0.51
T_STRNW-1,2,DF,-0.177,-0.354
T_SUTB-1,2,DF,-0.4,-0.8
T_SVRP-10,2,DF,-0.3,-0.6
T_SVRP-20,2,DF,-0.25,-0.5
T_TORN-2,2,DF,-1.096,-2.192
T_TORN-D,2,DF,-15.644,-31.288
T_TSREP-1,2,DF,-1.641,-3.282
T_WBURB-41,2,DF,-0.095,-0.19
T_WBURB-43,2,DF,-0.246,-0.492
T_ACHRW-1,3,DF,-0.081,-0.162
T_ANSUW-1,3,DF,-0.001,-0.002
T_BDCHW-1,3,DF,-0.08600000000000001,-0.17200000000000001
T_BHLAW-1,3,DF,-0.362,-0.724
T_BPGRD-1,3,DF,-26.514,-53.028
T_CNQPS-4,3,DF,-2.268,-4.536
T_COSO-1,3,DF,-1.019,-2.038
T_CREAW-1,3,DF,-0.152,-0.304
T_CRGHD-1,3,DF,-0.002,-0.004
T_CRGHW-1,3,DF,-0.133,-0.266
T_DIDCB6,3,DF,-1.35,-2.7
T_DINO-3,3,DF,-0.7000000000000001,-1.4000000000000001
T_DINO-5,3,DF,-0.7000000000000001,-1.4000000000000001
T_DOREW-2,3,DF,-0.272,-0.544
T_EDINW-1,3,DF,-0.047,-0.094
T_FASN-2,3,DF,-0.001,-0.002
T_FERGD-1,3,DF,-0.091,-0.182
T_FERGD-2,3,DF,-0.447,-0.894
T_FFES-1,3,DF,-1.517,-3.034
T_FFES-2,3,DF,-0.044,-0.088
T_FFES-3,3,DF,-0.01,-0.02
T_FFES-4,3,DF,-0.17,-0.34
T_FOYE-1,3,DF,-0.9500000000000001,-1.9000000000000001
T_FOYE-2,3,DF,-0.05,-0.1
T_FOYED-1,3,DF,-0.668,-1.336
T_GLNDO-1,3,DF,-0.021,-0.042
T_GNAPW-1,3,DF,-0.047,-0.094
T_GORDW-1,3,DF,-0.11,-0.22
T_GORDW-2,3,DF,-0.078,-0.156
T_GRAI-6,3,DF,-0.1,-0.2
T_GRAI-7,3,DF,-0.3,-0.6
T_GYMRD-16,3,DF,-0.001,-0.002
T_GYMRD-E11,3,DF,-0.002,-0.004
T_GYMRD-W11,3,DF,-0.006,-0.012
T_HEYM2-D,3,DF,-14.504,-29.008
T_HEYM27,3,DF,-2.384,-4.768
T_HEYM28,3,DF,-7.812,-15.624
T_HRSTW-1,3,DF,-0.332,-0.664
T_HRTL-2,3,DF,-9.932,-19.864
T_HUMRD-1,3,DF,-25.3,-50.6
T_INDQ-1,3,DF,-1.18,-2.36
T_KEAD-1,3,DF,-1.62,-3.24
T_KEAD-2,3,DF,-0.397,-0.794
T_KEADGT-3,3,DF,-0.08,-0.16
T_KILLPG-1,3,DF,-0.368,-0.736
T_KILLPG-2,3,DF,-0.28400000000000003,-0.5680000000000001
T_LAGA-1,3,DF,-0.5,-1.0
T_LARKS-1,3,DF,-0.05,-0.1
T_LBAR-1G,3,DF,-0.02,-0.04
T_MKHLW-1,3,DF,-0.234,-0.468
T_MOWEO-1,3,DF,-0.002,-0.004
T_MRWD-1,3,DF,-0.3,-0.6
T_PNYCB-1,3,DF,-0.01,-0.02
T_RMPNO-1,3,DF,-0.812,-1.624
T_RMPNO-2,3,DF,-0.769,-1.538
T_ROCK-1,3,DF,-1.1,-2.2
T_SCCL-2,3,DF,-2.05,-4.1
T_SCCL-4,3,DF,-22.39,-44.78
T_SEAB-2,3,DF,-0.9500000000000001,-1.9000000000000001
T_SEEL-1,3,DF,-0.17,-0.34
T_SGRWO-3,3,DF,-0.714,-1.428
T_SGRWO-4,3,DF,-0.547,-1.094
T_SGRWO-5,3,DF,-0.892,-1.784
T_SGRWO-6,3,DF,-1.703,-3.406
T_SHBA-2,3,DF,-0.253,-0.506
T_STRNW-1,3,DF,-0.165,-0.33
T_SUTB-1,3,DF,-0.5,-1.0
T_SVRP-10,3,DF,-0.25,-0.5
T_SVRP-20,3,DF,-0.2,-0.4
T_TORN-2,3,DF,-1.092,-2.184
T_TORN-D,3,DF,-15.6,-31.2
T_TSREP-1,3,DF,-1.63,-3.26
T_WBURB-3,3,DF,-2.156,-4.312
T_WBURB-41,3,DF,-0.14400000000000002,-0.28800000000000003
T_WBURB-43,3,DF,-0.14400000000000002,-0.28800000000000003
T_ANSUW-1,4,DF,-0.001,-0.002
T_BHLAW-1,4,DF,-0.443,-0.886
T_BPGRD-1,4,DF,-26.56,-53.12
T_CNQPS-4,4,DF,-2.205,-4.41
T_COSO-1,4,DF,-1.015,-2.03
T_CREAW-1,4,DF,-0.12,-0.24
T_CRGHD-1,4,DF,-0.003,-0.006
T_CRGHW-1,4,DF,-0.133,-0.266
T_DIDCB6,4,DF,-1.3,-2.6
T_DINO-3,4,DF,-0.65,-1.3
T_DINO-5,4,DF,-0.75,-1.5
T_DOREW-1,4,DF,-0.221,-0.442
T_DOREW-2,4,DF,-0.271,-0.542
T_EDINW-1,4,DF,-0.027,-0.054
T_FASN-2,4,DF,-0.001,-0.002
T_FERGD-1,4,DF,-0.11900000000000001,-0.23800000000000002
T_FERGD-2,4,DF,-0.503,-1.006
T_FFES-1,4,DF,-36.356,-72.712
T_FFES-2,4,DF,-31.262,-62.524
T_FFES-3,4,DF,-0.02,-0.04
T_FFES-4,4,DF,-0.01,-0.02
T_FOYE-1,4,DF,-0.05,-0.1
T_FOYE-2,4,DF,-73.6,-147.2
T_FOYED-1,4,DF,-0.353,-0.706
T_GLNDO-1,4,DF,-0.021,-0.042
T_GNAPW-1,4,DF,-0.047,-0.094
T_GORDW-1,4,DF,-0.09,-0.18
T_GORDW-2,4,DF,-0.079,-0.158
T_GRAI-6,4,DF,-0.1,-0.2
T_GRAI-7,4,DF,-0.3,-0.6
T_GRIFW-1,4,DF,-0.064,-0.128
T_GYMRD-16,4,DF,-0.001,-0.002
T_GYMRD-E11,4,DF,-0.002,-0.004
T_GYMRD-W11,4,DF,-0.006,-0.012
T_HEYM2-D,4,DF,-14.54,-29.08
T_HEYM27,4,DF,-2.072,-4.144
T_HEYM28,4,DF,-7.848,-15.696
T_HRSTW-1,4,DF,-0.329,-0.658
T_HRTL-2,4,DF,-9.8,-19.6
T_HUMRD-1,4,DF,-24.49,-48.98
T_INDQ-1,4,DF,-1.185,-2.37
T_KEAD-1,4,DF,-1.52,-3.04
T_KEAD-2,4,DF,-0.396,-0.792
T_KEADGT-3,4,DF,-0.08,-0.16
T_KILLPG-1,4,DF,-0.37,-0.74
T_KILLPG-2,4,DF,-0.28600000000000003,-0.5720000000000001
T_LAGA-1,4,DF,-0.5,-1.0
T_LARKS-1,4,DF,-0.05,-0.1
T_LBAR-1G,4,DF,-0.01,-0.02
T_MKHLW-1,4,DF,-0.248,-0.496
T_MOWEO-1,4,DF,-0.002,-0.004
T_MRWD-1,4,DF,-0.3,-0.6
T_PNYCB-1,4,DF,-0.015,-0.03
T_RMPNO-1,4,DF,-0.801,-1.602
T_RMPNO-2,4,DF,-0.8160000000000001,-1.6320000000000001
T_ROCK-1,4,DF,-1.2,-2.4
T_SCCL-2,4,DF,-2.05,-4.1
T_SCCL-4,4,DF,-22.57,-45.14
T_SEAB-2,4,DF,-0.9540000000000001,-1.9080000000000001
T_SEEL-1,4,DF,-0.188,-0.376
T_SGRWO-3,4,DF,-0.715,-1.43
T_SGRWO-4,4,DF,-0.542,-1.084
T_SGRWO-5,4,DF,-0.888,-1.776
T_SGRWO-6,4,DF,-1.678,-3.356
T_SHBA-2,4,DF,-0.254,-0.508
T_STLGW-3,4,DF,-0.094,-0.188
T_SUTB-1,4,DF,-0.5,-1.0
T_SVRP-10,4,DF,-0.3,-0.6
T_SVRP-20,4,DF,-0.2,-0.4
T_TORN-2,4,DF,-1.088,-2.176
T_TORN-D,4,DF,-15.624,-31.248
T_TSREP-1,4,DF,-1.625,-3.25
T_WBURB-3,4,DF,-1.675,-3.35
T_WBURB-41,4,DF,-0.083,-0.166
T_WBURB-43,4,DF,-0.225,-0.45
T_BDCHW-1,5,DF,-0.077,-0.154
T_BEINW-1,5,DF,-0.23800000000000002,-0.47600000000000003
T_BHLAW-1,5,DF,-0.358,-0.716
T_BPGRD-1,5,DF,-26.51,-53.02
T_CNQPS-4,5,DF,-2.268,-4.536
T_COSO-1,5,DF,-0.924,-1.848
T_CRGHD-1,5,DF,-0.003,-0.006
T_CRGHW-1,5,DF,-0.133,-0.266
T_DAMC-1,5,DF,-3.02,-6.04
T_DIDCB6,5,DF,-1.3,-2.6
T_DINO-3,5,DF,-0.65,-1.3
T_DINO-5,5,DF,-0.7000000000000001,-1.4000000000000001
T_DOREW-1,5,DF,-0.093,-0.186
T_DOREW-2,5,DF,-0.154,-0.308
T_FASN-2,5,DF,-0.001,-0.002
T_FERGD-1,5,DF,-0.001,-0.002
T_FERGD-2,5,DF,-0.459,-0.918
T_FFES-1,5,DF,-36.097,-72.194
T_FFES-2,5,DF,-36.096,-72.192
T_FFES-3,5,DF,-0.01,-0.02
T_FFES-4,5,DF,-0.02,-0.04
T_FOYE-1,5,DF,-0.6,-1.2
T_FOYE-2,5,DF,-77.5,-155.0
T_FOYED-1,5,DF,-0.8170000000000001,-1.6340000000000001
T_GLNDO-1,5,DF,-0.021,-0.042
T_GNAPW-1,5,DF,-0.048,-0.096
T_GORDW-1,5,DF,-0.085,-0.17
T_GORDW-2,5,DF,-0.077,-0.154
T_GRAI-6,5,DF,-0.05,-0.1
T_GRAI-7,5,DF,-0.3,-0.6
T_GRIFW-1,5,DF,-0.292,-0.584
T_GYMRD-16,5,DF,-0.001,-0.002
T_GYMRD-E11,5,DF,-0.002,-0.004
T_GYMRD-W11,5,DF,-0.006,-0.012
T_HEYM2-D,5,DF,-14.572,-29.144
T_HEYM27,5,DF,-1.264,-2.528
T_HEYM28,5,DF,-7.84,-15.68
T_HRSTW-1,5,DF,-0.328,-0.656
T_HRTL-2,5,DF,-10.228,-20.456
T_HUMRD-1,5,DF,-24.62,-49.24
T_INDQ-1,5,DF,-1.19,-2.38
T_KEAD-1,5,DF,-1.57,-3.14
T_KEAD-2,5,DF,-0.394,-0.788
T_KEADGT-3,5,DF,-0.08,-0.16
T_KILLPG-1,5,DF,-0.372,-0.744
T_KILLPG-2,5,DF,-0.29,-0.58
T_LAGA-1,5,DF,-0.6,-1.2
T_LARKS-1,5,DF,-0.045,-0.09
T_LBAR-1G,5,DF,-0.01,-0.02
T_MKHLW-1,5,DF,-0.211,-0.422
T_MOWEO-1,5,DF,-0.002,-0.004
T_MRWD-1,5,DF,-0.3,-0.6
T_PNYCB-1,5,DF,-0.01,-0.02
T_RMPNO-1,5,DF,-0.799,-1.598
T_RMPNO-2,5,DF,-0.797,-1.594
T_ROCK-1,5,DF,-1.2,-2.4
T_SCCL-2,5,DF,-2.05,-4.1
T_SCCL-4,5,DF,-22.41,-44.82
T_SEAB-2,5,DF,-0.9500000000000001,-1.9000000000000001
T_SEEL-1,5,DF,-0.176,-0.352
T_SGRWO-3,5,DF,-0.707,-1.414
T_SGRWO-4,5,DF,-0.541,-1.082
T_SGRWO-5,5,DF,-0.888,-1.776
T_SGRWO-6,5,DF,-1.667,-3.334
T_SHBA-2,5,DF,-0.253,-0.506
T_STLGW-3,5,DF,-0.161,-0.322
T_SUTB-1,5,DF,-0.4,-0.8
T_SVRP-10,5,DF,-0.25,-0.5
T_SVRP-20,5,DF,-0.2,-0.4
T_TORN-2,5,DF,-1.092,-2.184
T_TORN-D,5,DF,-15.568,-31.136
T_TSREP-1,5,DF,-1.635,-3.27
T_WBURB-3,5,DF,-1.347,-2.694
T_WBURB-41,5,DF,-0.023,-0.046
T_WBURB-43,5,DF,-0.003,-0.006
T_BDCHW-1,6,DF,-0.04,-0.08
T_BEINW-1,6,DF,-0.209,-0.418
T_BHLAW-1,6,DF,-0.202,-0.404
T_BPGRD-1,6,DF,-26.741,-53.482
T_CNQPS-4,6,DF,-2.268,-4.536
T_COSO-1,6,DF,-1.01,-2.02
T_CRGHD-1,6,DF,-0.002,-0.004
T_CRGHW-1,6,DF,-0.133,-0.266
T_DAMC-1,6,DF,-2.01,-4.02
T_DIDCB6,6,DF,-1.55,-3.1
T_DINO-3,6,DF,-0.65,-1.3
T_DINO-5,6,DF,-0.7000000000000001,-1.4000000000000001
T_EDINW-1,6,DF,-0.014,-0.028
T_FASN-2,6,DF,-0.001,-0.002
T_FERGD-1,6,DF,-0.001,-0.002
T_FERGD-2,6,DF,-0.434,-0.868
T_FFES-1,6,DF,-36.147,-72.294
T_FFES-2,6,DF,-36.146,-72.292
T_FFES-3,6,DF,-0.02,-0.04
T_FFES-4,6,DF,-0.01,-0.02
T_FOYE-1,6,DF,-71.55,-143.1
T_FOYE-2,6,DF,-76.7,-153.4
T_FOYED-1,6,DF,-0.536,-1.072
T_GLNDO-1,6,DF,-0.021,-0.042
T_GNAPW-1,6,DF,-0.048,-0.096
T_GORDW-1,6,DF,-0.09,-0.18
T_GORDW-2,6,DF,-0.077,-0.154
T_GRAI-6,6,DF,-0.1,-0.2
T_GRAI-7,6,DF,-0.3,-0.6
T_GRIFW-1,6,DF,-0.47900000000000004,-0.9580000000000001
T_GRIFW-2,6,DF,-0.021,-0.042
T_GYMRD-16,6,DF,-0.001,-0.002
T_GYMRD-E11,6,DF,-0.002,-0.004
T_GYMRD-W11,6,DF,-0.006,-0.012
T_HEYM2-D,6,DF,-14.616,-29.232
T_HEYM27,6,DF,-2.176,-4.352
T_HEYM28,6,DF,-7.832,-15.664
T_HRSTW-1,6,DF,-0.322,-0.644
T_HRTL-2,6,DF,-10.48,-20.96
T_HUMRD-1,6,DF,-24.24,-48.48
T_INDQ-1,6,DF,-1.185,-2.37
T_KEAD-1,6,DF,-1.47,-2.94
T_KEAD-2,6,DF,-0.397,-0.794
T_KEADGT-3,6,DF,-0.08,-0.16
T_KILLPG-1,6,DF,-0.373,-0.746
T_KILLPG-2,6,DF,-0.291,-0.582
T_LAGA-1,6,DF,-0.5,-1.0
T_LARKS-1,6,DF,-0.05,-0.1
T_LBAR-1G,6,DF,-0.01,-0.02
T_MKHLW-1,6,DF,-0.178,-0.356
T_MOWEO-1,6,DF,-0.002,-0.004
T_MRWD-1,6,DF,-0.3,-0.6
T_PNYCB-1,6,DF,-0.01,-0.02
T_RMPNO-1,6,DF,-0.673,-1.346
T_RMPNO-2,6,DF,-0.687,-1.374
T_ROCK-1,6,DF,-1.1,-2.2
T_SCCL-2,6,DF,-2.05,-4.1
T_SCCL-4,6,DF,-22.47,-44.94
T_SEAB-2,6,DF,-0.924,-1.848
T_SEEL-1,6,DF,-0.17500000000000002,-0.35000000000000003
T_SGRWO-3,6,DF,-0.708,-1.416
T_SGRWO-4,6,DF,-0.542,-1.084
T_SGRWO-5,6,DF,-0.893,-1.786
T_SGRWO-6,6,DF,-1.6640000000000001,-3.3280000000000003
T_SHBA-2,6,DF,-0.253,-0.506
T_STLGW-2,6,DF,-0.043000000000000003,-0.08600000000000001
T_STLGW-3,6,DF,-0.188,-0.376
T_SUTB-1,6,DF,-0.5,-1.0
T_SVRP-10,6,DF,-0.3,-0.6
T_SVRP-20,6,DF,-0.2,-0.4
T_TORN-2,6,DF,-1.096,-2.192
T_TORN-D,6,DF,-15.608,-31.216
T_TSREP-1,6,DF,-1.6,-3.2
T_WBURB-3,6,DF,-1.383,-2.766
T_WBURB-41,6,DF,-0.025,-0.05
T_WBURB-43,6,DF,-0.11800000000000001,-0.23600000000000002
T_BDCHW-1,7,DF,-0.015,-0.03
T_BEINW-1,7,DF,-0.189,-0.378
T_BHLAW-1,7,DF,-0.301,-0.602
T_BPGRD-1,7,DF,-26.72,-53.44
T_CNQPS-4,7,DF,-2.268,-4.536
T_COSO-1,7,DF,-0.985,-1.97
T_CRGHD-1,7,DF,-0.003,-0.006
T_CRGHW-1,7,DF,-0.133,-0.266
T_DAMC-1,7,DF,-1.98,-3.96
T_DIDCB6,7,DF,-1.3,-2.6
T_DINO-3,7,DF,-0.7000000000000001,-1.4000000000000001
T_DINO-5,7,DF,-0.75,-1.5
T_EDINW-1,7,DF,-0.016,-0.032
T_FASN-2,7,DF,-0.001,-0.002
T_FERGD-1,7,DF,-0.002,-0.004
T_FERGD-2,7,DF,-0.429,-0.858
T_FFES-1,7,DF,-36.177,-72.354
T_FFES-2,7,DF,-36.176,-72.352
T_FFES-3,7,DF,-0.01,-0.02
T_FFES-4,7,DF,-0.02,-0.04
T_FOYE-1,7,DF,-75.5,-151.0
T_FOYE-2,7,DF,-76.75,-153.5
T_FOYED-1,7,DF,-0.524,-1.048
T_GLNDO-1,7,DF,-0.021,-0.042
T_GNAPW-1,7,DF,-0.049,-0.098
T_GORDW-1,7,DF,-0.107,-0.214
T_GORDW-2,7,DF,-0.077,-0.154
T_GRAI-6,7,DF,-0.1,-0.2
T_GRAI-7,7,DF,-0.3,-0.6
T_GRIFW-1,7,DF,-0.481,-0.962
T_GRIFW-2,7,DF,-0.092,-0.184
T_GYMRD-16,7,DF,-0.001,-0.002
T_GYMRD-E11,7,DF,-0.003,-0.006
T_GYMRD-W11,7,DF,-0.006,-0.012
T_HEYM2-D,7,DF,-14.58,-29.16
T_HEYM27,7,DF,-2.224,-4.448
T_HEYM28,7,DF,-7.836,-15.672
T_HRSTW-1,7,DF,-0.318,-0.636
T_HRTL-2,7,DF,-10.308,-20.616
T_HUMRD-1,7,DF,-24.85,-49.7
T_INDQ-1,7,DF,-1.19,-2.38
T_KEAD-1,7,DF,-1.57,-3.14
T_KEAD-2,7,DF,-0.394,-0.788
T_KEADGT-3,7,DF,-0.08,-0.16
T_KILLPG-1,7,DF,-0.374,-0.748
T_KILLPG-2,7,DF,-0.291,-0.582
T_LAGA-1,7,DF,-0.5,-1.0
T_LARKS-1,7,DF,-0.045,-0.09
T_LBAR-1G,7,DF,-0.02,-0.04
T_MKHLW-1,7,DF,-0.242,-0.484
T_MOWEO-1,7,DF,-0.002,-0.004
T_MRWD-1,7,DF,-0.4,-0.8
T_PNYCB-1,7,DF,-0.01,-0.02
T_RMPNO-1,7,DF,-0.51,-1.02
T_RMPNO-2,7,DF,-0.556,-1.112
T_ROCK-1,7,DF,-1.2,-2.4
T_SCCL-2,7,DF,-2.1,-4.2
T_SCCL-4,7,DF,-22.46,-44.92
T_SEAB-2,7,DF,-0.851,-1.702
T_SEEL-1,7,DF,-0.17500000000000002,-0.35000000000000003
T_SGRWO-3,7,DF,-0.711,-1.422
T_SGRWO-4,7,DF,-0.541,-1.082
T_SGRWO-5,7,DF,-0.885,-1.77
T_SGRWO-6,7,DF,-1.663,-3.326
T_SHBA-2,7,DF,-0.253,-0.506
T_STLGW-1,7,DF,-0.163,-0.326
T_STLGW-2,7,DF,-0.075,-0.15
T_STLGW-3,7,DF,-0.193,-0.386
T_SUTB-1,7,DF,-0.5,-1.0
T_SVRP-10,7,DF,-0.25,-0.5
T_SVRP-20,7,DF,-0.2,-0.4
T_TORN-2,7,DF,-1.084,-2.168
T_TORN-D,7,DF,-15.624,-31.248
T_TSREP-1,7,DF,-1.58,-3.16
T_WBURB-3,7,DF,-1.358,-2.716
T_WBURB-41,7,DF,-0.07100000000000001,-0.14200000000000002
T_WBURB-43,7,DF,-0.192,-0.384
T_BEINW-1,8,DF,-0.20800000000000002,-0.41600000000000004
T_BHLAW-1,8,DF,-0.28500000000000003,-0.5700000000000001
T_BPGRD-1,8,DF,-26.476,-52.952
T_CNQPS-4,8,DF,-2.205,-4.41
T_COSO-1,8,DF,-0.9430000000000001,-1.8860000000000001
T_CREAW-1,8,DF,-0.099,-0.198
T_CRGHD-1,8,DF,-0.003,-0.006
T_CRGHW-1,8,DF,-0.14400000000000002,-0.28800000000000003
T_DAMC-1,8,DF,-1.96,-3.92
T_DIDCB6,8,DF,-1.35,-2.7
T_DINO-3,8,DF,-0.65,-1.3
T_DINO-5,8,DF,-0.7000000000000001,-1.4000000000000001
T_EDINW-1,8,DF,-0.013000000000000001,-0.026000000000000002
T_FASN-2,8,DF,-0.001,-0.002
T_FERGD-1,8,DF,-0.001,-0.002
T_FERGD-2,8,DF,-0.427,-0.854
T_FFES-1,8,DF,-35.847,-71.694
T_FFES-2,8,DF,-35.846,-71.692
T_FFES-3,8,DF,-0.02,-0.04
T_FFES-4,8,DF,-0.01,-0.02
T_FOYE-1,8,DF,-1.05,-2.1
T_FOYE-2,8,DF,-76.9,-153.8
T_FOYED-1,8,DF,-0.532,-1.064
T_GLNDO-1,8,DF,-0.021,-0.042
T_GNAPW-1,8,DF,-0.048,-0.096
T_GORDW-1,8,DF,-0.067,-0.134
T_GORDW-2,8,DF,-0.078,-0.156
T_GRAI-6,8,DF,-0.1,-0.2
T_GRAI-7,8,DF,-0.3,-0.6
T_GRIFW-1,8,DF,-0.543,-1.086
T_GRIFW-2,8,DF,-0.281,-0.562
T_GYMRD-16,8,DF,-0.001,-0.002
T_GYMRD-E11,8,DF,-0.002,-0.004
T_GYMRD-W11,8,DF,-0.005,-0.01
T_HEYM2-D,8,DF,-14.512,-29.024
T_HEYM27,8,DF,-2.184,-4.368
T_HEYM28,8,DF,-7.804,-15.608
T_HRSTW-1,8,DF,-0.32,-0.64
T_HRTL-2,8,DF,-10.108,-20.216
T_HUMRD-1,8,DF,-24.64,-49.28
T_INDQ-1,8,DF,-1.175,-2.35
T_KEAD-1,8,DF,-1.52,-3.04
T_KEAD-2,8,DF,-0.396,-0.792
T_KEADGT-3,8,DF,-0.08,-0.16
T_KILLPG-1,8,DF,-0.374,-0.748
T_KILLPG-2,8,DF,-0.291,-0.582
T_LAGA-1,8,DF,-0.6,-1.2
T_LARKS-1,8,DF,-0.05,-0.1
T_LBAR-1G,8,DF,-0.01,-0.02
T_MKHLW-1,8,DF,-0.218,-0.436
T_MOWEO-1,8,DF,-0.002,-0.004
T_MRWD-1,8,DF,-0.3,-0.6
T_PNYCB-1,8,DF,-0.015,-0.03
T_RMPNO-1,8,DF,-0.596,-1.192
T_RMPNO-2,8,DF,-0.448,-0.896
T_ROCK-1,8,DF,-1.1,-2.2
T_SCCL-2,8,DF,-2.1,-4.2
T_SCCL-4,8,DF,-22.67,-45.34
T_SEAB-2,8,DF,-0.85,-1.7
T_SEEL-1,8,DF,-0.17400000000000002,-0.34800000000000003
T_SGRWO-3,8,DF,-0.708,-1.416
T_SGRWO-4,8,DF,-0.546,-1.092
T_SGRWO-5,8,DF,-0.879,-1.758
T_SGRWO-6,8,DF,-1.6680000000000001,-3.3360000000000003
T_SHBA-2,8,DF,-0.255,-0.51
T_STLGW-1,8,DF,-0.311,-0.622
T_STLGW-2,8,DF,-0.219,-0.438
T_STLGW-3,8,DF,-0.27,-0.54
T_SUTB-1,8,DF,-0.4,-0.8
T_SVRP-10,8,DF,-0.3,-0.6
T_SVRP-20,8,DF,-0.2,-0.4
T_TORN-2,8,DF,-1.088,-2.176
T_TORN-D,8,DF,-15.544,-31.088
T_TSREP-1,8,DF,-1.58,-3.16
T_WBURB-3,8,DF,-1.344,-2.688
T_BDCHW-1,9,DF,-0.069,-0.138
T_BEINW-1,9,DF,-0.20500000000000002,-0.41000000000000003
T_BHLAW-1,9,DF,-0.442,-0.884
T_BPGRD-1,9,DF,-26.539,-53.078
T_CGTHW-1,9,DF,-0.029,-0.058
T_CNQPS-4,9,DF,-2.268,-4.536
T_COSO-1,9,DF,-0.974,-1.948
T_CRGHD-1,9,DF,-0.002,-0.004
T_CRGHW-1,9,DF,-0.116,-0.232
T_DAMC-1,9,DF,-1.96,-3.92
T_DIDCB6,9,DF,-1.3,-2.6
T_DINO-3,9,DF,-0.65,-1.3
T_DINO-5,9,DF,-0.75,-1.5
T_DUNGW-1,9,DF,-0.176,-0.352
T_FASN-2,9,DF,-0.001,-0.002
T_FERGD-1,9,DF,-0.001,-0.002
T_FERGD-2,9,DF,-0.433,-0.866
T_FFES-1,9,DF,-35.927,-71.854
T_FFES-2,9,DF,-35.926,-71.852
T_FFES-3,9,DF,-0.01,-0.02
T_FFES-4,9,DF,-0.02,-0.04
T_FOYE-1,9,DF,-0.9,-1.8
T_FOYE-2,9,DF,-77.4,-154.8
T_FOYED-1,9,DF,-0.464,-0.928
T_GLNDO-1,9,DF,-0.021,-0.042
T_GNAPW-1,9,DF,-0.051000000000000004,-0.10200000000000001
T_GORDW-2,9,DF,-0.037,-0.074
T_GRAI-6,9,DF,-0.1,-0.2
T_GRAI-7,9,DF,-0.3,-0.6
T_GRIFW-1,9,DF,-0.545,-1.09
T_GRIFW-2,9,DF,-0.498,-0.996
T_GYMRD-16,9,DF,-0.001,-0.002
T_GYMRD-E11,9,DF,-0.002,-0.004
T_GYMRD-W11,9,DF,-0.005,-0.01
T_HALSW-1,9,DF,-0.074,-0.148
T_HEYM2-D,9,DF,-14.58,-29.16
T_HEYM27,9,DF,-2.176,-4.352
T_HEYM28,9,DF,-7.808,-15.616
T_HRTL-2,9,DF,-9.992,-19.984
T_HUMRD-1,9,DF,-25.36,-50.72
T_INDQ-1,9,DF,-1.175,-2.35
T_KEAD-1,9,DF,-1.52,-3.04
T_KEAD-2,9,DF,-0.397,-0.794
T_KEADGT-3,9,DF,-0.08,-0.16
T_KILLPG-1,9,DF,-0.375,-0.75
T_KILLPG-2,9,DF,-0.293,-0.586
T_LAGA-1,9,DF,-0.4,-0.8
T_LARKS-1,9,DF,-0.05,-0.1
T_LBAR-1G,9,DF,-0.01,-0.02
T_MKHLW-1,9,DF,-0.193,-0.386
T_MOWEO-1,9,DF,-0.002,-0.004
T_MRWD-1,9,DF,-0.3,-0.6
T_PNYCB-1,9,DF,-0.01,-0.02
T_RMPNO-1,9,DF,-0.587,-1.174
T_RMPNO-2,9,DF,-0.387,-0.774
T_ROCK-1,9,DF,-1.1,-2.2
T_SCCL-2,9,DF,-2.1,-4.2
T_SCCL-4,9,DF,-22.87,-45.74
T_SEAB-2,9,DF,-0.849,-1.698
T_SEEL-1,9,DF,-0.17300000000000001,-0.34600000000000003
T_SGRWO-3,9,DF,-0.711,-1.422
T_SGRWO-4,9,DF,-0.549,-1.098
T_SGRWO-5,9,DF,-0.887,-1.774
T_SGRWO-6,9,DF,-1.674,-3.348
T_SHBA-2,9,DF,-0.254,-0.508
T_STLGW-1,9,DF,-0.319,-0.638
T_STLGW-2,9,DF,-0.278,-0.556
T_STLGW-3,9,DF,-0.318,-0.636
T_SUTB-1,9,DF,-0.5,-1.0
T_SVRP-10,9,DF,-0.25,-0.5
T_SVRP-20,9,DF,-0.2,-0.4
T_TORN-2,9,DF,-1.092,-2.184
T_TORN-D,9,DF,-15.596,-31.192
T_TSREP-1,9,DF,-1.595,-3.19
T_WBURB-3,9,DF,-1.7850000000000001,-3.5700000000000003
T_WBURB-41,9,DF,-0.14,-0.28
T_WBURB-43,9,DF,-0.015,-0.03
T_BDCHW-1,10,DF,-0.047,-0.094
T_BEINW-1,10,DF,-0.20800000000000002,-0.41600000000000004
T_BHLAW-1,10,DF,-0.435,-0.87
T_BPGRD-1,10,DF,-26.657,-53.314
T_CGTHW-1,10,DF,-0.067,-0.134
T_CNQPS-4,10,DF,-2.268,-4.536
T_COSO-1,10,DF,-0.935,-1.87
T_CREAW-1,10,DF,-0.097,-0.194
T_CRGHD-1,10,DF,-0.002,-0.004
T_CRGHW-1,10,DF,-0.146,-0.292
T_DAMC-1,10,DF,-1.9500000000000002,-3.9000000000000004
T_DIDCB6,10,DF,-1.3,-2.6
T_DINO-3,10,DF,-0.7000000000000001,-1.4000000000000001
T_DINO-5,10,DF,-0.7000000000000001,-1.4000000000000001
T_DUNGW-1,10,DF,-0.308,-0.616
T_FASN-2,10,DF,-0.001,-0.002
T_FERGD-1,10,DF,-0.001,-0.002
T_FERGD-2,10,DF,-0.68,-1.36
T_FFES-1,10,DF,-35.757,-71.514
T_FFES-2,10,DF,-35.776,-71.552
T_FFES-3,10,DF,-0.02,-0.04
T_FFES-4,10,DF,-0.01,-0.02
T_FOYE-1,10,DF,-0.9500000000000001,-1.9000000000000001
T_FOYE-2,10,DF,-76.2,-152.4
T_FOYED-1,10,DF,-0.459,-0.918
T_GLNDO-1,10,DF,-0.021,-0.042
T_GNAPW-1,10,DF,-0.049,-0.098
T_GORDW-2,10,DF,-0.055,-0.11
T_GRAI-6,10,DF,-0.1,-0.2
T_GRAI-7,10,DF,-0.3,-0.6
T_GRIFW-1,10,DF,-0.548,-1.096
T_GRIFW-2,10,DF,-0.505,-1.01
T_GYMRD-16,10,DF,-0.001,-0.002
T_GYMRD-E11,10,DF,-0.002,-0.004
T_GYMRD-W11,10,DF,-0.005,-0.01
T_HALSW-1,10,DF,-0.04,-0.08
T_HEYM2-D,10,DF,-14.512,-29.024
T_HEYM27,10,DF,-2.172,-4.344
T_HEYM28,10,DF,-7.788,-15.576
T_HRTL-2,10,DF,-9.892,-19.784
T_HUMRD-1,10,DF,-25.58,-51.16
T_INDQ-1,10,DF,-1.165,-2.33
T_KEAD-1,10,DF,-1.52,-3.04
T_KEAD-2,10,DF,-0.396,-0.792
T_KEADGT-3,10,DF,-0.08,-0.16
T_KILLPG-1,10,DF,-0.373,-0.746
T_KILLPG-2,10,DF,-0.292,-0.584
T_LAGA-1,10,DF,-0.5,-1.0
T_LARKS-1,10,DF,-0.045,-0.09
T_LBAR-1G,10,DF,-0.02,-0.04
T_MKHLW-1,10,DF,-0.183,-0.366
T_MOWEO-1,10,DF,-0.002,-0.004
T_MRWD-1,10,DF,-0.3,-0.6
T_PNYCB-1,10,DF,-0.01,-0.02
T_RMPNO-1,10,DF,-0.499,-0.998
T_RMPNO-2,10,DF,-0.41200000000000003,-0.8240000000000001
T_ROCK-1,10,DF,-1.1,-2.2
T_SCCL-2,10,DF,-2.05,-4.1
T_SCCL-4,10,DF,-22.91,-45.82
T_SEAB-2,10,DF,-0.849,-1.698
T_SEEL-1,10,DF,-0.183,-0.366
T_SGRWO-3,10,DF,-0.714,-1.428
T_SGRWO-4,10,DF,-0.541,-1.082
T_SGRWO-5,10,DF,-0.89,-1.78
T_SGRWO-6,10,DF,-1.6640000000000001,-3.3280000000000003
T_SHBA-2,10,DF,-0.252,-0.504
T_STLGW-1,10,DF,-0.34400000000000003,-0.6880000000000001
T_STLGW-2,10,DF,-0.378,-0.756
T_STLGW-3,10,DF,-0.327,-0.654
T_SUTB-1,10,DF,-0.5,-1.0
T_SVRP-10,10,DF,-0.3,-0.6
T_SVRP-20,10,DF,-0.2,-0.4
T_TORN-2,10,DF,-1.088,-2.176
T_TORN-D,10,DF,-15.632,-31.264
T_TSREP-1,10,DF,-1.5750000000000002,-3.1500000000000004
T_WBURB-3,10,DF,-4.085,-8.17
T_BEINW-1,11,DF,-0.215,-0.43
T_BHLAW-1,11,DF,-0.4,-0.8
T_BPGRD-1,11,DF,-26.88,-53.76
T_CGTHW-1,11,DF,-0.069,-0.138
T_CNQPS-4,11,DF,-2.205,-4.41
T_COSO-1,11,DF,-1.347,-2.694
T_CREAW-1,11,DF,-0.195,-0.39
T_CRGHD-1,11,DF,-0.002,-0.004
T_CRGHW-1,11,DF,-0.14,-0.28
T_DAMC-1,11,DF,-1.945,-3.89
T_DIDCB6,11,DF,-1.3,-2.6
T_DINO-3,11,DF,-0.65,-1.3
T_DINO-5,11,DF,-0.75,-1.5
T_DUNGW-1,11,DF,-0.315,-0.63
T_FASN-2,11,DF,-0.001,-0.002
T_FERGD-1,11,DF,-0.001,-0.002
T_FERGD-2,11,DF,-0.6970000000000001,-1.3940000000000001
T_FFES-1,11,DF,-6.837,-13.674
T_FFES-2,11,DF,-0.9410000000000001,-1.8820000000000001
T_FFES-3,11,DF,-0.01,-0.02
T_FFES-4,11,DF,-0.02,-0.04
T_FOYE-1,11,DF,-0.9500000000000001,-1.9000000000000001
T_FOYED-1,11,DF,-0.232,-0.464
T_GLNDO-1,11,DF,-0.021,-0.042
T_GNAPW-1,11,DF,-0.059000000000000004,-0.11800000000000001
T_GORDW-2,11,DF,-0.077,-0.154
T_GRAI-6,11,DF,-0.05,-0.1
T_GRAI-7,11,DF,-0.25,-0.5
T_GRIFW-1,11,DF,-0.35000000000000003,-0.7000000000000001
T_GRIFW-2,11,DF,-0.47900000000000004,-0.9580000000000001
T_GYMRD-16,11,DF,-0.001,-0.002
T_GYMRD-E11,11,DF,-0.002,-0.004
T_GYMRD-W11,11,DF,-0.006,-0.012
T_HEYM2-D,11,DF,-14.524000000000001,-29.048000000000002
T_HEYM27,11,DF,-2.168,-4.336
T_HEYM28,11,DF,-7.808,-15.616
T_HRTL-2,11,DF,-9.932,-19.864
T_HUMRD-1,11,DF,-25.66,-51.32
T_INDQ-1,11,DF,-1.165,-2.33
T_KEAD-1,11,DF,-1.57,-3.14
T_KEAD-2,11,DF,-0.38,-0.76
T_KEADGT-3,11,DF,-0.08,-0.16
T_KILLPG-1,11,DF,-0.37,-0.74
T_KILLPG-2,11,DF,-0.292,-0.584
T_LAGA-1,11,DF,-0.5,-1.0
T_LARKS-1,11,DF,-0.05,-0.1
T_LBAR-1G,11,DF,-0.01,-0.02
T_MKHLW-1,11,DF,-0.176,-0.352
T_MOWEO-1,11,DF,-0.002,-0.004
T_MRWD-1,11,DF,-0.3,-0.6
T_PNYCB-1,11,DF,-0.01,-0.02
T_RMPNO-1,11,DF,-0.358,-0.716
T_RMPNO-2,11,DF,-0.5630000000000001,-1.1260000000000001
T_ROCK-1,11,DF,-1.2,-2.4
T_SCCL-2,11,DF,-2.1,-4.2
T_SCCL-4,11,DF,-22.87,-45.74
T_SEAB-2,11,DF,-1.419,-2.838
T_SEEL-1,11,DF,-0.17400000000000002,-0.34800000000000003
T_SGRWO-3,11,DF,-0.71,-1.42
T_SGRWO-4,11,DF,-0.538,-1.076
T_SGRWO-5,11,DF,-0.885,-1.77
T_SGRWO-6,11,DF,-1.646,-3.292
T_SHBA-2,11,DF,-0.253,-0.506
T_STLGW-1,11,DF,-0.35100000000000003,-0.7020000000000001
T_STLGW-2,11,DF,-0.376,-0.752
T_STLGW-3,11,DF,-0.321,-0.642
T_SUTB-1,11,DF,-0.4,-0.8
T_SVRP-10,11,DF,-0.25,-0.5
T_SVRP-20,11,DF,-0.2,-0.4
T_TORN-2,11,DF,-1.084,-2.168
T_TORN-D,11,DF,-15.7,-31.4
T_TSREP-1,11,DF,-1.5750000000000002,-3.1500000000000004
T_WBURB-41,11,DF,-0.192,-0.384
T_WBURB-43,11,DF,-0.024,-0.048
T_ANSUW-1,12,DF,-0.035,-0.07
T_BEATO-2,12,DF,-0.146,-0.292
T_BEINW-1,12,DF,-0.218,-0.436
T_BHLAW-1,12,DF,-0.358,-0.716
T_BPGRD-1,12,DF,-26.57,-53.14
T_CGTHW-1,12,DF,-0.07100000000000001,-0.14200000000000002
T_CNQPS-4,12,DF,-2.205,-4.41
T_COSO-1,12,DF,-0.991,-1.982
T_CREAW-1,12,DF,-0.256,-0.512
T_CRGHD-1,12,DF,-0.003,-0.006
T_CRGHW-1,12,DF,-0.14200000000000002,-0.28400000000000003
T_DAMC-1,12,DF,-1.935,-3.87
T_DIDCB6,12,DF,-1.3,-2.6
T_DINO-3,12,DF,-0.65,-1.3
T_DINO-5,12,DF,-0.7000000000000001,-1.4000000000000001
T_DUNGW-1,12,DF,-0.307,-0.614
T_FASN-2,12,DF,-0.001,-0.002
T_FERGD-1,12,DF,-0.001,-0.002
T_FERGD-2,12,DF,-0.615,-1.23
T_FFES-3,12,DF,-0.02,-0.04
T_FFES-4,12,DF,-0.01,-0.02
T_FOYE-1,12,DF,-0.2,-0.4
T_FOYE-2,12,DF,-0.75,-1.5
T_FOYED-1,12,DF,-0.271,-0.542
T_GLNDO-1,12,DF,-0.021,-0.042
T_GNAPW-1,12,DF,-0.025,-0.05
T_GORDW-1,12,DF,-0.089,-0.178
T_GORDW-2,12,DF,-0.076,-0.152
T_GRAI-6,12,DF,-0.1,-0.2
T_GRAI-7,12,DF,-0.25,-0.5
T_GRIFW-1,12,DF,-0.17400000000000002,-0.34800000000000003
T_GRIFW-2,12,DF,-0.316,-0.632
T_GYMRD-16,12,DF,-0.001,-0.002
T_GYMRD-E11,12,DF,-0.002,-0.004
T_GYMRD-W11,12,DF,-0.005,-0.01
T_HADHW-1,12,DF,-0.027,-0.054
T_HEYM2-D,12,DF,-14.48,-28.96
T_HEYM27,12,DF,-2.164,-4.328
T_HEYM28,12,DF,-7.76,-15.52
T_HRTL-2,12,DF,-9.816,-19.632
T_HUMRD-1,12,DF,-25.63,-51.26
T_INDQ-1,12,DF,-1.15,-2.3
T_KEAD-1,12,DF,-1.5150000000000001,-3.0300000000000002
T_KEAD-2,12,DF,-0.384,-0.768
T_KEADGT-3,12,DF,-0.085,-0.17
T_KILLPG-1,12,DF,-0.368,-0.736
T_KILLPG-2,12,DF,-0.293,-0.586
T_LAGA-1,12,DF,-0.5,-1.0
T_LBAR-1G,12,DF,-0.01,-0.02
T_MKHLW-1,12,DF,-0.194,-0.388
T_MOWEO-1,12,DF,-0.002,-0.004
T_MRWD-1,12,DF,-0.3,-0.6
T_PNYCB-1,12,DF,-0.015,-0.03
T_RMPNO-1,12,DF,-0.662,-1.324
T_RMPNO-2,12,DF,-0.6910000000000001,-1.3820000000000001
T_ROCK-1,12,DF,-1.1,-2.2
T_SCCL-2,12,DF,-2.1,-4.2
T_SCCL-4,12,DF,-22.94,-45.88
T_SEEL-1,12,DF,-0.17300000000000001,-0.34600000000000003
T_SGRWO-3,12,DF,-0.707,-1.414
T_SGRWO-4,12,DF,-0.536,-1.072
T_SGRWO-5,12,DF,-0.881,-1.762
T_SGRWO-6,12,DF,-1.645,-3.29
T_SHBA-2,12,DF,-0.248,-0.496
T_STLGW-1,12,DF,-0.337,-0.674
T_STLGW-2,12,DF,-0.36,-0.72
T_STLGW-3,12,DF,-0.316,-0.632
T_SUTB-1,12,DF,-0.4,-0.8
T_SVRP-10,12,DF,-0.3,-0.6
T_SVRP-20,12,DF,-0.2,-0.4
T_TORN-2,12,DF,-1.088,-2.176
T_TORN-D,12,DF,-15.624,-31.248
T_TSREP-1,12,DF,-1.585,-3.17
T_BEINW-1,13,DF,-0.22,-0.44
T_BHLAW-1,13,DF,-0.343,-0.686
T_BPGRD-1,13,DF,-26.667,-53.334
T_CGTHW-1,13,DF,-0.069,-0.138
T_CNQPS-4,13,DF,-2.268,-4.536
T_COSO-1,13,DF,-0.917,-1.834
T_CREAW-1,13,DF,-0.234,-0.468
T_CRGHD-1,13,DF,-0.003,-0.006
T_CRGHW-1,13,DF,-0.137,-0.274
T_DAMC-1,13,DF,-1.94,-3.88
T_DIDCB6,13,DF,-1.3,-2.6
T_DINO-3,13,DF,-0.65,-1.3
T_DINO-5,13,DF,-0.75,-1.5
T_DUNGW-1,13,DF,-0.311,-0.622
T_FASN-2,13,DF,-0.001,-0.002
T_FERGD-1,13,DF,-0.001,-0.002
T_FERGD-2,13,DF,-0.8320000000000001,-1.6640000000000001
T_FFES-3,13,DF,-0.01,-0.02
T_FFES-4,13,DF,-0.02,-0.04
T_FOYE-1,13,DF,-0.9,-1.8
T_FOYED-1,13,DF,-0.496,-0.992
T_GLNDO-1,13,DF,-0.021,-0.042
T_GORDW-1,13,DF,-0.08700000000000001,-0.17400000000000002
T_GORDW-2,13,DF,-0.076,-0.152
T_GRAI-6,13,DF,-0.1,-0.2
T_GRAI-7,13,DF,-0.25,-0.5
T_GRIFW-1,13,DF,-0.369,-0.738
T_GRIFW-2,13,DF,-0.324,-0.648
T_GYMRD-16,13,DF,-0.001,-0.002
T_GYMRD-E11,13,DF,-0.002,-0.004
T_GYMRD-W11,13,DF,-0.006,-0.012
T_HADHW-1,13,DF,-0.187,-0.374
T_HEYM2-D,13,DF,-14.548,-29.096
T_HEYM27,13,DF,-2.16,-4.32
T_HEYM28,13,DF,-7.792,-15.584
T_HRTL-2,13,DF,-9.648,-19.296
T_HUMRD-1,13,DF,-25.85,-51.7
T_INDQ-1,13,DF,-1.145,-2.29
T_KEAD-1,13,DF,-1.52,-3.04
T_KEAD-2,13,DF,-0.384,-0.768
T_KEADGT-3,13,DF,-0.08,-0.16
T_KLGLW-1,13,DF,-0.092,-0.184
T_LAGA-1,13,DF,-0.5,-1.0
T_LBAR-1G,13,DF,-0.01,-0.02
T_MKHLW-1,13,DF,-0.152,-0.304
T_MOWEO-1,13,DF,-0.002,-0.004
T_MRWD-1,13,DF,-0.3,-0.6
T_PNYCB-1,13,DF,-0.01,-0.02
T_RMPNO-1,13,DF,-0.77,-1.54
T_RMPNO-2,13,DF,-0.72,-1.44
T_ROCK-1,13,DF,-1.1,-2.2
T_SCCL-2,13,DF,-2.1,-4.2
T_SCCL-4,13,DF,-23.63,-47.26
T_SEEL-1,13,DF,-0.17400000000000002,-0.34800000000000003
T_SGRWO-3,13,DF,-0.707,-1.414
T_SGRWO-4,13,DF,-0.536,-1.072
T_SGRWO-5,13,DF,-0.879,-1.758
T_SGRWO-6,13,DF,-1.649,-3.298
T_SHBA-2,13,DF,-0.249,-0.498
T_STLGW-1,13,DF,-0.3,-0.6
T_STLGW-2,13,DF,-0.333,-0.666
T_STLGW-3,13,DF,-0.294,-0.588
T_SUTB-1,13,DF,-0.4,-0.8
T_SVRP-10,13,DF,-0.25,-0.5
T_SVRP-20,13,DF,-0.2,-0.4
T_TORN-2,13,DF,-1.092,-2.184
T_TORN-D,13,DF,-15.612,-31.224
T_TSREP-1,13,DF,-1.58,-3.16
T_WBURB-41,13,DF,-0.149,-0.298
T_BEINW-1,14,DF,-0.219,-0.438
T_BHLAW-1,14,DF,-0.336,-0.672
T_BPGRD-1,14,DF,-26.668,-53.336
T_CGTHW-1,14,DF,-0.069,-0.138
T_CNQPS-4,14,DF,-2.205,-4.41
T_COSO-1,14,DF,-0.978,-1.956
T_CREAW-1,14,DF,-0.242,-0.484
T_CRGHD-1,14,DF,-0.003,-0.006
T_CRGHW-1,14,DF,-0.13,-0.26
T_DAMC-1,14,DF,-1.945,-3.89
T_DIDCB6,14,DF,-1.35,-2.7
T_DINO-3,14,DF,-0.7000000000000001,-1.4000000000000001
T_DINO-5,14,DF,-0.7000000000000001,-1.4000000000000001
T_DOREW-1,14,DF,-0.128,-0.256
T_DUNGW-1,14,DF,-0.305,-0.61
T_FASN-2,14,DF,-0.001,-0.002
T_FERGD-1,14,DF,-0.035,-0.07
T_FERGD-2,14,DF,-0.802,-1.604
T_FFES-1,14,DF,-0.607,-1.214
T_FFES-2,14,DF,-0.617,-1.234
T_FFES-3,14,DF,-0.02,-0.04
T_FFES-4,14,DF,-0.01,-0.02
T_FOYED-1,14,DF,-0.541,-1.082
T_GLNDO-1,14,DF,-0.021,-0.042
T_GORDW-1,14,DF,-0.083,-0.166
T_GORDW-2,14,DF,-0.075,-0.15
T_GRAI-6,14,DF,-0.1,-0.2
T_GRAI-7,14,DF,-0.3,-0.6
T_GRIFW-1,14,DF,-0.5660000000000001,-1.1320000000000001
T_GRIFW-2,14,DF,-0.558,-1.116
T_GYMRD-16,14,DF,-0.001,-0.002
T_GYMRD-E11,14,DF,-0.002,-0.004
T_GYMRD-W11,14,DF,-0.006,-0.012
T_HADHW-1,14,DF,-0.203,-0.406
T_HEYM2-D,14,DF,-14.608,-29.216
T_HEYM27,14,DF,-2.176,-4.352
T_HEYM28,14,DF,-7.816,-15.632
T_HRTL-2,14,DF,-9.516,-19.032
T_HUMRD-1,14,DF,-25.67,-51.34
T_INDQ-1,14,DF,-1.125,-2.25
T_KEAD-1,14,DF,-1.47,-2.94
T_KEAD-2,14,DF,-0.39,-0.78
T_KEADGT-3,14,DF,-0.08,-0.16
T_KLGLW-1,14,DF,-0.06,-0.12
T_LAGA-1,14,DF,-0.4,-0.8
T_LBAR-1G,14,DF,-0.02,-0.04
T_MKHLW-1,14,DF,-0.136,-0.272
T_MOWEO-1,14,DF,-0.002,-0.004
T_MRWD-1,14,DF,-0.3,-0.6
T_PNYCB-1,14,DF,-0.01,-0.02
T_RMPNO-1,14,DF,-0.8130000000000001,-1.6260000000000001
T_RMPNO-2,14,DF,-0.721,-1.442
T_ROCK-1,14,DF,-1.1,-2.2
T_SCCL-2,14,DF,-2.1,-4.2
T_SCCL-4,14,DF,-23.83,-47.66
T_SEEL-1,14,DF,-0.176,-0.352
T_SGRWO-3,14,DF,-0.71,-1.42
T_SGRWO-4,14,DF,-0.536,-1.072
T_SGRWO-5,14,DF,-0.885,-1.77
T_SGRWO-6,14,DF,-1.647,-3.294
T_SHBA-2,14,DF,-0.249,-0.498
T_STLGW-1,14,DF,-0.28200000000000003,-0.5640000000000001
T_STLGW-2,14,DF,-0.316,-0.632
T_STLGW-3,14,DF,-0.28700000000000003,-0.5740000000000001
T_SUTB-1,14,DF,-0.4,-0.8
T_SVRP-10,14,DF,-0.3,-0.6
T_SVRP-20,14,DF,-0.2,-0.4
T_TORN-2,14,DF,-1.088,-2.176
T_TORN-D,14,DF,-15.62,-31.24
T_TSREP-1,14,DF,-1.615,-3.23
T_WBURB-41,14,DF,-0.031,-0.062
T_WBURB-43,14,DF,-0.299,-0.598
T_ARCHW-1,15,DF,-0.12,-0.24
T_BEINW-1,15,DF,-0.218,-0.436
T_BHLAW-1,15,DF,-0.34,-0.68
T_BPGRD-1,15,DF,-26.541,-53.082
T_CGTHW-1,15,DF,-0.061,-0.122
T_CNQPS-4,15,DF,-2.205,-4.41
T_COSO-1,15,DF,-0.962,-1.924
T_CREAW-1,15,DF,-0.22,-0.44
T_CRGHD-1,15,DF,-0.003,-0.006
T_CRGHW-1,15,DF,-0.131,-0.262
T_CRYRW-3,15,DF,-0.006,-0.012
T_DAMC-1,15,DF,-1.945,-3.89
T_DIDCB6,15,DF,-1.3,-2.6
T_DINO-3,15,DF,-0.65,-1.3
T_DINO-5,15,DF,-0.75,-1.5
T_DUNGW-1,15,DF,-0.306,-0.612
T_FASN-2,15,DF,-0.001,-0.002
T_FERGD-1,15,DF,-0.221,-0.442
T_FERGD-2,15,DF,-0.758,-1.516
T_FFES-1,15,DF,-0.607,-1.214
T_FFES-2,15,DF,-0.607,-1.214
T_FFES-3,15,DF,-0.01,-0.02
T_FFES-4,15,DF,-0.02,-0.04
T_FOYED-1,15,DF,-0.542,-1.084
T_GLNDO-1,15,DF,-0.021,-0.042
T_GORDW-1,15,DF,-0.109,-0.218
T_GORDW-2,15,DF,-0.073,-0.146
T_GRAI-6,15,DF,-0.1,-0.2
T_GRAI-7,15,DF,-0.25,-0.5
T_GRIFW-1,15,DF,-0.544,-1.088
T_GRIFW-2,15,DF,-0.523,-1.046
T_GYMRD-16,15,DF,-0.001,-0.002
T_GYMRD-E11,15,DF,-0.002,-0.004
T_GYMRD-W11,15,DF,-0.006,-0.012
T_HADHW-1,15,DF,-0.093,-0.186
T_HEYM2-D,15,DF,-14.624,-29.248
T_HEYM27,15,DF,-2.16,-4.32
T_HEYM28,15,DF,-7.816,-15.632
T_HRTL-2,15,DF,-9.356,-18.712
T_HUMRD-1,15,DF,-24.97,-49.94
T_INDQ-1,15,DF,-1.115,-2.23
T_KEAD-1,15,DF,-1.57,-3.14
T_KEAD-2,15,DF,-0.388,-0.776
T_KEADGT-3,15,DF,-0.08,-0.16
T_KLGLW-1,15,DF,-0.16,-0.32
T_LAGA-1,15,DF,-0.5,-1.0
T_LARYW-4,15,DF,-0.001,-0.002
T_LBAR-1G,15,DF,-0.02,-0.04
T_MKHLW-1,15,DF,-0.266,-0.532
T_MOWEO-1,15,DF,-0.002,-0.004
T_MRWD-1,15,DF,-0.3,-0.6
T_PNYCB-1,15,DF,-0.01,-0.02
T_RMPNO-1,15,DF,-0.802,-1.604
T_RMPNO-2,15,DF,-0.678,-1.356
T_ROCK-1,15,DF,-1.1,-2.2
T_SCCL-2,15,DF,-2.05,-4.1
T_SCCL-4,15,DF,-23.93,-47.86
T_SEEL-1,15,DF,-0.177,-0.354
T_SGRWO-3,15,DF,-0.71,-1.42
T_SGRWO-4,15,DF,-0.535,-1.07
T_SGRWO-5,15,DF,-0.875,-1.75
T_SGRWO-6,15,DF,-1.645,-3.29
T_SHBA-2,15,DF,-0.23900000000000002,-0.47800000000000004
T_STLGW-1,15,DF,-0.28,-0.56
T_STLGW-2,15,DF,-0.315,-0.63
T_STLGW-3,15,DF,-0.28500000000000003,-0.5700000000000001
T_SUTB-1,15,DF,-0.4,-0.8
T_SVRP-10,15,DF,-0.3,-0.6
T_SVRP-20,15,DF,-0.2,-0.4
T_TORN-2,15,DF,-1.096,-2.192
T_TORN-D,15,DF,-15.644,-31.288
T_TSREP-1,15,DF,-1.635,-3.27
T_WBURB-41,15,DF,-0.032,-0.064
T_WBURB-43,15,DF,-0.243,-0.486
T_ARCHW-1,16,DF,-0.026000000000000002,-0.052000000000000005
T_BEINW-1,16,DF,-0.217,-0.434
T_BHLAW-1,16,DF,-0.33,-0.66
T_BPGRD-1,16,DF,-26.792,-53.584
T_CGTHW-1,16,DF,-0.069,-0.138
T_CNQPS-4,16,DF,-2.268,-4.536
T_COSO-1,16,DF,-0.908,-1.816
T_CREAW-1,16,DF,-0.325,-0.65
T_CRGHD-1,16,DF,-0.003,-0.006
T_CRGHW-1,16,DF,-0.134,-0.268
T_CRYRW-3,16,DF,-0.076,-0.152
T_DAMC-1,16,DF,-1.9500000000000002,-3.9000000000000004
T_DIDCB6,16,DF,-1.25,-2.5
T_DINO-3,16,DF,-0.7000000000000001,-1.4000000000000001
T_DINO-5,16,DF,-0.7000000000000001,-1.4000000000000001
T_DRSLW-1,16,DF,-0.025,-0.05
T_DUNGW-1,16,DF,-0.304,-0.608
T_FASN-2,16,DF,-0.001,-0.002
T_FERGD-1,16,DF,-0.296,-0.592
T_FERGD-2,16,DF,-0.755,-1.51
T_FFES-1,16,DF,-0.608,-1.216
T_FFES-3,16,DF,-0.02,-0.04
T_FFES-4,16,DF,-0.01,-0.02
T_FOYED-1,16,DF,-0.549,-1.098
T_GLNDO-1,16,DF,-0.021,-0.042
T_GNAPW-1,16,DF,-0.032,-0.064
T_GORDW-1,16,DF,-0.11,-0.22
T_GORDW-2,16,DF,-0.063,-0.126
T_GRAI-6,16,DF,-0.05,-0.1
T_GRAI-7,16,DF,-0.25,-0.5
T_GRIFW-1,16,DF,-0.534,-1.068
T_GRIFW-2,16,DF,-0.506,-1.012
T_GYMRD-16,16,DF,-0.001,-0.002
T_GYMRD-E11,16,DF,-0.002,-0.004
T_GYMRD-W11,16,DF,-0.006,-0.012
T_HADHW-1,16,DF,-0.012,-0.024
T_HEYM2-D,16,DF,-14.64,-29.28
T_HEYM27,16,DF,-2.176,-4.352
T_HEYM28,16,DF,-7.832,-15.664
T_HRTL-2,16,DF,-9.244,-18.488
T_HUMRD-1,16,DF,-25.11,-50.22
T_INDQ-1,16,DF,-1.11,-2.22
T_KEAD-1,16,DF,-1.47,-2.94
T_KEAD-2,16,DF,-0.388,-0.776
T_KEADGT-3,16,DF,-0.08,-0.16
T_KLGLW-1,16,DF,-0.264,-0.528
T_LAGA-1,16,DF,-0.5,-1.0
T_LARYW-4,16,DF,-0.001,-0.002
T_LBAR-1G,16,DF,-0.02,-0.04
T_MKHLW-1,16,DF,-0.294,-0.588
T_MOWEO-1,16,DF,-0.002,-0.004
T_MRWD-1,16,DF,-0.3,-0.6
T_PNYCB-1,16,DF,-0.015,-0.03
T_RMPNO-1,16,DF,-0.559,-1.118
T_RMPNO-2,16,DF,-0.46900000000000003,-0.9380000000000001
T_ROCK-1,16,DF,-1.1,-2.2
T_SCCL-2,16,DF,-2.0,-4.0
T_SCCL-4,16,DF,-23.92,-47.84
T_SEEL-1,16,DF,-0.187,-0.374
T_SGRWO-3,16,DF,-0.707,-1.414
T_SGRWO-4,16,DF,-0.534,-1.068
T_SGRWO-5,16,DF,-0.872,-1.744
T_SGRWO-6,16,DF,-1.645,-3.29
T_SHBA-2,16,DF,-0.244,-0.488
T_STLGW-1,16,DF,-0.291,-0.582
T_STLGW-2,16,DF,-0.331,-0.662
T_STLGW-3,16,DF,-0.3,-0.6
T_SUTB-1,16,DF,-0.5,-1.0
T_SVRP-10,16,DF,-0.25,-0.5
T_SVRP-20,16,DF,-0.2,-0.4
T_TORN-2,16,DF,-1.096,-2.192
T_TORN-D,16,DF,-15.696,-31.392
T_TSREP-1,16,DF,-1.611,-3.222
T_WBURB-41,16,DF,-0.191,-0.382
T_ABRBO-1,17,DF,-0.383,-0.766
T_BEINW-1,17,DF,-0.22,-0.44
T_BHLAW-1,17,DF,-0.341,-0.682
T_BPGRD-1,17,DF,-27.139,-54.278
T_CGTHW-1,17,DF,-0.055,-0.11
T_CNQPS-4,17,DF,-2.205,-4.41
T_COSO-1,17,DF,-1.002,-2.004
T_COUWW-1,17,DF,-0.04,-0.08
T_CREAW-1,17,DF,-0.306,-0.612
T_CRGHD-1,17,DF,-0.004,-0.008
T_CRGHW-1,17,DF,-0.133,-0.266
T_CRYRW-3,17,DF,-0.077,-0.154
T_DAMC-1,17,DF,-1.955,-3.91
T_DIDCB6,17,DF,-1.25,-2.5
T_DINO-3,17,DF,-0.65,-1.3
T_DINO-5,17,DF,-0.75,-1.5
T_DRSLW-1,17,DF,-0.374,-0.748
T_DUNGW-1,17,DF,-0.306,-0.612
T_FASN-2,17,DF,-0.001,-0.002
T_FERGD-1,17,DF,-0.313,-0.626
T_FERGD-2,17,DF,-0.728,-1.456
T_FFES-3,17,DF,-0.01,-0.02
T_FFES-4,17,DF,-0.02,-0.04
T_FOYED-1,17,DF,-0.557,-1.114
T_FSDLW-1,17,DF,-0.026000000000000002,-0.052000000000000005
T_GLNDO-1,17,DF,-0.021,-0.042
T_GNAPW-1,17,DF,-0.091,-0.182
T_GORDW-1,17,DF,-0.111,-0.222
T_GORDW-2,17,DF,-0.064,-0.128
T_GRAI-6,17,DF,-0.1,-0.2
T_GRAI-7,17,DF,-0.3,-0.6
T_GRIFW-1,17,DF,-0.529,-1.058
T_GRIFW-2,17,DF,-0.5,-1.0
T_GYMRD-16,17,DF,-0.001,-0.002
T_GYMRD-E11,17,DF,-0.002,-0.004
T_GYMRD-W11,17,DF,-0.006,-0.012
T_HADHW-1,17,DF,-0.17500000000000002,-0.35000000000000003
T_HEYM2-D,17,DF,-14.66,-29.32
T_HEYM27,17,DF,-2.172,-4.344
T_HEYM28,17,DF,-7.808,-15.616
T_HOWAO-2,17,DF,-0.073,-0.146
T_HRTL-2,17,DF,-9.096,-18.192
T_HUMRD-1,17,DF,-25.21,-50.42
T_INDQ-1,17,DF,-1.07,-2.14
T_KEAD-1,17,DF,-1.52,-3.04
T_KEAD-2,17,DF,-0.389,-0.778
T_KEADGT-3,17,DF,-0.08,-0.16
T_KLGLW-1,17,DF,-0.28300000000000003,-0.5660000000000001
T_LAGA-1,17,DF,-0.5,-1.0
T_LARYW-4,17,DF,-0.001,-0.002
T_LBAR-1G,17,DF,-0.01,-0.02
T_MKHLW-1,17,DF,-0.298,-0.596
T_MOWEO-1,17,DF,-0.002,-0.004
T_MRWD-1,17,DF,-0.3,-0.6
T_MYGPW-1,17,DF,-0.036000000000000004,-0.07200000000000001
T_PNYCB-1,17,DF,-0.01,-0.02
T_RMPNO-1,17,DF,-0.23600000000000002,-0.47200000000000003
T_ROCK-1,17,DF,-1.1,-2.2
T_SCCL-2,17,DF,-2.0,-4.0
T_SCCL-4,17,DF,-23.71,-47.42
T_SEEL-1,17,DF,-0.17400000000000002,-0.34800000000000003
T_SGRWO-3,17,DF,-0.706,-1.412
T_SGRWO-4,17,DF,-0.534,-1.068
T_SGRWO-5,17,DF,-0.881,-1.762
T_SGRWO-6,17,DF,-1.6440000000000001,-3.2880000000000003
T_SHBA-2,17,DF,-0.242,-0.484
T_STLGW-1,17,DF,-0.304,-0.608
T_STLGW-2,17,DF,-0.328,-0.656
T_STLGW-3,17,DF,-0.302,-0.604
T_SUTB-1,17,DF,-0.5,-1.0
T_SVRP-10,17,DF,-0.3,-0.6
T_SVRP-20,17,DF,-0.15,-0.3
T_TORN-2,17,DF,-1.112,-2.224
T_TORN-D,17,DF,-15.7,-31.4
T_TSREP-1,17,DF,-1.615,-3.23
T_WBURB-43,17,DF,-0.158,-0.316
T_ABRBO-1,18,DF,-0.523,-1.046
T_ACHRW-1,18,DF,-0.06,-0.12
T_BEINW-1,18,DF,-0.218,-0.436
T_BHLAW-1,18,DF,-0.386,-0.772
T_BLKWW-1,18,DF,-0.117,-0.234
T_BPGRD-1,18,DF,-27.757,-55.514
T_CGTHW-1,18,DF,-0.046,-0.092
T_CNQPS-4,18,DF,-2.268,-4.536
T_COSO-1,18,DF,-0.932,-1.864
T_COUWW-1,18,DF,-0.013000000000000001,-0.026000000000000002
T_CREAW-1,18,DF,-0.341,-0.682
T_CRGHD-1,18,DF,-0.003,-0.006
T_CRGHW-1,18,DF,-0.131,-0.262
T_CRYRW-3,18,DF,-0.076,-0.152
T_DAMC-1,18,DF,-1.97,-3.94
T_DIDCB6,18,DF,-1.25,-2.5
T_DINO-3,18,DF,-0.7000000000000001,-1.4000000000000001
T_DINO-5,18,DF,-0.75,-1.5
T_DOREW-2,18,DF,-0.146,-0.292
T_DRSLW-1,18,DF,-0.296,-0.592
T_DUNGW-1,18,DF,-0.308,-0.616
T_FASN-2,18,DF,-0.001,-0.002
T_FERGD-1,18,DF,-0.38,-0.76
T_FERGD-2,18,DF,-0.871,-1.742
T_FFES-1,18,DF,-0.607,-1.214
T_FFES-2,18,DF,-0.607,-1.214
T_FFES-3,18,DF,-0.02,-0.04
T_FFES-4,18,DF,-0.01,-0.02
T_FOYED-1,18,DF,-0.558,-1.116
T_FSDLW-1,18,DF,-0.024,-0.048
T_GLNDO-1,18,DF,-0.021,-0.042
T_GORDW-1,18,DF,-0.111,-0.222
T_GORDW-2,18,DF,-0.067,-0.134
T_GRAI-6,18,DF,-0.1,-0.2
T_GRAI-7,18,DF,-0.25,-0.5
T_GRIFW-1,18,DF,-0.527,-1.054
T_GRIFW-2,18,DF,-0.499,-0.998
T_GYMRD-16,18,DF,-0.001,-0.002
T_GYMRD-E11,18,DF,-0.002,-0.004
T_GYMRD-W11,18,DF,-0.006,-0.012
T_HEYM2-D,18,DF,-14.704,-29.408
T_HEYM27,18,DF,-2.228,-4.456
T_HEYM28,18,DF,-7.84,-15.68
T_HOWAO-2,18,DF,-1.509,-3.018
T_HRTL-2,18,DF,-8.988,-17.976
T_HUMRD-1,18,DF,-25.28,-50.56
T_INDQ-1,18,DF,-1.065,-2.13
T_KEAD-1,18,DF,-1.47,-2.94
T_KEAD-2,18,DF,-0.387,-0.774
T_KEADGT-3,18,DF,-0.08,-0.16
T_LAGA-1,18,DF,-0.5,-1.0
T_LARYW-4,18,DF,-0.19,-0.38
T_LBAR-1G,18,DF,-0.02,-0.04
T_MKHLW-1,18,DF,-0.272,-0.544
T_MOWEO-1,18,DF,-0.002,-0.004
T_MRWD-1,18,DF,-0.2,-0.4
T_PNYCB-1,18,DF,-0.01,-0.02
T_RMPNO-1,18,DF,-0.105,-0.21
T_ROCK-1,18,DF,-1.1,-2.2
T_SCCL-2,18,DF,-2.0,-4.0
T_SCCL-4,18,DF,-23.76,-47.52
T_SEEL-1,18,DF,-0.17500000000000002,-0.35000000000000003
T_SGRWO-3,18,DF,-0.708,-1.416
T_SGRWO-4,18,DF,-0.533,-1.066
T_SGRWO-5,18,DF,-0.886,-1.772
T_SGRWO-6,18,DF,-1.026,-2.052
T_SHBA-2,18,DF,-0.24,-0.48
T_STLGW-1,18,DF,-0.28600000000000003,-0.5720000000000001
T_STLGW-2,18,DF,-0.325,-0.65
T_STLGW-3,18,DF,-0.296,-0.592
T_STRNW-1,18,DF,-0.07100000000000001,-0.14200000000000002
T_SUTB-1,18,DF,-0.4,-0.8
T_SVRP-10,18,DF,-0.25,-0.5
T_SVRP-20,18,DF,-0.2,-0.4
T_TORN-2,18,DF,-1.12,-2.24
T_TORN-D,18,DF,-15.736,-31.472
T_TSREP-1,18,DF,-1.595,-3.19
T_WBURB-41,18,DF,-0.18,-0.36
T_WBURB-43,18,DF,-0.259,-0.518
T_ABRBO-1,19,DF,-0.485,-0.97
T_ACHRW-1,19,DF,-0.061,-0.122
T_AKGLW-2,19,DF,-0.011,-0.022
T_AKGLW-3,19,DF,-0.12,-0.24
T_ANSUW-1,19,DF,-0.02,-0.04
T_BDCHW-1,19,DF,-0.007,-0.014
T_BEINW-1,19,DF,-0.214,-0.428
T_BHLAW-1,19,DF,-0.403,-0.806
T_BPGRD-1,19,DF,-28.129,-56.258
T_CGTHW-1,19,DF,-0.061,-0.122
T_CNQPS-4,19,DF,-2.205,-4.41
T_COSO-1,19,DF,-0.913,-1.826
T_CREAW-1,19,DF,-0.28500000000000003,-0.5700000000000001
T_CRGHD-1,19,DF,-0.003,-0.006
T_CRGHW-1,19,DF,-0.128,-0.256
T_CRYRW-3,19,DF,-0.077,-0.154
T_DAMC-1,19,DF,-1.9649999999999999,-3.9299999999999997
T_DIDCB6,19,DF,-1.25,-2.5
T_DINO-3,19,DF,-0.75,-1.5
T_DINO-5,19,DF,-0.75,-1.5
T_DOREW-1,19,DF,-0.242,-0.484
T_DOREW-2,19,DF,-0.165,-0.33
T_DOUGW-1,19,DF,-0.009000000000000001,-0.018000000000000002
T_DUNGW-1,19,DF,-0.306,-0.612
T_FASN-2,19,DF,-0.001,-0.002
T_FERGD-1,19,DF,-0.452,-0.904
T_FERGD-2,19,DF,-0.781,-1.562
T_FFES-1,19,DF,-0.607,-1.214
T_FFES-2,19,DF,-0.606,-1.212
T_FFES-3,19,DF,-0.01,-0.02
T_FFES-4,19,DF,-0.02,-0.04
T_FOYE-1,19,DF,-1.1,-2.2
T_FOYED-1,19,DF,-0.58,-1.16
T_GLNDO-1,19,DF,-0.021,-0.042
T_GNFSW-1,19,DF,-0.34600000000000003,-0.6920000000000001
T_GNFSW-2,19,DF,-0.20500000000000002,-0.41000000000000003
T_GORDW-1,19,DF,-0.1,-0.2
T_GORDW-2,19,DF,-0.077,-0.154
T_GRAI-6,19,DF,-0.1,-0.2
T_GRAI-7,19,DF,-0.25,-0.5
T_GRIFW-1,19,DF,-0.517,-1.034
T_GRIFW-2,19,DF,-0.499,-0.998
T_GYMR-26,19,DF,-0.35000000000000003,-0.7000000000000001
T_GYMR-28,19,DF,-0.18,-0.36
T_GYMRD-16,19,DF,-0.001,-0.002
T_GYMRD-E11,19,DF,-0.003,-0.006
T_GYMRD-W11,19,DF,-0.005,-0.01
T_HALSW-1,19,DF,-0.063,-0.126
T_HEYM2-D,19,DF,-14.72,-29.44
T_HEYM27,19,DF,-2.224,-4.448
T_HEYM28,19,DF,-7.836,-15.672
T_HOWAO-2,19,DF,-1.289,-2.578
T_HRTL-2,19,DF,-8.824,-17.648
T_HUMRD-1,19,DF,-25.17,-50.34
T_INDQ-1,19,DF,-1.05,-2.1
T_KEAD-1,19,DF,-1.52,-3.04
T_KEAD-2,19,DF,-0.39,-0.78
T_KEADGT-3,19,DF,-0.08,-0.16
T_LAGA-1,19,DF,-0.6,-1.2
T_LBAR-1G,19,DF,-0.01,-0.02
T_MKHLW-1,19,DF,-0.006,-0.012
T_MOWEO-1,19,DF,-0.002,-0.004
T_MRWD-1,19,DF,-0.3,-0.6
T_MYGPW-1,19,DF,-0.025,-0.05
T_PNYCB-1,19,DF,-0.01,-0.02
T_ROCK-1,19,DF,-1.2,-2.4
T_SCCL-2,19,DF,-2.05,-4.1
T_SCCL-4,19,DF,-23.84,-47.68
T_SEEL-1,19,DF,-0.169,-0.338
T_SGRWO-3,19,DF,-0.708,-1.416
T_SGRWO-4,19,DF,-0.534,-1.068
T_SGRWO-5,19,DF,-0.883,-1.766
T_SGRWO-6,19,DF,-0.311,-0.622
T_SHBA-2,19,DF,-0.23900000000000002,-0.47800000000000004
T_STLGW-1,19,DF,-0.276,-0.552
T_STLGW-2,19,DF,-0.317,-0.634
T_STLGW-3,19,DF,-0.291,-0.582
T_STRNW-1,19,DF,-0.17300000000000001,-0.34600000000000003
T_SUTB-1,19,DF,-0.5,-1.0
T_SVRP-10,19,DF,-0.3,-0.6
T_SVRP-20,19,DF,-0.2,-0.4
T_THNTO-1,19,DF,-0.059000000000000004,-0.11800000000000001
T_THNTO-2,19,DF,-0.026000000000000002,-0.052000000000000005
T_TORN-2,19,DF,-1.112,-2.224
T_TORN-D,19,DF,-15.724,-31.448
T_TSREP-1,19,DF,-1.5510000000000002,-3.1020000000000003
T_WBURB-41,19,DF,-0.10300000000000001,-0.20600000000000002
T_WBURB-43,19,DF,-0.018000000000000002,-0.036000000000000004
T_ABRBO-1,20,DF,-0.497,-0.994
T_ACHRW-1,20,DF,-0.045,-0.09
T_AKGLW-2,20,DF,-0.164,-0.328
T_AKGLW-3,20,DF,-0.152,-0.304
T_ANSUW-1,20,DF,-0.028,-0.056
T_BDCHW-1,20,DF,-0.016,-0.032
T_BEINW-1,20,DF,-0.192,-0.384
T_BHLAW-1,20,DF,-0.355,-0.71
T_BPGRD-1,20,DF,-27.799,-55.598
T_CGTHW-1,20,DF,-0.059000000000000004,-0.11800000000000001
T_CNQPS-4,20,DF,-2.268,-4.536
T_COSO-1,20,DF,-1.013,-2.026
T_CREAW-1,20,DF,-0.24,-0.48
T_CRGHD-1,20,DF,-0.003,-0.006
T_CRGHW-1,20,DF,-0.127,-0.254
T_CRYRW-3,20,DF,-0.085,-0.17
T_DAMC-1,20,DF,-1.97,-3.94
T_DIDCB6,20,DF,-1.3,-2.6
T_DINO-3,20,DF,-0.7000000000000001,-1.4000000000000001
T_DINO-5,20,DF,-0.75,-1.5
T_DOREW-1,20,DF,-0.182,-0.364
T_DOREW-2,20,DF,-0.25,-0.5
T_DUNGW-1,20,DF,-0.314,-0.628
T_FASN-2,20,DF,-0.001,-0.002
T_FERGD-1,20,DF,-0.452,-0.904
T_FERGD-2,20,DF,-0.725,-1.45
T_FFES-1,20,DF,-0.607,-1.214
T_FFES-2,20,DF,-0.606,-1.212
T_FFES-3,20,DF,-0.02,-0.04
T_FFES-4,20,DF,-0.01,-0.02
T_FOYE-1,20,DF,-0.9500000000000001,-1.9000000000000001
T_FOYE-2,20,DF,-1.2,-2.4
T_FOYED-1,20,DF,-0.501,-1.002
T_GLNDO-1,20,DF,-0.021,-0.042
T_GNFSW-1,20,DF,-0.4,-0.8
T_GNFSW-2,20,DF,-0.255,-0.51
T_GORDW-1,20,DF,-0.096,-0.192
T_GORDW-2,20,DF,-0.075,-0.15
T_GRAI-6,20,DF,-0.1,-0.2
T_GRAI-7,20,DF,-0.3,-0.6
T_GRIFW-1,20,DF,-0.009000000000000001,-0.018000000000000002
T_GRIFW-2,20,DF,-0.328,-0.656
T_GYMR-26,20,DF,-0.4,-0.8
T_GYMRD-16,20,DF,-0.001,-0.002
T_GYMRD-E11,20,DF,-0.002,-0.004
T_GYMRD-W11,20,DF,-0.006,-0.012
T_HEYM2-D,20,DF,-14.776,-29.552
T_HEYM27,20,DF,-2.236,-4.472
T_HEYM28,20,DF,-7.856,-15.712
T_HOWAO-2,20,DF,-1.225,-2.45
T_HRTL-2,20,DF,-8.756,-17.512
T_HUMRD-1,20,DF,-24.58,-49.16
T_INDQ-1,20,DF,-1.06,-2.12
T_KEAD-1,20,DF,-1.52,-3.04
T_KEAD-2,20,DF,-0.393,-0.786
T_KEADGT-3,20,DF,-0.08,-0.16
T_LAGA-1,20,DF,-0.5,-1.0
T_LARYW-1,20,DF,-0.397,-0.794
T_LARYW-3,20,DF,-0.339,-0.678
T_LARYW-4,20,DF,-0.41300000000000003,-0.8260000000000001
T_LBAR-1G,20,DF,-0.01,-0.02
T_MOWEO-1,20,DF,-0.002,-0.004
T_MRWD-1,20,DF,-0.3,-0.6
T_PNYCB-1,20,DF,-0.015,-0.03
T_ROCK-1,20,DF,-1.1,-2.2
T_SCCL-2,20,DF,-2.05,-4.1
T_SCCL-4,20,DF,-23.86,-47.72
T_SEEL-1,20,DF,-0.169,-0.338
T_SGRWO-3,20,DF,-0.708,-1.416
T_SGRWO-4,20,DF,-0.536,-1.072
T_SGRWO-5,20,DF,-0.879,-1.758
T_SGRWO-6,20,DF,-0.08600000000000001,-0.17200000000000001
T_SHBA-2,20,DF,-0.241,-0.482
T_STLGW-1,20,DF,-0.28500000000000003,-0.5700000000000001
T_STLGW-2,20,DF,-0.309,-0.618
T_STLGW-3,20,DF,-0.274,-0.548
T_STRNW-1,20,DF,-0.168,-0.336
T_SUTB-1,20,DF,-0.4,-0.8
T_SVRP-10,20,DF,-0.3,-0.6
T_SVRP-20,20,DF,-0.2,-0.4
T_THNTO-1,20,DF,-0.44,-0.88
T_THNTO-2,20,DF,-0.428,-0.856
T_TORN-2,20,DF,-1.116,-2.232
T_TORN-D,20,DF,-15.808,-31.616
T_TSREP-1,20,DF,-1.6560000000000001,-3.3120000000000003
T_WBURB-41,20,DF,-0.329,-0.658
T_WBURB-43,20,DF,-0.797,-1.594
T_ABRBO-1,21,DF,-0.482,-0.964
T_AKGLW-2,21,DF,-0.154,-0.308
T_AKGLW-3,21,DF,-0.149,-0.298
T_ANSUW-1,21,DF,-0.013000000000000001,-0.026000000000000002
T_BDCHW-1,21,DF,-0.022,-0.044
T_BEATO-3,21,DF,-0.733,-1.466
T_BEATO-4,21,DF,-0.997,-1.994
T_BEINW-1,21,DF,-0.198,-0.396
T_BHLAW-1,21,DF,-0.306,-0.612
T_BPGRD-1,21,DF,-28.266,-56.532
T_CGTHW-1,21,DF,-0.039,-0.078
T_CNQPS-4,21,DF,-2.205,-4.41
T_COSO-1,21,DF,-0.861,-1.722
T_CREAW-1,21,DF,-0.22,-0.44
T_CRGHD-1,21,DF,-0.003,-0.006
T_CRGHW-1,21,DF,-0.134,-0.268
T_CRYRW-3,21,DF,-0.083,-0.166
T_DAMC-1,21,DF,-1.98,-3.96
T_DIDCB6,21,DF,-1.3,-2.6
T_DINO-3,21,DF,-0.7000000000000001,-1.4000000000000001
T_DINO-5,21,DF,-0.75,-1.5
T_DOREW-1,21,DF,-0.321,-0.642
T_DOREW-2,21,DF,-0.29,-0.58
T_DUNGW-1,21,DF,-0.299,-0.598
T_FASN-2,21,DF,-0.001,-0.002
T_FERGD-1,21,DF,-0.505,-1.01
T_FERGD-2,21,DF,-0.736,-1.472
T_FFES-1,21,DF,-0.607,-1.214
T_FFES-2,21,DF,-0.606,-1.212
T_FFES-3,21,DF,-0.01,-0.02
T_FFES-4,21,DF,-0.02,-0.04
T_FOYE-1,21,DF,-0.9500000000000001,-1.9000000000000001
T_FOYE-2,21,DF,-1.0,-2.0
T_FOYED-1,21,DF,-0.453,-0.906
T_GLNDO-1,21,DF,-0.021,-0.042
T_GNFSW-1,21,DF,-0.394,-0.788
T_GNFSW-2,21,DF,-0.234,-0.468
T_GORDW-1,21,DF,-0.096,-0.192
T_GORDW-2,21,DF,-0.073,-0.146
T_GRAI-6,21,DF,-0.1,-0.2
T_GRAI-7,21,DF,-0.25,-0.5
T_GRIFW-1,21,DF,-0.434,-0.868
T_GRIFW-2,21,DF,-0.379,-0.758
T_GYMR-26,21,DF,-0.18,-0.36
T_GYMRD-16,21,DF,-0.001,-0.002
T_GYMRD-E11,21,DF,-0.002,-0.004
T_GYMRD-W11,21,DF,-0.006,-0.012
T_HEYM2-D,21,DF,-14.736,-29.472
T_HEYM27,21,DF,-2.232,-4.464
T_HEYM28,21,DF,-7.84,-15.68
T_HOWAO-2,21,DF,-1.212,-2.424
T_HRTL-2,21,DF,-8.68,-17.36
T_HUMRD-1,21,DF,-24.17,-48.34
T_INDQ-1,21,DF,-1.06,-2.12
T_KEAD-1,21,DF,-1.47,-2.94
T_KEAD-2,21,DF,-0.393,-0.786
T_KEADGT-3,21,DF,-0.08,-0.16
T_LAGA-1,21,DF,-0.5,-1.0
T_LBAR-1G,21,DF,-0.01,-0.02
T_MOWEO-1,21,DF,-0.002,-0.004
T_MRWD-1,21,DF,-0.3,-0.6
T_PNYCB-1,21,DF,-0.01,-0.02
T_ROCK-1,21,DF,-1.1,-2.2
T_SCCL-2,21,DF,-2.05,-4.1
T_SCCL-4,21,DF,-23.9,-47.8
T_SEEL-1,21,DF,-0.184,-0.368
T_SGRWO-3,21,DF,-0.71,-1.42
T_SGRWO-4,21,DF,-0.537,-1.074
T_SGRWO-5,21,DF,-0.883,-1.766
T_SGRWO-6,21,DF,-0.001,-0.002
T_SHBA-2,21,DF,-0.23900000000000002,-0.47800000000000004
T_STLGW-1,21,DF,-0.301,-0.602
T_STLGW-3,21,DF,-0.013000000000000001,-0.026000000000000002
T_STRNW-1,21,DF,-0.169,-0.338
T_SUTB-1,21,DF,-0.5,-1.0
T_SVRP-10,21,DF,-0.3,-0.6
T_SVRP-20,21,DF,-0.2,-0.4
T_THNTO-1,21,DF,-0.437,-0.874
T_THNTO-2,21,DF,-0.41200000000000003,-0.8240000000000001
T_TORN-2,21,DF,-1.116,-2.232
T_TORN-D,21,DF,-15.78,-31.56
T_TSREP-1,21,DF,-1.641,-3.282
T_WBURB-41,21,DF,-0.212,-0.424
T_WBURB-43,21,DF,-0.139,-0.278
T_ABRBO-1,22,DF,-0.47500000000000003,-0.9500000000000001
T_AKGLW-2,22,DF,-0.147,-0.294
T_AKGLW-3,22,DF,-0.149,-0.298
T_BDCHW-1,22,DF,-0.088,-0.176
T_BEATO-1,22,DF,-0.458,-0.916
T_BEATO-2,22,DF,-0.845,-1.69
T_BEATO-3,22,DF,-1.264,-2.528
T_BEATO-4,22,DF,-1.502,-3.004
T_BEINW-1,22,DF,-0.212,-0.424
T_BHLAW-1,22,DF,-0.41100000000000003,-0.8220000000000001
T_BPGRD-1,22,DF,-28.273,-56.546
T_CGTHW-1,22,DF,-0.062,-0.124
T_CNQPS-4,22,DF,-2.205,-4.41
T_COSO-1,22,DF,-0.961,-1.922
T_CREAW-1,22,DF,-0.209,-0.418
T_CRGHD-1,22,DF,-0.003,-0.006
T_CRGHW-1,22,DF,-0.14,-0.28
T_CRYRW-3,22,DF,-0.084,-0.168
T_DAMC-1,22,DF,-1.98,-3.96
T_DIDCB6,22,DF,-1.4,-2.8
T_DINO-3,22,DF,-0.7000000000000001,-1.4000000000000001
T_DINO-5,22,DF,-0.7000000000000001,-1.4000000000000001
T_DOREW-1,22,DF,-0.312,-0.624
T_DOREW-2,22,DF,-0.28300000000000003,-0.5660000000000001
T_DOUGW-1,22,DF,-0.131,-0.262
T_DUNGW-1,22,DF,-0.28400000000000003,-0.5680000000000001
T_FASN-2,22,DF,-0.001,-0.002
T_FERGD-1,22,DF,-0.264,-0.528
T_FERGD-2,22,DF,-0.786,-1.572
T_FFES-1,22,DF,-0.607,-1.214
T_FFES-2,22,DF,-0.607,-1.214
T_FFES-3,22,DF,-0.02,-0.04
T_FFES-4,22,DF,-0.01,-0.02
T_FOYE-1,22,DF,-0.9500000000000001,-1.9000000000000001
T_FOYE-2,22,DF,-0.9500000000000001,-1.9000000000000001
T_FOYED-1,22,DF,-0.452,-0.904
T_GLNDO-1,22,DF,-0.021,-0.042
T_GORDW-1,22,DF,-0.098,-0.196
T_GORDW-2,22,DF,-0.076,-0.152
T_GRAI-6,22,DF,-0.05,-0.1
T_GRAI-7,22,DF,-0.25,-0.5
T_GRIFW-1,22,DF,-0.041,-0.082
T_GRIFW-2,22,DF,-0.278,-0.556
T_GYMRD-16,22,DF,-0.001,-0.002
T_GYMRD-E11,22,DF,-0.002,-0.004
T_GYMRD-W11,22,DF,-0.006,-0.012
T_HEYM2-D,22,DF,-14.672,-29.344
T_HEYM27,22,DF,-2.192,-4.384
T_HEYM28,22,DF,-7.828,-15.656
T_HOWAO-2,22,DF,-1.203,-2.406
T_HRTL-2,22,DF,-8.572,-17.144
T_HUMRD-1,22,DF,-24.26,-48.52
T_INDQ-1,22,DF,-1.06,-2.12
T_KEAD-1,22,DF,-1.47,-2.94
T_KEAD-2,22,DF,-0.387,-0.774
T_KEADGT-3,22,DF,-0.08,-0.16
T_LAGA-1,22,DF,-0.6,-1.2
T_LBAR-1G,22,DF,-0.01,-0.02
T_MOWEO-1,22,DF,-0.002,-0.004
T_MOWEO-2,22,DF,-1.207,-2.414
T_MOWEO-3,22,DF,-0.5640000000000001,-1.1280000000000001
T_MRWD-1,22,DF,-0.3,-0.6
T_PNYCB-1,22,DF,-0.01,-0.02
T_ROCK-1,22,DF,-1.1,-2.2
T_SCCL-2,22,DF,-2.05,-4.1
T_SCCL-4,22,DF,-23.96,-47.92
T_SEEL-1,22,DF,-0.17300000000000001,-0.34600000000000003
T_SGRWO-3,22,DF,-0.709,-1.418
T_SGRWO-4,22,DF,-0.54,-1.08
T_SGRWO-5,22,DF,-0.882,-1.764
T_SHBA-2,22,DF,-0.242,-0.484
T_STLGW-1,22,DF,-0.3,-0.6
T_STLGW-2,22,DF,-0.001,-0.002
T_STLGW-3,22,DF,-0.10200000000000001,-0.20400000000000001
T_STRNW-1,22,DF,-0.167,-0.334
T_SUTB-1,22,DF,-0.5,-1.0
T_SVRP-10,22,DF,-0.25,-0.5
T_SVRP-20,22,DF,-0.2,-0.4
T_THNTO-1,22,DF,-0.43,-0.86
T_THNTO-2,22,DF,-0.421,-0.842
T_TORN-2,22,DF,-1.116,-2.232
T_TORN-D,22,DF,-15.716,-31.432
T_TSREP-1,22,DF,-1.6360000000000001,-3.2720000000000002
T_ABRBO-1,23,DF,-0.47400000000000003,-0.9480000000000001
T_AKGLW-2,23,DF,-0.158,-0.316
T_AKGLW-3,23,DF,-0.153,-0.306
T_BDCHW-1,23,DF,-0.065,-0.13
T_BEATO-1,23,DF,-1.105,-2.21
T_BEATO-2,23,DF,-1.141,-2.282
T_BEATO-3,23,DF,-1.4929999999999999,-2.9859999999999998
T_BEATO-4,23,DF,-1.5510000000000002,-3.1020000000000003
T_BEINW-1,23,DF,-0.194,-0.388
T_BHLAW-1,23,DF,-0.445,-0.89
T_BPGRD-1,23,DF,-28.674,-57.348
T_CNQPS-4,23,DF,-2.268,-4.536
T_COSO-1,23,DF,-0.92,-1.84
T_CREAW-1,23,DF,-0.222,-0.444
T_CRGHD-1,23,DF,-0.003,-0.006
T_CRGHW-1,23,DF,-0.112,-0.224
T_CRYRW-3,23,DF,-0.084,-0.168
T_DAMC-1,23,DF,-1.98,-3.96
T_DIDCB6,23,DF,-1.35,-2.7
T_DINO-3,23,DF,-0.7000000000000001,-1.4000000000000001
T_DINO-5,23,DF,-0.75,-1.5
T_DOREW-1,23,DF,-0.32,-0.64
T_DOREW-2,23,DF,-0.28500000000000003,-0.5700000000000001
T_DUNGW-1,23,DF,-0.307,-0.614
T_FASN-2,23,DF,-0.001,-0.002
T_FERGD-1,23,DF,-0.418,-0.836
T_FERGD-2,23,DF,-0.808,-1.616
T_FFES-1,23,DF,-0.607,-1.214
T_FFES-2,23,DF,-0.606,-1.212
T_FFES-3,23,DF,-0.01,-0.02
T_FFES-4,23,DF,-0.02,-0.04
T_FOYE-1,23,DF,-0.9500000000000001,-1.9000000000000001
T_FOYE-2,23,DF,-1.0,-2.0
T_FOYED-1,23,DF,-0.47200000000000003,-0.9440000000000001
T_GLNDO-1,23,DF,-0.021,-0.042
T_GORDW-1,23,DF,-0.036000000000000004,-0.07200000000000001
T_GRAI-6,23,DF,-0.1,-0.2
T_GRAI-7,23,DF,-0.3,-0.6
T_GYMR-26,23,DF,-0.23,-0.46
T_GYMRD-16,23,DF,-0.001,-0.002
T_GYMRD-E11,23,DF,-0.002,-0.004
T_GYMRD-W11,23,DF,-0.005,-0.01
T_HALSW-1,23,DF,-0.038,-0.076
T_HEYM2-D,23,DF,-14.74,-29.48
T_HEYM27,23,DF,-2.204,-4.408
T_HEYM28,23,DF,-7.852,-15.704
T_HOWAO-2,23,DF,-0.115,-0.23
T_HRTL-2,23,DF,-8.472,-16.944
T_HUMRD-1,23,DF,-24.71,-49.42
T_INDQ-1,23,DF,-1.06,-2.12
T_KEAD-1,23,DF,-1.465,-2.93
T_KEAD-2,23,DF,-0.387,-0.774
T_KEADGT-3,23,DF,-0.085,-0.17
T_LAGA-1,23,DF,-0.5,-1.0
T_LARYW-2,23,DF,-0.005,-0.01
T_LBAR-1G,23,DF,-0.01,-0.02
T_MOWEO-1,23,DF,-0.002,-0.004
T_MOWEO-2,23,DF,-2.122,-4.244
T_MOWEO-3,23,DF,-1.127,-2.254
T_MRWD-1,23,DF,-0.3,-0.6
T_PNYCB-1,23,DF,-0.01,-0.02
T_ROCK-1,23,DF,-1.1,-2.2
T_SCCL-2,23,DF,-2.15,-4.3
T_SCCL-4,23,DF,-24.04,-48.08
T_SEEL-1,23,DF,-0.169,-0.338
T_SGRWO-3,23,DF,-0.715,-1.43
T_SGRWO-4,23,DF,-0.547,-1.094
T_SGRWO-5,23,DF,-0.887,-1.774
T_SHBA-2,23,DF,-0.23900000000000002,-0.47800000000000004
T_STLGW-1,23,DF,-0.31,-0.62
T_STLGW-2,23,DF,-0.292,-0.584
T_STLGW-3,23,DF,-0.294,-0.588
T_STRNW-1,23,DF,-0.176,-0.352
T_SUTB-1,23,DF,-0.4,-0.8
T_SVRP-10,23,DF,-0.3,-0.6
T_SVRP-20,23,DF,-0.2,-0.4
T_THNTO-1,23,DF,-0.385,-0.77
T_THNTO-2,23,DF,-0.363,-0.726
T_TORN-2,23,DF,-1.108,-2.216
T_TORN-D,23,DF,-15.784,-31.568
T_TSREP-1,23,DF,-1.691,-3.382
T_WBURB-41,23,DF,-0.281,-0.562
T_WBURB-43,23,DF,-0.548,-1.096
T_ABRBO-1,24,DF,-0.47300000000000003,-0.9460000000000001
T_AKGLW-3,24,DF,-0.053,-0.106
T_BDCHW-1,24,DF,-0.098,-0.196
T_BEATO-1,24,DF,-1.196,-2.392
T_BEATO-2,24,DF,-1.17,-2.34
T_BEATO-3,24,DF,-1.495,-2.99
T_BEATO-4,24,DF,-1.545,-3.09
T_BEINW-1,24,DF,-0.186,-0.372
T_BHLAW-1,24,DF,-0.329,-0.658
T_BLLA-1,24,DF,-0.233,-0.466
T_BPGRD-1,24,DF,-28.531,-57.062
T_CGTHW-1,24,DF,-0.056,-0.112
T_CNQPS-4,24,DF,-2.268,-4.536
T_COSO-1,24,DF,-0.9490000000000001,-1.8980000000000001
T_CREAW-1,24,DF,-0.223,-0.446
T_CRGHD-1,24,DF,-0.003,-0.006
T_CRYRW-3,24,DF,-0.09,-0.18
T_DAMC-1,24,DF,-1.99,-3.98
T_DIDCB6,24,DF,-1.4,-2.8
T_DINO-3,24,DF,-0.65,-1.3
T_DINO-5,24,DF,-0.75,-1.5
T_DNLWW-1,24,DF,-0.064,-0.128
T_DOREW-1,24,DF,-0.323,-0.646
T_DOREW-2,24,DF,-0.281,-0.562
T_DUNGW-1,24,DF,-0.323,-0.646
T_FASN-2,24,DF,-0.001,-0.002
T_FERGD-1,24,DF,-0.486,-0.972
T_FERGD-2,24,DF,-0.773,-1.546
T_FFES-1,24,DF,-0.607,-1.214
T_FFES-3,24,DF,-0.02,-0.04
T_FFES-4,24,DF,-0.01,-0.02
T_FOYE-1,24,DF,-0.9500000000000001,-1.9000000000000001
T_FOYED-1,24,DF,-0.46,-0.92
T_GLNDO-1,24,DF,-0.021,-0.042
T_GORDW-1,24,DF,-0.046,-0.092
T_GRAI-6,24,DF,-0.1,-0.2
T_GRAI-7,24,DF,-0.25,-0.5
T_GYMRD-16,24,DF,-0.001,-0.002
T_GYMRD-E11,24,DF,-0.002,-0.004
T_GYMRD-W11,24,DF,-0.006,-0.012
T_HALSW-1,24,DF,-0.108,-0.216
T_HEYM2-D,24,DF,-14.72,-29.44
T_HEYM27,24,DF,-2.184,-4.368
T_HEYM28,24,DF,-7.812,-15.624
T_HMGTO-1,24,DF,-0.079,-0.158
T_HOWAO-2,24,DF,-0.012,-0.024
T_HRTL-2,24,DF,-8.212,-16.424
T_HUMRD-1,24,DF,-25.61,-51.22
T_INDQ-1,24,DF,-1.07,-2.14
T_KEAD-1,24,DF,-1.52,-3.04
T_KEAD-2,24,DF,-0.399,-0.798
T_KEADGT-3,24,DF,-0.08,-0.16
T_KTHLW-1,24,DF,-0.009000000000000001,-0.018000000000000002
T_LAGA-1,24,DF,-0.6,-1.2
T_LARYW-2,24,DF,-0.004,-0.008
T_LARYW-3,24,DF,-0.757,-1.514
T_LARYW-4,24,DF,-0.786,-1.572
T_LBAR-1G,24,DF,-0.01,-0.02
T_MOWEO-1,24,DF,-0.002,-0.004
T_MOWEO-2,24,DF,-1.853,-3.706
T_MOWEO-3,24,DF,-1.042,-2.084
T_MRWD-1,24,DF,-0.3,-0.6
T_PNYCB-1,24,DF,-0.01,-0.02
T_ROCK-1,24,DF,-1.1,-2.2
T_SCCL-2,24,DF,-2.15,-4.3
T_SCCL-4,24,DF,-23.92,-47.84
T_SEEL-1,24,DF,-0.167,-0.334
T_SGRWO-3,24,DF,-0.718,-1.436
T_SGRWO-4,24,DF,-0.545,-1.09
T_SGRWO-5,24,DF,-0.899,-1.798
T_SHBA-2,24,DF,-0.249,-0.498
T_STAY-2,24,DF,-1.25,-2.5
T_STLGW-1,24,DF,-0.03,-0.06
T_STLGW-2,24,DF,-0.365,-0.73
T_STLGW-3,24,DF,-0.048,-0.096
T_STRNW-1,24,DF,-0.177,-0.354
T_SUTB-1,24,DF,-0.5,-1.0
T_SVRP-10,24,DF,-0.3,-0.6
T_SVRP-20,24,DF,-0.2,-0.4
T_TORN-2,24,DF,-1.108,-2.216
T_TORN-D,24,DF,-15.788,-31.576
T_TSREP-1,24,DF,-1.685,-3.37
T_WBURB-41,24,DF,-0.157,-0.314
T_WBURB-43,24,DF,-0.126,-0.252
T_ABRBO-1,25,DF,-0.274,-0.548
T_AKGLW-3,25,DF,-0.042,-0.084
T_BDCHW-1,25,DF,-0.09,-0.18
T_BEATO-1,25,DF,-1.2,-2.4
T_BEATO-2,25,DF,-1.174,-2.348
T_BEATO-3,25,DF,-1.4969999999999999,-2.9939999999999998
T_BEATO-4,25,DF,-1.524,-3.048
T_BHLAW-1,25,DF,-0.17200000000000001,-0.34400000000000003
T_BPGRD-1,25,DF,-29.143,-58.286
T_CNQPS-4,25,DF,-2.205,-4.41
T_COSO-1,25,DF,-0.964,-1.928
T_CREAW-1,25,DF,-0.18,-0.36
T_CRGHD-1,25,DF,-0.003,-0.006
T_CRYRW-3,25,DF,-0.085,-0.17
T_DAMC-1,25,DF,-2.0,-4.0
T_DIDCB6,25,DF,-1.45,-2.9
T_DINO-3,25,DF,-0.7000000000000001,-1.4000000000000001
T_DINO-5,25,DF,-0.75,-1.5
T_DNLWW-1,25,DF,-0.099,-0.198
T_DOREW-1,25,DF,-0.323,-0.646
T_DOREW-2,25,DF,-0.28,-0.56
T_DUNGW-1,25,DF,-0.313,-0.626
T_FASN-2,25,DF,-0.001,-0.002
T_FERGD-1,25,DF,-0.362,-0.724
T_FERGD-2,25,DF,-0.888,-1.776
T_FFES-1,25,DF,-0.607,-1.214
T_FFES-3,25,DF,-0.01,-0.02
T_FFES-4,25,DF,-0.02,-0.04
T_FOYE-1,25,DF,-0.9500000000000001,-1.9000000000000001
T_FOYED-1,25,DF,-0.5,-1.0
T_GLNDO-1,25,DF,-0.021,-0.042
T_GORDW-1,25,DF,-0.108,-0.216
T_GRAI-6,25,DF,-0.1,-0.2
T_GRAI-7,25,DF,-0.25,-0.5
T_GYMRD-16,25,DF,-0.001,-0.002
T_GYMRD-E11,25,DF,-0.002,-0.004
T_GYMRD-W11,25,DF,-0.005,-0.01
T_HEYM2-D,25,DF,-14.74,-29.48
T_HEYM27,25,DF,-2.2,-4.4
T_HEYM28,25,DF,-7.832,-15.664
T_HMGTO-1,25,DF,-0.31,-0.62
T_HOWAO-2,25,DF,-0.012,-0.024
T_HRTL-2,25,DF,-8.276,-16.552
T_HUMRD-1,25,DF,-25.79,-51.58
T_INDQ-1,25,DF,-1.065,-2.13
T_JGPR-1,25,DF,-0.001,-0.002
T_KEAD-1,25,DF,-1.47,-2.94
T_KEAD-2,25,DF,-0.388,-0.776
T_KEADGT-3,25,DF,-0.08,-0.16
T_KTHLW-1,25,DF,-0.009000000000000001,-0.018000000000000002
T_LAGA-1,25,DF,-0.5,-1.0
T_MOWEO-1,25,DF,-0.002,-0.004
T_MOWEO-2,25,DF,-1.709,-3.418
T_MOWEO-3,25,DF,-0.887,-1.774
T_MRWD-1,25,DF,-0.3,-0.6
T_PNYCB-1,25,DF,-0.015,-0.03
T_ROCK-1,25,DF,-1.1,-2.2
T_SCCL-2,25,DF,-2.15,-4.3
T_SCCL-4,25,DF,-24.23,-48.46
T_SEEL-1,25,DF,-0.177,-0.354
T_SGRWO-3,25,DF,-0.718,-1.436
T_SGRWO-4,25,DF,-0.547,-1.094
T_SGRWO-5,25,DF,-0.9,-1.8
T_SHBA-2,25,DF,-0.23700000000000002,-0.47400000000000003
T_STAY-2,25,DF,-0.4,-0.8
T_STLGW-2,25,DF,-0.365,-0.73
T_STRNW-1,25,DF,-0.17200000000000001,-0.34400000000000003
T_SUTB-1,25,DF,-0.5,-1.0
T_SVRP-10,25,DF,-0.25,-0.5
T_SVRP-20,25,DF,-0.15,-0.3
T_TORN-2,25,DF,-1.104,-2.208
T_TORN-D,25,DF,-15.8,-31.6
T_TSREP-1,25,DF,-1.726,-3.452
T_WBURB-41,25,DF,-0.262,-0.524
T_WBURB-43,25,DF,-0.309,-0.618
T_AKGLW-2,26,DF,-0.044,-0.088
T_AKGLW-3,26,DF,-0.074,-0.148
T_BDCHW-1,26,DF,-0.098,-0.196
T_BEATO-1,26,DF,-1.202,-2.404
T_BEATO-2,26,DF,-1.175,-2.35
T_BEATO-3,26,DF,-1.499,-2.998
T_BEATO-4,26,DF,-1.518,-3.036
T_BEINW-1,26,DF,-0.163,-0.326
T_BPGRD-1,26,DF,-29.022,-58.044
T_CNQPS-4,26,DF,-2.205,-4.41
T_COSO-1,26,DF,-0.917,-1.834
T_CREAW-1,26,DF,-0.212,-0.424
T_CRGHD-1,26,DF,-0.003,-0.006
T_CRYRW-3,26,DF,-0.092,-0.184
T_DALQW-1,26,DF,-0.116,-0.232
T_DAMC-1,26,DF,-1.99,-3.98
T_DIDCB6,26,DF,-1.0,-2.0
T_DINO-3,26,DF,-0.7000000000000001,-1.4000000000000001
T_DINO-5,26,DF,-0.7000000000000001,-1.4000000000000001
T_DNLWW-1,26,DF,-0.098,-0.196
T_DOREW-1,26,DF,-0.318,-0.636
T_DOREW-2,26,DF,-0.29,-0.58
T_DOUGW-1,26,DF,-0.133,-0.266
T_DUNGW-1,26,DF,-0.305,-0.61
T_FASN-2,26,DF,-0.001,-0.002
T_FERGD-1,26,DF,-0.461,-0.922
T_FERGD-2,26,DF,-0.908,-1.816
T_FFES-1,26,DF,-0.607,-1.214
T_FFES-2,26,DF,-0.606,-1.212
T_FFES-3,26,DF,-0.02,-0.04
T_FFES-4,26,DF,-0.01,-0.02
T_FOYE-1,26,DF,-0.9500000000000001,-1.9000000000000001
T_FOYE-2,26,DF,-1.0,-2.0
T_FOYED-1,26,DF,-0.454,-0.908
T_GLNDO-1,26,DF,-0.021,-0.042
T_GRAI-6,26,DF,-0.1,-0.2
T_GRAI-7,26,DF,-0.35000000000000003,-0.7000000000000001
T_GYMRD-16,26,DF,-0.001,-0.002
T_GYMRD-E11,26,DF,-0.002,-0.004
T_GYMRD-W11,26,DF,-0.005,-0.01
T_HALSW-1,26,DF,-0.075,-0.15
T_HEYM2-D,26,DF,-14.692,-29.384
T_HEYM27,26,DF,-2.204,-4.408
T_HEYM28,26,DF,-7.808,-15.616
T_HOWAO-2,26,DF,-0.012,-0.024
T_HRTL-2,26,DF,-8.288,-16.576
T_HUMRD-1,26,DF,-25.04,-50.08
T_INDQ-1,26,DF,-1.05,-2.1
T_KEAD-1,26,DF,-1.47,-2.94
T_KEAD-2,26,DF,-0.386,-0.772
T_KEADGT-3,26,DF,-0.08,-0.16
T_KPMRW-1,26,DF,-0.045,-0.09
T_KTHLW-1,26,DF,-0.009000000000000001,-0.018000000000000002
T_LAGA-1,26,DF,-0.5,-1.0
T_LARYW-2,26,DF,-0.005,-0.01
T_LBAR-1G,26,DF,-0.01,-0.02
T_MOWEO-1,26,DF,-0.002,-0.004
T_MOWEO-2,26,DF,-1.449,-2.898
T_MOWEO-3,26,DF,-0.736,-1.472
T_MRWD-1,26,DF,-0.3,-0.6
T_PNYCB-1,26,DF,-0.01,-0.02
T_ROCK-1,26,DF,-1.1,-2.2
T_SCCL-2,26,DF,-2.2,-4.4
T_SCCL-4,26,DF,-24.19,-48.38
T_SEEL-1,26,DF,-0.17200000000000001,-0.34400000000000003
T_SGRWO-3,26,DF,-0.721,-1.442
T_SGRWO-4,26,DF,-0.548,-1.096
T_SGRWO-5,26,DF,-0.894,-1.788
T_SHBA-2,26,DF,-0.24,-0.48
T_STAY-2,26,DF,-0.4,-0.8
T_STLGW-2,26,DF,-0.008,-0.016
T_STRNW-1,26,DF,-0.167,-0.334
T_SUTB-1,26,DF,-0.4,-0.8
T_SVRP-10,26,DF,-0.3,-0.6
T_SVRP-20,26,DF,-0.2,-0.4
T_TORN-2,26,DF,-1.108,-2.216
T_TORN-D,26,DF,-15.74,-31.48
T_TSREP-1,26,DF,-1.701,-3.402
T_WBURB-41,26,DF,-0.028,-0.056
T_WBURB-43,26,DF,-0.092,-0.184
T_WHILW-1,26,DF,-0.605,-1.21
T_WHILW-2,26,DF,-0.309,-0.618
T_AKGLW-2,27,DF,-0.162,-0.324
T_AKGLW-3,27,DF,-0.15,-0.3
T_BDCHW-1,27,DF,-0.026000000000000002,-0.052000000000000005
T_BEATO-1,27,DF,-1.202,-2.404
T_BEATO-2,27,DF,-1.179,-2.358
T_BEATO-3,27,DF,-1.5270000000000001,-3.0540000000000003
T_BEATO-4,27,DF,-1.577,-3.154
T_BEINW-1,27,DF,-0.16,-0.32
T_BPGRD-1,27,DF,-28.943,-57.886
T_CNQPS-4,27,DF,-2.205,-4.41
T_COSO-1,27,DF,-0.986,-1.972
T_CREAW-1,27,DF,-0.192,-0.384
T_CRGHD-1,27,DF,-0.003,-0.006
T_CRYRW-3,27,DF,-0.085,-0.17
T_DAMC-1,27,DF,-2.005,-4.01
T_DIDCB6,27,DF,-0.9,-1.8
T_DINO-3,27,DF,-0.65,-1.3
T_DINO-5,27,DF,-0.75,-1.5
T_DNLWW-1,27,DF,-0.099,-0.198
T_DOREW-1,27,DF,-0.322,-0.644
T_DOREW-2,27,DF,-0.244,-0.488
T_DUNGW-1,27,DF,-0.308,-0.616
T_FASN-2,27,DF,-0.001,-0.002
T_FERGD-1,27,DF,-0.484,-0.968
T_FERGD-2,27,DF,-0.924,-1.848
T_FFES-1,27,DF,-0.607,-1.214
T_FFES-2,27,DF,-0.606,-1.212
T_FFES-3,27,DF,-0.01,-0.02
T_FFES-4,27,DF,-0.02,-0.04
T_FOYE-1,27,DF,-0.9500000000000001,-1.9000000000000001
T_FOYE-2,27,DF,-1.0,-2.0
T_FOYED-1,27,DF,-0.462,-0.924
T_GLNDO-1,27,DF,-0.021,-0.042
T_GRAI-6,27,DF,-0.05,-0.1
T_GRAI-7,27,DF,-0.3,-0.6
T_GYMRD-16,27,DF,-0.001,-0.002
T_GYMRD-E11,27,DF,-0.002,-0.004
T_GYMRD-W11,27,DF,-0.005,-0.01
T_HEYM2-D,27,DF,-14.652,-29.304
T_HEYM27,27,DF,-2.2,-4.4
T_HEYM28,27,DF,-7.808,-15.616
T_HOWAO-2,27,DF,-0.012,-0.024
T_HRTL-2,27,DF,-8.232,-16.464
T_HUMRD-1,27,DF,-24.37,-48.74
T_INDQ-1,27,DF,-1.055,-2.11
T_KEAD-1,27,DF,-1.52,-3.04
T_KEAD-2,27,DF,-0.388,-0.776
T_KEADGT-3,27,DF,-0.08,-0.16
T_KTHLW-1,27,DF,-0.014,-0.028
T_LAGA-1,27,DF,-0.6,-1.2
T_LARYW-2,27,DF,-0.005,-0.01
T_LBAR-1G,27,DF,-0.01,-0.02
T_MOWEO-1,27,DF,-0.002,-0.004
T_MOWEO-2,27,DF,-1.103,-2.206
T_MOWEO-3,27,DF,-0.507,-1.014
T_MRWD-1,27,DF,-0.2,-0.4
T_PNYCB-1,27,DF,-0.01,-0.02
T_ROCK-1,27,DF,-1.1,-2.2
T_SCCL-2,27,DF,-2.1,-4.2
T_SCCL-4,27,DF,-24.09,-48.18
T_SEEL-1,27,DF,-0.167,-0.334
T_SGRWO-3,27,DF,-0.727,-1.454
T_SGRWO-4,27,DF,-0.543,-1.086
T_SGRWO-5,27,DF,-0.904,-1.808
T_SHBA-2,27,DF,-0.23900000000000002,-0.47800000000000004
T_STAY-2,27,DF,-0.35000000000000003,-0.7000000000000001
T_SUTB-1,27,DF,-0.5,-1.0
T_SVRP-10,27,DF,-0.3,-0.6
T_SVRP-20,27,DF,-0.2,-0.4
T_TDBNW-1,27,DF,-0.026000000000000002,-0.052000000000000005
T_TORN-2,27,DF,-1.088,-2.176
T_TORN-D,27,DF,-15.692,-31.384
T_TSREP-1,27,DF,-1.7109999999999999,-3.4219999999999997
T_WHILW-2,27,DF,-0.258,-0.516
T_AKGLW-2,28,DF,-0.156,-0.312
T_AKGLW-3,28,DF,-0.148,-0.296
T_BEATO-1,28,DF,-1.215,-2.43
T_BEATO-2,28,DF,-1.198,-2.396
T_BEATO-3,28,DF,-1.573,-3.146
T_BEATO-4,28,DF,-1.601,-3.202
T_BEINW-1,28,DF,-0.162,-0.324
T_BLLA-1,28,DF,-0.256,-0.512
T_BPGRD-1,28,DF,-28.528,-57.056
T_CNQPS-4,28,DF,-2.205,-4.41
T_COSO-1,28,DF,-0.929,-1.858
T_CREAW-1,28,DF,-0.098,-0.196
T_CRGHD-1,28,DF,-0.003,-0.006
T_CRYRW-3,28,DF,-0.08600000000000001,-0.17200000000000001
T_DAMC-1,28,DF,-2.005,-4.01
T_DIDCB6,28,DF,-0.9,-1.8
T_DINO-3,28,DF,-0.7000000000000001,-1.4000000000000001
T_DINO-5,28,DF,-0.7000000000000001,-1.4000000000000001
T_DNLWW-1,28,DF,-0.038,-0.076
T_DOREW-1,28,DF,-0.165,-0.33
T_DOREW-2,28,DF,-0.07100000000000001,-0.14200000000000002
T_DUNGW-1,28,DF,-0.313,-0.626
T_FASN-2,28,DF,-0.001,-0.002
T_FERGD-1,28,DF,-0.464,-0.928
T_FERGD-2,28,DF,-0.796,-1.592
T_FFES-1,28,DF,-0.607,-1.214
T_FFES-2,28,DF,-0.596,-1.192
T_FFES-3,28,DF,-0.02,-0.04
T_FFES-4,28,DF,-0.01,-0.02
T_FOYE-1,28,DF,-0.35000000000000003,-0.7000000000000001
T_FOYE-2,28,DF,-1.1,-2.2
T_FOYED-1,28,DF,-0.613,-1.226
T_GLNDO-1,28,DF,-0.021,-0.042
T_GRAI-6,28,DF,-0.1,-0.2
T_GRAI-7,28,DF,-0.35000000000000003,-0.7000000000000001
T_GYMRD-16,28,DF,-0.001,-0.002
T_GYMRD-E11,28,DF,-0.002,-0.004
T_GYMRD-W11,28,DF,-0.005,-0.01
T_HEYM2-D,28,DF,-14.66,-29.32
T_HEYM27,28,DF,-2.212,-4.424
T_HEYM28,28,DF,-7.8,-15.6
T_HOWAO-2,28,DF,-0.012,-0.024
T_HRTL-2,28,DF,-8.2,-16.4
T_HUMRD-1,28,DF,-24.24,-48.48
T_INDQ-1,28,DF,-1.055,-2.11
T_KEAD-1,28,DF,-1.47,-2.94
T_KEAD-2,28,DF,-0.387,-0.774
T_KEADGT-3,28,DF,-0.08,-0.16
T_KTHLW-1,28,DF,-0.02,-0.04
T_LAGA-1,28,DF,-0.5,-1.0
T_LARYW-2,28,DF,-0.005,-0.01
T_LBAR-1G,28,DF,-0.01,-0.02
T_MOWEO-1,28,DF,-0.002,-0.004
T_MOWEO-2,28,DF,-1.133,-2.266
T_MOWEO-3,28,DF,-0.505,-1.01
T_MRWD-1,28,DF,-0.3,-0.6
T_PNYCB-1,28,DF,-0.01,-0.02
T_ROCK-1,28,DF,-1.1,-2.2
T_SCCL-2,28,DF,-2.05,-4.1
T_SCCL-4,28,DF,-24.2,-48.4
T_SEEL-1,28,DF,-0.168,-0.336
T_SGRWO-3,28,DF,-0.733,-1.466
T_SGRWO-4,28,DF,-0.542,-1.084
T_SGRWO-5,28,DF,-0.895,-1.79
T_SHBA-2,28,DF,-0.242,-0.484
T_STAY-2,28,DF,-0.4,-0.8
T_SUTB-1,28,DF,-0.4,-0.8
T_SVRP-10,28,DF,-0.3,-0.6
T_SVRP-20,28,DF,-0.2,-0.4
T_TORN-2,28,DF,-1.092,-2.184
T_TORN-D,28,DF,-15.672,-31.344
T_TSREP-1,28,DF,-1.7000000000000002,-3.4000000000000004
T_AKGLW-2,29,DF,-0.151,-0.302
T_AKGLW-3,29,DF,-0.14400000000000002,-0.28800000000000003
T_BEATO-1,29,DF,-1.233,-2.466
T_BEATO-2,29,DF,-1.205,-2.41
T_BEATO-3,29,DF,-1.5750000000000002,-3.1500000000000004
T_BEATO-4,29,DF,-1.609,-3.218
T_BEINW-1,29,DF,-0.166,-0.332
T_BLLA-1,29,DF,-0.218,-0.436
T_BLLA-2,29,DF,-0.136,-0.272
T_BPGRD-1,29,DF,-28.137,-56.274
T_CGTHW-1,29,DF,-0.042,-0.084
T_CNQPS-4,29,DF,-2.205,-4.41
T_COSO-1,29,DF,-1.026,-2.052
T_CRGHD-1,29,DF,-0.003,-0.006
T_CRYRW-3,29,DF,-0.089,-0.178
T_DAMC-1,29,DF,-2.005,-4.01
T_DIDCB6,29,DF,-0.9500000000000001,-1.9000000000000001
T_DINO-3,29,DF,-0.65,-1.3
T_DINO-5,29,DF,-0.75,-1.5
T_DNLWW-1,29,DF,-0.084,-0.168
T_DUNGW-1,29,DF,-0.281,-0.562
T_FASN-2,29,DF,-0.001,-0.002
T_FERGD-1,29,DF,-0.491,-0.982
T_FERGD-2,29,DF,-0.865,-1.73
T_FFES-1,29,DF,-0.607,-1.214
T_FFES-2,29,DF,-0.606,-1.212
T_FFES-3,29,DF,-0.01,-0.02
T_FFES-4,29,DF,-0.02,-0.04
T_FOYE-2,29,DF,-77.35,-154.7
T_FOYED-1,29,DF,-0.338,-0.676
T_GLNDO-1,29,DF,-0.021,-0.042
T_GRAI-6,29,DF,-0.1,-0.2
T_GRAI-7,29,DF,-0.3,-0.6
T_GYMRD-16,29,DF,-0.001,-0.002
T_GYMRD-E11,29,DF,-0.002,-0.004
T_GYMRD-W11,29,DF,-0.005,-0.01
T_HEYM2-D,29,DF,-14.644,-29.288
T_HEYM27,29,DF,-2.228,-4.456
T_HEYM28,29,DF,-7.804,-15.608
T_HOWAO-2,29,DF,-0.012,-0.024
T_HRTL-2,29,DF,-8.104,-16.208
T_HUMRD-1,29,DF,-24.48,-48.96
T_INDQ-1,29,DF,-1.045,-2.09
T_KEAD-1,29,DF,-1.52,-3.04
T_KEAD-2,29,DF,-0.387,-0.774
T_KEADGT-3,29,DF,-0.08,-0.16
T_KTHLW-1,29,DF,-0.017,-0.034
T_LAGA-1,29,DF,-0.5,-1.0
T_LBAR-1G,29,DF,-0.01,-0.02
T_MOWEO-1,29,DF,-0.002,-0.004
T_MOWEO-2,29,DF,-1.112,-2.224
T_MOWEO-3,29,DF,-0.521,-1.042
T_MRWD-1,29,DF,-0.3,-0.6
T_PNYCB-1,29,DF,-0.015,-0.03
T_ROCK-1,29,DF,-1.1,-2.2
T_SCCL-2,29,DF,-2.05,-4.1
T_SCCL-4,29,DF,-24.11,-48.22
T_SEEL-1,29,DF,-0.167,-0.334
T_SGRWO-3,29,DF,-0.725,-1.45
T_SGRWO-4,29,DF,-0.54,-1.08
T_SGRWO-5,29,DF,-0.89,-1.78
T_SHBA-2,29,DF,-0.242,-0.484
T_STAY-2,29,DF,-0.4,-0.8
T_SUTB-1,29,DF,-0.5,-1.0
T_SVRP-10,29,DF,-0.3,-0.6
T_SVRP-20,29,DF,-0.2,-0.4
T_TORN-2,29,DF,-1.096,-2.192
T_TORN-D,29,DF,-15.676,-31.352
T_TSREP-1,29,DF,-1.716,-3.432
T_WBURB-41,29,DF,-0.025,-0.05
T_WBURB-43,29,DF,-0.044,-0.088
T_AKGLW-2,30,DF,-0.026000000000000002,-0.052000000000000005
T_AKGLW-3,30,DF,-0.034,-0.068
T_BEATO-1,30,DF,-1.235,-2.47
T_BEATO-2,30,DF,-1.211,-2.422
T_BEATO-3,30,DF,-1.597,-3.194
T_BEATO-4,30,DF,-1.611,-3.222
T_BEINW-1,30,DF,-0.063,-0.126
T_BPGRD-1,30,DF,-28.102,-56.204
T_CGTHW-1,30,DF,-0.065,-0.13
T_CNQPS-4,30,DF,-2.268,-4.536
T_COSO-1,30,DF,-1.015,-2.03
T_CREAW-1,30,DF,-0.024,-0.048
T_CRGHD-1,30,DF,-0.003,-0.006
T_CRYRW-3,30,DF,-0.09,-0.18
T_DAMC-1,30,DF,-2.0,-4.0
T_DIDCB6,30,DF,-1.0,-2.0
T_DINO-3,30,DF,-0.7000000000000001,-1.4000000000000001
T_DINO-5,30,DF,-0.7000000000000001,-1.4000000000000001
T_DNLWW-1,30,DF,-0.013000000000000001,-0.026000000000000002
T_DUNGW-1,30,DF,-0.022,-0.044
T_FASN-2,30,DF,-0.001,-0.002
T_FERGD-1,30,DF,-0.34700000000000003,-0.6940000000000001
T_FERGD-2,30,DF,-0.864,-1.728
T_FFES-2,30,DF,-0.606,-1.212
T_FFES-3,30,DF,-0.02,-0.04
T_FFES-4,30,DF,-0.01,-0.02
T_FOYE-2,30,DF,-77.4,-154.8
T_FOYED-1,30,DF,-0.332,-0.664
T_GLNDO-1,30,DF,-0.021,-0.042
T_GRAI-6,30,DF,-0.1,-0.2
T_GRAI-7,30,DF,-0.35000000000000003,-0.7000000000000001
T_GYMRD-16,30,DF,-0.001,-0.002
T_GYMRD-E11,30,DF,-0.002,-0.004
T_GYMRD-W11,30,DF,-0.005,-0.01
T_HEYM2-D,30,DF,-14.612,-29.224
T_HEYM27,30,DF,-2.224,-4.448
T_HEYM28,30,DF,-7.796,-15.592
T_HOWAO-2,30,DF,-0.012,-0.024
T_HRTL-2,30,DF,-8.016,-16.032
T_HUMRD-1,30,DF,-24.52,-49.04
T_INDQ-1,30,DF,-1.04,-2.08
T_KEAD-1,30,DF,-1.47,-2.94
T_KEAD-2,30,DF,-0.389,-0.778
T_KEADGT-3,30,DF,-0.08,-0.16
T_LAGA-1,30,DF,-0.5,-1.0
T_LBAR-1G,30,DF,-0.01,-0.02
T_MOWEO-1,30,DF,-0.002,-0.004
T_MOWEO-2,30,DF,-1.195,-2.39
T_MOWEO-3,30,DF,-0.53,-1.06
T_MRWD-1,30,DF,-0.3,-0.6
T_PNYCB-1,30,DF,-0.01,-0.02
T_ROCK-1,30,DF,-1.1,-2.2
T_SCCL-2,30,DF,-2.05,-4.1
T_SCCL-4,30,DF,-24.13,-48.26
T_SEEL-1,30,DF,-0.185,-0.37
T_SGRWO-3,30,DF,-0.717,-1.434
T_SGRWO-4,30,DF,-0.54,-1.08
T_SGRWO-5,30,DF,-0.893,-1.786
T_SHBA-2,30,DF,-0.242,-0.484
T_SHRSW-2,30,DF,-0.385,-0.77
T_STAY-2,30,DF,-0.4,-0.8
T_SUTB-1,30,DF,-0.4,-0.8
T_SVRP-10,30,DF,-0.25,-0.5
T_SVRP-20,30,DF,-0.2,-0.4
T_TDBNW-1,30,DF,-0.057,-0.114
T_TORN-2,30,DF,-1.084,-2.168
T_TORN-D,30,DF,-15.588,-31.176
T_TSREP-1,30,DF,-1.911,-3.822
T_WBURB-41,30,DF,-0.147,-0.294
T_BEATO-1,31,DF,-1.206,-2.412
T_BEATO-2,31,DF,-1.113,-2.226
T_BEATO-3,31,DF,-1.569,-3.138
T_BEATO-4,31,DF,-1.57,-3.14
T_BPGRD-1,31,DF,-27.953,-55.906
T_CNQPS-4,31,DF,-2.205,-4.41
T_COSO-1,31,DF,-0.9490000000000001,-1.8980000000000001
T_CRGHD-1,31,DF,-0.003,-0.006
T_CRYRW-3,31,DF,-0.064,-0.128
T_DAMC-1,31,DF,-2.0,-4.0
T_DDGNO-2,31,DF,-0.024,-0.048
T_DIDCB6,31,DF,-0.9500000000000001,-1.9000000000000001
T_DINO-3,31,DF,-0.65,-1.3
T_DINO-5,31,DF,-0.75,-1.5
T_DNLWW-1,31,DF,-0.076,-0.152
T_FASN-2,31,DF,-0.001,-0.002
T_FERGD-1,31,DF,-0.34,-0.68
T_FERGD-2,31,DF,-0.894,-1.788
T_FFES-3,31,DF,-0.01,-0.02
T_FFES-4,31,DF,-0.02,-0.04
T_FOYE-2,31,DF,-77.25,-154.5
T_FOYED-1,31,DF,-0.333,-0.666
T_GLNDO-1,31,DF,-0.021,-0.042
T_GRAI-6,31,DF,-0.1,-0.2
T_GRAI-7,31,DF,-0.65,-1.3
T_GYMRD-16,31,DF,-0.001,-0.002
T_GYMRD-E11,31,DF,-0.002,-0.004
T_GYMRD-W11,31,DF,-0.006,-0.012
T_HEYM2-D,31,DF,-14.588,-29.176
T_HEYM27,31,DF,-2.24,-4.48
T_HEYM28,31,DF,-7.78,-15.56
T_HOWAO-2,31,DF,-0.014,-0.028
T_HRTL-2,31,DF,-8.196,-16.392
T_HUMRD-1,31,DF,-24.48,-48.96
T_INDQ-1,31,DF,-1.04,-2.08
T_KEAD-1,31,DF,-1.47,-2.94
T_KEAD-2,31,DF,-0.388,-0.776
T_KEADGT-3,31,DF,-0.08,-0.16
T_LAGA-1,31,DF,-0.5,-1.0
T_LARYW-2,31,DF,-0.001,-0.002
T_LBAR-1G,31,DF,-0.01,-0.02
T_MOWEO-1,31,DF,-0.002,-0.004
T_MOWEO-2,31,DF,-1.249,-2.498
T_MOWEO-3,31,DF,-0.5650000000000001,-1.1300000000000001
T_MRWD-1,31,DF,-0.3,-0.6
T_PNYCB-1,31,DF,-0.01,-0.02
T_ROCK-1,31,DF,-1.1,-2.2
T_SAKNW-1,31,DF,-0.013000000000000001,-0.026000000000000002
T_SCCL-2,31,DF,-2.05,-4.1
T_SCCL-4,31,DF,-24.14,-48.28
T_SEEL-1,31,DF,-0.169,-0.338
T_SGRWO-3,31,DF,-0.713,-1.426
T_SGRWO-4,31,DF,-0.541,-1.082
T_SGRWO-5,31,DF,-0.897,-1.794
T_SHBA-2,31,DF,-0.24,-0.48
T_SHRSW-2,31,DF,-0.426,-0.852
T_STAY-2,31,DF,-0.35000000000000003,-0.7000000000000001
T_SUTB-1,31,DF,-0.4,-0.8
T_SVRP-10,31,DF,-0.3,-0.6
T_SVRP-20,31,DF,-0.2,-0.4
T_TORN-2,31,DF,-1.088,-2.176
T_TORN-D,31,DF,-15.572,-31.144
T_TSREP-1,31,DF,-2.826,-5.652
T_WBURB-41,31,DF,-0.042,-0.084
T_BEATO-1,32,DF,-0.927,-1.854
T_BEATO-2,32,DF,-0.8260000000000001,-1.6520000000000001
T_BEATO-3,32,DF,-1.208,-2.416
T_BEATO-4,32,DF,-1.046,-2.092
T_BPGRD-1,32,DF,-28.021,-56.042
T_CNQPS-4,32,DF,-2.205,-4.41
T_COSO-1,32,DF,-1.023,-2.046
T_CRGHD-1,32,DF,-0.003,-0.006
T_CRYRW-3,32,DF,-0.06,-0.12
T_DAMC-1,32,DF,-1.995,-3.99
T_DIDCB6,32,DF,-1.0,-2.0
T_DINO-3,32,DF,-0.7000000000000001,-1.4000000000000001
T_DINO-5,32,DF,-0.75,-1.5
T_DNLWW-1,32,DF,-0.095,-0.19
T_FASN-2,32,DF,-0.001,-0.002
T_FERGD-1,32,DF,-0.41100000000000003,-0.8220000000000001
T_FERGD-2,32,DF,-0.777,-1.554
T_FFES-3,32,DF,-0.02,-0.04
T_FFES-4,32,DF,-0.01,-0.02
T_FOYE-2,32,DF,-77.65,-155.3
T_FOYED-1,32,DF,-0.338,-0.676
T_GLNDO-1,32,DF,-0.021,-0.042
T_GRAI-6,32,DF,-0.05,-0.1
T_GRAI-7,32,DF,-1.05,-2.1
T_GYMRD-16,32,DF,-0.001,-0.002
T_GYMRD-E11,32,DF,-0.002,-0.004
T_GYMRD-W11,32,DF,-0.006,-0.012
T_HEYM2-D,32,DF,-14.668,-29.336
T_HEYM27,32,DF,-2.208,-4.416
T_HEYM28,32,DF,-7.824,-15.648
T_HOWAO-2,32,DF,-0.6990000000000001,-1.3980000000000001
T_HRTL-2,32,DF,-8.524000000000001,-17.048000000000002
T_HUMRD-1,32,DF,-24.75,-49.5
T_INDQ-1,32,DF,-1.05,-2.1
T_KEAD-1,32,DF,-1.47,-2.94
T_KEAD-2,32,DF,-0.437,-0.874
T_KEADGT-3,32,DF,-0.08,-0.16
T_KTHLW-1,32,DF,-0.009000000000000001,-0.018000000000000002
T_LAGA-1,32,DF,-0.5,-1.0
T_LARYW-2,32,DF,-0.002,-0.004
T_MOWEO-1,32,DF,-0.002,-0.004
T_MOWEO-2,32,DF,-1.196,-2.392
T_MOWEO-3,32,DF,-0.5750000000000001,-1.1500000000000001
T_MRWD-1,32,DF,-0.3,-0.6
T_PNYCB-1,32,DF,-0.01,-0.02
T_ROCK-1,32,DF,-1.1,-2.2
T_SAKNW-1,32,DF,-0.28300000000000003,-0.5660000000000001
T_SCCL-2,32,DF,-2.05,-4.1
T_SCCL-4,32,DF,-24.37,-48.74
T_SEEL-1,32,DF,-0.323,-0.646
T_SGRWO-3,32,DF,-0.714,-1.428
T_SGRWO-4,32,DF,-0.54,-1.08
T_SGRWO-5,32,DF,-0.889,-1.778
T_SHBA-2,32,DF,-0.241,-0.482
T_STAY-2,32,DF,-0.35000000000000003,-0.7000000000000001
T_SUTB-1,32,DF,-0.5,-1.0
T_SVRP-10,32,DF,-0.3,-0.6
T_SVRP-20,32,DF,-0.2,-0.4
T_TORN-2,32,DF,-1.072,-2.144
T_TORN-D,32,DF,-15.624,-31.248
T_TSREP-1,32,DF,-3.186,-6.372
T_WBURB-41,32,DF,-0.164,-0.328
T_WBURB-43,32,DF,-0.705,-1.41
T_BEATO-3,33,DF,-0.029,-0.058
T_BPGRD-1,33,DF,-28.066,-56.132
T_CNQPS-4,33,DF,-2.205,-4.41
T_COSO-1,33,DF,-1.028,-2.056
T_CRGHD-1,33,DF,-0.003,-0.006
T_DAMC-1,33,DF,-1.98,-3.96
T_DIDCB6,33,DF,-1.5,-3.0
T_DINO-3,33,DF,-0.65,-1.3
T_DINO-5,33,DF,-0.7000000000000001,-1.4000000000000001
T_FASN-2,33,DF,-0.001,-0.002
T_FERGD-1,33,DF,-0.41000000000000003,-0.8200000000000001
T_FERGD-2,33,DF,-0.704,-1.408
T_FFES-2,33,DF,-0.606,-1.212
T_FFES-3,33,DF,-0.01,-0.02
T_FFES-4,33,DF,-0.02,-0.04
T_FOYE-2,33,DF,-0.25,-0.5
T_FOYED-1,33,DF,-0.081,-0.162
T_GLNDO-1,33,DF,-0.021,-0.042
T_GRAI-6,33,DF,-0.1,-0.2
T_GRAI-7,33,DF,-1.1,-2.2
T_GYMRD-16,33,DF,-0.001,-0.002
T_GYMRD-E11,33,DF,-0.002,-0.004
T_GYMRD-W11,33,DF,-0.006,-0.012
T_HEYM2-D,33,DF,-14.712,-29.424
T_HEYM27,33,DF,-2.172,-4.344
T_HEYM28,33,DF,-7.828,-15.656
T_HMGTO-1,33,DF,-0.332,-0.664
T_HMGTO-2,33,DF,-0.024,-0.048
T_HOWAO-2,33,DF,-0.802,-1.604
T_HRTL-2,33,DF,-8.364,-16.728
T_HUMRD-1,33,DF,-24.65,-49.3
T_INDQ-1,33,DF,-1.05,-2.1
T_KEAD-1,33,DF,-1.42,-2.84
T_KEAD-2,33,DF,-0.452,-0.904
T_KEADGT-3,33,DF,-0.08,-0.16
T_KTHLW-1,33,DF,-0.001,-0.002
T_LAGA-1,33,DF,-0.5,-1.0
T_LARYW-2,33,DF,-0.001,-0.002
T_LBAR-1G,33,DF,-0.02,-0.04
T_MOWEO-1,33,DF,-0.002,-0.004
T_MOWEO-3,33,DF,-0.313,-0.626
T_MRWD-1,33,DF,-0.3,-0.6
T_PNYCB-1,33,DF,-0.015,-0.03
T_ROCK-1,33,DF,-1.1,-2.2
T_SAKNW-1,33,DF,-0.379,-0.758
T_SCCL-2,33,DF,-2.05,-4.1
T_SCCL-4,33,DF,-24.23,-48.46
T_SEEL-1,33,DF,-0.166,-0.332
T_SGRWO-3,33,DF,-0.713,-1.426
T_SGRWO-4,33,DF,-0.541,-1.082
T_SGRWO-5,33,DF,-0.889,-1.778
T_SHBA-2,33,DF,-0.241,-0.482
T_STAY-2,33,DF,-1.55,-3.1
T_SUTB-1,33,DF,-0.4,-0.8
T_SVRP-10,33,DF,-0.25,-0.5
T_SVRP-20,33,DF,-0.2,-0.4
T_TORN-2,33,DF,-1.084,-2.168
T_TORN-D,33,DF,-15.6,-31.2
T_TSREP-1,33,DF,-3.4859999999999998,-6.9719999999999995
T_WBURB-41,33,DF,-0.151,-0.302
T_BEINW-1,34,DF,-0.1,-0.2
T_BPGRD-1,34,DF,-28.393,-56.786
T_CNQPS-4,34,DF,-2.205,-4.41
T_COSO-1,34,DF,-0.994,-1.988
T_CRGHD-1,34,DF,-0.003,-0.006
T_DAMC-1,34,DF,-1.96,-3.92
T_DIDCB6,34,DF,-2.05,-4.1
T_DINO-3,34,DF,-0.65,-1.3
T_DINO-5,34,DF,-0.8,-1.6
T_FASN-2,34,DF,-0.001,-0.002
T_FERGD-1,34,DF,-0.274,-0.548
T_FERGD-2,34,DF,-0.836,-1.672
T_FFES-1,34,DF,-0.606,-1.212
T_FFES-2,34,DF,-0.606,-1.212
T_FFES-3,34,DF,-0.02,-0.04
T_FFES-4,34,DF,-0.01,-0.02
T_FOYED-1,34,DF,-0.066,-0.132
T_GLNDO-1,34,DF,-0.021,-0.042
T_GRAI-6,34,DF,-0.1,-0.2
T_GRAI-7,34,DF,-1.1,-2.2
T_GYMRD-16,34,DF,-0.001,-0.002
T_GYMRD-E11,34,DF,-0.002,-0.004
T_GYMRD-W11,34,DF,-0.006,-0.012
T_HEYM2-D,34,DF,-14.692,-29.384
T_HEYM27,34,DF,-2.176,-4.352
T_HEYM28,34,DF,-7.832,-15.664
T_HOWAO-2,34,DF,-0.23700000000000002,-0.47400000000000003
T_HRTL-2,34,DF,-7.964,-15.928
T_HUMRD-1,34,DF,-24.66,-49.32
T_INDQ-1,34,DF,-1.05,-2.1
T_KEAD-1,34,DF,-1.5150000000000001,-3.0300000000000002
T_KEAD-2,34,DF,-0.45,-0.9
T_KEADGT-3,34,DF,-0.085,-0.17
T_LAGA-1,34,DF,-0.5,-1.0
T_LBAR-1G,34,DF,-0.01,-0.02
T_MOWEO-1,34,DF,-0.002,-0.004
T_MRWD-1,34,DF,-0.3,-0.6
T_PNYCB-1,34,DF,-0.01,-0.02
T_ROCK-1,34,DF,-1.2,-2.4
T_SAKNW-1,34,DF,-0.356,-0.712
T_SCCL-2,34,DF,-2.05,-4.1
T_SCCL-4,34,DF,-23.48,-46.96
T_SEEL-1,34,DF,-0.167,-0.334
T_SGRWO-3,34,DF,-0.712,-1.424
T_SGRWO-4,34,DF,-0.543,-1.086
T_SGRWO-5,34,DF,-0.892,-1.784
T_SGRWO-6,34,DF,-0.212,-0.424
T_SHBA-2,34,DF,-0.241,-0.482
T_STAY-2,34,DF,-2.7,-5.4
T_SUTB-1,34,DF,-0.3,-0.6
T_SVRP-10,34,DF,-0.3,-0.6
T_SVRP-20,34,DF,-0.15,-0.3
T_TORN-2,34,DF,-1.072,-2.144
T_TORN-D,34,DF,-15.54,-31.08
T_TSREP-1,34,DF,-3.591,-7.182
T_WBURB-41,34,DF,-0.151,-0.302
T_WBURB-43,34,DF,-0.352,-0.704
T_BPGRD-1,35,DF,-28.535,-57.07
T_CNQPS-4,35,DF,-2.268,-4.536
T_COSO-1,35,DF,-0.98,-1.96
T_CRGHD-1,35,DF,-0.002,-0.004
T_DAMC-1,35,DF,-1.9649999999999999,-3.9299999999999997
T_DIDCB6,35,DF,-2.05,-4.1
T_DINO-3,35,DF,-0.65,-1.3
T_DINO-5,35,DF,-0.7000000000000001,-1.4000000000000001
T_FASN-2,35,DF,-0.001,-0.002
T_FERGD-1,35,DF,-0.309,-0.618
T_FERGD-2,35,DF,-0.91,-1.82
T_FFES-1,35,DF,-0.606,-1.212
T_FFES-2,35,DF,-0.596,-1.192
T_FFES-3,35,DF,-0.01,-0.02
T_FFES-4,35,DF,-0.02,-0.04
T_FOYED-1,35,DF,-0.067,-0.134
T_GLNDO-1,35,DF,-0.021,-0.042
T_GRAI-6,35,DF,-0.1,-0.2
T_GRAI-7,35,DF,-1.05,-2.1
T_GYMRD-16,35,DF,-0.001,-0.002
T_GYMRD-E11,35,DF,-0.002,-0.004
T_GYMRD-W11,35,DF,-0.005,-0.01
T_HEYM2-D,35,DF,-14.644,-29.288
T_HEYM27,35,DF,-2.188,-4.376
T_HEYM28,35,DF,-7.812,-15.624
T_HRTL-2,35,DF,-7.9719999999999995,-15.943999999999999
T_HUMRD-1,35,DF,-24.6,-49.2
T_INDQ-1,35,DF,-1.045,-2.09
T_KEAD-1,35,DF,-1.47,-2.94
T_KEAD-2,35,DF,-0.45,-0.9
T_KEADGT-3,35,DF,-0.08,-0.16
T_LAGA-1,35,DF,-0.5,-1.0
T_LBAR-1G,35,DF,-0.01,-0.02
T_MOWEO-1,35,DF,-0.002,-0.004
T_MRWD-1,35,DF,-0.2,-0.4
T_PNYCB-1,35,DF,-0.01,-0.02
T_ROCK-1,35,DF,-1.1,-2.2
T_SAKNW-1,35,DF,-0.363,-0.726
T_SCCL-2,35,DF,-2.05,-4.1
T_SCCL-4,35,DF,-23.65,-47.3
T_SEEL-1,35,DF,-0.167,-0.334
T_SGRWO-3,35,DF,-0.71,-1.42
T_SGRWO-4,35,DF,-0.544,-1.088
T_SGRWO-5,35,DF,-0.887,-1.774
T_SGRWO-6,35,DF,-0.538,-1.076
T_SHBA-2,35,DF,-0.242,-0.484
T_SUTB-1,35,DF,-0.5,-1.0
T_SVRP-10,35,DF,-0.25,-0.5
T_SVRP-20,35,DF,-0.2,-0.4
T_TORN-2,35,DF,-1.088,-2.176
T_TORN-D,35,DF,-15.484,-30.968
T_TSREP-1,35,DF,-3.615,-7.23
T_WBURB-41,35,DF,-0.08600000000000001,-0.17200000000000001
T_WBURB-43,35,DF,-0.089,-0.178
T_BPGRD-1,36,DF,-28.63,-57.26
T_CNQPS-4,36,DF,-2.205,-4.41
T_COSO-1,36,DF,-1.034,-2.068
T_CRGHD-1,36,DF,-0.002,-0.004
T_DAMC-1,36,DF,-1.98,-3.96
T_DIDCB6,36,DF,-2.15,-4.3
T_DINO-3,36,DF,-0.65,-1.3
T_DINO-5,36,DF,-0.75,-1.5
T_FASN-2,36,DF,-0.001,-0.002
T_FERGD-1,36,DF,-0.511,-1.022
T_FERGD-2,36,DF,-0.8200000000000001,-1.6400000000000001
T_FFES-1,36,DF,-0.606,-1.212
T_FFES-2,36,DF,-0.605,-1.21
T_FFES-3,36,DF,-0.02,-0.04
T_FFES-4,36,DF,-0.01,-0.02
T_FOYED-1,36,DF,-0.077,-0.154
T_GLNDO-1,36,DF,-0.021,-0.042
T_GRAI-6,36,DF,-0.1,-0.2
T_GRAI-7,36,DF,-1.1,-2.2
T_GYMRD-16,36,DF,-0.001,-0.002
T_GYMRD-E11,36,DF,-0.002,-0.004
T_GYMRD-W11,36,DF,-0.006,-0.012
T_HEYM2-D,36,DF,-14.708,-29.416
T_HEYM27,36,DF,-2.208,-4.416
T_HEYM28,36,DF,-7.852,-15.704
T_HRTL-2,36,DF,-8.064,-16.128
T_HUMRD-1,36,DF,-24.63,-49.26
T_INDQ-1,36,DF,-1.05,-2.1
T_KEAD-1,36,DF,-1.47,-2.94
T_KEAD-2,36,DF,-0.448,-0.896
T_KEADGT-3,36,DF,-0.08,-0.16
T_LAGA-1,36,DF,-0.4,-0.8
T_LBAR-1G,36,DF,-0.01,-0.02
T_MOWEO-1,36,DF,-0.002,-0.004
T_MRWD-1,36,DF,-0.3,-0.6
T_PNYCB-1,36,DF,-0.01,-0.02
T_ROCK-1,36,DF,-1.1,-2.2
T_SAKNW-1,36,DF,-0.364,-0.728
T_SCCL-2,36,DF,-2.15,-4.3
T_SCCL-4,36,DF,-23.94,-47.88
T_SEEL-1,36,DF,-0.167,-0.334
T_SGRWO-3,36,DF,-0.713,-1.426
T_SGRWO-4,36,DF,-0.549,-1.098
T_SGRWO-5,36,DF,-0.893,-1.786
T_SGRWO-6,36,DF,-1.343,-2.686
T_SHBA-2,36,DF,-0.24,-0.48
T_SUTB-1,36,DF,-0.4,-0.8
T_SVRP-10,36,DF,-0.3,-0.6
T_SVRP-20,36,DF,-0.2,-0.4
T_TORN-2,36,DF,-1.08,-2.16
T_TORN-D,36,DF,-15.572,-31.144
T_TSREP-1,36,DF,-3.621,-7.242
T_WBURB-41,36,DF,-0.34800000000000003,-0.6960000000000001
T_WBURB-43,36,DF,-0.54,-1.08
T_BHLAW-1,37,DF,-0.088,-0.176
T_BPGRD-1,37,DF,-28.345,-56.69
T_CNQPS-4,37,DF,-2.205,-4.41
T_COSO-1,37,DF,-0.978,-1.956
T_CRGHD-1,37,DF,-0.002,-0.004
T_DAMC-1,37,DF,-1.9649999999999999,-3.9299999999999997
T_DIDCB6,37,DF,-2.15,-4.3
T_DINO-3,37,DF,-0.65,-1.3
T_DINO-5,37,DF,-0.75,-1.5
T_FASN-2,37,DF,-0.001,-0.002
T_FERGD-1,37,DF,-0.539,-1.078
T_FERGD-2,37,DF,-0.62,-1.24
T_FFES-1,37,DF,-0.607,-1.214
T_FFES-2,37,DF,-0.606,-1.212
T_FFES-3,37,DF,-0.01,-0.02
T_FOYED-1,37,DF,-0.075,-0.15
T_GLNDO-1,37,DF,-0.021,-0.042
T_GRAI-6,37,DF,-0.05,-0.1
T_GRAI-7,37,DF,-1.05,-2.1
T_GYMRD-16,37,DF,-0.001,-0.002
T_GYMRD-E11,37,DF,-0.002,-0.004
T_GYMRD-W11,37,DF,-0.005,-0.01
T_HEYM2-D,37,DF,-14.688,-29.376
T_HEYM27,37,DF,-2.184,-4.368
T_HEYM28,37,DF,-7.824,-15.648
T_HRTL-2,37,DF,-8.016,-16.032
T_HUMRD-1,37,DF,-24.47,-48.94
T_INDQ-1,37,DF,-1.045,-2.09
T_KEAD-1,37,DF,-1.37,-2.74
T_KEAD-2,37,DF,-0.363,-0.726
T_KEADGT-3,37,DF,-0.08,-0.16
T_LAGA-1,37,DF,-0.4,-0.8
T_MOWEO-1,37,DF,-0.002,-0.004
T_MRWD-1,37,DF,-0.3,-0.6
T_PNYCB-1,37,DF,-0.015,-0.03
T_ROCK-1,37,DF,-1.1,-2.2
T_SAKNW-1,37,DF,-0.357,-0.714
T_SCCL-2,37,DF,-2.1,-4.2
T_SCCL-4,37,DF,-23.95,-47.9
T_SEEL-1,37,DF,-0.167,-0.334
T_SGRWO-3,37,DF,-0.714,-1.428
T_SGRWO-4,37,DF,-0.547,-1.094
T_SGRWO-5,37,DF,-0.894,-1.788
T_SGRWO-6,37,DF,-1.476,-2.952
T_SHBA-2,37,DF,-0.241,-0.482
T_SUTB-1,37,DF,-0.4,-0.8
T_SVRP-10,37,DF,-0.3,-0.6
T_SVRP-20,37,DF,-0.2,-0.4
T_TORN-2,37,DF,-1.076,-2.152
T_TORN-D,37,DF,-15.568,-31.136
T_TSREP-1,37,DF,-3.746,-7.492
T_WBURB-41,37,DF,-0.28400000000000003,-0.5680000000000001
T_WBURB-43,37,DF,-0.644,-1.288
T_BEINW-1,38,DF,-0.065,-0.13
T_BPGRD-1,38,DF,-28.038,-56.076
T_CNQPS-4,38,DF,-2.205,-4.41
T_COSO-1,38,DF,-0.971,-1.942
T_CRGHD-1,38,DF,-0.002,-0.004
T_DAMC-1,38,DF,-1.955,-3.91
T_DIDCB6,38,DF,-2.35,-4.7
T_DINO-3,38,DF,-0.65,-1.3
T_DINO-5,38,DF,-0.7000000000000001,-1.4000000000000001
T_FASN-2,38,DF,-0.001,-0.002
T_FERGD-1,38,DF,-0.47000000000000003,-0.9400000000000001
T_FERGD-2,38,DF,-0.733,-1.466
T_FFES-1,38,DF,-0.607,-1.214
T_FFES-2,38,DF,-0.607,-1.214
T_FFES-3,38,DF,-0.02,-0.04
T_FOYED-1,38,DF,-0.303,-0.606
T_GLNDO-1,38,DF,-0.021,-0.042
T_GRAI-6,38,DF,-0.1,-0.2
T_GRAI-7,38,DF,-1.1,-2.2
T_GYMRD-16,38,DF,-0.001,-0.002
T_GYMRD-E11,38,DF,-0.002,-0.004
T_GYMRD-W11,38,DF,-0.006,-0.012
T_HEYM2-D,38,DF,-14.64,-29.28
T_HEYM27,38,DF,-2.176,-4.352
T_HEYM28,38,DF,-7.784,-15.568
T_HRTL-2,38,DF,-7.94,-15.88
T_HUMRD-1,38,DF,-24.2,-48.4
T_INDQ-1,38,DF,-1.045,-2.09
T_KEAD-1,38,DF,-1.42,-2.84
T_KEAD-2,38,DF,-0.334,-0.668
T_KEADGT-3,38,DF,-0.08,-0.16
T_LAGA-1,38,DF,-0.4,-0.8
T_LBAR-1G,38,DF,-0.01,-0.02
T_MOWEO-1,38,DF,-0.002,-0.004
T_MRWD-1,38,DF,-0.3,-0.6
T_PNYCB-1,38,DF,-0.01,-0.02
T_ROCK-1,38,DF,-1.1,-2.2
T_SAKNW-1,38,DF,-0.35100000000000003,-0.7020000000000001
T_SCCL-2,38,DF,-2.1,-4.2
T_SCCL-4,38,DF,-23.95,-47.9
T_SEEL-1,38,DF,-0.184,-0.368
T_SGRWO-3,38,DF,-0.712,-1.424
T_SGRWO-4,38,DF,-0.547,-1.094
T_SGRWO-5,38,DF,-0.892,-1.784
T_SGRWO-6,38,DF,-1.488,-2.976
T_SHBA-2,38,DF,-0.243,-0.486
T_SUTB-1,38,DF,-0.5,-1.0
T_SVRP-10,38,DF,-0.25,-0.5
T_SVRP-20,38,DF,-0.2,-0.4
T_TORN-2,38,DF,-1.076,-2.152
T_TORN-D,38,DF,-15.432,-30.864
T_TSREP-1,38,DF,-3.8810000000000002,-7.7620000000000005
T_WBURB-41,38,DF,-0.036000000000000004,-0.07200000000000001
T_BPGRD-1,39,DF,-28.254,-56.508
T_CNQPS-4,39,DF,-2.205,-4.41
T_COSO-1,39,DF,-0.9560000000000001,-1.9120000000000001
T_CRGHD-1,39,DF,-0.002,-0.004
T_DAMC-1,39,DF,-1.9500000000000002,-3.9000000000000004
T_DIDCB6,39,DF,-2.65,-5.3
T_DINO-3,39,DF,-0.65,-1.3
T_DINO-5,39,DF,-0.75,-1.5
T_FASN-2,39,DF,-0.001,-0.002
T_FERGD-1,39,DF,-0.315,-0.63
T_FERGD-2,39,DF,-0.775,-1.55
T_FFES-1,39,DF,-0.607,-1.214
T_FFES-2,39,DF,-0.607,-1.214
T_FFES-3,39,DF,-0.01,-0.02
T_FOYED-1,39,DF,-0.307,-0.614
T_GLNDO-1,39,DF,-0.021,-0.042
T_GRAI-6,39,DF,-0.1,-0.2
T_GRAI-7,39,DF,-2.0,-4.0
T_GYMRD-16,39,DF,-0.001,-0.002
T_GYMRD-E11,39,DF,-0.002,-0.004
T_GYMRD-W11,39,DF,-0.005,-0.01
T_HEYM2-D,39,DF,-14.68,-29.36
T_HEYM27,39,DF,-2.196,-4.392
T_HEYM28,39,DF,-7.84,-15.68
T_HRTL-2,39,DF,-7.956,-15.912
T_HUMRD-1,39,DF,-24.2,-48.4
T_INDQ-1,39,DF,-1.045,-2.09
T_KEAD-1,39,DF,-1.37,-2.74
T_KEAD-2,39,DF,-0.384,-0.768
T_KEADGT-3,39,DF,-0.08,-0.16
T_LAGA-1,39,DF,-0.4,-0.8
T_LARYW-4,39,DF,-0.134,-0.268
T_LBAR-1G,39,DF,-0.02,-0.04
T_MOWEO-1,39,DF,-0.002,-0.004
T_MRWD-1,39,DF,-0.3,-0.6
T_PNYCB-1,39,DF,-0.01,-0.02
T_ROCK-1,39,DF,-1.1,-2.2
T_SAKNW-1,39,DF,-0.337,-0.674
T_SCCL-2,39,DF,-2.15,-4.3
T_SCCL-4,39,DF,-24.11,-48.22
T_SEEL-1,39,DF,-0.169,-0.338
T_SGRWO-3,39,DF,-0.72,-1.44
T_SGRWO-4,39,DF,-0.5660000000000001,-1.1320000000000001
T_SGRWO-5,39,DF,-0.882,-1.764
T_SGRWO-6,39,DF,-1.4889999999999999,-2.9779999999999998
T_SHBA-2,39,DF,-0.23800000000000002,-0.47600000000000003
T_STLGW-1,39,DF,-0.062,-0.124
T_SUTB-1,39,DF,-0.5,-1.0
T_SVRP-10,39,DF,-0.3,-0.6
T_SVRP-20,39,DF,-0.2,-0.4
T_TORN-2,39,DF,-1.076,-2.152
T_TORN-D,39,DF,-15.54,-31.08
T_TSREP-1,39,DF,-3.9859999999999998,-7.9719999999999995
T_WBURB-41,39,DF,-0.148,-0.296
T_WBURB-43,39,DF,-0.28,-0.56
T_BPGRD-1,40,DF,-27.814,-55.628
T_CNQPS-4,40,DF,-2.205,-4.41
T_COSO-1,40,DF,-1.01,-2.02
T_CRGHD-1,40,DF,-0.002,-0.004
T_DAMC-1,40,DF,-1.945,-3.89
T_DIDCB6,40,DF,-3.05,-6.1
T_DINO-3,40,DF,-0.65,-1.3
T_DINO-5,40,DF,-0.75,-1.5
T_FASN-2,40,DF,-0.001,-0.002
T_FERGD-1,40,DF,-0.335,-0.67
T_FERGD-2,40,DF,-0.722,-1.444
T_FFES-1,40,DF,-0.607,-1.214
T_FFES-2,40,DF,-0.606,-1.212
T_FFES-3,40,DF,-0.02,-0.04
T_FOYED-1,40,DF,-0.084,-0.168
T_GLNDO-1,40,DF,-0.021,-0.042
T_GRAI-6,40,DF,-0.1,-0.2
T_GRAI-7,40,DF,-2.0,-4.0
T_GYMRD-16,40,DF,-0.001,-0.002
T_GYMRD-E11,40,DF,-0.002,-0.004
T_GYMRD-W11,40,DF,-0.005,-0.01
T_HEYM2-D,40,DF,-14.668,-29.336
T_HEYM27,40,DF,-2.236,-4.472
T_HEYM28,40,DF,-7.836,-15.672
T_HRTL-2,40,DF,-7.9719999999999995,-15.943999999999999
T_HUMRD-1,40,DF,-23.98,-47.96
T_INDQ-1,40,DF,-1.05,-2.1
T_KEAD-1,40,DF,-1.47,-2.94
T_KEAD-2,40,DF,-0.376,-0.752
T_KEADGT-3,40,DF,-0.08,-0.16
T_LAGA-1,40,DF,-0.4,-0.8
T_LARYW-4,40,DF,-0.001,-0.002
T_MOWEO-1,40,DF,-0.002,-0.004
T_MRWD-1,40,DF,-0.3,-0.6
T_PNYCB-1,40,DF,-0.015,-0.03
T_ROCK-1,40,DF,-1.2,-2.4
T_SAKNW-1,40,DF,-0.332,-0.664
T_SCCL-2,40,DF,-2.1,-4.2
T_SCCL-4,40,DF,-24.16,-48.32
T_SEEL-1,40,DF,-0.169,-0.338
T_SGRWO-3,40,DF,-0.719,-1.438
T_SGRWO-4,40,DF,-0.585,-1.17
T_SGRWO-5,40,DF,-0.89,-1.78
T_SGRWO-6,40,DF,-1.54,-3.08
T_SHBA-2,40,DF,-0.23900000000000002,-0.47800000000000004
T_STLGW-1,40,DF,-0.271,-0.542
T_SUTB-1,40,DF,-0.4,-0.8
T_SVRP-10,40,DF,-0.3,-0.6
T_SVRP-20,40,DF,-0.2,-0.4
T_TORN-2,40,DF,-1.076,-2.152
T_TORN-D,40,DF,-15.56,-31.12
T_TSREP-1,40,DF,-4.055,-8.11
T_WBURB-41,40,DF,-0.149,-0.298
T_WBURB-43,40,DF,-0.28,-0.56
T_BPGRD-1,41,DF,-27.708,-55.416
T_CNQPS-4,41,DF,-2.142,-4.284
T_COSO-1,41,DF,-1.049,-2.098
T_CRGHD-1,41,DF,-0.002,-0.004
T_DAMC-1,41,DF,-1.925,-3.85
T_DIDCB6,41,DF,-2.5,-5.0
T_DINO-3,41,DF,-0.65,-1.3
T_DINO-5,41,DF,-0.75,-1.5
T_FASN-2,41,DF,-0.001,-0.002
T_FERGD-1,41,DF,-0.368,-0.736
T_FERGD-2,41,DF,-0.6910000000000001,-1.3820000000000001
T_FFES-1,41,DF,-0.607,-1.214
T_FFES-3,41,DF,-0.01,-0.02
T_FOYED-1,41,DF,-0.063,-0.126
T_GLNDO-1,41,DF,-0.021,-0.042
T_GRAI-6,41,DF,-0.1,-0.2
T_GRAI-7,41,DF,-2.0,-4.0
T_GYMRD-16,41,DF,-0.001,-0.002
T_GYMRD-E11,41,DF,-0.001,-0.002
T_GYMRD-W11,41,DF,-0.005,-0.01
T_HEYM2-D,41,DF,-14.624,-29.248
T_HEYM27,41,DF,-2.224,-4.448
T_HEYM28,41,DF,-7.8,-15.6
T_HRTL-2,41,DF,-7.912,-15.824
T_HUMRD-1,41,DF,-23.71,-47.42
T_INDQ-1,41,DF,-1.05,-2.1
T_KEAD-1,41,DF,-1.42,-2.84
T_KEAD-2,41,DF,-0.41100000000000003,-0.8220000000000001
T_KEADGT-3,41,DF,-0.08,-0.16
T_LAGA-1,41,DF,-0.4,-0.8
T_LARYW-4,41,DF,-0.184,-0.368
T_LBAR-1G,41,DF,-0.01,-0.02
T_MOWEO-1,41,DF,-0.002,-0.004
T_MRWD-1,41,DF,-0.3,-0.6
T_PNYCB-1,41,DF,-0.01,-0.02
T_ROCK-1,41,DF,-1.1,-2.2
T_SAKNW-1,41,DF,-0.339,-0.678
T_SCCL-2,41,DF,-2.1,-4.2
T_SCCL-4,41,DF,-23.98,-47.96
T_SEEL-1,41,DF,-0.169,-0.338
T_SGRWO-3,41,DF,-0.719,-1.438
T_SGRWO-4,41,DF,-0.586,-1.172
T_SGRWO-5,41,DF,-0.894,-1.788
T_SGRWO-6,41,DF,-1.591,-3.182
T_SHBA-2,41,DF,-0.23600000000000002,-0.47200000000000003
T_SUTB-1,41,DF,-0.5,-1.0
T_SVRP-10,41,DF,-0.25,-0.5
T_SVRP-20,41,DF,-0.15,-0.3
T_TORN-2,41,DF,-1.076,-2.152
T_TORN-D,41,DF,-15.472,-30.944
T_TSREP-1,41,DF,-4.115,-8.23
T_BPGRD-1,42,DF,-27.728,-55.456
T_CNQPS-4,42,DF,-2.205,-4.41
T_COSO-1,42,DF,-0.9500000000000001,-1.9000000000000001
T_CRGHD-1,42,DF,-0.002,-0.004
T_DAMC-1,42,DF,-1.925,-3.85
T_DIDCB6,42,DF,-2.3,-4.6
T_DINO-3,42,DF,-0.6,-1.2
T_DINO-5,42,DF,-0.7000000000000001,-1.4000000000000001
T_FASN-2,42,DF,-0.001,-0.002
T_FERGD-1,42,DF,-0.449,-0.898
T_FERGD-2,42,DF,-0.8240000000000001,-1.6480000000000001
T_FFES-3,42,DF,-0.02,-0.04
T_FOYED-1,42,DF,-0.067,-0.134
T_GLNDO-1,42,DF,-0.021,-0.042
T_GRAI-6,42,DF,-0.1,-0.2
T_GRAI-7,42,DF,-1.9500000000000002,-3.9000000000000004
T_GYMRD-16,42,DF,-0.001,-0.002
T_GYMRD-E11,42,DF,-0.002,-0.004
T_GYMRD-W11,42,DF,-0.006,-0.012
T_HEYM2-D,42,DF,-14.68,-29.36
T_HEYM27,42,DF,-2.24,-4.48
T_HEYM28,42,DF,-7.776,-15.552
T_HRTL-2,42,DF,-7.924,-15.848
T_HUMRD-1,42,DF,-23.34,-46.68
T_INDQ-1,42,DF,-1.045,-2.09
T_KEAD-1,42,DF,-1.42,-2.84
T_KEAD-2,42,DF,-0.403,-0.806
T_KEADGT-3,42,DF,-0.08,-0.16
T_LAGA-1,42,DF,-0.4,-0.8
T_LARKS-1,42,DF,-0.08,-0.16
T_LARYW-2,42,DF,-0.021,-0.042
T_LBAR-1G,42,DF,-0.01,-0.02
T_MOWEO-1,42,DF,-0.002,-0.004
T_MRWD-1,42,DF,-0.3,-0.6
T_PNYCB-1,42,DF,-0.015,-0.03
T_ROCK-1,42,DF,-1.1,-2.2
T_SAKNW-1,42,DF,-0.34500000000000003,-0.6900000000000001
T_SCCL-2,42,DF,-2.1,-4.2
T_SCCL-4,42,DF,-24.0,-48.0
T_SEEL-1,42,DF,-0.169,-0.338
T_SGRWO-3,42,DF,-0.714,-1.428
T_SGRWO-4,42,DF,-0.583,-1.166
T_SGRWO-5,42,DF,-0.901,-1.802
T_SGRWO-6,42,DF,-1.597,-3.194
T_SHBA-2,42,DF,-0.23800000000000002,-0.47600000000000003
T_SUTB-1,42,DF,-0.3,-0.6
T_SVRP-10,42,DF,-0.3,-0.6
T_SVRP-20,42,DF,-0.2,-0.4
T_TORN-2,42,DF,-1.068,-2.136
T_TORN-D,42,DF,-15.464,-30.928
T_TSREP-1,42,DF,-4.451,-8.902
T_BPGRD-1,43,DF,-27.811,-55.622
T_CNQPS-4,43,DF,-2.205,-4.41
T_COSO-1,43,DF,-0.992,-1.984
T_CRGHD-1,43,DF,-0.002,-0.004
T_DAMC-1,43,DF,-1.925,-3.85
T_DIDCB6,43,DF,-2.35,-4.7
T_DINO-3,43,DF,-0.65,-1.3
T_DINO-5,43,DF,-0.75,-1.5
T_FASN-2,43,DF,-0.001,-0.002
T_FERGD-1,43,DF,-0.34700000000000003,-0.6940000000000001
T_FERGD-2,43,DF,-0.628,-1.256
T_FFES-1,43,DF,-0.608,-1.216
T_FFES-3,43,DF,-0.01,-0.02
T_FOYED-1,43,DF,-0.063,-0.126
T_GLNDO-1,43,DF,-0.021,-0.042
T_GRAI-6,43,DF,-0.05,-0.1
T_GRAI-7,43,DF,-2.0,-4.0
T_GYMRD-16,43,DF,-0.001,-0.002
T_GYMRD-E11,43,DF,-0.002,-0.004
T_GYMRD-W11,43,DF,-0.006,-0.012
T_HEYM2-D,43,DF,-14.704,-29.408
T_HEYM27,43,DF,-2.24,-4.48
T_HEYM28,43,DF,-7.804,-15.608
T_HRTL-2,43,DF,-7.92,-15.84
T_HUMRD-1,43,DF,-23.36,-46.72
T_INDQ-1,43,DF,-1.035,-2.07
T_KEAD-1,43,DF,-1.47,-2.94
T_KEAD-2,43,DF,-0.403,-0.806
T_KEADGT-3,43,DF,-0.08,-0.16
T_LAGA-1,43,DF,-0.4,-0.8
T_LARKS-1,43,DF,-0.05,-0.1
T_LBAR-1G,43,DF,-0.01,-0.02
T_MOWEO-1,43,DF,-0.002,-0.004
T_MRWD-1,43,DF,-0.3,-0.6
T_PNYCB-1,43,DF,-0.01,-0.02
T_ROCK-1,43,DF,-1.1,-2.2
T_SAKNW-1,43,DF,-0.339,-0.678
T_SCCL-2,43,DF,-2.1,-4.2
T_SCCL-4,43,DF,-24.15,-48.3
T_SEEL-1,43,DF,-0.186,-0.372
T_SGRWO-3,43,DF,-0.715,-1.43
T_SGRWO-4,43,DF,-0.586,-1.172
T_SGRWO-5,43,DF,-0.895,-1.79
T_SGRWO-6,43,DF,-1.605,-3.21
T_SHBA-2,43,DF,-0.23900000000000002,-0.47800000000000004
T_SUTB-1,43,DF,-0.5,-1.0
T_SVRP-10,43,DF,-0.3,-0.6
T_SVRP-20,43,DF,-0.2,-0.4
T_TORN-2,43,DF,-1.068,-2.136
T_TORN-D,43,DF,-15.492,-30.984
T_TSREP-1,43,DF,-4.621,-9.242
T_WBURB-43,43,DF,-0.011,-0.022
T_BPGRD-1,44,DF,-28.266,-56.532
T_CNQPS-4,44,DF,-2.205,-4.41
T_COSO-1,44,DF,-0.9460000000000001,-1.8920000000000001
T_CRGHD-1,44,DF,-0.002,-0.004
T_DAMC-1,44,DF,-1.92,-3.84
T_DIDCB6,44,DF,-1.75,-3.5
T_DINO-3,44,DF,-0.65,-1.3
T_DINO-5,44,DF,-0.75,-1.5
T_FASN-2,44,DF,-0.001,-0.002
T_FERGD-1,44,DF,-0.28,-0.56
T_FERGD-2,44,DF,-0.755,-1.51
T_FFES-1,44,DF,-0.608,-1.216
T_FFES-2,44,DF,-0.607,-1.214
T_FFES-3,44,DF,-0.02,-0.04
T_FFES-4,44,DF,-0.8,-1.6
T_FOYED-1,44,DF,-0.066,-0.132
T_GLNDO-1,44,DF,-0.021,-0.042
T_GRAI-6,44,DF,-0.1,-0.2
T_GRAI-7,44,DF,-2.0,-4.0
T_GYMRD-16,44,DF,-0.001,-0.002
T_GYMRD-E11,44,DF,-0.002,-0.004
T_GYMRD-W11,44,DF,-0.005,-0.01
T_HEYM2-D,44,DF,-14.768,-29.536
T_HEYM27,44,DF,-2.248,-4.496
T_HEYM28,44,DF,-7.852,-15.704
T_HRTL-2,44,DF,-7.964,-15.928
T_HUMRD-1,44,DF,-23.4,-46.8
T_INDQ-1,44,DF,-1.07,-2.14
T_KEAD-1,44,DF,-1.465,-2.93
T_KEAD-2,44,DF,-0.393,-0.786
T_KEADGT-3,44,DF,-0.085,-0.17
T_LAGA-1,44,DF,-0.4,-0.8
T_LARKS-1,44,DF,-0.05,-0.1
T_LBAR-1G,44,DF,-0.01,-0.02
T_MOWEO-1,44,DF,-0.002,-0.004
T_MRWD-1,44,DF,-0.3,-0.6
T_PNYCB-1,44,DF,-0.01,-0.02
T_ROCK-1,44,DF,-1.2,-2.4
T_SAKNW-1,44,DF,-0.34400000000000003,-0.6880000000000001
T_SCCL-2,44,DF,-2.1,-4.2
T_SCCL-4,44,DF,-24.27,-48.54
T_SEEL-1,44,DF,-0.17500000000000002,-0.35000000000000003
T_SGRWO-3,44,DF,-0.715,-1.43
T_SGRWO-4,44,DF,-0.588,-1.176
T_SGRWO-5,44,DF,-0.89,-1.78
T_SGRWO-6,44,DF,-1.616,-3.232
T_SHBA-2,44,DF,-0.241,-0.482
T_SUTB-1,44,DF,-0.4,-0.8
T_SVRP-10,44,DF,-0.3,-0.6
T_SVRP-20,44,DF,-0.2,-0.4
T_TORN-2,44,DF,-1.076,-2.152
T_TORN-D,44,DF,-15.572,-31.144
T_TSREP-1,44,DF,-4.275,-8.55
T_WBURB-41,44,DF,-0.159,-0.318
T_WBURB-43,44,DF,-0.29,-0.58
T_BPGRD-1,45,DF,-27.988,-55.976
T_CNQPS-4,45,DF,-2.142,-4.284
T_COSO-1,45,DF,-0.962,-1.924
T_CRGHD-1,45,DF,-0.002,-0.004
T_DAMC-1,45,DF,-1.9100000000000001,-3.8200000000000003
T_DIDCB6,45,DF,-1.5,-3.0
T_DINO-3,45,DF,-0.7000000000000001,-1.4000000000000001
T_DINO-5,45,DF,-0.75,-1.5
T_FASN-2,45,DF,-0.001,-0.002
T_FERGD-1,45,DF,-0.245,-0.49
T_FERGD-2,45,DF,-0.8320000000000001,-1.6640000000000001
T_FFES-1,45,DF,-0.597,-1.194
T_FFES-2,45,DF,-0.607,-1.214
T_FFES-3,45,DF,-0.01,-0.02
T_FFES-4,45,DF,-0.8,-1.6
T_FOYE-2,45,DF,-0.05,-0.1
T_FOYED-1,45,DF,-0.445,-0.89
T_GLNDO-1,45,DF,-0.021,-0.042
T_GRAI-6,45,DF,-0.1,-0.2
T_GRAI-7,45,DF,-2.65,-5.3
T_GYMRD-16,45,DF,-0.001,-0.002
T_GYMRD-E11,45,DF,-0.002,-0.004
T_GYMRD-W11,45,DF,-0.006,-0.012
T_HEYM2-D,45,DF,-14.688,-29.376
T_HEYM27,45,DF,-2.208,-4.416
T_HEYM28,45,DF,-7.792,-15.584
T_HRTL-2,45,DF,-7.932,-15.864
T_HUMRD-1,45,DF,-23.85,-47.7
T_INDQ-1,45,DF,-1.075,-2.15
T_KEAD-1,45,DF,-1.47,-2.94
T_KEAD-2,45,DF,-0.41200000000000003,-0.8240000000000001
T_KEADGT-3,45,DF,-0.08,-0.16
T_LAGA-1,45,DF,-0.4,-0.8
T_LARKS-1,45,DF,-0.045,-0.09
T_LBAR-1G,45,DF,-0.01,-0.02
T_MOWEO-1,45,DF,-0.002,-0.004
T_MRWD-1,45,DF,-0.3,-0.6
T_PNYCB-1,45,DF,-0.01,-0.02
T_ROCK-1,45,DF,-1.1,-2.2
T_SAKNW-1,45,DF,-0.341,-0.682
T_SCCL-2,45,DF,-2.15,-4.3
T_SCCL-4,45,DF,-24.18,-48.36
T_SEEL-1,45,DF,-0.17400000000000002,-0.34800000000000003
T_SGRWO-3,45,DF,-0.713,-1.426
T_SGRWO-4,45,DF,-0.591,-1.182
T_SGRWO-5,45,DF,-0.889,-1.778
T_SGRWO-6,45,DF,-1.617,-3.234
T_SHBA-2,45,DF,-0.244,-0.488
T_SUTB-1,45,DF,-0.5,-1.0
T_SVRP-10,45,DF,-0.25,-0.5
T_SVRP-20,45,DF,-0.2,-0.4
T_TORN-2,45,DF,-1.072,-2.144
T_TORN-D,45,DF,-15.512,-31.024
T_TSREP-1,45,DF,-4.281,-8.562
T_WBURB-41,45,DF,-0.134,-0.268
T_WBURB-43,45,DF,-0.07,-0.14
T_BPGRD-1,46,DF,-27.457,-54.914
T_CNQPS-4,46,DF,-2.268,-4.536
T_COSO-1,46,DF,-0.937,-1.874
T_CRGHD-1,46,DF,-0.002,-0.004
T_DAMC-1,46,DF,-1.925,-3.85
T_DIDCB6,46,DF,-1.4,-2.8
T_DINO-3,46,DF,-0.65,-1.3
T_DINO-5,46,DF,-0.8,-1.6
T_FASN-2,46,DF,-0.001,-0.002
T_FERGD-1,46,DF,-0.178,-0.356
T_FERGD-2,46,DF,-0.876,-1.752
T_FFES-3,46,DF,-0.02,-0.04
T_FFES-4,46,DF,-0.79,-1.58
T_FOYE-1,46,DF,-0.75,-1.5
T_FOYE-2,46,DF,-0.9500000000000001,-1.9000000000000001
T_FOYED-1,46,DF,-0.77,-1.54
T_GLNDO-1,46,DF,-0.021,-0.042
T_GRAI-6,46,DF,-0.1,-0.2
T_GRAI-7,46,DF,-4.3,-8.6
T_GYMRD-16,46,DF,-0.001,-0.002
T_GYMRD-E11,46,DF,-0.002,-0.004
T_GYMRD-W11,46,DF,-0.006,-0.012
T_HEYM2-D,46,DF,-14.584,-29.168
T_HEYM27,46,DF,-2.148,-4.296
T_HEYM28,46,DF,-7.744,-15.488
T_HRTL-2,46,DF,-7.92,-15.84
T_HUMRD-1,46,DF,-24.21,-48.42
T_INDQ-1,46,DF,-1.085,-2.17
T_KEAD-1,46,DF,-1.42,-2.84
T_KEAD-2,46,DF,-0.403,-0.806
T_KEADGT-3,46,DF,-0.08,-0.16
T_LAGA-1,46,DF,-0.4,-0.8
T_LARKS-1,46,DF,-0.05,-0.1
T_LBAR-1G,46,DF,-0.01,-0.02
T_MOWEO-1,46,DF,-0.002,-0.004
T_MRWD-1,46,DF,-0.3,-0.6
T_PNYCB-1,46,DF,-0.015,-0.03
T_ROCK-1,46,DF,-1.1,-2.2
T_SAKNW-1,46,DF,-0.35000000000000003,-0.7000000000000001
T_SCCL-2,46,DF,-2.15,-4.3
T_SCCL-4,46,DF,-24.08,-48.16
T_SEEL-1,46,DF,-0.17300000000000001,-0.34600000000000003
T_SGRWO-3,46,DF,-0.717,-1.434
T_SGRWO-4,46,DF,-0.59,-1.18
T_SGRWO-5,46,DF,-0.89,-1.78
T_SGRWO-6,46,DF,-1.619,-3.238
T_SHBA-2,46,DF,-0.244,-0.488
T_SUTB-1,46,DF,-0.4,-0.8
T_SVRP-10,46,DF,-0.3,-0.6
T_SVRP-20,46,DF,-0.2,-0.4
T_TORN-2,46,DF,-1.072,-2.144
T_TORN-D,46,DF,-15.4,-30.8
T_TSREP-1,46,DF,-4.385,-8.77
T_BPGRD-1,47,DF,-27.579,-55.158
T_CNQPS-1,47,DF,-2.52,-5.04
T_CNQPS-4,47,DF,-2.205,-4.41
T_COSO-1,47,DF,-0.988,-1.976
T_CRGHD-1,47,DF,-0.002,-0.004
T_DAMC-1,47,DF,-1.955,-3.91
T_DIDCB6,47,DF,-1.5,-3.0
T_DINO-3,47,DF,-0.65,-1.3
T_DINO-5,47,DF,-0.7000000000000001,-1.4000000000000001
T_FASN-2,47,DF,-0.001,-0.002
T_FERGD-1,47,DF,-0.24,-0.48
T_FERGD-2,47,DF,-0.988,-1.976
T_FFES-3,47,DF,-0.01,-0.02
T_FFES-4,47,DF,-0.79,-1.58
T_FOYE-1,47,DF,-0.9500000000000001,-1.9000000000000001
T_FOYE-2,47,DF,-0.9500000000000001,-1.9000000000000001
T_FOYED-1,47,DF,-0.46,-0.92
T_GLNDO-1,47,DF,-0.021,-0.042
T_GRAI-6,47,DF,-0.1,-0.2
T_GRAI-7,47,DF,-1.9500000000000002,-3.9000000000000004
T_GYMRD-16,47,DF,-0.001,-0.002
T_GYMRD-E11,47,DF,-0.002,-0.004
T_GYMRD-W11,47,DF,-0.006,-0.012
T_HEYM2-D,47,DF,-14.536,-29.072
T_HEYM27,47,DF,-2.12,-4.24
T_HEYM28,47,DF,-7.76,-15.52
T_HRTL-2,47,DF,-7.932,-15.864
T_HUMRD-1,47,DF,-24.37,-48.74
T_INDQ-1,47,DF,-1.125,-2.25
T_KEAD-1,47,DF,-1.47,-2.94
T_KEAD-2,47,DF,-0.389,-0.778
T_KEADGT-3,47,DF,-0.08,-0.16
T_LAGA-1,47,DF,-0.5,-1.0
T_LARKS-1,47,DF,-0.05,-0.1
T_LBAR-1G,47,DF,-0.01,-0.02
T_MOWEO-1,47,DF,-0.002,-0.004
T_MRWD-1,47,DF,-0.3,-0.6
T_PEMB-51,47,DF,-3.35,-6.7
T_PNYCB-1,47,DF,-0.01,-0.02
T_ROCK-1,47,DF,-1.1,-2.2
T_SAKNW-1,47,DF,-0.34700000000000003,-0.6940000000000001
T_SCCL-2,47,DF,-2.2,-4.4
T_SCCL-4,47,DF,-24.13,-48.26
T_SEAB-2,47,DF,-2.222,-4.444
T_SEEL-1,47,DF,-0.177,-0.354
T_SGRWO-3,47,DF,-0.719,-1.438
T_SGRWO-4,47,DF,-0.592,-1.184
T_SGRWO-5,47,DF,-0.896,-1.792
T_SGRWO-6,47,DF,-1.626,-3.252
T_SHBA-2,47,DF,-0.245,-0.49
T_STAY-2,47,DF,-1.15,-2.3
T_SUTB-1,47,DF,-0.4,-0.8
T_SVRP-10,47,DF,-0.3,-0.6
T_SVRP-20,47,DF,-0.2,-0.4
T_TORN-2,47,DF,-1.072,-2.144
T_TORN-D,47,DF,-15.48,-30.96
T_TSREP-1,47,DF,-4.515,-9.03
T_BPGRD-1,48,DF,-27.768,-55.536
T_CNQPS-1,48,DF,-2.331,-4.662
T_CNQPS-4,48,DF,-2.205,-4.41
T_COSO-1,48,DF,-1.0,-2.0
T_CRGHD-1,48,DF,-0.002,-0.004
T_DAMC-1,48,DF,-1.96,-3.92
T_DIDCB6,48,DF,-1.45,-2.9
T_DINO-3,48,DF,-0.65,-1.3
T_DINO-5,48,DF,-0.75,-1.5
T_FASN-2,48,DF,-0.001,-0.002
T_FERGD-1,48,DF,-0.07100000000000001,-0.14200000000000002
T_FERGD-2,48,DF,-0.908,-1.816
T_FFES-1,48,DF,-0.606,-1.212
T_FFES-2,48,DF,-0.606,-1.212
T_FFES-3,48,DF,-0.02,-0.04
T_FFES-4,48,DF,-0.12,-0.24
T_FOYE-1,48,DF,-0.9500000000000001,-1.9000000000000001
T_FOYE-2,48,DF,-1.0,-2.0
T_FOYED-1,48,DF,-0.461,-0.922
T_GLNDO-1,48,DF,-0.021,-0.042
T_GRAI-6,48,DF,-0.05,-0.1
T_GRAI-7,48,DF,-1.0,-2.0
T_GYMRD-16,48,DF,-0.001,-0.002
T_GYMRD-E11,48,DF,-0.002,-0.004
T_GYMRD-W11,48,DF,-0.005,-0.01
T_HEYM2-D,48,DF,-14.58,-29.16
T_HEYM27,48,DF,-2.136,-4.272
T_HEYM28,48,DF,-7.764,-15.528
T_HRTL-2,48,DF,-7.96,-15.92
T_HUMRD-1,48,DF,-23.81,-47.62
T_INDQ-1,48,DF,-1.1400000000000001,-2.2800000000000002
T_KEAD-1,48,DF,-1.47,-2.94
T_KEAD-2,48,DF,-0.394,-0.788
T_KEADGT-3,48,DF,-0.08,-0.16
T_LAGA-1,48,DF,-0.5,-1.0
T_LARKS-1,48,DF,-0.045,-0.09
T_LBAR-1G,48,DF,-0.02,-0.04
T_MOWEO-1,48,DF,-0.002,-0.004
T_MRWD-1,48,DF,-0.3,-0.6
T_PEMB-11,48,DF,-3.6,-7.2
T_PEMB-41,48,DF,-1.35,-2.7
T_PEMB-51,48,DF,-2.45,-4.9
T_PNYCB-1,48,DF,-0.01,-0.02
T_ROCK-1,48,DF,-1.1,-2.2
T_SAKNW-1,48,DF,-0.363,-0.726
T_SCCL-2,48,DF,-2.15,-4.3
T_SCCL-4,48,DF,-24.13,-48.26
T_SEAB-2,48,DF,-1.703,-3.406
T_SEEL-1,48,DF,-0.17500000000000002,-0.35000000000000003
T_SGRWO-3,48,DF,-0.723,-1.446
T_SGRWO-4,48,DF,-0.592,-1.184
T_SGRWO-5,48,DF,-0.9,-1.8
T_SGRWO-6,48,DF,-1.6320000000000001,-3.2640000000000002
T_SHBA-2,48,DF,-0.241,-0.482
T_STAY-1,48,DF,-1.2,-2.4
T_STAY-2,48,DF,-0.4,-0.8
T_STAY-3,48,DF,-1.25,-2.5
T_SUTB-1,48,DF,-0.5,-1.0
T_SVRP-10,48,DF,-0.3,-0.6
T_SVRP-20,48,DF,-0.2,-0.4
T_TORN-2,48,DF,-1.08,-2.16
T_TORN-D,48,DF,-15.516,-31.032
T_TSREP-1,48,DF,-4.636,-9.272
T_WBURB-41,48,DF,-0.027,-0.054
