bmUnit,settlementPeriod,settlementRunType,quantity,average_MW
T_AFTOW-1,1,DF,-0.187,-0.374
T_AKGLW-2,1,DF,-0.132,-0.264
T_AKGLW-3,1,DF,-0.14,-0.28
T_BEINW-1,1,DF,-0.026000000000000002,-0.052000000000000005
T_BLLA-1,1,DF,-0.232,-0.464
T_BLLA-2,1,DF,-0.015,-0.03
T_BPGRD-1,1,DF,-27.034,-54.068
T_BRBEO-1,1,DF,-0.884,-1.768
T_CLDSW-1,1,DF,-0.61,-1.22
T_CNQPS-1,1,DF,-1.26,-2.52
T_CNQPS-3,1,DF,-2.457,-4.914
T_CNQPS-4,1,DF,-1.764,-3.528
T_COSO-1,1,DF,-0.912,-1.824
T_CRGHD-1,1,DF,-0.003,-0.006
T_CRYRW-3,1,DF,-0.092,-0.184
T_DAMC-1,1,DF,-1.945,-3.89
T_DDGNO-1,1,DF,-0.136,-0.272
T_DDGNO-4,1,DF,-0.125,-0.25
T_DIDCB6,1,DF,-0.7000000000000001,-1.4000000000000001
T_DINO-3,1,DF,-0.65,-1.3
T_DINO-5,1,DF,-0.7000000000000001,-1.4000000000000001
T_DNLWW-1,1,DF,-0.094,-0.188
T_DOREW-2,1,DF,-0.015,-0.03
T_DOUGW-1,1,DF,-0.054,-0.108
T_DRSLW-1,1,DF,-0.27,-0.54
T_EWHLW-1,1,DF,-0.091,-0.182
T_FASN-1,1,DF,-0.003,-0.006
T_FASN-2,1,DF,-0.001,-0.002
T_FERGD-1,1,DF,-0.244,-0.488
T_FERGD-2,1,DF,-0.835,-1.67
T_FFES-1,1,DF,-0.803,-1.606
T_FFES-2,1,DF,-0.013000000000000001,-0.026000000000000002
T_FFES-3,1,DF,-0.02,-0.04
T_FFES-4,1,DF,-0.97,-1.94
T_FOYED-1,1,DF,-0.535,-1.07
T_FSDLW-1,1,DF,-0.024,-0.048
T_GNAPW-1,1,DF,-0.06,-0.12
T_GORDW-2,1,DF,-0.085,-0.17
T_GRAI-7,1,DF,-0.3,-0.6
T_GRIFW-1,1,DF,-0.5660000000000001,-1.1320000000000001
T_GRIFW-2,1,DF,-0.538,-1.076
T_GYMR-15,1,DF,-0.4,-0.8
T_GYMR-17,1,DF,-0.47000000000000003,-0.9400000000000001
T_GYMR-26,1,DF,-0.37,-0.74
T_GYMR-28,1,DF,-0.23,-0.46
T_GYMRD-16,1,DF,-0.001,-0.002
T_GYMRD-E10,1,DF,-0.001,-0.002
T_GYMRD-E11,1,DF,-0.003,-0.006
T_GYMRD-W11,1,DF,-0.006,-0.012
T_HADHW-1,1,DF,-0.229,-0.458
T_HEYM2-D,1,DF,-21.22,-42.44
T_HEYM28,1,DF,-8.604,-17.208
T_HRSTW-1,1,DF,-0.319,-0.638
T_HRTL-2,1,DF,-1.6360000000000001,-3.2720000000000002
T_HUMRD-1,1,DF,-25.11,-50.22
T_INDQ-1,1,DF,-1.16,-2.32
T_KEAD-1,1,DF,-0.92,-1.84
T_KEADGT-3,1,DF,-0.08,-0.16
T_KILLPG-1,1,DF,-0.378,-0.756
T_KILLPG-2,1,DF,-0.272,-0.544
T_KTHLW-1,1,DF,-0.009000000000000001,-0.018000000000000002
T_LAGA-1,1,DF,-0.5,-1.0
T_LARKS-1,1,DF,-0.045,-0.09
T_LBAR-1G,1,DF,-0.02,-0.04
T_MKHLW-1,1,DF,-0.035,-0.07
T_MOWEO-1,1,DF,-0.002,-0.004
T_MRWD-1,1,DF,-0.3,-0.6
T_MYGPW-1,1,DF,-0.048,-0.096
T_PNYCB-1,1,DF,-0.015,-0.03
T_RCBKO-1,1,DF,-1.201,-2.402
T_RCBKO-2,1,DF,-1.212,-2.424
T_ROCK-1,1,DF,-1.5,-3.0
T_RREW-1,1,DF,-0.248,-0.496
T_RRWW-1,1,DF,-0.257,-0.514
T_SCCL-4,1,DF,-24.19,-48.38
T_SEEL-1,1,DF,-0.17400000000000002,-0.34800000000000003
T_SGRWO-3,1,DF,-0.56,-1.12
T_SGRWO-4,1,DF,-0.492,-0.984
T_SGRWO-5,1,DF,-0.91,-1.82
T_SGRWO-6,1,DF,-1.505,-3.01
T_SHBA-2,1,DF,-0.257,-0.514
T_SHRSW-1,1,DF,-0.527,-1.054
T_SHRSW-2,1,DF,-0.463,-0.926
T_SOKYW-1,1,DF,-0.01,-0.02
T_STLGW-1,1,DF,-0.28,-0.56
T_STLGW-2,1,DF,-0.227,-0.454
T_STLGW-3,1,DF,-0.293,-0.586
T_SUTB-1,1,DF,-0.5,-1.0
T_SVRP-10,1,DF,-0.25,-0.5
T_SVRP-20,1,DF,-0.2,-0.4
T_TDBNW-1,1,DF,-0.048,-0.096
T_TKNEW-1,1,DF,-2.614,-5.228
T_TKNWW-1,1,DF,-0.002,-0.004
T_TORN-D,1,DF,-24.4,-48.8
T_TSREP-1,1,DF,-1.096,-2.192
T_WHILW-1,1,DF,-0.605,-1.21
T_WHILW-2,1,DF,-0.279,-0.558
T_WISTW-2,1,DF,-0.07,-0.14
T_WLNYO-3,1,DF,-0.388,-0.776
T_AFTOW-1,2,DF,-0.209,-0.418
T_AKGLW-3,2,DF,-0.014,-0.028
T_BEINW-1,2,DF,-0.149,-0.298
T_BLLA-1,2,DF,-0.225,-0.45
T_BLLA-2,2,DF,-0.098,-0.196
T_BPGRD-1,2,DF,-26.954,-53.908
T_BRBEO-1,2,DF,-0.9,-1.8
T_CASKD-1,2,DF,-0.06,-0.12
T_CLDSW-1,2,DF,-0.312,-0.624
T_CNQPS-1,2,DF,-0.9450000000000001,-1.8900000000000001
T_CNQPS-3,2,DF,-2.457,-4.914
T_CNQPS-4,2,DF,-1.764,-3.528
T_COSO-1,2,DF,-1.024,-2.048
T_CRGHD-1,2,DF,-0.002,-0.004
T_CRYRW-3,2,DF,-0.099,-0.198
T_DAMC-1,2,DF,-1.9649999999999999,-3.9299999999999997
T_DDGNO-1,2,DF,-0.497,-0.994
T_DDGNO-2,2,DF,-0.359,-0.718
T_DDGNO-3,2,DF,-0.39,-0.78
T_DDGNO-4,2,DF,-0.425,-0.85
T_DIDCB6,2,DF,-0.7000000000000001,-1.4000000000000001
T_DINO-3,2,DF,-0.65,-1.3
T_DINO-5,2,DF,-0.7000000000000001,-1.4000000000000001
T_DNLWW-1,2,DF,-0.057,-0.114
T_DOUGW-1,2,DF,-0.148,-0.296
T_DRSLW-1,2,DF,-0.327,-0.654
T_EWHLW-1,2,DF,-0.091,-0.182
T_FASN-1,2,DF,-0.003,-0.006
T_FASN-2,2,DF,-0.001,-0.002
T_FERGD-1,2,DF,-0.391,-0.782
T_FERGD-2,2,DF,-0.488,-0.976
T_FFES-1,2,DF,-36.627,-73.254
T_FFES-2,2,DF,-31.622,-63.244
T_FFES-3,2,DF,-0.01,-0.02
T_FFES-4,2,DF,-36.61,-73.22
T_FOYED-1,2,DF,-0.529,-1.058
T_FSDLW-1,2,DF,-0.024,-0.048
T_GLNDO-1,2,DF,-0.021,-0.042
T_GNAPW-1,2,DF,-0.06,-0.12
T_GORDW-2,2,DF,-0.083,-0.166
T_GRAI-7,2,DF,-0.3,-0.6
T_GRIFW-1,2,DF,-0.5640000000000001,-1.1280000000000001
T_GRIFW-2,2,DF,-0.533,-1.066
T_GYMR-15,2,DF,-0.41000000000000003,-0.8200000000000001
T_GYMR-17,2,DF,-0.46,-0.92
T_GYMR-26,2,DF,-0.4,-0.8
T_GYMRD-16,2,DF,-0.001,-0.002
T_GYMRD-E10,2,DF,-0.001,-0.002
T_GYMRD-E11,2,DF,-0.002,-0.004
T_GYMRD-W11,2,DF,-0.006,-0.012
T_HADHW-1,2,DF,-0.228,-0.456
T_HEYM2-D,2,DF,-21.236,-42.472
T_HEYM28,2,DF,-8.576,-17.152
T_HOWAO-2,2,DF,-1.249,-2.498
T_HOWAO-3,2,DF,-1.477,-2.954
T_HRSTW-1,2,DF,-0.326,-0.652
T_HRTL-2,2,DF,-1.6400000000000001,-3.2800000000000002
T_HUMRD-1,2,DF,-26.15,-52.3
T_INDQ-1,2,DF,-1.165,-2.33
T_JGPR-1,2,DF,-1.5,-3.0
T_KEAD-1,2,DF,-0.92,-1.84
T_KEADGT-3,2,DF,-0.08,-0.16
T_KILLPG-1,2,DF,-0.378,-0.756
T_KILLPG-2,2,DF,-0.272,-0.544
T_KTHLW-1,2,DF,-0.009000000000000001,-0.018000000000000002
T_LAGA-1,2,DF,-0.5,-1.0
T_LARKS-1,2,DF,-0.05,-0.1
T_LBAR-1G,2,DF,-0.01,-0.02
T_MIDMW-1,2,DF,-0.084,-0.168
T_MOWEO-1,2,DF,-0.002,-0.004
T_MRWD-1,2,DF,-0.3,-0.6
T_PNYCB-1,2,DF,-0.01,-0.02
T_RCBKO-1,2,DF,-1.181,-2.362
T_RCBKO-2,2,DF,-1.175,-2.35
T_ROCK-1,2,DF,-1.6,-3.2
T_RREW-1,2,DF,-0.23900000000000002,-0.47800000000000004
T_RRWW-1,2,DF,-0.257,-0.514
T_SCCL-4,2,DF,-24.22,-48.44
T_SEEL-1,2,DF,-0.171,-0.342
T_SGRWO-3,2,DF,-0.577,-1.154
T_SGRWO-4,2,DF,-0.493,-0.986
T_SGRWO-5,2,DF,-0.911,-1.822
T_SGRWO-6,2,DF,-1.492,-2.984
T_SHBA-2,2,DF,-0.251,-0.502
T_SHRSW-1,2,DF,-0.418,-0.836
T_SHRSW-2,2,DF,-0.394,-0.788
T_STLGW-1,2,DF,-0.316,-0.632
T_STLGW-2,2,DF,-0.323,-0.646
T_STLGW-3,2,DF,-0.295,-0.59
T_SUTB-1,2,DF,-0.5,-1.0
T_SVRP-10,2,DF,-0.3,-0.6
T_SVRP-20,2,DF,-0.2,-0.4
T_TKNEW-1,2,DF,-2.267,-4.534
T_TKNWW-1,2,DF,-0.002,-0.004
T_TORN-D,2,DF,-24.372,-48.744
T_TSREP-1,2,DF,-1.123,-2.246
T_WHILW-1,2,DF,-0.725,-1.45
T_WHILW-2,2,DF,-0.35100000000000003,-0.7020000000000001
T_WISTW-2,2,DF,-0.008,-0.016
T_WLNYO-3,2,DF,-0.356,-0.712
T_AFTOW-1,3,DF,-0.098,-0.196
T_AKGLW-2,3,DF,-0.015,-0.03
T_AKGLW-3,3,DF,-0.085,-0.17
T_BEINW-1,3,DF,-0.08700000000000001,-0.17400000000000002
T_BLLA-1,3,DF,-0.23,-0.46
T_BLLA-2,3,DF,-0.064,-0.128
T_BPGRD-1,3,DF,-27.021,-54.042
T_BRBEO-1,3,DF,-0.936,-1.872
T_CNQPS-1,3,DF,-1.008,-2.016
T_CNQPS-3,3,DF,-2.457,-4.914
T_CNQPS-4,3,DF,-1.764,-3.528
T_COSO-1,3,DF,-0.9480000000000001,-1.8960000000000001
T_CRGHD-1,3,DF,-0.003,-0.006
T_CRYRW-3,3,DF,-0.097,-0.194
T_DAMC-1,3,DF,-1.955,-3.91
T_DDGNO-1,3,DF,-0.645,-1.29
T_DDGNO-2,3,DF,-0.583,-1.166
T_DDGNO-3,3,DF,-0.55,-1.1
T_DDGNO-4,3,DF,-0.621,-1.242
T_DIDCB6,3,DF,-0.75,-1.5
T_DINO-3,3,DF,-0.7000000000000001,-1.4000000000000001
T_DINO-5,3,DF,-0.7000000000000001,-1.4000000000000001
T_DNLWW-1,3,DF,-0.01,-0.02
T_DRSLW-1,3,DF,-0.34700000000000003,-0.6940000000000001
T_DUNGW-1,3,DF,-0.062,-0.124
T_EWHLW-1,3,DF,-0.092,-0.184
T_FASN-1,3,DF,-0.003,-0.006
T_FASN-2,3,DF,-0.001,-0.002
T_FERGD-1,3,DF,-0.153,-0.306
T_FERGD-2,3,DF,-0.506,-1.012
T_FFES-1,3,DF,-36.577,-73.154
T_FFES-2,3,DF,-36.566,-73.132
T_FFES-3,3,DF,-0.02,-0.04
T_FFES-4,3,DF,-36.94,-73.88
T_FOYE-1,3,DF,-0.45,-0.9
T_FOYE-2,3,DF,-21.95,-43.9
T_FOYED-1,3,DF,-0.932,-1.864
T_FSDLW-1,3,DF,-0.024,-0.048
T_GLNDO-1,3,DF,-0.021,-0.042
T_GNAPW-1,3,DF,-0.06,-0.12
T_GNFSW-1,3,DF,-0.229,-0.458
T_GNFSW-2,3,DF,-0.025,-0.05
T_GORDW-1,3,DF,-0.023,-0.046
T_GORDW-2,3,DF,-0.084,-0.168
T_GRAI-7,3,DF,-0.25,-0.5
T_GRIFW-1,3,DF,-0.5710000000000001,-1.1420000000000001
T_GRIFW-2,3,DF,-0.541,-1.082
T_GYMR-15,3,DF,-0.44,-0.88
T_GYMR-17,3,DF,-0.49,-0.98
T_GYMR-26,3,DF,-0.07,-0.14
T_GYMRD-16,3,DF,-0.001,-0.002
T_GYMRD-E10,3,DF,-0.001,-0.002
T_GYMRD-E11,3,DF,-0.002,-0.004
T_GYMRD-W11,3,DF,-0.006,-0.012
T_HADHW-1,3,DF,-0.227,-0.454
T_HEYM2-D,3,DF,-21.064,-42.128
T_HEYM28,3,DF,-8.332,-16.664
T_HMGTO-2,3,DF,-0.244,-0.488
T_HOWAO-1,3,DF,-2.333,-4.666
T_HOWAO-2,3,DF,-2.503,-5.006
T_HOWAO-3,3,DF,-2.464,-4.928
T_HOWBO-1,3,DF,-1.976,-3.952
T_HOWBO-2,3,DF,-1.4809999999999999,-2.9619999999999997
T_HOWBO-3,3,DF,-0.9460000000000001,-1.8920000000000001
T_HRSTW-1,3,DF,-0.318,-0.636
T_HRTL-2,3,DF,-1.6320000000000001,-3.2640000000000002
T_HUMRD-1,3,DF,-26.52,-53.04
T_INDQ-1,3,DF,-1.165,-2.33
T_KEAD-1,3,DF,-0.92,-1.84
T_KEADGT-3,3,DF,-0.08,-0.16
T_KILLPG-1,3,DF,-0.377,-0.754
T_KILLPG-2,3,DF,-0.272,-0.544
T_KTHLW-1,3,DF,-0.009000000000000001,-0.018000000000000002
T_LAGA-1,3,DF,-0.4,-0.8
T_LARKS-1,3,DF,-0.05,-0.1
T_LBAR-1G,3,DF,-0.01,-0.02
T_LNCSW-1,3,DF,-0.327,-0.654
T_MIDMW-1,3,DF,-0.033,-0.066
T_MKHLW-1,3,DF,-0.1,-0.2
T_MOWEO-1,3,DF,-0.002,-0.004
T_MRWD-1,3,DF,-0.4,-0.8
T_PNYCB-1,3,DF,-0.01,-0.02
T_RCBKO-1,3,DF,-1.179,-2.358
T_RCBKO-2,3,DF,-1.127,-2.254
T_ROCK-1,3,DF,-1.5,-3.0
T_RREW-1,3,DF,-0.23900000000000002,-0.47800000000000004
T_RRWW-1,3,DF,-0.252,-0.504
T_SCCL-4,3,DF,-24.27,-48.54
T_SEEL-1,3,DF,-0.193,-0.386
T_SGRWO-3,3,DF,-0.578,-1.156
T_SGRWO-4,3,DF,-0.491,-0.982
T_SGRWO-5,3,DF,-0.911,-1.822
T_SGRWO-6,3,DF,-1.496,-2.992
T_SHBA-2,3,DF,-0.24,-0.48
T_SHRSW-1,3,DF,-0.398,-0.796
T_SHRSW-2,3,DF,-0.378,-0.756
T_STLGW-1,3,DF,-0.313,-0.626
T_STLGW-2,3,DF,-0.336,-0.672
T_STLGW-3,3,DF,-0.292,-0.584
T_SUTB-1,3,DF,-0.4,-0.8
T_SVRP-10,3,DF,-0.25,-0.5
T_SVRP-20,3,DF,-0.2,-0.4
T_TKNEW-1,3,DF,-2.094,-4.188
T_TKNWW-1,3,DF,-0.002,-0.004
T_TORN-D,3,DF,-24.42,-48.84
T_TSREP-1,3,DF,-1.103,-2.206
T_WHILW-2,3,DF,-0.34400000000000003,-0.6880000000000001
T_WTMSO-1,3,DF,-1.023,-2.046
T_AFTOW-1,4,DF,-0.10200000000000001,-0.20400000000000001
T_BEINW-1,4,DF,-0.209,-0.418
T_BLLA-1,4,DF,-0.249,-0.498
T_BLLA-2,4,DF,-0.083,-0.166
T_BPGRD-1,4,DF,-27.052,-54.104
T_BRBEO-1,4,DF,-0.887,-1.774
T_CLDSW-1,4,DF,-0.249,-0.498
T_CNQPS-1,4,DF,-0.9450000000000001,-1.8900000000000001
T_CNQPS-3,4,DF,-2.394,-4.788
T_CNQPS-4,4,DF,-1.764,-3.528
T_COSO-1,4,DF,-1.037,-2.074
T_CRGHD-1,4,DF,-0.003,-0.006
T_CRYRW-3,4,DF,-0.098,-0.196
T_DAMC-1,4,DF,-1.97,-3.94
T_DDGNO-1,4,DF,-0.637,-1.274
T_DDGNO-2,4,DF,-0.544,-1.088
T_DDGNO-3,4,DF,-0.539,-1.078
T_DDGNO-4,4,DF,-0.616,-1.232
T_DIDCB6,4,DF,-0.75,-1.5
T_DINO-3,4,DF,-0.65,-1.3
T_DINO-5,4,DF,-0.65,-1.3
T_DRSLW-1,4,DF,-0.314,-0.628
T_DUNGW-1,4,DF,-0.171,-0.342
T_EAAO-1,4,DF,-0.659,-1.318
T_EAAO-2,4,DF,-0.395,-0.79
T_EWHLW-1,4,DF,-0.088,-0.176
T_FASN-1,4,DF,-0.003,-0.006
T_FASN-2,4,DF,-0.001,-0.002
T_FERGD-1,4,DF,-0.136,-0.272
T_FERGD-2,4,DF,-0.532,-1.064
T_FFES-1,4,DF,-36.558,-73.116
T_FFES-2,4,DF,-36.527,-73.054
T_FFES-3,4,DF,-0.01,-0.02
T_FFES-4,4,DF,-36.89,-73.78
T_FOYE-1,4,DF,-1.0,-2.0
T_FOYE-2,4,DF,-77.45,-154.9
T_FOYED-1,4,DF,-0.517,-1.034
T_FSDLW-1,4,DF,-0.027,-0.054
T_GLNDO-1,4,DF,-0.021,-0.042
T_GNAPW-1,4,DF,-0.06,-0.12
T_GNFSW-1,4,DF,-0.377,-0.754
T_GNFSW-2,4,DF,-0.17200000000000001,-0.34400000000000003
T_GORDW-1,4,DF,-0.063,-0.126
T_GORDW-2,4,DF,-0.023,-0.046
T_GRAI-7,4,DF,-0.3,-0.6
T_GRIFW-1,4,DF,-0.123,-0.246
T_GRIFW-2,4,DF,-0.258,-0.516
T_GYMRD-16,4,DF,-0.001,-0.002
T_GYMRD-E10,4,DF,-0.001,-0.002
T_GYMRD-E11,4,DF,-0.002,-0.004
T_GYMRD-W11,4,DF,-0.006,-0.012
T_HADHW-1,4,DF,-0.227,-0.454
T_HEYM2-D,4,DF,-14.68,-29.36
T_HEYM28,4,DF,-3.212,-6.424
T_HMGTO-1,4,DF,-0.054,-0.108
T_HMGTO-2,4,DF,-0.453,-0.906
T_HOWAO-1,4,DF,-2.52,-5.04
T_HOWAO-2,4,DF,-2.557,-5.114
T_HOWAO-3,4,DF,-2.346,-4.692
T_HOWBO-1,4,DF,-2.08,-4.16
T_HOWBO-2,4,DF,-2.029,-4.058
T_HOWBO-3,4,DF,-0.298,-0.596
T_HRSTW-1,4,DF,-0.313,-0.626
T_HRTL-2,4,DF,-1.6320000000000001,-3.2640000000000002
T_HUMRD-1,4,DF,-26.3,-52.6
T_INDQ-1,4,DF,-1.165,-2.33
T_KEAD-1,4,DF,-0.92,-1.84
T_KEADGT-3,4,DF,-0.08,-0.16
T_KILLPG-1,4,DF,-0.378,-0.756
T_KILLPG-2,4,DF,-0.271,-0.542
T_KTHLW-1,4,DF,-0.008,-0.016
T_LAGA-1,4,DF,-0.5,-1.0
T_LARKS-1,4,DF,-0.045,-0.09
T_LBAR-1G,4,DF,-0.01,-0.02
T_LNCSW-1,4,DF,-0.562,-1.124
T_LNCSW-2,4,DF,-0.55,-1.1
T_MKHLW-1,4,DF,-0.182,-0.364
T_MOWEO-1,4,DF,-0.002,-0.004
T_MRWD-1,4,DF,-0.3,-0.6
T_PNYCB-1,4,DF,-0.01,-0.02
T_RCBKO-1,4,DF,-1.178,-2.356
T_RCBKO-2,4,DF,-1.087,-2.174
T_ROCK-1,4,DF,-1.6,-3.2
T_RREW-1,4,DF,-0.113,-0.226
T_RRWW-1,4,DF,-0.20500000000000002,-0.41000000000000003
T_SCCL-4,4,DF,-24.25,-48.5
T_SEEL-1,4,DF,-0.17500000000000002,-0.35000000000000003
T_SGRWO-3,4,DF,-0.581,-1.162
T_SGRWO-4,4,DF,-0.493,-0.986
T_SGRWO-5,4,DF,-0.894,-1.788
T_SGRWO-6,4,DF,-1.4889999999999999,-2.9779999999999998
T_SHBA-2,4,DF,-0.243,-0.486
T_SHRSW-1,4,DF,-0.39,-0.78
T_SHRSW-2,4,DF,-0.372,-0.744
T_STLGW-1,4,DF,-0.313,-0.626
T_STLGW-2,4,DF,-0.328,-0.656
T_STLGW-3,4,DF,-0.298,-0.596
T_SUTB-1,4,DF,-0.5,-1.0
T_SVRP-10,4,DF,-0.25,-0.5
T_SVRP-20,4,DF,-0.2,-0.4
T_TKNEW-1,4,DF,-2.335,-4.67
T_TKNWW-1,4,DF,-0.002,-0.004
T_TORN-D,4,DF,-24.416,-48.832
T_TSREP-1,4,DF,-1.125,-2.25
T_WBURB-43,4,DF,-0.024,-0.048
T_WHILW-2,4,DF,-0.328,-0.656
T_WTMSO-1,4,DF,-1.572,-3.144
T_BEINW-1,5,DF,-0.093,-0.186
T_BLLA-1,5,DF,-0.267,-0.534
T_BLLA-2,5,DF,-0.059000000000000004,-0.11800000000000001
T_BPGRD-1,5,DF,-27.182,-54.364
T_CNQPS-1,5,DF,-1.008,-2.016
T_CNQPS-3,5,DF,-2.457,-4.914
T_CNQPS-4,5,DF,-1.827,-3.654
T_COSO-1,5,DF,-1.024,-2.048
T_CRGHD-1,5,DF,-0.003,-0.006
T_CRYRW-3,5,DF,-0.077,-0.154
T_DAMC-1,5,DF,-1.9649999999999999,-3.9299999999999997
T_DDGNO-1,5,DF,-0.642,-1.284
T_DDGNO-2,5,DF,-0.552,-1.104
T_DDGNO-3,5,DF,-0.539,-1.078
T_DDGNO-4,5,DF,-0.62,-1.24
T_DIDCB6,5,DF,-0.7000000000000001,-1.4000000000000001
T_DINO-3,5,DF,-0.65,-1.3
T_DINO-5,5,DF,-0.75,-1.5
T_DOUGW-1,5,DF,-0.07,-0.14
T_DUNGW-1,5,DF,-0.003,-0.006
T_EWHLW-1,5,DF,-0.092,-0.184
T_FASN-1,5,DF,-0.003,-0.006
T_FASN-2,5,DF,-0.001,-0.002
T_FERGD-1,5,DF,-0.001,-0.002
T_FERGD-2,5,DF,-0.496,-0.992
T_FFES-1,5,DF,-36.428,-72.856
T_FFES-2,5,DF,-36.417,-72.834
T_FFES-3,5,DF,-0.02,-0.04
T_FFES-4,5,DF,-36.76,-73.52
T_FOYE-1,5,DF,-0.9500000000000001,-1.9000000000000001
T_FOYE-2,5,DF,-77.25,-154.5
T_FOYED-1,5,DF,-0.523,-1.046
T_FSDLW-1,5,DF,-0.027,-0.054
T_GLNDO-1,5,DF,-0.021,-0.042
T_GNAPW-1,5,DF,-0.057,-0.114
T_GNFSW-1,5,DF,-0.393,-0.786
T_GNFSW-2,5,DF,-0.123,-0.246
T_GRAI-7,5,DF,-0.25,-0.5
T_GYMRD-16,5,DF,-0.001,-0.002
T_GYMRD-E11,5,DF,-0.002,-0.004
T_GYMRD-W11,5,DF,-0.006,-0.012
T_HADHW-1,5,DF,-0.228,-0.456
T_HEYM2-D,5,DF,-13.808,-27.616
T_HEYM28,5,DF,-1.116,-2.232
T_HMGTO-1,5,DF,-0.111,-0.222
T_HMGTO-2,5,DF,-0.363,-0.726
T_HOWAO-1,5,DF,-2.513,-5.026
T_HOWAO-2,5,DF,-2.552,-5.104
T_HOWAO-3,5,DF,-2.415,-4.83
T_HOWBO-1,5,DF,-2.04,-4.08
T_HOWBO-2,5,DF,-1.7109999999999999,-3.4219999999999997
T_HOWBO-3,5,DF,-0.115,-0.23
T_HRSTW-1,5,DF,-0.315,-0.63
T_HRTL-2,5,DF,-1.6400000000000001,-3.2800000000000002
T_HUMRD-1,5,DF,-25.48,-50.96
T_INDQ-1,5,DF,-1.165,-2.33
T_KEAD-1,5,DF,-0.865,-1.73
T_KEADGT-3,5,DF,-0.085,-0.17
T_KILLPG-1,5,DF,-0.378,-0.756
T_KILLPG-2,5,DF,-0.271,-0.542
T_KTHLW-1,5,DF,-0.008,-0.016
T_LAGA-1,5,DF,-0.5,-1.0
T_LARKS-1,5,DF,-0.05,-0.1
T_LBAR-1G,5,DF,-0.02,-0.04
T_LNCSW-1,5,DF,-0.24,-0.48
T_LNCSW-2,5,DF,-0.34800000000000003,-0.6960000000000001
T_MOWEO-1,5,DF,-0.002,-0.004
T_MRWD-1,5,DF,-0.3,-0.6
T_PNYCB-1,5,DF,-0.015,-0.03
T_RCBKO-1,5,DF,-1.184,-2.368
T_RCBKO-2,5,DF,-1.106,-2.212
T_ROCK-1,5,DF,-1.5,-3.0
T_SCCL-4,5,DF,-24.27,-48.54
T_SEEL-1,5,DF,-0.17400000000000002,-0.34800000000000003
T_SGRWO-3,5,DF,-0.584,-1.168
T_SGRWO-4,5,DF,-0.489,-0.978
T_SGRWO-5,5,DF,-0.899,-1.798
T_SGRWO-6,5,DF,-1.506,-3.012
T_SHBA-2,5,DF,-0.244,-0.488
T_SHRSW-1,5,DF,-0.391,-0.782
T_SHRSW-2,5,DF,-0.371,-0.742
T_STLGW-1,5,DF,-0.3,-0.6
T_STLGW-2,5,DF,-0.295,-0.59
T_STLGW-3,5,DF,-0.303,-0.606
T_SUTB-1,5,DF,-0.5,-1.0
T_SVRP-10,5,DF,-0.3,-0.6
T_SVRP-20,5,DF,-0.2,-0.4
T_TKNEW-1,5,DF,-2.974,-5.948
T_TKNWW-1,5,DF,-0.002,-0.004
T_TORN-D,5,DF,-24.4,-48.8
T_TSREP-1,5,DF,-1.104,-2.208
T_WHILW-1,5,DF,-0.09,-0.18
T_WHILW-2,5,DF,-0.31,-0.62
T_WTMSO-1,5,DF,-1.564,-3.128
T_BLLA-1,6,DF,-0.23900000000000002,-0.47800000000000004
T_BLLA-2,6,DF,-0.049,-0.098
T_BPGRD-1,6,DF,-27.669,-55.338
T_CNQPS-1,6,DF,-0.9450000000000001,-1.8900000000000001
T_CNQPS-3,6,DF,-2.457,-4.914
T_CNQPS-4,6,DF,-1.764,-3.528
T_COSO-1,6,DF,-0.9460000000000001,-1.8920000000000001
T_CRGHD-1,6,DF,-0.003,-0.006
T_CRYRW-3,6,DF,-0.094,-0.188
T_DAMC-1,6,DF,-1.96,-3.92
T_DDGNO-1,6,DF,-0.648,-1.296
T_DDGNO-2,6,DF,-0.557,-1.114
T_DDGNO-3,6,DF,-0.538,-1.076
T_DDGNO-4,6,DF,-0.625,-1.25
T_DIDCB6,6,DF,-0.7000000000000001,-1.4000000000000001
T_DINO-3,6,DF,-0.65,-1.3
T_DINO-5,6,DF,-0.7000000000000001,-1.4000000000000001
T_EWHLW-1,6,DF,-0.091,-0.182
T_FASN-1,6,DF,-0.003,-0.006
T_FASN-2,6,DF,-0.001,-0.002
T_FERGD-1,6,DF,-0.001,-0.002
T_FERGD-2,6,DF,-0.484,-0.968
T_FFES-1,6,DF,-36.278,-72.556
T_FFES-2,6,DF,-36.246,-72.492
T_FFES-3,6,DF,-0.01,-0.02
T_FFES-4,6,DF,-36.61,-73.22
T_FOYE-1,6,DF,-0.9500000000000001,-1.9000000000000001
T_FOYE-2,6,DF,-77.05,-154.1
T_FOYED-1,6,DF,-0.47200000000000003,-0.9440000000000001
T_FSDLW-1,6,DF,-0.028,-0.056
T_GLNDO-1,6,DF,-0.021,-0.042
T_GNAPW-1,6,DF,-0.056,-0.112
T_GNFSW-1,6,DF,-0.276,-0.552
T_GRAI-7,6,DF,-0.3,-0.6
T_GYMRD-16,6,DF,-0.001,-0.002
T_GYMRD-E11,6,DF,-0.002,-0.004
T_GYMRD-W11,6,DF,-0.005,-0.01
T_HADHW-1,6,DF,-0.231,-0.462
T_HEYM2-D,6,DF,-13.76,-27.52
T_HEYM28,6,DF,-1.1400000000000001,-2.2800000000000002
T_HMGTO-2,6,DF,-0.47600000000000003,-0.9520000000000001
T_HOWAO-1,6,DF,-2.062,-4.124
T_HOWAO-2,6,DF,-2.398,-4.796
T_HOWAO-3,6,DF,-2.107,-4.214
T_HOWBO-1,6,DF,-0.862,-1.724
T_HOWBO-2,6,DF,-1.286,-2.572
T_HRSTW-1,6,DF,-0.316,-0.632
T_HRTL-2,6,DF,-1.6400000000000001,-3.2800000000000002
T_HUMRD-1,6,DF,-24.94,-49.88
T_INDQ-1,6,DF,-1.16,-2.32
T_KEAD-1,6,DF,-0.92,-1.84
T_KEADGT-3,6,DF,-0.08,-0.16
T_KILLPG-1,6,DF,-0.375,-0.75
T_KILLPG-2,6,DF,-0.27,-0.54
T_KTHLW-1,6,DF,-0.003,-0.006
T_LAGA-1,6,DF,-0.5,-1.0
T_LARKS-1,6,DF,-0.05,-0.1
T_LBAR-1G,6,DF,-0.01,-0.02
T_MIDMW-1,6,DF,-0.039,-0.078
T_MKHLW-1,6,DF,-0.093,-0.186
T_MOWEO-1,6,DF,-0.002,-0.004
T_MRWD-1,6,DF,-0.3,-0.6
T_PNYCB-1,6,DF,-0.01,-0.02
T_RCBKO-1,6,DF,-1.168,-2.336
T_RCBKO-2,6,DF,-1.096,-2.192
T_ROCK-1,6,DF,-1.6,-3.2
T_RRWW-1,6,DF,-0.042,-0.084
T_SCCL-4,6,DF,-24.17,-48.34
T_SEEL-1,6,DF,-0.182,-0.364
T_SGRWO-3,6,DF,-0.582,-1.164
T_SGRWO-4,6,DF,-0.487,-0.974
T_SGRWO-5,6,DF,-0.922,-1.844
T_SGRWO-6,6,DF,-1.525,-3.05
T_SHBA-2,6,DF,-0.247,-0.494
T_SHRSW-1,6,DF,-0.386,-0.772
T_SHRSW-2,6,DF,-0.368,-0.736
T_STLGW-1,6,DF,-0.148,-0.296
T_STLGW-3,6,DF,-0.27,-0.54
T_SUTB-1,6,DF,-0.4,-0.8
T_SVRP-10,6,DF,-0.3,-0.6
T_SVRP-20,6,DF,-0.2,-0.4
T_TKNEW-1,6,DF,-2.653,-5.306
T_TKNWW-1,6,DF,-0.002,-0.004
T_TORN-D,6,DF,-24.38,-48.76
T_TSREP-1,6,DF,-1.138,-2.276
T_WBURB-3,6,DF,-2.123,-4.246
T_WHILW-1,6,DF,-0.8200000000000001,-1.6400000000000001
T_WHILW-2,6,DF,-0.339,-0.678
T_WTMSO-1,6,DF,-1.557,-3.114
T_BLLA-1,7,DF,-0.178,-0.356
T_BLLA-2,7,DF,-0.082,-0.164
T_BPGRD-1,7,DF,-27.917,-55.834
T_CASKD-1,7,DF,-0.06,-0.12
T_CNQPS-1,7,DF,-1.008,-2.016
T_CNQPS-3,7,DF,-2.457,-4.914
T_CNQPS-4,7,DF,-1.764,-3.528
T_COSO-1,7,DF,-0.992,-1.984
T_CRGHD-1,7,DF,-0.003,-0.006
T_DAMC-1,7,DF,-1.96,-3.92
T_DDGNO-1,7,DF,-0.655,-1.31
T_DDGNO-2,7,DF,-0.5640000000000001,-1.1280000000000001
T_DDGNO-3,7,DF,-0.555,-1.11
T_DDGNO-4,7,DF,-0.632,-1.264
T_DIDCB6,7,DF,-0.7000000000000001,-1.4000000000000001
T_DINO-3,7,DF,-0.65,-1.3
T_DINO-5,7,DF,-0.65,-1.3
T_EWHLW-1,7,DF,-0.092,-0.184
T_FASN-1,7,DF,-0.003,-0.006
T_FASN-2,7,DF,-0.001,-0.002
T_FERGD-2,7,DF,-0.509,-1.018
T_FFES-1,7,DF,-36.258,-72.516
T_FFES-2,7,DF,-36.237,-72.474
T_FFES-3,7,DF,-0.02,-0.04
T_FFES-4,7,DF,-36.59,-73.18
T_FOYE-1,7,DF,-0.9500000000000001,-1.9000000000000001
T_FOYE-2,7,DF,-77.15,-154.3
T_FOYED-1,7,DF,-0.442,-0.884
T_GLNDO-1,7,DF,-0.021,-0.042
T_GNAPW-1,7,DF,-0.058,-0.116
T_GNFSW-1,7,DF,-0.38,-0.76
T_GNFSW-2,7,DF,-0.215,-0.43
T_GRAI-7,7,DF,-0.25,-0.5
T_GYMRD-16,7,DF,-0.001,-0.002
T_GYMRD-E11,7,DF,-0.002,-0.004
T_GYMRD-W11,7,DF,-0.005,-0.01
T_HADHW-1,7,DF,-0.229,-0.458
T_HEYM2-D,7,DF,-13.796,-27.592
T_HEYM28,7,DF,-1.1400000000000001,-2.2800000000000002
T_HMGTO-2,7,DF,-0.53,-1.06
T_HOWAO-1,7,DF,-2.473,-4.946
T_HOWAO-2,7,DF,-2.52,-5.04
T_HOWAO-3,7,DF,-2.04,-4.08
T_HOWBO-1,7,DF,-1.627,-3.254
T_HOWBO-2,7,DF,-1.008,-2.016
T_HOWBO-3,7,DF,-0.046,-0.092
T_HRSTW-1,7,DF,-0.316,-0.632
T_HRTL-2,7,DF,-1.6400000000000001,-3.2800000000000002
T_HUMRD-1,7,DF,-24.45,-48.9
T_INDQ-1,7,DF,-1.16,-2.32
T_KEAD-1,7,DF,-0.92,-1.84
T_KEADGT-3,7,DF,-0.08,-0.16
T_KILLPG-1,7,DF,-0.376,-0.752
T_KILLPG-2,7,DF,-0.27,-0.54
T_LAGA-1,7,DF,-0.5,-1.0
T_LARKS-1,7,DF,-0.05,-0.1
T_LBAR-1G,7,DF,-0.01,-0.02
T_MIDMW-1,7,DF,-0.10200000000000001,-0.20400000000000001
T_MKHLW-1,7,DF,-0.14100000000000001,-0.28200000000000003
T_MOWEO-1,7,DF,-0.002,-0.004
T_MRWD-1,7,DF,-0.3,-0.6
T_PNYCB-1,7,DF,-0.01,-0.02
T_RCBKO-1,7,DF,-1.123,-2.246
T_RCBKO-2,7,DF,-1.097,-2.194
T_ROCK-1,7,DF,-1.5,-3.0
T_SCCL-4,7,DF,-24.37,-48.74
T_SEEL-1,7,DF,-0.18,-0.36
T_SGRWO-3,7,DF,-0.581,-1.162
T_SGRWO-4,7,DF,-0.486,-0.972
T_SGRWO-5,7,DF,-0.91,-1.82
T_SGRWO-6,7,DF,-1.483,-2.966
T_SHBA-2,7,DF,-0.246,-0.492
T_SHRSW-1,7,DF,-0.384,-0.768
T_SHRSW-2,7,DF,-0.364,-0.728
T_STLGW-3,7,DF,-0.036000000000000004,-0.07200000000000001
T_SUTB-1,7,DF,-0.4,-0.8
T_SVRP-10,7,DF,-0.25,-0.5
T_SVRP-20,7,DF,-0.2,-0.4
T_TKNEW-1,7,DF,-1.542,-3.084
T_TKNWW-1,7,DF,-0.002,-0.004
T_TORN-D,7,DF,-24.416,-48.832
T_TSREP-1,7,DF,-1.106,-2.212
T_WBURB-3,7,DF,-1.913,-3.826
T_WHILW-2,7,DF,-0.327,-0.654
T_WTMSO-1,7,DF,-1.526,-3.052
T_BLLA-1,8,DF,-0.082,-0.164
T_BPGRD-1,8,DF,-27.608,-55.216
T_CNQPS-1,8,DF,-0.9450000000000001,-1.8900000000000001
T_CNQPS-3,8,DF,-2.457,-4.914
T_CNQPS-4,8,DF,-1.764,-3.528
T_COSO-1,8,DF,-0.973,-1.946
T_CRGHD-1,8,DF,-0.003,-0.006
T_DAMC-1,8,DF,-1.96,-3.92
T_DDGNO-1,8,DF,-0.653,-1.306
T_DDGNO-2,8,DF,-0.5650000000000001,-1.1300000000000001
T_DDGNO-3,8,DF,-0.559,-1.118
T_DDGNO-4,8,DF,-0.641,-1.282
T_DIDCB6,8,DF,-0.7000000000000001,-1.4000000000000001
T_DINO-3,8,DF,-0.65,-1.3
T_DINO-5,8,DF,-0.7000000000000001,-1.4000000000000001
T_EWHLW-1,8,DF,-0.093,-0.186
T_FASN-1,8,DF,-0.003,-0.006
T_FASN-2,8,DF,-0.001,-0.002
T_FERGD-1,8,DF,-0.001,-0.002
T_FERGD-2,8,DF,-0.507,-1.014
T_FFES-1,8,DF,-36.188,-72.376
T_FFES-2,8,DF,-36.186,-72.372
T_FFES-3,8,DF,-0.01,-0.02
T_FFES-4,8,DF,-36.52,-73.04
T_FOYE-1,8,DF,-0.9500000000000001,-1.9000000000000001
T_FOYE-2,8,DF,-77.15,-154.3
T_FOYED-1,8,DF,-0.439,-0.878
T_FSDLW-1,8,DF,-0.006,-0.012
T_GLNDO-1,8,DF,-0.021,-0.042
T_GNAPW-1,8,DF,-0.057,-0.114
T_GNFSW-1,8,DF,-0.049,-0.098
T_GNFSW-2,8,DF,-0.096,-0.192
T_GRAI-7,8,DF,-0.3,-0.6
T_GYMRD-16,8,DF,-0.001,-0.002
T_GYMRD-E11,8,DF,-0.002,-0.004
T_GYMRD-W11,8,DF,-0.005,-0.01
T_HADHW-1,8,DF,-0.23500000000000001,-0.47000000000000003
T_HEYM2-D,8,DF,-13.772,-27.544
T_HEYM28,8,DF,-1.124,-2.248
T_HMGTO-2,8,DF,-0.578,-1.156
T_HOWAO-1,8,DF,-2.465,-4.93
T_HOWAO-2,8,DF,-2.521,-5.042
T_HOWAO-3,8,DF,-1.924,-3.848
T_HOWBO-1,8,DF,-1.921,-3.842
T_HOWBO-2,8,DF,-0.981,-1.962
T_HOWBO-3,8,DF,-0.2,-0.4
T_HRSTW-1,8,DF,-0.316,-0.632
T_HRTL-2,8,DF,-1.6400000000000001,-3.2800000000000002
T_HUMRD-1,8,DF,-25.48,-50.96
T_INDQ-1,8,DF,-1.155,-2.31
T_KEAD-1,8,DF,-0.92,-1.84
T_KEADGT-3,8,DF,-0.08,-0.16
T_KILLPG-1,8,DF,-0.377,-0.754
T_KILLPG-2,8,DF,-0.27,-0.54
T_LAGA-1,8,DF,-0.5,-1.0
T_LARKS-1,8,DF,-0.05,-0.1
T_LBAR-1G,8,DF,-0.01,-0.02
T_MIDMW-1,8,DF,-0.085,-0.17
T_MKHLW-1,8,DF,-0.092,-0.184
T_MOWEO-1,8,DF,-0.002,-0.004
T_MRWD-1,8,DF,-0.4,-0.8
T_PNYCB-1,8,DF,-0.01,-0.02
T_RCBKO-1,8,DF,-0.18,-0.36
T_RCBKO-2,8,DF,-1.103,-2.206
T_ROCK-1,8,DF,-1.6,-3.2
T_RREW-1,8,DF,-0.232,-0.464
T_RRWW-1,8,DF,-0.252,-0.504
T_SCCL-4,8,DF,-24.57,-49.14
T_SEEL-1,8,DF,-0.17200000000000001,-0.34400000000000003
T_SGRWO-3,8,DF,-0.581,-1.162
T_SGRWO-4,8,DF,-0.486,-0.972
T_SGRWO-5,8,DF,-0.893,-1.786
T_SGRWO-6,8,DF,-1.488,-2.976
T_SHBA-2,8,DF,-0.245,-0.49
T_SHRSW-1,8,DF,-0.385,-0.77
T_SHRSW-2,8,DF,-0.365,-0.73
T_STLGW-3,8,DF,-0.115,-0.23
T_SUTB-1,8,DF,-0.5,-1.0
T_SVRP-10,8,DF,-0.3,-0.6
T_SVRP-20,8,DF,-0.2,-0.4
T_TKNEW-1,8,DF,-2.569,-5.138
T_TKNWW-1,8,DF,-0.002,-0.004
T_TORN-D,8,DF,-24.42,-48.84
T_TSREP-1,8,DF,-1.069,-2.138
T_WBURB-3,8,DF,-1.4849999999999999,-2.9699999999999998
T_WHILW-2,8,DF,-0.268,-0.536
T_WTMSO-1,8,DF,-1.537,-3.074
T_BLLA-1,9,DF,-0.20400000000000001,-0.40800000000000003
T_BLLA-2,9,DF,-0.093,-0.186
T_BPGRD-1,9,DF,-27.477,-54.954
T_CNQPS-1,9,DF,-1.008,-2.016
T_CNQPS-3,9,DF,-2.457,-4.914
T_CNQPS-4,9,DF,-1.764,-3.528
T_COSO-1,9,DF,-0.9550000000000001,-1.9100000000000001
T_CRGHD-1,9,DF,-0.002,-0.004
T_DAMC-1,9,DF,-1.9500000000000002,-3.9000000000000004
T_DDGNO-1,9,DF,-0.648,-1.296
T_DDGNO-2,9,DF,-0.5660000000000001,-1.1320000000000001
T_DDGNO-3,9,DF,-0.5630000000000001,-1.1260000000000001
T_DDGNO-4,9,DF,-0.64,-1.28
T_DIDCB6,9,DF,-0.7000000000000001,-1.4000000000000001
T_DINO-3,9,DF,-0.65,-1.3
T_DINO-5,9,DF,-0.7000000000000001,-1.4000000000000001
T_DOUGW-1,9,DF,-0.101,-0.202
T_EAAO-1,9,DF,-0.671,-1.342
T_EAAO-2,9,DF,-1.0,-2.0
T_EWHLW-1,9,DF,-0.092,-0.184
T_FASN-1,9,DF,-0.003,-0.006
T_FASN-2,9,DF,-0.001,-0.002
T_FERGD-1,9,DF,-0.001,-0.002
T_FERGD-2,9,DF,-0.514,-1.028
T_FFES-1,9,DF,-36.068,-72.136
T_FFES-2,9,DF,-36.057,-72.114
T_FFES-3,9,DF,-0.02,-0.04
T_FFES-4,9,DF,-36.4,-72.8
T_FOYE-1,9,DF,-0.9500000000000001,-1.9000000000000001
T_FOYE-2,9,DF,-76.95,-153.9
T_FOYED-1,9,DF,-0.439,-0.878
T_FSDLW-1,9,DF,-0.027,-0.054
T_GLNDO-1,9,DF,-0.021,-0.042
T_GNAPW-1,9,DF,-0.057,-0.114
T_GRAI-7,9,DF,-0.3,-0.6
T_GYMRD-16,9,DF,-0.001,-0.002
T_GYMRD-E11,9,DF,-0.002,-0.004
T_GYMRD-W11,9,DF,-0.005,-0.01
T_HADHW-1,9,DF,-0.231,-0.462
T_HEYM2-D,9,DF,-13.708,-27.416
T_HEYM28,9,DF,-1.12,-2.24
T_HMGTO-2,9,DF,-0.529,-1.058
T_HOWAO-1,9,DF,-2.47,-4.94
T_HOWAO-2,9,DF,-2.528,-5.056
T_HOWAO-3,9,DF,-2.021,-4.042
T_HOWBO-1,9,DF,-2.132,-4.264
T_HOWBO-2,9,DF,-2.018,-4.036
T_HOWBO-3,9,DF,-0.738,-1.476
T_HRSTW-1,9,DF,-0.314,-0.628
T_HRTL-2,9,DF,-1.6360000000000001,-3.2720000000000002
T_HUMRD-1,9,DF,-25.5,-51.0
T_INDQ-1,9,DF,-1.155,-2.31
T_KEAD-1,9,DF,-0.92,-1.84
T_KEADGT-3,9,DF,-0.08,-0.16
T_KILLPG-1,9,DF,-0.377,-0.754
T_KILLPG-2,9,DF,-0.272,-0.544
T_LAGA-1,9,DF,-0.5,-1.0
T_LARKS-1,9,DF,-0.045,-0.09
T_LBAR-1G,9,DF,-0.01,-0.02
T_MIDMW-1,9,DF,-0.054,-0.108
T_MKHLW-1,9,DF,-0.063,-0.126
T_MOWEO-1,9,DF,-0.002,-0.004
T_MRWD-1,9,DF,-0.3,-0.6
T_PNYCB-1,9,DF,-0.015,-0.03
T_RCBKO-2,9,DF,-0.622,-1.244
T_ROCK-1,9,DF,-1.5,-3.0
T_RREW-1,9,DF,-0.23700000000000002,-0.47400000000000003
T_RRWW-1,9,DF,-0.246,-0.492
T_SCCL-4,9,DF,-24.61,-49.22
T_SEEL-1,9,DF,-0.171,-0.342
T_SGRWO-3,9,DF,-0.585,-1.17
T_SGRWO-4,9,DF,-0.49,-0.98
T_SGRWO-5,9,DF,-0.896,-1.792
T_SGRWO-6,9,DF,-1.4929999999999999,-2.9859999999999998
T_SHBA-2,9,DF,-0.247,-0.494
T_SHRSW-1,9,DF,-0.361,-0.722
T_SHRSW-2,9,DF,-0.325,-0.65
T_STLGW-3,9,DF,-0.18,-0.36
T_SUTB-1,9,DF,-0.4,-0.8
T_SVRP-10,9,DF,-0.25,-0.5
T_SVRP-20,9,DF,-0.2,-0.4
T_TKNEW-1,9,DF,-2.765,-5.53
T_TKNWW-1,9,DF,-0.002,-0.004
T_TORN-D,9,DF,-24.44,-48.88
T_TSREP-1,9,DF,-1.118,-2.236
T_WBURB-3,9,DF,-1.178,-2.356
T_WTMSO-1,9,DF,-1.546,-3.092
T_BLLA-1,10,DF,-0.257,-0.514
T_BLLA-2,10,DF,-0.1,-0.2
T_BPGRD-1,10,DF,-26.6,-53.2
T_CNQPS-1,10,DF,-0.9450000000000001,-1.8900000000000001
T_CNQPS-3,10,DF,-2.394,-4.788
T_CNQPS-4,10,DF,-1.764,-3.528
T_COSO-1,10,DF,-0.964,-1.928
T_CRGHD-1,10,DF,-0.003,-0.006
T_DALQW-1,10,DF,-0.066,-0.132
T_DAMC-1,10,DF,-1.9500000000000002,-3.9000000000000004
T_DDGNO-1,10,DF,-0.645,-1.29
T_DDGNO-2,10,DF,-0.5650000000000001,-1.1300000000000001
T_DDGNO-3,10,DF,-0.5660000000000001,-1.1320000000000001
T_DDGNO-4,10,DF,-0.649,-1.298
T_DIDCB6,10,DF,-0.7000000000000001,-1.4000000000000001
T_DINO-3,10,DF,-0.65,-1.3
T_DINO-5,10,DF,-0.7000000000000001,-1.4000000000000001
T_DOUGW-1,10,DF,-0.188,-0.376
T_EAAO-1,10,DF,-0.8160000000000001,-1.6320000000000001
T_EAAO-2,10,DF,-1.275,-2.55
T_EWHLW-1,10,DF,-0.092,-0.184
T_FASN-1,10,DF,-0.003,-0.006
T_FASN-2,10,DF,-0.001,-0.002
T_FERGD-1,10,DF,-0.001,-0.002
T_FERGD-2,10,DF,-0.71,-1.42
T_FFES-1,10,DF,-35.988,-71.976
T_FFES-2,10,DF,-35.977,-71.954
T_FFES-3,10,DF,-0.01,-0.02
T_FFES-4,10,DF,-36.32,-72.64
T_FOYE-1,10,DF,-0.9500000000000001,-1.9000000000000001
T_FOYE-2,10,DF,-76.95,-153.9
T_FOYED-1,10,DF,-0.44,-0.88
T_GLNDO-1,10,DF,-0.021,-0.042
T_GNAPW-1,10,DF,-0.055,-0.11
T_GRAI-7,10,DF,-0.25,-0.5
T_GRGBW-1,10,DF,-0.844,-1.688
T_GRGBW-3,10,DF,-0.8150000000000001,-1.6300000000000001
T_GYMRD-16,10,DF,-0.001,-0.002
T_GYMRD-E11,10,DF,-0.002,-0.004
T_GYMRD-W11,10,DF,-0.006,-0.012
T_HADHW-1,10,DF,-0.213,-0.426
T_HEYM2-D,10,DF,-13.696,-27.392
T_HEYM28,10,DF,-1.1280000000000001,-2.2560000000000002
T_HMGTO-2,10,DF,-0.443,-0.886
T_HOWAO-1,10,DF,-2.469,-4.938
T_HOWAO-2,10,DF,-2.515,-5.03
T_HOWAO-3,10,DF,-2.076,-4.152
T_HOWBO-1,10,DF,-2.293,-4.586
T_HOWBO-2,10,DF,-2.147,-4.294
T_HOWBO-3,10,DF,-1.248,-2.496
T_HRSTW-1,10,DF,-0.311,-0.622
T_HRTL-2,10,DF,-1.6280000000000001,-3.2560000000000002
T_HUMRD-1,10,DF,-25.21,-50.42
T_INDQ-1,10,DF,-1.16,-2.32
T_KEAD-1,10,DF,-0.92,-1.84
T_KEADGT-3,10,DF,-0.08,-0.16
T_KILLPG-1,10,DF,-0.377,-0.754
T_KILLPG-2,10,DF,-0.271,-0.542
T_LAGA-1,10,DF,-0.5,-1.0
T_LARKS-1,10,DF,-0.05,-0.1
T_LBAR-1G,10,DF,-0.01,-0.02
T_MIDMW-1,10,DF,-0.08600000000000001,-0.17200000000000001
T_MOWEO-1,10,DF,-0.002,-0.004
T_MRWD-1,10,DF,-0.3,-0.6
T_PNYCB-1,10,DF,-0.01,-0.02
T_ROCK-1,10,DF,-1.5,-3.0
T_RREW-1,10,DF,-0.209,-0.418
T_RRWW-1,10,DF,-0.158,-0.316
T_SCCL-4,10,DF,-24.49,-48.98
T_SEEL-1,10,DF,-0.187,-0.374
T_SGRWO-3,10,DF,-0.577,-1.154
T_SGRWO-4,10,DF,-0.487,-0.974
T_SGRWO-5,10,DF,-0.891,-1.782
T_SGRWO-6,10,DF,-1.487,-2.974
T_SHBA-2,10,DF,-0.244,-0.488
T_STLGW-3,10,DF,-0.121,-0.242
T_SUTB-1,10,DF,-0.4,-0.8
T_SVRP-10,10,DF,-0.3,-0.6
T_SVRP-20,10,DF,-0.2,-0.4
T_TKNEW-1,10,DF,-2.026,-4.052
T_TKNWW-1,10,DF,-0.002,-0.004
T_TORN-D,10,DF,-24.452,-48.904
T_TSREP-1,10,DF,-1.114,-2.228
T_WBURB-3,10,DF,-1.5630000000000002,-3.1260000000000003
T_WHILW-2,10,DF,-0.111,-0.222
T_WTMSO-1,10,DF,-1.5310000000000001,-3.0620000000000003
T_BEINW-1,11,DF,-0.168,-0.336
T_BLLA-1,11,DF,-0.228,-0.456
T_BLLA-2,11,DF,-0.088,-0.176
T_BPGRD-1,11,DF,-26.206,-52.412
T_CASKD-1,11,DF,-0.16,-0.32
T_CNQPS-1,11,DF,-1.008,-2.016
T_CNQPS-3,11,DF,-2.457,-4.914
T_CNQPS-4,11,DF,-1.764,-3.528
T_COSO-1,11,DF,-0.928,-1.856
T_CRGHD-1,11,DF,-0.003,-0.006
T_DALQW-1,11,DF,-0.035,-0.07
T_DAMC-1,11,DF,-1.945,-3.89
T_DDGNO-1,11,DF,-0.647,-1.294
T_DDGNO-2,11,DF,-0.5660000000000001,-1.1320000000000001
T_DDGNO-3,11,DF,-0.5680000000000001,-1.1360000000000001
T_DDGNO-4,11,DF,-0.648,-1.296
T_DIDCB6,11,DF,-0.7000000000000001,-1.4000000000000001
T_DINO-3,11,DF,-0.65,-1.3
T_DINO-5,11,DF,-0.7000000000000001,-1.4000000000000001
T_DOUGW-1,11,DF,-0.229,-0.458
T_EAAO-1,11,DF,-1.4969999999999999,-2.9939999999999998
T_EAAO-2,11,DF,-1.475,-2.95
T_EWHLW-1,11,DF,-0.092,-0.184
T_FASN-1,11,DF,-0.003,-0.006
T_FASN-2,11,DF,-0.001,-0.002
T_FERGD-1,11,DF,-0.001,-0.002
T_FERGD-2,11,DF,-0.862,-1.724
T_FFES-1,11,DF,-35.938,-71.876
T_FFES-2,11,DF,-35.947,-71.894
T_FFES-3,11,DF,-0.02,-0.04
T_FFES-4,11,DF,-36.29,-72.58
T_FOYE-1,11,DF,-0.9500000000000001,-1.9000000000000001
T_FOYE-2,11,DF,-77.05,-154.1
T_FOYED-1,11,DF,-0.457,-0.914
T_GANW-11,11,DF,-0.317,-0.634
T_GANW-13,11,DF,-0.25,-0.5
T_GANW-22,11,DF,-0.26,-0.52
T_GANW-24,11,DF,-0.29,-0.58
T_GNAPW-1,11,DF,-0.054,-0.108
T_GRAI-7,11,DF,-0.25,-0.5
T_GRGBW-1,11,DF,-1.124,-2.248
T_GRGBW-2,11,DF,-0.584,-1.168
T_GRGBW-3,11,DF,-1.147,-2.294
T_GYMRD-16,11,DF,-0.001,-0.002
T_GYMRD-E11,11,DF,-0.002,-0.004
T_GYMRD-W11,11,DF,-0.006,-0.012
T_HADHW-1,11,DF,-0.23800000000000002,-0.47600000000000003
T_HEYM2-D,11,DF,-13.708,-27.416
T_HEYM28,11,DF,-1.112,-2.224
T_HMGTO-1,11,DF,-0.23700000000000002,-0.47400000000000003
T_HMGTO-2,11,DF,-0.47800000000000004,-0.9560000000000001
T_HOWAO-1,11,DF,-2.483,-4.966
T_HOWAO-2,11,DF,-2.531,-5.062
T_HOWAO-3,11,DF,-2.04,-4.08
T_HOWBO-1,11,DF,-2.447,-4.894
T_HOWBO-2,11,DF,-1.235,-2.47
T_HOWBO-3,11,DF,-0.28,-0.56
T_HRSTW-1,11,DF,-0.305,-0.61
T_HRTL-2,11,DF,-1.6320000000000001,-3.2640000000000002
T_HUMRD-1,11,DF,-25.31,-50.62
T_INDQ-1,11,DF,-1.165,-2.33
T_KEAD-1,11,DF,-0.87,-1.74
T_KEADGT-3,11,DF,-0.08,-0.16
T_KILLPG-1,11,DF,-0.374,-0.748
T_KILLPG-2,11,DF,-0.272,-0.544
T_KPMRW-1,11,DF,-0.193,-0.386
T_LAGA-1,11,DF,-0.5,-1.0
T_LARKS-1,11,DF,-0.05,-0.1
T_LBAR-1G,11,DF,-0.01,-0.02
T_MIDMW-1,11,DF,-0.084,-0.168
T_MOWEO-1,11,DF,-0.002,-0.004
T_MRWD-1,11,DF,-0.4,-0.8
T_PNYCB-1,11,DF,-0.01,-0.02
T_ROCK-1,11,DF,-1.6,-3.2
T_RREW-1,11,DF,-0.203,-0.406
T_RRWW-1,11,DF,-0.123,-0.246
T_SCCL-4,11,DF,-24.41,-48.82
T_SEEL-1,11,DF,-0.17200000000000001,-0.34400000000000003
T_SGRWO-3,11,DF,-0.578,-1.156
T_SGRWO-4,11,DF,-0.485,-0.97
T_SGRWO-5,11,DF,-0.898,-1.796
T_SGRWO-6,11,DF,-1.446,-2.892
T_SHBA-2,11,DF,-0.24,-0.48
T_SUTB-1,11,DF,-0.4,-0.8
T_SVRP-10,11,DF,-0.25,-0.5
T_SVRP-20,11,DF,-0.2,-0.4
T_TKNWW-1,11,DF,-0.002,-0.004
T_TORN-D,11,DF,-24.916,-49.832
T_TSREP-1,11,DF,-1.125,-2.25
T_WBURB-3,11,DF,-3.107,-6.214
T_WBURB-43,11,DF,-0.043000000000000003,-0.08600000000000001
T_WHILW-2,11,DF,-0.308,-0.616
T_WTMSO-1,11,DF,-1.522,-3.044
T_BLLA-1,12,DF,-0.223,-0.446
T_BLLA-2,12,DF,-0.084,-0.168
T_BPGRD-1,12,DF,-26.189,-52.378
T_CASKD-1,12,DF,-0.11,-0.22
T_CNQPS-1,12,DF,-0.9450000000000001,-1.8900000000000001
T_CNQPS-3,12,DF,-2.457,-4.914
T_CNQPS-4,12,DF,-1.701,-3.402
T_COSO-1,12,DF,-1.005,-2.01
T_CRGHD-1,12,DF,-0.003,-0.006
T_DALQW-1,12,DF,-0.027,-0.054
T_DAMC-1,12,DF,-1.945,-3.89
T_DDGNO-1,12,DF,-0.662,-1.324
T_DDGNO-2,12,DF,-0.5710000000000001,-1.1420000000000001
T_DDGNO-3,12,DF,-0.5710000000000001,-1.1420000000000001
T_DDGNO-4,12,DF,-0.634,-1.268
T_DIDCB6,12,DF,-0.65,-1.3
T_DINO-3,12,DF,-0.65,-1.3
T_DINO-5,12,DF,-0.7000000000000001,-1.4000000000000001
T_DOUGW-1,12,DF,-0.248,-0.496
T_EAAO-1,12,DF,-0.842,-1.684
T_EAAO-2,12,DF,-0.605,-1.21
T_EWHLW-1,12,DF,-0.184,-0.368
T_FASN-1,12,DF,-0.003,-0.006
T_FASN-2,12,DF,-0.001,-0.002
T_FERGD-1,12,DF,-0.001,-0.002
T_FERGD-2,12,DF,-0.72,-1.44
T_FFES-1,12,DF,-36.218,-72.436
T_FFES-2,12,DF,-36.217,-72.434
T_FFES-3,12,DF,-0.01,-0.02
T_FFES-4,12,DF,-36.56,-73.12
T_FOYE-1,12,DF,-0.9500000000000001,-1.9000000000000001
T_FOYE-2,12,DF,-67.25,-134.5
T_FOYED-1,12,DF,-0.426,-0.852
T_GANW-11,12,DF,-0.367,-0.734
T_GANW-13,12,DF,-0.4,-0.8
T_GANW-22,12,DF,-0.38,-0.76
T_GANW-24,12,DF,-0.4,-0.8
T_GRAI-7,12,DF,-0.3,-0.6
T_GRGBW-1,12,DF,-1.076,-2.152
T_GRGBW-2,12,DF,-1.024,-2.048
T_GRGBW-3,12,DF,-1.1,-2.2
T_GYMRD-16,12,DF,-0.001,-0.002
T_GYMRD-E11,12,DF,-0.002,-0.004
T_GYMRD-W11,12,DF,-0.006,-0.012
T_HADHW-1,12,DF,-0.227,-0.454
T_HEYM2-D,12,DF,-13.796,-27.592
T_HEYM28,12,DF,-1.108,-2.216
T_HMGTO-1,12,DF,-0.579,-1.158
T_HMGTO-2,12,DF,-0.466,-0.932
T_HOWAO-1,12,DF,-2.5060000000000002,-5.0120000000000005
T_HOWAO-2,12,DF,-2.545,-5.09
T_HOWAO-3,12,DF,-2.396,-4.792
T_HOWBO-1,12,DF,-2.3609999999999998,-4.7219999999999995
T_HRTL-2,12,DF,-1.6360000000000001,-3.2720000000000002
T_HUMRD-1,12,DF,-25.45,-50.9
T_INDQ-1,12,DF,-1.16,-2.32
T_KEAD-1,12,DF,-0.97,-1.94
T_KEADGT-3,12,DF,-0.08,-0.16
T_KILLPG-1,12,DF,-0.373,-0.746
T_KILLPG-2,12,DF,-0.272,-0.544
T_LAGA-1,12,DF,-0.5,-1.0
T_LBAR-1G,12,DF,-0.01,-0.02
T_LNCSW-1,12,DF,-0.515,-1.03
T_LNCSW-2,12,DF,-0.274,-0.548
T_MIDMW-1,12,DF,-0.095,-0.19
T_MOWEO-1,12,DF,-0.002,-0.004
T_MRWD-1,12,DF,-0.3,-0.6
T_PNYCB-1,12,DF,-0.015,-0.03
T_ROCK-1,12,DF,-1.5,-3.0
T_RREW-1,12,DF,-0.23700000000000002,-0.47400000000000003
T_RRWW-1,12,DF,-0.25,-0.5
T_SCCL-4,12,DF,-24.64,-49.28
T_SEEL-1,12,DF,-0.17200000000000001,-0.34400000000000003
T_SGRWO-3,12,DF,-0.5760000000000001,-1.1520000000000001
T_SGRWO-4,12,DF,-0.49,-0.98
T_SGRWO-5,12,DF,-0.904,-1.808
T_SGRWO-6,12,DF,-1.439,-2.878
T_SHBA-2,12,DF,-0.23800000000000002,-0.47600000000000003
T_STLGW-3,12,DF,-0.045,-0.09
T_SUTB-1,12,DF,-0.4,-0.8
T_SVRP-10,12,DF,-0.25,-0.5
T_SVRP-20,12,DF,-0.15,-0.3
T_TKNWW-1,12,DF,-0.002,-0.004
T_TORN-D,12,DF,-25.372,-50.744
T_TSREP-1,12,DF,-1.058,-2.116
T_WBURB-41,12,DF,-0.16,-0.32
T_WBURB-43,12,DF,-0.34800000000000003,-0.6960000000000001
T_WHILW-1,12,DF,-0.17500000000000002,-0.35000000000000003
T_WHILW-2,12,DF,-0.338,-0.676
T_WTMSO-1,12,DF,-1.5150000000000001,-3.0300000000000002
T_BLLA-1,13,DF,-0.20400000000000001,-0.40800000000000003
T_BLLA-2,13,DF,-0.077,-0.154
T_BPGRD-1,13,DF,-26.181,-52.362
T_CNQPS-1,13,DF,-0.9450000000000001,-1.8900000000000001
T_CNQPS-3,13,DF,-2.457,-4.914
T_CNQPS-4,13,DF,-1.764,-3.528
T_COSO-1,13,DF,-1.351,-2.702
T_CRGHD-1,13,DF,-0.003,-0.006
T_DAMC-1,13,DF,-1.9500000000000002,-3.9000000000000004
T_DDGNO-2,13,DF,-0.073,-0.146
T_DDGNO-3,13,DF,-0.439,-0.878
T_DIDCB6,13,DF,-0.65,-1.3
T_DINO-3,13,DF,-0.7000000000000001,-1.4000000000000001
T_DINO-5,13,DF,-0.7000000000000001,-1.4000000000000001
T_DOUGW-1,13,DF,-0.17,-0.34
T_EAAO-1,13,DF,-1.619,-3.238
T_EAAO-2,13,DF,-1.709,-3.418
T_EWHLW-1,13,DF,-0.184,-0.368
T_FASN-1,13,DF,-0.003,-0.006
T_FASN-2,13,DF,-0.001,-0.002
T_FERGD-2,13,DF,-0.9590000000000001,-1.9180000000000001
T_FFES-1,13,DF,-1.318,-2.636
T_FFES-2,13,DF,-2.379,-4.758
T_FFES-3,13,DF,-0.02,-0.04
T_FFES-4,13,DF,-3.77,-7.54
T_FOYE-1,13,DF,-0.7000000000000001,-1.4000000000000001
T_FOYE-2,13,DF,-0.9500000000000001,-1.9000000000000001
T_FOYED-1,13,DF,-0.399,-0.798
T_GANW-11,13,DF,-0.378,-0.756
T_GANW-13,13,DF,-0.41000000000000003,-0.8200000000000001
T_GANW-22,13,DF,-0.38,-0.76
T_GANW-24,13,DF,-0.38,-0.76
T_GRAI-7,13,DF,-0.25,-0.5
T_GRGBW-1,13,DF,-1.066,-2.132
T_GRGBW-2,13,DF,-0.9460000000000001,-1.8920000000000001
T_GRGBW-3,13,DF,-1.04,-2.08
T_GYMRD-16,13,DF,-0.001,-0.002
T_GYMRD-E11,13,DF,-0.002,-0.004
T_GYMRD-W11,13,DF,-0.006,-0.012
T_HADHW-1,13,DF,-0.213,-0.426
T_HEYM2-D,13,DF,-13.724,-27.448
T_HEYM28,13,DF,-1.124,-2.248
T_HMGTO-1,13,DF,-0.47000000000000003,-0.9400000000000001
T_HMGTO-2,13,DF,-0.456,-0.912
T_HOWAO-1,13,DF,-2.4939999999999998,-4.9879999999999995
T_HOWAO-2,13,DF,-2.534,-5.068
T_HOWAO-3,13,DF,-2.314,-4.628
T_HOWBO-1,13,DF,-2.324,-4.648
T_HRTL-2,13,DF,-1.6400000000000001,-3.2800000000000002
T_HUMRD-1,13,DF,-25.3,-50.6
T_INDQ-1,13,DF,-1.085,-2.17
T_KEAD-1,13,DF,-0.87,-1.74
T_KEADGT-3,13,DF,-0.08,-0.16
T_KILLPG-1,13,DF,-0.375,-0.75
T_KILLPG-2,13,DF,-0.274,-0.548
T_KTHLW-1,13,DF,-0.002,-0.004
T_LAGA-1,13,DF,-0.4,-0.8
T_LBAR-1G,13,DF,-0.01,-0.02
T_LNCSW-1,13,DF,-0.451,-0.902
T_LNCSW-2,13,DF,-0.5700000000000001,-1.1400000000000001
T_MIDMW-1,13,DF,-0.028,-0.056
T_MOWEO-1,13,DF,-0.002,-0.004
T_MRWD-1,13,DF,-0.3,-0.6
T_MYGPW-1,13,DF,-0.031,-0.062
T_PNYCB-1,13,DF,-0.01,-0.02
T_ROCK-1,13,DF,-1.5,-3.0
T_RREW-1,13,DF,-0.242,-0.484
T_RRWW-1,13,DF,-0.248,-0.496
T_SCCL-4,13,DF,-24.3,-48.6
T_SEEL-1,13,DF,-0.169,-0.338
T_SGRWO-3,13,DF,-0.579,-1.158
T_SGRWO-4,13,DF,-0.49,-0.98
T_SGRWO-5,13,DF,-0.888,-1.776
T_SGRWO-6,13,DF,-1.445,-2.89
T_SHBA-2,13,DF,-0.23800000000000002,-0.47600000000000003
T_SUTB-1,13,DF,-0.4,-0.8
T_SVRP-10,13,DF,-0.3,-0.6
T_SVRP-20,13,DF,-0.2,-0.4
T_TKNWW-1,13,DF,-0.002,-0.004
T_TORN-D,13,DF,-25.264,-50.528
T_TSREP-1,13,DF,-1.061,-2.122
T_WBURB-43,13,DF,-0.403,-0.806
T_WHILW-1,13,DF,-0.8250000000000001,-1.6500000000000001
T_WHILW-2,13,DF,-0.332,-0.664
T_WTMSO-1,13,DF,-1.499,-2.998
T_BLLA-1,14,DF,-0.211,-0.422
T_BPGRD-1,14,DF,-26.201,-52.402
T_CASKD-1,14,DF,-0.22,-0.44
T_CNQPS-1,14,DF,-1.008,-2.016
T_CNQPS-3,14,DF,-2.457,-4.914
T_CNQPS-4,14,DF,-1.764,-3.528
T_COSO-1,14,DF,-1.045,-2.09
T_CRGHD-1,14,DF,-0.003,-0.006
T_DALQW-1,14,DF,-0.079,-0.158
T_DAMC-1,14,DF,-1.96,-3.92
T_DIDCB6,14,DF,-0.65,-1.3
T_DINO-3,14,DF,-0.65,-1.3
T_DINO-5,14,DF,-0.7000000000000001,-1.4000000000000001
T_DNLWW-1,14,DF,-0.025,-0.05
T_DOUGW-1,14,DF,-0.244,-0.488
T_EWHLW-1,14,DF,-0.181,-0.362
T_FASN-1,14,DF,-0.003,-0.006
T_FASN-2,14,DF,-0.001,-0.002
T_FERGD-1,14,DF,-0.057,-0.114
T_FERGD-2,14,DF,-0.889,-1.778
T_FFES-1,14,DF,-0.617,-1.234
T_FFES-3,14,DF,-0.01,-0.02
T_FFES-4,14,DF,-0.79,-1.58
T_FOYED-1,14,DF,-0.527,-1.054
T_GANW-11,14,DF,-0.366,-0.732
T_GANW-13,14,DF,-0.11,-0.22
T_GANW-22,14,DF,-0.38,-0.76
T_GANW-24,14,DF,-0.35000000000000003,-0.7000000000000001
T_GRAI-7,14,DF,-0.25,-0.5
T_GRGBW-1,14,DF,-0.985,-1.97
T_GRGBW-2,14,DF,-0.647,-1.294
T_GRGBW-3,14,DF,-0.9450000000000001,-1.8900000000000001
T_GYMRD-16,14,DF,-0.001,-0.002
T_GYMRD-E11,14,DF,-0.002,-0.004
T_GYMRD-W11,14,DF,-0.005,-0.01
T_HADHW-1,14,DF,-0.20800000000000002,-0.41600000000000004
T_HEYM2-D,14,DF,-13.728,-27.456
T_HEYM28,14,DF,-1.116,-2.232
T_HMGTO-1,14,DF,-0.559,-1.118
T_HMGTO-2,14,DF,-0.447,-0.894
T_HOWAO-1,14,DF,-1.337,-2.674
T_HOWAO-2,14,DF,-2.539,-5.078
T_HOWAO-3,14,DF,-2.454,-4.908
T_HOWBO-1,14,DF,-1.803,-3.606
T_HRTL-2,14,DF,-1.6280000000000001,-3.2560000000000002
T_HUMRD-1,14,DF,-25.04,-50.08
T_INDQ-1,14,DF,-1.045,-2.09
T_KEAD-1,14,DF,-0.92,-1.84
T_KEADGT-3,14,DF,-0.08,-0.16
T_KILLPG-1,14,DF,-0.376,-0.752
T_KILLPG-2,14,DF,-0.275,-0.55
T_LAGA-1,14,DF,-0.5,-1.0
T_LBAR-1G,14,DF,-0.01,-0.02
T_LNCSW-1,14,DF,-0.462,-0.924
T_LNCSW-2,14,DF,-0.53,-1.06
T_MIDMW-1,14,DF,-0.07200000000000001,-0.14400000000000002
T_MOWEO-1,14,DF,-0.002,-0.004
T_MRWD-1,14,DF,-0.3,-0.6
T_PNYCB-1,14,DF,-0.01,-0.02
T_ROCK-1,14,DF,-1.5,-3.0
T_RREW-1,14,DF,-0.19,-0.38
T_SCCL-4,14,DF,-24.27,-48.54
T_SEEL-1,14,DF,-0.185,-0.37
T_SGRWO-3,14,DF,-0.5760000000000001,-1.1520000000000001
T_SGRWO-4,14,DF,-0.49,-0.98
T_SGRWO-5,14,DF,-0.885,-1.77
T_SGRWO-6,14,DF,-1.451,-2.902
T_SHBA-2,14,DF,-0.23700000000000002,-0.47400000000000003
T_STLGW-2,14,DF,-0.036000000000000004,-0.07200000000000001
T_SUTB-1,14,DF,-0.4,-0.8
T_SVRP-10,14,DF,-0.25,-0.5
T_SVRP-20,14,DF,-0.2,-0.4
T_TKNWW-1,14,DF,-0.002,-0.004
T_TORN-D,14,DF,-25.296,-50.592
T_TSREP-1,14,DF,-1.1219999999999999,-2.2439999999999998
T_WBURB-41,14,DF,-0.15,-0.3
T_WBURB-43,14,DF,-0.089,-0.178
T_WHILW-2,14,DF,-0.313,-0.626
T_WTMSO-1,14,DF,-1.514,-3.028
T_BLLA-1,15,DF,-0.169,-0.338
T_BPGRD-1,15,DF,-26.185,-52.37
T_CASKD-1,15,DF,-0.76,-1.52
T_CNQPS-1,15,DF,-0.9450000000000001,-1.8900000000000001
T_CNQPS-3,15,DF,-2.394,-4.788
T_CNQPS-4,15,DF,-1.764,-3.528
T_COSO-1,15,DF,-0.999,-1.998
T_CRGHD-1,15,DF,-0.003,-0.006
T_DALQW-1,15,DF,-0.055,-0.11
T_DAMC-1,15,DF,-1.96,-3.92
T_DIDCB6,15,DF,-0.6,-1.2
T_DINO-3,15,DF,-0.65,-1.3
T_DINO-5,15,DF,-0.7000000000000001,-1.4000000000000001
T_DNLWW-1,15,DF,-0.003,-0.006
T_DOUGW-1,15,DF,-0.23800000000000002,-0.47600000000000003
T_EDINW-1,15,DF,-0.005,-0.01
T_EWHLW-1,15,DF,-0.184,-0.368
T_FASN-1,15,DF,-0.003,-0.006
T_FASN-2,15,DF,-0.001,-0.002
T_FERGD-1,15,DF,-0.279,-0.558
T_FERGD-2,15,DF,-0.761,-1.522
T_FFES-3,15,DF,-0.02,-0.04
T_FFES-4,15,DF,-0.8,-1.6
T_FOYE-1,15,DF,-0.9500000000000001,-1.9000000000000001
T_FOYED-1,15,DF,-0.549,-1.098
T_FSDLW-1,15,DF,-0.007,-0.014
T_GANW-11,15,DF,-0.047,-0.094
T_GANW-22,15,DF,-0.37,-0.74
T_GANW-24,15,DF,-0.28,-0.56
T_GRAI-7,15,DF,-0.3,-0.6
T_GYMRD-16,15,DF,-0.001,-0.002
T_GYMRD-E11,15,DF,-0.002,-0.004
T_GYMRD-W11,15,DF,-0.006,-0.012
T_HADHW-1,15,DF,-0.215,-0.43
T_HEYM2-D,15,DF,-13.784,-27.568
T_HEYM28,15,DF,-1.116,-2.232
T_HMGTO-1,15,DF,-0.47900000000000004,-0.9580000000000001
T_HMGTO-2,15,DF,-0.393,-0.786
T_HOWAO-2,15,DF,-2.415,-4.83
T_HOWAO-3,15,DF,-2.422,-4.844
T_HOWBO-1,15,DF,-1.2850000000000001,-2.5700000000000003
T_HRTL-2,15,DF,-1.6320000000000001,-3.2640000000000002
T_HUMRD-1,15,DF,-25.09,-50.18
T_INDQ-1,15,DF,-1.04,-2.08
T_KEAD-1,15,DF,-0.915,-1.83
T_KEADGT-3,15,DF,-0.085,-0.17
T_KILLPG-1,15,DF,-0.375,-0.75
T_KILLPG-2,15,DF,-0.272,-0.544
T_LAGA-1,15,DF,-0.5,-1.0
T_LBAR-1G,15,DF,-0.01,-0.02
T_LNCSW-1,15,DF,-0.465,-0.93
T_LNCSW-2,15,DF,-0.542,-1.084
T_MIDMW-1,15,DF,-0.099,-0.198
T_MOWEO-1,15,DF,-0.002,-0.004
T_MRWD-1,15,DF,-0.4,-0.8
T_MYGPW-1,15,DF,-0.033,-0.066
T_PNYCB-1,15,DF,-0.01,-0.02
T_RCBKO-1,15,DF,-1.204,-2.408
T_RCBKO-2,15,DF,-1.003,-2.006
T_ROCK-1,15,DF,-1.6,-3.2
T_SCCL-4,15,DF,-24.29,-48.58
T_SEEL-1,15,DF,-0.17,-0.34
T_SGRWO-3,15,DF,-0.578,-1.156
T_SGRWO-4,15,DF,-0.49,-0.98
T_SGRWO-5,15,DF,-0.888,-1.776
T_SGRWO-6,15,DF,-1.451,-2.902
T_SHBA-2,15,DF,-0.241,-0.482
T_SUTB-1,15,DF,-0.4,-0.8
T_SVRP-10,15,DF,-0.3,-0.6
T_SVRP-20,15,DF,-0.2,-0.4
T_TKNWW-1,15,DF,-0.002,-0.004
T_TORN-D,15,DF,-25.276,-50.552
T_TSREP-1,15,DF,-1.18,-2.36
T_WHILW-1,15,DF,-0.41500000000000004,-0.8300000000000001
T_WHILW-2,15,DF,-0.318,-0.636
T_WTMSO-1,15,DF,-1.4969999999999999,-2.9939999999999998
T_BPGRD-1,16,DF,-26.21,-52.42
T_CASKD-1,16,DF,-0.99,-1.98
T_CNQPS-1,16,DF,-1.008,-2.016
T_CNQPS-3,16,DF,-2.457,-4.914
T_CNQPS-4,16,DF,-1.701,-3.402
T_COSO-1,16,DF,-0.961,-1.922
T_CRGHD-1,16,DF,-0.003,-0.006
T_DAMC-1,16,DF,-1.96,-3.92
T_DIDCB6,16,DF,-0.65,-1.3
T_DINO-3,16,DF,-0.65,-1.3
T_DINO-5,16,DF,-0.7000000000000001,-1.4000000000000001
T_DNLWW-1,16,DF,-0.029,-0.058
T_DOUGW-1,16,DF,-0.177,-0.354
T_EWHLW-1,16,DF,-0.181,-0.362
T_FASN-1,16,DF,-0.003,-0.006
T_FASN-2,16,DF,-0.001,-0.002
T_FERGD-1,16,DF,-0.304,-0.608
T_FERGD-2,16,DF,-0.8270000000000001,-1.6540000000000001
T_FFES-3,16,DF,-0.01,-0.02
T_FFES-4,16,DF,-0.8,-1.6
T_FOYE-1,16,DF,-0.9500000000000001,-1.9000000000000001
T_FOYED-1,16,DF,-0.501,-1.002
T_GRAI-7,16,DF,-0.25,-0.5
T_GYMRD-16,16,DF,-0.001,-0.002
T_GYMRD-E11,16,DF,-0.002,-0.004
T_GYMRD-W11,16,DF,-0.005,-0.01
T_HADHW-1,16,DF,-0.198,-0.396
T_HEYM2-D,16,DF,-13.812,-27.624
T_HEYM28,16,DF,-1.1360000000000001,-2.2720000000000002
T_HMGTO-1,16,DF,-0.387,-0.774
T_HMGTO-2,16,DF,-0.381,-0.762
T_HOWAO-1,16,DF,-0.611,-1.222
T_HOWAO-2,16,DF,-2.45,-4.9
T_HOWAO-3,16,DF,-2.002,-4.004
T_HOWBO-1,16,DF,-0.914,-1.828
T_HOWBO-2,16,DF,-0.901,-1.802
T_HOWBO-3,16,DF,-0.706,-1.412
T_HRTL-2,16,DF,-1.6400000000000001,-3.2800000000000002
T_HUMRD-1,16,DF,-25.13,-50.26
T_INDQ-1,16,DF,-1.035,-2.07
T_KEAD-1,16,DF,-0.97,-1.94
T_KEADGT-3,16,DF,-0.08,-0.16
T_KILLPG-1,16,DF,-0.376,-0.752
T_KILLPG-2,16,DF,-0.274,-0.548
T_KTHLW-1,16,DF,-0.003,-0.006
T_LAGA-1,16,DF,-0.5,-1.0
T_LBAR-1G,16,DF,-0.01,-0.02
T_LNCSW-1,16,DF,-0.47800000000000004,-0.9560000000000001
T_LNCSW-2,16,DF,-0.577,-1.154
T_MOWEO-1,16,DF,-0.002,-0.004
T_MRWD-1,16,DF,-0.3,-0.6
T_MYGPW-1,16,DF,-0.006,-0.012
T_PNYCB-1,16,DF,-0.015,-0.03
T_RCBKO-1,16,DF,-1.194,-2.388
T_RCBKO-2,16,DF,-1.163,-2.326
T_ROCK-1,16,DF,-1.5,-3.0
T_SCCL-4,16,DF,-24.34,-48.68
T_SEEL-1,16,DF,-0.171,-0.342
T_SGRWO-3,16,DF,-0.578,-1.156
T_SGRWO-4,16,DF,-0.492,-0.984
T_SGRWO-5,16,DF,-0.889,-1.778
T_SGRWO-6,16,DF,-1.447,-2.894
T_SHBA-2,16,DF,-0.241,-0.482
T_SHRSW-1,16,DF,-0.431,-0.862
T_SHRSW-2,16,DF,-0.359,-0.718
T_SUTB-1,16,DF,-0.5,-1.0
T_SVRP-10,16,DF,-0.25,-0.5
T_SVRP-20,16,DF,-0.2,-0.4
T_TKNWW-1,16,DF,-0.002,-0.004
T_TORN-D,16,DF,-25.328,-50.656
T_TSREP-1,16,DF,-1.109,-2.218
T_WBURB-41,16,DF,-0.062,-0.124
T_WBURB-43,16,DF,-0.14200000000000002,-0.28400000000000003
T_WHILW-1,16,DF,-0.835,-1.67
T_WHILW-2,16,DF,-0.306,-0.612
T_WTMSO-1,16,DF,-1.496,-2.992
T_BLLA-1,17,DF,-0.23700000000000002,-0.47400000000000003
T_BLLA-2,17,DF,-0.10400000000000001,-0.20800000000000002
T_BPGRD-1,17,DF,-26.552,-53.104
T_CASKD-1,17,DF,-0.6,-1.2
T_CNQPS-1,17,DF,-0.9450000000000001,-1.8900000000000001
T_CNQPS-3,17,DF,-2.457,-4.914
T_CNQPS-4,17,DF,-1.764,-3.528
T_COSO-1,17,DF,-1.0,-2.0
T_CRGHD-1,17,DF,-0.003,-0.006
T_DAMC-1,17,DF,-1.97,-3.94
T_DIDCB6,17,DF,-0.65,-1.3
T_DINO-3,17,DF,-0.7000000000000001,-1.4000000000000001
T_DINO-5,17,DF,-0.7000000000000001,-1.4000000000000001
T_EWHLW-1,17,DF,-0.186,-0.372
T_FASN-1,17,DF,-0.003,-0.006
T_FASN-2,17,DF,-0.001,-0.002
T_FERGD-1,17,DF,-0.322,-0.644
T_FERGD-2,17,DF,-0.838,-1.676
T_FFES-1,17,DF,-0.616,-1.232
T_FFES-2,17,DF,-0.646,-1.292
T_FFES-3,17,DF,-0.02,-0.04
T_FFES-4,17,DF,-0.79,-1.58
T_FOYE-1,17,DF,-0.9500000000000001,-1.9000000000000001
T_FOYED-1,17,DF,-0.494,-0.988
T_GRAI-7,17,DF,-0.3,-0.6
T_GYMRD-16,17,DF,-0.001,-0.002
T_GYMRD-E11,17,DF,-0.002,-0.004
T_GYMRD-W11,17,DF,-0.006,-0.012
T_HADHW-1,17,DF,-0.182,-0.364
T_HEYM2-D,17,DF,-13.904,-27.808
T_HEYM28,17,DF,-1.124,-2.248
T_HMGTO-1,17,DF,-0.45,-0.9
T_HMGTO-2,17,DF,-0.402,-0.804
T_HOWAO-1,17,DF,-2.475,-4.95
T_HOWAO-2,17,DF,-2.5220000000000002,-5.0440000000000005
T_HOWAO-3,17,DF,-2.279,-4.558
T_HOWBO-1,17,DF,-1.201,-2.402
T_HOWBO-2,17,DF,-1.9649999999999999,-3.9299999999999997
T_HOWBO-3,17,DF,-1.512,-3.024
T_HRTL-2,17,DF,-1.6520000000000001,-3.3040000000000003
T_HUMRD-1,17,DF,-25.22,-50.44
T_INDQ-1,17,DF,-1.05,-2.1
T_KEAD-1,17,DF,-0.92,-1.84
T_KEADGT-3,17,DF,-0.08,-0.16
T_KILLPG-1,17,DF,-0.373,-0.746
T_KILLPG-2,17,DF,-0.271,-0.542
T_LAGA-1,17,DF,-0.5,-1.0
T_LBAR-1G,17,DF,-0.01,-0.02
T_LNCSW-1,17,DF,-0.468,-0.936
T_LNCSW-2,17,DF,-0.614,-1.228
T_MOWEO-1,17,DF,-0.002,-0.004
T_MRWD-1,17,DF,-0.4,-0.8
T_MYGPW-1,17,DF,-0.047,-0.094
T_PNYCB-1,17,DF,-0.01,-0.02
T_RCBKO-1,17,DF,-1.163,-2.326
T_RCBKO-2,17,DF,-1.1360000000000001,-2.2720000000000002
T_ROCK-1,17,DF,-1.6,-3.2
T_SCCL-4,17,DF,-24.53,-49.06
T_SEEL-1,17,DF,-0.17300000000000001,-0.34600000000000003
T_SGRWO-3,17,DF,-0.581,-1.162
T_SGRWO-4,17,DF,-0.489,-0.978
T_SGRWO-5,17,DF,-0.885,-1.77
T_SGRWO-6,17,DF,-1.444,-2.888
T_SHBA-2,17,DF,-0.24,-0.48
T_SHRSW-1,17,DF,-0.396,-0.792
T_SHRSW-2,17,DF,-0.387,-0.774
T_SUTB-1,17,DF,-0.5,-1.0
T_SVRP-10,17,DF,-0.25,-0.5
T_SVRP-20,17,DF,-0.2,-0.4
T_TKNEW-1,17,DF,-2.519,-5.038
T_TKNWW-1,17,DF,-0.002,-0.004
T_TORN-D,17,DF,-25.5,-51.0
T_TSREP-1,17,DF,-1.086,-2.172
T_WBURB-41,17,DF,-0.432,-0.864
T_WBURB-43,17,DF,-0.417,-0.834
T_WHILW-1,17,DF,-0.5750000000000001,-1.1500000000000001
T_WHILW-2,17,DF,-0.312,-0.624
T_WTMSO-1,17,DF,-1.5150000000000001,-3.0300000000000002
T_AKGLW-2,18,DF,-0.131,-0.262
T_AKGLW-3,18,DF,-0.139,-0.278
T_BLLA-1,18,DF,-0.267,-0.534
T_BLLA-2,18,DF,-0.084,-0.168
T_BPGRD-1,18,DF,-26.623,-53.246
T_CASKD-1,18,DF,-0.71,-1.42
T_CNQPS-1,18,DF,-0.9450000000000001,-1.8900000000000001
T_CNQPS-3,18,DF,-2.457,-4.914
T_CNQPS-4,18,DF,-1.764,-3.528
T_COSO-1,18,DF,-1.05,-2.1
T_CRGHD-1,18,DF,-0.003,-0.006
T_CRYRW-3,18,DF,-0.096,-0.192
T_DALQW-1,18,DF,-0.055,-0.11
T_DAMC-1,18,DF,-2.345,-4.69
T_DIDCB6,18,DF,-0.6,-1.2
T_DINO-3,18,DF,-0.7000000000000001,-1.4000000000000001
T_DINO-5,18,DF,-0.8,-1.6
T_DNLWW-1,18,DF,-0.078,-0.156
T_DOUGW-1,18,DF,-0.159,-0.318
T_EAAO-1,18,DF,-0.034,-0.068
T_EAAO-2,18,DF,-0.514,-1.028
T_EWHLW-1,18,DF,-0.179,-0.358
T_FASN-1,18,DF,-0.003,-0.006
T_FASN-2,18,DF,-0.001,-0.002
T_FERGD-1,18,DF,-0.375,-0.75
T_FERGD-2,18,DF,-0.9430000000000001,-1.8860000000000001
T_FFES-1,18,DF,-0.617,-1.234
T_FFES-2,18,DF,-0.249,-0.498
T_FFES-3,18,DF,-0.01,-0.02
T_FFES-4,18,DF,-0.8,-1.6
T_FOYE-1,18,DF,-1.0,-2.0
T_FOYED-1,18,DF,-0.52,-1.04
T_GRAI-7,18,DF,-0.25,-0.5
T_GYMRD-16,18,DF,-0.001,-0.002
T_GYMRD-E11,18,DF,-0.002,-0.004
T_GYMRD-W11,18,DF,-0.006,-0.012
T_HADHW-1,18,DF,-0.203,-0.406
T_HEYM2-D,18,DF,-13.892,-27.784
T_HEYM28,18,DF,-1.12,-2.24
T_HMGTO-1,18,DF,-0.079,-0.158
T_HOWAO-1,18,DF,-2.115,-4.23
T_HOWAO-2,18,DF,-2.51,-5.02
T_HOWAO-3,18,DF,-2.205,-4.41
T_HOWBO-1,18,DF,-0.687,-1.374
T_HOWBO-2,18,DF,-1.271,-2.542
T_HRTL-2,18,DF,-1.6480000000000001,-3.2960000000000003
T_HUMRD-1,18,DF,-24.44,-48.88
T_INDQ-1,18,DF,-1.045,-2.09
T_KEAD-1,18,DF,-0.92,-1.84
T_KEADGT-3,18,DF,-0.08,-0.16
T_KILLPG-1,18,DF,-0.374,-0.748
T_KILLPG-2,18,DF,-0.272,-0.544
T_KTHLW-1,18,DF,-0.016,-0.032
T_LAGA-1,18,DF,-0.5,-1.0
T_LNCSW-1,18,DF,-0.47700000000000004,-0.9540000000000001
T_LNCSW-2,18,DF,-0.577,-1.154
T_MOWEO-1,18,DF,-0.002,-0.004
T_MRWD-1,18,DF,-0.5,-1.0
T_MYGPW-1,18,DF,-0.002,-0.004
T_PNYCB-1,18,DF,-0.01,-0.02
T_RCBKO-1,18,DF,-1.118,-2.236
T_RCBKO-2,18,DF,-1.072,-2.144
T_ROCK-1,18,DF,-1.1,-2.2
T_SCCL-4,18,DF,-24.58,-49.16
T_SEEL-1,18,DF,-0.326,-0.652
T_SGRWO-3,18,DF,-0.579,-1.158
T_SGRWO-4,18,DF,-0.487,-0.974
T_SGRWO-5,18,DF,-0.882,-1.764
T_SGRWO-6,18,DF,-1.433,-2.866
T_SHBA-2,18,DF,-0.241,-0.482
T_SHRSW-1,18,DF,-0.383,-0.766
T_SHRSW-2,18,DF,-0.373,-0.746
T_SUTB-1,18,DF,-0.5,-1.0
T_SVRP-10,18,DF,-0.3,-0.6
T_SVRP-20,18,DF,-0.2,-0.4
T_TDBNW-1,18,DF,-0.044,-0.088
T_TKNEW-1,18,DF,-2.074,-4.148
T_TKNWW-1,18,DF,-0.002,-0.004
T_TORN-D,18,DF,-25.488,-50.976
T_TSREP-1,18,DF,-1.045,-2.09
T_WBURB-41,18,DF,-0.318,-0.636
T_WBURB-43,18,DF,-0.321,-0.642
T_WHILW-2,18,DF,-0.305,-0.61
T_WTMSO-1,18,DF,-1.473,-2.946
T_AKGLW-2,19,DF,-0.145,-0.29
T_AKGLW-3,19,DF,-0.14100000000000001,-0.28200000000000003
T_BLLA-1,19,DF,-0.254,-0.508
T_BLLA-2,19,DF,-0.073,-0.146
T_BPGRD-1,19,DF,-26.662,-53.324
T_CASKD-1,19,DF,-1.8599999999999999,-3.7199999999999998
T_CNQPS-1,19,DF,-0.9450000000000001,-1.8900000000000001
T_CNQPS-3,19,DF,-2.457,-4.914
T_CNQPS-4,19,DF,-1.764,-3.528
T_COSO-1,19,DF,-1.058,-2.116
T_CRGHD-1,19,DF,-0.003,-0.006
T_CRYRW-3,19,DF,-0.096,-0.192
T_DDGNO-1,19,DF,-0.418,-0.836
T_DDGNO-2,19,DF,-0.483,-0.966
T_DDGNO-3,19,DF,-0.289,-0.578
T_DDGNO-4,19,DF,-0.34500000000000003,-0.6900000000000001
T_DIDCB6,19,DF,-0.65,-1.3
T_DINO-3,19,DF,-0.75,-1.5
T_DINO-5,19,DF,-0.7000000000000001,-1.4000000000000001
T_DOUGW-1,19,DF,-0.065,-0.13
T_EAAO-1,19,DF,-1.2770000000000001,-2.5540000000000003
T_EAAO-2,19,DF,-0.922,-1.844
T_EWHLW-1,19,DF,-0.171,-0.342
T_FASN-1,19,DF,-0.003,-0.006
T_FASN-2,19,DF,-0.001,-0.002
T_FERGD-1,19,DF,-0.422,-0.844
T_FERGD-2,19,DF,-0.794,-1.588
T_FFES-1,19,DF,-0.608,-1.216
T_FFES-2,19,DF,-0.011,-0.022
T_FFES-3,19,DF,-0.02,-0.04
T_FFES-4,19,DF,-0.79,-1.58
T_FOYE-1,19,DF,-0.9500000000000001,-1.9000000000000001
T_FOYED-1,19,DF,-0.529,-1.058
T_GRAI-7,19,DF,-0.3,-0.6
T_GYMRD-16,19,DF,-0.001,-0.002
T_GYMRD-E11,19,DF,-0.001,-0.002
T_GYMRD-W11,19,DF,-0.005,-0.01
T_HADHW-1,19,DF,-0.15,-0.3
T_HEYM2-D,19,DF,-13.836,-27.672
T_HEYM28,19,DF,-1.12,-2.24
T_HOWAO-2,19,DF,-0.926,-1.852
T_HOWAO-3,19,DF,-1.702,-3.404
T_HOWBO-2,19,DF,-1.6179999999999999,-3.2359999999999998
T_HOWBO-3,19,DF,-0.81,-1.62
T_HRSTW-1,19,DF,-0.218,-0.436
T_HRTL-2,19,DF,-1.6440000000000001,-3.2880000000000003
T_HUMRD-1,19,DF,-23.82,-47.64
T_INDQ-1,19,DF,-1.03,-2.06
T_KEAD-1,19,DF,-0.92,-1.84
T_KEADGT-3,19,DF,-0.08,-0.16
T_KILLPG-1,19,DF,-0.387,-0.774
T_KILLPG-2,19,DF,-0.28300000000000003,-0.5660000000000001
T_LAGA-1,19,DF,-0.6,-1.2
T_LBAR-1G,19,DF,-0.01,-0.02
T_LNCSW-1,19,DF,-0.466,-0.932
T_LNCSW-2,19,DF,-0.536,-1.072
T_MOWEO-1,19,DF,-0.002,-0.004
T_MRWD-1,19,DF,-0.4,-0.8
T_MYGPW-1,19,DF,-0.041,-0.082
T_PNYCB-1,19,DF,-0.01,-0.02
T_RCBKO-1,19,DF,-1.107,-2.214
T_RCBKO-2,19,DF,-1.063,-2.126
T_ROCK-1,19,DF,-0.8,-1.6
T_RRWW-1,19,DF,-0.073,-0.146
T_SCCL-4,19,DF,-24.57,-49.14
T_SEEL-1,19,DF,-0.17200000000000001,-0.34400000000000003
T_SGRWO-3,19,DF,-0.5760000000000001,-1.1520000000000001
T_SGRWO-4,19,DF,-0.488,-0.976
T_SGRWO-5,19,DF,-0.883,-1.766
T_SGRWO-6,19,DF,-1.419,-2.838
T_SHBA-2,19,DF,-0.242,-0.484
T_SHRSW-1,19,DF,-0.383,-0.766
T_SHRSW-2,19,DF,-0.388,-0.776
T_SUTB-1,19,DF,-0.5,-1.0
T_SVRP-10,19,DF,-0.25,-0.5
T_SVRP-20,19,DF,-0.15,-0.3
T_TKNEW-1,19,DF,-0.73,-1.46
T_TKNWW-1,19,DF,-0.002,-0.004
T_TORN-D,19,DF,-25.328,-50.656
T_TSREP-1,19,DF,-1.6219999999999999,-3.2439999999999998
T_WBURB-41,19,DF,-0.08700000000000001,-0.17400000000000002
T_WBURB-43,19,DF,-0.135,-0.27
T_WHILW-2,19,DF,-0.244,-0.488
T_WTMSO-1,19,DF,-1.161,-2.322
T_AKGLW-2,20,DF,-0.009000000000000001,-0.018000000000000002
T_AKGLW-3,20,DF,-0.048,-0.096
T_BLLA-1,20,DF,-0.291,-0.582
T_BLLA-2,20,DF,-0.067,-0.134
T_BPGRD-1,20,DF,-27.023,-54.046
T_CASKD-1,20,DF,-2.13,-4.26
T_CNQPS-1,20,DF,-0.9450000000000001,-1.8900000000000001
T_CNQPS-3,20,DF,-2.457,-4.914
T_CNQPS-4,20,DF,-1.764,-3.528
T_COSO-1,20,DF,-0.9570000000000001,-1.9140000000000001
T_CRGHD-1,20,DF,-0.003,-0.006
T_CRYRW-3,20,DF,-0.097,-0.194
T_DDGNO-1,20,DF,-0.498,-0.996
T_DDGNO-2,20,DF,-0.423,-0.846
T_DDGNO-3,20,DF,-0.44,-0.88
T_DDGNO-4,20,DF,-0.577,-1.154
T_DIDCB6,20,DF,-0.65,-1.3
T_DINO-3,20,DF,-0.55,-1.1
T_DINO-5,20,DF,-0.65,-1.3
T_EAAO-1,20,DF,-1.28,-2.56
T_EAAO-2,20,DF,-1.504,-3.008
T_EWHLW-1,20,DF,-0.171,-0.342
T_FASN-1,20,DF,-0.003,-0.006
T_FASN-2,20,DF,-0.001,-0.002
T_FERGD-1,20,DF,-0.443,-0.886
T_FERGD-2,20,DF,-0.783,-1.566
T_FFES-1,20,DF,-0.607,-1.214
T_FFES-2,20,DF,-0.01,-0.02
T_FFES-3,20,DF,-0.01,-0.02
T_FFES-4,20,DF,-0.79,-1.58
T_FOYE-1,20,DF,-0.9500000000000001,-1.9000000000000001
T_FOYED-1,20,DF,-0.51,-1.02
T_GRAI-7,20,DF,-0.25,-0.5
T_GYMRD-16,20,DF,-0.001,-0.002
T_GYMRD-E11,20,DF,-0.002,-0.004
T_GYMRD-W11,20,DF,-0.006,-0.012
T_HADHW-1,20,DF,-0.101,-0.202
T_HEYM2-D,20,DF,-14.0,-28.0
T_HEYM28,20,DF,-1.1320000000000001,-2.2640000000000002
T_HOWAO-1,20,DF,-2.116,-4.232
T_HOWAO-2,20,DF,-0.03,-0.06
T_HOWBO-2,20,DF,-1.387,-2.774
T_HOWBO-3,20,DF,-0.058,-0.116
T_HRSTW-1,20,DF,-0.165,-0.33
T_HRTL-2,20,DF,-1.6600000000000001,-3.3200000000000003
T_HUMRD-1,20,DF,-23.82,-47.64
T_INDQ-1,20,DF,-1.045,-2.09
T_KEAD-1,20,DF,-0.92,-1.84
T_KEADGT-3,20,DF,-0.08,-0.16
T_KILLPG-1,20,DF,-0.388,-0.776
T_KILLPG-2,20,DF,-0.28400000000000003,-0.5680000000000001
T_LAGA-1,20,DF,-0.5,-1.0
T_LBAR-1G,20,DF,-0.01,-0.02
T_LNCSW-1,20,DF,-0.465,-0.93
T_LNCSW-2,20,DF,-0.517,-1.034
T_MOWEO-1,20,DF,-0.002,-0.004
T_MRWD-1,20,DF,-0.5,-1.0
T_MYGPW-1,20,DF,-0.046,-0.092
T_PNYCB-1,20,DF,-0.01,-0.02
T_RCBKO-1,20,DF,-1.149,-2.298
T_RCBKO-2,20,DF,-1.099,-2.198
T_ROCK-1,20,DF,-0.8,-1.6
T_RRWW-1,20,DF,-0.242,-0.484
T_SCCL-4,20,DF,-24.84,-49.68
T_SEEL-1,20,DF,-0.002,-0.004
T_SGRWO-3,20,DF,-0.577,-1.154
T_SGRWO-4,20,DF,-0.489,-0.978
T_SGRWO-5,20,DF,-0.886,-1.772
T_SGRWO-6,20,DF,-1.376,-2.752
T_SHBA-2,20,DF,-0.241,-0.482
T_SHRSW-1,20,DF,-0.41600000000000004,-0.8320000000000001
T_SHRSW-2,20,DF,-0.401,-0.802
T_SUTB-1,20,DF,-0.4,-0.8
T_SVRP-10,20,DF,-0.25,-0.5
T_SVRP-20,20,DF,-0.2,-0.4
T_TKNEW-1,20,DF,-1.158,-2.316
T_TKNWW-1,20,DF,-0.002,-0.004
T_TORN-D,20,DF,-25.512,-51.024
T_TSREP-1,20,DF,-1.647,-3.294
T_WBURB-41,20,DF,-0.189,-0.378
T_WBURB-43,20,DF,-0.545,-1.09
T_WTMSO-1,20,DF,-0.385,-0.77
T_AKGLW-3,21,DF,-0.025,-0.05
T_BLLA-2,21,DF,-0.008,-0.016
T_BPGRD-1,21,DF,-26.91,-53.82
T_CASKD-1,21,DF,-1.97,-3.94
T_CNQPS-1,21,DF,-0.9450000000000001,-1.8900000000000001
T_CNQPS-3,21,DF,-2.394,-4.788
T_CNQPS-4,21,DF,-1.701,-3.402
T_COSO-1,21,DF,-1.023,-2.046
T_CRGHD-1,21,DF,-0.003,-0.006
T_CRYRW-3,21,DF,-0.097,-0.194
T_DDGNO-1,21,DF,-0.382,-0.764
T_DDGNO-2,21,DF,-0.07100000000000001,-0.14200000000000002
T_DDGNO-3,21,DF,-0.28400000000000003,-0.5680000000000001
T_DDGNO-4,21,DF,-0.454,-0.908
T_DIDCB6,21,DF,-0.65,-1.3
T_DINO-3,21,DF,-0.55,-1.1
T_DINO-5,21,DF,-0.7000000000000001,-1.4000000000000001
T_EAAO-1,21,DF,-1.24,-2.48
T_EAAO-2,21,DF,-1.397,-2.794
T_EWHLW-1,21,DF,-0.17,-0.34
T_FASN-1,21,DF,-0.003,-0.006
T_FASN-2,21,DF,-0.001,-0.002
T_FERGD-1,21,DF,-0.453,-0.906
T_FERGD-2,21,DF,-0.787,-1.574
T_FFES-1,21,DF,-0.617,-1.234
T_FFES-3,21,DF,-0.01,-0.02
T_FFES-4,21,DF,-0.79,-1.58
T_FOYE-1,21,DF,-1.0,-2.0
T_FOYE-2,21,DF,-0.9500000000000001,-1.9000000000000001
T_FOYED-1,21,DF,-0.464,-0.928
T_GRAI-7,21,DF,-0.3,-0.6
T_GYMRD-16,21,DF,-0.001,-0.002
T_GYMRD-E11,21,DF,-0.002,-0.004
T_GYMRD-W10,21,DF,-0.001,-0.002
T_GYMRD-W11,21,DF,-0.006,-0.012
T_HEYM2-D,21,DF,-13.928,-27.856
T_HEYM28,21,DF,-1.1400000000000001,-2.2800000000000002
T_HOWAO-1,21,DF,-1.029,-2.058
T_HOWAO-2,21,DF,-1.936,-3.872
T_HOWAO-3,21,DF,-0.177,-0.354
T_HOWBO-2,21,DF,-1.054,-2.108
T_HOWBO-3,21,DF,-1.3900000000000001,-2.7800000000000002
T_HRSTW-1,21,DF,-0.043000000000000003,-0.08600000000000001
T_HRTL-2,21,DF,-1.6480000000000001,-3.2960000000000003
T_HUMRD-1,21,DF,-23.72,-47.44
T_INDQ-1,21,DF,-1.05,-2.1
T_KEAD-1,21,DF,-0.92,-1.84
T_KEADGT-3,21,DF,-0.08,-0.16
T_KILLPG-1,21,DF,-0.377,-0.754
T_KILLPG-2,21,DF,-0.272,-0.544
T_LAGA-1,21,DF,-0.6,-1.2
T_LNCSW-1,21,DF,-0.484,-0.968
T_LNCSW-2,21,DF,-0.518,-1.036
T_MOWEO-1,21,DF,-0.002,-0.004
T_MRWD-1,21,DF,-0.4,-0.8
T_MYGPW-1,21,DF,-0.049,-0.098
T_PNYCB-1,21,DF,-0.015,-0.03
T_RCBKO-1,21,DF,-1.146,-2.292
T_RCBKO-2,21,DF,-1.092,-2.184
T_ROCK-1,21,DF,-0.8,-1.6
T_RRWW-1,21,DF,-0.179,-0.358
T_SCCL-4,21,DF,-24.95,-49.9
T_SEEL-1,21,DF,-0.011,-0.022
T_SGRWO-3,21,DF,-0.579,-1.158
T_SGRWO-4,21,DF,-0.488,-0.976
T_SGRWO-5,21,DF,-0.887,-1.774
T_SGRWO-6,21,DF,-1.3860000000000001,-2.7720000000000002
T_SHBA-2,21,DF,-0.24,-0.48
T_SHRSW-1,21,DF,-0.418,-0.836
T_SHRSW-2,21,DF,-0.38,-0.76
T_SUTB-1,21,DF,-0.4,-0.8
T_SVRP-10,21,DF,-0.3,-0.6
T_SVRP-20,21,DF,-0.2,-0.4
T_TKNEW-1,21,DF,-2.367,-4.734
T_TKNWW-1,21,DF,-0.002,-0.004
T_TORN-D,21,DF,-25.46,-50.92
T_TSREP-1,21,DF,-1.666,-3.332
T_WBURB-41,21,DF,-0.084,-0.168
T_WBURB-43,21,DF,-0.242,-0.484
T_BPGRD-1,22,DF,-26.529,-53.058
T_CASKD-1,22,DF,-2.13,-4.26
T_CNQPS-1,22,DF,-0.9450000000000001,-1.8900000000000001
T_CNQPS-3,22,DF,-2.457,-4.914
T_CNQPS-4,22,DF,-1.764,-3.528
T_COSO-1,22,DF,-1.017,-2.034
T_CRGHD-1,22,DF,-0.003,-0.006
T_CRYRW-3,22,DF,-0.098,-0.196
T_DDGNO-1,22,DF,-0.301,-0.602
T_DDGNO-2,22,DF,-0.076,-0.152
T_DDGNO-3,22,DF,-0.256,-0.512
T_DDGNO-4,22,DF,-0.337,-0.674
T_DIDCB6,22,DF,-0.75,-1.5
T_DINO-3,22,DF,-0.5,-1.0
T_DINO-5,22,DF,-0.65,-1.3
T_EAAO-1,22,DF,-1.096,-2.192
T_EAAO-2,22,DF,-1.2650000000000001,-2.5300000000000002
T_EWHLW-1,22,DF,-0.17400000000000002,-0.34800000000000003
T_FASN-1,22,DF,-0.003,-0.006
T_FASN-2,22,DF,-0.001,-0.002
T_FERGD-1,22,DF,-0.274,-0.548
T_FERGD-2,22,DF,-0.88,-1.76
T_FFES-1,22,DF,-0.608,-1.216
T_FFES-3,22,DF,-0.02,-0.04
T_FFES-4,22,DF,-0.79,-1.58
T_FOYE-1,22,DF,-0.9500000000000001,-1.9000000000000001
T_FOYE-2,22,DF,-0.9500000000000001,-1.9000000000000001
T_FOYED-1,22,DF,-0.46,-0.92
T_GRAI-7,22,DF,-0.25,-0.5
T_GYMRD-16,22,DF,-0.001,-0.002
T_GYMRD-E11,22,DF,-0.002,-0.004
T_GYMRD-W11,22,DF,-0.006,-0.012
T_HEYM2-D,22,DF,-13.88,-27.76
T_HEYM28,22,DF,-1.12,-2.24
T_HOWAO-1,22,DF,-1.896,-3.792
T_HOWAO-2,22,DF,-1.881,-3.762
T_HOWAO-3,22,DF,-0.272,-0.544
T_HOWBO-2,22,DF,-2.15,-4.3
T_HOWBO-3,22,DF,-1.851,-3.702
T_HRSTW-1,22,DF,-0.041,-0.082
T_HRTL-2,22,DF,-1.6480000000000001,-3.2960000000000003
T_HUMRD-1,22,DF,-23.74,-47.48
T_INDQ-1,22,DF,-1.035,-2.07
T_KEAD-1,22,DF,-0.92,-1.84
T_KEADGT-3,22,DF,-0.08,-0.16
T_KILLPG-1,22,DF,-0.379,-0.758
T_KILLPG-2,22,DF,-0.271,-0.542
T_LAGA-1,22,DF,-0.5,-1.0
T_LBAR-1G,22,DF,-0.01,-0.02
T_LNCSW-1,22,DF,-0.506,-1.012
T_LNCSW-2,22,DF,-0.522,-1.044
T_MOWEO-1,22,DF,-0.002,-0.004
T_MRWD-1,22,DF,-0.5,-1.0
T_MYGPW-1,22,DF,-0.048,-0.096
T_PNYCB-1,22,DF,-0.01,-0.02
T_RCBKO-1,22,DF,-1.153,-2.306
T_RCBKO-2,22,DF,-1.073,-2.146
T_ROCK-1,22,DF,-0.7000000000000001,-1.4000000000000001
T_SCCL-4,22,DF,-24.83,-49.66
T_SEEL-1,22,DF,-0.189,-0.378
T_SGRWO-3,22,DF,-0.578,-1.156
T_SGRWO-4,22,DF,-0.49,-0.98
T_SGRWO-5,22,DF,-0.885,-1.77
T_SGRWO-6,22,DF,-1.3900000000000001,-2.7800000000000002
T_SHBA-2,22,DF,-0.242,-0.484
T_SHRSW-1,22,DF,-0.393,-0.786
T_SHRSW-2,22,DF,-0.37,-0.74
T_SUTB-1,22,DF,-0.5,-1.0
T_SVRP-10,22,DF,-0.25,-0.5
T_SVRP-20,22,DF,-0.2,-0.4
T_TKNEW-1,22,DF,-0.248,-0.496
T_TKNWW-1,22,DF,-0.002,-0.004
T_TORN-D,22,DF,-25.32,-50.64
T_TSREP-1,22,DF,-1.702,-3.404
T_BLLA-1,23,DF,-0.016,-0.032
T_BLLA-2,23,DF,-0.009000000000000001,-0.018000000000000002
T_BPGRD-1,23,DF,-27.01,-54.02
T_CASKD-1,23,DF,-1.3599999999999999,-2.7199999999999998
T_CNQPS-1,23,DF,-1.008,-2.016
T_CNQPS-3,23,DF,-2.457,-4.914
T_CNQPS-4,23,DF,-1.701,-3.402
T_COSO-1,23,DF,-0.9520000000000001,-1.9040000000000001
T_CRGHD-1,23,DF,-0.003,-0.006
T_DDGNO-1,23,DF,-0.598,-1.196
T_DDGNO-2,23,DF,-0.291,-0.582
T_DDGNO-3,23,DF,-0.492,-0.984
T_DDGNO-4,23,DF,-0.556,-1.112
T_DIDCB6,23,DF,-0.8,-1.6
T_DINO-3,23,DF,-0.55,-1.1
T_DINO-5,23,DF,-0.65,-1.3
T_EAAO-1,23,DF,-1.392,-2.784
T_EAAO-2,23,DF,-1.717,-3.434
T_EWHLW-1,23,DF,-0.17300000000000001,-0.34600000000000003
T_FASN-1,23,DF,-0.003,-0.006
T_FASN-2,23,DF,-0.001,-0.002
T_FERGD-1,23,DF,-0.44,-0.88
T_FERGD-2,23,DF,-0.898,-1.796
T_FFES-1,23,DF,-0.607,-1.214
T_FFES-3,23,DF,-0.01,-0.02
T_FFES-4,23,DF,-0.79,-1.58
T_FOYE-1,23,DF,-0.9500000000000001,-1.9000000000000001
T_FOYE-2,23,DF,-1.0,-2.0
T_FOYED-1,23,DF,-0.466,-0.932
T_GLNDO-1,23,DF,-0.021,-0.042
T_GRAI-7,23,DF,-0.3,-0.6
T_GYMRD-16,23,DF,-0.001,-0.002
T_GYMRD-E11,23,DF,-0.002,-0.004
T_GYMRD-W10,23,DF,-0.001,-0.002
T_GYMRD-W11,23,DF,-0.005,-0.01
T_HEYM2-D,23,DF,-13.948,-27.896
T_HEYM28,23,DF,-1.1280000000000001,-2.2560000000000002
T_HOWAO-1,23,DF,-2.332,-4.664
T_HOWAO-2,23,DF,-2.527,-5.054
T_HOWAO-3,23,DF,-1.573,-3.146
T_HOWBO-2,23,DF,-2.286,-4.572
T_HOWBO-3,23,DF,-1.964,-3.928
T_HRTL-2,23,DF,-1.6640000000000001,-3.3280000000000003
T_HUMRD-1,23,DF,-24.44,-48.88
T_INDQ-1,23,DF,-1.06,-2.12
T_KEAD-1,23,DF,-0.92,-1.84
T_KEADGT-3,23,DF,-0.08,-0.16
T_KILLPG-1,23,DF,-0.38,-0.76
T_KILLPG-2,23,DF,-0.272,-0.544
T_LAGA-1,23,DF,-0.6,-1.2
T_LBAR-1G,23,DF,-0.01,-0.02
T_LNCSW-1,23,DF,-0.527,-1.054
T_LNCSW-2,23,DF,-0.51,-1.02
T_MOWEO-1,23,DF,-0.002,-0.004
T_MRWD-1,23,DF,-0.4,-0.8
T_MYGPW-1,23,DF,-0.048,-0.096
T_PNYCB-1,23,DF,-0.01,-0.02
T_RCBKO-1,23,DF,-1.134,-2.268
T_RCBKO-2,23,DF,-1.039,-2.078
T_ROCK-1,23,DF,-0.8,-1.6
T_RRWW-1,23,DF,-0.134,-0.268
T_SCCL-4,23,DF,-24.83,-49.66
T_SEEL-1,23,DF,-0.168,-0.336
T_SGRWO-3,23,DF,-0.58,-1.16
T_SGRWO-4,23,DF,-0.489,-0.978
T_SGRWO-5,23,DF,-0.898,-1.796
T_SGRWO-6,23,DF,-1.396,-2.792
T_SHBA-2,23,DF,-0.24,-0.48
T_SHRSW-1,23,DF,-0.388,-0.776
T_SHRSW-2,23,DF,-0.367,-0.734
T_SUTB-1,23,DF,-0.5,-1.0
T_SVRP-10,23,DF,-0.3,-0.6
T_SVRP-20,23,DF,-0.2,-0.4
T_TKNWW-1,23,DF,-0.002,-0.004
T_TORN-D,23,DF,-25.508,-51.016
T_TSREP-1,23,DF,-1.709,-3.418
T_WBURB-41,23,DF,-0.202,-0.404
T_WBURB-43,23,DF,-0.28300000000000003,-0.5660000000000001
T_BPGRD-1,24,DF,-28.101,-56.202
T_CASKD-1,24,DF,-1.37,-2.74
T_CNQPS-1,24,DF,-0.9450000000000001,-1.8900000000000001
T_CNQPS-3,24,DF,-2.457,-4.914
T_CNQPS-4,24,DF,-1.701,-3.402
T_COSO-1,24,DF,-0.999,-1.998
T_CRGHD-1,24,DF,-0.003,-0.006
T_DDGNO-1,24,DF,-0.601,-1.202
T_DDGNO-2,24,DF,-0.539,-1.078
T_DDGNO-3,24,DF,-0.5640000000000001,-1.1280000000000001
T_DDGNO-4,24,DF,-0.597,-1.194
T_DIDCB6,24,DF,-0.75,-1.5
T_DINO-3,24,DF,-0.55,-1.1
T_DINO-5,24,DF,-0.65,-1.3
T_DOUGW-1,24,DF,-0.077,-0.154
T_EAAO-1,24,DF,-1.682,-3.364
T_EAAO-2,24,DF,-1.71,-3.42
T_FASN-1,24,DF,-0.003,-0.006
T_FASN-2,24,DF,-0.001,-0.002
T_FERGD-1,24,DF,-0.433,-0.866
T_FERGD-2,24,DF,-0.911,-1.822
T_FFES-3,24,DF,-0.02,-0.04
T_FFES-4,24,DF,-0.79,-1.58
T_FOYE-1,24,DF,-0.6,-1.2
T_FOYE-2,24,DF,-0.5,-1.0
T_FOYED-1,24,DF,-0.605,-1.21
T_GLNDO-1,24,DF,-0.021,-0.042
T_GRAI-7,24,DF,-0.25,-0.5
T_GYMRD-16,24,DF,-0.001,-0.002
T_GYMRD-E11,24,DF,-0.002,-0.004
T_GYMRD-W10,24,DF,-0.001,-0.002
T_GYMRD-W11,24,DF,-0.005,-0.01
T_HEYM2-D,24,DF,-13.952,-27.904
T_HEYM28,24,DF,-1.1320000000000001,-2.2640000000000002
T_HOWAO-1,24,DF,-2.449,-4.898
T_HOWAO-2,24,DF,-2.498,-4.996
T_HOWAO-3,24,DF,-2.476,-4.952
T_HOWBO-1,24,DF,-0.9510000000000001,-1.9020000000000001
T_HOWBO-2,24,DF,-2.2800000000000002,-4.5600000000000005
T_HOWBO-3,24,DF,-1.8090000000000002,-3.6180000000000003
T_HRTL-2,24,DF,-1.6560000000000001,-3.3120000000000003
T_HUMRD-1,24,DF,-24.95,-49.9
T_INDQ-1,24,DF,-1.055,-2.11
T_KEAD-1,24,DF,-0.92,-1.84
T_KEADGT-3,24,DF,-0.08,-0.16
T_KILLPG-1,24,DF,-0.378,-0.756
T_KILLPG-2,24,DF,-0.272,-0.544
T_LAGA-1,24,DF,-0.6,-1.2
T_LBAR-1G,24,DF,-0.01,-0.02
T_LNCSW-1,24,DF,-0.545,-1.09
T_LNCSW-2,24,DF,-0.156,-0.312
T_MOWEO-1,24,DF,-0.002,-0.004
T_MRWD-1,24,DF,-0.5,-1.0
T_MYGPW-1,24,DF,-0.044,-0.088
T_PNYCB-1,24,DF,-0.01,-0.02
T_RCBKO-1,24,DF,-1.088,-2.176
T_RCBKO-2,24,DF,-1.024,-2.048
T_ROCK-1,24,DF,-1.0,-2.0
T_SCCL-4,24,DF,-24.77,-49.54
T_SEEL-1,24,DF,-0.169,-0.338
T_SGRWO-3,24,DF,-0.581,-1.162
T_SGRWO-4,24,DF,-0.487,-0.974
T_SGRWO-5,24,DF,-0.891,-1.782
T_SGRWO-6,24,DF,-1.403,-2.806
T_SHBA-2,24,DF,-0.23900000000000002,-0.47800000000000004
T_SHRSW-1,24,DF,-0.387,-0.774
T_SHRSW-2,24,DF,-0.366,-0.732
T_SUTB-1,24,DF,-0.5,-1.0
T_SVRP-10,24,DF,-0.25,-0.5
T_SVRP-20,24,DF,-0.2,-0.4
T_TKNWW-1,24,DF,-0.002,-0.004
T_TORN-D,24,DF,-25.408,-50.816
T_TSREP-1,24,DF,-1.576,-3.152
T_WBURB-41,24,DF,-0.013000000000000001,-0.026000000000000002
T_WBURB-43,24,DF,-0.068,-0.136
T_BPGRD-1,25,DF,-28.918,-57.836
T_CASKD-1,25,DF,-1.53,-3.06
T_CNQPS-1,25,DF,-0.9450000000000001,-1.8900000000000001
T_CNQPS-3,25,DF,-2.394,-4.788
T_CNQPS-4,25,DF,-1.701,-3.402
T_COSO-1,25,DF,-0.9470000000000001,-1.8940000000000001
T_CRGHD-1,25,DF,-0.003,-0.006
T_DDGNO-1,25,DF,-0.668,-1.336
T_DDGNO-2,25,DF,-0.5740000000000001,-1.1480000000000001
T_DDGNO-3,25,DF,-0.5700000000000001,-1.1400000000000001
T_DDGNO-4,25,DF,-0.661,-1.322
T_DIDCB6,25,DF,-0.75,-1.5
T_DINO-3,25,DF,-0.5,-1.0
T_DINO-5,25,DF,-0.65,-1.3
T_DNLWW-1,25,DF,-0.01,-0.02
T_EAAO-1,25,DF,-1.6880000000000002,-3.3760000000000003
T_EAAO-2,25,DF,-1.6880000000000002,-3.3760000000000003
T_FASN-1,25,DF,-0.003,-0.006
T_FASN-2,25,DF,-0.001,-0.002
T_FERGD-1,25,DF,-0.359,-0.718
T_FERGD-2,25,DF,-1.044,-2.088
T_FFES-1,25,DF,-0.607,-1.214
T_FFES-3,25,DF,-0.01,-0.02
T_FFES-4,25,DF,-0.79,-1.58
T_FOYE-2,25,DF,-68.1,-136.2
T_FOYED-1,25,DF,-0.426,-0.852
T_GLNDO-1,25,DF,-0.021,-0.042
T_GRAI-7,25,DF,-0.3,-0.6
T_GYMRD-16,25,DF,-0.001,-0.002
T_GYMRD-E11,25,DF,-0.002,-0.004
T_GYMRD-W11,25,DF,-0.005,-0.01
T_HEYM2-D,25,DF,-13.928,-27.856
T_HEYM28,25,DF,-1.124,-2.248
T_HMGTO-1,25,DF,-0.533,-1.066
T_HMGTO-2,25,DF,-0.5710000000000001,-1.1420000000000001
T_HOWAO-1,25,DF,-2.436,-4.872
T_HOWAO-2,25,DF,-2.483,-4.966
T_HOWAO-3,25,DF,-2.433,-4.866
T_HOWBO-1,25,DF,-0.922,-1.844
T_HOWBO-2,25,DF,-2.274,-4.548
T_HOWBO-3,25,DF,-0.911,-1.822
T_HRTL-2,25,DF,-1.6480000000000001,-3.2960000000000003
T_HUMRD-1,25,DF,-24.79,-49.58
T_INDQ-1,25,DF,-1.06,-2.12
T_KEAD-1,25,DF,-0.865,-1.73
T_KEADGT-3,25,DF,-0.085,-0.17
T_KILLPG-1,25,DF,-0.378,-0.756
T_KILLPG-2,25,DF,-0.271,-0.542
T_KTHLW-1,25,DF,-0.011,-0.022
T_LAGA-1,25,DF,-0.6,-1.2
T_MOWEO-1,25,DF,-0.002,-0.004
T_MRWD-1,25,DF,-0.5,-1.0
T_PNYCB-1,25,DF,-0.01,-0.02
T_RCBKO-1,25,DF,-1.015,-2.03
T_RCBKO-2,25,DF,-1.053,-2.106
T_ROCK-1,25,DF,-1.5,-3.0
T_RREW-1,25,DF,-0.007,-0.014
T_RRWW-1,25,DF,-0.195,-0.39
T_SCCL-4,25,DF,-24.7,-49.4
T_SEEL-1,25,DF,-0.17,-0.34
T_SGRWO-3,25,DF,-0.578,-1.156
T_SGRWO-4,25,DF,-0.486,-0.972
T_SGRWO-5,25,DF,-0.887,-1.774
T_SGRWO-6,25,DF,-1.404,-2.808
T_SHBA-2,25,DF,-0.241,-0.482
T_SHRSW-1,25,DF,-0.385,-0.77
T_SHRSW-2,25,DF,-0.364,-0.728
T_SUTB-1,25,DF,-0.5,-1.0
T_SVRP-10,25,DF,-0.3,-0.6
T_SVRP-20,25,DF,-0.2,-0.4
T_TKNWW-1,25,DF,-0.002,-0.004
T_TORN-D,25,DF,-25.372,-50.744
T_TSREP-1,25,DF,-1.612,-3.224
T_BPGRD-1,26,DF,-28.982,-57.964
T_CASKD-1,26,DF,-0.8200000000000001,-1.6400000000000001
T_CNQPS-1,26,DF,-1.008,-2.016
T_CNQPS-3,26,DF,-2.457,-4.914
T_CNQPS-4,26,DF,-1.701,-3.402
T_COSO-1,26,DF,-1.054,-2.108
T_CRGHD-1,26,DF,-0.003,-0.006
T_DDGNO-1,26,DF,-0.657,-1.314
T_DDGNO-2,26,DF,-0.555,-1.11
T_DDGNO-3,26,DF,-0.559,-1.118
T_DDGNO-4,26,DF,-0.641,-1.282
T_DIDCB6,26,DF,-0.75,-1.5
T_DINO-3,26,DF,-0.55,-1.1
T_DINO-5,26,DF,-0.65,-1.3
T_EAAO-1,26,DF,-1.702,-3.404
T_EAAO-2,26,DF,-1.6880000000000002,-3.3760000000000003
T_FASN-1,26,DF,-0.003,-0.006
T_FASN-2,26,DF,-0.001,-0.002
T_FERGD-1,26,DF,-0.508,-1.016
T_FERGD-2,26,DF,-1.002,-2.004
T_FFES-1,26,DF,-0.617,-1.234
T_FFES-3,26,DF,-0.02,-0.04
T_FFES-4,26,DF,-0.79,-1.58
T_FOYE-2,26,DF,-77.85,-155.7
T_FOYED-1,26,DF,-0.328,-0.656
T_GLNDO-1,26,DF,-0.021,-0.042
T_GRAI-7,26,DF,-0.25,-0.5
T_GYMRD-16,26,DF,-0.001,-0.002
T_GYMRD-E11,26,DF,-0.002,-0.004
T_GYMRD-W11,26,DF,-0.005,-0.01
T_HEYM2-D,26,DF,-14.012,-28.024
T_HEYM28,26,DF,-1.1360000000000001,-2.2720000000000002
T_HMGTO-1,26,DF,-0.557,-1.114
T_HMGTO-2,26,DF,-0.562,-1.124
T_HOWAO-1,26,DF,-2.453,-4.906
T_HOWAO-2,26,DF,-2.496,-4.992
T_HOWAO-3,26,DF,-2.278,-4.556
T_HOWBO-2,26,DF,-1.9100000000000001,-3.8200000000000003
T_HRTL-2,26,DF,-1.6400000000000001,-3.2800000000000002
T_HUMRD-1,26,DF,-25.19,-50.38
T_INDQ-1,26,DF,-1.07,-2.14
T_KEAD-1,26,DF,-0.92,-1.84
T_KEADGT-3,26,DF,-0.08,-0.16
T_KILLPG-1,26,DF,-0.382,-0.764
T_KILLPG-2,26,DF,-0.271,-0.542
T_LAGA-1,26,DF,-0.5,-1.0
T_LBAR-1G,26,DF,-0.01,-0.02
T_MOWEO-1,26,DF,-0.002,-0.004
T_MRWD-1,26,DF,-0.5,-1.0
T_PNYCB-1,26,DF,-0.01,-0.02
T_RCBKO-2,26,DF,-1.103,-2.206
T_ROCK-1,26,DF,-1.5,-3.0
T_SCCL-4,26,DF,-24.93,-49.86
T_SEEL-1,26,DF,-0.187,-0.374
T_SGRWO-3,26,DF,-0.579,-1.158
T_SGRWO-4,26,DF,-0.486,-0.972
T_SGRWO-5,26,DF,-0.886,-1.772
T_SGRWO-6,26,DF,-1.397,-2.794
T_SHBA-2,26,DF,-0.245,-0.49
T_SHRSW-1,26,DF,-0.382,-0.764
T_SHRSW-2,26,DF,-0.363,-0.726
T_SUTB-1,26,DF,-0.5,-1.0
T_SVRP-10,26,DF,-0.3,-0.6
T_SVRP-20,26,DF,-0.2,-0.4
T_TDBNW-1,26,DF,-0.008,-0.016
T_TKNWW-1,26,DF,-0.002,-0.004
T_TORN-D,26,DF,-25.152,-50.304
T_TSREP-1,26,DF,-1.657,-3.314
T_WBURB-41,26,DF,-0.155,-0.31
T_WBURB-43,26,DF,-0.266,-0.532
T_BPGRD-1,27,DF,-28.528,-57.056
T_CASKD-1,27,DF,-1.48,-2.96
T_CNQPS-1,27,DF,-0.9450000000000001,-1.8900000000000001
T_CNQPS-3,27,DF,-2.457,-4.914
T_CNQPS-4,27,DF,-1.764,-3.528
T_COSO-1,27,DF,-1.006,-2.012
T_CRGHD-1,27,DF,-0.003,-0.006
T_CRYRW-3,27,DF,-0.034,-0.068
T_DDGNO-1,27,DF,-0.372,-0.744
T_DDGNO-2,27,DF,-0.429,-0.858
T_DDGNO-3,27,DF,-0.08700000000000001,-0.17400000000000002
T_DDGNO-4,27,DF,-0.182,-0.364
T_DIDCB6,27,DF,-0.75,-1.5
T_DINO-3,27,DF,-0.5,-1.0
T_DINO-5,27,DF,-0.7000000000000001,-1.4000000000000001
T_EAAO-1,27,DF,-1.4060000000000001,-2.8120000000000003
T_EAAO-2,27,DF,-1.357,-2.714
T_FASN-1,27,DF,-0.003,-0.006
T_FASN-2,27,DF,-0.001,-0.002
T_FERGD-1,27,DF,-0.49,-0.98
T_FERGD-2,27,DF,-0.976,-1.952
T_FFES-1,27,DF,-0.607,-1.214
T_FFES-3,27,DF,-0.01,-0.02
T_FFES-4,27,DF,-0.79,-1.58
T_FOYE-2,27,DF,-77.55,-155.1
T_FOYED-1,27,DF,-0.331,-0.662
T_GLNDO-1,27,DF,-0.021,-0.042
T_GRAI-7,27,DF,-0.3,-0.6
T_GYMRD-16,27,DF,-0.001,-0.002
T_GYMRD-E11,27,DF,-0.002,-0.004
T_GYMRD-W11,27,DF,-0.005,-0.01
T_HEYM2-D,27,DF,-13.956,-27.912
T_HEYM28,27,DF,-1.1360000000000001,-2.2720000000000002
T_HMGTO-1,27,DF,-0.557,-1.114
T_HMGTO-2,27,DF,-0.561,-1.122
T_HOWAO-1,27,DF,-1.905,-3.81
T_HOWAO-2,27,DF,-2.261,-4.522
T_HOWAO-3,27,DF,-1.4,-2.8
T_HOWBO-2,27,DF,-1.465,-2.93
T_HRTL-2,27,DF,-1.6400000000000001,-3.2800000000000002
T_HUMRD-1,27,DF,-25.8,-51.6
T_INDQ-1,27,DF,-1.06,-2.12
T_KEAD-1,27,DF,-0.87,-1.74
T_KEADGT-3,27,DF,-0.08,-0.16
T_KILLPG-1,27,DF,-0.387,-0.774
T_KILLPG-2,27,DF,-0.272,-0.544
T_LAGA-1,27,DF,-0.6,-1.2
T_LBAR-1G,27,DF,-0.01,-0.02
T_MOWEO-1,27,DF,-0.002,-0.004
T_MRWD-1,27,DF,-0.5,-1.0
T_PNYCB-1,27,DF,-0.015,-0.03
T_ROCK-1,27,DF,-1.6,-3.2
T_SCCL-4,27,DF,-24.94,-49.88
T_SEEL-1,27,DF,-0.17,-0.34
T_SGRWO-3,27,DF,-0.577,-1.154
T_SGRWO-4,27,DF,-0.487,-0.974
T_SGRWO-5,27,DF,-0.893,-1.786
T_SGRWO-6,27,DF,-1.389,-2.778
T_SHBA-2,27,DF,-0.253,-0.506
T_SHRSW-1,27,DF,-0.383,-0.766
T_SHRSW-2,27,DF,-0.362,-0.724
T_SUTB-1,27,DF,-0.5,-1.0
T_SVRP-10,27,DF,-0.25,-0.5
T_SVRP-20,27,DF,-0.2,-0.4
T_TKNWW-1,27,DF,-0.002,-0.004
T_TORN-D,27,DF,-24.688,-49.376
T_TSREP-1,27,DF,-1.677,-3.354
T_WBURB-41,27,DF,-0.129,-0.258
T_WBURB-43,27,DF,-0.127,-0.254
T_AKGLW-2,28,DF,-0.067,-0.134
T_AKGLW-3,28,DF,-0.068,-0.136
T_BPGRD-1,28,DF,-28.075,-56.15
T_CASKD-1,28,DF,-1.31,-2.62
T_CNQPS-1,28,DF,-1.008,-2.016
T_CNQPS-3,28,DF,-2.457,-4.914
T_CNQPS-4,28,DF,-1.764,-3.528
T_COSO-1,28,DF,-1.029,-2.058
T_CRGHD-1,28,DF,-0.003,-0.006
T_CRYRW-3,28,DF,-0.046,-0.092
T_DIDCB6,28,DF,-0.8,-1.6
T_DINO-3,28,DF,-0.5,-1.0
T_DINO-5,28,DF,-0.6,-1.2
T_DNLWW-1,28,DF,-0.06,-0.12
T_EAAO-1,28,DF,-0.92,-1.84
T_FASN-1,28,DF,-0.003,-0.006
T_FASN-2,28,DF,-0.001,-0.002
T_FERGD-1,28,DF,-0.396,-0.792
T_FERGD-2,28,DF,-0.911,-1.822
T_FFES-1,28,DF,-0.607,-1.214
T_FFES-3,28,DF,-0.02,-0.04
T_FFES-4,28,DF,-0.78,-1.56
T_FOYE-2,28,DF,-77.4,-154.8
T_FOYED-1,28,DF,-0.319,-0.638
T_GLNDO-1,28,DF,-0.021,-0.042
T_GRAI-7,28,DF,-0.25,-0.5
T_GYMRD-16,28,DF,-0.001,-0.002
T_GYMRD-E11,28,DF,-0.002,-0.004
T_GYMRD-W11,28,DF,-0.005,-0.01
T_HEYM2-D,28,DF,-13.908,-27.816
T_HEYM28,28,DF,-1.1280000000000001,-2.2560000000000002
T_HMGTO-1,28,DF,-0.197,-0.394
T_HMGTO-2,28,DF,-0.1,-0.2
T_HOWAO-1,28,DF,-0.539,-1.078
T_HOWAO-2,28,DF,-2.142,-4.284
T_HOWAO-3,28,DF,-1.516,-3.032
T_HOWBO-2,28,DF,-0.025,-0.05
T_HRTL-2,28,DF,-1.712,-3.424
T_HUMRD-1,28,DF,-25.73,-51.46
T_INDQ-1,28,DF,-1.06,-2.12
T_KEAD-1,28,DF,-0.92,-1.84
T_KEADGT-3,28,DF,-0.08,-0.16
T_KILLPG-1,28,DF,-0.39,-0.78
T_KILLPG-2,28,DF,-0.278,-0.556
T_KTHLW-1,28,DF,-0.009000000000000001,-0.018000000000000002
T_LAGA-1,28,DF,-0.6,-1.2
T_LBAR-1G,28,DF,-0.01,-0.02
T_MOWEO-1,28,DF,-0.002,-0.004
T_MRWD-1,28,DF,-0.5,-1.0
T_PNYCB-1,28,DF,-0.01,-0.02
T_ROCK-1,28,DF,-1.5,-3.0
T_SCCL-4,28,DF,-24.89,-49.78
T_SEEL-1,28,DF,-0.17,-0.34
T_SGRWO-3,28,DF,-0.579,-1.158
T_SGRWO-4,28,DF,-0.488,-0.976
T_SGRWO-5,28,DF,-0.894,-1.788
T_SGRWO-6,28,DF,-1.4100000000000001,-2.8200000000000003
T_SHBA-2,28,DF,-0.255,-0.51
T_SHRSW-2,28,DF,-0.368,-0.736
T_SUTB-1,28,DF,-0.5,-1.0
T_SVRP-10,28,DF,-0.3,-0.6
T_SVRP-20,28,DF,-0.2,-0.4
T_TDBNW-1,28,DF,-0.08700000000000001,-0.17400000000000002
T_THNTO-1,28,DF,-0.432,-0.864
T_THNTO-2,28,DF,-0.47100000000000003,-0.9420000000000001
T_TKNWW-1,28,DF,-0.002,-0.004
T_TORN-D,28,DF,-24.672,-49.344
T_TSREP-1,28,DF,-1.638,-3.276
T_WBURB-41,28,DF,-0.17,-0.34
T_WBURB-43,28,DF,-0.052000000000000005,-0.10400000000000001
T_BLLA-1,29,DF,-0.184,-0.368
T_BPGRD-1,29,DF,-28.607,-57.214
T_CASKD-1,29,DF,-2.24,-4.48
T_CLDSW-1,29,DF,-0.514,-1.028
T_CNQPS-1,29,DF,-1.323,-2.646
T_CNQPS-3,29,DF,-2.394,-4.788
T_CNQPS-4,29,DF,-2.268,-4.536
T_COSO-1,29,DF,-0.9440000000000001,-1.8880000000000001
T_CRGHD-1,29,DF,-0.002,-0.004
T_DIDCB6,29,DF,-0.75,-1.5
T_DINO-3,29,DF,-0.5,-1.0
T_DINO-5,29,DF,-0.6,-1.2
T_DNLWW-1,29,DF,-0.088,-0.176
T_EWHLW-1,29,DF,-0.184,-0.368
T_FASN-1,29,DF,-0.003,-0.006
T_FASN-2,29,DF,-0.001,-0.002
T_FERGD-1,29,DF,-0.51,-1.02
T_FERGD-2,29,DF,-0.9590000000000001,-1.9180000000000001
T_FFES-1,29,DF,-0.607,-1.214
T_FFES-3,29,DF,-0.01,-0.02
T_FFES-4,29,DF,-0.8,-1.6
T_FOYE-2,29,DF,-77.5,-155.0
T_FOYED-1,29,DF,-0.315,-0.63
T_GLNDO-1,29,DF,-0.021,-0.042
T_GRAI-7,29,DF,-0.3,-0.6
T_GYMRD-16,29,DF,-0.001,-0.002
T_GYMRD-E10,29,DF,-0.001,-0.002
T_GYMRD-E11,29,DF,-0.002,-0.004
T_GYMRD-W11,29,DF,-0.004,-0.008
T_HEYM2-D,29,DF,-13.84,-27.68
T_HEYM28,29,DF,-1.6920000000000002,-3.3840000000000003
T_HOWAO-2,29,DF,-0.07,-0.14
T_HRTL-2,29,DF,-1.724,-3.448
T_HUMRD-1,29,DF,-25.41,-50.82
T_INDQ-1,29,DF,-1.055,-2.11
T_KEAD-1,29,DF,-0.87,-1.74
T_KEADGT-3,29,DF,-0.08,-0.16
T_KILLPG-1,29,DF,-0.394,-0.788
T_KILLPG-2,29,DF,-0.28,-0.56
T_KTHLW-1,29,DF,-0.003,-0.006
T_LAGA-1,29,DF,-0.6,-1.2
T_MOWEO-1,29,DF,-0.002,-0.004
T_MRWD-1,29,DF,-0.6,-1.2
T_PNYCB-1,29,DF,-0.01,-0.02
T_ROCK-1,29,DF,-1.6,-3.2
T_SCCL-4,29,DF,-24.79,-49.58
T_SEEL-1,29,DF,-0.17,-0.34
T_SGRWO-3,29,DF,-0.582,-1.164
T_SGRWO-4,29,DF,-0.496,-0.992
T_SGRWO-5,29,DF,-0.916,-1.832
T_SGRWO-6,29,DF,-1.444,-2.888
T_SHBA-2,29,DF,-0.245,-0.49
T_SUTB-1,29,DF,-0.5,-1.0
T_SVRP-10,29,DF,-0.3,-0.6
T_SVRP-20,29,DF,-0.25,-0.5
T_TDBNW-1,29,DF,-0.015,-0.03
T_THNTO-1,29,DF,-0.17400000000000002,-0.34800000000000003
T_THNTO-2,29,DF,-0.187,-0.374
T_TKNWW-1,29,DF,-0.002,-0.004
T_TORN-D,29,DF,-24.632,-49.264
T_TSREP-1,29,DF,-1.681,-3.362
T_WBURB-41,29,DF,-0.013000000000000001,-0.026000000000000002
T_WBURB-43,29,DF,-0.07,-0.14
T_BPGRD-1,30,DF,-29.633,-59.266
T_CASKD-1,30,DF,-3.44,-6.88
T_CNQPS-1,30,DF,-1.953,-3.906
T_CNQPS-3,30,DF,-2.457,-4.914
T_CNQPS-4,30,DF,-2.268,-4.536
T_COSO-1,30,DF,-1.03,-2.06
T_CRGHD-1,30,DF,-0.002,-0.004
T_DIDCB6,30,DF,-0.75,-1.5
T_DINO-3,30,DF,-0.5,-1.0
T_DINO-5,30,DF,-0.7000000000000001,-1.4000000000000001
T_EWHLW-1,30,DF,-0.14200000000000002,-0.28400000000000003
T_FASN-1,30,DF,-0.003,-0.006
T_FASN-2,30,DF,-0.001,-0.002
T_FERGD-1,30,DF,-0.34500000000000003,-0.6900000000000001
T_FERGD-2,30,DF,-0.977,-1.954
T_FFES-1,30,DF,-0.608,-1.216
T_FFES-2,30,DF,-0.021,-0.042
T_FFES-3,30,DF,-0.02,-0.04
T_FFES-4,30,DF,-0.78,-1.56
T_FOYE-2,30,DF,-77.45,-154.9
T_FOYED-1,30,DF,-0.313,-0.626
T_GLNDO-1,30,DF,-0.021,-0.042
T_GRAI-7,30,DF,-0.3,-0.6
T_GYMRD-16,30,DF,-0.001,-0.002
T_GYMRD-E11,30,DF,-0.002,-0.004
T_GYMRD-W11,30,DF,-0.005,-0.01
T_HEYM2-D,30,DF,-13.916,-27.832
T_HEYM28,30,DF,-1.8359999999999999,-3.6719999999999997
T_HRTL-2,30,DF,-1.6400000000000001,-3.2800000000000002
T_HUMRD-1,30,DF,-25.46,-50.92
T_INDQ-1,30,DF,-1.06,-2.12
T_KEAD-1,30,DF,-0.92,-1.84
T_KEADGT-3,30,DF,-0.08,-0.16
T_KILLPG-1,30,DF,-0.383,-0.766
T_KILLPG-2,30,DF,-0.28200000000000003,-0.5640000000000001
T_KTHLW-1,30,DF,-0.007,-0.014
T_LAGA-1,30,DF,-0.5,-1.0
T_LBAR-1G,30,DF,-0.01,-0.02
T_MOWEO-1,30,DF,-0.002,-0.004
T_MRWD-1,30,DF,-0.5,-1.0
T_PNYCB-1,30,DF,-0.01,-0.02
T_ROCK-1,30,DF,-1.4,-2.8
T_SCCL-4,30,DF,-24.95,-49.9
T_SEEL-1,30,DF,-0.17,-0.34
T_SGRWO-3,30,DF,-0.588,-1.176
T_SGRWO-4,30,DF,-0.492,-0.984
T_SGRWO-5,30,DF,-0.916,-1.832
T_SGRWO-6,30,DF,-1.397,-2.794
T_SHBA-2,30,DF,-0.247,-0.494
T_SUTB-1,30,DF,-0.5,-1.0
T_SVRP-10,30,DF,-0.3,-0.6
T_SVRP-20,30,DF,-0.2,-0.4
T_TDBNW-1,30,DF,-0.032,-0.064
T_THNTO-1,30,DF,-0.423,-0.846
T_THNTO-2,30,DF,-0.422,-0.844
T_TKNEW-1,30,DF,-0.996,-1.992
T_TKNWW-1,30,DF,-0.002,-0.004
T_TORN-D,30,DF,-24.64,-49.28
T_TSREP-1,30,DF,-1.6760000000000002,-3.3520000000000003
T_WBURB-41,30,DF,-0.136,-0.272
T_WBURB-43,30,DF,-0.092,-0.184
T_BPGRD-1,31,DF,-29.767,-59.534
T_CASKD-1,31,DF,-2.19,-4.38
T_CNQPS-1,31,DF,-1.953,-3.906
T_CNQPS-3,31,DF,-2.457,-4.914
T_CNQPS-4,31,DF,-2.268,-4.536
T_COSO-1,31,DF,-0.98,-1.96
T_CRGHD-1,31,DF,-0.002,-0.004
T_DIDCB6,31,DF,-0.8,-1.6
T_DINO-3,31,DF,-0.45,-0.9
T_DINO-5,31,DF,-0.6,-1.2
T_FASN-1,31,DF,-0.003,-0.006
T_FASN-2,31,DF,-0.001,-0.002
T_FERGD-1,31,DF,-0.37,-0.74
T_FERGD-2,31,DF,-0.996,-1.992
T_FFES-1,31,DF,-0.619,-1.238
T_FFES-3,31,DF,-0.01,-0.02
T_FFES-4,31,DF,-0.8,-1.6
T_FOYE-2,31,DF,-7.5,-15.0
T_FOYED-1,31,DF,-0.11800000000000001,-0.23600000000000002
T_GLNDO-1,31,DF,-0.021,-0.042
T_GRAI-7,31,DF,-0.35000000000000003,-0.7000000000000001
T_GYMRD-16,31,DF,-0.001,-0.002
T_GYMRD-E11,31,DF,-0.003,-0.006
T_GYMRD-W11,31,DF,-0.005,-0.01
T_HEYM2-D,31,DF,-14.008,-28.016
T_HEYM28,31,DF,-1.96,-3.92
T_HRTL-2,31,DF,-1.6560000000000001,-3.3120000000000003
T_HUMRD-1,31,DF,-25.47,-50.94
T_INDQ-1,31,DF,-1.07,-2.14
T_KEAD-1,31,DF,-0.87,-1.74
T_KEADGT-3,31,DF,-0.08,-0.16
T_KILLPG-1,31,DF,-0.383,-0.766
T_KILLPG-2,31,DF,-0.28200000000000003,-0.5640000000000001
T_LAGA-1,31,DF,-0.6,-1.2
T_LARYW-3,31,DF,-0.452,-0.904
T_LARYW-4,31,DF,-0.625,-1.25
T_MOWEO-1,31,DF,-0.002,-0.004
T_MRWD-1,31,DF,-0.5,-1.0
T_PNYCB-1,31,DF,-0.01,-0.02
T_RCBKO-1,31,DF,-0.131,-0.262
T_ROCK-1,31,DF,-1.6,-3.2
T_SCCL-4,31,DF,-24.97,-49.94
T_SEEL-1,31,DF,-0.188,-0.376
T_SGRWO-3,31,DF,-0.588,-1.176
T_SGRWO-4,31,DF,-0.493,-0.986
T_SGRWO-5,31,DF,-0.91,-1.82
T_SGRWO-6,31,DF,-1.42,-2.84
T_SHBA-2,31,DF,-0.23900000000000002,-0.47800000000000004
T_SUTB-1,31,DF,-0.5,-1.0
T_SVRP-10,31,DF,-0.25,-0.5
T_SVRP-20,31,DF,-0.2,-0.4
T_THNTO-1,31,DF,-0.42,-0.84
T_THNTO-2,31,DF,-0.34,-0.68
T_TKNEW-1,31,DF,-2.915,-5.83
T_TKNWW-1,31,DF,-0.002,-0.004
T_TORN-D,31,DF,-24.7,-49.4
T_TSREP-1,31,DF,-1.646,-3.292
T_WBURB-41,31,DF,-0.261,-0.522
T_WBURB-43,31,DF,-0.26,-0.52
T_BPGRD-1,32,DF,-29.856,-59.712
T_CASKD-1,32,DF,-1.8,-3.6
T_CNQPS-1,32,DF,-1.953,-3.906
T_CNQPS-3,32,DF,-2.457,-4.914
T_CNQPS-4,32,DF,-2.268,-4.536
T_COSO-1,32,DF,-0.986,-1.972
T_CRGHD-1,32,DF,-0.002,-0.004
T_DIDCB6,32,DF,-0.8,-1.6
T_DINO-3,32,DF,-0.5,-1.0
T_DINO-5,32,DF,-0.65,-1.3
T_FASN-1,32,DF,-0.003,-0.006
T_FASN-2,32,DF,-0.001,-0.002
T_FERGD-1,32,DF,-0.35100000000000003,-0.7020000000000001
T_FERGD-2,32,DF,-0.867,-1.734
T_FFES-2,32,DF,-0.011,-0.022
T_FFES-3,32,DF,-0.02,-0.04
T_FFES-4,32,DF,-0.78,-1.56
T_FOYED-1,32,DF,-0.07100000000000001,-0.14200000000000002
T_GLNDO-1,32,DF,-0.021,-0.042
T_GRAI-7,32,DF,-0.35000000000000003,-0.7000000000000001
T_GYMRD-16,32,DF,-0.001,-0.002
T_GYMRD-E11,32,DF,-0.002,-0.004
T_GYMRD-W10,32,DF,-0.001,-0.002
T_GYMRD-W11,32,DF,-0.005,-0.01
T_HEYM2-D,32,DF,-13.888,-27.776
T_HEYM28,32,DF,-2.008,-4.016
T_HRTL-2,32,DF,-1.6440000000000001,-3.2880000000000003
T_HUMRD-1,32,DF,-25.34,-50.68
T_INDQ-1,32,DF,-1.095,-2.19
T_KEAD-1,32,DF,-0.92,-1.84
T_KEADGT-3,32,DF,-0.08,-0.16
T_KILLPG-1,32,DF,-0.384,-0.768
T_KILLPG-2,32,DF,-0.281,-0.562
T_LAGA-1,32,DF,-0.6,-1.2
T_LARYW-1,32,DF,-0.125,-0.25
T_LARYW-2,32,DF,-0.303,-0.606
T_LARYW-3,32,DF,-0.41100000000000003,-0.8220000000000001
T_LARYW-4,32,DF,-0.41400000000000003,-0.8280000000000001
T_LBAR-1G,32,DF,-0.01,-0.02
T_MOWEO-1,32,DF,-0.002,-0.004
T_MRWD-1,32,DF,-0.6,-1.2
T_PNYCB-1,32,DF,-0.01,-0.02
T_RCBKO-1,32,DF,-1.151,-2.302
T_ROCK-1,32,DF,-1.5,-3.0
T_SCCL-4,32,DF,-24.83,-49.66
T_SEEL-1,32,DF,-0.169,-0.338
T_SGRWO-3,32,DF,-0.581,-1.162
T_SGRWO-4,32,DF,-0.503,-1.006
T_SGRWO-5,32,DF,-0.903,-1.806
T_SGRWO-6,32,DF,-1.367,-2.734
T_SHBA-2,32,DF,-0.241,-0.482
T_SUTB-1,32,DF,-0.5,-1.0
T_SVRP-10,32,DF,-0.3,-0.6
T_SVRP-20,32,DF,-0.2,-0.4
T_THNTO-1,32,DF,-0.355,-0.71
T_THNTO-2,32,DF,-0.34,-0.68
T_TKNEW-1,32,DF,-2.892,-5.784
T_TKNWW-1,32,DF,-0.002,-0.004
T_TORN-D,32,DF,-24.664,-49.328
T_TSREP-1,32,DF,-1.646,-3.292
T_WBURB-41,32,DF,-0.075,-0.15
T_WBURB-43,32,DF,-0.113,-0.226
T_BPGRD-1,33,DF,-29.99,-59.98
T_CASKD-1,33,DF,-1.26,-2.52
T_CNQPS-1,33,DF,-1.953,-3.906
T_CNQPS-3,33,DF,-2.583,-5.166
T_CNQPS-4,33,DF,-2.268,-4.536
T_COSO-1,33,DF,-1.052,-2.104
T_CRGHD-1,33,DF,-0.002,-0.004
T_CRYRW-3,33,DF,-0.045,-0.09
T_DIDCB6,33,DF,-0.8,-1.6
T_DINO-3,33,DF,-0.5,-1.0
T_DINO-5,33,DF,-0.65,-1.3
T_FASN-1,33,DF,-0.003,-0.006
T_FASN-2,33,DF,-0.001,-0.002
T_FERGD-1,33,DF,-0.438,-0.876
T_FERGD-2,33,DF,-0.812,-1.624
T_FFES-2,33,DF,-0.021,-0.042
T_FFES-3,33,DF,-0.01,-0.02
T_FFES-4,33,DF,-0.79,-1.58
T_FOYED-1,33,DF,-0.073,-0.146
T_GLNDO-1,33,DF,-0.021,-0.042
T_GRAI-7,33,DF,-0.3,-0.6
T_GYMRD-16,33,DF,-0.001,-0.002
T_GYMRD-E11,33,DF,-0.003,-0.006
T_GYMRD-W11,33,DF,-0.005,-0.01
T_HEYM2-D,33,DF,-13.864,-27.728
T_HEYM28,33,DF,-2.096,-4.192
T_HRTL-2,33,DF,-1.6520000000000001,-3.3040000000000003
T_HUMRD-1,33,DF,-24.74,-49.48
T_INDQ-1,33,DF,-1.11,-2.22
T_KEAD-1,33,DF,-0.87,-1.74
T_KEADGT-3,33,DF,-0.08,-0.16
T_KILLPG-1,33,DF,-0.382,-0.764
T_KILLPG-2,33,DF,-0.28200000000000003,-0.5640000000000001
T_LAGA-1,33,DF,-0.6,-1.2
T_LBAR-1G,33,DF,-0.01,-0.02
T_MOWEO-1,33,DF,-0.002,-0.004
T_MRWD-1,33,DF,-0.5,-1.0
T_PNYCB-1,33,DF,-0.015,-0.03
T_ROCK-1,33,DF,-1.5,-3.0
T_SCCL-4,33,DF,-24.77,-49.54
T_SEEL-1,33,DF,-0.169,-0.338
T_SGRWO-3,33,DF,-0.581,-1.162
T_SGRWO-4,33,DF,-0.536,-1.072
T_SGRWO-5,33,DF,-0.931,-1.862
T_SGRWO-6,33,DF,-1.4060000000000001,-2.8120000000000003
T_SHBA-2,33,DF,-0.248,-0.496
T_SUTB-1,33,DF,-0.5,-1.0
T_SVRP-10,33,DF,-0.25,-0.5
T_SVRP-20,33,DF,-0.2,-0.4
T_TKNEW-1,33,DF,-2.467,-4.934
T_TKNWW-1,33,DF,-0.002,-0.004
T_TORN-D,33,DF,-24.592,-49.184
T_TSREP-1,33,DF,-1.666,-3.332
T_WBURB-41,33,DF,-0.079,-0.158
T_WBURB-43,33,DF,-0.168,-0.336
T_BPGRD-1,34,DF,-30.196,-60.392
T_CASKD-1,34,DF,-1.2,-2.4
T_CNQPS-1,34,DF,-1.953,-3.906
T_CNQPS-3,34,DF,-2.646,-5.292
T_CNQPS-4,34,DF,-2.268,-4.536
T_COSO-1,34,DF,-0.927,-1.854
T_CRGHD-1,34,DF,-0.002,-0.004
T_DIDCB6,34,DF,-0.8,-1.6
T_DINO-3,34,DF,-0.5,-1.0
T_DINO-5,34,DF,-0.65,-1.3
T_FASN-1,34,DF,-0.003,-0.006
T_FASN-2,34,DF,-0.001,-0.002
T_FERGD-1,34,DF,-0.336,-0.672
T_FERGD-2,34,DF,-0.893,-1.786
T_FFES-2,34,DF,-0.021,-0.042
T_FFES-3,34,DF,-0.02,-0.04
T_FFES-4,34,DF,-0.79,-1.58
T_FOYED-1,34,DF,-0.074,-0.148
T_GRAI-7,34,DF,-0.35000000000000003,-0.7000000000000001
T_GYMRD-16,34,DF,-0.001,-0.002
T_GYMRD-E11,34,DF,-0.004,-0.008
T_GYMRD-W10,34,DF,-0.001,-0.002
T_GYMRD-W11,34,DF,-0.005,-0.01
T_HEYM2-D,34,DF,-13.856,-27.712
T_HEYM28,34,DF,-2.108,-4.216
T_HMGTO-1,34,DF,-0.529,-1.058
T_HMGTO-2,34,DF,-0.307,-0.614
T_HRTL-2,34,DF,-1.6560000000000001,-3.3120000000000003
T_HUMRD-1,34,DF,-24.48,-48.96
T_INDQ-1,34,DF,-1.115,-2.23
T_KEAD-1,34,DF,-0.915,-1.83
T_KEADGT-3,34,DF,-0.085,-0.17
T_KILLPG-1,34,DF,-0.38,-0.76
T_KILLPG-2,34,DF,-0.28,-0.56
T_LAGA-1,34,DF,-0.6,-1.2
T_MOWEO-1,34,DF,-0.002,-0.004
T_MRWD-1,34,DF,-0.6,-1.2
T_PNYCB-1,34,DF,-0.01,-0.02
T_ROCK-1,34,DF,-1.6,-3.2
T_SCCL-4,34,DF,-24.68,-49.36
T_SEEL-1,34,DF,-0.169,-0.338
T_SGRWO-3,34,DF,-0.591,-1.182
T_SGRWO-4,34,DF,-0.508,-1.016
T_SGRWO-5,34,DF,-0.9530000000000001,-1.9060000000000001
T_SGRWO-6,34,DF,-1.432,-2.864
T_SHBA-2,34,DF,-0.246,-0.492
T_SUTB-1,34,DF,-0.5,-1.0
T_SVRP-10,34,DF,-0.3,-0.6
T_SVRP-20,34,DF,-0.2,-0.4
T_TKNEW-1,34,DF,-2.838,-5.676
T_TKNWW-1,34,DF,-0.002,-0.004
T_TORN-D,34,DF,-24.58,-49.16
T_TSREP-1,34,DF,-1.681,-3.362
T_WBURB-43,34,DF,-0.082,-0.164
T_BPGRD-1,35,DF,-30.618,-61.236
T_CASKD-1,35,DF,-1.04,-2.08
T_CNQPS-1,35,DF,-1.953,-3.906
T_CNQPS-3,35,DF,-2.583,-5.166
T_CNQPS-4,35,DF,-2.331,-4.662
T_COSO-1,35,DF,-1.045,-2.09
T_CRGHD-1,35,DF,-0.002,-0.004
T_CRYRW-3,35,DF,-0.089,-0.178
T_DIDCB6,35,DF,-0.75,-1.5
T_DINO-3,35,DF,-0.5,-1.0
T_DINO-5,35,DF,-0.65,-1.3
T_FASN-1,35,DF,-0.003,-0.006
T_FASN-2,35,DF,-0.001,-0.002
T_FERGD-1,35,DF,-0.266,-0.532
T_FERGD-2,35,DF,-1.064,-2.128
T_FFES-2,35,DF,-0.011,-0.022
T_FFES-3,35,DF,-0.01,-0.02
T_FFES-4,35,DF,-0.72,-1.44
T_FOYED-1,35,DF,-0.07200000000000001,-0.14400000000000002
T_GRAI-7,35,DF,-0.3,-0.6
T_GYMRD-16,35,DF,-0.001,-0.002
T_GYMRD-E10,35,DF,-0.001,-0.002
T_GYMRD-E11,35,DF,-0.002,-0.004
T_GYMRD-W11,35,DF,-0.005,-0.01
T_HEYM2-D,35,DF,-13.8,-27.6
T_HEYM28,35,DF,-2.108,-4.216
T_HRTL-2,35,DF,-1.6680000000000001,-3.3360000000000003
T_HUMRD-1,35,DF,-24.44,-48.88
T_INDQ-1,35,DF,-1.115,-2.23
T_KEAD-1,35,DF,-0.87,-1.74
T_KEADGT-3,35,DF,-0.08,-0.16
T_KILLPG-1,35,DF,-0.38,-0.76
T_KILLPG-2,35,DF,-0.28,-0.56
T_LAGA-1,35,DF,-0.5,-1.0
T_LBAR-1G,35,DF,-0.01,-0.02
T_MOWEO-1,35,DF,-0.002,-0.004
T_MRWD-1,35,DF,-0.5,-1.0
T_PNYCB-1,35,DF,-0.01,-0.02
T_ROCK-1,35,DF,-1.6,-3.2
T_SCCL-4,35,DF,-24.71,-49.42
T_SEEL-1,35,DF,-0.186,-0.372
T_SGRWO-3,35,DF,-0.642,-1.284
T_SGRWO-4,35,DF,-0.496,-0.992
T_SGRWO-5,35,DF,-0.971,-1.942
T_SGRWO-6,35,DF,-1.423,-2.846
T_SHBA-2,35,DF,-0.24,-0.48
T_SUTB-1,35,DF,-0.5,-1.0
T_SVRP-10,35,DF,-0.25,-0.5
T_SVRP-20,35,DF,-0.25,-0.5
T_TKNEW-1,35,DF,-2.931,-5.862
T_TKNWW-1,35,DF,-0.002,-0.004
T_TORN-D,35,DF,-24.508,-49.016
T_TSREP-1,35,DF,-1.62,-3.24
T_AKGLW-2,36,DF,-0.089,-0.178
T_AKGLW-3,36,DF,-0.065,-0.13
T_BPGRD-1,36,DF,-31.235,-62.47
T_CASKD-1,36,DF,-2.24,-4.48
T_CNQPS-1,36,DF,-1.953,-3.906
T_CNQPS-3,36,DF,-4.284,-8.568
T_CNQPS-4,36,DF,-2.268,-4.536
T_COSO-1,36,DF,-0.9410000000000001,-1.8820000000000001
T_CRGHD-1,36,DF,-0.002,-0.004
T_CRYRW-3,36,DF,-0.091,-0.182
T_DIDCB6,36,DF,-0.85,-1.7
T_DINO-3,36,DF,-0.45,-0.9
T_DINO-5,36,DF,-0.65,-1.3
T_FASN-1,36,DF,-0.003,-0.006
T_FASN-2,36,DF,-0.001,-0.002
T_FERGD-1,36,DF,-0.521,-1.042
T_FERGD-2,36,DF,-0.933,-1.866
T_FFES-2,36,DF,-0.021,-0.042
T_FFES-3,36,DF,-0.02,-0.04
T_FOYED-1,36,DF,-0.069,-0.138
T_GRAI-7,36,DF,-0.35000000000000003,-0.7000000000000001
T_GYMRD-16,36,DF,-0.001,-0.002
T_GYMRD-E10,36,DF,-0.001,-0.002
T_GYMRD-E11,36,DF,-0.003,-0.006
T_GYMRD-W10,36,DF,-0.001,-0.002
T_GYMRD-W11,36,DF,-0.005,-0.01
T_HEYM2-D,36,DF,-13.828,-27.656
T_HEYM28,36,DF,-2.132,-4.264
T_HRTL-2,36,DF,-1.6680000000000001,-3.3360000000000003
T_HUMRD-1,36,DF,-24.44,-48.88
T_INDQ-1,36,DF,-1.095,-2.19
T_KEAD-1,36,DF,-0.92,-1.84
T_KEADGT-3,36,DF,-0.08,-0.16
T_KILLPG-1,36,DF,-0.382,-0.764
T_KILLPG-2,36,DF,-0.28300000000000003,-0.5660000000000001
T_LAGA-1,36,DF,-0.5,-1.0
T_LNCSW-1,36,DF,-0.525,-1.05
T_MOWEO-1,36,DF,-0.002,-0.004
T_MRWD-1,36,DF,-0.5,-1.0
T_PNYCB-1,36,DF,-0.01,-0.02
T_RCBKO-1,36,DF,-0.2,-0.4
T_ROCK-1,36,DF,-1.5,-3.0
T_SCCL-4,36,DF,-24.66,-49.32
T_SEEL-1,36,DF,-0.167,-0.334
T_SGRWO-3,36,DF,-0.606,-1.212
T_SGRWO-4,36,DF,-0.508,-1.016
T_SGRWO-5,36,DF,-0.912,-1.824
T_SGRWO-6,36,DF,-1.444,-2.888
T_SHBA-2,36,DF,-0.234,-0.468
T_SUTB-1,36,DF,-0.5,-1.0
T_SVRP-10,36,DF,-0.3,-0.6
T_SVRP-20,36,DF,-0.2,-0.4
T_TKNEW-1,36,DF,-2.801,-5.602
T_TKNWW-1,36,DF,-0.002,-0.004
T_TORN-D,36,DF,-24.48,-48.96
T_TSREP-1,36,DF,-1.591,-3.182
T_WBURB-41,36,DF,-0.10400000000000001,-0.20800000000000002
T_WBURB-43,36,DF,-0.132,-0.264
T_AKGLW-2,37,DF,-0.132,-0.264
T_AKGLW-3,37,DF,-0.041,-0.082
T_BPGRD-1,37,DF,-31.043,-62.086
T_CASKD-1,37,DF,-5.41,-10.82
T_CNQPS-1,37,DF,-1.953,-3.906
T_CNQPS-4,37,DF,-2.331,-4.662
T_COSO-1,37,DF,-1.005,-2.01
T_CRGHD-1,37,DF,-0.002,-0.004
T_CRYRW-3,37,DF,-0.093,-0.186
T_DIDCB6,37,DF,-0.8,-1.6
T_DINO-3,37,DF,-0.5,-1.0
T_DINO-5,37,DF,-0.6,-1.2
T_FASN-1,37,DF,-0.003,-0.006
T_FASN-2,37,DF,-0.001,-0.002
T_FERGD-1,37,DF,-0.454,-0.908
T_FERGD-2,37,DF,-0.631,-1.262
T_FFES-3,37,DF,-0.01,-0.02
T_FFES-4,37,DF,-0.8,-1.6
T_FOYED-1,37,DF,-0.069,-0.138
T_GRAI-7,37,DF,-0.3,-0.6
T_GYMRD-16,37,DF,-0.001,-0.002
T_GYMRD-E10,37,DF,-0.001,-0.002
T_GYMRD-E11,37,DF,-0.002,-0.004
T_GYMRD-W10,37,DF,-0.001,-0.002
T_GYMRD-W11,37,DF,-0.005,-0.01
T_HEYM2-D,37,DF,-13.844,-27.688
T_HEYM28,37,DF,-2.144,-4.288
T_HRTL-2,37,DF,-1.6680000000000001,-3.3360000000000003
T_HUMRD-1,37,DF,-24.34,-48.68
T_INDQ-1,37,DF,-1.085,-2.17
T_KEAD-1,37,DF,-0.87,-1.74
T_KEADGT-3,37,DF,-0.08,-0.16
T_KILLPG-1,37,DF,-0.385,-0.77
T_KILLPG-2,37,DF,-0.28700000000000003,-0.5740000000000001
T_LAGA-1,37,DF,-0.5,-1.0
T_LBAR-1G,37,DF,-0.01,-0.02
T_LNCSW-1,37,DF,-0.56,-1.12
T_LNCSW-2,37,DF,-0.603,-1.206
T_MOWEO-1,37,DF,-0.002,-0.004
T_MRWD-1,37,DF,-0.5,-1.0
T_PNYCB-1,37,DF,-0.01,-0.02
T_RCBKO-1,37,DF,-1.339,-2.678
T_RCBKO-2,37,DF,-1.287,-2.574
T_ROCK-1,37,DF,-1.6,-3.2
T_SCCL-4,37,DF,-24.66,-49.32
T_SEEL-1,37,DF,-0.167,-0.334
T_SGRWO-3,37,DF,-0.596,-1.192
T_SGRWO-4,37,DF,-0.502,-1.004
T_SGRWO-5,37,DF,-0.915,-1.83
T_SGRWO-6,37,DF,-1.441,-2.882
T_SHBA-2,37,DF,-0.233,-0.466
T_SUTB-1,37,DF,-0.5,-1.0
T_SVRP-10,37,DF,-0.25,-0.5
T_SVRP-20,37,DF,-0.25,-0.5
T_TKNEW-1,37,DF,-0.402,-0.804
T_TKNWW-1,37,DF,-0.002,-0.004
T_TORN-D,37,DF,-24.388,-48.776
T_TSREP-1,37,DF,-1.561,-3.122
T_WBURB-41,37,DF,-0.062,-0.124
T_WBURB-43,37,DF,-0.077,-0.154
T_AKGLW-2,38,DF,-0.178,-0.356
T_AKGLW-3,38,DF,-0.131,-0.262
T_BPGRD-1,38,DF,-31.07,-62.14
T_CASKD-1,38,DF,-3.39,-6.78
T_CNQPS-1,38,DF,-1.8900000000000001,-3.7800000000000002
T_CNQPS-4,38,DF,-2.268,-4.536
T_COSO-1,38,DF,-0.988,-1.976
T_CRGHD-1,38,DF,-0.002,-0.004
T_CRYRW-3,38,DF,-0.068,-0.136
T_DIDCB6,38,DF,-0.8,-1.6
T_DINO-3,38,DF,-0.5,-1.0
T_DINO-5,38,DF,-0.65,-1.3
T_FASN-1,38,DF,-0.003,-0.006
T_FASN-2,38,DF,-0.001,-0.002
T_FERGD-1,38,DF,-0.551,-1.102
T_FERGD-2,38,DF,-0.777,-1.554
T_FFES-1,38,DF,-0.611,-1.222
T_FFES-3,38,DF,-0.02,-0.04
T_FFES-4,38,DF,-0.8,-1.6
T_FOYED-1,38,DF,-0.085,-0.17
T_GRAI-7,38,DF,-0.35000000000000003,-0.7000000000000001
T_GYMRD-16,38,DF,-0.001,-0.002
T_GYMRD-E10,38,DF,-0.001,-0.002
T_GYMRD-E11,38,DF,-0.002,-0.004
T_GYMRD-W11,38,DF,-0.005,-0.01
T_HEYM2-D,38,DF,-13.832,-27.664
T_HEYM28,38,DF,-2.132,-4.264
T_HRTL-2,38,DF,-1.6600000000000001,-3.3200000000000003
T_HUMRD-1,38,DF,-24.22,-48.44
T_INDQ-1,38,DF,-1.055,-2.11
T_KEAD-1,38,DF,-0.87,-1.74
T_KEADGT-3,38,DF,-0.08,-0.16
T_KILLPG-1,38,DF,-0.393,-0.786
T_KILLPG-2,38,DF,-0.294,-0.588
T_LAGA-1,38,DF,-0.5,-1.0
T_LBAR-1G,38,DF,-0.01,-0.02
T_LNCSW-1,38,DF,-0.553,-1.106
T_LNCSW-2,38,DF,-0.605,-1.21
T_MOWEO-1,38,DF,-0.002,-0.004
T_MRWD-1,38,DF,-0.4,-0.8
T_PNYCB-1,38,DF,-0.01,-0.02
T_RCBKO-1,38,DF,-1.298,-2.596
T_RCBKO-2,38,DF,-1.316,-2.632
T_ROCK-1,38,DF,-1.6,-3.2
T_SCCL-4,38,DF,-24.64,-49.28
T_SEEL-1,38,DF,-0.165,-0.33
T_SGRWO-3,38,DF,-0.607,-1.214
T_SGRWO-4,38,DF,-0.498,-0.996
T_SGRWO-5,38,DF,-0.92,-1.84
T_SGRWO-6,38,DF,-1.444,-2.888
T_SHBA-2,38,DF,-0.232,-0.464
T_SHRSW-1,38,DF,-0.318,-0.636
T_SHRSW-2,38,DF,-0.318,-0.636
T_SUTB-1,38,DF,-0.5,-1.0
T_SVRP-10,38,DF,-0.3,-0.6
T_SVRP-20,38,DF,-0.2,-0.4
T_TKNWW-1,38,DF,-0.002,-0.004
T_TORN-D,38,DF,-24.336,-48.672
T_TSREP-1,38,DF,-1.615,-3.23
T_WBURB-41,38,DF,-0.027,-0.054
T_WTMSO-1,38,DF,-0.585,-1.17
T_AKGLW-2,39,DF,-0.192,-0.384
T_AKGLW-3,39,DF,-0.158,-0.316
T_BPGRD-1,39,DF,-30.687,-61.374
T_CASKD-1,39,DF,-1.53,-3.06
T_CNQPS-1,39,DF,-1.953,-3.906
T_CNQPS-4,39,DF,-2.331,-4.662
T_COSO-1,39,DF,-0.925,-1.85
T_CRGHD-1,39,DF,-0.002,-0.004
T_CRYRW-3,39,DF,-0.088,-0.176
T_DIDCB6,39,DF,-0.85,-1.7
T_DINO-3,39,DF,-0.45,-0.9
T_DINO-5,39,DF,-0.65,-1.3
T_FASN-1,39,DF,-0.003,-0.006
T_FASN-2,39,DF,-0.001,-0.002
T_FERGD-1,39,DF,-0.338,-0.676
T_FERGD-2,39,DF,-0.884,-1.768
T_FFES-3,39,DF,-0.01,-0.02
T_FFES-4,39,DF,-0.79,-1.58
T_FOYED-1,39,DF,-0.307,-0.614
T_GRAI-7,39,DF,-0.3,-0.6
T_GYMRD-16,39,DF,-0.001,-0.002
T_GYMRD-E11,39,DF,-0.002,-0.004
T_GYMRD-W11,39,DF,-0.005,-0.01
T_HEYM2-D,39,DF,-13.852,-27.704
T_HEYM28,39,DF,-2.14,-4.28
T_HMGTO-1,39,DF,-0.262,-0.524
T_HOWBO-2,39,DF,-0.8150000000000001,-1.6300000000000001
T_HOWBO-3,39,DF,-0.08600000000000001,-0.17200000000000001
T_HRTL-2,39,DF,-1.6480000000000001,-3.2960000000000003
T_HUMRD-1,39,DF,-23.9,-47.8
T_INDQ-1,39,DF,-1.09,-2.18
T_KEAD-1,39,DF,-0.92,-1.84
T_KEADGT-3,39,DF,-0.08,-0.16
T_KILLPG-1,39,DF,-0.394,-0.788
T_KILLPG-2,39,DF,-0.297,-0.594
T_LAGA-1,39,DF,-0.5,-1.0
T_LARYW-1,39,DF,-0.6900000000000001,-1.3800000000000001
T_LARYW-2,39,DF,-0.615,-1.23
T_LNCSW-1,39,DF,-0.334,-0.668
T_MOWEO-1,39,DF,-0.002,-0.004
T_MRWD-1,39,DF,-0.5,-1.0
T_PNYCB-1,39,DF,-0.015,-0.03
T_RCBKO-1,39,DF,-0.66,-1.32
T_RCBKO-2,39,DF,-0.433,-0.866
T_ROCK-1,39,DF,-1.5,-3.0
T_SCCL-4,39,DF,-24.62,-49.24
T_SEEL-1,39,DF,-0.179,-0.358
T_SGRWO-3,39,DF,-0.605,-1.21
T_SGRWO-4,39,DF,-0.515,-1.03
T_SGRWO-5,39,DF,-0.935,-1.87
T_SGRWO-6,39,DF,-1.468,-2.936
T_SHBA-2,39,DF,-0.231,-0.462
T_SHRSW-1,39,DF,-0.14400000000000002,-0.28800000000000003
T_SHRSW-2,39,DF,-0.387,-0.774
T_SUTB-1,39,DF,-0.5,-1.0
T_SVRP-10,39,DF,-0.25,-0.5
T_SVRP-20,39,DF,-0.2,-0.4
T_TKNEW-1,39,DF,-0.42,-0.84
T_TKNWW-1,39,DF,-0.002,-0.004
T_TORN-D,39,DF,-24.312,-48.624
T_TSREP-1,39,DF,-1.649,-3.298
T_WBURB-41,39,DF,-0.038,-0.076
T_WTMSO-1,39,DF,-1.467,-2.934
T_AKGLW-2,40,DF,-0.192,-0.384
T_AKGLW-3,40,DF,-0.158,-0.316
T_BPGRD-1,40,DF,-30.083,-60.166
T_CASKD-1,40,DF,-0.8200000000000001,-1.6400000000000001
T_CNQPS-1,40,DF,-1.953,-3.906
T_CNQPS-4,40,DF,-2.268,-4.536
T_COSO-1,40,DF,-0.978,-1.956
T_CRGHD-1,40,DF,-0.002,-0.004
T_CRYRW-3,40,DF,-0.084,-0.168
T_DIDCB6,40,DF,-0.8,-1.6
T_DINO-3,40,DF,-0.5,-1.0
T_DINO-5,40,DF,-0.65,-1.3
T_EWHLW-1,40,DF,-0.021,-0.042
T_FASN-1,40,DF,-0.003,-0.006
T_FASN-2,40,DF,-0.001,-0.002
T_FERGD-1,40,DF,-0.248,-0.496
T_FERGD-2,40,DF,-0.743,-1.486
T_FFES-3,40,DF,-0.02,-0.04
T_FOYED-1,40,DF,-0.311,-0.622
T_GRAI-7,40,DF,-0.3,-0.6
T_GYMRD-16,40,DF,-0.001,-0.002
T_GYMRD-E10,40,DF,-0.001,-0.002
T_GYMRD-E11,40,DF,-0.002,-0.004
T_GYMRD-W11,40,DF,-0.006,-0.012
T_HEYM2-D,40,DF,-13.828,-27.656
T_HEYM28,40,DF,-2.176,-4.352
T_HMGTO-1,40,DF,-0.588,-1.176
T_HMGTO-2,40,DF,-0.585,-1.17
T_HOWAO-1,40,DF,-2.21,-4.42
T_HOWBO-2,40,DF,-1.788,-3.576
T_HOWBO-3,40,DF,-0.026000000000000002,-0.052000000000000005
T_HRTL-2,40,DF,-1.6520000000000001,-3.3040000000000003
T_HUMRD-1,40,DF,-23.98,-47.96
T_INDQ-1,40,DF,-1.09,-2.18
T_KEAD-1,40,DF,-0.87,-1.74
T_KEADGT-3,40,DF,-0.08,-0.16
T_KILLPG-1,40,DF,-0.393,-0.786
T_KILLPG-2,40,DF,-0.297,-0.594
T_LAGA-1,40,DF,-0.5,-1.0
T_LARYW-1,40,DF,-0.356,-0.712
T_LARYW-2,40,DF,-0.43,-0.86
T_LARYW-3,40,DF,-0.098,-0.196
T_LARYW-4,40,DF,-0.2,-0.4
T_LBAR-1G,40,DF,-0.01,-0.02
T_MOWEO-1,40,DF,-0.002,-0.004
T_MRWD-1,40,DF,-0.5,-1.0
T_PNYCB-1,40,DF,-0.01,-0.02
T_RCBKO-1,40,DF,-1.182,-2.364
T_RCBKO-2,40,DF,-0.9560000000000001,-1.9120000000000001
T_ROCK-1,40,DF,-1.6,-3.2
T_SCCL-4,40,DF,-24.57,-49.14
T_SEEL-1,40,DF,-0.166,-0.332
T_SGRWO-3,40,DF,-0.598,-1.196
T_SGRWO-4,40,DF,-0.515,-1.03
T_SGRWO-5,40,DF,-0.929,-1.858
T_SGRWO-6,40,DF,-1.46,-2.92
T_SHBA-2,40,DF,-0.233,-0.466
T_SUTB-1,40,DF,-0.4,-0.8
T_SVRP-10,40,DF,-0.25,-0.5
T_SVRP-20,40,DF,-0.2,-0.4
T_TKNEW-1,40,DF,-3.095,-6.19
T_TKNWW-1,40,DF,-0.002,-0.004
T_TORN-D,40,DF,-24.32,-48.64
T_TSREP-1,40,DF,-1.6680000000000001,-3.3360000000000003
T_WBURB-41,40,DF,-0.027,-0.054
T_WTMSO-1,40,DF,-1.441,-2.882
T_AKGLW-3,41,DF,-0.037,-0.074
T_BPGRD-1,41,DF,-30.171,-60.342
T_CASKD-1,41,DF,-0.98,-1.96
T_CNQPS-1,41,DF,-1.953,-3.906
T_CNQPS-4,41,DF,-2.331,-4.662
T_COSO-1,41,DF,-0.91,-1.82
T_CRGHD-1,41,DF,-0.002,-0.004
T_CRYRW-3,41,DF,-0.083,-0.166
T_DIDCB6,41,DF,-0.85,-1.7
T_DINO-3,41,DF,-0.5,-1.0
T_DINO-5,41,DF,-0.65,-1.3
T_DNLWW-1,41,DF,-0.096,-0.192
T_FASN-1,41,DF,-0.003,-0.006
T_FASN-2,41,DF,-0.001,-0.002
T_FERGD-1,41,DF,-0.448,-0.896
T_FERGD-2,41,DF,-0.725,-1.45
T_FFES-3,41,DF,-0.01,-0.02
T_FOYED-1,41,DF,-0.31,-0.62
T_GRAI-7,41,DF,-0.35000000000000003,-0.7000000000000001
T_GYMRD-16,41,DF,-0.001,-0.002
T_GYMRD-E10,41,DF,-0.001,-0.002
T_GYMRD-E11,41,DF,-0.002,-0.004
T_GYMRD-W11,41,DF,-0.005,-0.01
T_HEYM2-D,41,DF,-13.884,-27.768
T_HEYM28,41,DF,-2.184,-4.368
T_HMGTO-1,41,DF,-0.5710000000000001,-1.1420000000000001
T_HMGTO-2,41,DF,-0.594,-1.188
T_HOWAO-1,41,DF,-2.51,-5.02
T_HOWBO-1,41,DF,-0.064,-0.128
T_HOWBO-2,41,DF,-1.8900000000000001,-3.7800000000000002
T_HRTL-2,41,DF,-1.6520000000000001,-3.3040000000000003
T_HUMRD-1,41,DF,-23.88,-47.76
T_INDQ-1,41,DF,-1.105,-2.21
T_KEAD-1,41,DF,-0.92,-1.84
T_KEADGT-3,41,DF,-0.08,-0.16
T_KILLPG-1,41,DF,-0.394,-0.788
T_KILLPG-2,41,DF,-0.295,-0.59
T_KTHLW-1,41,DF,-0.01,-0.02
T_LAGA-1,41,DF,-0.4,-0.8
T_MOWEO-1,41,DF,-0.002,-0.004
T_MRWD-1,41,DF,-0.5,-1.0
T_PNYCB-1,41,DF,-0.01,-0.02
T_RCBKO-1,41,DF,-1.207,-2.414
T_RCBKO-2,41,DF,-1.287,-2.574
T_ROCK-1,41,DF,-1.5,-3.0
T_SCCL-4,41,DF,-24.61,-49.22
T_SEEL-1,41,DF,-0.163,-0.326
T_SGRWO-3,41,DF,-0.601,-1.202
T_SGRWO-4,41,DF,-0.506,-1.012
T_SGRWO-5,41,DF,-0.9520000000000001,-1.9040000000000001
T_SGRWO-6,41,DF,-1.453,-2.906
T_SHBA-2,41,DF,-0.234,-0.468
T_SUTB-1,41,DF,-0.4,-0.8
T_SVRP-10,41,DF,-0.3,-0.6
T_SVRP-20,41,DF,-0.25,-0.5
T_TKNEW-1,41,DF,-3.062,-6.124
T_TKNWW-1,41,DF,-0.002,-0.004
T_TORN-D,41,DF,-24.356,-48.712
T_TSREP-1,41,DF,-1.587,-3.174
T_WBURB-41,41,DF,-0.169,-0.338
T_WTMSO-1,41,DF,-1.449,-2.898
T_BPGRD-1,42,DF,-30.398,-60.796
T_CASKD-1,42,DF,-0.22,-0.44
T_CNQPS-1,42,DF,-1.953,-3.906
T_CNQPS-4,42,DF,-2.268,-4.536
T_COSO-1,42,DF,-0.987,-1.974
T_CRGHD-1,42,DF,-0.002,-0.004
T_CRYRW-3,42,DF,-0.059000000000000004,-0.11800000000000001
T_DDGNO-1,42,DF,-0.027,-0.054
T_DDGNO-2,42,DF,-0.20500000000000002,-0.41000000000000003
T_DDGNO-4,42,DF,-0.062,-0.124
T_DIDCB6,42,DF,-0.8,-1.6
T_DINO-3,42,DF,-0.45,-0.9
T_DINO-5,42,DF,-0.65,-1.3
T_DNLWW-1,42,DF,-0.097,-0.194
T_FASN-1,42,DF,-0.003,-0.006
T_FASN-2,42,DF,-0.001,-0.002
T_FERGD-1,42,DF,-0.432,-0.864
T_FERGD-2,42,DF,-0.8250000000000001,-1.6500000000000001
T_FFES-1,42,DF,-0.611,-1.222
T_FFES-3,42,DF,-0.02,-0.04
T_FFES-4,42,DF,-0.81,-1.62
T_FOYED-1,42,DF,-0.314,-0.628
T_GRAI-7,42,DF,-0.3,-0.6
T_GYMRD-16,42,DF,-0.001,-0.002
T_GYMRD-E10,42,DF,-0.001,-0.002
T_GYMRD-E11,42,DF,-0.002,-0.004
T_GYMRD-W10,42,DF,-0.001,-0.002
T_GYMRD-W11,42,DF,-0.005,-0.01
T_HEYM2-D,42,DF,-13.88,-27.76
T_HEYM28,42,DF,-2.18,-4.36
T_HMGTO-1,42,DF,-0.5680000000000001,-1.1360000000000001
T_HMGTO-2,42,DF,-0.588,-1.176
T_HOWAO-1,42,DF,-2.455,-4.91
T_HOWAO-2,42,DF,-1.901,-3.802
T_HOWBO-2,42,DF,-1.379,-2.758
T_HRTL-2,42,DF,-1.6520000000000001,-3.3040000000000003
T_HUMRD-1,42,DF,-24.13,-48.26
T_INDQ-1,42,DF,-1.115,-2.23
T_KEAD-1,42,DF,-0.92,-1.84
T_KEADGT-3,42,DF,-0.08,-0.16
T_KILLPG-1,42,DF,-0.393,-0.786
T_KILLPG-2,42,DF,-0.297,-0.594
T_KTHLW-1,42,DF,-0.009000000000000001,-0.018000000000000002
T_LAGA-1,42,DF,-0.5,-1.0
T_LARYW-3,42,DF,-0.14,-0.28
T_LARYW-4,42,DF,-0.4,-0.8
T_LBAR-1G,42,DF,-0.01,-0.02
T_LNCSW-2,42,DF,-0.01,-0.02
T_MOWEO-1,42,DF,-0.002,-0.004
T_MRWD-1,42,DF,-0.5,-1.0
T_PNYCB-1,42,DF,-0.01,-0.02
T_RCBKO-1,42,DF,-1.256,-2.512
T_RCBKO-2,42,DF,-1.282,-2.564
T_ROCK-1,42,DF,-1.6,-3.2
T_SCCL-4,42,DF,-24.74,-49.48
T_SEEL-1,42,DF,-0.167,-0.334
T_SGRWO-3,42,DF,-0.603,-1.206
T_SGRWO-4,42,DF,-0.516,-1.032
T_SGRWO-5,42,DF,-0.9390000000000001,-1.8780000000000001
T_SGRWO-6,42,DF,-1.433,-2.866
T_SHBA-2,42,DF,-0.232,-0.464
T_SHRSW-1,42,DF,-0.027,-0.054
T_SUTB-1,42,DF,-0.5,-1.0
T_SVRP-10,42,DF,-0.25,-0.5
T_SVRP-20,42,DF,-0.2,-0.4
T_TDBNW-1,42,DF,-0.073,-0.146
T_TKNEW-1,42,DF,-2.854,-5.708
T_TKNWW-1,42,DF,-0.002,-0.004
T_TORN-D,42,DF,-24.38,-48.76
T_TSREP-1,42,DF,-1.566,-3.132
T_WBURB-41,42,DF,-0.182,-0.364
T_WBURB-43,42,DF,-0.031,-0.062
T_WTMSO-1,42,DF,-1.457,-2.914
T_BPGRD-1,43,DF,-30.503,-61.006
T_CASKD-1,43,DF,-0.88,-1.76
T_CNQPS-1,43,DF,-1.953,-3.906
T_CNQPS-4,43,DF,-2.268,-4.536
T_COSO-1,43,DF,-0.989,-1.978
T_CRGHD-1,43,DF,-0.003,-0.006
T_CRYRW-3,43,DF,-0.097,-0.194
T_DDGNO-1,43,DF,-0.076,-0.152
T_DDGNO-2,43,DF,-0.092,-0.184
T_DDGNO-3,43,DF,-0.09,-0.18
T_DDGNO-4,43,DF,-0.10400000000000001,-0.20800000000000002
T_DIDCB6,43,DF,-0.8,-1.6
T_DINO-3,43,DF,-0.5,-1.0
T_DINO-5,43,DF,-0.65,-1.3
T_DNLWW-1,43,DF,-0.098,-0.196
T_FASN-1,43,DF,-0.003,-0.006
T_FASN-2,43,DF,-0.001,-0.002
T_FERGD-1,43,DF,-0.319,-0.638
T_FERGD-2,43,DF,-0.614,-1.228
T_FFES-3,43,DF,-0.01,-0.02
T_FOYE-1,43,DF,-0.3,-0.6
T_FOYED-1,43,DF,-0.34600000000000003,-0.6920000000000001
T_GRAI-7,43,DF,-0.25,-0.5
T_GYMRD-16,43,DF,-0.001,-0.002
T_GYMRD-E11,43,DF,-0.002,-0.004
T_GYMRD-W10,43,DF,-0.001,-0.002
T_GYMRD-W11,43,DF,-0.005,-0.01
T_HEYM2-D,43,DF,-13.92,-27.84
T_HEYM28,43,DF,-2.172,-4.344
T_HMGTO-1,43,DF,-0.465,-0.93
T_HMGTO-2,43,DF,-0.551,-1.102
T_HOWAO-1,43,DF,-1.9020000000000001,-3.8040000000000003
T_HOWAO-2,43,DF,-2.262,-4.524
T_HOWBO-2,43,DF,-0.615,-1.23
T_HRTL-2,43,DF,-1.6560000000000001,-3.3120000000000003
T_HUMRD-1,43,DF,-24.21,-48.42
T_INDQ-1,43,DF,-1.12,-2.24
T_KEAD-1,43,DF,-0.92,-1.84
T_KEADGT-3,43,DF,-0.08,-0.16
T_KILLPG-1,43,DF,-0.393,-0.786
T_KILLPG-2,43,DF,-0.296,-0.592
T_KTHLW-1,43,DF,-0.009000000000000001,-0.018000000000000002
T_LAGA-1,43,DF,-0.5,-1.0
T_LARKS-1,43,DF,-0.07,-0.14
T_LBAR-1G,43,DF,-0.01,-0.02
T_LNCSW-1,43,DF,-0.5640000000000001,-1.1280000000000001
T_LNCSW-2,43,DF,-0.63,-1.26
T_MOWEO-1,43,DF,-0.002,-0.004
T_MRWD-1,43,DF,-0.5,-1.0
T_PNYCB-1,43,DF,-0.01,-0.02
T_RCBKO-1,43,DF,-1.232,-2.464
T_RCBKO-2,43,DF,-1.219,-2.438
T_ROCK-1,43,DF,-1.5,-3.0
T_SCCL-4,43,DF,-24.83,-49.66
T_SEEL-1,43,DF,-0.169,-0.338
T_SGRWO-3,43,DF,-0.591,-1.182
T_SGRWO-4,43,DF,-0.5,-1.0
T_SGRWO-5,43,DF,-0.916,-1.832
T_SGRWO-6,43,DF,-1.413,-2.826
T_SHBA-2,43,DF,-0.233,-0.466
T_SHRSW-1,43,DF,-0.354,-0.708
T_SHRSW-2,43,DF,-0.441,-0.882
T_SUTB-1,43,DF,-0.5,-1.0
T_SVRP-10,43,DF,-0.3,-0.6
T_SVRP-20,43,DF,-0.2,-0.4
T_TDBNW-1,43,DF,-0.062,-0.124
T_TKNEW-1,43,DF,-2.806,-5.612
T_TKNWW-1,43,DF,-0.002,-0.004
T_TORN-D,43,DF,-24.46,-48.92
T_TSREP-1,43,DF,-1.556,-3.112
T_WBURB-41,43,DF,-0.301,-0.602
T_WBURB-43,43,DF,-0.163,-0.326
T_WTMSO-1,43,DF,-1.467,-2.934
T_BPGRD-1,44,DF,-30.105,-60.21
T_CASKD-1,44,DF,-0.54,-1.08
T_CNQPS-1,44,DF,-1.953,-3.906
T_CNQPS-4,44,DF,-2.331,-4.662
T_COSO-1,44,DF,-0.9430000000000001,-1.8860000000000001
T_CRGHD-1,44,DF,-0.002,-0.004
T_CRYRW-3,44,DF,-0.094,-0.188
T_DIDCB6,44,DF,-0.85,-1.7
T_DINO-3,44,DF,-0.5,-1.0
T_DINO-5,44,DF,-0.6,-1.2
T_DNLWW-1,44,DF,-0.012,-0.024
T_EWHLW-1,44,DF,-0.099,-0.198
T_FASN-1,44,DF,-0.003,-0.006
T_FASN-2,44,DF,-0.001,-0.002
T_FERGD-1,44,DF,-0.304,-0.608
T_FERGD-2,44,DF,-0.766,-1.532
T_FFES-1,44,DF,-0.621,-1.242
T_FFES-2,44,DF,-0.021,-0.042
T_FFES-3,44,DF,-0.02,-0.04
T_FFES-4,44,DF,-0.8,-1.6
T_FOYE-1,44,DF,-0.9500000000000001,-1.9000000000000001
T_FOYED-1,44,DF,-0.5,-1.0
T_GRAI-7,44,DF,-0.3,-0.6
T_GYMRD-16,44,DF,-0.001,-0.002
T_GYMRD-E11,44,DF,-0.002,-0.004
T_GYMRD-W11,44,DF,-0.005,-0.01
T_HEYM2-D,44,DF,-13.844,-27.688
T_HEYM28,44,DF,-2.168,-4.336
T_HMGTO-1,44,DF,-0.335,-0.67
T_HMGTO-2,44,DF,-0.44,-0.88
T_HOWAO-2,44,DF,-1.115,-2.23
T_HOWAO-3,44,DF,-0.433,-0.866
T_HRTL-2,44,DF,-1.6800000000000002,-3.3600000000000003
T_HUMRD-1,44,DF,-24.12,-48.24
T_INDQ-1,44,DF,-1.13,-2.26
T_KEAD-1,44,DF,-0.915,-1.83
T_KEADGT-3,44,DF,-0.085,-0.17
T_KILLPG-1,44,DF,-0.398,-0.796
T_KILLPG-2,44,DF,-0.295,-0.59
T_KTHLW-1,44,DF,-0.009000000000000001,-0.018000000000000002
T_LAGA-1,44,DF,-0.5,-1.0
T_LARKS-1,44,DF,-0.085,-0.17
T_LBAR-1G,44,DF,-0.01,-0.02
T_LNCSW-1,44,DF,-0.466,-0.932
T_LNCSW-2,44,DF,-0.514,-1.028
T_MOWEO-1,44,DF,-0.002,-0.004
T_MRWD-1,44,DF,-0.5,-1.0
T_PNYCB-1,44,DF,-0.01,-0.02
T_RCBKO-1,44,DF,-1.22,-2.44
T_RCBKO-2,44,DF,-1.224,-2.448
T_ROCK-1,44,DF,-1.6,-3.2
T_SCCL-4,44,DF,-25.14,-50.28
T_SEEL-1,44,DF,-0.183,-0.366
T_SGRWO-3,44,DF,-0.584,-1.168
T_SGRWO-4,44,DF,-0.497,-0.994
T_SGRWO-5,44,DF,-0.911,-1.822
T_SGRWO-6,44,DF,-1.441,-2.882
T_SHBA-2,44,DF,-0.23500000000000001,-0.47000000000000003
T_SHRSW-1,44,DF,-0.355,-0.71
T_SHRSW-2,44,DF,-0.37,-0.74
T_SUTB-1,44,DF,-0.5,-1.0
T_SVRP-10,44,DF,-0.25,-0.5
T_SVRP-20,44,DF,-0.25,-0.5
T_TKNEW-1,44,DF,-2.7359999999999998,-5.4719999999999995
T_TKNWW-1,44,DF,-0.002,-0.004
T_TORN-D,44,DF,-24.472,-48.944
T_TSREP-1,44,DF,-1.556,-3.112
T_WBURB-41,44,DF,-0.279,-0.558
T_WBURB-43,44,DF,-0.105,-0.21
T_WTMSO-1,44,DF,-1.4889999999999999,-2.9779999999999998
T_BPGRD-1,45,DF,-30.092,-60.184
T_CASKD-1,45,DF,-1.37,-2.74
T_CNQPS-1,45,DF,-1.953,-3.906
T_CNQPS-4,45,DF,-2.268,-4.536
T_COSO-1,45,DF,-1.001,-2.002
T_CRGHD-1,45,DF,-0.003,-0.006
T_CRYRW-3,45,DF,-0.049,-0.098
T_DDGNO-1,45,DF,-0.396,-0.792
T_DDGNO-2,45,DF,-0.46,-0.92
T_DDGNO-3,45,DF,-0.278,-0.556
T_DDGNO-4,45,DF,-0.336,-0.672
T_DIDCB6,45,DF,-0.8,-1.6
T_DINO-3,45,DF,-0.45,-0.9
T_DINO-5,45,DF,-0.7000000000000001,-1.4000000000000001
T_FASN-1,45,DF,-0.003,-0.006
T_FASN-2,45,DF,-0.001,-0.002
T_FERGD-1,45,DF,-0.229,-0.458
T_FERGD-2,45,DF,-0.759,-1.518
T_FFES-2,45,DF,-0.011,-0.022
T_FFES-3,45,DF,-0.01,-0.02
T_FOYE-1,45,DF,-0.9500000000000001,-1.9000000000000001
T_FOYED-1,45,DF,-0.518,-1.036
T_GNFSW-1,45,DF,-0.316,-0.632
T_GNFSW-2,45,DF,-0.179,-0.358
T_GRAI-7,45,DF,-0.25,-0.5
T_GYMRD-16,45,DF,-0.001,-0.002
T_GYMRD-E11,45,DF,-0.002,-0.004
T_GYMRD-W11,45,DF,-0.006,-0.012
T_HEYM2-D,45,DF,-13.828,-27.656
T_HEYM28,45,DF,-2.132,-4.264
T_HMGTO-1,45,DF,-0.33,-0.66
T_HMGTO-2,45,DF,-0.392,-0.784
T_HRTL-2,45,DF,-1.6760000000000002,-3.3520000000000003
T_HUMRD-1,45,DF,-24.04,-48.08
T_INDQ-1,45,DF,-1.125,-2.25
T_KEAD-1,45,DF,-0.92,-1.84
T_KEADGT-3,45,DF,-0.08,-0.16
T_KILLPG-1,45,DF,-0.399,-0.798
T_KILLPG-2,45,DF,-0.295,-0.59
T_LAGA-1,45,DF,-0.4,-0.8
T_LARKS-1,45,DF,-0.05,-0.1
T_LBAR-1G,45,DF,-0.01,-0.02
T_LNCSW-1,45,DF,-0.465,-0.93
T_LNCSW-2,45,DF,-0.487,-0.974
T_MOWEO-1,45,DF,-0.002,-0.004
T_MRWD-1,45,DF,-0.5,-1.0
T_PNYCB-1,45,DF,-0.015,-0.03
T_RCBKO-1,45,DF,-1.197,-2.394
T_RCBKO-2,45,DF,-1.199,-2.398
T_ROCK-1,45,DF,-1.5,-3.0
T_SCCL-4,45,DF,-25.04,-50.08
T_SEEL-1,45,DF,-0.168,-0.336
T_SGRWO-3,45,DF,-0.583,-1.166
T_SGRWO-4,45,DF,-0.493,-0.986
T_SGRWO-5,45,DF,-0.917,-1.834
T_SGRWO-6,45,DF,-1.486,-2.972
T_SHBA-2,45,DF,-0.24,-0.48
T_SHRSW-1,45,DF,-0.446,-0.892
T_SHRSW-2,45,DF,-0.47200000000000003,-0.9440000000000001
T_SUTB-1,45,DF,-0.5,-1.0
T_SVRP-10,45,DF,-0.3,-0.6
T_SVRP-20,45,DF,-0.2,-0.4
T_THNTO-1,45,DF,-0.216,-0.432
T_THNTO-2,45,DF,-0.222,-0.444
T_TKNEW-1,45,DF,-2.711,-5.422
T_TKNWW-1,45,DF,-0.002,-0.004
T_TORN-D,45,DF,-24.448,-48.896
T_TSREP-1,45,DF,-1.536,-3.072
T_WBURB-41,45,DF,-0.11900000000000001,-0.23800000000000002
T_WTMSO-1,45,DF,-1.479,-2.958
T_AKGLW-3,46,DF,-0.151,-0.302
T_BPGRD-1,46,DF,-30.3,-60.6
T_CASKD-1,46,DF,-2.02,-4.04
T_CNQPS-1,46,DF,-1.953,-3.906
T_CNQPS-4,46,DF,-2.268,-4.536
T_COSO-1,46,DF,-0.923,-1.846
T_CRGHD-1,46,DF,-0.003,-0.006
T_CRYRW-3,46,DF,-0.003,-0.006
T_DDGNO-1,46,DF,-0.655,-1.31
T_DDGNO-2,46,DF,-0.5690000000000001,-1.1380000000000001
T_DDGNO-3,46,DF,-0.55,-1.1
T_DDGNO-4,46,DF,-0.624,-1.248
T_DIDCB6,46,DF,-0.85,-1.7
T_DINO-3,46,DF,-0.5,-1.0
T_DINO-5,46,DF,-0.65,-1.3
T_FASN-1,46,DF,-0.003,-0.006
T_FASN-2,46,DF,-0.001,-0.002
T_FERGD-1,46,DF,-0.19,-0.38
T_FERGD-2,46,DF,-0.798,-1.596
T_FFES-1,46,DF,-0.611,-1.222
T_FFES-2,46,DF,-0.021,-0.042
T_FFES-3,46,DF,-0.02,-0.04
T_FFES-4,46,DF,-0.87,-1.74
T_FOYE-1,46,DF,-0.9500000000000001,-1.9000000000000001
T_FOYE-2,46,DF,-0.5,-1.0
T_FOYED-1,46,DF,-0.486,-0.972
T_GNFSW-1,46,DF,-0.046,-0.092
T_GRAI-7,46,DF,-0.3,-0.6
T_GYMRD-16,46,DF,-0.001,-0.002
T_GYMRD-E10,46,DF,-0.001,-0.002
T_GYMRD-E11,46,DF,-0.002,-0.004
T_GYMRD-W11,46,DF,-0.006,-0.012
T_HEYM2-D,46,DF,-13.876,-27.752
T_HEYM28,46,DF,-2.152,-4.304
T_HMGTO-1,46,DF,-0.322,-0.644
T_HMGTO-2,46,DF,-0.383,-0.766
T_HRTL-2,46,DF,-1.6760000000000002,-3.3520000000000003
T_HUMRD-1,46,DF,-24.2,-48.4
T_INDQ-1,46,DF,-1.1400000000000001,-2.2800000000000002
T_KEAD-1,46,DF,-0.97,-1.94
T_KEADGT-3,46,DF,-0.08,-0.16
T_KILLPG-1,46,DF,-0.395,-0.79
T_KILLPG-2,46,DF,-0.293,-0.586
T_KTHLW-1,46,DF,-0.008,-0.016
T_LAGA-1,46,DF,-0.5,-1.0
T_LARKS-1,46,DF,-0.05,-0.1
T_LBAR-1G,46,DF,-0.01,-0.02
T_LNCSW-1,46,DF,-0.47500000000000003,-0.9500000000000001
T_LNCSW-2,46,DF,-0.491,-0.982
T_MOWEO-1,46,DF,-0.002,-0.004
T_MRWD-1,46,DF,-0.5,-1.0
T_PNYCB-1,46,DF,-0.01,-0.02
T_RCBKO-1,46,DF,-1.237,-2.474
T_RCBKO-2,46,DF,-1.155,-2.31
T_ROCK-1,46,DF,-1.6,-3.2
T_SCCL-4,46,DF,-25.02,-50.04
T_SEEL-1,46,DF,-0.168,-0.336
T_SGRWO-3,46,DF,-0.58,-1.16
T_SGRWO-4,46,DF,-0.491,-0.982
T_SGRWO-5,46,DF,-0.911,-1.822
T_SGRWO-6,46,DF,-1.49,-2.98
T_SHBA-2,46,DF,-0.23800000000000002,-0.47600000000000003
T_SHRSW-1,46,DF,-0.40800000000000003,-0.8160000000000001
T_SHRSW-2,46,DF,-0.40700000000000003,-0.8140000000000001
T_SUTB-1,46,DF,-0.5,-1.0
T_SVRP-10,46,DF,-0.25,-0.5
T_SVRP-20,46,DF,-0.2,-0.4
T_THNTO-1,46,DF,-0.446,-0.892
T_THNTO-2,46,DF,-0.394,-0.788
T_TKNEW-1,46,DF,-2.729,-5.458
T_TKNWW-1,46,DF,-0.002,-0.004
T_TORN-D,46,DF,-24.556,-49.112
T_TSREP-1,46,DF,-1.526,-3.052
T_WBURB-41,46,DF,-0.299,-0.598
T_WBURB-43,46,DF,-0.35000000000000003,-0.7000000000000001
T_WTMSO-1,46,DF,-1.4889999999999999,-2.9779999999999998
T_BPGRD-1,47,DF,-30.451,-60.902
T_CASKD-1,47,DF,-1.5899999999999999,-3.1799999999999997
T_CNQPS-1,47,DF,-1.953,-3.906
T_CNQPS-4,47,DF,-2.268,-4.536
T_COSO-1,47,DF,-0.984,-1.968
T_CRGHD-1,47,DF,-0.003,-0.006
T_CRYRW-3,47,DF,-0.039,-0.078
T_DDGNO-1,47,DF,-0.654,-1.308
T_DDGNO-2,47,DF,-0.5740000000000001,-1.1480000000000001
T_DDGNO-3,47,DF,-0.548,-1.096
T_DDGNO-4,47,DF,-0.627,-1.254
T_DIDCB6,47,DF,-0.8,-1.6
T_DINO-3,47,DF,-0.5,-1.0
T_DINO-5,47,DF,-0.6,-1.2
T_EWHLW-1,47,DF,-0.09,-0.18
T_FASN-1,47,DF,-0.003,-0.006
T_FASN-2,47,DF,-0.001,-0.002
T_FERGD-1,47,DF,-0.227,-0.454
T_FERGD-2,47,DF,-0.974,-1.948
T_FFES-1,47,DF,-0.611,-1.222
T_FFES-2,47,DF,-0.011,-0.022
T_FFES-3,47,DF,-0.01,-0.02
T_FFES-4,47,DF,-0.8,-1.6
T_FOYE-1,47,DF,-1.0,-2.0
T_FOYED-1,47,DF,-0.492,-0.984
T_GRAI-7,47,DF,-0.25,-0.5
T_GYMRD-16,47,DF,-0.001,-0.002
T_GYMRD-E11,47,DF,-0.002,-0.004
T_GYMRD-W11,47,DF,-0.006,-0.012
T_HEYM2-D,47,DF,-13.876,-27.752
T_HEYM28,47,DF,-2.188,-4.376
T_HMGTO-1,47,DF,-0.326,-0.652
T_HMGTO-2,47,DF,-0.385,-0.77
T_HRTL-2,47,DF,-1.704,-3.408
T_HUMRD-1,47,DF,-24.08,-48.16
T_INDQ-1,47,DF,-1.15,-2.3
T_KEAD-1,47,DF,-0.92,-1.84
T_KEADGT-3,47,DF,-0.08,-0.16
T_KILLPG-1,47,DF,-0.396,-0.792
T_KILLPG-2,47,DF,-0.293,-0.586
T_KTHLW-1,47,DF,-0.009000000000000001,-0.018000000000000002
T_LAGA-1,47,DF,-0.4,-0.8
T_LARKS-1,47,DF,-0.045,-0.09
T_LBAR-1G,47,DF,-0.01,-0.02
T_LNCSW-1,47,DF,-0.466,-0.932
T_LNCSW-2,47,DF,-0.49,-0.98
T_MOWEO-1,47,DF,-0.002,-0.004
T_MRWD-1,47,DF,-0.5,-1.0
T_PNYCB-1,47,DF,-0.01,-0.02
T_RCBKO-1,47,DF,-1.267,-2.534
T_RCBKO-2,47,DF,-1.189,-2.378
T_ROCK-1,47,DF,-1.6,-3.2
T_SCCL-4,47,DF,-24.97,-49.94
T_SEEL-1,47,DF,-0.169,-0.338
T_SGRWO-3,47,DF,-0.582,-1.164
T_SGRWO-4,47,DF,-0.493,-0.986
T_SGRWO-5,47,DF,-0.921,-1.842
T_SGRWO-6,47,DF,-1.491,-2.982
T_SHBA-2,47,DF,-0.24,-0.48
T_SHRSW-1,47,DF,-0.388,-0.776
T_SHRSW-2,47,DF,-0.364,-0.728
T_SUTB-1,47,DF,-0.5,-1.0
T_SVRP-10,47,DF,-0.3,-0.6
T_SVRP-20,47,DF,-0.2,-0.4
T_THNTO-1,47,DF,-0.462,-0.924
T_THNTO-2,47,DF,-0.463,-0.926
T_TKNEW-1,47,DF,-2.682,-5.364
T_TKNWW-1,47,DF,-0.002,-0.004
T_TORN-D,47,DF,-24.532,-49.064
T_TSREP-1,47,DF,-1.5310000000000001,-3.0620000000000003
T_WBURB-41,47,DF,-0.093,-0.186
T_WBURB-43,47,DF,-0.661,-1.322
T_WTMSO-1,47,DF,-1.499,-2.998
T_AKGLW-3,48,DF,-0.059000000000000004,-0.11800000000000001
T_BPGRD-1,48,DF,-30.202,-60.404
T_CASKD-1,48,DF,-1.42,-2.84
T_CNQPS-1,48,DF,-2.016,-4.032
T_CNQPS-4,48,DF,-2.268,-4.536
T_COSO-1,48,DF,-0.996,-1.992
T_CRGHD-1,48,DF,-0.003,-0.006
T_CRYRW-3,48,DF,-0.095,-0.19
T_DDGNO-1,48,DF,-0.54,-1.08
T_DDGNO-2,48,DF,-0.522,-1.044
T_DDGNO-3,48,DF,-0.446,-0.892
T_DDGNO-4,48,DF,-0.5630000000000001,-1.1260000000000001
T_DIDCB6,48,DF,-0.85,-1.7
T_DINO-3,48,DF,-0.45,-0.9
T_DINO-5,48,DF,-0.65,-1.3
T_EWHLW-1,48,DF,-0.1,-0.2
T_FASN-1,48,DF,-0.003,-0.006
T_FASN-2,48,DF,-0.001,-0.002
T_FERGD-1,48,DF,-0.084,-0.168
T_FERGD-2,48,DF,-0.998,-1.996
T_FFES-2,48,DF,-0.021,-0.042
T_FFES-3,48,DF,-0.02,-0.04
T_FFES-4,48,DF,-0.8,-1.6
T_FOYE-1,48,DF,-0.9500000000000001,-1.9000000000000001
T_FOYE-2,48,DF,-1.05,-2.1
T_FOYED-1,48,DF,-0.501,-1.002
T_GRAI-7,48,DF,-0.3,-0.6
T_GYMRD-16,48,DF,-0.001,-0.002
T_GYMRD-E11,48,DF,-0.002,-0.004
T_GYMRD-W11,48,DF,-0.005,-0.01
T_HEYM2-D,48,DF,-13.824,-27.648
T_HEYM28,48,DF,-2.156,-4.312
T_HMGTO-1,48,DF,-0.326,-0.652
T_HMGTO-2,48,DF,-0.382,-0.764
T_HRTL-2,48,DF,-1.6920000000000002,-3.3840000000000003
T_HUMRD-1,48,DF,-23.89,-47.78
T_INDQ-1,48,DF,-1.155,-2.31
T_KEAD-1,48,DF,-0.92,-1.84
T_KEADGT-3,48,DF,-0.08,-0.16
T_KILLPG-1,48,DF,-0.393,-0.786
T_KILLPG-2,48,DF,-0.292,-0.584
T_KTHLW-1,48,DF,-0.005,-0.01
T_LAGA-1,48,DF,-0.5,-1.0
T_LARKS-1,48,DF,-0.05,-0.1
T_LBAR-1G,48,DF,-0.01,-0.02
T_LNCSW-1,48,DF,-0.466,-0.932
T_LNCSW-2,48,DF,-0.488,-0.976
T_MOWEO-1,48,DF,-0.002,-0.004
T_MRWD-1,48,DF,-0.5,-1.0
T_PNYCB-1,48,DF,-0.01,-0.02
T_RCBKO-1,48,DF,-1.287,-2.574
T_RCBKO-2,48,DF,-1.23,-2.46
T_ROCK-1,48,DF,-1.5,-3.0
T_SCCL-4,48,DF,-24.89,-49.78
T_SEEL-1,48,DF,-0.17300000000000001,-0.34600000000000003
T_SGRWO-3,48,DF,-0.582,-1.164
T_SGRWO-4,48,DF,-0.494,-0.988
T_SGRWO-5,48,DF,-0.912,-1.824
T_SGRWO-6,48,DF,-1.486,-2.972
T_SHBA-2,48,DF,-0.24,-0.48
T_SHRSW-1,48,DF,-0.386,-0.772
T_SHRSW-2,48,DF,-0.364,-0.728
T_SUTB-1,48,DF,-0.5,-1.0
T_SVRP-10,48,DF,-0.25,-0.5
T_SVRP-20,48,DF,-0.2,-0.4
T_THNTO-1,48,DF,-0.459,-0.918
T_THNTO-2,48,DF,-0.46,-0.92
T_TKNEW-1,48,DF,-2.642,-5.284
T_TKNWW-1,48,DF,-0.002,-0.004
T_TORN-D,48,DF,-24.452,-48.904
T_TSREP-1,48,DF,-1.521,-3.042
T_WBURB-43,48,DF,-0.367,-0.734
T_WTMSO-1,48,DF,-1.5,-3.0
